<?xml version="1.0" encoding="UTF-8" standalone="yes"?>
<gpx version="1.1" creator="outdooractive - http://www.outdooractive.com" xmlns="http://www.topografix.com/GPX/1/1" xmlns:oa="http://www.outdooractive.com/GPX/Extensions/1" xmlns:xsi="http://www.w3.org/2001/XMLSchema-instance" xsi:schemaLocation="http://www.topografix.com/GPX/1/1 http://www.topografix.com/GPX/1/1/gpx.xsd http://www.outdooractive.com/GPX/Extensions/1 https://www.outdooractive.com/schema/gpx_extensions.xsd">
  <metadata>
    <name>MRW-UTMB 100 M</name>
    <author>
      <name>Franco Collé - Community</name>
    </author>
    <link href="https://www.outdooractive.com/r/285619811"/>
    <time>2026-07-12T08:42:42.185Z</time>
    <extensions>
      <oa:oaCategory>hikingTourTrail</oa:oaCategory>
    </extensions>
  </metadata>
  <trk>
    <name>MRW-UTMB 100 M</name>
    <desc>mrw utmb</desc>
    <type>hikingTourTrail</type>
    <trkseg>
      <trkpt lat="45.736759" lon="7.320821">
        <ele>581.0</ele>
        <name>Ottica Rosa, Aosta - Aoste</name>
        <extensions>
          <oa:Extension>
            <oa:mapZoom>18</oa:mapZoom>
          </oa:Extension>
        </extensions>
      </trkpt>
      <trkpt lat="45.736863" lon="7.320754">
        <ele>581.3</ele>
      </trkpt>
      <trkpt lat="45.737132" lon="7.320582">
        <ele>581.9</ele>
      </trkpt>
      <trkpt lat="45.737205" lon="7.320538">
        <ele>582.0</ele>
      </trkpt>
      <trkpt lat="45.737312" lon="7.320868">
        <ele>582.3</ele>
      </trkpt>
      <trkpt lat="45.737395" lon="7.32122">
        <ele>582.8</ele>
      </trkpt>
      <trkpt lat="45.737412" lon="7.321312">
        <ele>582.8</ele>
      </trkpt>
      <trkpt lat="45.737462" lon="7.321524">
        <ele>583.0</ele>
      </trkpt>
      <trkpt lat="45.737621" lon="7.322085">
        <ele>583.2</ele>
      </trkpt>
      <trkpt lat="45.737696" lon="7.322312">
        <ele>583.6</ele>
      </trkpt>
      <trkpt lat="45.737738" lon="7.322462">
        <ele>583.9</ele>
      </trkpt>
      <trkpt lat="45.737777" lon="7.3226">
        <ele>584.0</ele>
        <name>45.737777,7.322600</name>
        <extensions>
          <oa:Extension>
            <oa:mapZoom>16</oa:mapZoom>
          </oa:Extension>
        </extensions>
      </trkpt>
      <trkpt lat="45.737796" lon="7.322666">
        <ele>584.0</ele>
      </trkpt>
      <trkpt lat="45.737825" lon="7.322763">
        <ele>584.1</ele>
      </trkpt>
      <trkpt lat="45.737875" lon="7.32293">
        <ele>584.2</ele>
      </trkpt>
      <trkpt lat="45.737905" lon="7.323062">
        <ele>584.4</ele>
      </trkpt>
      <trkpt lat="45.737927" lon="7.32316">
        <ele>584.5</ele>
      </trkpt>
      <trkpt lat="45.737862" lon="7.323199">
        <ele>584.3</ele>
      </trkpt>
      <trkpt lat="45.737884" lon="7.323275">
        <ele>583.9</ele>
      </trkpt>
      <trkpt lat="45.737895" lon="7.323318">
        <ele>583.8</ele>
      </trkpt>
      <trkpt lat="45.737911" lon="7.323376">
        <ele>583.7</ele>
      </trkpt>
      <trkpt lat="45.737946" lon="7.323503">
        <ele>583.9</ele>
      </trkpt>
      <trkpt lat="45.737964" lon="7.32357">
        <ele>584.0</ele>
      </trkpt>
      <trkpt lat="45.737977" lon="7.323615">
        <ele>584.0</ele>
      </trkpt>
      <trkpt lat="45.738036" lon="7.323588">
        <ele>584.1</ele>
      </trkpt>
      <trkpt lat="45.738088" lon="7.323705">
        <ele>584.1</ele>
      </trkpt>
      <trkpt lat="45.738133" lon="7.323831">
        <ele>584.2</ele>
      </trkpt>
      <trkpt lat="45.73818" lon="7.323992">
        <ele>584.2</ele>
      </trkpt>
      <trkpt lat="45.738305" lon="7.324482">
        <ele>584.2</ele>
      </trkpt>
      <trkpt lat="45.738347" lon="7.32466">
        <ele>584.3</ele>
      </trkpt>
      <trkpt lat="45.738381" lon="7.324793">
        <ele>584.4</ele>
      </trkpt>
      <trkpt lat="45.73843" lon="7.32498">
        <ele>584.4</ele>
      </trkpt>
      <trkpt lat="45.738454" lon="7.325088">
        <ele>584.3</ele>
        <name>45.738454,7.325088</name>
        <extensions>
          <oa:Extension>
            <oa:mapZoom>16</oa:mapZoom>
          </oa:Extension>
        </extensions>
      </trkpt>
      <trkpt lat="45.738481" lon="7.325211">
        <ele>584.3</ele>
      </trkpt>
      <trkpt lat="45.738573" lon="7.325618">
        <ele>584.1</ele>
      </trkpt>
      <trkpt lat="45.738709" lon="7.326136">
        <ele>583.4</ele>
      </trkpt>
      <trkpt lat="45.738726" lon="7.326208">
        <ele>583.4</ele>
      </trkpt>
      <trkpt lat="45.73876" lon="7.326352">
        <ele>583.4</ele>
      </trkpt>
      <trkpt lat="45.738777" lon="7.326415">
        <ele>583.3</ele>
      </trkpt>
      <trkpt lat="45.738797" lon="7.326486">
        <ele>583.3</ele>
      </trkpt>
      <trkpt lat="45.738859" lon="7.3267">
        <ele>583.0</ele>
      </trkpt>
      <trkpt lat="45.738893" lon="7.326819">
        <ele>582.9</ele>
      </trkpt>
      <trkpt lat="45.738955" lon="7.327036">
        <ele>582.5</ele>
        <name>45.738955,7.327036</name>
        <extensions>
          <oa:Extension>
            <oa:mapZoom>18</oa:mapZoom>
          </oa:Extension>
        </extensions>
      </trkpt>
      <trkpt lat="45.738963" lon="7.327063">
        <ele>582.4</ele>
      </trkpt>
      <trkpt lat="45.739009" lon="7.327195">
        <ele>582.4</ele>
      </trkpt>
      <trkpt lat="45.739093" lon="7.327455">
        <ele>582.4</ele>
      </trkpt>
      <trkpt lat="45.73912" lon="7.327564">
        <ele>582.2</ele>
      </trkpt>
      <trkpt lat="45.739165" lon="7.327567">
        <ele>582.2</ele>
      </trkpt>
      <trkpt lat="45.739211" lon="7.327571">
        <ele>582.2</ele>
      </trkpt>
      <trkpt lat="45.739244" lon="7.327584">
        <ele>582.1</ele>
      </trkpt>
      <trkpt lat="45.739281" lon="7.327605">
        <ele>582.1</ele>
      </trkpt>
      <trkpt lat="45.739307" lon="7.327631">
        <ele>582.1</ele>
      </trkpt>
      <trkpt lat="45.739316" lon="7.327639">
        <ele>582.1</ele>
      </trkpt>
      <trkpt lat="45.739344" lon="7.327688">
        <ele>582.1</ele>
      </trkpt>
      <trkpt lat="45.739365" lon="7.327741">
        <ele>582.0</ele>
      </trkpt>
      <trkpt lat="45.739389" lon="7.327808">
        <ele>581.8</ele>
      </trkpt>
      <trkpt lat="45.739408" lon="7.327882">
        <ele>581.5</ele>
      </trkpt>
      <trkpt lat="45.73942" lon="7.32793">
        <ele>581.3</ele>
      </trkpt>
      <trkpt lat="45.739429" lon="7.327961">
        <ele>581.3</ele>
      </trkpt>
      <trkpt lat="45.739437" lon="7.327987">
        <ele>581.3</ele>
      </trkpt>
      <trkpt lat="45.739444" lon="7.328102">
        <ele>581.4</ele>
      </trkpt>
      <trkpt lat="45.73944" lon="7.328157">
        <ele>581.5</ele>
      </trkpt>
      <trkpt lat="45.739434" lon="7.328203">
        <ele>581.6</ele>
      </trkpt>
      <trkpt lat="45.739433" lon="7.328216">
        <ele>581.6</ele>
      </trkpt>
      <trkpt lat="45.739429" lon="7.328236">
        <ele>581.6</ele>
      </trkpt>
      <trkpt lat="45.739419" lon="7.328271">
        <ele>581.5</ele>
      </trkpt>
      <trkpt lat="45.73941" lon="7.328291">
        <ele>581.5</ele>
      </trkpt>
      <trkpt lat="45.739491" lon="7.328193">
        <ele>581.6</ele>
        <name>45.739484,7.328181</name>
        <extensions>
          <oa:Extension>
            <oa:mapZoom>18</oa:mapZoom>
          </oa:Extension>
        </extensions>
      </trkpt>
      <trkpt lat="45.73941" lon="7.328291">
        <ele>581.5</ele>
      </trkpt>
      <trkpt lat="45.739422" lon="7.328367">
        <ele>581.3</ele>
      </trkpt>
      <trkpt lat="45.739446" lon="7.328463">
        <ele>580.4</ele>
      </trkpt>
      <trkpt lat="45.739447" lon="7.328464">
        <ele>580.4</ele>
      </trkpt>
      <trkpt lat="45.739563" lon="7.328852">
        <ele>579.5</ele>
      </trkpt>
      <trkpt lat="45.739576" lon="7.328845">
        <ele>579.8</ele>
      </trkpt>
      <trkpt lat="45.739595" lon="7.328826">
        <ele>580.1</ele>
      </trkpt>
      <trkpt lat="45.739627" lon="7.328988">
        <ele>581.1</ele>
      </trkpt>
      <trkpt lat="45.73959" lon="7.329022">
        <ele>581.3</ele>
      </trkpt>
      <trkpt lat="45.739594" lon="7.329061">
        <ele>581.3</ele>
      </trkpt>
      <trkpt lat="45.739609" lon="7.329117">
        <ele>581.1</ele>
      </trkpt>
      <trkpt lat="45.739632" lon="7.329215">
        <ele>580.7</ele>
      </trkpt>
      <trkpt lat="45.739657" lon="7.329316">
        <ele>580.6</ele>
      </trkpt>
      <trkpt lat="45.739615" lon="7.329338">
        <ele>580.8</ele>
      </trkpt>
      <trkpt lat="45.739644" lon="7.329422">
        <ele>580.9</ele>
      </trkpt>
      <trkpt lat="45.739727" lon="7.329733">
        <ele>580.4</ele>
      </trkpt>
      <trkpt lat="45.739733" lon="7.32976">
        <ele>580.3</ele>
      </trkpt>
      <trkpt lat="45.739792" lon="7.330013">
        <ele>579.1</ele>
      </trkpt>
      <trkpt lat="45.739817" lon="7.330144">
        <ele>580.0</ele>
        <name>Via Ponte Romano, Aosta - Aoste</name>
        <extensions>
          <oa:Extension>
            <oa:mapZoom>18</oa:mapZoom>
          </oa:Extension>
        </extensions>
      </trkpt>
      <trkpt lat="45.73983" lon="7.330211">
        <ele>580.5</ele>
      </trkpt>
      <trkpt lat="45.739853" lon="7.3302">
        <ele>580.8</ele>
      </trkpt>
      <trkpt lat="45.740145" lon="7.33013">
        <ele>582.2</ele>
      </trkpt>
      <trkpt lat="45.740337" lon="7.32995">
        <ele>583.1</ele>
      </trkpt>
      <trkpt lat="45.740603" lon="7.329789">
        <ele>584.2</ele>
        <name>Panza Chijna, Aosta - Aoste</name>
        <extensions>
          <oa:Extension>
            <oa:mapZoom>18</oa:mapZoom>
          </oa:Extension>
        </extensions>
      </trkpt>
      <trkpt lat="45.740686" lon="7.329739">
        <ele>584.6</ele>
      </trkpt>
      <trkpt lat="45.74082" lon="7.329655">
        <ele>585.0</ele>
      </trkpt>
      <trkpt lat="45.740983" lon="7.329659">
        <ele>585.3</ele>
      </trkpt>
      <trkpt lat="45.741129" lon="7.329721">
        <ele>585.8</ele>
      </trkpt>
      <trkpt lat="45.741174" lon="7.329718">
        <ele>586.2</ele>
      </trkpt>
      <trkpt lat="45.741208" lon="7.329707">
        <ele>586.5</ele>
      </trkpt>
      <trkpt lat="45.741235" lon="7.329725">
        <ele>587.0</ele>
      </trkpt>
      <trkpt lat="45.741183" lon="7.329908">
        <ele>588.1</ele>
        <name>Via / Rue des Seigneurs de Quart, Aosta - Aoste</name>
        <extensions>
          <oa:Extension>
            <oa:mapZoom>17</oa:mapZoom>
          </oa:Extension>
        </extensions>
      </trkpt>
      <trkpt lat="45.741123" lon="7.330116">
        <ele>589.4</ele>
      </trkpt>
      <trkpt lat="45.741019" lon="7.330479">
        <ele>592.1</ele>
      </trkpt>
      <trkpt lat="45.740896" lon="7.330913">
        <ele>595.7</ele>
      </trkpt>
      <trkpt lat="45.740773" lon="7.331346">
        <ele>594.1</ele>
      </trkpt>
      <trkpt lat="45.740626" lon="7.331951">
        <ele>594.5</ele>
      </trkpt>
      <trkpt lat="45.740579" lon="7.332335">
        <ele>593.9</ele>
        <name>Via Roma, Aosta - Aoste</name>
        <extensions>
          <oa:locType>routingNode</oa:locType>
          <oa:Extension>
            <oa:mapZoom>18</oa:mapZoom>
          </oa:Extension>
        </extensions>
      </trkpt>
      <trkpt lat="45.740576" lon="7.332359">
        <ele>593.9</ele>
      </trkpt>
      <trkpt lat="45.740569" lon="7.332481">
        <ele>593.1</ele>
      </trkpt>
      <trkpt lat="45.740626" lon="7.332486">
        <ele>594.7</ele>
      </trkpt>
      <trkpt lat="45.74063" lon="7.332564">
        <ele>595.0</ele>
      </trkpt>
      <trkpt lat="45.740631" lon="7.332761">
        <ele>596.3</ele>
      </trkpt>
      <trkpt lat="45.740652" lon="7.332926">
        <ele>597.6</ele>
      </trkpt>
      <trkpt lat="45.740675" lon="7.332992">
        <ele>598.4</ele>
      </trkpt>
      <trkpt lat="45.740698" lon="7.333061">
        <ele>598.6</ele>
      </trkpt>
      <trkpt lat="45.740751" lon="7.333119">
        <ele>599.5</ele>
      </trkpt>
      <trkpt lat="45.740781" lon="7.333109">
        <ele>600.7</ele>
      </trkpt>
      <trkpt lat="45.740801" lon="7.333063">
        <ele>602.5</ele>
      </trkpt>
      <trkpt lat="45.740803" lon="7.333">
        <ele>603.6</ele>
      </trkpt>
      <trkpt lat="45.740804" lon="7.332955">
        <ele>604.0</ele>
        <name>Via Villa Chicco, Aosta</name>
        <extensions>
          <oa:locType>routingNode</oa:locType>
          <oa:Extension>
            <oa:mapZoom>18</oa:mapZoom>
          </oa:Extension>
        </extensions>
      </trkpt>
      <trkpt lat="45.740805" lon="7.332906">
        <ele>604.5</ele>
      </trkpt>
      <trkpt lat="45.74082" lon="7.332874">
        <ele>605.3</ele>
      </trkpt>
      <trkpt lat="45.740844" lon="7.332879">
        <ele>606.2</ele>
      </trkpt>
      <trkpt lat="45.740856" lon="7.332919">
        <ele>606.4</ele>
      </trkpt>
      <trkpt lat="45.740866" lon="7.332979">
        <ele>606.1</ele>
      </trkpt>
      <trkpt lat="45.740891" lon="7.333001">
        <ele>606.6</ele>
      </trkpt>
      <trkpt lat="45.741027" lon="7.333007">
        <ele>610.0</ele>
      </trkpt>
      <trkpt lat="45.741186" lon="7.333025">
        <ele>612.5</ele>
        <name>Via Villa Chicco, Aosta</name>
        <extensions>
          <oa:locType>routingNode</oa:locType>
          <oa:Extension>
            <oa:mapZoom>18</oa:mapZoom>
          </oa:Extension>
        </extensions>
      </trkpt>
      <trkpt lat="45.741206" lon="7.333028">
        <ele>612.8</ele>
      </trkpt>
      <trkpt lat="45.741273" lon="7.333033">
        <ele>614.1</ele>
      </trkpt>
      <trkpt lat="45.741307" lon="7.333038">
        <ele>614.7</ele>
      </trkpt>
      <trkpt lat="45.74135" lon="7.333084">
        <ele>615.2</ele>
      </trkpt>
      <trkpt lat="45.741419" lon="7.333182">
        <ele>616.4</ele>
      </trkpt>
      <trkpt lat="45.741459" lon="7.333213">
        <ele>617.7</ele>
      </trkpt>
      <trkpt lat="45.741499" lon="7.33323">
        <ele>618.9</ele>
      </trkpt>
      <trkpt lat="45.741622" lon="7.333289">
        <ele>621.9</ele>
      </trkpt>
      <trkpt lat="45.741676" lon="7.333311">
        <ele>622.9</ele>
      </trkpt>
      <trkpt lat="45.741945" lon="7.333422">
        <ele>627.4</ele>
      </trkpt>
      <trkpt lat="45.741992" lon="7.333233">
        <ele>628.4</ele>
      </trkpt>
      <trkpt lat="45.742031" lon="7.333233">
        <ele>629.3</ele>
      </trkpt>
      <trkpt lat="45.74206" lon="7.333388">
        <ele>629.9</ele>
      </trkpt>
      <trkpt lat="45.742287" lon="7.333358">
        <ele>633.2</ele>
      </trkpt>
      <trkpt lat="45.742357" lon="7.333345">
        <ele>633.7</ele>
      </trkpt>
      <trkpt lat="45.742493" lon="7.333319">
        <ele>634.6</ele>
      </trkpt>
      <trkpt lat="45.742801" lon="7.333274">
        <ele>635.9</ele>
      </trkpt>
      <trkpt lat="45.743039" lon="7.333257">
        <ele>636.9</ele>
      </trkpt>
      <trkpt lat="45.743277" lon="7.333241">
        <ele>638.9</ele>
      </trkpt>
      <trkpt lat="45.743525" lon="7.333251">
        <ele>641.4</ele>
      </trkpt>
      <trkpt lat="45.743766" lon="7.333312">
        <ele>643.4</ele>
      </trkpt>
      <trkpt lat="45.744181" lon="7.333345">
        <ele>648.2</ele>
      </trkpt>
      <trkpt lat="45.744499" lon="7.333338">
        <ele>653.3</ele>
      </trkpt>
      <trkpt lat="45.744759" lon="7.33336">
        <ele>659.0</ele>
      </trkpt>
      <trkpt lat="45.744802" lon="7.333356">
        <ele>659.9</ele>
      </trkpt>
      <trkpt lat="45.744837" lon="7.333386">
        <ele>660.9</ele>
      </trkpt>
      <trkpt lat="45.745015" lon="7.333303">
        <ele>663.8</ele>
      </trkpt>
      <trkpt lat="45.745095" lon="7.333285">
        <ele>664.9</ele>
      </trkpt>
      <trkpt lat="45.745183" lon="7.333278">
        <ele>665.7</ele>
      </trkpt>
      <trkpt lat="45.745457" lon="7.333292">
        <ele>667.6</ele>
      </trkpt>
      <trkpt lat="45.745599" lon="7.333366">
        <ele>670.3</ele>
      </trkpt>
      <trkpt lat="45.745719" lon="7.333457">
        <ele>672.9</ele>
      </trkpt>
      <trkpt lat="45.745791" lon="7.333569">
        <ele>674.9</ele>
      </trkpt>
      <trkpt lat="45.745855" lon="7.333676">
        <ele>676.9</ele>
      </trkpt>
      <trkpt lat="45.745929" lon="7.333777">
        <ele>679.4</ele>
      </trkpt>
      <trkpt lat="45.745988" lon="7.333838">
        <ele>681.1</ele>
      </trkpt>
      <trkpt lat="45.746079" lon="7.333877">
        <ele>682.6</ele>
      </trkpt>
      <trkpt lat="45.746133" lon="7.333938">
        <ele>683.3</ele>
      </trkpt>
      <trkpt lat="45.746177" lon="7.334029">
        <ele>684.1</ele>
      </trkpt>
      <trkpt lat="45.746221" lon="7.334051">
        <ele>684.4</ele>
      </trkpt>
      <trkpt lat="45.746398" lon="7.33404">
        <ele>684.9</ele>
      </trkpt>
      <trkpt lat="45.746576" lon="7.334006">
        <ele>685.2</ele>
      </trkpt>
      <trkpt lat="45.746768" lon="7.333952">
        <ele>685.6</ele>
      </trkpt>
      <trkpt lat="45.74703" lon="7.333844">
        <ele>687.7</ele>
      </trkpt>
      <trkpt lat="45.747293" lon="7.333736">
        <ele>691.6</ele>
      </trkpt>
      <trkpt lat="45.74733" lon="7.333741">
        <ele>692.7</ele>
      </trkpt>
      <trkpt lat="45.747353" lon="7.333777">
        <ele>693.6</ele>
      </trkpt>
      <trkpt lat="45.747378" lon="7.333826">
        <ele>694.6</ele>
      </trkpt>
      <trkpt lat="45.74742" lon="7.33407">
        <ele>696.5</ele>
      </trkpt>
      <trkpt lat="45.747475" lon="7.334233">
        <ele>698.9</ele>
      </trkpt>
      <trkpt lat="45.747507" lon="7.334284">
        <ele>700.1</ele>
      </trkpt>
      <trkpt lat="45.747556" lon="7.334222">
        <ele>701.1</ele>
      </trkpt>
      <trkpt lat="45.74774" lon="7.333922">
        <ele>704.0</ele>
      </trkpt>
      <trkpt lat="45.74779" lon="7.33384">
        <ele>705.1</ele>
      </trkpt>
      <trkpt lat="45.747878" lon="7.33368">
        <ele>708.2</ele>
      </trkpt>
      <trkpt lat="45.747949" lon="7.333506">
        <ele>710.3</ele>
      </trkpt>
      <trkpt lat="45.748054" lon="7.332937">
        <ele>716.6</ele>
      </trkpt>
      <trkpt lat="45.74807" lon="7.332806">
        <ele>717.9</ele>
      </trkpt>
      <trkpt lat="45.748139" lon="7.332827">
        <ele>720.5</ele>
      </trkpt>
      <trkpt lat="45.748211" lon="7.332783">
        <ele>723.6</ele>
      </trkpt>
      <trkpt lat="45.748262" lon="7.33278">
        <ele>725.9</ele>
      </trkpt>
      <trkpt lat="45.748283" lon="7.33279">
        <ele>726.9</ele>
      </trkpt>
      <trkpt lat="45.748324" lon="7.33279">
        <ele>728.9</ele>
      </trkpt>
      <trkpt lat="45.748379" lon="7.332776">
        <ele>731.6</ele>
      </trkpt>
      <trkpt lat="45.74843" lon="7.332737">
        <ele>734.5</ele>
        <name>45.748430,7.332737</name>
        <extensions>
          <oa:Extension>
            <oa:mapZoom>16</oa:mapZoom>
          </oa:Extension>
        </extensions>
      </trkpt>
      <trkpt lat="45.748467" lon="7.332709">
        <ele>736.0</ele>
      </trkpt>
      <trkpt lat="45.748522" lon="7.332648">
        <ele>737.7</ele>
      </trkpt>
      <trkpt lat="45.748568" lon="7.332598">
        <ele>739.3</ele>
      </trkpt>
      <trkpt lat="45.748628" lon="7.332542">
        <ele>742.1</ele>
      </trkpt>
      <trkpt lat="45.748703" lon="7.332375">
        <ele>743.0</ele>
      </trkpt>
      <trkpt lat="45.748817" lon="7.332185">
        <ele>745.2</ele>
      </trkpt>
      <trkpt lat="45.748922" lon="7.331917">
        <ele>745.3</ele>
      </trkpt>
      <trkpt lat="45.749042" lon="7.331725">
        <ele>748.6</ele>
      </trkpt>
      <trkpt lat="45.74909" lon="7.331491">
        <ele>745.7</ele>
      </trkpt>
      <trkpt lat="45.749248" lon="7.331169">
        <ele>746.4</ele>
      </trkpt>
      <trkpt lat="45.749287" lon="7.331051">
        <ele>746.6</ele>
      </trkpt>
      <trkpt lat="45.749328" lon="7.330839">
        <ele>746.2</ele>
      </trkpt>
      <trkpt lat="45.749392" lon="7.330729">
        <ele>746.9</ele>
      </trkpt>
      <trkpt lat="45.749474" lon="7.330584">
        <ele>747.1</ele>
      </trkpt>
      <trkpt lat="45.749574" lon="7.330414">
        <ele>746.8</ele>
      </trkpt>
      <trkpt lat="45.749653" lon="7.330266">
        <ele>747.2</ele>
      </trkpt>
      <trkpt lat="45.749713" lon="7.330109">
        <ele>745.9</ele>
      </trkpt>
      <trkpt lat="45.749783" lon="7.330005">
        <ele>746.7</ele>
      </trkpt>
      <trkpt lat="45.749861" lon="7.329902">
        <ele>746.5</ele>
      </trkpt>
      <trkpt lat="45.749919" lon="7.329818">
        <ele>746.1</ele>
      </trkpt>
      <trkpt lat="45.750067" lon="7.329651">
        <ele>746.8</ele>
      </trkpt>
      <trkpt lat="45.750221" lon="7.329486">
        <ele>747.7</ele>
      </trkpt>
      <trkpt lat="45.750322" lon="7.329403">
        <ele>748.4</ele>
      </trkpt>
      <trkpt lat="45.750378" lon="7.329379">
        <ele>748.4</ele>
      </trkpt>
      <trkpt lat="45.750432" lon="7.329356">
        <ele>748.1</ele>
      </trkpt>
      <trkpt lat="45.75052" lon="7.329309">
        <ele>748.3</ele>
      </trkpt>
      <trkpt lat="45.750594" lon="7.329225">
        <ele>747.6</ele>
      </trkpt>
      <trkpt lat="45.750721" lon="7.32912">
        <ele>748.0</ele>
      </trkpt>
      <trkpt lat="45.750861" lon="7.329016">
        <ele>748.4</ele>
      </trkpt>
      <trkpt lat="45.750988" lon="7.328952">
        <ele>748.8</ele>
      </trkpt>
      <trkpt lat="45.751117" lon="7.328906">
        <ele>749.3</ele>
      </trkpt>
      <trkpt lat="45.75126" lon="7.328849">
        <ele>748.7</ele>
      </trkpt>
      <trkpt lat="45.751395" lon="7.328864">
        <ele>748.7</ele>
      </trkpt>
      <trkpt lat="45.751481" lon="7.328938">
        <ele>748.5</ele>
      </trkpt>
      <trkpt lat="45.751637" lon="7.329152">
        <ele>747.8</ele>
      </trkpt>
      <trkpt lat="45.751673" lon="7.329251">
        <ele>748.1</ele>
        <name>45.751669,7.329254</name>
        <extensions>
          <oa:Extension>
            <oa:mapZoom>17</oa:mapZoom>
          </oa:Extension>
        </extensions>
      </trkpt>
      <trkpt lat="45.751701" lon="7.329329">
        <ele>748.3</ele>
      </trkpt>
      <trkpt lat="45.751729" lon="7.329599">
        <ele>749.9</ele>
      </trkpt>
      <trkpt lat="45.751726" lon="7.32991">
        <ele>749.8</ele>
      </trkpt>
      <trkpt lat="45.75171" lon="7.33008">
        <ele>750.2</ele>
      </trkpt>
      <trkpt lat="45.751723" lon="7.330264">
        <ele>748.9</ele>
      </trkpt>
      <trkpt lat="45.751708" lon="7.330425">
        <ele>749.8</ele>
      </trkpt>
      <trkpt lat="45.751729" lon="7.330563">
        <ele>750.8</ele>
      </trkpt>
      <trkpt lat="45.751781" lon="7.330619">
        <ele>751.3</ele>
        <name>Porossan-La Chapelle, Aosta - Aoste</name>
        <extensions>
          <oa:Extension>
            <oa:mapZoom>18</oa:mapZoom>
          </oa:Extension>
        </extensions>
      </trkpt>
      <trkpt lat="45.751841" lon="7.330637">
        <ele>751.5</ele>
      </trkpt>
      <trkpt lat="45.751931" lon="7.330643">
        <ele>751.3</ele>
      </trkpt>
      <trkpt lat="45.751962" lon="7.330648">
        <ele>751.0</ele>
      </trkpt>
      <trkpt lat="45.751993" lon="7.330688">
        <ele>750.9</ele>
      </trkpt>
      <trkpt lat="45.752009" lon="7.330735">
        <ele>750.7</ele>
      </trkpt>
      <trkpt lat="45.752015" lon="7.330826">
        <ele>750.5</ele>
      </trkpt>
      <trkpt lat="45.751986" lon="7.330929">
        <ele>750.6</ele>
      </trkpt>
      <trkpt lat="45.751937" lon="7.33105">
        <ele>750.4</ele>
      </trkpt>
      <trkpt lat="45.751883" lon="7.331171">
        <ele>750.2</ele>
      </trkpt>
      <trkpt lat="45.751818" lon="7.331337">
        <ele>750.8</ele>
      </trkpt>
      <trkpt lat="45.751817" lon="7.331339">
        <ele>750.8</ele>
        <name>Villaggio Creton, Quart</name>
        <extensions>
          <oa:Extension>
            <oa:mapZoom>18</oa:mapZoom>
          </oa:Extension>
        </extensions>
      </trkpt>
      <trkpt lat="45.751777" lon="7.33149">
        <ele>750.6</ele>
      </trkpt>
      <trkpt lat="45.751711" lon="7.331677">
        <ele>750.1</ele>
      </trkpt>
      <trkpt lat="45.751667" lon="7.331766">
        <ele>750.0</ele>
      </trkpt>
      <trkpt lat="45.751621" lon="7.331804">
        <ele>750.1</ele>
      </trkpt>
      <trkpt lat="45.751552" lon="7.331763">
        <ele>750.6</ele>
      </trkpt>
      <trkpt lat="45.751473" lon="7.331731">
        <ele>750.1</ele>
      </trkpt>
      <trkpt lat="45.751422" lon="7.331754">
        <ele>750.0</ele>
      </trkpt>
      <trkpt lat="45.751369" lon="7.331844">
        <ele>750.2</ele>
      </trkpt>
      <trkpt lat="45.75134" lon="7.331932">
        <ele>750.4</ele>
      </trkpt>
      <trkpt lat="45.751332" lon="7.332055">
        <ele>750.7</ele>
      </trkpt>
      <trkpt lat="45.751208" lon="7.332353">
        <ele>755.8</ele>
        <name>Villaggio Creton, Quart</name>
        <extensions>
          <oa:Extension>
            <oa:mapZoom>18</oa:mapZoom>
          </oa:Extension>
        </extensions>
      </trkpt>
      <trkpt lat="45.751145" lon="7.333363">
        <ele>756.80486</ele>
      </trkpt>
      <trkpt lat="45.750954" lon="7.334388">
        <ele>757.92937</ele>
      </trkpt>
      <trkpt lat="45.750921" lon="7.335075">
        <ele>753.6</ele>
        <name>Villaggio Creton, Quart</name>
        <extensions>
          <oa:Extension>
            <oa:mapZoom>18</oa:mapZoom>
          </oa:Extension>
        </extensions>
      </trkpt>
      <trkpt lat="45.750963" lon="7.335046">
        <ele>753.1</ele>
      </trkpt>
      <trkpt lat="45.751049" lon="7.335013">
        <ele>751.8</ele>
      </trkpt>
      <trkpt lat="45.751124" lon="7.335029">
        <ele>750.7</ele>
      </trkpt>
      <trkpt lat="45.751222" lon="7.335105">
        <ele>749.9</ele>
      </trkpt>
      <trkpt lat="45.751332" lon="7.335222">
        <ele>748.7</ele>
      </trkpt>
      <trkpt lat="45.751407" lon="7.335401">
        <ele>748.0</ele>
      </trkpt>
      <trkpt lat="45.751451" lon="7.33553">
        <ele>748.2</ele>
      </trkpt>
      <trkpt lat="45.751464" lon="7.335556">
        <ele>748.3</ele>
        <name>Nuovo Oleodotto Genova-Aigle, Saint-Christophe</name>
        <extensions>
          <oa:Extension>
            <oa:mapZoom>18</oa:mapZoom>
          </oa:Extension>
        </extensions>
      </trkpt>
      <trkpt lat="45.751563" lon="7.335745">
        <ele>748.9</ele>
      </trkpt>
      <trkpt lat="45.751707" lon="7.336065">
        <ele>749.9</ele>
      </trkpt>
      <trkpt lat="45.751824" lon="7.336216">
        <ele>751.4</ele>
      </trkpt>
      <trkpt lat="45.751952" lon="7.336407">
        <ele>753.9</ele>
      </trkpt>
      <trkpt lat="45.752076" lon="7.336656">
        <ele>756.1</ele>
      </trkpt>
      <trkpt lat="45.752137" lon="7.336809">
        <ele>758.1</ele>
        <name>Villaggio Creton, Quart</name>
        <extensions>
          <oa:Extension>
            <oa:mapZoom>17</oa:mapZoom>
          </oa:Extension>
        </extensions>
      </trkpt>
      <trkpt lat="45.752145" lon="7.33683">
        <ele>758.4</ele>
      </trkpt>
      <trkpt lat="45.752204" lon="7.337018">
        <ele>761.2</ele>
      </trkpt>
      <trkpt lat="45.752216" lon="7.337109">
        <ele>762.4</ele>
      </trkpt>
      <trkpt lat="45.752228" lon="7.337313">
        <ele>764.4</ele>
      </trkpt>
      <trkpt lat="45.752235" lon="7.337382">
        <ele>765.2</ele>
      </trkpt>
      <trkpt lat="45.752297" lon="7.337176">
        <ele>766.1</ele>
      </trkpt>
      <trkpt lat="45.752367" lon="7.336986">
        <ele>767.5</ele>
      </trkpt>
      <trkpt lat="45.752377" lon="7.33683">
        <ele>766.9</ele>
      </trkpt>
      <trkpt lat="45.752334" lon="7.336611">
        <ele>765.3</ele>
      </trkpt>
      <trkpt lat="45.752317" lon="7.336417">
        <ele>765.2</ele>
      </trkpt>
      <trkpt lat="45.752296" lon="7.336128">
        <ele>765.9</ele>
      </trkpt>
      <trkpt lat="45.752277" lon="7.33576">
        <ele>766.4</ele>
      </trkpt>
      <trkpt lat="45.752281" lon="7.335687">
        <ele>766.7</ele>
      </trkpt>
      <trkpt lat="45.752364" lon="7.335439">
        <ele>770.3</ele>
      </trkpt>
      <trkpt lat="45.752501" lon="7.335206">
        <ele>774.1</ele>
      </trkpt>
      <trkpt lat="45.752577" lon="7.335069">
        <ele>776.6</ele>
      </trkpt>
      <trkpt lat="45.752607" lon="7.335077">
        <ele>778.0</ele>
      </trkpt>
      <trkpt lat="45.752626" lon="7.334981">
        <ele>778.6</ele>
      </trkpt>
      <trkpt lat="45.752652" lon="7.334847">
        <ele>779.3</ele>
      </trkpt>
      <trkpt lat="45.752669" lon="7.334726">
        <ele>779.3</ele>
      </trkpt>
      <trkpt lat="45.752687" lon="7.334676">
        <ele>779.7</ele>
        <name>Villaggio Creton, Quart</name>
        <extensions>
          <oa:Extension>
            <oa:mapZoom>16</oa:mapZoom>
          </oa:Extension>
        </extensions>
      </trkpt>
      <trkpt lat="45.752751" lon="7.334501">
        <ele>781.2</ele>
      </trkpt>
      <trkpt lat="45.752809" lon="7.334366">
        <ele>781.9</ele>
      </trkpt>
      <trkpt lat="45.752858" lon="7.334264">
        <ele>782.5</ele>
        <name>Villaggio Creton, Quart</name>
        <extensions>
          <oa:Extension>
            <oa:mapZoom>17</oa:mapZoom>
          </oa:Extension>
        </extensions>
      </trkpt>
      <trkpt lat="45.753219" lon="7.333889">
        <ele>788.44881</ele>
      </trkpt>
      <trkpt lat="45.753593" lon="7.333524">
        <ele>786.93825</ele>
      </trkpt>
      <trkpt lat="45.754042" lon="7.333631">
        <ele>788.36057</ele>
        <name>Villaggio Creton, Quart</name>
        <extensions>
          <oa:Extension>
            <oa:mapZoom>17</oa:mapZoom>
          </oa:Extension>
        </extensions>
      </trkpt>
      <trkpt lat="45.754417" lon="7.334297">
        <ele>795.01814</ele>
      </trkpt>
      <trkpt lat="45.754656" lon="7.335305">
        <ele>799.29716</ele>
      </trkpt>
      <trkpt lat="45.754591" lon="7.336003">
        <ele>804.3</ele>
        <name>Villaggio Creton, Quart</name>
        <extensions>
          <oa:locType>routingNode</oa:locType>
          <oa:Extension>
            <oa:mapZoom>18</oa:mapZoom>
          </oa:Extension>
        </extensions>
      </trkpt>
      <trkpt lat="45.754549" lon="7.335954">
        <ele>804.4</ele>
      </trkpt>
      <trkpt lat="45.754446" lon="7.335987">
        <ele>806.0</ele>
      </trkpt>
      <trkpt lat="45.754396" lon="7.336123">
        <ele>806.1</ele>
      </trkpt>
      <trkpt lat="45.754331" lon="7.336233">
        <ele>805.5</ele>
      </trkpt>
      <trkpt lat="45.75436" lon="7.336234">
        <ele>805.3</ele>
      </trkpt>
      <trkpt lat="45.754387" lon="7.336249">
        <ele>805.1</ele>
      </trkpt>
      <trkpt lat="45.754494" lon="7.336414">
        <ele>804.9</ele>
      </trkpt>
      <trkpt lat="45.754619" lon="7.336664">
        <ele>806.3</ele>
      </trkpt>
      <trkpt lat="45.754707" lon="7.336827">
        <ele>807.7</ele>
      </trkpt>
      <trkpt lat="45.754799" lon="7.337026">
        <ele>808.5</ele>
      </trkpt>
      <trkpt lat="45.754872" lon="7.33713">
        <ele>809.8</ele>
      </trkpt>
      <trkpt lat="45.754942" lon="7.337173">
        <ele>810.8</ele>
      </trkpt>
      <trkpt lat="45.755035" lon="7.337187">
        <ele>811.8</ele>
      </trkpt>
      <trkpt lat="45.755135" lon="7.337175">
        <ele>813.1</ele>
      </trkpt>
      <trkpt lat="45.755238" lon="7.337181">
        <ele>814.8</ele>
      </trkpt>
      <trkpt lat="45.755274" lon="7.337204">
        <ele>815.7</ele>
      </trkpt>
      <trkpt lat="45.755308" lon="7.337256">
        <ele>816.5</ele>
      </trkpt>
      <trkpt lat="45.755448" lon="7.337555">
        <ele>818.7</ele>
      </trkpt>
      <trkpt lat="45.755494" lon="7.337658">
        <ele>819.8</ele>
        <name>Senin, Saint-Christophe</name>
        <extensions>
          <oa:locType>routingNode</oa:locType>
          <oa:Extension>
            <oa:mapZoom>17</oa:mapZoom>
          </oa:Extension>
        </extensions>
      </trkpt>
      <trkpt lat="45.755613" lon="7.337929">
        <ele>822.8</ele>
      </trkpt>
      <trkpt lat="45.755664" lon="7.338248">
        <ele>824.1</ele>
      </trkpt>
      <trkpt lat="45.75564" lon="7.338495">
        <ele>825.6</ele>
      </trkpt>
      <trkpt lat="45.755605" lon="7.338597">
        <ele>824.9</ele>
      </trkpt>
      <trkpt lat="45.755585" lon="7.338756">
        <ele>824.4</ele>
      </trkpt>
      <trkpt lat="45.755595" lon="7.338934">
        <ele>824.5</ele>
      </trkpt>
      <trkpt lat="45.755621" lon="7.339068">
        <ele>824.6</ele>
      </trkpt>
      <trkpt lat="45.755672" lon="7.339148">
        <ele>825.0</ele>
      </trkpt>
      <trkpt lat="45.755714" lon="7.339159">
        <ele>825.4</ele>
      </trkpt>
      <trkpt lat="45.755759" lon="7.339148">
        <ele>825.9</ele>
      </trkpt>
      <trkpt lat="45.755793" lon="7.339134">
        <ele>826.4</ele>
      </trkpt>
      <trkpt lat="45.755893" lon="7.339054">
        <ele>829.0</ele>
      </trkpt>
      <trkpt lat="45.755953" lon="7.339001">
        <ele>830.4</ele>
      </trkpt>
      <trkpt lat="45.756017" lon="7.338945">
        <ele>832.1</ele>
      </trkpt>
      <trkpt lat="45.756083" lon="7.338859">
        <ele>834.0</ele>
      </trkpt>
      <trkpt lat="45.756128" lon="7.338751">
        <ele>835.0</ele>
      </trkpt>
      <trkpt lat="45.756145" lon="7.338637">
        <ele>835.8</ele>
      </trkpt>
      <trkpt lat="45.756186" lon="7.338376">
        <ele>838.5</ele>
      </trkpt>
      <trkpt lat="45.756224" lon="7.338204">
        <ele>840.7</ele>
      </trkpt>
      <trkpt lat="45.756279" lon="7.337987">
        <ele>843.3</ele>
      </trkpt>
      <trkpt lat="45.756321" lon="7.337958">
        <ele>844.9</ele>
      </trkpt>
      <trkpt lat="45.756403" lon="7.337879">
        <ele>848.2</ele>
      </trkpt>
      <trkpt lat="45.756471" lon="7.337811">
        <ele>850.4</ele>
        <name>Saint-Christophe, Valle d&apos;Aosta/Vallée d&apos;Aoste</name>
        <extensions>
          <oa:locType>routingNode</oa:locType>
          <oa:Extension>
            <oa:mapZoom>17</oa:mapZoom>
          </oa:Extension>
        </extensions>
      </trkpt>
      <trkpt lat="45.756489" lon="7.337793">
        <ele>851.0</ele>
      </trkpt>
      <trkpt lat="45.756675" lon="7.33761">
        <ele>857.8</ele>
      </trkpt>
      <trkpt lat="45.756862" lon="7.33747">
        <ele>863.8</ele>
      </trkpt>
      <trkpt lat="45.756995" lon="7.337381">
        <ele>866.6</ele>
      </trkpt>
      <trkpt lat="45.757126" lon="7.33735">
        <ele>869.4</ele>
      </trkpt>
      <trkpt lat="45.757274" lon="7.337258">
        <ele>873.5</ele>
      </trkpt>
      <trkpt lat="45.757349" lon="7.337166">
        <ele>876.8</ele>
      </trkpt>
      <trkpt lat="45.757416" lon="7.337124">
        <ele>879.3</ele>
      </trkpt>
      <trkpt lat="45.757492" lon="7.337053">
        <ele>881.4</ele>
      </trkpt>
      <trkpt lat="45.757557" lon="7.336986">
        <ele>883.4</ele>
      </trkpt>
      <trkpt lat="45.757593" lon="7.336908">
        <ele>884.9</ele>
      </trkpt>
      <trkpt lat="45.757629" lon="7.336785">
        <ele>886.8</ele>
      </trkpt>
      <trkpt lat="45.757639" lon="7.336632">
        <ele>888.4</ele>
      </trkpt>
      <trkpt lat="45.757648" lon="7.336445">
        <ele>891.3</ele>
      </trkpt>
      <trkpt lat="45.75767" lon="7.336369">
        <ele>893.2</ele>
      </trkpt>
      <trkpt lat="45.757734" lon="7.336315">
        <ele>896.0</ele>
      </trkpt>
      <trkpt lat="45.757802" lon="7.336293">
        <ele>897.9</ele>
      </trkpt>
      <trkpt lat="45.757952" lon="7.336226">
        <ele>900.8</ele>
      </trkpt>
      <trkpt lat="45.758008" lon="7.33609">
        <ele>901.8</ele>
      </trkpt>
      <trkpt lat="45.758107" lon="7.335885">
        <ele>902.3</ele>
      </trkpt>
      <trkpt lat="45.758202" lon="7.335781">
        <ele>902.4</ele>
      </trkpt>
      <trkpt lat="45.758244" lon="7.335719">
        <ele>901.8</ele>
      </trkpt>
      <trkpt lat="45.758318" lon="7.335607">
        <ele>901.2</ele>
      </trkpt>
      <trkpt lat="45.758425" lon="7.335447">
        <ele>903.0</ele>
      </trkpt>
      <trkpt lat="45.758493" lon="7.335304">
        <ele>902.8</ele>
      </trkpt>
      <trkpt lat="45.758566" lon="7.335054">
        <ele>902.0</ele>
      </trkpt>
      <trkpt lat="45.758639" lon="7.334838">
        <ele>904.6</ele>
      </trkpt>
      <trkpt lat="45.758748" lon="7.334667">
        <ele>907.7</ele>
      </trkpt>
      <trkpt lat="45.758821" lon="7.334605">
        <ele>910.0</ele>
      </trkpt>
      <trkpt lat="45.758954" lon="7.334455">
        <ele>912.8</ele>
      </trkpt>
      <trkpt lat="45.759068" lon="7.334208">
        <ele>914.2</ele>
      </trkpt>
      <trkpt lat="45.759132" lon="7.334055">
        <ele>918.3</ele>
      </trkpt>
      <trkpt lat="45.75925" lon="7.33394">
        <ele>922.4</ele>
      </trkpt>
      <trkpt lat="45.759314" lon="7.333902">
        <ele>922.8</ele>
      </trkpt>
      <trkpt lat="45.75951" lon="7.333679">
        <ele>924.3</ele>
      </trkpt>
      <trkpt lat="45.759673" lon="7.333565">
        <ele>925.4</ele>
      </trkpt>
      <trkpt lat="45.759768" lon="7.333509">
        <ele>926.1</ele>
      </trkpt>
      <trkpt lat="45.759979" lon="7.333387">
        <ele>929.2</ele>
      </trkpt>
      <trkpt lat="45.760163" lon="7.33322">
        <ele>931.4</ele>
      </trkpt>
      <trkpt lat="45.760268" lon="7.333102">
        <ele>932.1</ele>
      </trkpt>
      <trkpt lat="45.760365" lon="7.333109">
        <ele>933.8</ele>
      </trkpt>
      <trkpt lat="45.760585" lon="7.333091">
        <ele>939.3</ele>
      </trkpt>
      <trkpt lat="45.760806" lon="7.332938">
        <ele>943.3</ele>
      </trkpt>
      <trkpt lat="45.760957" lon="7.33291">
        <ele>946.5</ele>
      </trkpt>
      <trkpt lat="45.761132" lon="7.332835">
        <ele>947.7</ele>
      </trkpt>
      <trkpt lat="45.761192" lon="7.33281">
        <ele>948.1</ele>
        <name>Strada Privata Ru Pompillard, Saint-Christophe</name>
        <extensions>
          <oa:locType>routingNode</oa:locType>
          <oa:Extension>
            <oa:mapZoom>16</oa:mapZoom>
          </oa:Extension>
        </extensions>
      </trkpt>
      <trkpt lat="45.761411" lon="7.332841">
        <ele>949.1</ele>
      </trkpt>
      <trkpt lat="45.761782" lon="7.333053">
        <ele>956.2</ele>
      </trkpt>
      <trkpt lat="45.762154" lon="7.333175">
        <ele>960.6</ele>
      </trkpt>
      <trkpt lat="45.762365" lon="7.333276">
        <ele>963.5</ele>
      </trkpt>
      <trkpt lat="45.762375" lon="7.333321">
        <ele>965.5</ele>
      </trkpt>
      <trkpt lat="45.762343" lon="7.333349">
        <ele>967.0</ele>
      </trkpt>
      <trkpt lat="45.76228" lon="7.333356">
        <ele>967.6</ele>
      </trkpt>
      <trkpt lat="45.762117" lon="7.333377">
        <ele>969.4</ele>
      </trkpt>
      <trkpt lat="45.761845" lon="7.333394">
        <ele>971.7</ele>
      </trkpt>
      <trkpt lat="45.761569" lon="7.333439">
        <ele>971.3</ele>
      </trkpt>
      <trkpt lat="45.761438" lon="7.33353">
        <ele>972.0</ele>
      </trkpt>
      <trkpt lat="45.761348" lon="7.333651">
        <ele>972.9</ele>
      </trkpt>
      <trkpt lat="45.761277" lon="7.33378">
        <ele>975.2</ele>
      </trkpt>
      <trkpt lat="45.761294" lon="7.333839">
        <ele>978.1</ele>
      </trkpt>
      <trkpt lat="45.76135" lon="7.333836">
        <ele>979.0</ele>
      </trkpt>
      <trkpt lat="45.761425" lon="7.333805">
        <ele>978.8</ele>
      </trkpt>
      <trkpt lat="45.761603" lon="7.333714">
        <ele>979.4</ele>
      </trkpt>
      <trkpt lat="45.761685" lon="7.333683">
        <ele>980.4</ele>
      </trkpt>
      <trkpt lat="45.761707" lon="7.333718">
        <ele>981.6</ele>
      </trkpt>
      <trkpt lat="45.761656" lon="7.333763">
        <ele>981.8</ele>
      </trkpt>
      <trkpt lat="45.761624" lon="7.333818">
        <ele>982.5</ele>
      </trkpt>
      <trkpt lat="45.761649" lon="7.333846">
        <ele>983.6</ele>
      </trkpt>
      <trkpt lat="45.761702" lon="7.333846">
        <ele>984.5</ele>
      </trkpt>
      <trkpt lat="45.76179" lon="7.333805">
        <ele>985.5</ele>
      </trkpt>
      <trkpt lat="45.761819" lon="7.333843">
        <ele>986.8</ele>
      </trkpt>
      <trkpt lat="45.761785" lon="7.333905">
        <ele>987.2</ele>
      </trkpt>
      <trkpt lat="45.761726" lon="7.333958">
        <ele>987.1</ele>
      </trkpt>
      <trkpt lat="45.761615" lon="7.334027">
        <ele>988.2</ele>
      </trkpt>
      <trkpt lat="45.761554" lon="7.334083">
        <ele>990.1</ele>
      </trkpt>
      <trkpt lat="45.76152" lon="7.334159">
        <ele>993.1</ele>
      </trkpt>
      <trkpt lat="45.761578" lon="7.334205">
        <ele>994.8</ele>
      </trkpt>
      <trkpt lat="45.761658" lon="7.334205">
        <ele>994.9</ele>
      </trkpt>
      <trkpt lat="45.761824" lon="7.334215">
        <ele>996.6</ele>
      </trkpt>
      <trkpt lat="45.761984" lon="7.334198">
        <ele>997.8</ele>
      </trkpt>
      <trkpt lat="45.762258" lon="7.334306">
        <ele>1001.7</ele>
      </trkpt>
      <trkpt lat="45.762442" lon="7.334431">
        <ele>1003.2</ele>
      </trkpt>
      <trkpt lat="45.762644" lon="7.334594">
        <ele>1004.7</ele>
      </trkpt>
      <trkpt lat="45.762765" lon="7.334643">
        <ele>1006.9</ele>
      </trkpt>
      <trkpt lat="45.762865" lon="7.334636">
        <ele>1005.3</ele>
      </trkpt>
      <trkpt lat="45.762952" lon="7.334716">
        <ele>1006.0</ele>
      </trkpt>
      <trkpt lat="45.763107" lon="7.334848">
        <ele>1012.4</ele>
      </trkpt>
      <trkpt lat="45.763103" lon="7.334907">
        <ele>1016.1</ele>
      </trkpt>
      <trkpt lat="45.763049" lon="7.334873">
        <ele>1013.5</ele>
      </trkpt>
      <trkpt lat="45.762993" lon="7.334841">
        <ele>1011.5</ele>
      </trkpt>
      <trkpt lat="45.76293" lon="7.334824">
        <ele>1011.0</ele>
      </trkpt>
      <trkpt lat="45.762845" lon="7.33482">
        <ele>1011.9</ele>
      </trkpt>
      <trkpt lat="45.762807" lon="7.334852">
        <ele>1012.8</ele>
      </trkpt>
      <trkpt lat="45.762826" lon="7.334864">
        <ele>1013.1</ele>
      </trkpt>
      <trkpt lat="45.762898" lon="7.334908">
        <ele>1014.5</ele>
      </trkpt>
      <trkpt lat="45.76291" lon="7.334932">
        <ele>1015.6</ele>
      </trkpt>
      <trkpt lat="45.762894" lon="7.334958">
        <ele>1016.3</ele>
      </trkpt>
      <trkpt lat="45.762859" lon="7.334951">
        <ele>1015.5</ele>
      </trkpt>
      <trkpt lat="45.762794" lon="7.334921">
        <ele>1014.3</ele>
      </trkpt>
      <trkpt lat="45.762755" lon="7.334918">
        <ele>1014.0</ele>
      </trkpt>
      <trkpt lat="45.762704" lon="7.334982">
        <ele>1015.3</ele>
      </trkpt>
      <trkpt lat="45.762658" lon="7.335003">
        <ele>1015.9</ele>
      </trkpt>
      <trkpt lat="45.762618" lon="7.335008">
        <ele>1016.0</ele>
      </trkpt>
      <trkpt lat="45.76257" lon="7.33501">
        <ele>1016.0</ele>
      </trkpt>
      <trkpt lat="45.762512" lon="7.335059">
        <ele>1016.9</ele>
      </trkpt>
      <trkpt lat="45.762467" lon="7.335071">
        <ele>1017.3</ele>
      </trkpt>
      <trkpt lat="45.762424" lon="7.335061">
        <ele>1017.5</ele>
      </trkpt>
      <trkpt lat="45.762375" lon="7.335031">
        <ele>1018.0</ele>
      </trkpt>
      <trkpt lat="45.762286" lon="7.334914">
        <ele>1018.6</ele>
      </trkpt>
      <trkpt lat="45.76221" lon="7.334815">
        <ele>1019.0</ele>
      </trkpt>
      <trkpt lat="45.762159" lon="7.334803">
        <ele>1019.6</ele>
      </trkpt>
      <trkpt lat="45.762127" lon="7.334821">
        <ele>1020.2</ele>
      </trkpt>
      <trkpt lat="45.762049" lon="7.334886">
        <ele>1021.4</ele>
      </trkpt>
      <trkpt lat="45.761969" lon="7.334952">
        <ele>1022.1</ele>
      </trkpt>
      <trkpt lat="45.761816" lon="7.335007">
        <ele>1022.6</ele>
      </trkpt>
      <trkpt lat="45.761707" lon="7.335028">
        <ele>1022.8</ele>
      </trkpt>
      <trkpt lat="45.761537" lon="7.335035">
        <ele>1023.7</ele>
      </trkpt>
      <trkpt lat="45.761372" lon="7.335039">
        <ele>1024.5</ele>
      </trkpt>
      <trkpt lat="45.761265" lon="7.335108">
        <ele>1026.3</ele>
      </trkpt>
      <trkpt lat="45.761163" lon="7.335171">
        <ele>1026.7</ele>
      </trkpt>
      <trkpt lat="45.761113" lon="7.335268">
        <ele>1027.5</ele>
      </trkpt>
      <trkpt lat="45.761087" lon="7.335339">
        <ele>1028.2</ele>
      </trkpt>
      <trkpt lat="45.761109" lon="7.335353">
        <ele>1028.7</ele>
      </trkpt>
      <trkpt lat="45.761159" lon="7.335346">
        <ele>1029.1</ele>
      </trkpt>
      <trkpt lat="45.76125" lon="7.335329">
        <ele>1030.2</ele>
      </trkpt>
      <trkpt lat="45.761411" lon="7.33529">
        <ele>1031.2</ele>
      </trkpt>
      <trkpt lat="45.761517" lon="7.335327">
        <ele>1031.7</ele>
      </trkpt>
      <trkpt lat="45.761615" lon="7.335438">
        <ele>1033.4</ele>
      </trkpt>
      <trkpt lat="45.761725" lon="7.335583">
        <ele>1033.6</ele>
      </trkpt>
      <trkpt lat="45.761772" lon="7.335666">
        <ele>1034.4</ele>
      </trkpt>
      <trkpt lat="45.761848" lon="7.335797">
        <ele>1035.7</ele>
      </trkpt>
      <trkpt lat="45.761878" lon="7.335852">
        <ele>1036.6</ele>
      </trkpt>
      <trkpt lat="45.76184" lon="7.335901">
        <ele>1037.5</ele>
      </trkpt>
      <trkpt lat="45.761798" lon="7.335913">
        <ele>1037.6</ele>
      </trkpt>
      <trkpt lat="45.761745" lon="7.335938">
        <ele>1037.9</ele>
      </trkpt>
      <trkpt lat="45.761741" lon="7.33596">
        <ele>1038.1</ele>
      </trkpt>
      <trkpt lat="45.761757" lon="7.335985">
        <ele>1038.3</ele>
      </trkpt>
      <trkpt lat="45.761826" lon="7.336004">
        <ele>1039.1</ele>
      </trkpt>
      <trkpt lat="45.761929" lon="7.335988">
        <ele>1040.1</ele>
      </trkpt>
      <trkpt lat="45.762018" lon="7.335999">
        <ele>1041.7</ele>
      </trkpt>
      <trkpt lat="45.762055" lon="7.336023">
        <ele>1042.9</ele>
      </trkpt>
      <trkpt lat="45.762046" lon="7.336059">
        <ele>1043.6</ele>
      </trkpt>
      <trkpt lat="45.762011" lon="7.33608">
        <ele>1043.4</ele>
      </trkpt>
      <trkpt lat="45.761972" lon="7.336106">
        <ele>1042.9</ele>
      </trkpt>
      <trkpt lat="45.761958" lon="7.336141">
        <ele>1042.9</ele>
      </trkpt>
      <trkpt lat="45.761956" lon="7.336183">
        <ele>1043.1</ele>
      </trkpt>
      <trkpt lat="45.761968" lon="7.336192">
        <ele>1043.4</ele>
      </trkpt>
      <trkpt lat="45.762045" lon="7.336159">
        <ele>1045.2</ele>
      </trkpt>
      <trkpt lat="45.762097" lon="7.33614">
        <ele>1045.9</ele>
      </trkpt>
      <trkpt lat="45.762176" lon="7.336117">
        <ele>1045.8</ele>
      </trkpt>
      <trkpt lat="45.7622" lon="7.336119">
        <ele>1045.8</ele>
      </trkpt>
      <trkpt lat="45.762196" lon="7.336159">
        <ele>1046.8</ele>
      </trkpt>
      <trkpt lat="45.762159" lon="7.336179">
        <ele>1047.1</ele>
      </trkpt>
      <trkpt lat="45.762114" lon="7.336192">
        <ele>1047.0</ele>
      </trkpt>
      <trkpt lat="45.762082" lon="7.336219">
        <ele>1046.9</ele>
      </trkpt>
      <trkpt lat="45.762052" lon="7.336353">
        <ele>1047.3</ele>
      </trkpt>
      <trkpt lat="45.762052" lon="7.336533">
        <ele>1048.2</ele>
      </trkpt>
      <trkpt lat="45.762069" lon="7.336547">
        <ele>1048.9</ele>
      </trkpt>
      <trkpt lat="45.762114" lon="7.336529">
        <ele>1050.3</ele>
      </trkpt>
      <trkpt lat="45.762156" lon="7.336513">
        <ele>1051.1</ele>
      </trkpt>
      <trkpt lat="45.762173" lon="7.336543">
        <ele>1051.5</ele>
      </trkpt>
      <trkpt lat="45.762168" lon="7.336602">
        <ele>1051.7</ele>
      </trkpt>
      <trkpt lat="45.762161" lon="7.336654">
        <ele>1051.9</ele>
      </trkpt>
      <trkpt lat="45.762136" lon="7.336754">
        <ele>1051.9</ele>
      </trkpt>
      <trkpt lat="45.762045" lon="7.337124">
        <ele>1051.2</ele>
      </trkpt>
      <trkpt lat="45.761932" lon="7.337424">
        <ele>1050.8</ele>
      </trkpt>
      <trkpt lat="45.761818" lon="7.337715">
        <ele>1051.4</ele>
      </trkpt>
      <trkpt lat="45.76175" lon="7.338094">
        <ele>1053.7</ele>
      </trkpt>
      <trkpt lat="45.761681" lon="7.338458">
        <ele>1053.4</ele>
      </trkpt>
      <trkpt lat="45.761595" lon="7.338743">
        <ele>1054.8</ele>
      </trkpt>
      <trkpt lat="45.761575" lon="7.339014">
        <ele>1056.4</ele>
      </trkpt>
      <trkpt lat="45.761513" lon="7.339289">
        <ele>1056.3</ele>
      </trkpt>
      <trkpt lat="45.761438" lon="7.339598">
        <ele>1056.0</ele>
      </trkpt>
      <trkpt lat="45.761364" lon="7.339907">
        <ele>1057.2</ele>
      </trkpt>
      <trkpt lat="45.761335" lon="7.340089">
        <ele>1058.9</ele>
      </trkpt>
      <trkpt lat="45.761309" lon="7.340244">
        <ele>1059.7</ele>
      </trkpt>
      <trkpt lat="45.761358" lon="7.340268">
        <ele>1060.4</ele>
      </trkpt>
      <trkpt lat="45.761418" lon="7.340277">
        <ele>1061.6</ele>
      </trkpt>
      <trkpt lat="45.761463" lon="7.340278">
        <ele>1062.8</ele>
      </trkpt>
      <trkpt lat="45.761514" lon="7.340296">
        <ele>1064.4</ele>
      </trkpt>
      <trkpt lat="45.761626" lon="7.340355">
        <ele>1067.6</ele>
      </trkpt>
      <trkpt lat="45.761694" lon="7.340404">
        <ele>1069.3</ele>
      </trkpt>
      <trkpt lat="45.761853" lon="7.340533">
        <ele>1074.5</ele>
      </trkpt>
      <trkpt lat="45.761951" lon="7.340646">
        <ele>1077.9</ele>
      </trkpt>
      <trkpt lat="45.762052" lon="7.340794">
        <ele>1081.8</ele>
      </trkpt>
      <trkpt lat="45.762146" lon="7.340924">
        <ele>1085.4</ele>
      </trkpt>
      <trkpt lat="45.762264" lon="7.341077">
        <ele>1090.4</ele>
      </trkpt>
      <trkpt lat="45.762349" lon="7.34115">
        <ele>1093.7</ele>
        <name>26b - var Snake, Saint-Christophe</name>
        <extensions>
          <oa:Extension>
            <oa:mapZoom>16</oa:mapZoom>
          </oa:Extension>
        </extensions>
      </trkpt>
      <trkpt lat="45.762389" lon="7.341184">
        <ele>1095.3</ele>
      </trkpt>
      <trkpt lat="45.762464" lon="7.341206">
        <ele>1098.4</ele>
      </trkpt>
      <trkpt lat="45.762495" lon="7.341236">
        <ele>1100.0</ele>
      </trkpt>
      <trkpt lat="45.762491" lon="7.341295">
        <ele>1101.0</ele>
      </trkpt>
      <trkpt lat="45.762464" lon="7.341339">
        <ele>1101.2</ele>
      </trkpt>
      <trkpt lat="45.762423" lon="7.341422">
        <ele>1102.6</ele>
      </trkpt>
      <trkpt lat="45.762403" lon="7.341492">
        <ele>1104.1</ele>
      </trkpt>
      <trkpt lat="45.762417" lon="7.341516">
        <ele>1105.2</ele>
      </trkpt>
      <trkpt lat="45.762444" lon="7.341518">
        <ele>1106.0</ele>
      </trkpt>
      <trkpt lat="45.76248" lon="7.3415">
        <ele>1106.4</ele>
      </trkpt>
      <trkpt lat="45.762633" lon="7.341431">
        <ele>1110.6</ele>
      </trkpt>
      <trkpt lat="45.76271" lon="7.341368">
        <ele>1112.3</ele>
      </trkpt>
      <trkpt lat="45.762807" lon="7.341365">
        <ele>1114.6</ele>
      </trkpt>
      <trkpt lat="45.76285" lon="7.34137">
        <ele>1115.3</ele>
      </trkpt>
      <trkpt lat="45.762888" lon="7.341424">
        <ele>1116.5</ele>
      </trkpt>
      <trkpt lat="45.762901" lon="7.341495">
        <ele>1118.1</ele>
      </trkpt>
      <trkpt lat="45.76287" lon="7.34152">
        <ele>1118.3</ele>
      </trkpt>
      <trkpt lat="45.762851" lon="7.341544">
        <ele>1118.9</ele>
      </trkpt>
      <trkpt lat="45.762842" lon="7.341608">
        <ele>1120.7</ele>
      </trkpt>
      <trkpt lat="45.762834" lon="7.341741">
        <ele>1123.9</ele>
      </trkpt>
      <trkpt lat="45.762856" lon="7.341954">
        <ele>1127.6</ele>
      </trkpt>
      <trkpt lat="45.762879" lon="7.342044">
        <ele>1129.4</ele>
      </trkpt>
      <trkpt lat="45.762929" lon="7.342196">
        <ele>1132.0</ele>
      </trkpt>
      <trkpt lat="45.762949" lon="7.342307">
        <ele>1133.0</ele>
      </trkpt>
      <trkpt lat="45.762991" lon="7.342485">
        <ele>1134.4</ele>
      </trkpt>
      <trkpt lat="45.763013" lon="7.342553">
        <ele>1134.9</ele>
      </trkpt>
      <trkpt lat="45.763049" lon="7.342588">
        <ele>1135.5</ele>
      </trkpt>
      <trkpt lat="45.763109" lon="7.342635">
        <ele>1136.5</ele>
      </trkpt>
      <trkpt lat="45.763162" lon="7.34273">
        <ele>1137.8</ele>
      </trkpt>
      <trkpt lat="45.763204" lon="7.342867">
        <ele>1138.9</ele>
      </trkpt>
      <trkpt lat="45.763197" lon="7.3432">
        <ele>1141.2</ele>
      </trkpt>
      <trkpt lat="45.763171" lon="7.343413">
        <ele>1143.3</ele>
      </trkpt>
      <trkpt lat="45.763181" lon="7.343668">
        <ele>1145.3</ele>
      </trkpt>
      <trkpt lat="45.763222" lon="7.343811">
        <ele>1147.0</ele>
      </trkpt>
      <trkpt lat="45.763247" lon="7.34391">
        <ele>1148.4</ele>
      </trkpt>
      <trkpt lat="45.763278" lon="7.343936">
        <ele>1149.6</ele>
      </trkpt>
      <trkpt lat="45.763375" lon="7.344078">
        <ele>1154.0</ele>
      </trkpt>
      <trkpt lat="45.763456" lon="7.344118">
        <ele>1156.9</ele>
      </trkpt>
      <trkpt lat="45.763548" lon="7.344157">
        <ele>1159.7</ele>
      </trkpt>
      <trkpt lat="45.763687" lon="7.344264">
        <ele>1165.6</ele>
      </trkpt>
      <trkpt lat="45.763805" lon="7.344366">
        <ele>1170.6</ele>
      </trkpt>
      <trkpt lat="45.763906" lon="7.344456">
        <ele>1173.6</ele>
      </trkpt>
      <trkpt lat="45.764001" lon="7.344542">
        <ele>1177.9</ele>
      </trkpt>
      <trkpt lat="45.76403" lon="7.344638">
        <ele>1179.4</ele>
      </trkpt>
      <trkpt lat="45.764065" lon="7.344749">
        <ele>1180.9</ele>
      </trkpt>
      <trkpt lat="45.764096" lon="7.344796">
        <ele>1182.2</ele>
      </trkpt>
      <trkpt lat="45.764151" lon="7.34482">
        <ele>1184.2</ele>
      </trkpt>
      <trkpt lat="45.764204" lon="7.344866">
        <ele>1186.6</ele>
      </trkpt>
      <trkpt lat="45.764222" lon="7.344914">
        <ele>1187.5</ele>
      </trkpt>
      <trkpt lat="45.764234" lon="7.344991">
        <ele>1188.3</ele>
        <name>Papet dessus, Aosta - Aoste</name>
        <extensions>
          <oa:Extension>
            <oa:mapZoom>16</oa:mapZoom>
          </oa:Extension>
        </extensions>
      </trkpt>
      <trkpt lat="45.764237" lon="7.345015">
        <ele>1188.5</ele>
      </trkpt>
      <trkpt lat="45.764264" lon="7.345191">
        <ele>1190.1</ele>
      </trkpt>
      <trkpt lat="45.764286" lon="7.345226">
        <ele>1191.1</ele>
      </trkpt>
      <trkpt lat="45.7643" lon="7.345215">
        <ele>1191.7</ele>
      </trkpt>
      <trkpt lat="45.76432" lon="7.345151">
        <ele>1192.5</ele>
      </trkpt>
      <trkpt lat="45.764368" lon="7.345093">
        <ele>1194.9</ele>
      </trkpt>
      <trkpt lat="45.76441" lon="7.345084">
        <ele>1197.0</ele>
      </trkpt>
      <trkpt lat="45.764441" lon="7.345126">
        <ele>1198.4</ele>
      </trkpt>
      <trkpt lat="45.76446" lon="7.345294">
        <ele>1199.2</ele>
      </trkpt>
      <trkpt lat="45.764469" lon="7.345444">
        <ele>1201.2</ele>
      </trkpt>
      <trkpt lat="45.764444" lon="7.345677">
        <ele>1204.1</ele>
      </trkpt>
      <trkpt lat="45.764415" lon="7.345792">
        <ele>1205.2</ele>
      </trkpt>
      <trkpt lat="45.76439" lon="7.345881">
        <ele>1206.0</ele>
      </trkpt>
      <trkpt lat="45.76439" lon="7.345917">
        <ele>1206.7</ele>
      </trkpt>
      <trkpt lat="45.764411" lon="7.345944">
        <ele>1208.3</ele>
      </trkpt>
      <trkpt lat="45.764432" lon="7.345942">
        <ele>1209.3</ele>
      </trkpt>
      <trkpt lat="45.764468" lon="7.345925">
        <ele>1210.7</ele>
      </trkpt>
      <trkpt lat="45.764534" lon="7.345903">
        <ele>1213.5</ele>
      </trkpt>
      <trkpt lat="45.764624" lon="7.345842">
        <ele>1216.0</ele>
      </trkpt>
      <trkpt lat="45.764672" lon="7.345764">
        <ele>1216.3</ele>
      </trkpt>
      <trkpt lat="45.764722" lon="7.345754">
        <ele>1218.2</ele>
      </trkpt>
      <trkpt lat="45.7648" lon="7.345751">
        <ele>1220.8</ele>
      </trkpt>
      <trkpt lat="45.764864" lon="7.345757">
        <ele>1222.8</ele>
      </trkpt>
      <trkpt lat="45.76493" lon="7.345759">
        <ele>1224.5</ele>
      </trkpt>
      <trkpt lat="45.764978" lon="7.345725">
        <ele>1225.2</ele>
      </trkpt>
      <trkpt lat="45.764997" lon="7.345707">
        <ele>1225.4</ele>
      </trkpt>
      <trkpt lat="45.76507" lon="7.345632">
        <ele>1225.7</ele>
      </trkpt>
      <trkpt lat="45.76516" lon="7.345553">
        <ele>1226.7</ele>
      </trkpt>
      <trkpt lat="45.765218" lon="7.345524">
        <ele>1227.9</ele>
      </trkpt>
      <trkpt lat="45.765295" lon="7.345532">
        <ele>1230.3</ele>
      </trkpt>
      <trkpt lat="45.765367" lon="7.345512">
        <ele>1232.0</ele>
      </trkpt>
      <trkpt lat="45.765446" lon="7.345476">
        <ele>1233.8</ele>
      </trkpt>
      <trkpt lat="45.765508" lon="7.345452">
        <ele>1235.6</ele>
      </trkpt>
      <trkpt lat="45.765571" lon="7.345418">
        <ele>1237.8</ele>
      </trkpt>
      <trkpt lat="45.765628" lon="7.345362">
        <ele>1239.6</ele>
      </trkpt>
      <trkpt lat="45.765657" lon="7.345316">
        <ele>1240.1</ele>
      </trkpt>
      <trkpt lat="45.765685" lon="7.345245">
        <ele>1240.4</ele>
      </trkpt>
      <trkpt lat="45.765749" lon="7.345175">
        <ele>1242.2</ele>
      </trkpt>
      <trkpt lat="45.765814" lon="7.345125">
        <ele>1244.3</ele>
      </trkpt>
      <trkpt lat="45.7659" lon="7.345063">
        <ele>1247.0</ele>
      </trkpt>
      <trkpt lat="45.765976" lon="7.344968">
        <ele>1249.1</ele>
      </trkpt>
      <trkpt lat="45.766069" lon="7.344835">
        <ele>1251.5</ele>
      </trkpt>
      <trkpt lat="45.766164" lon="7.344719">
        <ele>1253.2</ele>
      </trkpt>
      <trkpt lat="45.76623" lon="7.344646">
        <ele>1253.7</ele>
      </trkpt>
      <trkpt lat="45.766316" lon="7.344629">
        <ele>1255.4</ele>
      </trkpt>
      <trkpt lat="45.766377" lon="7.34461">
        <ele>1255.5</ele>
      </trkpt>
      <trkpt lat="45.766409" lon="7.344623">
        <ele>1255.8</ele>
      </trkpt>
      <trkpt lat="45.766426" lon="7.344673">
        <ele>1257.0</ele>
      </trkpt>
      <trkpt lat="45.766434" lon="7.344788">
        <ele>1259.5</ele>
      </trkpt>
      <trkpt lat="45.766448" lon="7.344829">
        <ele>1260.4</ele>
      </trkpt>
      <trkpt lat="45.76648" lon="7.344885">
        <ele>1261.7</ele>
      </trkpt>
      <trkpt lat="45.76648" lon="7.344908">
        <ele>1262.2</ele>
      </trkpt>
      <trkpt lat="45.76652" lon="7.344926">
        <ele>1262.4</ele>
      </trkpt>
      <trkpt lat="45.766541" lon="7.344941">
        <ele>1262.4</ele>
      </trkpt>
      <trkpt lat="45.766567" lon="7.344971">
        <ele>1262.3</ele>
      </trkpt>
      <trkpt lat="45.766598" lon="7.345017">
        <ele>1262.1</ele>
      </trkpt>
      <trkpt lat="45.766636" lon="7.345096">
        <ele>1262.4</ele>
      </trkpt>
      <trkpt lat="45.766693" lon="7.345193">
        <ele>1262.9</ele>
      </trkpt>
      <trkpt lat="45.766751" lon="7.34527">
        <ele>1263.5</ele>
      </trkpt>
      <trkpt lat="45.766818" lon="7.34532">
        <ele>1263.4</ele>
      </trkpt>
      <trkpt lat="45.76696" lon="7.345389">
        <ele>1264.1</ele>
      </trkpt>
      <trkpt lat="45.767043" lon="7.345393">
        <ele>1264.2</ele>
      </trkpt>
      <trkpt lat="45.767155" lon="7.345349">
        <ele>1262.9</ele>
      </trkpt>
      <trkpt lat="45.767225" lon="7.345354">
        <ele>1263.2</ele>
      </trkpt>
      <trkpt lat="45.767359" lon="7.345437">
        <ele>1266.4</ele>
      </trkpt>
      <trkpt lat="45.767471" lon="7.345496">
        <ele>1267.6</ele>
      </trkpt>
      <trkpt lat="45.767576" lon="7.345522">
        <ele>1268.1</ele>
      </trkpt>
      <trkpt lat="45.767655" lon="7.345537">
        <ele>1267.3</ele>
      </trkpt>
      <trkpt lat="45.767711" lon="7.345555">
        <ele>1266.1</ele>
      </trkpt>
      <trkpt lat="45.767752" lon="7.345581">
        <ele>1265.4</ele>
      </trkpt>
      <trkpt lat="45.767924" lon="7.345817">
        <ele>1265.8</ele>
      </trkpt>
      <trkpt lat="45.767949" lon="7.345875">
        <ele>1266.4</ele>
      </trkpt>
      <trkpt lat="45.768009" lon="7.34615">
        <ele>1265.8</ele>
      </trkpt>
      <trkpt lat="45.768041" lon="7.346266">
        <ele>1265.7</ele>
      </trkpt>
      <trkpt lat="45.768092" lon="7.346382">
        <ele>1266.2</ele>
      </trkpt>
      <trkpt lat="45.768126" lon="7.346432">
        <ele>1266.8</ele>
      </trkpt>
      <trkpt lat="45.768155" lon="7.346465">
        <ele>1267.3</ele>
      </trkpt>
      <trkpt lat="45.768198" lon="7.346486">
        <ele>1266.9</ele>
      </trkpt>
      <trkpt lat="45.768246" lon="7.346492">
        <ele>1266.2</ele>
      </trkpt>
      <trkpt lat="45.76838" lon="7.346498">
        <ele>1266.1</ele>
      </trkpt>
      <trkpt lat="45.768507" lon="7.34651">
        <ele>1265.1</ele>
      </trkpt>
      <trkpt lat="45.768568" lon="7.346522">
        <ele>1265.5</ele>
      </trkpt>
      <trkpt lat="45.768605" lon="7.346516">
        <ele>1265.2</ele>
      </trkpt>
      <trkpt lat="45.768638" lon="7.346502">
        <ele>1264.6</ele>
      </trkpt>
      <trkpt lat="45.768689" lon="7.346475">
        <ele>1263.5</ele>
      </trkpt>
      <trkpt lat="45.768734" lon="7.346465">
        <ele>1263.2</ele>
      </trkpt>
      <trkpt lat="45.76885" lon="7.346459">
        <ele>1262.2</ele>
      </trkpt>
      <trkpt lat="45.768972" lon="7.346445">
        <ele>1260.9</ele>
      </trkpt>
      <trkpt lat="45.769076" lon="7.346407">
        <ele>1259.0</ele>
      </trkpt>
      <trkpt lat="45.769127" lon="7.3464">
        <ele>1257.7</ele>
      </trkpt>
      <trkpt lat="45.769171" lon="7.346405">
        <ele>1256.8</ele>
      </trkpt>
      <trkpt lat="45.76921" lon="7.346424">
        <ele>1256.3</ele>
      </trkpt>
      <trkpt lat="45.76925" lon="7.346462">
        <ele>1255.9</ele>
      </trkpt>
      <trkpt lat="45.769335" lon="7.346621">
        <ele>1255.9</ele>
      </trkpt>
      <trkpt lat="45.769415" lon="7.346755">
        <ele>1255.2</ele>
      </trkpt>
      <trkpt lat="45.769452" lon="7.346793">
        <ele>1254.3</ele>
      </trkpt>
      <trkpt lat="45.769489" lon="7.346805">
        <ele>1253.4</ele>
      </trkpt>
      <trkpt lat="45.769545" lon="7.346815">
        <ele>1253.4</ele>
      </trkpt>
      <trkpt lat="45.769655" lon="7.346805">
        <ele>1253.1</ele>
      </trkpt>
      <trkpt lat="45.769728" lon="7.346807">
        <ele>1251.9</ele>
      </trkpt>
      <trkpt lat="45.769809" lon="7.346829">
        <ele>1250.9</ele>
      </trkpt>
      <trkpt lat="45.769883" lon="7.346872">
        <ele>1250.8</ele>
      </trkpt>
      <trkpt lat="45.770025" lon="7.346987">
        <ele>1251.8</ele>
      </trkpt>
      <trkpt lat="45.770119" lon="7.347074">
        <ele>1251.2</ele>
      </trkpt>
      <trkpt lat="45.770217" lon="7.347166">
        <ele>1250.0</ele>
      </trkpt>
      <trkpt lat="45.770347" lon="7.347265">
        <ele>1247.8</ele>
      </trkpt>
      <trkpt lat="45.770464" lon="7.347317">
        <ele>1247.2</ele>
      </trkpt>
      <trkpt lat="45.770746" lon="7.3474">
        <ele>1248.5</ele>
      </trkpt>
      <trkpt lat="45.771085" lon="7.34759">
        <ele>1249.4</ele>
      </trkpt>
      <trkpt lat="45.771206" lon="7.347651">
        <ele>1250.6</ele>
      </trkpt>
      <trkpt lat="45.771361" lon="7.347709">
        <ele>1251.0</ele>
      </trkpt>
      <trkpt lat="45.771545" lon="7.347765">
        <ele>1251.9</ele>
      </trkpt>
      <trkpt lat="45.771667" lon="7.347793">
        <ele>1252.3</ele>
      </trkpt>
      <trkpt lat="45.771724" lon="7.347787">
        <ele>1251.9</ele>
      </trkpt>
      <trkpt lat="45.77176" lon="7.347775">
        <ele>1251.5</ele>
      </trkpt>
      <trkpt lat="45.771877" lon="7.347705">
        <ele>1251.4</ele>
      </trkpt>
      <trkpt lat="45.772013" lon="7.347604">
        <ele>1251.3</ele>
      </trkpt>
      <trkpt lat="45.772032" lon="7.347578">
        <ele>1251.1</ele>
      </trkpt>
      <trkpt lat="45.772046" lon="7.347544">
        <ele>1250.8</ele>
      </trkpt>
      <trkpt lat="45.772086" lon="7.347547">
        <ele>1251.5</ele>
      </trkpt>
      <trkpt lat="45.77215" lon="7.347517">
        <ele>1252.7</ele>
      </trkpt>
      <trkpt lat="45.772201" lon="7.34746">
        <ele>1254.1</ele>
      </trkpt>
      <trkpt lat="45.772225" lon="7.347328">
        <ele>1255.3</ele>
      </trkpt>
      <trkpt lat="45.772223" lon="7.347271">
        <ele>1255.8</ele>
      </trkpt>
      <trkpt lat="45.772214" lon="7.347151">
        <ele>1257.1</ele>
      </trkpt>
      <trkpt lat="45.772189" lon="7.347018">
        <ele>1258.2</ele>
      </trkpt>
      <trkpt lat="45.772173" lon="7.346914">
        <ele>1259.7</ele>
      </trkpt>
      <trkpt lat="45.772217" lon="7.34682">
        <ele>1263.5</ele>
      </trkpt>
      <trkpt lat="45.772227" lon="7.34679">
        <ele>1264.4</ele>
      </trkpt>
      <trkpt lat="45.772237" lon="7.346766">
        <ele>1265.2</ele>
      </trkpt>
      <trkpt lat="45.772243" lon="7.346745">
        <ele>1265.8</ele>
      </trkpt>
      <trkpt lat="45.772256" lon="7.346723">
        <ele>1266.6</ele>
      </trkpt>
      <trkpt lat="45.772266" lon="7.346706">
        <ele>1267.2</ele>
      </trkpt>
      <trkpt lat="45.772278" lon="7.346692">
        <ele>1267.9</ele>
      </trkpt>
      <trkpt lat="45.772307" lon="7.3467">
        <ele>1268.8</ele>
      </trkpt>
      <trkpt lat="45.772409" lon="7.346778">
        <ele>1272.0</ele>
      </trkpt>
      <trkpt lat="45.772427" lon="7.346723">
        <ele>1272.7</ele>
      </trkpt>
      <trkpt lat="45.772442" lon="7.346715">
        <ele>1273.1</ele>
      </trkpt>
      <trkpt lat="45.772491" lon="7.346723">
        <ele>1274.7</ele>
      </trkpt>
      <trkpt lat="45.772569" lon="7.346717">
        <ele>1276.9</ele>
      </trkpt>
      <trkpt lat="45.772704" lon="7.346694">
        <ele>1279.3</ele>
      </trkpt>
      <trkpt lat="45.772946" lon="7.346549">
        <ele>1276.7</ele>
      </trkpt>
      <trkpt lat="45.773095" lon="7.34647">
        <ele>1276.3</ele>
      </trkpt>
      <trkpt lat="45.773241" lon="7.346452">
        <ele>1277.5</ele>
      </trkpt>
      <trkpt lat="45.773361" lon="7.346404">
        <ele>1276.9</ele>
      </trkpt>
      <trkpt lat="45.773529" lon="7.346305">
        <ele>1277.3</ele>
      </trkpt>
      <trkpt lat="45.773662" lon="7.346206">
        <ele>1276.6</ele>
      </trkpt>
      <trkpt lat="45.77374" lon="7.346188">
        <ele>1277.6</ele>
      </trkpt>
      <trkpt lat="45.773918" lon="7.346182">
        <ele>1279.0</ele>
      </trkpt>
      <trkpt lat="45.77404" lon="7.34617">
        <ele>1280.2</ele>
        <name>Parleaz, Saint Christophe</name>
        <extensions>
          <oa:Extension>
            <oa:mapZoom>17</oa:mapZoom>
          </oa:Extension>
        </extensions>
      </trkpt>
      <trkpt lat="45.774142" lon="7.34616">
        <ele>1281.3</ele>
      </trkpt>
      <trkpt lat="45.774331" lon="7.346165">
        <ele>1283.5</ele>
      </trkpt>
      <trkpt lat="45.774545" lon="7.346226">
        <ele>1282.6</ele>
      </trkpt>
      <trkpt lat="45.774689" lon="7.34627">
        <ele>1285.9</ele>
      </trkpt>
      <trkpt lat="45.774738" lon="7.34628">
        <ele>1286.3</ele>
      </trkpt>
      <trkpt lat="45.774781" lon="7.346274">
        <ele>1286.4</ele>
      </trkpt>
      <trkpt lat="45.774807" lon="7.346262">
        <ele>1286.3</ele>
      </trkpt>
      <trkpt lat="45.774848" lon="7.346204">
        <ele>1286.8</ele>
      </trkpt>
      <trkpt lat="45.774858" lon="7.346134">
        <ele>1288.6</ele>
      </trkpt>
      <trkpt lat="45.774835" lon="7.346012">
        <ele>1291.9</ele>
      </trkpt>
      <trkpt lat="45.774771" lon="7.345919">
        <ele>1291.1</ele>
      </trkpt>
      <trkpt lat="45.774713" lon="7.345838">
        <ele>1290.9</ele>
      </trkpt>
      <trkpt lat="45.774675" lon="7.345777">
        <ele>1291.9</ele>
      </trkpt>
      <trkpt lat="45.77468" lon="7.34571">
        <ele>1295.2</ele>
      </trkpt>
      <trkpt lat="45.7747" lon="7.345701">
        <ele>1296.3</ele>
      </trkpt>
      <trkpt lat="45.774741" lon="7.345706">
        <ele>1297.6</ele>
      </trkpt>
      <trkpt lat="45.774781" lon="7.345723">
        <ele>1298.4</ele>
      </trkpt>
      <trkpt lat="45.774819" lon="7.345754">
        <ele>1298.8</ele>
      </trkpt>
      <trkpt lat="45.774853" lon="7.345774">
        <ele>1299.8</ele>
      </trkpt>
      <trkpt lat="45.774872" lon="7.345768">
        <ele>1300.9</ele>
      </trkpt>
      <trkpt lat="45.774866" lon="7.345729">
        <ele>1302.0</ele>
      </trkpt>
      <trkpt lat="45.774812" lon="7.345672">
        <ele>1301.9</ele>
      </trkpt>
      <trkpt lat="45.77479" lon="7.345644">
        <ele>1302.3</ele>
      </trkpt>
      <trkpt lat="45.774775" lon="7.345625">
        <ele>1302.7</ele>
      </trkpt>
      <trkpt lat="45.774762" lon="7.345578">
        <ele>1304.5</ele>
      </trkpt>
      <trkpt lat="45.77477" lon="7.345562">
        <ele>1305.7</ele>
      </trkpt>
      <trkpt lat="45.774805" lon="7.345563">
        <ele>1307.1</ele>
      </trkpt>
      <trkpt lat="45.774837" lon="7.345588">
        <ele>1307.1</ele>
      </trkpt>
      <trkpt lat="45.774862" lon="7.345607">
        <ele>1307.2</ele>
      </trkpt>
      <trkpt lat="45.774902" lon="7.345617">
        <ele>1308.5</ele>
      </trkpt>
      <trkpt lat="45.774923" lon="7.345621">
        <ele>1309.2</ele>
      </trkpt>
      <trkpt lat="45.774945" lon="7.345609">
        <ele>1310.7</ele>
      </trkpt>
      <trkpt lat="45.774949" lon="7.345569">
        <ele>1312.5</ele>
      </trkpt>
      <trkpt lat="45.77491" lon="7.345489">
        <ele>1314.7</ele>
      </trkpt>
      <trkpt lat="45.774864" lon="7.34544">
        <ele>1315.8</ele>
      </trkpt>
      <trkpt lat="45.774791" lon="7.345401">
        <ele>1314.9</ele>
      </trkpt>
      <trkpt lat="45.774714" lon="7.345299">
        <ele>1316.9</ele>
      </trkpt>
      <trkpt lat="45.774647" lon="7.345214">
        <ele>1319.5</ele>
      </trkpt>
      <trkpt lat="45.774642" lon="7.345152">
        <ele>1323.5</ele>
      </trkpt>
      <trkpt lat="45.774689" lon="7.345119">
        <ele>1327.6</ele>
      </trkpt>
      <trkpt lat="45.774735" lon="7.345113">
        <ele>1329.9</ele>
      </trkpt>
      <trkpt lat="45.774845" lon="7.345115">
        <ele>1334.1</ele>
      </trkpt>
      <trkpt lat="45.774926" lon="7.345145">
        <ele>1334.5</ele>
      </trkpt>
      <trkpt lat="45.775023" lon="7.345205">
        <ele>1333.1</ele>
      </trkpt>
      <trkpt lat="45.775096" lon="7.345277">
        <ele>1331.6</ele>
      </trkpt>
      <trkpt lat="45.775159" lon="7.345362">
        <ele>1331.2</ele>
      </trkpt>
      <trkpt lat="45.775197" lon="7.345418">
        <ele>1331.8</ele>
      </trkpt>
      <trkpt lat="45.77525" lon="7.345456">
        <ele>1334.4</ele>
      </trkpt>
      <trkpt lat="45.775278" lon="7.345456">
        <ele>1336.5</ele>
      </trkpt>
      <trkpt lat="45.775317" lon="7.345385">
        <ele>1342.0</ele>
      </trkpt>
      <trkpt lat="45.77532" lon="7.345352">
        <ele>1343.7</ele>
      </trkpt>
      <trkpt lat="45.775307" lon="7.345306">
        <ele>1344.5</ele>
      </trkpt>
      <trkpt lat="45.775273" lon="7.34523">
        <ele>1344.7</ele>
      </trkpt>
      <trkpt lat="45.775243" lon="7.345093">
        <ele>1347.7</ele>
      </trkpt>
      <trkpt lat="45.775241" lon="7.344983">
        <ele>1352.0</ele>
      </trkpt>
      <trkpt lat="45.775258" lon="7.344951">
        <ele>1353.2</ele>
      </trkpt>
      <trkpt lat="45.775292" lon="7.344915">
        <ele>1354.5</ele>
      </trkpt>
      <trkpt lat="45.775334" lon="7.344917">
        <ele>1355.3</ele>
      </trkpt>
      <trkpt lat="45.775367" lon="7.344898">
        <ele>1356.3</ele>
      </trkpt>
      <trkpt lat="45.775378" lon="7.344861">
        <ele>1357.0</ele>
      </trkpt>
      <trkpt lat="45.775388" lon="7.344832">
        <ele>1357.6</ele>
      </trkpt>
      <trkpt lat="45.775398" lon="7.344801">
        <ele>1358.3</ele>
      </trkpt>
      <trkpt lat="45.77541" lon="7.344761">
        <ele>1359.1</ele>
      </trkpt>
      <trkpt lat="45.775432" lon="7.344726">
        <ele>1360.1</ele>
      </trkpt>
      <trkpt lat="45.775447" lon="7.344686">
        <ele>1361.0</ele>
      </trkpt>
      <trkpt lat="45.775465" lon="7.344649">
        <ele>1361.9</ele>
      </trkpt>
      <trkpt lat="45.775471" lon="7.344599">
        <ele>1362.9</ele>
      </trkpt>
      <trkpt lat="45.775459" lon="7.344518">
        <ele>1364.0</ele>
      </trkpt>
      <trkpt lat="45.775441" lon="7.344438">
        <ele>1364.9</ele>
      </trkpt>
      <trkpt lat="45.775444" lon="7.344347">
        <ele>1367.1</ele>
      </trkpt>
      <trkpt lat="45.775484" lon="7.344308">
        <ele>1369.8</ele>
      </trkpt>
      <trkpt lat="45.775542" lon="7.34432">
        <ele>1372.0</ele>
      </trkpt>
      <trkpt lat="45.77564" lon="7.344358">
        <ele>1374.7</ele>
      </trkpt>
      <trkpt lat="45.775741" lon="7.3444">
        <ele>1377.3</ele>
      </trkpt>
      <trkpt lat="45.775914" lon="7.344456">
        <ele>1383.0</ele>
      </trkpt>
      <trkpt lat="45.776036" lon="7.34447">
        <ele>1386.8</ele>
      </trkpt>
      <trkpt lat="45.776146" lon="7.344463">
        <ele>1388.8</ele>
      </trkpt>
      <trkpt lat="45.776143" lon="7.344426">
        <ele>1389.1</ele>
      </trkpt>
      <trkpt lat="45.776093" lon="7.344384">
        <ele>1389.0</ele>
      </trkpt>
      <trkpt lat="45.776008" lon="7.344257">
        <ele>1391.4</ele>
      </trkpt>
      <trkpt lat="45.775937" lon="7.344092">
        <ele>1394.5</ele>
      </trkpt>
      <trkpt lat="45.775924" lon="7.343927">
        <ele>1400.1</ele>
      </trkpt>
      <trkpt lat="45.775969" lon="7.343918">
        <ele>1403.1</ele>
      </trkpt>
      <trkpt lat="45.77606" lon="7.343995">
        <ele>1405.7</ele>
      </trkpt>
      <trkpt lat="45.776134" lon="7.344023">
        <ele>1406.7</ele>
      </trkpt>
      <trkpt lat="45.776211" lon="7.344021">
        <ele>1407.5</ele>
      </trkpt>
      <trkpt lat="45.7763" lon="7.343982">
        <ele>1410.8</ele>
      </trkpt>
      <trkpt lat="45.77634" lon="7.343904">
        <ele>1415.2</ele>
      </trkpt>
      <trkpt lat="45.776286" lon="7.343866">
        <ele>1416.8</ele>
      </trkpt>
      <trkpt lat="45.776196" lon="7.343789">
        <ele>1418.9</ele>
      </trkpt>
      <trkpt lat="45.776132" lon="7.343696">
        <ele>1420.9</ele>
      </trkpt>
      <trkpt lat="45.776071" lon="7.343511">
        <ele>1424.9</ele>
      </trkpt>
      <trkpt lat="45.776067" lon="7.3434">
        <ele>1428.4</ele>
      </trkpt>
      <trkpt lat="45.776118" lon="7.343353">
        <ele>1431.7</ele>
      </trkpt>
      <trkpt lat="45.776208" lon="7.343367">
        <ele>1434.5</ele>
      </trkpt>
      <trkpt lat="45.776277" lon="7.343396">
        <ele>1435.5</ele>
      </trkpt>
      <trkpt lat="45.776308" lon="7.343374">
        <ele>1437.0</ele>
      </trkpt>
      <trkpt lat="45.77627" lon="7.343304">
        <ele>1439.0</ele>
      </trkpt>
      <trkpt lat="45.776134" lon="7.343191">
        <ele>1439.9</ele>
      </trkpt>
      <trkpt lat="45.776015" lon="7.343068">
        <ele>1444.3</ele>
      </trkpt>
      <trkpt lat="45.775861" lon="7.342967">
        <ele>1448.7</ele>
      </trkpt>
      <trkpt lat="45.775783" lon="7.342843">
        <ele>1452.2</ele>
      </trkpt>
      <trkpt lat="45.775702" lon="7.342589">
        <ele>1458.9</ele>
      </trkpt>
      <trkpt lat="45.775639" lon="7.34232">
        <ele>1464.6</ele>
      </trkpt>
      <trkpt lat="45.775645" lon="7.342132">
        <ele>1465.2</ele>
      </trkpt>
      <trkpt lat="45.775685" lon="7.341773">
        <ele>1466.1</ele>
      </trkpt>
      <trkpt lat="45.775734" lon="7.341474">
        <ele>1466.5</ele>
      </trkpt>
      <trkpt lat="45.775802" lon="7.341084">
        <ele>1468.0</ele>
      </trkpt>
      <trkpt lat="45.775896" lon="7.34069">
        <ele>1469.7</ele>
      </trkpt>
      <trkpt lat="45.775942" lon="7.340435">
        <ele>1469.7</ele>
      </trkpt>
      <trkpt lat="45.776002" lon="7.340263">
        <ele>1469.7</ele>
      </trkpt>
      <trkpt lat="45.776037" lon="7.340164">
        <ele>1469.8</ele>
      </trkpt>
      <trkpt lat="45.776084" lon="7.340123">
        <ele>1470.2</ele>
      </trkpt>
      <trkpt lat="45.776137" lon="7.340116">
        <ele>1470.6</ele>
      </trkpt>
      <trkpt lat="45.776153" lon="7.340146">
        <ele>1471.0</ele>
      </trkpt>
      <trkpt lat="45.776174" lon="7.340167">
        <ele>1471.3</ele>
      </trkpt>
      <trkpt lat="45.776224" lon="7.340205">
        <ele>1472.0</ele>
      </trkpt>
      <trkpt lat="45.776249" lon="7.340229">
        <ele>1472.4</ele>
      </trkpt>
      <trkpt lat="45.776263" lon="7.340279">
        <ele>1472.7</ele>
      </trkpt>
      <trkpt lat="45.776286" lon="7.340313">
        <ele>1473.0</ele>
      </trkpt>
      <trkpt lat="45.776328" lon="7.340346">
        <ele>1473.4</ele>
      </trkpt>
      <trkpt lat="45.776452" lon="7.340408">
        <ele>1475.0</ele>
      </trkpt>
      <trkpt lat="45.776525" lon="7.340445">
        <ele>1476.0</ele>
      </trkpt>
      <trkpt lat="45.776622" lon="7.34046">
        <ele>1477.9</ele>
      </trkpt>
      <trkpt lat="45.776683" lon="7.340407">
        <ele>1479.2</ele>
      </trkpt>
      <trkpt lat="45.776717" lon="7.340336">
        <ele>1480.2</ele>
      </trkpt>
      <trkpt lat="45.776733" lon="7.340194">
        <ele>1481.0</ele>
      </trkpt>
      <trkpt lat="45.776723" lon="7.34008">
        <ele>1481.3</ele>
      </trkpt>
      <trkpt lat="45.776661" lon="7.339693">
        <ele>1484.0</ele>
      </trkpt>
      <trkpt lat="45.776925" lon="7.339895">
        <ele>1493.5</ele>
      </trkpt>
      <trkpt lat="45.777018" lon="7.340097">
        <ele>1495.6</ele>
      </trkpt>
      <trkpt lat="45.777175" lon="7.340366">
        <ele>1500.3</ele>
      </trkpt>
      <trkpt lat="45.777201" lon="7.340382">
        <ele>1501.2</ele>
      </trkpt>
      <trkpt lat="45.777208" lon="7.340344">
        <ele>1501.9</ele>
      </trkpt>
      <trkpt lat="45.777193" lon="7.340243">
        <ele>1502.6</ele>
      </trkpt>
      <trkpt lat="45.777223" lon="7.340193">
        <ele>1504.2</ele>
      </trkpt>
      <trkpt lat="45.777373" lon="7.340586">
        <ele>1508.0</ele>
      </trkpt>
      <trkpt lat="45.777612" lon="7.34088">
        <ele>1513.7</ele>
      </trkpt>
      <trkpt lat="45.777751" lon="7.340967">
        <ele>1517.3</ele>
      </trkpt>
      <trkpt lat="45.777826" lon="7.341057">
        <ele>1518.7</ele>
      </trkpt>
      <trkpt lat="45.777998" lon="7.341379">
        <ele>1523.6</ele>
      </trkpt>
      <trkpt lat="45.778093" lon="7.341696">
        <ele>1529.2</ele>
      </trkpt>
      <trkpt lat="45.778161" lon="7.342178">
        <ele>1532.1</ele>
      </trkpt>
      <trkpt lat="45.778342" lon="7.342341">
        <ele>1532.5</ele>
      </trkpt>
      <trkpt lat="45.778653" lon="7.342568">
        <ele>1532.6</ele>
      </trkpt>
      <trkpt lat="45.778749" lon="7.342631">
        <ele>1533.5</ele>
      </trkpt>
      <trkpt lat="45.778865" lon="7.342624">
        <ele>1538.6</ele>
      </trkpt>
      <trkpt lat="45.779033" lon="7.342751">
        <ele>1539.8</ele>
      </trkpt>
      <trkpt lat="45.779085" lon="7.342766">
        <ele>1540.7</ele>
      </trkpt>
      <trkpt lat="45.779143" lon="7.34273">
        <ele>1544.0</ele>
      </trkpt>
      <trkpt lat="45.779249" lon="7.342754">
        <ele>1545.6</ele>
      </trkpt>
      <trkpt lat="45.779402" lon="7.342702">
        <ele>1552.4</ele>
      </trkpt>
      <trkpt lat="45.779577" lon="7.342768">
        <ele>1554.7</ele>
      </trkpt>
      <trkpt lat="45.779734" lon="7.342886">
        <ele>1556.2</ele>
      </trkpt>
      <trkpt lat="45.779813" lon="7.342964">
        <ele>1556.9</ele>
      </trkpt>
      <trkpt lat="45.779869" lon="7.343064">
        <ele>1556.1</ele>
      </trkpt>
      <trkpt lat="45.779911" lon="7.343108">
        <ele>1556.6</ele>
      </trkpt>
      <trkpt lat="45.780085" lon="7.343164">
        <ele>1560.9</ele>
      </trkpt>
      <trkpt lat="45.780131" lon="7.343166">
        <ele>1562.5</ele>
      </trkpt>
      <trkpt lat="45.780178" lon="7.343211">
        <ele>1562.5</ele>
      </trkpt>
      <trkpt lat="45.780284" lon="7.34336">
        <ele>1562.1</ele>
      </trkpt>
      <trkpt lat="45.780367" lon="7.343413">
        <ele>1564.0</ele>
      </trkpt>
      <trkpt lat="45.780542" lon="7.343507">
        <ele>1567.5</ele>
      </trkpt>
      <trkpt lat="45.780768" lon="7.343572">
        <ele>1573.8</ele>
      </trkpt>
      <trkpt lat="45.78109" lon="7.343747">
        <ele>1582.7</ele>
      </trkpt>
      <trkpt lat="45.781195" lon="7.343757">
        <ele>1586.6</ele>
      </trkpt>
      <trkpt lat="45.781418" lon="7.343735">
        <ele>1594.8</ele>
      </trkpt>
      <trkpt lat="45.781707" lon="7.343804">
        <ele>1596.5</ele>
      </trkpt>
      <trkpt lat="45.781985" lon="7.343981">
        <ele>1604.6</ele>
      </trkpt>
      <trkpt lat="45.782263" lon="7.344158">
        <ele>1614.2</ele>
      </trkpt>
      <trkpt lat="45.782599" lon="7.344426">
        <ele>1622.7</ele>
      </trkpt>
      <trkpt lat="45.782865" lon="7.344705">
        <ele>1628.6</ele>
      </trkpt>
      <trkpt lat="45.782921" lon="7.344602">
        <ele>1632.7</ele>
      </trkpt>
      <trkpt lat="45.782963" lon="7.34462">
        <ele>1633.5</ele>
      </trkpt>
      <trkpt lat="45.783106" lon="7.344673">
        <ele>1634.7</ele>
      </trkpt>
      <trkpt lat="45.78323" lon="7.344745">
        <ele>1634.6</ele>
      </trkpt>
      <trkpt lat="45.783369" lon="7.344916">
        <ele>1637.2</ele>
      </trkpt>
      <trkpt lat="45.783465" lon="7.34503">
        <ele>1639.7</ele>
      </trkpt>
      <trkpt lat="45.783568" lon="7.345134">
        <ele>1641.9</ele>
      </trkpt>
      <trkpt lat="45.783673" lon="7.34527">
        <ele>1644.1</ele>
      </trkpt>
      <trkpt lat="45.783726" lon="7.345231">
        <ele>1645.8</ele>
      </trkpt>
      <trkpt lat="45.783792" lon="7.34519">
        <ele>1648.1</ele>
      </trkpt>
      <trkpt lat="45.783867" lon="7.345228">
        <ele>1650.5</ele>
      </trkpt>
      <trkpt lat="45.783935" lon="7.345286">
        <ele>1653.4</ele>
      </trkpt>
      <trkpt lat="45.783978" lon="7.345336">
        <ele>1655.1</ele>
      </trkpt>
      <trkpt lat="45.784038" lon="7.345343">
        <ele>1656.4</ele>
      </trkpt>
      <trkpt lat="45.784117" lon="7.345284">
        <ele>1658.0</ele>
      </trkpt>
      <trkpt lat="45.784157" lon="7.345233">
        <ele>1659.0</ele>
      </trkpt>
      <trkpt lat="45.784212" lon="7.345167">
        <ele>1661.2</ele>
      </trkpt>
      <trkpt lat="45.78422" lon="7.345263">
        <ele>1661.1</ele>
      </trkpt>
      <trkpt lat="45.78423" lon="7.345341">
        <ele>1661.7</ele>
      </trkpt>
      <trkpt lat="45.784242" lon="7.345379">
        <ele>1662.1</ele>
      </trkpt>
      <trkpt lat="45.784264" lon="7.345399">
        <ele>1662.8</ele>
      </trkpt>
      <trkpt lat="45.784289" lon="7.345393">
        <ele>1663.9</ele>
      </trkpt>
      <trkpt lat="45.78435" lon="7.345478">
        <ele>1664.8</ele>
      </trkpt>
      <trkpt lat="45.784612" lon="7.345419">
        <ele>1673.8</ele>
      </trkpt>
      <trkpt lat="45.784717" lon="7.345242">
        <ele>1679.4</ele>
      </trkpt>
      <trkpt lat="45.784919" lon="7.345222">
        <ele>1686.7</ele>
      </trkpt>
      <trkpt lat="45.785139" lon="7.345274">
        <ele>1697.3</ele>
      </trkpt>
      <trkpt lat="45.785233" lon="7.345285">
        <ele>1702.4</ele>
      </trkpt>
      <trkpt lat="45.785354" lon="7.345156">
        <ele>1708.2</ele>
      </trkpt>
      <trkpt lat="45.785431" lon="7.34522">
        <ele>1711.0</ele>
      </trkpt>
      <trkpt lat="45.785558" lon="7.345268">
        <ele>1716.4</ele>
      </trkpt>
      <trkpt lat="45.785689" lon="7.345263">
        <ele>1720.9</ele>
      </trkpt>
      <trkpt lat="45.785719" lon="7.345113">
        <ele>1723.3</ele>
      </trkpt>
      <trkpt lat="45.785715" lon="7.345009">
        <ele>1725.0</ele>
      </trkpt>
      <trkpt lat="45.785705" lon="7.344804">
        <ele>1729.2</ele>
      </trkpt>
      <trkpt lat="45.785774" lon="7.344708">
        <ele>1735.5</ele>
      </trkpt>
      <trkpt lat="45.78592" lon="7.344796">
        <ele>1739.5</ele>
      </trkpt>
      <trkpt lat="45.785966" lon="7.344818">
        <ele>1740.2</ele>
      </trkpt>
      <trkpt lat="45.786162" lon="7.344899">
        <ele>1742.8</ele>
      </trkpt>
      <trkpt lat="45.786172" lon="7.344977">
        <ele>1740.1</ele>
      </trkpt>
      <trkpt lat="45.786342" lon="7.344996">
        <ele>1747.9</ele>
      </trkpt>
      <trkpt lat="45.786524" lon="7.344938">
        <ele>1758.8</ele>
      </trkpt>
      <trkpt lat="45.786613" lon="7.344816">
        <ele>1765.7</ele>
      </trkpt>
      <trkpt lat="45.786748" lon="7.34497">
        <ele>1774.6</ele>
      </trkpt>
      <trkpt lat="45.786825" lon="7.345149">
        <ele>1780.1</ele>
      </trkpt>
      <trkpt lat="45.786882" lon="7.345246">
        <ele>1782.5</ele>
      </trkpt>
      <trkpt lat="45.786964" lon="7.345418">
        <ele>1785.4</ele>
      </trkpt>
      <trkpt lat="45.786984" lon="7.345539">
        <ele>1784.9</ele>
      </trkpt>
      <trkpt lat="45.786981" lon="7.345617">
        <ele>1785.1</ele>
      </trkpt>
      <trkpt lat="45.78689" lon="7.345886">
        <ele>1789.3</ele>
      </trkpt>
      <trkpt lat="45.786838" lon="7.346038">
        <ele>1792.5</ele>
      </trkpt>
      <trkpt lat="45.786772" lon="7.346437">
        <ele>1800.2</ele>
      </trkpt>
      <trkpt lat="45.786826" lon="7.34684">
        <ele>1804.4</ele>
      </trkpt>
      <trkpt lat="45.786886" lon="7.346996">
        <ele>1810.6</ele>
      </trkpt>
      <trkpt lat="45.786943" lon="7.347072">
        <ele>1816.0</ele>
      </trkpt>
      <trkpt lat="45.786963" lon="7.347269">
        <ele>1822.2</ele>
      </trkpt>
      <trkpt lat="45.786911" lon="7.347405">
        <ele>1823.8</ele>
      </trkpt>
      <trkpt lat="45.786989" lon="7.347421">
        <ele>1827.7</ele>
      </trkpt>
      <trkpt lat="45.787116" lon="7.347344">
        <ele>1831.3</ele>
      </trkpt>
      <trkpt lat="45.787146" lon="7.347173">
        <ele>1831.4</ele>
      </trkpt>
      <trkpt lat="45.7872" lon="7.347134">
        <ele>1834.7</ele>
      </trkpt>
      <trkpt lat="45.787254" lon="7.347197">
        <ele>1838.5</ele>
      </trkpt>
      <trkpt lat="45.787284" lon="7.347265">
        <ele>1840.7</ele>
      </trkpt>
      <trkpt lat="45.787316" lon="7.347459">
        <ele>1845.6</ele>
      </trkpt>
      <trkpt lat="45.787291" lon="7.347649">
        <ele>1849.9</ele>
      </trkpt>
      <trkpt lat="45.787233" lon="7.347731">
        <ele>1850.0</ele>
      </trkpt>
      <trkpt lat="45.787207" lon="7.347813">
        <ele>1850.9</ele>
      </trkpt>
      <trkpt lat="45.787234" lon="7.347867">
        <ele>1853.7</ele>
      </trkpt>
      <trkpt lat="45.787288" lon="7.347908">
        <ele>1858.0</ele>
      </trkpt>
      <trkpt lat="45.787395" lon="7.347763">
        <ele>1859.2</ele>
      </trkpt>
      <trkpt lat="45.787383" lon="7.34786">
        <ele>1862.1</ele>
      </trkpt>
      <trkpt lat="45.787361" lon="7.348042">
        <ele>1863.3</ele>
      </trkpt>
      <trkpt lat="45.78753" lon="7.347913">
        <ele>1871.3</ele>
      </trkpt>
      <trkpt lat="45.787541" lon="7.348293">
        <ele>1877.5</ele>
      </trkpt>
      <trkpt lat="45.787616" lon="7.348407">
        <ele>1883.3</ele>
      </trkpt>
      <trkpt lat="45.787706" lon="7.348316">
        <ele>1890.0</ele>
      </trkpt>
      <trkpt lat="45.787864" lon="7.348009">
        <ele>1896.8</ele>
      </trkpt>
      <trkpt lat="45.788005" lon="7.347923">
        <ele>1899.8</ele>
      </trkpt>
      <trkpt lat="45.788044" lon="7.34806">
        <ele>1906.4</ele>
      </trkpt>
      <trkpt lat="45.788037" lon="7.348449">
        <ele>1916.8</ele>
      </trkpt>
      <trkpt lat="45.788035" lon="7.348573">
        <ele>1919.4</ele>
      </trkpt>
      <trkpt lat="45.787968" lon="7.349059">
        <ele>1927.3</ele>
      </trkpt>
      <trkpt lat="45.787799" lon="7.349378">
        <ele>1932.7</ele>
      </trkpt>
      <trkpt lat="45.787646" lon="7.34958">
        <ele>1934.5</ele>
      </trkpt>
      <trkpt lat="45.787567" lon="7.34985">
        <ele>1940.9</ele>
      </trkpt>
      <trkpt lat="45.787421" lon="7.35015">
        <ele>1944.4</ele>
      </trkpt>
      <trkpt lat="45.787358" lon="7.350467">
        <ele>1950.4</ele>
      </trkpt>
      <trkpt lat="45.787294" lon="7.350783">
        <ele>1958.3</ele>
      </trkpt>
      <trkpt lat="45.787132" lon="7.351005">
        <ele>1961.5</ele>
      </trkpt>
      <trkpt lat="45.787047" lon="7.351228">
        <ele>1968.1</ele>
      </trkpt>
      <trkpt lat="45.786842" lon="7.351502">
        <ele>1972.5</ele>
      </trkpt>
      <trkpt lat="45.786673" lon="7.351856">
        <ele>1980.4</ele>
      </trkpt>
      <trkpt lat="45.786767" lon="7.351856">
        <ele>1984.3</ele>
      </trkpt>
      <trkpt lat="45.786659" lon="7.352165">
        <ele>1990.9</ele>
      </trkpt>
      <trkpt lat="45.78669" lon="7.352244">
        <ele>1995.0</ele>
      </trkpt>
      <trkpt lat="45.786767" lon="7.352161">
        <ele>1996.2</ele>
      </trkpt>
      <trkpt lat="45.786827" lon="7.352208">
        <ele>2000.6</ele>
      </trkpt>
      <trkpt lat="45.7867" lon="7.35248">
        <ele>2003.2</ele>
      </trkpt>
      <trkpt lat="45.786537" lon="7.352835">
        <ele>2005.3</ele>
      </trkpt>
      <trkpt lat="45.786525" lon="7.352895">
        <ele>2006.4</ele>
      </trkpt>
      <trkpt lat="45.786494" lon="7.352944">
        <ele>2006.0</ele>
      </trkpt>
      <trkpt lat="45.786473" lon="7.353045">
        <ele>2006.9</ele>
      </trkpt>
      <trkpt lat="45.786433" lon="7.35313">
        <ele>2006.6</ele>
      </trkpt>
      <trkpt lat="45.786374" lon="7.353232">
        <ele>2006.3</ele>
      </trkpt>
      <trkpt lat="45.786332" lon="7.353569">
        <ele>2010.8</ele>
      </trkpt>
      <trkpt lat="45.786291" lon="7.353905">
        <ele>2013.5</ele>
      </trkpt>
      <trkpt lat="45.786129" lon="7.354199">
        <ele>2013.9</ele>
      </trkpt>
      <trkpt lat="45.786143" lon="7.354661">
        <ele>2017.1</ele>
      </trkpt>
      <trkpt lat="45.786213" lon="7.354958">
        <ele>2021.0</ele>
      </trkpt>
      <trkpt lat="45.786207" lon="7.355122">
        <ele>2024.9</ele>
      </trkpt>
      <trkpt lat="45.786145" lon="7.355209">
        <ele>2022.1</ele>
      </trkpt>
      <trkpt lat="45.786129" lon="7.355524">
        <ele>2025.6</ele>
      </trkpt>
      <trkpt lat="45.786071" lon="7.355789">
        <ele>2025.1</ele>
      </trkpt>
      <trkpt lat="45.786073" lon="7.355927">
        <ele>2028.5</ele>
      </trkpt>
      <trkpt lat="45.786001" lon="7.356169">
        <ele>2031.9</ele>
      </trkpt>
      <trkpt lat="45.785964" lon="7.356429">
        <ele>2031.8</ele>
      </trkpt>
      <trkpt lat="45.786055" lon="7.356679">
        <ele>2039.4</ele>
      </trkpt>
      <trkpt lat="45.786017" lon="7.356812">
        <ele>2042.3</ele>
      </trkpt>
      <trkpt lat="45.786032" lon="7.356899">
        <ele>2045.9</ele>
      </trkpt>
      <trkpt lat="45.785976" lon="7.356982">
        <ele>2048.0</ele>
      </trkpt>
      <trkpt lat="45.78588" lon="7.356993">
        <ele>2047.5</ele>
      </trkpt>
      <trkpt lat="45.785846" lon="7.357038">
        <ele>2049.1</ele>
      </trkpt>
      <trkpt lat="45.785918" lon="7.357086">
        <ele>2051.9</ele>
      </trkpt>
      <trkpt lat="45.785813" lon="7.35721">
        <ele>2056.1</ele>
      </trkpt>
      <trkpt lat="45.785876" lon="7.357279">
        <ele>2059.2</ele>
      </trkpt>
      <trkpt lat="45.785738" lon="7.35744">
        <ele>2062.1</ele>
      </trkpt>
      <trkpt lat="45.785796" lon="7.357479">
        <ele>2064.4</ele>
      </trkpt>
      <trkpt lat="45.785855" lon="7.357501">
        <ele>2065.6</ele>
      </trkpt>
      <trkpt lat="45.785876" lon="7.357612">
        <ele>2069.7</ele>
      </trkpt>
      <trkpt lat="45.786018" lon="7.357722">
        <ele>2074.1</ele>
      </trkpt>
      <trkpt lat="45.785935" lon="7.357786">
        <ele>2075.9</ele>
      </trkpt>
      <trkpt lat="45.785731" lon="7.35784">
        <ele>2075.6</ele>
        <name>105-25-25B, Saint Christophe</name>
        <extensions>
          <oa:Extension>
            <oa:mapZoom>16</oa:mapZoom>
          </oa:Extension>
        </extensions>
      </trkpt>
      <trkpt lat="45.785524" lon="7.357895">
        <ele>2075.2</ele>
      </trkpt>
      <trkpt lat="45.785381" lon="7.35794">
        <ele>2075.0</ele>
      </trkpt>
      <trkpt lat="45.785091" lon="7.358049">
        <ele>2077.6</ele>
      </trkpt>
      <trkpt lat="45.78476" lon="7.358004">
        <ele>2080.2</ele>
      </trkpt>
      <trkpt lat="45.784362" lon="7.357947">
        <ele>2082.5</ele>
      </trkpt>
      <trkpt lat="45.784181" lon="7.357895">
        <ele>2085.7</ele>
      </trkpt>
      <trkpt lat="45.784154" lon="7.357769">
        <ele>2084.2</ele>
      </trkpt>
      <trkpt lat="45.783928" lon="7.357769">
        <ele>2087.7</ele>
      </trkpt>
      <trkpt lat="45.783702" lon="7.357769">
        <ele>2085.8</ele>
      </trkpt>
      <trkpt lat="45.783564" lon="7.357961">
        <ele>2085.3</ele>
      </trkpt>
      <trkpt lat="45.783449" lon="7.358205">
        <ele>2086.2</ele>
      </trkpt>
      <trkpt lat="45.783343" lon="7.358278">
        <ele>2083.8</ele>
      </trkpt>
      <trkpt lat="45.783177" lon="7.358605">
        <ele>2083.8</ele>
      </trkpt>
      <trkpt lat="45.783011" lon="7.358932">
        <ele>2085.6</ele>
      </trkpt>
      <trkpt lat="45.782913" lon="7.359087">
        <ele>2087.8</ele>
      </trkpt>
      <trkpt lat="45.78285" lon="7.359092">
        <ele>2088.0</ele>
      </trkpt>
      <trkpt lat="45.782544" lon="7.359053">
        <ele>2088.7</ele>
      </trkpt>
      <trkpt lat="45.782335" lon="7.359001">
        <ele>2088.6</ele>
      </trkpt>
      <trkpt lat="45.782136" lon="7.359011">
        <ele>2091.4</ele>
      </trkpt>
      <trkpt lat="45.781935" lon="7.359011">
        <ele>2094.8</ele>
      </trkpt>
      <trkpt lat="45.781772" lon="7.35906">
        <ele>2100.0</ele>
      </trkpt>
      <trkpt lat="45.781583" lon="7.359102">
        <ele>2103.5</ele>
      </trkpt>
      <trkpt lat="45.781389" lon="7.35917">
        <ele>2105.1</ele>
      </trkpt>
      <trkpt lat="45.781194" lon="7.359265">
        <ele>2106.2</ele>
      </trkpt>
      <trkpt lat="45.781" lon="7.35936">
        <ele>2103.7</ele>
      </trkpt>
      <trkpt lat="45.780914" lon="7.359501">
        <ele>2101.7</ele>
      </trkpt>
      <trkpt lat="45.780846" lon="7.359663">
        <ele>2099.3</ele>
      </trkpt>
      <trkpt lat="45.780801" lon="7.359926">
        <ele>2094.3</ele>
      </trkpt>
      <trkpt lat="45.780809" lon="7.360039">
        <ele>2094.5</ele>
        <name>Viou, Saint-Christophe</name>
        <extensions>
          <oa:Extension>
            <oa:mapZoom>16</oa:mapZoom>
          </oa:Extension>
        </extensions>
      </trkpt>
      <trkpt lat="45.780817" lon="7.360158">
        <ele>2094.8</ele>
      </trkpt>
      <trkpt lat="45.780775" lon="7.360317">
        <ele>2095.5</ele>
      </trkpt>
      <trkpt lat="45.78072" lon="7.360394">
        <ele>2094.8</ele>
      </trkpt>
      <trkpt lat="45.780831" lon="7.360529">
        <ele>2103.9</ele>
      </trkpt>
      <trkpt lat="45.78086" lon="7.360601">
        <ele>2106.4</ele>
      </trkpt>
      <trkpt lat="45.78094" lon="7.36067">
        <ele>2112.6</ele>
      </trkpt>
      <trkpt lat="45.781069" lon="7.360688">
        <ele>2121.0</ele>
      </trkpt>
      <trkpt lat="45.781226" lon="7.360682">
        <ele>2129.0</ele>
      </trkpt>
      <trkpt lat="45.781386" lon="7.360628">
        <ele>2136.0</ele>
      </trkpt>
      <trkpt lat="45.781497" lon="7.360505">
        <ele>2140.5</ele>
      </trkpt>
      <trkpt lat="45.781603" lon="7.360381">
        <ele>2142.6</ele>
      </trkpt>
      <trkpt lat="45.78173" lon="7.36025">
        <ele>2143.6</ele>
      </trkpt>
      <trkpt lat="45.781854" lon="7.360235">
        <ele>2145.3</ele>
      </trkpt>
      <trkpt lat="45.782053" lon="7.360228">
        <ele>2147.1</ele>
      </trkpt>
      <trkpt lat="45.78209" lon="7.360319">
        <ele>2150.5</ele>
      </trkpt>
      <trkpt lat="45.782091" lon="7.360428">
        <ele>2154.0</ele>
      </trkpt>
      <trkpt lat="45.782397" lon="7.360664">
        <ele>2164.1</ele>
      </trkpt>
      <trkpt lat="45.782622" lon="7.360777">
        <ele>2167.9</ele>
      </trkpt>
      <trkpt lat="45.782865" lon="7.360975">
        <ele>2173.4</ele>
      </trkpt>
      <trkpt lat="45.782988" lon="7.361013">
        <ele>2174.5</ele>
      </trkpt>
      <trkpt lat="45.783183" lon="7.361169">
        <ele>2182.2</ele>
      </trkpt>
      <trkpt lat="45.783404" lon="7.361212">
        <ele>2185.3</ele>
      </trkpt>
      <trkpt lat="45.783606" lon="7.36126">
        <ele>2189.0</ele>
      </trkpt>
      <trkpt lat="45.783864" lon="7.361196">
        <ele>2189.9</ele>
      </trkpt>
      <trkpt lat="45.783942" lon="7.361258">
        <ele>2194.5</ele>
      </trkpt>
      <trkpt lat="45.784096" lon="7.36111">
        <ele>2196.1</ele>
      </trkpt>
      <trkpt lat="45.784239" lon="7.361286">
        <ele>2202.9</ele>
      </trkpt>
      <trkpt lat="45.784293" lon="7.361319">
        <ele>2204.0</ele>
      </trkpt>
      <trkpt lat="45.784346" lon="7.361587">
        <ele>2208.8</ele>
      </trkpt>
      <trkpt lat="45.784352" lon="7.361731">
        <ele>2212.4</ele>
      </trkpt>
      <trkpt lat="45.784236" lon="7.361858">
        <ele>2218.3</ele>
      </trkpt>
      <trkpt lat="45.784059" lon="7.36196">
        <ele>2226.2</ele>
      </trkpt>
      <trkpt lat="45.783832" lon="7.362265">
        <ele>2241.1</ele>
      </trkpt>
      <trkpt lat="45.783702" lon="7.36235">
        <ele>2245.6</ele>
      </trkpt>
      <trkpt lat="45.783643" lon="7.362451">
        <ele>2250.2</ele>
      </trkpt>
      <trkpt lat="45.783534" lon="7.362841">
        <ele>2260.5</ele>
      </trkpt>
      <trkpt lat="45.783483" lon="7.363074">
        <ele>2267.3</ele>
      </trkpt>
      <trkpt lat="45.783362" lon="7.363374">
        <ele>2273.9</ele>
      </trkpt>
      <trkpt lat="45.783235" lon="7.363925">
        <ele>2285.6</ele>
      </trkpt>
      <trkpt lat="45.783111" lon="7.364412">
        <ele>2292.2</ele>
      </trkpt>
      <trkpt lat="45.783043" lon="7.365043">
        <ele>2301.2</ele>
      </trkpt>
      <trkpt lat="45.783052" lon="7.365309">
        <ele>2304.1</ele>
      </trkpt>
      <trkpt lat="45.783079" lon="7.36539">
        <ele>2302.1</ele>
      </trkpt>
      <trkpt lat="45.783185" lon="7.365534">
        <ele>2301.7</ele>
      </trkpt>
      <trkpt lat="45.783424" lon="7.366067">
        <ele>2303.8</ele>
      </trkpt>
      <trkpt lat="45.783601" lon="7.366198">
        <ele>2305.7</ele>
      </trkpt>
      <trkpt lat="45.783779" lon="7.366402">
        <ele>2306.0</ele>
      </trkpt>
      <trkpt lat="45.783956" lon="7.366605">
        <ele>2307.4</ele>
      </trkpt>
      <trkpt lat="45.784192" lon="7.367024">
        <ele>2307.4</ele>
      </trkpt>
      <trkpt lat="45.784363" lon="7.367321">
        <ele>2310.6</ele>
      </trkpt>
      <trkpt lat="45.78449" lon="7.367566">
        <ele>2311.6</ele>
      </trkpt>
      <trkpt lat="45.784659" lon="7.367846">
        <ele>2314.9</ele>
      </trkpt>
      <trkpt lat="45.78475" lon="7.368176">
        <ele>2315.5</ele>
      </trkpt>
      <trkpt lat="45.784827" lon="7.368371">
        <ele>2320.0</ele>
      </trkpt>
      <trkpt lat="45.784895" lon="7.36879">
        <ele>2323.8</ele>
      </trkpt>
      <trkpt lat="45.78496" lon="7.369103">
        <ele>2323.5</ele>
      </trkpt>
      <trkpt lat="45.785057" lon="7.369273">
        <ele>2327.9</ele>
      </trkpt>
      <trkpt lat="45.785146" lon="7.369387">
        <ele>2327.5</ele>
      </trkpt>
      <trkpt lat="45.785246" lon="7.369421">
        <ele>2330.4</ele>
      </trkpt>
      <trkpt lat="45.78535" lon="7.369459">
        <ele>2334.7</ele>
      </trkpt>
      <trkpt lat="45.785512" lon="7.369552">
        <ele>2344.2</ele>
      </trkpt>
      <trkpt lat="45.785577" lon="7.369675">
        <ele>2349.2</ele>
      </trkpt>
      <trkpt lat="45.785583" lon="7.369992">
        <ele>2348.5</ele>
      </trkpt>
      <trkpt lat="45.785624" lon="7.370069">
        <ele>2350.7</ele>
      </trkpt>
      <trkpt lat="45.785689" lon="7.370187">
        <ele>2354.1</ele>
      </trkpt>
      <trkpt lat="45.785683" lon="7.370361">
        <ele>2351.7</ele>
      </trkpt>
      <trkpt lat="45.785663" lon="7.370534">
        <ele>2351.3</ele>
      </trkpt>
      <trkpt lat="45.785695" lon="7.37078">
        <ele>2352.0</ele>
      </trkpt>
      <trkpt lat="45.785778" lon="7.371102">
        <ele>2352.4</ele>
      </trkpt>
      <trkpt lat="45.785792" lon="7.37158">
        <ele>2352.3</ele>
      </trkpt>
      <trkpt lat="45.785854" lon="7.371775">
        <ele>2354.7</ele>
      </trkpt>
      <trkpt lat="45.785878" lon="7.37194">
        <ele>2355.7</ele>
      </trkpt>
      <trkpt lat="45.785825" lon="7.37227">
        <ele>2355.2</ele>
      </trkpt>
      <trkpt lat="45.785695" lon="7.372639">
        <ele>2356.7</ele>
      </trkpt>
      <trkpt lat="45.785541" lon="7.372986">
        <ele>2358.2</ele>
      </trkpt>
      <trkpt lat="45.785388" lon="7.373333">
        <ele>2360.1</ele>
      </trkpt>
      <trkpt lat="45.785146" lon="7.373587">
        <ele>2364.6</ele>
      </trkpt>
      <trkpt lat="45.78509" lon="7.373757">
        <ele>2368.6</ele>
      </trkpt>
      <trkpt lat="45.785102" lon="7.374129">
        <ele>2375.6</ele>
      </trkpt>
      <trkpt lat="45.785107" lon="7.374358">
        <ele>2375.9</ele>
      </trkpt>
      <trkpt lat="45.785181" lon="7.374532">
        <ele>2376.7</ele>
      </trkpt>
      <trkpt lat="45.785403" lon="7.375078">
        <ele>2376.2</ele>
      </trkpt>
      <trkpt lat="45.785537" lon="7.375408">
        <ele>2375.7</ele>
      </trkpt>
      <trkpt lat="45.785671" lon="7.375738">
        <ele>2377.3</ele>
      </trkpt>
      <trkpt lat="45.785791" lon="7.3762">
        <ele>2377.4</ele>
      </trkpt>
      <trkpt lat="45.78591" lon="7.376661">
        <ele>2380.1</ele>
      </trkpt>
      <trkpt lat="45.78592" lon="7.376694">
        <ele>2380.2</ele>
        <name>22-25B, Saint-Christophe</name>
        <extensions>
          <oa:Extension>
            <oa:mapZoom>18</oa:mapZoom>
          </oa:Extension>
        </extensions>
      </trkpt>
      <trkpt lat="45.786055" lon="7.377153">
        <ele>2381.5</ele>
      </trkpt>
      <trkpt lat="45.786161" lon="7.377356">
        <ele>2379.9</ele>
      </trkpt>
      <trkpt lat="45.786365" lon="7.377631">
        <ele>2376.5</ele>
      </trkpt>
      <trkpt lat="45.786559" lon="7.377906">
        <ele>2372.5</ele>
      </trkpt>
      <trkpt lat="45.786752" lon="7.378182">
        <ele>2368.5</ele>
      </trkpt>
      <trkpt lat="45.786805" lon="7.378321">
        <ele>2365.5</ele>
      </trkpt>
      <trkpt lat="45.786802" lon="7.378503">
        <ele>2359.3</ele>
      </trkpt>
      <trkpt lat="45.786802" lon="7.378681">
        <ele>2353.5</ele>
      </trkpt>
      <trkpt lat="45.786867" lon="7.379024">
        <ele>2346.6</ele>
      </trkpt>
      <trkpt lat="45.786882" lon="7.379227">
        <ele>2343.8</ele>
      </trkpt>
      <trkpt lat="45.786917" lon="7.379346">
        <ele>2342.2</ele>
      </trkpt>
      <trkpt lat="45.786932" lon="7.379482">
        <ele>2338.6</ele>
      </trkpt>
      <trkpt lat="45.78695" lon="7.379549">
        <ele>2337.0</ele>
      </trkpt>
      <trkpt lat="45.787012" lon="7.379617">
        <ele>2336.9</ele>
      </trkpt>
      <trkpt lat="45.787033" lon="7.37974">
        <ele>2336.8</ele>
      </trkpt>
      <trkpt lat="45.786988" lon="7.379841">
        <ele>2334.7</ele>
      </trkpt>
      <trkpt lat="45.786959" lon="7.380066">
        <ele>2331.9</ele>
      </trkpt>
      <trkpt lat="45.786932" lon="7.380438">
        <ele>2324.0</ele>
      </trkpt>
      <trkpt lat="45.786923" lon="7.38076">
        <ele>2319.3</ele>
      </trkpt>
      <trkpt lat="45.786891" lon="7.381078">
        <ele>2316.5</ele>
      </trkpt>
      <trkpt lat="45.786817" lon="7.381472">
        <ele>2308.9</ele>
      </trkpt>
      <trkpt lat="45.786829" lon="7.381632">
        <ele>2306.8</ele>
      </trkpt>
      <trkpt lat="45.786847" lon="7.381734">
        <ele>2305.1</ele>
      </trkpt>
      <trkpt lat="45.786891" lon="7.381793">
        <ele>2305.3</ele>
      </trkpt>
      <trkpt lat="45.786944" lon="7.38187">
        <ele>2305.9</ele>
      </trkpt>
      <trkpt lat="45.786962" lon="7.382069">
        <ele>2304.4</ele>
      </trkpt>
      <trkpt lat="45.786938" lon="7.382327">
        <ele>2302.0</ele>
      </trkpt>
      <trkpt lat="45.786906" lon="7.382594">
        <ele>2302.7</ele>
      </trkpt>
      <trkpt lat="45.786864" lon="7.382793">
        <ele>2304.0</ele>
      </trkpt>
      <trkpt lat="45.786802" lon="7.383182">
        <ele>2304.0</ele>
      </trkpt>
      <trkpt lat="45.786784" lon="7.383644">
        <ele>2298.7</ele>
      </trkpt>
      <trkpt lat="45.786811" lon="7.383767">
        <ele>2298.3</ele>
      </trkpt>
      <trkpt lat="45.786867" lon="7.383983">
        <ele>2296.2</ele>
      </trkpt>
      <trkpt lat="45.78692" lon="7.38405">
        <ele>2295.7</ele>
      </trkpt>
      <trkpt lat="45.786965" lon="7.384194">
        <ele>2293.1</ele>
      </trkpt>
      <trkpt lat="45.786991" lon="7.384406">
        <ele>2288.7</ele>
      </trkpt>
      <trkpt lat="45.786988" lon="7.384558">
        <ele>2284.9</ele>
      </trkpt>
      <trkpt lat="45.787027" lon="7.384647">
        <ele>2283.2</ele>
      </trkpt>
      <trkpt lat="45.787095" lon="7.384796">
        <ele>2280.5</ele>
      </trkpt>
      <trkpt lat="45.787148" lon="7.385151">
        <ele>2273.0</ele>
      </trkpt>
      <trkpt lat="45.787254" lon="7.385549">
        <ele>2262.9</ele>
      </trkpt>
      <trkpt lat="45.787372" lon="7.385782">
        <ele>2257.6</ele>
      </trkpt>
      <trkpt lat="45.787455" lon="7.385957">
        <ele>2252.7</ele>
      </trkpt>
      <trkpt lat="45.787468" lon="7.386072">
        <ele>2249.3</ele>
      </trkpt>
      <trkpt lat="45.787438" lon="7.386232">
        <ele>2244.4</ele>
      </trkpt>
      <trkpt lat="45.787464" lon="7.386286">
        <ele>2242.7</ele>
      </trkpt>
      <trkpt lat="45.787528" lon="7.38633">
        <ele>2241.7</ele>
      </trkpt>
      <trkpt lat="45.787521" lon="7.386379">
        <ele>2240.1</ele>
      </trkpt>
      <trkpt lat="45.787495" lon="7.386423">
        <ele>2238.6</ele>
      </trkpt>
      <trkpt lat="45.787513" lon="7.386531">
        <ele>2234.9</ele>
      </trkpt>
      <trkpt lat="45.787554" lon="7.3866">
        <ele>2232.3</ele>
      </trkpt>
      <trkpt lat="45.787616" lon="7.386646">
        <ele>2230.4</ele>
      </trkpt>
      <trkpt lat="45.787759" lon="7.386649">
        <ele>2229.0</ele>
      </trkpt>
      <trkpt lat="45.787935" lon="7.386585">
        <ele>2228.1</ele>
      </trkpt>
      <trkpt lat="45.788088" lon="7.38654">
        <ele>2226.8</ele>
      </trkpt>
      <trkpt lat="45.78825" lon="7.386596">
        <ele>2223.9</ele>
      </trkpt>
      <trkpt lat="45.788345" lon="7.386691">
        <ele>2221.1</ele>
      </trkpt>
      <trkpt lat="45.788485" lon="7.386778">
        <ele>2219.0</ele>
      </trkpt>
      <trkpt lat="45.78864" lon="7.386888">
        <ele>2217.6</ele>
      </trkpt>
      <trkpt lat="45.788701" lon="7.387077">
        <ele>2211.2</ele>
      </trkpt>
      <trkpt lat="45.788809" lon="7.387202">
        <ele>2208.2</ele>
      </trkpt>
      <trkpt lat="45.788902" lon="7.387361">
        <ele>2205.0</ele>
      </trkpt>
      <trkpt lat="45.78907" lon="7.387649">
        <ele>2202.5</ele>
      </trkpt>
      <trkpt lat="45.789311" lon="7.38797">
        <ele>2200.5</ele>
      </trkpt>
      <trkpt lat="45.789374" lon="7.388171">
        <ele>2199.5</ele>
      </trkpt>
      <trkpt lat="45.789393" lon="7.388328">
        <ele>2198.8</ele>
      </trkpt>
      <trkpt lat="45.78939" lon="7.388339">
        <ele>2198.7</ele>
        <name>Preilles, Quart</name>
        <extensions>
          <oa:Extension>
            <oa:mapZoom>18</oa:mapZoom>
          </oa:Extension>
        </extensions>
      </trkpt>
      <trkpt lat="45.789427" lon="7.389537">
        <ele>2187.3</ele>
        <name>Cenevé, Quart</name>
        <extensions>
          <oa:Extension>
            <oa:mapZoom>14</oa:mapZoom>
          </oa:Extension>
        </extensions>
      </trkpt>
      <trkpt lat="45.789495" lon="7.389823">
        <ele>2185.2</ele>
      </trkpt>
      <trkpt lat="45.789521" lon="7.390169">
        <ele>2182.4</ele>
      </trkpt>
      <trkpt lat="45.789515" lon="7.39041">
        <ele>2181.0</ele>
      </trkpt>
      <trkpt lat="45.789528" lon="7.390614">
        <ele>2178.8</ele>
      </trkpt>
      <trkpt lat="45.789633" lon="7.390831">
        <ele>2177.1</ele>
      </trkpt>
      <trkpt lat="45.789789" lon="7.391074">
        <ele>2177.0</ele>
      </trkpt>
      <trkpt lat="45.789894" lon="7.391339">
        <ele>2174.6</ele>
      </trkpt>
      <trkpt lat="45.789936" lon="7.391574">
        <ele>2173.9</ele>
      </trkpt>
      <trkpt lat="45.789949" lon="7.391779">
        <ele>2172.7</ele>
      </trkpt>
      <trkpt lat="45.789898" lon="7.391912">
        <ele>2170.6</ele>
      </trkpt>
      <trkpt lat="45.789886" lon="7.392032">
        <ele>2169.5</ele>
      </trkpt>
      <trkpt lat="45.78994" lon="7.392279">
        <ele>2168.0</ele>
      </trkpt>
      <trkpt lat="45.789919" lon="7.392454">
        <ele>2166.1</ele>
      </trkpt>
      <trkpt lat="45.789928" lon="7.392737">
        <ele>2165.2</ele>
      </trkpt>
      <trkpt lat="45.789961" lon="7.392942">
        <ele>2164.0</ele>
      </trkpt>
      <trkpt lat="45.789978" lon="7.393069">
        <ele>2163.3</ele>
      </trkpt>
      <trkpt lat="45.790009" lon="7.393193">
        <ele>2164.0</ele>
      </trkpt>
      <trkpt lat="45.790016" lon="7.393388">
        <ele>2164.3</ele>
      </trkpt>
      <trkpt lat="45.789999" lon="7.393629">
        <ele>2163.7</ele>
      </trkpt>
      <trkpt lat="45.789936" lon="7.394166">
        <ele>2157.8</ele>
      </trkpt>
      <trkpt lat="45.789933" lon="7.394479">
        <ele>2156.3</ele>
      </trkpt>
      <trkpt lat="45.78995" lon="7.394746">
        <ele>2155.6</ele>
      </trkpt>
      <trkpt lat="45.789919" lon="7.394889">
        <ele>2154.6</ele>
      </trkpt>
      <trkpt lat="45.789898" lon="7.395203">
        <ele>2152.4</ele>
      </trkpt>
      <trkpt lat="45.789895" lon="7.395383">
        <ele>2152.5</ele>
      </trkpt>
      <trkpt lat="45.789864" lon="7.395507">
        <ele>2152.8</ele>
      </trkpt>
      <trkpt lat="45.789822" lon="7.395594">
        <ele>2153.2</ele>
      </trkpt>
      <trkpt lat="45.789688" lon="7.395763">
        <ele>2152.4</ele>
      </trkpt>
      <trkpt lat="45.789591" lon="7.395839">
        <ele>2150.7</ele>
      </trkpt>
      <trkpt lat="45.789495" lon="7.396119">
        <ele>2156.3</ele>
      </trkpt>
      <trkpt lat="45.789398" lon="7.396456">
        <ele>2162.3</ele>
      </trkpt>
      <trkpt lat="45.789318" lon="7.396758">
        <ele>2164.1</ele>
      </trkpt>
      <trkpt lat="45.789264" lon="7.397047">
        <ele>2166.0</ele>
      </trkpt>
      <trkpt lat="45.789197" lon="7.397428">
        <ele>2171.2</ele>
      </trkpt>
      <trkpt lat="45.789222" lon="7.39762">
        <ele>2175.7</ele>
      </trkpt>
      <trkpt lat="45.78926" lon="7.397885">
        <ele>2180.4</ele>
      </trkpt>
      <trkpt lat="45.789239" lon="7.398108">
        <ele>2180.6</ele>
      </trkpt>
      <trkpt lat="45.789121" lon="7.398512">
        <ele>2181.1</ele>
      </trkpt>
      <trkpt lat="45.789075" lon="7.398813">
        <ele>2181.3</ele>
      </trkpt>
      <trkpt lat="45.789041" lon="7.398933">
        <ele>2181.9</ele>
      </trkpt>
      <trkpt lat="45.78889" lon="7.399271">
        <ele>2184.4</ele>
      </trkpt>
      <trkpt lat="45.788801" lon="7.399614">
        <ele>2189.1</ele>
      </trkpt>
      <trkpt lat="45.788734" lon="7.39997">
        <ele>2189.3</ele>
      </trkpt>
      <trkpt lat="45.788747" lon="7.400229">
        <ele>2188.7</ele>
      </trkpt>
      <trkpt lat="45.788789" lon="7.400422">
        <ele>2188.6</ele>
      </trkpt>
      <trkpt lat="45.788869" lon="7.400892">
        <ele>2188.0</ele>
      </trkpt>
      <trkpt lat="45.788953" lon="7.401194">
        <ele>2188.5</ele>
      </trkpt>
      <trkpt lat="45.788991" lon="7.401471">
        <ele>2188.8</ele>
      </trkpt>
      <trkpt lat="45.788961" lon="7.401718">
        <ele>2187.7</ele>
      </trkpt>
      <trkpt lat="45.788932" lon="7.401941">
        <ele>2185.0</ele>
      </trkpt>
      <trkpt lat="45.788919" lon="7.402146">
        <ele>2188.4</ele>
      </trkpt>
      <trkpt lat="45.788755" lon="7.402351">
        <ele>2179.9</ele>
      </trkpt>
      <trkpt lat="45.788604" lon="7.402755">
        <ele>2175.4</ele>
      </trkpt>
      <trkpt lat="45.788587" lon="7.402917">
        <ele>2176.2</ele>
      </trkpt>
      <trkpt lat="45.788474" lon="7.403164">
        <ele>2173.5</ele>
      </trkpt>
      <trkpt lat="45.788364" lon="7.403484">
        <ele>2168.8</ele>
      </trkpt>
      <trkpt lat="45.788331" lon="7.403876">
        <ele>2166.2</ele>
      </trkpt>
      <trkpt lat="45.788327" lon="7.404213">
        <ele>2161.4</ele>
      </trkpt>
      <trkpt lat="45.788381" lon="7.40443">
        <ele>2165.4</ele>
      </trkpt>
      <trkpt lat="45.788331" lon="7.404503">
        <ele>2162.7</ele>
      </trkpt>
      <trkpt lat="45.788369" lon="7.404756">
        <ele>2165.7</ele>
      </trkpt>
      <trkpt lat="45.788301" lon="7.404888">
        <ele>2164.1</ele>
      </trkpt>
      <trkpt lat="45.788238" lon="7.405159">
        <ele>2162.9</ele>
      </trkpt>
      <trkpt lat="45.788003" lon="7.405563">
        <ele>2156.5</ele>
      </trkpt>
      <trkpt lat="45.787824" lon="7.405767">
        <ele>2151.7</ele>
      </trkpt>
      <trkpt lat="45.787598" lon="7.405917">
        <ele>2144.0</ele>
      </trkpt>
      <trkpt lat="45.787504" lon="7.406038">
        <ele>2143.0</ele>
      </trkpt>
      <trkpt lat="45.787241" lon="7.406053">
        <ele>2134.3</ele>
      </trkpt>
      <trkpt lat="45.787089" lon="7.406121">
        <ele>2129.7</ele>
      </trkpt>
      <trkpt lat="45.786884" lon="7.406302">
        <ele>2124.7</ele>
      </trkpt>
      <trkpt lat="45.786705" lon="7.406618">
        <ele>2126.2</ele>
      </trkpt>
      <trkpt lat="45.786516" lon="7.406686">
        <ele>2119.4</ele>
      </trkpt>
      <trkpt lat="45.786437" lon="7.406882">
        <ele>2122.4</ele>
      </trkpt>
      <trkpt lat="45.786395" lon="7.407213">
        <ele>2127.6</ele>
      </trkpt>
      <trkpt lat="45.786374" lon="7.407726">
        <ele>2137.4</ele>
      </trkpt>
      <trkpt lat="45.78628" lon="7.407959">
        <ele>2134.6</ele>
      </trkpt>
      <trkpt lat="45.786222" lon="7.408208">
        <ele>2134.8</ele>
      </trkpt>
      <trkpt lat="45.786138" lon="7.408456">
        <ele>2135.6</ele>
      </trkpt>
      <trkpt lat="45.786028" lon="7.408908">
        <ele>2141.4</ele>
      </trkpt>
      <trkpt lat="45.785901" lon="7.409285">
        <ele>2141.0</ele>
      </trkpt>
      <trkpt lat="45.785886" lon="7.409564">
        <ele>2145.0</ele>
      </trkpt>
      <trkpt lat="45.785865" lon="7.409903">
        <ele>2152.9</ele>
      </trkpt>
      <trkpt lat="45.785844" lon="7.410242">
        <ele>2168.0</ele>
      </trkpt>
      <trkpt lat="45.785765" lon="7.410475">
        <ele>2179.5</ele>
      </trkpt>
      <trkpt lat="45.785502" lon="7.410716">
        <ele>2182.2</ele>
      </trkpt>
      <trkpt lat="45.785313" lon="7.410912">
        <ele>2187.4</ele>
      </trkpt>
      <trkpt lat="45.785176" lon="7.411206">
        <ele>2197.8</ele>
      </trkpt>
      <trkpt lat="45.785087" lon="7.411643">
        <ele>2201.1</ele>
      </trkpt>
      <trkpt lat="45.785022" lon="7.412012">
        <ele>2204.5</ele>
      </trkpt>
      <trkpt lat="45.784956" lon="7.412381">
        <ele>2214.8</ele>
      </trkpt>
      <trkpt lat="45.784856" lon="7.412705">
        <ele>2224.5</ele>
      </trkpt>
      <trkpt lat="45.78483" lon="7.413188">
        <ele>2247.8</ele>
      </trkpt>
      <trkpt lat="45.784861" lon="7.413512">
        <ele>2269.8</ele>
      </trkpt>
      <trkpt lat="45.784998" lon="7.413542">
        <ele>2274.1</ele>
      </trkpt>
      <trkpt lat="45.785082" lon="7.413466">
        <ele>2276.2</ele>
      </trkpt>
      <trkpt lat="45.78526" lon="7.413323">
        <ele>2282.8</ele>
      </trkpt>
      <trkpt lat="45.785429" lon="7.41324">
        <ele>2283.3</ele>
      </trkpt>
      <trkpt lat="45.785576" lon="7.413195">
        <ele>2283.7</ele>
      </trkpt>
      <trkpt lat="45.785739" lon="7.413173">
        <ele>2283.2</ele>
      </trkpt>
      <trkpt lat="45.785823" lon="7.413286">
        <ele>2281.4</ele>
      </trkpt>
      <trkpt lat="45.785844" lon="7.413489">
        <ele>2282.0</ele>
      </trkpt>
      <trkpt lat="45.785886" lon="7.413753">
        <ele>2277.4</ele>
      </trkpt>
      <trkpt lat="45.786028" lon="7.413911">
        <ele>2277.9</ele>
      </trkpt>
      <trkpt lat="45.786222" lon="7.414069">
        <ele>2279.4</ele>
      </trkpt>
      <trkpt lat="45.786348" lon="7.41428">
        <ele>2278.0</ele>
      </trkpt>
      <trkpt lat="45.786574" lon="7.414416">
        <ele>2277.7</ele>
      </trkpt>
      <trkpt lat="45.786921" lon="7.41474">
        <ele>2275.2</ele>
      </trkpt>
      <trkpt lat="45.787236" lon="7.415063">
        <ele>2271.1</ele>
      </trkpt>
      <trkpt lat="45.787504" lon="7.415282">
        <ele>2267.4</ele>
      </trkpt>
      <trkpt lat="45.787688" lon="7.41538">
        <ele>2261.9</ele>
      </trkpt>
      <trkpt lat="45.787872" lon="7.415455">
        <ele>2262.0</ele>
      </trkpt>
      <trkpt lat="45.787997" lon="7.415685">
        <ele>2258.0</ele>
        <name>Rossin, Quart</name>
        <extensions>
          <oa:Extension>
            <oa:mapZoom>14</oa:mapZoom>
          </oa:Extension>
        </extensions>
      </trkpt>
      <trkpt lat="45.788003" lon="7.415696">
        <ele>2257.8</ele>
      </trkpt>
      <trkpt lat="45.788197" lon="7.415794">
        <ele>2256.1</ele>
      </trkpt>
      <trkpt lat="45.788444" lon="7.41584">
        <ele>2250.3</ele>
      </trkpt>
      <trkpt lat="45.788691" lon="7.415983">
        <ele>2242.7</ele>
      </trkpt>
      <trkpt lat="45.788875" lon="7.416163">
        <ele>2238.6</ele>
      </trkpt>
      <trkpt lat="45.789085" lon="7.416397">
        <ele>2233.9</ele>
      </trkpt>
      <trkpt lat="45.789206" lon="7.416578">
        <ele>2231.8</ele>
      </trkpt>
      <trkpt lat="45.789258" lon="7.416811">
        <ele>2232.5</ele>
      </trkpt>
      <trkpt lat="45.789264" lon="7.417037">
        <ele>2231.5</ele>
      </trkpt>
      <trkpt lat="45.789442" lon="7.41709">
        <ele>2229.7</ele>
      </trkpt>
      <trkpt lat="45.789458" lon="7.417188">
        <ele>2226.7</ele>
      </trkpt>
      <trkpt lat="45.789442" lon="7.41758">
        <ele>2219.8</ele>
      </trkpt>
      <trkpt lat="45.78949" lon="7.417678">
        <ele>2218.1</ele>
      </trkpt>
      <trkpt lat="45.789642" lon="7.417685">
        <ele>2214.3</ele>
      </trkpt>
      <trkpt lat="45.789852" lon="7.41755">
        <ele>2207.7</ele>
      </trkpt>
      <trkpt lat="45.790131" lon="7.417324">
        <ele>2203.0</ele>
      </trkpt>
      <trkpt lat="45.790446" lon="7.41706">
        <ele>2202.7</ele>
      </trkpt>
      <trkpt lat="45.790787" lon="7.416872">
        <ele>2199.6</ele>
      </trkpt>
      <trkpt lat="45.79106" lon="7.416578">
        <ele>2202.0</ele>
      </trkpt>
      <trkpt lat="45.791229" lon="7.41645">
        <ele>2203.1</ele>
      </trkpt>
      <trkpt lat="45.791475" lon="7.41639">
        <ele>2206.2</ele>
      </trkpt>
      <trkpt lat="45.791554" lon="7.416314">
        <ele>2209.8</ele>
      </trkpt>
      <trkpt lat="45.791675" lon="7.416179">
        <ele>2213.1</ele>
      </trkpt>
      <trkpt lat="45.791996" lon="7.415975">
        <ele>2218.7</ele>
      </trkpt>
      <trkpt lat="45.792122" lon="7.415764">
        <ele>2222.3</ele>
      </trkpt>
      <trkpt lat="45.792206" lon="7.415599">
        <ele>2226.8</ele>
      </trkpt>
      <trkpt lat="45.792353" lon="7.415561">
        <ele>2230.0</ele>
      </trkpt>
      <trkpt lat="45.792558" lon="7.415576">
        <ele>2232.5</ele>
      </trkpt>
      <trkpt lat="45.792773" lon="7.415493">
        <ele>2239.7</ele>
      </trkpt>
      <trkpt lat="45.793085" lon="7.415163">
        <ele>2243.2</ele>
      </trkpt>
      <trkpt lat="45.793256" lon="7.415083">
        <ele>2246.2</ele>
      </trkpt>
      <trkpt lat="45.793445" lon="7.415182">
        <ele>2251.8</ele>
      </trkpt>
      <trkpt lat="45.793624" lon="7.415151">
        <ele>2254.3</ele>
      </trkpt>
      <trkpt lat="45.793745" lon="7.415124">
        <ele>2252.9</ele>
      </trkpt>
      <trkpt lat="45.793803" lon="7.415161">
        <ele>2250.7</ele>
      </trkpt>
      <trkpt lat="45.793937" lon="7.415186">
        <ele>2249.8</ele>
      </trkpt>
      <trkpt lat="45.794063" lon="7.415236">
        <ele>2249.3</ele>
      </trkpt>
      <trkpt lat="45.794149" lon="7.415371">
        <ele>2248.5</ele>
      </trkpt>
      <trkpt lat="45.794153" lon="7.415445">
        <ele>2247.9</ele>
      </trkpt>
      <trkpt lat="45.794212" lon="7.415681">
        <ele>2247.6</ele>
      </trkpt>
      <trkpt lat="45.794314" lon="7.415884">
        <ele>2247.1</ele>
      </trkpt>
      <trkpt lat="45.794424" lon="7.416194">
        <ele>2247.8</ele>
      </trkpt>
      <trkpt lat="45.794432" lon="7.416413">
        <ele>2247.6</ele>
      </trkpt>
      <trkpt lat="45.794455" lon="7.416571">
        <ele>2249.5</ele>
      </trkpt>
      <trkpt lat="45.794441" lon="7.416734">
        <ele>2250.2</ele>
      </trkpt>
      <trkpt lat="45.794465" lon="7.416978">
        <ele>2251.8</ele>
      </trkpt>
      <trkpt lat="45.79453" lon="7.417325">
        <ele>2247.4</ele>
      </trkpt>
      <trkpt lat="45.794608" lon="7.417415">
        <ele>2249.6</ele>
      </trkpt>
      <trkpt lat="45.79466" lon="7.417551">
        <ele>2247.8</ele>
      </trkpt>
      <trkpt lat="45.794716" lon="7.417608">
        <ele>2249.8</ele>
      </trkpt>
      <trkpt lat="45.794812" lon="7.41781">
        <ele>2246.6</ele>
      </trkpt>
      <trkpt lat="45.794997" lon="7.417888">
        <ele>2248.4</ele>
      </trkpt>
      <trkpt lat="45.795123" lon="7.418113">
        <ele>2242.0</ele>
      </trkpt>
      <trkpt lat="45.795197" lon="7.418254">
        <ele>2238.0</ele>
      </trkpt>
      <trkpt lat="45.795397" lon="7.418558">
        <ele>2229.7</ele>
      </trkpt>
      <trkpt lat="45.795605" lon="7.418699">
        <ele>2225.1</ele>
      </trkpt>
      <trkpt lat="45.795801" lon="7.418685">
        <ele>2224.8</ele>
      </trkpt>
      <trkpt lat="45.795933" lon="7.418647">
        <ele>2222.0</ele>
      </trkpt>
      <trkpt lat="45.796117" lon="7.418557">
        <ele>2216.9</ele>
      </trkpt>
      <trkpt lat="45.796329" lon="7.418415">
        <ele>2212.9</ele>
      </trkpt>
      <trkpt lat="45.79653" lon="7.418415">
        <ele>2204.8</ele>
      </trkpt>
      <trkpt lat="45.796777" lon="7.418486">
        <ele>2194.1</ele>
      </trkpt>
      <trkpt lat="45.796946" lon="7.418557">
        <ele>2189.2</ele>
      </trkpt>
      <trkpt lat="45.797094" lon="7.418732">
        <ele>2182.7</ele>
      </trkpt>
      <trkpt lat="45.797431" lon="7.41903">
        <ele>2170.5</ele>
      </trkpt>
      <trkpt lat="45.797781" lon="7.419243">
        <ele>2160.2</ele>
      </trkpt>
      <trkpt lat="45.797929" lon="7.419366">
        <ele>2154.2</ele>
      </trkpt>
      <trkpt lat="45.798051" lon="7.419461">
        <ele>2149.0</ele>
      </trkpt>
      <trkpt lat="45.79817" lon="7.41948">
        <ele>2147.0</ele>
      </trkpt>
      <trkpt lat="45.798259" lon="7.419546">
        <ele>2142.8</ele>
      </trkpt>
      <trkpt lat="45.798381" lon="7.419542">
        <ele>2141.3</ele>
      </trkpt>
      <trkpt lat="45.79856" lon="7.419617">
        <ele>2135.1</ele>
      </trkpt>
      <trkpt lat="45.798778" lon="7.419721">
        <ele>2127.0</ele>
      </trkpt>
      <trkpt lat="45.798995" lon="7.419826">
        <ele>2118.6</ele>
      </trkpt>
      <trkpt lat="45.799197" lon="7.419878">
        <ele>2111.6</ele>
      </trkpt>
      <trkpt lat="45.799378" lon="7.419887">
        <ele>2107.1</ele>
      </trkpt>
      <trkpt lat="45.79955" lon="7.419953">
        <ele>2102.3</ele>
      </trkpt>
      <trkpt lat="45.799652" lon="7.420086">
        <ele>2097.7</ele>
      </trkpt>
      <trkpt lat="45.799728" lon="7.420095">
        <ele>2097.5</ele>
      </trkpt>
      <trkpt lat="45.799969" lon="7.420171">
        <ele>2098.0</ele>
      </trkpt>
      <trkpt lat="45.80017" lon="7.420242">
        <ele>2099.1</ele>
      </trkpt>
      <trkpt lat="45.800276" lon="7.420375">
        <ele>2099.1</ele>
      </trkpt>
      <trkpt lat="45.800431" lon="7.420503">
        <ele>2100.6</ele>
      </trkpt>
      <trkpt lat="45.800563" lon="7.420578">
        <ele>2101.5</ele>
      </trkpt>
      <trkpt lat="45.800781" lon="7.420706">
        <ele>2103.7</ele>
      </trkpt>
      <trkpt lat="45.800824" lon="7.420872">
        <ele>2103.6</ele>
      </trkpt>
      <trkpt lat="45.800919" lon="7.421047">
        <ele>2103.3</ele>
      </trkpt>
      <trkpt lat="45.80114" lon="7.421203">
        <ele>2105.4</ele>
      </trkpt>
      <trkpt lat="45.801216" lon="7.421269">
        <ele>2105.8</ele>
      </trkpt>
      <trkpt lat="45.801249" lon="7.421397">
        <ele>2105.0</ele>
      </trkpt>
      <trkpt lat="45.801358" lon="7.421492">
        <ele>2105.1</ele>
      </trkpt>
      <trkpt lat="45.801507" lon="7.421544">
        <ele>2105.8</ele>
      </trkpt>
      <trkpt lat="45.801807" lon="7.421695">
        <ele>2106.6</ele>
      </trkpt>
      <trkpt lat="45.802008" lon="7.421691">
        <ele>2107.8</ele>
      </trkpt>
      <trkpt lat="45.802279" lon="7.421714">
        <ele>2109.0</ele>
      </trkpt>
      <trkpt lat="45.80254" lon="7.421724">
        <ele>2110.2</ele>
      </trkpt>
      <trkpt lat="45.802718" lon="7.421776">
        <ele>2110.5</ele>
      </trkpt>
      <trkpt lat="45.802797" lon="7.421904">
        <ele>2110.5</ele>
      </trkpt>
      <trkpt lat="45.802843" lon="7.422041">
        <ele>2110.6</ele>
      </trkpt>
      <trkpt lat="45.802886" lon="7.422235">
        <ele>2110.6</ele>
      </trkpt>
      <trkpt lat="45.802938" lon="7.422428">
        <ele>2109.5</ele>
      </trkpt>
      <trkpt lat="45.803074" lon="7.422605">
        <ele>2111.1</ele>
      </trkpt>
      <trkpt lat="45.803195" lon="7.422747">
        <ele>2112.5</ele>
      </trkpt>
      <trkpt lat="45.80333" lon="7.422917">
        <ele>2114.9</ele>
      </trkpt>
      <trkpt lat="45.803555" lon="7.423168">
        <ele>2117.7</ele>
      </trkpt>
      <trkpt lat="45.803706" lon="7.423285">
        <ele>2120.0</ele>
      </trkpt>
      <trkpt lat="45.803844" lon="7.42342">
        <ele>2121.2</ele>
      </trkpt>
      <trkpt lat="45.803947" lon="7.423554">
        <ele>2122.5</ele>
      </trkpt>
      <trkpt lat="45.804073" lon="7.423646">
        <ele>2124.3</ele>
      </trkpt>
      <trkpt lat="45.804239" lon="7.42376">
        <ele>2125.7</ele>
      </trkpt>
      <trkpt lat="45.804409" lon="7.423837">
        <ele>2129.2</ele>
      </trkpt>
      <trkpt lat="45.804718" lon="7.42399">
        <ele>2132.0</ele>
      </trkpt>
      <trkpt lat="45.804952" lon="7.4241">
        <ele>2135.1</ele>
      </trkpt>
      <trkpt lat="45.805059" lon="7.424163">
        <ele>2136.7</ele>
      </trkpt>
      <trkpt lat="45.805184" lon="7.424312">
        <ele>2137.9</ele>
      </trkpt>
      <trkpt lat="45.805262" lon="7.424401">
        <ele>2139.2</ele>
      </trkpt>
      <trkpt lat="45.805429" lon="7.424638">
        <ele>2141.7</ele>
      </trkpt>
      <trkpt lat="45.805566" lon="7.424856">
        <ele>2143.4</ele>
      </trkpt>
      <trkpt lat="45.805668" lon="7.425029">
        <ele>2145.1</ele>
      </trkpt>
      <trkpt lat="45.805761" lon="7.425126">
        <ele>2147.2</ele>
      </trkpt>
      <trkpt lat="45.805858" lon="7.425181">
        <ele>2149.0</ele>
      </trkpt>
      <trkpt lat="45.805985" lon="7.425253">
        <ele>2149.6</ele>
      </trkpt>
      <trkpt lat="45.806074" lon="7.425281">
        <ele>2151.0</ele>
      </trkpt>
      <trkpt lat="45.806131" lon="7.425323">
        <ele>2152.0</ele>
      </trkpt>
      <trkpt lat="45.806205" lon="7.42552">
        <ele>2154.7</ele>
      </trkpt>
      <trkpt lat="45.806317" lon="7.425893">
        <ele>2157.0</ele>
      </trkpt>
      <trkpt lat="45.806351" lon="7.426118">
        <ele>2158.9</ele>
      </trkpt>
      <trkpt lat="45.806357" lon="7.426263">
        <ele>2160.4</ele>
      </trkpt>
      <trkpt lat="45.806342" lon="7.426454">
        <ele>2161.9</ele>
      </trkpt>
      <trkpt lat="45.806287" lon="7.426636">
        <ele>2163.1</ele>
      </trkpt>
      <trkpt lat="45.806211" lon="7.426788">
        <ele>2163.9</ele>
      </trkpt>
      <trkpt lat="45.80619" lon="7.426849">
        <ele>2164.4</ele>
      </trkpt>
      <trkpt lat="45.806213" lon="7.4269">
        <ele>2165.4</ele>
      </trkpt>
      <trkpt lat="45.806253" lon="7.426911">
        <ele>2165.9</ele>
      </trkpt>
      <trkpt lat="45.806316" lon="7.426906">
        <ele>2166.3</ele>
      </trkpt>
      <trkpt lat="45.806393" lon="7.426867">
        <ele>2166.4</ele>
      </trkpt>
      <trkpt lat="45.806465" lon="7.426929">
        <ele>2168.4</ele>
      </trkpt>
      <trkpt lat="45.806541" lon="7.427002">
        <ele>2171.0</ele>
      </trkpt>
      <trkpt lat="45.806643" lon="7.427249">
        <ele>2176.4</ele>
      </trkpt>
      <trkpt lat="45.806736" lon="7.427521">
        <ele>2181.8</ele>
      </trkpt>
      <trkpt lat="45.806829" lon="7.427812">
        <ele>2188.2</ele>
      </trkpt>
      <trkpt lat="45.806866" lon="7.428007">
        <ele>2192.3</ele>
      </trkpt>
      <trkpt lat="45.806897" lon="7.42823">
        <ele>2197.1</ele>
      </trkpt>
      <trkpt lat="45.806948" lon="7.428372">
        <ele>2199.9</ele>
      </trkpt>
      <trkpt lat="45.807041" lon="7.428534">
        <ele>2204.9</ele>
      </trkpt>
      <trkpt lat="45.807146" lon="7.428659">
        <ele>2208.4</ele>
      </trkpt>
      <trkpt lat="45.807286" lon="7.428695">
        <ele>2211.8</ele>
      </trkpt>
      <trkpt lat="45.807442" lon="7.428655">
        <ele>2215.9</ele>
      </trkpt>
      <trkpt lat="45.807549" lon="7.428574">
        <ele>2220.3</ele>
      </trkpt>
      <trkpt lat="45.807645" lon="7.428578">
        <ele>2225.5</ele>
      </trkpt>
      <trkpt lat="45.807778" lon="7.42861">
        <ele>2232.4</ele>
      </trkpt>
      <trkpt lat="45.807967" lon="7.428793">
        <ele>2241.1</ele>
      </trkpt>
      <trkpt lat="45.808055" lon="7.428732">
        <ele>2246.6</ele>
      </trkpt>
      <trkpt lat="45.808145" lon="7.428586">
        <ele>2251.5</ele>
      </trkpt>
      <trkpt lat="45.808224" lon="7.42844">
        <ele>2255.6</ele>
      </trkpt>
      <trkpt lat="45.808267" lon="7.428413">
        <ele>2257.5</ele>
      </trkpt>
      <trkpt lat="45.80833" lon="7.428334">
        <ele>2259.3</ele>
      </trkpt>
      <trkpt lat="45.808363" lon="7.42832">
        <ele>2260.6</ele>
      </trkpt>
      <trkpt lat="45.808402" lon="7.428354">
        <ele>2262.8</ele>
      </trkpt>
      <trkpt lat="45.808453" lon="7.428404">
        <ele>2265.7</ele>
      </trkpt>
      <trkpt lat="45.808526" lon="7.428509">
        <ele>2270.5</ele>
      </trkpt>
      <trkpt lat="45.808588" lon="7.428563">
        <ele>2274.2</ele>
      </trkpt>
      <trkpt lat="45.80873" lon="7.428663">
        <ele>2281.5</ele>
      </trkpt>
      <trkpt lat="45.808837" lon="7.428744">
        <ele>2287.9</ele>
      </trkpt>
      <trkpt lat="45.808919" lon="7.428809">
        <ele>2292.4</ele>
      </trkpt>
      <trkpt lat="45.808967" lon="7.428861">
        <ele>2294.8</ele>
      </trkpt>
      <trkpt lat="45.809063" lon="7.428967">
        <ele>2299.9</ele>
      </trkpt>
      <trkpt lat="45.809193" lon="7.429003">
        <ele>2303.8</ele>
      </trkpt>
      <trkpt lat="45.80945" lon="7.429003">
        <ele>2309.6</ele>
      </trkpt>
      <trkpt lat="45.809808" lon="7.42902">
        <ele>2318.1</ele>
      </trkpt>
      <trkpt lat="45.81013" lon="7.428979">
        <ele>2326.3</ele>
      </trkpt>
      <trkpt lat="45.810537" lon="7.428902">
        <ele>2336.5</ele>
      </trkpt>
      <trkpt lat="45.810847" lon="7.42876">
        <ele>2340.9</ele>
      </trkpt>
      <trkpt lat="45.811079" lon="7.428639">
        <ele>2343.7</ele>
      </trkpt>
      <trkpt lat="45.811274" lon="7.42861">
        <ele>2346.9</ele>
      </trkpt>
      <trkpt lat="45.811607" lon="7.428501">
        <ele>2350.7</ele>
      </trkpt>
      <trkpt lat="45.811813" lon="7.428408">
        <ele>2353.9</ele>
      </trkpt>
      <trkpt lat="45.811982" lon="7.428375">
        <ele>2357.6</ele>
      </trkpt>
      <trkpt lat="45.812101" lon="7.428351">
        <ele>2360.4</ele>
      </trkpt>
      <trkpt lat="45.812313" lon="7.428327">
        <ele>2365.7</ele>
      </trkpt>
      <trkpt lat="45.812457" lon="7.428351">
        <ele>2369.6</ele>
      </trkpt>
      <trkpt lat="45.81251" lon="7.428501">
        <ele>2370.6</ele>
      </trkpt>
      <trkpt lat="45.812578" lon="7.428542">
        <ele>2372.5</ele>
      </trkpt>
      <trkpt lat="45.812599" lon="7.428615">
        <ele>2373.1</ele>
      </trkpt>
      <trkpt lat="45.812665" lon="7.428653">
        <ele>2375.4</ele>
      </trkpt>
      <trkpt lat="45.812691" lon="7.428545">
        <ele>2376.3</ele>
      </trkpt>
      <trkpt lat="45.812703" lon="7.428433">
        <ele>2377.1</ele>
      </trkpt>
      <trkpt lat="45.812689" lon="7.428024">
        <ele>2380.1</ele>
      </trkpt>
      <trkpt lat="45.812695" lon="7.427988">
        <ele>2380.7</ele>
      </trkpt>
      <trkpt lat="45.812714" lon="7.427974">
        <ele>2381.4</ele>
      </trkpt>
      <trkpt lat="45.812739" lon="7.427974">
        <ele>2382.1</ele>
      </trkpt>
      <trkpt lat="45.812769" lon="7.427991">
        <ele>2382.7</ele>
      </trkpt>
      <trkpt lat="45.812798" lon="7.428023">
        <ele>2383.2</ele>
      </trkpt>
      <trkpt lat="45.812994" lon="7.428273">
        <ele>2386.9</ele>
      </trkpt>
      <trkpt lat="45.813108" lon="7.428427">
        <ele>2389.8</ele>
      </trkpt>
      <trkpt lat="45.813289" lon="7.42865">
        <ele>2392.2</ele>
      </trkpt>
      <trkpt lat="45.813316" lon="7.428705">
        <ele>2392.8</ele>
      </trkpt>
      <trkpt lat="45.813328" lon="7.428751">
        <ele>2393.1</ele>
      </trkpt>
      <trkpt lat="45.813332" lon="7.428833">
        <ele>2393.8</ele>
      </trkpt>
      <trkpt lat="45.813321" lon="7.429023">
        <ele>2395.6</ele>
      </trkpt>
      <trkpt lat="45.813309" lon="7.429304">
        <ele>2399.0</ele>
      </trkpt>
      <trkpt lat="45.81341" lon="7.429289">
        <ele>2402.6</ele>
      </trkpt>
      <trkpt lat="45.813457" lon="7.429283">
        <ele>2404.6</ele>
      </trkpt>
      <trkpt lat="45.813516" lon="7.429286">
        <ele>2407.4</ele>
      </trkpt>
      <trkpt lat="45.813552" lon="7.429383">
        <ele>2409.6</ele>
      </trkpt>
      <trkpt lat="45.813613" lon="7.429495">
        <ele>2413.0</ele>
      </trkpt>
      <trkpt lat="45.81371" lon="7.429527">
        <ele>2417.0</ele>
      </trkpt>
      <trkpt lat="45.813729" lon="7.429513">
        <ele>2417.5</ele>
        <name>45.813729,7.429513</name>
        <extensions>
          <oa:Extension>
            <oa:mapZoom>16</oa:mapZoom>
          </oa:Extension>
        </extensions>
      </trkpt>
      <trkpt lat="45.813853" lon="7.429421">
        <ele>2422.4</ele>
      </trkpt>
      <trkpt lat="45.813943" lon="7.429527">
        <ele>2424.2</ele>
      </trkpt>
      <trkpt lat="45.814053" lon="7.429769">
        <ele>2426.7</ele>
      </trkpt>
      <trkpt lat="45.814111" lon="7.429912">
        <ele>2428.2</ele>
      </trkpt>
      <trkpt lat="45.814086" lon="7.430075">
        <ele>2431.2</ele>
      </trkpt>
      <trkpt lat="45.814002" lon="7.430163">
        <ele>2434.5</ele>
      </trkpt>
      <trkpt lat="45.813998" lon="7.430302">
        <ele>2437.0</ele>
      </trkpt>
      <trkpt lat="45.813998" lon="7.430469">
        <ele>2438.6</ele>
      </trkpt>
      <trkpt lat="45.81393" lon="7.430641">
        <ele>2442.6</ele>
      </trkpt>
      <trkpt lat="45.813788" lon="7.430982">
        <ele>2446.6</ele>
      </trkpt>
      <trkpt lat="45.813704" lon="7.431183">
        <ele>2449.5</ele>
      </trkpt>
      <trkpt lat="45.813646" lon="7.431254">
        <ele>2450.9</ele>
      </trkpt>
      <trkpt lat="45.813549" lon="7.43123">
        <ele>2452.5</ele>
      </trkpt>
      <trkpt lat="45.813482" lon="7.431302">
        <ele>2452.8</ele>
      </trkpt>
      <trkpt lat="45.813374" lon="7.431588">
        <ele>2453.3</ele>
      </trkpt>
      <trkpt lat="45.813324" lon="7.431827">
        <ele>2456.1</ele>
      </trkpt>
      <trkpt lat="45.813249" lon="7.431994">
        <ele>2459.3</ele>
      </trkpt>
      <trkpt lat="45.813183" lon="7.432117">
        <ele>2461.7</ele>
      </trkpt>
      <trkpt lat="45.813172" lon="7.432268">
        <ele>2462.9</ele>
      </trkpt>
      <trkpt lat="45.813202" lon="7.432415">
        <ele>2464.3</ele>
      </trkpt>
      <trkpt lat="45.813183" lon="7.432638">
        <ele>2467.1</ele>
      </trkpt>
      <trkpt lat="45.813086" lon="7.432979">
        <ele>2472.4</ele>
      </trkpt>
      <trkpt lat="45.812992" lon="7.433091">
        <ele>2475.8</ele>
      </trkpt>
      <trkpt lat="45.812823" lon="7.433297">
        <ele>2477.8</ele>
      </trkpt>
      <trkpt lat="45.812723" lon="7.433377">
        <ele>2481.7</ele>
      </trkpt>
      <trkpt lat="45.812659" lon="7.433496">
        <ele>2484.2</ele>
      </trkpt>
      <trkpt lat="45.812557" lon="7.433687">
        <ele>2488.6</ele>
      </trkpt>
      <trkpt lat="45.812476" lon="7.433953">
        <ele>2490.4</ele>
      </trkpt>
      <trkpt lat="45.812368" lon="7.434176">
        <ele>2493.9</ele>
      </trkpt>
      <trkpt lat="45.812244" lon="7.434339">
        <ele>2497.5</ele>
      </trkpt>
      <trkpt lat="45.81216" lon="7.434458">
        <ele>2498.7</ele>
      </trkpt>
      <trkpt lat="45.811986" lon="7.434665">
        <ele>2503.3</ele>
      </trkpt>
      <trkpt lat="45.811814" lon="7.434816">
        <ele>2509.2</ele>
      </trkpt>
      <trkpt lat="45.811709" lon="7.434931">
        <ele>2512.9</ele>
      </trkpt>
      <trkpt lat="45.81164" lon="7.435026">
        <ele>2513.7</ele>
      </trkpt>
      <trkpt lat="45.811537" lon="7.435086">
        <ele>2515.0</ele>
      </trkpt>
      <trkpt lat="45.811432" lon="7.435158">
        <ele>2517.0</ele>
      </trkpt>
      <trkpt lat="45.811374" lon="7.435333">
        <ele>2517.8</ele>
      </trkpt>
      <trkpt lat="45.811268" lon="7.435603">
        <ele>2522.1</ele>
      </trkpt>
      <trkpt lat="45.811202" lon="7.435813">
        <ele>2525.0</ele>
      </trkpt>
      <trkpt lat="45.811177" lon="7.43602">
        <ele>2526.8</ele>
      </trkpt>
      <trkpt lat="45.811132" lon="7.436299">
        <ele>2526.7</ele>
      </trkpt>
      <trkpt lat="45.811037" lon="7.436698">
        <ele>2528.6</ele>
      </trkpt>
      <trkpt lat="45.810907" lon="7.436833">
        <ele>2531.9</ele>
      </trkpt>
      <trkpt lat="45.810647" lon="7.437059">
        <ele>2538.6</ele>
      </trkpt>
      <trkpt lat="45.810422" lon="7.437181">
        <ele>2545.4</ele>
      </trkpt>
      <trkpt lat="45.810256" lon="7.437136">
        <ele>2548.5</ele>
      </trkpt>
      <trkpt lat="45.810049" lon="7.437381">
        <ele>2559.4</ele>
      </trkpt>
      <trkpt lat="45.809874" lon="7.437639">
        <ele>2564.2</ele>
      </trkpt>
      <trkpt lat="45.809775" lon="7.438006">
        <ele>2570.9</ele>
      </trkpt>
      <trkpt lat="45.809625" lon="7.438302">
        <ele>2581.4</ele>
      </trkpt>
      <trkpt lat="45.809533" lon="7.438496">
        <ele>2587.8</ele>
      </trkpt>
      <trkpt lat="45.809464" lon="7.43857">
        <ele>2587.7</ele>
      </trkpt>
      <trkpt lat="45.809368" lon="7.438684">
        <ele>2585.8</ele>
      </trkpt>
      <trkpt lat="45.809337" lon="7.438741">
        <ele>2584.5</ele>
      </trkpt>
      <trkpt lat="45.809369" lon="7.43877">
        <ele>2583.0</ele>
      </trkpt>
      <trkpt lat="45.80945" lon="7.438817">
        <ele>2580.3</ele>
      </trkpt>
      <trkpt lat="45.809489" lon="7.438853">
        <ele>2578.6</ele>
      </trkpt>
      <trkpt lat="45.809481" lon="7.438929">
        <ele>2576.0</ele>
      </trkpt>
      <trkpt lat="45.809431" lon="7.439049">
        <ele>2572.3</ele>
      </trkpt>
      <trkpt lat="45.809415" lon="7.43922">
        <ele>2566.2</ele>
      </trkpt>
      <trkpt lat="45.809393" lon="7.439319">
        <ele>2562.7</ele>
      </trkpt>
      <trkpt lat="45.809381" lon="7.439404">
        <ele>2559.7</ele>
      </trkpt>
      <trkpt lat="45.809466" lon="7.43944">
        <ele>2557.5</ele>
      </trkpt>
      <trkpt lat="45.809548" lon="7.439515">
        <ele>2553.6</ele>
      </trkpt>
      <trkpt lat="45.809655" lon="7.43964">
        <ele>2547.8</ele>
      </trkpt>
      <trkpt lat="45.80963" lon="7.439779">
        <ele>2543.5</ele>
      </trkpt>
      <trkpt lat="45.80962" lon="7.439965">
        <ele>2537.4</ele>
      </trkpt>
      <trkpt lat="45.809638" lon="7.440083">
        <ele>2533.4</ele>
      </trkpt>
      <trkpt lat="45.809695" lon="7.440255">
        <ele>2528.0</ele>
      </trkpt>
      <trkpt lat="45.809752" lon="7.440366">
        <ele>2524.3</ele>
      </trkpt>
      <trkpt lat="45.809785" lon="7.440462">
        <ele>2521.0</ele>
      </trkpt>
      <trkpt lat="45.809775" lon="7.440573">
        <ele>2517.3</ele>
      </trkpt>
      <trkpt lat="45.809703" lon="7.440673">
        <ele>2513.8</ele>
      </trkpt>
      <trkpt lat="45.809561" lon="7.440838">
        <ele>2509.0</ele>
      </trkpt>
      <trkpt lat="45.809463" lon="7.44097">
        <ele>2505.4</ele>
      </trkpt>
      <trkpt lat="45.809409" lon="7.441138">
        <ele>2502.7</ele>
      </trkpt>
      <trkpt lat="45.809349" lon="7.441317">
        <ele>2498.6</ele>
      </trkpt>
      <trkpt lat="45.809244" lon="7.441417">
        <ele>2496.3</ele>
      </trkpt>
      <trkpt lat="45.809184" lon="7.441664">
        <ele>2490.1</ele>
      </trkpt>
      <trkpt lat="45.809114" lon="7.44181">
        <ele>2487.6</ele>
      </trkpt>
      <trkpt lat="45.809224" lon="7.441961">
        <ele>2482.8</ele>
      </trkpt>
      <trkpt lat="45.809407" lon="7.441939">
        <ele>2479.9</ele>
      </trkpt>
      <trkpt lat="45.809572" lon="7.441998">
        <ele>2472.8</ele>
      </trkpt>
      <trkpt lat="45.809759" lon="7.441966">
        <ele>2468.0</ele>
      </trkpt>
      <trkpt lat="45.809848" lon="7.442036">
        <ele>2462.9</ele>
      </trkpt>
      <trkpt lat="45.809994" lon="7.442009">
        <ele>2462.1</ele>
      </trkpt>
      <trkpt lat="45.810159" lon="7.442052">
        <ele>2458.4</ele>
      </trkpt>
      <trkpt lat="45.810372" lon="7.442057">
        <ele>2454.4</ele>
      </trkpt>
      <trkpt lat="45.810376" lon="7.442266">
        <ele>2446.3</ele>
      </trkpt>
      <trkpt lat="45.810271" lon="7.442476">
        <ele>2439.3</ele>
      </trkpt>
      <trkpt lat="45.810155" lon="7.442663">
        <ele>2433.7</ele>
      </trkpt>
      <trkpt lat="45.810069" lon="7.442824">
        <ele>2429.2</ele>
      </trkpt>
      <trkpt lat="45.810043" lon="7.443082">
        <ele>2425.1</ele>
      </trkpt>
      <trkpt lat="45.809931" lon="7.44335">
        <ele>2419.1</ele>
      </trkpt>
      <trkpt lat="45.809785" lon="7.443548">
        <ele>2413.9</ele>
      </trkpt>
      <trkpt lat="45.809691" lon="7.443725">
        <ele>2409.7</ele>
      </trkpt>
      <trkpt lat="45.809602" lon="7.44394">
        <ele>2406.2</ele>
      </trkpt>
      <trkpt lat="45.80943" lon="7.44409">
        <ele>2402.7</ele>
      </trkpt>
      <trkpt lat="45.809332" lon="7.444262">
        <ele>2400.0</ele>
      </trkpt>
      <trkpt lat="45.80933" lon="7.444496">
        <ele>2396.4</ele>
      </trkpt>
      <trkpt lat="45.809265" lon="7.444836">
        <ele>2393.8</ele>
      </trkpt>
      <trkpt lat="45.809183" lon="7.445045">
        <ele>2391.4</ele>
      </trkpt>
      <trkpt lat="45.809145" lon="7.445356">
        <ele>2389.6</ele>
      </trkpt>
      <trkpt lat="45.809093" lon="7.445705">
        <ele>2386.2</ele>
      </trkpt>
      <trkpt lat="45.809067" lon="7.446064">
        <ele>2382.8</ele>
      </trkpt>
      <trkpt lat="45.809086" lon="7.446338">
        <ele>2381.1</ele>
      </trkpt>
      <trkpt lat="45.809015" lon="7.446552">
        <ele>2378.1</ele>
      </trkpt>
      <trkpt lat="45.80891" lon="7.446778">
        <ele>2377.8</ele>
      </trkpt>
      <trkpt lat="45.80897" lon="7.447008">
        <ele>2376.7</ele>
      </trkpt>
      <trkpt lat="45.808996" lon="7.447228">
        <ele>2373.2</ele>
      </trkpt>
      <trkpt lat="45.809003" lon="7.447491">
        <ele>2367.9</ele>
      </trkpt>
      <trkpt lat="45.808999" lon="7.447824">
        <ele>2361.5</ele>
      </trkpt>
      <trkpt lat="45.808985" lon="7.448221">
        <ele>2355.5</ele>
      </trkpt>
      <trkpt lat="45.80897" lon="7.44873">
        <ele>2346.1</ele>
      </trkpt>
      <trkpt lat="45.808947" lon="7.449192">
        <ele>2336.9</ele>
      </trkpt>
      <trkpt lat="45.808947" lon="7.449321">
        <ele>2334.3</ele>
      </trkpt>
      <trkpt lat="45.808917" lon="7.449487">
        <ele>2331.4</ele>
      </trkpt>
      <trkpt lat="45.808977" lon="7.449659">
        <ele>2327.6</ele>
      </trkpt>
      <trkpt lat="45.809119" lon="7.449819">
        <ele>2324.1</ele>
      </trkpt>
      <trkpt lat="45.809149" lon="7.449964">
        <ele>2322.6</ele>
      </trkpt>
      <trkpt lat="45.809194" lon="7.450131">
        <ele>2321.0</ele>
      </trkpt>
      <trkpt lat="45.809291" lon="7.450152">
        <ele>2320.2</ele>
      </trkpt>
      <trkpt lat="45.809362" lon="7.450259">
        <ele>2314.9</ele>
      </trkpt>
      <trkpt lat="45.809359" lon="7.45042">
        <ele>2308.9</ele>
      </trkpt>
      <trkpt lat="45.809269" lon="7.450705">
        <ele>2298.4</ele>
      </trkpt>
      <trkpt lat="45.809198" lon="7.45078">
        <ele>2297.0</ele>
      </trkpt>
      <trkpt lat="45.809128" lon="7.450833">
        <ele>2297.0</ele>
      </trkpt>
      <trkpt lat="45.809048" lon="7.450978">
        <ele>2296.0</ele>
      </trkpt>
      <trkpt lat="45.80897" lon="7.451161">
        <ele>2295.9</ele>
      </trkpt>
      <trkpt lat="45.808854" lon="7.451295">
        <ele>2295.1</ele>
      </trkpt>
      <trkpt lat="45.808641" lon="7.451348">
        <ele>2290.8</ele>
      </trkpt>
      <trkpt lat="45.808345" lon="7.451466">
        <ele>2284.8</ele>
      </trkpt>
      <trkpt lat="45.808173" lon="7.451579">
        <ele>2281.3</ele>
      </trkpt>
      <trkpt lat="45.808065" lon="7.451713">
        <ele>2278.4</ele>
      </trkpt>
      <trkpt lat="45.807971" lon="7.45189">
        <ele>2274.9</ele>
      </trkpt>
      <trkpt lat="45.807848" lon="7.452083">
        <ele>2275.2</ele>
      </trkpt>
      <trkpt lat="45.807747" lon="7.452255">
        <ele>2275.0</ele>
      </trkpt>
      <trkpt lat="45.807642" lon="7.452287">
        <ele>2277.5</ele>
      </trkpt>
      <trkpt lat="45.80756" lon="7.45218">
        <ele>2277.2</ele>
      </trkpt>
      <trkpt lat="45.807444" lon="7.452158">
        <ele>2270.8</ele>
      </trkpt>
      <trkpt lat="45.807392" lon="7.452244">
        <ele>2266.3</ele>
      </trkpt>
      <trkpt lat="45.80735" lon="7.452346">
        <ele>2263.1</ele>
      </trkpt>
      <trkpt lat="45.807294" lon="7.452416">
        <ele>2260.8</ele>
      </trkpt>
      <trkpt lat="45.807193" lon="7.452389">
        <ele>2256.9</ele>
      </trkpt>
      <trkpt lat="45.807078" lon="7.452308">
        <ele>2251.7</ele>
      </trkpt>
      <trkpt lat="45.807025" lon="7.45233">
        <ele>2249.5</ele>
      </trkpt>
      <trkpt lat="45.806969" lon="7.452308">
        <ele>2246.9</ele>
      </trkpt>
      <trkpt lat="45.806932" lon="7.452174">
        <ele>2245.0</ele>
      </trkpt>
      <trkpt lat="45.806872" lon="7.45211">
        <ele>2242.2</ele>
      </trkpt>
      <trkpt lat="45.806666" lon="7.452089">
        <ele>2234.2</ele>
      </trkpt>
      <trkpt lat="45.80649" lon="7.452072">
        <ele>2228.7</ele>
      </trkpt>
      <trkpt lat="45.806386" lon="7.452212">
        <ele>2224.7</ele>
      </trkpt>
      <trkpt lat="45.806348" lon="7.452491">
        <ele>2221.0</ele>
      </trkpt>
      <trkpt lat="45.80633" lon="7.452877">
        <ele>2217.8</ele>
      </trkpt>
      <trkpt lat="45.806389" lon="7.453355">
        <ele>2211.2</ele>
      </trkpt>
      <trkpt lat="45.806464" lon="7.453703">
        <ele>2201.7</ele>
      </trkpt>
      <trkpt lat="45.806644" lon="7.453977">
        <ele>2193.9</ele>
      </trkpt>
      <trkpt lat="45.806771" lon="7.454132">
        <ele>2188.9</ele>
      </trkpt>
      <trkpt lat="45.806816" lon="7.454245">
        <ele>2185.4</ele>
      </trkpt>
      <trkpt lat="45.80676" lon="7.454352">
        <ele>2180.2</ele>
      </trkpt>
      <trkpt lat="45.806618" lon="7.454433">
        <ele>2175.2</ele>
      </trkpt>
      <trkpt lat="45.806606" lon="7.454556">
        <ele>2171.0</ele>
      </trkpt>
      <trkpt lat="45.806737" lon="7.454685">
        <ele>2168.1</ele>
      </trkpt>
      <trkpt lat="45.806887" lon="7.454916">
        <ele>2163.5</ele>
      </trkpt>
      <trkpt lat="45.80698" lon="7.455087">
        <ele>2160.8</ele>
      </trkpt>
      <trkpt lat="45.806977" lon="7.45528">
        <ele>2157.1</ele>
      </trkpt>
      <trkpt lat="45.806939" lon="7.455506">
        <ele>2152.8</ele>
      </trkpt>
      <trkpt lat="45.806857" lon="7.455747">
        <ele>2145.9</ele>
      </trkpt>
      <trkpt lat="45.806756" lon="7.455881">
        <ele>2139.6</ele>
      </trkpt>
      <trkpt lat="45.806696" lon="7.455967">
        <ele>2135.9</ele>
      </trkpt>
      <trkpt lat="45.806715" lon="7.456069">
        <ele>2134.2</ele>
      </trkpt>
      <trkpt lat="45.806737" lon="7.456251">
        <ele>2129.7</ele>
      </trkpt>
      <trkpt lat="45.806689" lon="7.456321">
        <ele>2125.4</ele>
      </trkpt>
      <trkpt lat="45.806555" lon="7.456352">
        <ele>2120.7</ele>
      </trkpt>
      <trkpt lat="45.806477" lon="7.456512">
        <ele>2113.0</ele>
      </trkpt>
      <trkpt lat="45.806331" lon="7.456568">
        <ele>2108.2</ele>
      </trkpt>
      <trkpt lat="45.806171" lon="7.456638">
        <ele>2100.2</ele>
      </trkpt>
      <trkpt lat="45.806035" lon="7.456644">
        <ele>2094.1</ele>
      </trkpt>
      <trkpt lat="45.805904" lon="7.456686">
        <ele>2087.8</ele>
      </trkpt>
      <trkpt lat="45.805797" lon="7.456805">
        <ele>2079.6</ele>
      </trkpt>
      <trkpt lat="45.805526" lon="7.456889">
        <ele>2069.0</ele>
      </trkpt>
      <trkpt lat="45.80542" lon="7.457095">
        <ele>2056.4</ele>
      </trkpt>
      <trkpt lat="45.805623" lon="7.457511">
        <ele>2042.2</ele>
      </trkpt>
      <trkpt lat="45.805547" lon="7.457732">
        <ele>2033.1</ele>
      </trkpt>
      <trkpt lat="45.805343" lon="7.457676">
        <ele>2030.9</ele>
      </trkpt>
      <trkpt lat="45.805127" lon="7.457982">
        <ele>2023.2</ele>
      </trkpt>
      <trkpt lat="45.805059" lon="7.458247">
        <ele>2015.4</ele>
      </trkpt>
      <trkpt lat="45.804937" lon="7.458428">
        <ele>2013.0</ele>
      </trkpt>
      <trkpt lat="45.804728" lon="7.458679">
        <ele>2005.4</ele>
      </trkpt>
      <trkpt lat="45.80452" lon="7.458832">
        <ele>2001.2</ele>
      </trkpt>
      <trkpt lat="45.804408" lon="7.45902">
        <ele>1990.3</ele>
      </trkpt>
      <trkpt lat="45.804194" lon="7.459306">
        <ele>1979.7</ele>
      </trkpt>
      <trkpt lat="45.804044" lon="7.459501">
        <ele>1973.3</ele>
      </trkpt>
      <trkpt lat="45.803903" lon="7.459571">
        <ele>1969.6</ele>
      </trkpt>
      <trkpt lat="45.803806" lon="7.459585">
        <ele>1966.7</ele>
      </trkpt>
      <trkpt lat="45.803737" lon="7.459661">
        <ele>1963.4</ele>
      </trkpt>
      <trkpt lat="45.803574" lon="7.459748">
        <ele>1963.7</ele>
      </trkpt>
      <trkpt lat="45.803473" lon="7.459839">
        <ele>1959.5</ele>
      </trkpt>
      <trkpt lat="45.803296" lon="7.459845">
        <ele>1960.8</ele>
      </trkpt>
      <trkpt lat="45.803168" lon="7.459902">
        <ele>1960.2</ele>
      </trkpt>
      <trkpt lat="45.803056" lon="7.459974">
        <ele>1959.5</ele>
      </trkpt>
      <trkpt lat="45.803107" lon="7.460064">
        <ele>1952.1</ele>
      </trkpt>
      <trkpt lat="45.803197" lon="7.46004">
        <ele>1951.1</ele>
      </trkpt>
      <trkpt lat="45.803375" lon="7.460055">
        <ele>1947.7</ele>
      </trkpt>
      <trkpt lat="45.803469" lon="7.46007">
        <ele>1945.4</ele>
      </trkpt>
      <trkpt lat="45.803584" lon="7.460064">
        <ele>1943.7</ele>
      </trkpt>
      <trkpt lat="45.803726" lon="7.460061">
        <ele>1942.1</ele>
      </trkpt>
      <trkpt lat="45.803832" lon="7.460108">
        <ele>1939.8</ele>
      </trkpt>
      <trkpt lat="45.803918" lon="7.460146">
        <ele>1939.1</ele>
      </trkpt>
      <trkpt lat="45.804026" lon="7.460196">
        <ele>1937.5</ele>
      </trkpt>
      <trkpt lat="45.804123" lon="7.460226">
        <ele>1936.1</ele>
      </trkpt>
      <trkpt lat="45.804262" lon="7.46022">
        <ele>1934.6</ele>
      </trkpt>
      <trkpt lat="45.804401" lon="7.460199">
        <ele>1933.3</ele>
      </trkpt>
      <trkpt lat="45.804536" lon="7.460196">
        <ele>1931.3</ele>
      </trkpt>
      <trkpt lat="45.804713" lon="7.460167">
        <ele>1928.5</ele>
      </trkpt>
      <trkpt lat="45.804834" lon="7.460146">
        <ele>1926.7</ele>
      </trkpt>
      <trkpt lat="45.804977" lon="7.460096">
        <ele>1924.1</ele>
      </trkpt>
      <trkpt lat="45.805094" lon="7.460011">
        <ele>1923.8</ele>
      </trkpt>
      <trkpt lat="45.805225" lon="7.45997">
        <ele>1921.5</ele>
      </trkpt>
      <trkpt lat="45.805377" lon="7.459935">
        <ele>1919.7</ele>
      </trkpt>
      <trkpt lat="45.805506" lon="7.459938">
        <ele>1916.9</ele>
      </trkpt>
      <trkpt lat="45.805645" lon="7.459923">
        <ele>1914.1</ele>
      </trkpt>
      <trkpt lat="45.805694" lon="7.459911">
        <ele>1913.0</ele>
      </trkpt>
      <trkpt lat="45.80577" lon="7.45987">
        <ele>1912.7</ele>
      </trkpt>
      <trkpt lat="45.805846" lon="7.459841">
        <ele>1913.5</ele>
      </trkpt>
      <trkpt lat="45.805887" lon="7.459879">
        <ele>1912.2</ele>
      </trkpt>
      <trkpt lat="45.805971" lon="7.459955">
        <ele>1909.2</ele>
      </trkpt>
      <trkpt lat="45.806034" lon="7.459961">
        <ele>1908.6</ele>
      </trkpt>
      <trkpt lat="45.806169" lon="7.459982">
        <ele>1907.1</ele>
      </trkpt>
      <trkpt lat="45.806262" lon="7.460023">
        <ele>1905.1</ele>
      </trkpt>
      <trkpt lat="45.806348" lon="7.460037">
        <ele>1905.2</ele>
      </trkpt>
      <trkpt lat="45.806446" lon="7.460114">
        <ele>1904.3</ele>
      </trkpt>
      <trkpt lat="45.806532" lon="7.460173">
        <ele>1904.1</ele>
      </trkpt>
      <trkpt lat="45.806606" lon="7.460243">
        <ele>1902.7</ele>
      </trkpt>
      <trkpt lat="45.806704" lon="7.460323">
        <ele>1901.2</ele>
      </trkpt>
      <trkpt lat="45.806811" lon="7.460411">
        <ele>1900.0</ele>
      </trkpt>
      <trkpt lat="45.806882" lon="7.460434">
        <ele>1899.8</ele>
      </trkpt>
      <trkpt lat="45.806952" lon="7.460452">
        <ele>1899.1</ele>
      </trkpt>
      <trkpt lat="45.806986" lon="7.460461">
        <ele>1898.6</ele>
      </trkpt>
      <trkpt lat="45.807002" lon="7.460501">
        <ele>1896.9</ele>
      </trkpt>
      <trkpt lat="45.807061" lon="7.460489">
        <ele>1897.5</ele>
      </trkpt>
      <trkpt lat="45.80717" lon="7.460459">
        <ele>1899.0</ele>
      </trkpt>
      <trkpt lat="45.807277" lon="7.460436">
        <ele>1900.5</ele>
      </trkpt>
      <trkpt lat="45.807477" lon="7.460415">
        <ele>1902.9</ele>
      </trkpt>
      <trkpt lat="45.807552" lon="7.460423">
        <ele>1903.2</ele>
      </trkpt>
      <trkpt lat="45.807647" lon="7.460415">
        <ele>1903.9</ele>
      </trkpt>
      <trkpt lat="45.807734" lon="7.460391">
        <ele>1904.9</ele>
      </trkpt>
      <trkpt lat="45.807818" lon="7.460371">
        <ele>1905.4</ele>
      </trkpt>
      <trkpt lat="45.807904" lon="7.460365">
        <ele>1905.4</ele>
      </trkpt>
      <trkpt lat="45.808017" lon="7.46037">
        <ele>1906.9</ele>
      </trkpt>
      <trkpt lat="45.808107" lon="7.460373">
        <ele>1908.8</ele>
      </trkpt>
      <trkpt lat="45.808149" lon="7.460386">
        <ele>1908.9</ele>
      </trkpt>
      <trkpt lat="45.8082" lon="7.460403">
        <ele>1908.7</ele>
      </trkpt>
      <trkpt lat="45.808247" lon="7.460417">
        <ele>1908.8</ele>
      </trkpt>
      <trkpt lat="45.808295" lon="7.460433">
        <ele>1909.3</ele>
      </trkpt>
      <trkpt lat="45.808339" lon="7.460458">
        <ele>1910.0</ele>
      </trkpt>
      <trkpt lat="45.80838" lon="7.460493">
        <ele>1910.5</ele>
      </trkpt>
      <trkpt lat="45.808433" lon="7.460522">
        <ele>1911.7</ele>
      </trkpt>
      <trkpt lat="45.808467" lon="7.460553">
        <ele>1911.9</ele>
      </trkpt>
      <trkpt lat="45.808504" lon="7.460573">
        <ele>1912.5</ele>
      </trkpt>
      <trkpt lat="45.80855" lon="7.46059">
        <ele>1913.4</ele>
      </trkpt>
      <trkpt lat="45.808575" lon="7.460605">
        <ele>1913.6</ele>
      </trkpt>
      <trkpt lat="45.808617" lon="7.460615">
        <ele>1914.3</ele>
      </trkpt>
      <trkpt lat="45.80866" lon="7.460633">
        <ele>1914.5</ele>
      </trkpt>
      <trkpt lat="45.808704" lon="7.46065">
        <ele>1914.3</ele>
      </trkpt>
      <trkpt lat="45.808744" lon="7.460658">
        <ele>1914.0</ele>
      </trkpt>
      <trkpt lat="45.808778" lon="7.460669">
        <ele>1913.7</ele>
      </trkpt>
      <trkpt lat="45.808816" lon="7.460676">
        <ele>1913.8</ele>
      </trkpt>
      <trkpt lat="45.808879" lon="7.460702">
        <ele>1914.5</ele>
      </trkpt>
      <trkpt lat="45.808911" lon="7.46073">
        <ele>1914.6</ele>
      </trkpt>
      <trkpt lat="45.808953" lon="7.460744">
        <ele>1915.4</ele>
      </trkpt>
      <trkpt lat="45.809004" lon="7.460777">
        <ele>1915.8</ele>
      </trkpt>
      <trkpt lat="45.809058" lon="7.460806">
        <ele>1916.3</ele>
      </trkpt>
      <trkpt lat="45.809164" lon="7.460872">
        <ele>1917.0</ele>
      </trkpt>
      <trkpt lat="45.809208" lon="7.460889">
        <ele>1917.7</ele>
      </trkpt>
      <trkpt lat="45.809275" lon="7.46094">
        <ele>1918.2</ele>
      </trkpt>
      <trkpt lat="45.809347" lon="7.461021">
        <ele>1918.7</ele>
      </trkpt>
      <trkpt lat="45.809395" lon="7.461089">
        <ele>1919.3</ele>
      </trkpt>
      <trkpt lat="45.80943" lon="7.461142">
        <ele>1919.8</ele>
      </trkpt>
      <trkpt lat="45.809487" lon="7.461238">
        <ele>1920.3</ele>
      </trkpt>
      <trkpt lat="45.809546" lon="7.461307">
        <ele>1921.5</ele>
      </trkpt>
      <trkpt lat="45.809605" lon="7.461369">
        <ele>1922.3</ele>
      </trkpt>
      <trkpt lat="45.809667" lon="7.461402">
        <ele>1923.0</ele>
      </trkpt>
      <trkpt lat="45.809722" lon="7.461434">
        <ele>1922.9</ele>
      </trkpt>
      <trkpt lat="45.809812" lon="7.461456">
        <ele>1923.1</ele>
      </trkpt>
      <trkpt lat="45.80989" lon="7.461464">
        <ele>1923.6</ele>
      </trkpt>
      <trkpt lat="45.809944" lon="7.46149">
        <ele>1924.2</ele>
      </trkpt>
      <trkpt lat="45.809971" lon="7.461529">
        <ele>1924.4</ele>
      </trkpt>
      <trkpt lat="45.809995" lon="7.461579">
        <ele>1924.9</ele>
      </trkpt>
      <trkpt lat="45.810014" lon="7.461684">
        <ele>1925.1</ele>
      </trkpt>
      <trkpt lat="45.810014" lon="7.461763">
        <ele>1924.5</ele>
      </trkpt>
      <trkpt lat="45.810038" lon="7.461842">
        <ele>1924.8</ele>
      </trkpt>
      <trkpt lat="45.81009" lon="7.461893">
        <ele>1925.7</ele>
      </trkpt>
      <trkpt lat="45.810149" lon="7.461945">
        <ele>1925.9</ele>
      </trkpt>
      <trkpt lat="45.810219" lon="7.461992">
        <ele>1925.5</ele>
      </trkpt>
      <trkpt lat="45.810278" lon="7.462018">
        <ele>1925.4</ele>
      </trkpt>
      <trkpt lat="45.810335" lon="7.462032">
        <ele>1925.8</ele>
      </trkpt>
      <trkpt lat="45.810395" lon="7.462022">
        <ele>1927.5</ele>
      </trkpt>
      <trkpt lat="45.81045" lon="7.462028">
        <ele>1928.2</ele>
      </trkpt>
      <trkpt lat="45.810533" lon="7.46201">
        <ele>1930.0</ele>
      </trkpt>
      <trkpt lat="45.810649" lon="7.462008">
        <ele>1930.8</ele>
      </trkpt>
      <trkpt lat="45.810709" lon="7.46201">
        <ele>1931.8</ele>
      </trkpt>
      <trkpt lat="45.810784" lon="7.462014">
        <ele>1933.3</ele>
      </trkpt>
      <trkpt lat="45.81087" lon="7.462042">
        <ele>1934.7</ele>
      </trkpt>
      <trkpt lat="45.810942" lon="7.462077">
        <ele>1935.5</ele>
      </trkpt>
      <trkpt lat="45.811008" lon="7.462125">
        <ele>1935.3</ele>
      </trkpt>
      <trkpt lat="45.811079" lon="7.462194">
        <ele>1934.7</ele>
      </trkpt>
      <trkpt lat="45.811151" lon="7.462273">
        <ele>1934.8</ele>
      </trkpt>
      <trkpt lat="45.811283" lon="7.462402">
        <ele>1935.8</ele>
      </trkpt>
      <trkpt lat="45.811367" lon="7.462481">
        <ele>1935.4</ele>
      </trkpt>
      <trkpt lat="45.811455" lon="7.462503">
        <ele>1936.8</ele>
      </trkpt>
      <trkpt lat="45.811596" lon="7.462529">
        <ele>1938.6</ele>
      </trkpt>
      <trkpt lat="45.811699" lon="7.462513">
        <ele>1940.5</ele>
      </trkpt>
      <trkpt lat="45.811807" lon="7.46251">
        <ele>1941.7</ele>
      </trkpt>
      <trkpt lat="45.811928" lon="7.462497">
        <ele>1943.2</ele>
      </trkpt>
      <trkpt lat="45.812003" lon="7.462503">
        <ele>1944.2</ele>
      </trkpt>
      <trkpt lat="45.812066" lon="7.462551">
        <ele>1944.9</ele>
      </trkpt>
      <trkpt lat="45.812126" lon="7.462633">
        <ele>1945.5</ele>
      </trkpt>
      <trkpt lat="45.812181" lon="7.462775">
        <ele>1946.2</ele>
      </trkpt>
      <trkpt lat="45.812216" lon="7.462879">
        <ele>1947.2</ele>
      </trkpt>
      <trkpt lat="45.812262" lon="7.462989">
        <ele>1948.0</ele>
      </trkpt>
      <trkpt lat="45.812269" lon="7.463005">
        <ele>1948.1</ele>
      </trkpt>
      <trkpt lat="45.812314" lon="7.463113">
        <ele>1948.8</ele>
      </trkpt>
      <trkpt lat="45.812326" lon="7.463141">
        <ele>1949.0</ele>
      </trkpt>
      <trkpt lat="45.812366" lon="7.463251">
        <ele>1949.7</ele>
      </trkpt>
      <trkpt lat="45.812425" lon="7.463396">
        <ele>1950.6</ele>
      </trkpt>
      <trkpt lat="45.812465" lon="7.463516">
        <ele>1951.5</ele>
      </trkpt>
      <trkpt lat="45.812546" lon="7.463715">
        <ele>1953.4</ele>
      </trkpt>
      <trkpt lat="45.812615" lon="7.463901">
        <ele>1954.2</ele>
      </trkpt>
      <trkpt lat="45.812658" lon="7.463989">
        <ele>1954.9</ele>
      </trkpt>
      <trkpt lat="45.81269" lon="7.464056">
        <ele>1955.6</ele>
      </trkpt>
      <trkpt lat="45.812681" lon="7.464308">
        <ele>1954.4</ele>
      </trkpt>
      <trkpt lat="45.81269" lon="7.464479">
        <ele>1954.1</ele>
      </trkpt>
      <trkpt lat="45.812668" lon="7.464615">
        <ele>1955.4</ele>
      </trkpt>
      <trkpt lat="45.812584" lon="7.464668">
        <ele>1956.6</ele>
      </trkpt>
      <trkpt lat="45.812472" lon="7.464652">
        <ele>1956.6</ele>
      </trkpt>
      <trkpt lat="45.81229" lon="7.464586">
        <ele>1957.4</ele>
      </trkpt>
      <trkpt lat="45.812122" lon="7.464394">
        <ele>1956.1</ele>
      </trkpt>
      <trkpt lat="45.811971" lon="7.464236">
        <ele>1955.4</ele>
      </trkpt>
      <trkpt lat="45.811858" lon="7.464075">
        <ele>1953.3</ele>
      </trkpt>
      <trkpt lat="45.811746" lon="7.463942">
        <ele>1951.9</ele>
      </trkpt>
      <trkpt lat="45.811691" lon="7.463879">
        <ele>1950.9</ele>
      </trkpt>
      <trkpt lat="45.811621" lon="7.463857">
        <ele>1952.1</ele>
      </trkpt>
      <trkpt lat="45.811556" lon="7.46385">
        <ele>1952.7</ele>
      </trkpt>
      <trkpt lat="45.811458" lon="7.463857">
        <ele>1951.7</ele>
      </trkpt>
      <trkpt lat="45.811251" lon="7.463913">
        <ele>1950.2</ele>
      </trkpt>
      <trkpt lat="45.811136" lon="7.463946">
        <ele>1949.1</ele>
      </trkpt>
      <trkpt lat="45.81103" lon="7.463996">
        <ele>1948.3</ele>
      </trkpt>
      <trkpt lat="45.810911" lon="7.464117">
        <ele>1948.7</ele>
      </trkpt>
      <trkpt lat="45.810801" lon="7.464154">
        <ele>1948.2</ele>
      </trkpt>
      <trkpt lat="45.81072" lon="7.464197">
        <ele>1949.0</ele>
      </trkpt>
      <trkpt lat="45.810651" lon="7.464239">
        <ele>1948.2</ele>
      </trkpt>
      <trkpt lat="45.810589" lon="7.464365">
        <ele>1948.3</ele>
      </trkpt>
      <trkpt lat="45.810504" lon="7.464526">
        <ele>1947.7</ele>
      </trkpt>
      <trkpt lat="45.810461" lon="7.464625">
        <ele>1947.6</ele>
      </trkpt>
      <trkpt lat="45.810421" lon="7.464714">
        <ele>1947.9</ele>
      </trkpt>
      <trkpt lat="45.810359" lon="7.464783">
        <ele>1947.6</ele>
      </trkpt>
      <trkpt lat="45.810304" lon="7.464796">
        <ele>1946.3</ele>
      </trkpt>
      <trkpt lat="45.810249" lon="7.464747">
        <ele>1942.7</ele>
      </trkpt>
      <trkpt lat="45.810171" lon="7.46474">
        <ele>1940.5</ele>
      </trkpt>
      <trkpt lat="45.810123" lon="7.464787">
        <ele>1940.7</ele>
      </trkpt>
      <trkpt lat="45.81007" lon="7.464852">
        <ele>1941.4</ele>
      </trkpt>
      <trkpt lat="45.810001" lon="7.464849">
        <ele>1938.1</ele>
      </trkpt>
      <trkpt lat="45.809946" lon="7.464862">
        <ele>1936.8</ele>
      </trkpt>
      <trkpt lat="45.809898" lon="7.464912">
        <ele>1937.9</ele>
      </trkpt>
      <trkpt lat="45.809762" lon="7.464968">
        <ele>1936.9</ele>
      </trkpt>
      <trkpt lat="45.809707" lon="7.464971">
        <ele>1935.8</ele>
      </trkpt>
      <trkpt lat="45.809682" lon="7.464994">
        <ele>1936.4</ele>
      </trkpt>
      <trkpt lat="45.809615" lon="7.46503">
        <ele>1937.0</ele>
      </trkpt>
      <trkpt lat="45.809491" lon="7.46508">
        <ele>1937.1</ele>
      </trkpt>
      <trkpt lat="45.809323" lon="7.465136">
        <ele>1939.4</ele>
      </trkpt>
      <trkpt lat="45.809199" lon="7.4651">
        <ele>1936.8</ele>
      </trkpt>
      <trkpt lat="45.809105" lon="7.465116">
        <ele>1935.7</ele>
      </trkpt>
      <trkpt lat="45.809032" lon="7.465189">
        <ele>1936.5</ele>
      </trkpt>
      <trkpt lat="45.808935" lon="7.465301">
        <ele>1936.7</ele>
      </trkpt>
      <trkpt lat="45.808862" lon="7.465429">
        <ele>1937.9</ele>
      </trkpt>
      <trkpt lat="45.808735" lon="7.465564">
        <ele>1938.4</ele>
      </trkpt>
      <trkpt lat="45.808572" lon="7.46569">
        <ele>1938.6</ele>
      </trkpt>
      <trkpt lat="45.808483" lon="7.465742">
        <ele>1938.6</ele>
      </trkpt>
      <trkpt lat="45.80845" lon="7.465749">
        <ele>1938.3</ele>
      </trkpt>
      <trkpt lat="45.808257" lon="7.465861">
        <ele>1938.5</ele>
      </trkpt>
      <trkpt lat="45.808124" lon="7.465966">
        <ele>1938.8</ele>
      </trkpt>
      <trkpt lat="45.807943" lon="7.466119">
        <ele>1939.4</ele>
        <name>Quart, Valle d&apos;Aosta/Vallée d&apos;Aoste</name>
        <extensions>
          <oa:Extension>
            <oa:mapZoom>16</oa:mapZoom>
          </oa:Extension>
        </extensions>
      </trkpt>
      <trkpt lat="45.807936" lon="7.466125">
        <ele>1939.4</ele>
      </trkpt>
      <trkpt lat="45.807676" lon="7.466266">
        <ele>1938.8</ele>
      </trkpt>
      <trkpt lat="45.807451" lon="7.466425">
        <ele>1939.2</ele>
      </trkpt>
      <trkpt lat="45.807331" lon="7.46651">
        <ele>1937.0</ele>
      </trkpt>
      <trkpt lat="45.80718" lon="7.466721">
        <ele>1938.6</ele>
      </trkpt>
      <trkpt lat="45.80706" lon="7.466856">
        <ele>1936.3</ele>
      </trkpt>
      <trkpt lat="45.807033" lon="7.467018">
        <ele>1936.4</ele>
      </trkpt>
      <trkpt lat="45.80698" lon="7.467232">
        <ele>1934.8</ele>
      </trkpt>
      <trkpt lat="45.80692" lon="7.467483">
        <ele>1934.9</ele>
      </trkpt>
      <trkpt lat="45.80684" lon="7.467654">
        <ele>1934.7</ele>
      </trkpt>
      <trkpt lat="45.806766" lon="7.467786">
        <ele>1936.2</ele>
      </trkpt>
      <trkpt lat="45.806661" lon="7.467898">
        <ele>1940.1</ele>
      </trkpt>
      <trkpt lat="45.806576" lon="7.467885">
        <ele>1940.7</ele>
      </trkpt>
      <trkpt lat="45.8065" lon="7.467763">
        <ele>1937.1</ele>
      </trkpt>
      <trkpt lat="45.806438" lon="7.46773">
        <ele>1936.8</ele>
      </trkpt>
      <trkpt lat="45.806277" lon="7.467713">
        <ele>1937.3</ele>
      </trkpt>
      <trkpt lat="45.806095" lon="7.467694">
        <ele>1935.8</ele>
      </trkpt>
      <trkpt lat="45.805962" lon="7.467647">
        <ele>1934.3</ele>
      </trkpt>
      <trkpt lat="45.805781" lon="7.467581">
        <ele>1933.6</ele>
      </trkpt>
      <trkpt lat="45.805611" lon="7.467552">
        <ele>1933.6</ele>
      </trkpt>
      <trkpt lat="45.805422" lon="7.467548">
        <ele>1932.2</ele>
      </trkpt>
      <trkpt lat="45.80531" lon="7.467595">
        <ele>1933.6</ele>
      </trkpt>
      <trkpt lat="45.805211" lon="7.467565">
        <ele>1934.4</ele>
      </trkpt>
      <trkpt lat="45.805073" lon="7.467496">
        <ele>1932.6</ele>
      </trkpt>
      <trkpt lat="45.804958" lon="7.467483">
        <ele>1929.3</ele>
      </trkpt>
      <trkpt lat="45.804915" lon="7.467545">
        <ele>1927.5</ele>
      </trkpt>
      <trkpt lat="45.804887" lon="7.467769">
        <ele>1925.5</ele>
      </trkpt>
      <trkpt lat="45.804841" lon="7.46798">
        <ele>1924.8</ele>
      </trkpt>
      <trkpt lat="45.804786" lon="7.468172">
        <ele>1927.1</ele>
      </trkpt>
      <trkpt lat="45.804705" lon="7.46827">
        <ele>1927.9</ele>
      </trkpt>
      <trkpt lat="45.804593" lon="7.468409">
        <ele>1931.0</ele>
      </trkpt>
      <trkpt lat="45.80448" lon="7.468511">
        <ele>1932.5</ele>
      </trkpt>
      <trkpt lat="45.804363" lon="7.468551">
        <ele>1928.3</ele>
      </trkpt>
      <trkpt lat="45.804292" lon="7.46863">
        <ele>1925.3</ele>
      </trkpt>
      <trkpt lat="45.804232" lon="7.468775">
        <ele>1922.2</ele>
      </trkpt>
      <trkpt lat="45.804216" lon="7.469058">
        <ele>1923.8</ele>
      </trkpt>
      <trkpt lat="45.804161" lon="7.46921">
        <ele>1923.5</ele>
      </trkpt>
      <trkpt lat="45.804078" lon="7.469434">
        <ele>1922.9</ele>
      </trkpt>
      <trkpt lat="45.803963" lon="7.469599">
        <ele>1919.1</ele>
      </trkpt>
      <trkpt lat="45.803853" lon="7.469668">
        <ele>1917.8</ele>
      </trkpt>
      <trkpt lat="45.803752" lon="7.469777">
        <ele>1921.1</ele>
      </trkpt>
      <trkpt lat="45.803738" lon="7.469885">
        <ele>1926.0</ele>
      </trkpt>
      <trkpt lat="45.803678" lon="7.469958">
        <ele>1928.9</ele>
      </trkpt>
      <trkpt lat="45.80358" lon="7.469971">
        <ele>1928.5</ele>
      </trkpt>
      <trkpt lat="45.803435" lon="7.47002">
        <ele>1925.8</ele>
      </trkpt>
      <trkpt lat="45.80326" lon="7.470297">
        <ele>1925.9</ele>
      </trkpt>
      <trkpt lat="45.803145" lon="7.470495">
        <ele>1926.0</ele>
      </trkpt>
      <trkpt lat="45.802959" lon="7.470798">
        <ele>1926.1</ele>
      </trkpt>
      <trkpt lat="45.80286" lon="7.470953">
        <ele>1925.8</ele>
      </trkpt>
      <trkpt lat="45.802752" lon="7.471098">
        <ele>1924.3</ele>
      </trkpt>
      <trkpt lat="45.802647" lon="7.471342">
        <ele>1925.2</ele>
      </trkpt>
      <trkpt lat="45.802585" lon="7.471527">
        <ele>1923.5</ele>
      </trkpt>
      <trkpt lat="45.802594" lon="7.471738">
        <ele>1923.1</ele>
      </trkpt>
      <trkpt lat="45.802601" lon="7.471962">
        <ele>1920.8</ele>
      </trkpt>
      <trkpt lat="45.802663" lon="7.472222">
        <ele>1919.8</ele>
      </trkpt>
      <trkpt lat="45.802702" lon="7.472463">
        <ele>1919.3</ele>
      </trkpt>
      <trkpt lat="45.802688" lon="7.472667">
        <ele>1918.4</ele>
      </trkpt>
      <trkpt lat="45.802633" lon="7.472865">
        <ele>1916.8</ele>
      </trkpt>
      <trkpt lat="45.802598" lon="7.473165">
        <ele>1915.9</ele>
      </trkpt>
      <trkpt lat="45.802566" lon="7.473392">
        <ele>1915.1</ele>
      </trkpt>
      <trkpt lat="45.802578" lon="7.473593">
        <ele>1912.3</ele>
      </trkpt>
      <trkpt lat="45.802624" lon="7.473722">
        <ele>1910.3</ele>
      </trkpt>
      <trkpt lat="45.802683" lon="7.473844">
        <ele>1910.7</ele>
      </trkpt>
      <trkpt lat="45.80275" lon="7.474005">
        <ele>1910.1</ele>
      </trkpt>
      <trkpt lat="45.80284" lon="7.474127">
        <ele>1909.9</ele>
      </trkpt>
      <trkpt lat="45.802913" lon="7.474285">
        <ele>1907.8</ele>
      </trkpt>
      <trkpt lat="45.802916" lon="7.474407">
        <ele>1905.3</ele>
      </trkpt>
      <trkpt lat="45.802886" lon="7.474536">
        <ele>1902.8</ele>
      </trkpt>
      <trkpt lat="45.802821" lon="7.474618">
        <ele>1900.5</ele>
      </trkpt>
      <trkpt lat="45.802713" lon="7.474737">
        <ele>1899.0</ele>
      </trkpt>
      <trkpt lat="45.802594" lon="7.474793">
        <ele>1895.2</ele>
      </trkpt>
      <trkpt lat="45.802486" lon="7.474882">
        <ele>1894.2</ele>
      </trkpt>
      <trkpt lat="45.802341" lon="7.474991">
        <ele>1893.9</ele>
      </trkpt>
      <trkpt lat="45.802219" lon="7.475096">
        <ele>1895.6</ele>
      </trkpt>
      <trkpt lat="45.802105" lon="7.475179">
        <ele>1897.0</ele>
      </trkpt>
      <trkpt lat="45.801976" lon="7.475221">
        <ele>1896.4</ele>
      </trkpt>
      <trkpt lat="45.801861" lon="7.475294">
        <ele>1896.9</ele>
      </trkpt>
      <trkpt lat="45.801761" lon="7.475323">
        <ele>1896.5</ele>
      </trkpt>
      <trkpt lat="45.801685" lon="7.475349">
        <ele>1896.5</ele>
      </trkpt>
      <trkpt lat="45.801508" lon="7.475435">
        <ele>1896.4</ele>
      </trkpt>
      <trkpt lat="45.8013" lon="7.475493">
        <ele>1895.1</ele>
      </trkpt>
      <trkpt lat="45.801142" lon="7.475589">
        <ele>1894.1</ele>
      </trkpt>
      <trkpt lat="45.801054" lon="7.475689">
        <ele>1893.6</ele>
      </trkpt>
      <trkpt lat="45.801009" lon="7.475841">
        <ele>1893.5</ele>
      </trkpt>
      <trkpt lat="45.80106" lon="7.475933">
        <ele>1894.9</ele>
      </trkpt>
      <trkpt lat="45.801088" lon="7.475945">
        <ele>1895.8</ele>
      </trkpt>
      <trkpt lat="45.80112" lon="7.475935">
        <ele>1896.9</ele>
      </trkpt>
      <trkpt lat="45.801153" lon="7.475887">
        <ele>1897.9</ele>
      </trkpt>
      <trkpt lat="45.801233" lon="7.475713">
        <ele>1898.9</ele>
      </trkpt>
      <trkpt lat="45.801316" lon="7.475651">
        <ele>1900.2</ele>
      </trkpt>
      <trkpt lat="45.801394" lon="7.475638">
        <ele>1902.2</ele>
      </trkpt>
      <trkpt lat="45.801505" lon="7.47564">
        <ele>1905.3</ele>
      </trkpt>
      <trkpt lat="45.801419" lon="7.475692">
        <ele>1904.3</ele>
      </trkpt>
      <trkpt lat="45.801378" lon="7.475802">
        <ele>1905.0</ele>
      </trkpt>
      <trkpt lat="45.80136" lon="7.475976">
        <ele>1905.3</ele>
      </trkpt>
      <trkpt lat="45.801356" lon="7.476135">
        <ele>1904.6</ele>
      </trkpt>
      <trkpt lat="45.801384" lon="7.476274">
        <ele>1904.5</ele>
      </trkpt>
      <trkpt lat="45.801436" lon="7.476505">
        <ele>1904.0</ele>
      </trkpt>
      <trkpt lat="45.801478" lon="7.476666">
        <ele>1904.0</ele>
      </trkpt>
      <trkpt lat="45.801567" lon="7.476875">
        <ele>1904.2</ele>
      </trkpt>
      <trkpt lat="45.801642" lon="7.477084">
        <ele>1903.2</ele>
      </trkpt>
      <trkpt lat="45.801678" lon="7.477323">
        <ele>1901.3</ele>
      </trkpt>
      <trkpt lat="45.801689" lon="7.477559">
        <ele>1902.7</ele>
      </trkpt>
      <trkpt lat="45.801665" lon="7.477816">
        <ele>1902.0</ele>
      </trkpt>
      <trkpt lat="45.801679" lon="7.478039">
        <ele>1903.5</ele>
      </trkpt>
      <trkpt lat="45.801706" lon="7.478243">
        <ele>1905.0</ele>
      </trkpt>
      <trkpt lat="45.801749" lon="7.478586">
        <ele>1905.4</ele>
      </trkpt>
      <trkpt lat="45.80178" lon="7.478766">
        <ele>1905.4</ele>
      </trkpt>
      <trkpt lat="45.801814" lon="7.47901">
        <ele>1904.1</ele>
      </trkpt>
      <trkpt lat="45.801838" lon="7.479148">
        <ele>1903.8</ele>
      </trkpt>
      <trkpt lat="45.801888" lon="7.479727">
        <ele>1898.3</ele>
      </trkpt>
      <trkpt lat="45.801922" lon="7.479832">
        <ele>1898.4</ele>
        <name>Nus, Valle d&apos;Aosta/Vallée d&apos;Aoste</name>
        <extensions>
          <oa:Extension>
            <oa:mapZoom>16</oa:mapZoom>
          </oa:Extension>
        </extensions>
      </trkpt>
      <trkpt lat="45.801934" lon="7.479871">
        <ele>1898.5</ele>
      </trkpt>
      <trkpt lat="45.80207" lon="7.480014">
        <ele>1899.4</ele>
      </trkpt>
      <trkpt lat="45.802077" lon="7.480275">
        <ele>1897.7</ele>
      </trkpt>
      <trkpt lat="45.80222" lon="7.480654">
        <ele>1899.5</ele>
      </trkpt>
      <trkpt lat="45.80232" lon="7.48089">
        <ele>1898.8</ele>
      </trkpt>
      <trkpt lat="45.802449" lon="7.481008">
        <ele>1899.7</ele>
      </trkpt>
      <trkpt lat="45.802545" lon="7.481023">
        <ele>1901.3</ele>
      </trkpt>
      <trkpt lat="45.802606" lon="7.481095">
        <ele>1900.4</ele>
      </trkpt>
      <trkpt lat="45.802642" lon="7.481294">
        <ele>1899.2</ele>
      </trkpt>
      <trkpt lat="45.802577" lon="7.481525">
        <ele>1900.0</ele>
      </trkpt>
      <trkpt lat="45.802288" lon="7.481714">
        <ele>1901.6</ele>
      </trkpt>
      <trkpt lat="45.802127" lon="7.481868">
        <ele>1903.4</ele>
      </trkpt>
      <trkpt lat="45.802013" lon="7.482073">
        <ele>1903.2</ele>
      </trkpt>
      <trkpt lat="45.801902" lon="7.482129">
        <ele>1901.8</ele>
      </trkpt>
      <trkpt lat="45.801656" lon="7.482124">
        <ele>1901.9</ele>
      </trkpt>
      <trkpt lat="45.801502" lon="7.48216">
        <ele>1900.8</ele>
      </trkpt>
      <trkpt lat="45.801353" lon="7.482227">
        <ele>1898.3</ele>
      </trkpt>
      <trkpt lat="45.80116" lon="7.482309">
        <ele>1895.8</ele>
      </trkpt>
      <trkpt lat="45.800915" lon="7.482294">
        <ele>1892.4</ele>
      </trkpt>
      <trkpt lat="45.800916" lon="7.482206">
        <ele>1891.7</ele>
      </trkpt>
      <trkpt lat="45.800929" lon="7.482112">
        <ele>1890.9</ele>
      </trkpt>
      <trkpt lat="45.800944" lon="7.482017">
        <ele>1890.1</ele>
      </trkpt>
      <trkpt lat="45.800955" lon="7.481916">
        <ele>1889.2</ele>
      </trkpt>
      <trkpt lat="45.800957" lon="7.481802">
        <ele>1887.7</ele>
      </trkpt>
      <trkpt lat="45.800941" lon="7.481747">
        <ele>1886.6</ele>
      </trkpt>
      <trkpt lat="45.800929" lon="7.481695">
        <ele>1885.7</ele>
      </trkpt>
      <trkpt lat="45.800897" lon="7.481641">
        <ele>1884.7</ele>
      </trkpt>
      <trkpt lat="45.80083" lon="7.481558">
        <ele>1883.1</ele>
      </trkpt>
      <trkpt lat="45.800706" lon="7.481498">
        <ele>1880.4</ele>
      </trkpt>
      <trkpt lat="45.800479" lon="7.481412">
        <ele>1875.9</ele>
      </trkpt>
      <trkpt lat="45.800385" lon="7.48136">
        <ele>1874.0</ele>
      </trkpt>
      <trkpt lat="45.800319" lon="7.481349">
        <ele>1872.9</ele>
      </trkpt>
      <trkpt lat="45.800211" lon="7.481393">
        <ele>1871.1</ele>
      </trkpt>
      <trkpt lat="45.800107" lon="7.48148">
        <ele>1869.3</ele>
      </trkpt>
      <trkpt lat="45.800024" lon="7.481592">
        <ele>1867.6</ele>
      </trkpt>
      <trkpt lat="45.799953" lon="7.481739">
        <ele>1865.5</ele>
      </trkpt>
      <trkpt lat="45.799887" lon="7.48203">
        <ele>1862.7</ele>
      </trkpt>
      <trkpt lat="45.799849" lon="7.482226">
        <ele>1860.8</ele>
      </trkpt>
      <trkpt lat="45.799833" lon="7.482343">
        <ele>1859.8</ele>
      </trkpt>
      <trkpt lat="45.799795" lon="7.482474">
        <ele>1858.4</ele>
      </trkpt>
      <trkpt lat="45.799747" lon="7.482623">
        <ele>1856.5</ele>
      </trkpt>
      <trkpt lat="45.799721" lon="7.482824">
        <ele>1853.7</ele>
      </trkpt>
      <trkpt lat="45.799688" lon="7.483032">
        <ele>1850.1</ele>
      </trkpt>
      <trkpt lat="45.799684" lon="7.48305">
        <ele>1850.0</ele>
        <name>45.799684,7.483050</name>
        <extensions>
          <oa:Extension>
            <oa:mapZoom>18</oa:mapZoom>
          </oa:Extension>
        </extensions>
      </trkpt>
      <trkpt lat="45.799576" lon="7.483857">
        <ele>1844.76982</ele>
      </trkpt>
      <trkpt lat="45.800114" lon="7.484736">
        <ele>1852.78636</ele>
      </trkpt>
      <trkpt lat="45.800743" lon="7.485616">
        <ele>1858.15494</ele>
      </trkpt>
      <trkpt lat="45.800829" lon="7.486056">
        <ele>1858.83695</ele>
      </trkpt>
      <trkpt lat="45.800832" lon="7.486689">
        <ele>1863.34663</ele>
      </trkpt>
      <trkpt lat="45.801281" lon="7.486871">
        <ele>1881.3672</ele>
      </trkpt>
      <trkpt lat="45.80139" lon="7.487113">
        <ele>1889.15154</ele>
      </trkpt>
      <trkpt lat="45.801861" lon="7.487199">
        <ele>1903.66383</ele>
      </trkpt>
      <trkpt lat="45.801872" lon="7.487773">
        <ele>1910.15146</ele>
      </trkpt>
      <trkpt lat="45.802355" lon="7.488642">
        <ele>1928.28915</ele>
      </trkpt>
      <trkpt lat="45.802247" lon="7.489586">
        <ele>1937.01071</ele>
      </trkpt>
      <trkpt lat="45.803132" lon="7.491024">
        <ele>1946.59969</ele>
      </trkpt>
      <trkpt lat="45.803241" lon="7.491533">
        <ele>1949.35287</ele>
      </trkpt>
      <trkpt lat="45.80342" lon="7.492032">
        <ele>1951.95308</ele>
      </trkpt>
      <trkpt lat="45.803693" lon="7.492424">
        <ele>1957.8182</ele>
      </trkpt>
      <trkpt lat="45.804015" lon="7.493073">
        <ele>1959.61395</ele>
      </trkpt>
      <trkpt lat="45.804298" lon="7.493303">
        <ele>1965.5</ele>
        <name>11B, Nus</name>
        <extensions>
          <oa:Extension>
            <oa:mapZoom>16</oa:mapZoom>
          </oa:Extension>
        </extensions>
      </trkpt>
      <trkpt lat="45.804302" lon="7.493336">
        <ele>1965.8</ele>
      </trkpt>
      <trkpt lat="45.804304" lon="7.493545">
        <ele>1967.1</ele>
      </trkpt>
      <trkpt lat="45.804304" lon="7.493696">
        <ele>1967.2</ele>
      </trkpt>
      <trkpt lat="45.8043" lon="7.493902">
        <ele>1966.9</ele>
      </trkpt>
      <trkpt lat="45.804296" lon="7.494075">
        <ele>1966.6</ele>
      </trkpt>
      <trkpt lat="45.804279" lon="7.494317">
        <ele>1967.3</ele>
      </trkpt>
      <trkpt lat="45.80426" lon="7.494531">
        <ele>1967.6</ele>
      </trkpt>
      <trkpt lat="45.80421" lon="7.494766">
        <ele>1967.1</ele>
      </trkpt>
      <trkpt lat="45.80413" lon="7.49491">
        <ele>1963.8</ele>
      </trkpt>
      <trkpt lat="45.804086" lon="7.495097">
        <ele>1962.2</ele>
      </trkpt>
      <trkpt lat="45.804113" lon="7.495237">
        <ele>1960.7</ele>
      </trkpt>
      <trkpt lat="45.804101" lon="7.495377">
        <ele>1958.3</ele>
      </trkpt>
      <trkpt lat="45.804041" lon="7.495557">
        <ele>1954.9</ele>
      </trkpt>
      <trkpt lat="45.804032" lon="7.495699">
        <ele>1952.9</ele>
      </trkpt>
      <trkpt lat="45.804047" lon="7.495842">
        <ele>1951.5</ele>
      </trkpt>
      <trkpt lat="45.804058" lon="7.495861">
        <ele>1951.8</ele>
        <name>45.804058,7.495861</name>
        <extensions>
          <oa:Extension>
            <oa:mapZoom>17</oa:mapZoom>
          </oa:Extension>
        </extensions>
      </trkpt>
      <trkpt lat="45.80417" lon="7.496053">
        <ele>1953.0</ele>
      </trkpt>
      <trkpt lat="45.804246" lon="7.496168">
        <ele>1954.3</ele>
      </trkpt>
      <trkpt lat="45.804308" lon="7.496225">
        <ele>1955.4</ele>
      </trkpt>
      <trkpt lat="45.804348" lon="7.496151">
        <ele>1956.4</ele>
      </trkpt>
      <trkpt lat="45.804378" lon="7.496121">
        <ele>1957.3</ele>
      </trkpt>
      <trkpt lat="45.804409" lon="7.496103">
        <ele>1958.1</ele>
      </trkpt>
      <trkpt lat="45.804449" lon="7.4961">
        <ele>1959.1</ele>
      </trkpt>
      <trkpt lat="45.804494" lon="7.496121">
        <ele>1959.8</ele>
      </trkpt>
      <trkpt lat="45.804769" lon="7.496307">
        <ele>1963.3</ele>
      </trkpt>
      <trkpt lat="45.804956" lon="7.496433">
        <ele>1965.5</ele>
      </trkpt>
      <trkpt lat="45.805057" lon="7.496475">
        <ele>1966.4</ele>
      </trkpt>
      <trkpt lat="45.805225" lon="7.496524">
        <ele>1967.6</ele>
      </trkpt>
      <trkpt lat="45.805404" lon="7.496611">
        <ele>1969.3</ele>
      </trkpt>
      <trkpt lat="45.805626" lon="7.496722">
        <ele>1972.8</ele>
      </trkpt>
      <trkpt lat="45.805717" lon="7.496763">
        <ele>1974.4</ele>
        <name>45.805717,7.496763</name>
        <extensions>
          <oa:Extension>
            <oa:mapZoom>19</oa:mapZoom>
          </oa:Extension>
        </extensions>
      </trkpt>
      <trkpt lat="45.805965" lon="7.497059">
        <ele>1976.82334</ele>
      </trkpt>
      <trkpt lat="45.806459" lon="7.497464">
        <ele>1981.51418</ele>
      </trkpt>
      <trkpt lat="45.806666" lon="7.498062">
        <ele>1978.77645</ele>
      </trkpt>
      <trkpt lat="45.80692" lon="7.498448">
        <ele>1974.11787</ele>
      </trkpt>
      <trkpt lat="45.807429" lon="7.49877">
        <ele>1975.4449</ele>
      </trkpt>
      <trkpt lat="45.807945" lon="7.498855">
        <ele>1979.66802</ele>
      </trkpt>
      <trkpt lat="45.808371" lon="7.499092">
        <ele>1980.69088</ele>
      </trkpt>
      <trkpt lat="45.80873" lon="7.499424">
        <ele>1981.36947</ele>
      </trkpt>
      <trkpt lat="45.808981" lon="7.499816">
        <ele>1974.56956</ele>
      </trkpt>
      <trkpt lat="45.80913" lon="7.49995">
        <ele>1971.70238</ele>
      </trkpt>
      <trkpt lat="45.809261" lon="7.500186">
        <ele>1969.10016</ele>
      </trkpt>
      <trkpt lat="45.810144" lon="7.500969">
        <ele>1970.4987</ele>
      </trkpt>
      <trkpt lat="45.810353" lon="7.501044">
        <ele>1972.55674</ele>
      </trkpt>
      <trkpt lat="45.809665" lon="7.50142">
        <ele>1957.52384</ele>
      </trkpt>
      <trkpt lat="45.809007" lon="7.501452">
        <ele>1953.50894</ele>
      </trkpt>
      <trkpt lat="45.80805" lon="7.501237">
        <ele>1928.9112</ele>
      </trkpt>
      <trkpt lat="45.807594" lon="7.501291">
        <ele>1917.75813</ele>
      </trkpt>
      <trkpt lat="45.807242" lon="7.50127">
        <ele>1905.57157</ele>
      </trkpt>
      <trkpt lat="45.806845" lon="7.500964">
        <ele>1888.7</ele>
        <name>L&apos;Arset Desot, Nus</name>
        <extensions>
          <oa:locType>routingNode</oa:locType>
          <oa:Extension>
            <oa:mapZoom>16</oa:mapZoom>
          </oa:Extension>
        </extensions>
      </trkpt>
      <trkpt lat="45.806852" lon="7.50097">
        <ele>1888.6</ele>
      </trkpt>
      <trkpt lat="45.806866" lon="7.501004">
        <ele>1888.3</ele>
      </trkpt>
      <trkpt lat="45.806867" lon="7.501058">
        <ele>1888.3</ele>
      </trkpt>
      <trkpt lat="45.806842" lon="7.501255">
        <ele>1891.0</ele>
      </trkpt>
      <trkpt lat="45.806805" lon="7.501453">
        <ele>1892.2</ele>
      </trkpt>
      <trkpt lat="45.806793" lon="7.501594">
        <ele>1892.9</ele>
      </trkpt>
      <trkpt lat="45.806794" lon="7.501725">
        <ele>1893.3</ele>
      </trkpt>
      <trkpt lat="45.806828" lon="7.501903">
        <ele>1894.5</ele>
      </trkpt>
      <trkpt lat="45.806834" lon="7.50205">
        <ele>1894.6</ele>
      </trkpt>
      <trkpt lat="45.806823" lon="7.502193">
        <ele>1894.6</ele>
      </trkpt>
      <trkpt lat="45.806804" lon="7.502367">
        <ele>1895.5</ele>
      </trkpt>
      <trkpt lat="45.806747" lon="7.502636">
        <ele>1895.3</ele>
      </trkpt>
      <trkpt lat="45.806744" lon="7.502726">
        <ele>1895.2</ele>
      </trkpt>
      <trkpt lat="45.806754" lon="7.502798">
        <ele>1895.4</ele>
      </trkpt>
      <trkpt lat="45.806845" lon="7.503033">
        <ele>1896.1</ele>
      </trkpt>
      <trkpt lat="45.806989" lon="7.503411">
        <ele>1894.4</ele>
      </trkpt>
      <trkpt lat="45.807122" lon="7.503648">
        <ele>1892.3</ele>
      </trkpt>
      <trkpt lat="45.807218" lon="7.503808">
        <ele>1891.0</ele>
      </trkpt>
      <trkpt lat="45.807231" lon="7.503864">
        <ele>1891.1</ele>
      </trkpt>
      <trkpt lat="45.80723" lon="7.50392">
        <ele>1891.8</ele>
      </trkpt>
      <trkpt lat="45.807209" lon="7.503975">
        <ele>1892.2</ele>
      </trkpt>
      <trkpt lat="45.807118" lon="7.504149">
        <ele>1892.2</ele>
      </trkpt>
      <trkpt lat="45.807011" lon="7.504309">
        <ele>1892.8</ele>
      </trkpt>
      <trkpt lat="45.806803" lon="7.504601">
        <ele>1892.8</ele>
      </trkpt>
      <trkpt lat="45.806711" lon="7.504736">
        <ele>1891.7</ele>
      </trkpt>
      <trkpt lat="45.80669" lon="7.504814">
        <ele>1891.8</ele>
      </trkpt>
      <trkpt lat="45.806698" lon="7.50491">
        <ele>1891.9</ele>
      </trkpt>
      <trkpt lat="45.806731" lon="7.504993">
        <ele>1891.6</ele>
      </trkpt>
      <trkpt lat="45.806936" lon="7.505323">
        <ele>1889.7</ele>
      </trkpt>
      <trkpt lat="45.80704" lon="7.505445">
        <ele>1889.0</ele>
      </trkpt>
      <trkpt lat="45.807044" lon="7.505612">
        <ele>1885.8</ele>
      </trkpt>
      <trkpt lat="45.807148" lon="7.505798">
        <ele>1885.9</ele>
      </trkpt>
      <trkpt lat="45.807151" lon="7.505973">
        <ele>1883.8</ele>
      </trkpt>
      <trkpt lat="45.807163" lon="7.506177">
        <ele>1882.3</ele>
      </trkpt>
      <trkpt lat="45.807199" lon="7.506315">
        <ele>1881.3</ele>
      </trkpt>
      <trkpt lat="45.807264" lon="7.506507">
        <ele>1880.6</ele>
      </trkpt>
      <trkpt lat="45.807321" lon="7.506687">
        <ele>1879.6</ele>
      </trkpt>
      <trkpt lat="45.807345" lon="7.506853">
        <ele>1877.4</ele>
      </trkpt>
      <trkpt lat="45.807381" lon="7.506981">
        <ele>1876.6</ele>
      </trkpt>
      <trkpt lat="45.807404" lon="7.507118">
        <ele>1875.8</ele>
      </trkpt>
      <trkpt lat="45.807421" lon="7.507261">
        <ele>1873.9</ele>
      </trkpt>
      <trkpt lat="45.807452" lon="7.507363">
        <ele>1872.8</ele>
      </trkpt>
      <trkpt lat="45.807495" lon="7.507651">
        <ele>1870.3</ele>
      </trkpt>
      <trkpt lat="45.807474" lon="7.50777">
        <ele>1868.7</ele>
      </trkpt>
      <trkpt lat="45.807425" lon="7.507973">
        <ele>1866.6</ele>
      </trkpt>
      <trkpt lat="45.807394" lon="7.508042">
        <ele>1866.4</ele>
      </trkpt>
      <trkpt lat="45.807339" lon="7.508133">
        <ele>1866.2</ele>
      </trkpt>
      <trkpt lat="45.807231" lon="7.508107">
        <ele>1862.9</ele>
      </trkpt>
      <trkpt lat="45.807159" lon="7.508129">
        <ele>1860.1</ele>
      </trkpt>
      <trkpt lat="45.80711" lon="7.508155">
        <ele>1858.4</ele>
      </trkpt>
      <trkpt lat="45.807072" lon="7.508213">
        <ele>1857.1</ele>
      </trkpt>
      <trkpt lat="45.807049" lon="7.508299">
        <ele>1856.1</ele>
      </trkpt>
      <trkpt lat="45.807019" lon="7.508468">
        <ele>1854.2</ele>
      </trkpt>
      <trkpt lat="45.807031" lon="7.508637">
        <ele>1853.0</ele>
      </trkpt>
      <trkpt lat="45.807049" lon="7.508772">
        <ele>1852.2</ele>
      </trkpt>
      <trkpt lat="45.807091" lon="7.508949">
        <ele>1852.0</ele>
      </trkpt>
      <trkpt lat="45.807119" lon="7.509187">
        <ele>1850.5</ele>
      </trkpt>
      <trkpt lat="45.807142" lon="7.509379">
        <ele>1848.8</ele>
      </trkpt>
      <trkpt lat="45.807169" lon="7.509477">
        <ele>1848.7</ele>
      </trkpt>
      <trkpt lat="45.807217" lon="7.50974">
        <ele>1846.8</ele>
      </trkpt>
      <trkpt lat="45.807209" lon="7.509974">
        <ele>1845.2</ele>
      </trkpt>
      <trkpt lat="45.807189" lon="7.510246">
        <ele>1842.3</ele>
      </trkpt>
      <trkpt lat="45.807155" lon="7.510605">
        <ele>1837.9</ele>
      </trkpt>
      <trkpt lat="45.807209" lon="7.510815">
        <ele>1835.9</ele>
      </trkpt>
      <trkpt lat="45.807228" lon="7.51094">
        <ele>1835.1</ele>
      </trkpt>
      <trkpt lat="45.807126" lon="7.511187">
        <ele>1832.3</ele>
      </trkpt>
      <trkpt lat="45.80721" lon="7.511572">
        <ele>1831.1</ele>
      </trkpt>
      <trkpt lat="45.807352" lon="7.511695">
        <ele>1831.1</ele>
      </trkpt>
      <trkpt lat="45.807514" lon="7.511786">
        <ele>1830.9</ele>
      </trkpt>
      <trkpt lat="45.807702" lon="7.511925">
        <ele>1828.6</ele>
      </trkpt>
      <trkpt lat="45.807814" lon="7.512055">
        <ele>1826.5</ele>
      </trkpt>
      <trkpt lat="45.807876" lon="7.512202">
        <ele>1823.8</ele>
      </trkpt>
      <trkpt lat="45.807975" lon="7.512329">
        <ele>1822.1</ele>
      </trkpt>
      <trkpt lat="45.808041" lon="7.512446">
        <ele>1820.1</ele>
      </trkpt>
      <trkpt lat="45.808052" lon="7.512607">
        <ele>1817.6</ele>
      </trkpt>
      <trkpt lat="45.80812" lon="7.512806">
        <ele>1818.0</ele>
      </trkpt>
      <trkpt lat="45.808175" lon="7.512964">
        <ele>1817.1</ele>
      </trkpt>
      <trkpt lat="45.808265" lon="7.513035">
        <ele>1816.8</ele>
      </trkpt>
      <trkpt lat="45.808421" lon="7.513214">
        <ele>1815.5</ele>
      </trkpt>
      <trkpt lat="45.808529" lon="7.513465">
        <ele>1811.3</ele>
      </trkpt>
      <trkpt lat="45.808592" lon="7.513691">
        <ele>1809.0</ele>
      </trkpt>
      <trkpt lat="45.808682" lon="7.513938">
        <ele>1807.4</ele>
      </trkpt>
      <trkpt lat="45.808788" lon="7.514222">
        <ele>1802.3</ele>
      </trkpt>
      <trkpt lat="45.808886" lon="7.514681">
        <ele>1793.2</ele>
      </trkpt>
      <trkpt lat="45.808984" lon="7.51514">
        <ele>1789.7</ele>
      </trkpt>
      <trkpt lat="45.80899" lon="7.515354">
        <ele>1786.5</ele>
      </trkpt>
      <trkpt lat="45.808984" lon="7.515553">
        <ele>1784.6</ele>
      </trkpt>
      <trkpt lat="45.808983" lon="7.51559">
        <ele>1784.2</ele>
      </trkpt>
      <trkpt lat="45.808945" lon="7.515762">
        <ele>1781.9</ele>
      </trkpt>
      <trkpt lat="45.808923" lon="7.515875">
        <ele>1780.8</ele>
      </trkpt>
      <trkpt lat="45.808942" lon="7.516263">
        <ele>1776.8</ele>
      </trkpt>
      <trkpt lat="45.808921" lon="7.516427">
        <ele>1774.8</ele>
      </trkpt>
      <trkpt lat="45.808796" lon="7.516854">
        <ele>1770.1</ele>
      </trkpt>
      <trkpt lat="45.80869" lon="7.517095">
        <ele>1765.2</ele>
      </trkpt>
      <trkpt lat="45.808648" lon="7.517289">
        <ele>1761.3</ele>
      </trkpt>
      <trkpt lat="45.808646" lon="7.517397">
        <ele>1759.5</ele>
      </trkpt>
      <trkpt lat="45.808686" lon="7.517505">
        <ele>1757.3</ele>
      </trkpt>
      <trkpt lat="45.808757" lon="7.517574">
        <ele>1755.9</ele>
      </trkpt>
      <trkpt lat="45.8088" lon="7.517724">
        <ele>1751.0</ele>
      </trkpt>
      <trkpt lat="45.80881" lon="7.517863">
        <ele>1749.3</ele>
      </trkpt>
      <trkpt lat="45.80878" lon="7.517943">
        <ele>1747.7</ele>
      </trkpt>
      <trkpt lat="45.808651" lon="7.518064">
        <ele>1744.0</ele>
      </trkpt>
      <trkpt lat="45.808676" lon="7.518143">
        <ele>1744.0</ele>
      </trkpt>
      <trkpt lat="45.808762" lon="7.518344">
        <ele>1743.8</ele>
      </trkpt>
      <trkpt lat="45.808789" lon="7.518433">
        <ele>1744.0</ele>
      </trkpt>
      <trkpt lat="45.808807" lon="7.518547">
        <ele>1744.2</ele>
      </trkpt>
      <trkpt lat="45.808816" lon="7.518703">
        <ele>1744.6</ele>
      </trkpt>
      <trkpt lat="45.808824" lon="7.518866">
        <ele>1745.2</ele>
      </trkpt>
      <trkpt lat="45.808825" lon="7.51905">
        <ele>1745.9</ele>
      </trkpt>
      <trkpt lat="45.808752" lon="7.519084">
        <ele>1742.7</ele>
      </trkpt>
      <trkpt lat="45.808675" lon="7.519175">
        <ele>1739.3</ele>
      </trkpt>
      <trkpt lat="45.808617" lon="7.519299">
        <ele>1736.8</ele>
      </trkpt>
      <trkpt lat="45.808536" lon="7.519497">
        <ele>1732.9</ele>
      </trkpt>
      <trkpt lat="45.808534" lon="7.51969">
        <ele>1729.4</ele>
      </trkpt>
      <trkpt lat="45.808608" lon="7.520277">
        <ele>1718.5</ele>
      </trkpt>
      <trkpt lat="45.808658" lon="7.520578">
        <ele>1715.9</ele>
      </trkpt>
      <trkpt lat="45.808672" lon="7.520679">
        <ele>1715.4</ele>
      </trkpt>
      <trkpt lat="45.808653" lon="7.520769">
        <ele>1714.5</ele>
      </trkpt>
      <trkpt lat="45.80865" lon="7.52086">
        <ele>1713.5</ele>
      </trkpt>
      <trkpt lat="45.808634" lon="7.521003">
        <ele>1711.7</ele>
      </trkpt>
      <trkpt lat="45.80864" lon="7.521091">
        <ele>1710.8</ele>
      </trkpt>
      <trkpt lat="45.808667" lon="7.521181">
        <ele>1710.1</ele>
      </trkpt>
      <trkpt lat="45.808738" lon="7.521324">
        <ele>1709.3</ele>
      </trkpt>
      <trkpt lat="45.808825" lon="7.521465">
        <ele>1709.5</ele>
      </trkpt>
      <trkpt lat="45.809043" lon="7.52184">
        <ele>1705.1</ele>
      </trkpt>
      <trkpt lat="45.809175" lon="7.52199">
        <ele>1705.8</ele>
      </trkpt>
      <trkpt lat="45.809289" lon="7.522148">
        <ele>1706.6</ele>
      </trkpt>
      <trkpt lat="45.809447" lon="7.522462">
        <ele>1703.3</ele>
      </trkpt>
      <trkpt lat="45.8096" lon="7.522785">
        <ele>1700.2</ele>
      </trkpt>
      <trkpt lat="45.809784" lon="7.523082">
        <ele>1697.8</ele>
      </trkpt>
      <trkpt lat="45.809886" lon="7.523225">
        <ele>1696.1</ele>
      </trkpt>
      <trkpt lat="45.809916" lon="7.523284">
        <ele>1695.7</ele>
      </trkpt>
      <trkpt lat="45.809926" lon="7.523347">
        <ele>1695.1</ele>
      </trkpt>
      <trkpt lat="45.809914" lon="7.523419">
        <ele>1694.4</ele>
      </trkpt>
      <trkpt lat="45.809881" lon="7.523483">
        <ele>1694.1</ele>
      </trkpt>
      <trkpt lat="45.809856" lon="7.523538">
        <ele>1694.5</ele>
      </trkpt>
      <trkpt lat="45.809846" lon="7.523608">
        <ele>1695.4</ele>
      </trkpt>
      <trkpt lat="45.809877" lon="7.523684">
        <ele>1696.6</ele>
      </trkpt>
      <trkpt lat="45.809877" lon="7.523738">
        <ele>1698.0</ele>
      </trkpt>
      <trkpt lat="45.80991" lon="7.523775">
        <ele>1698.6</ele>
      </trkpt>
      <trkpt lat="45.809914" lon="7.523812">
        <ele>1699.7</ele>
      </trkpt>
      <trkpt lat="45.809901" lon="7.523848">
        <ele>1700.9</ele>
      </trkpt>
      <trkpt lat="45.809881" lon="7.523858">
        <ele>1701.5</ele>
      </trkpt>
      <trkpt lat="45.809835" lon="7.523846">
        <ele>1702.2</ele>
      </trkpt>
      <trkpt lat="45.809579" lon="7.523693">
        <ele>1705.2</ele>
      </trkpt>
      <trkpt lat="45.809396" lon="7.523596">
        <ele>1706.4</ele>
      </trkpt>
      <trkpt lat="45.809365" lon="7.523608">
        <ele>1707.3</ele>
      </trkpt>
      <trkpt lat="45.809351" lon="7.523645">
        <ele>1709.0</ele>
      </trkpt>
      <trkpt lat="45.809361" lon="7.523689">
        <ele>1710.5</ele>
      </trkpt>
      <trkpt lat="45.809508" lon="7.523794">
        <ele>1710.2</ele>
      </trkpt>
      <trkpt lat="45.809591" lon="7.523865">
        <ele>1710.3</ele>
      </trkpt>
      <trkpt lat="45.809722" lon="7.524024">
        <ele>1712.9</ele>
      </trkpt>
      <trkpt lat="45.809858" lon="7.524217">
        <ele>1714.2</ele>
      </trkpt>
      <trkpt lat="45.809949" lon="7.524355">
        <ele>1715.5</ele>
      </trkpt>
      <trkpt lat="45.810099" lon="7.524477">
        <ele>1716.3</ele>
      </trkpt>
      <trkpt lat="45.810317" lon="7.524607">
        <ele>1718.9</ele>
      </trkpt>
      <trkpt lat="45.810402" lon="7.524641">
        <ele>1718.9</ele>
      </trkpt>
      <trkpt lat="45.810513" lon="7.524716">
        <ele>1719.7</ele>
      </trkpt>
      <trkpt lat="45.810715" lon="7.524805">
        <ele>1720.5</ele>
      </trkpt>
      <trkpt lat="45.810864" lon="7.524916">
        <ele>1722.6</ele>
      </trkpt>
      <trkpt lat="45.810914" lon="7.525259">
        <ele>1738.3</ele>
      </trkpt>
      <trkpt lat="45.811114" lon="7.525635">
        <ele>1752.0</ele>
      </trkpt>
      <trkpt lat="45.811453" lon="7.525935">
        <ele>1763.2</ele>
      </trkpt>
      <trkpt lat="45.811684" lon="7.52604">
        <ele>1767.0</ele>
      </trkpt>
      <trkpt lat="45.811916" lon="7.526144">
        <ele>1776.6</ele>
      </trkpt>
      <trkpt lat="45.812279" lon="7.526284">
        <ele>1786.0</ele>
      </trkpt>
      <trkpt lat="45.812578" lon="7.526504">
        <ele>1795.3</ele>
      </trkpt>
      <trkpt lat="45.812701" lon="7.526665">
        <ele>1800.8</ele>
      </trkpt>
      <trkpt lat="45.812795" lon="7.526922">
        <ele>1808.1</ele>
      </trkpt>
      <trkpt lat="45.812883" lon="7.52704">
        <ele>1809.1</ele>
      </trkpt>
      <trkpt lat="45.813012" lon="7.527126">
        <ele>1810.5</ele>
      </trkpt>
      <trkpt lat="45.813283" lon="7.527469">
        <ele>1816.8</ele>
      </trkpt>
      <trkpt lat="45.813545" lon="7.527887">
        <ele>1826.1</ele>
      </trkpt>
      <trkpt lat="45.813808" lon="7.528304">
        <ele>1835.3</ele>
      </trkpt>
      <trkpt lat="45.813944" lon="7.528662">
        <ele>1844.4</ele>
      </trkpt>
      <trkpt lat="45.813973" lon="7.528808">
        <ele>1845.7</ele>
      </trkpt>
      <trkpt lat="45.813963" lon="7.528886">
        <ele>1846.9</ele>
      </trkpt>
      <trkpt lat="45.813754" lon="7.529047">
        <ele>1854.1</ele>
      </trkpt>
      <trkpt lat="45.813731" lon="7.529111">
        <ele>1856.2</ele>
      </trkpt>
      <trkpt lat="45.813823" lon="7.529283">
        <ele>1858.7</ele>
      </trkpt>
      <trkpt lat="45.813821" lon="7.529411">
        <ele>1860.2</ele>
      </trkpt>
      <trkpt lat="45.813801" lon="7.529451">
        <ele>1860.7</ele>
        <name>45.813807,7.529458</name>
        <extensions>
          <oa:Extension>
            <oa:mapZoom>15</oa:mapZoom>
          </oa:Extension>
        </extensions>
      </trkpt>
      <trkpt lat="45.81369" lon="7.529666">
        <ele>1863.1</ele>
      </trkpt>
      <trkpt lat="45.813471" lon="7.529946">
        <ele>1862.5</ele>
      </trkpt>
      <trkpt lat="45.813395" lon="7.530101">
        <ele>1861.3</ele>
      </trkpt>
      <trkpt lat="45.813354" lon="7.530265">
        <ele>1860.5</ele>
      </trkpt>
      <trkpt lat="45.81332" lon="7.53039">
        <ele>1860.1</ele>
      </trkpt>
      <trkpt lat="45.813257" lon="7.530704">
        <ele>1859.1</ele>
      </trkpt>
      <trkpt lat="45.813258" lon="7.530833">
        <ele>1857.3</ele>
      </trkpt>
      <trkpt lat="45.813369" lon="7.531101">
        <ele>1855.2</ele>
      </trkpt>
      <trkpt lat="45.813404" lon="7.531243">
        <ele>1853.9</ele>
      </trkpt>
      <trkpt lat="45.813363" lon="7.531399">
        <ele>1853.8</ele>
      </trkpt>
      <trkpt lat="45.813221" lon="7.531884">
        <ele>1865.2</ele>
      </trkpt>
      <trkpt lat="45.813219" lon="7.532032">
        <ele>1869.1</ele>
      </trkpt>
      <trkpt lat="45.813182" lon="7.532107">
        <ele>1872.7</ele>
      </trkpt>
      <trkpt lat="45.813137" lon="7.532193">
        <ele>1877.0</ele>
      </trkpt>
      <trkpt lat="45.813124" lon="7.532332">
        <ele>1882.0</ele>
      </trkpt>
      <trkpt lat="45.813004" lon="7.532413">
        <ele>1888.7</ele>
      </trkpt>
      <trkpt lat="45.812974" lon="7.532509">
        <ele>1893.2</ele>
      </trkpt>
      <trkpt lat="45.812971" lon="7.532635">
        <ele>1897.8</ele>
      </trkpt>
      <trkpt lat="45.812909" lon="7.53274">
        <ele>1903.7</ele>
      </trkpt>
      <trkpt lat="45.812954" lon="7.532944">
        <ele>1909.6</ele>
      </trkpt>
      <trkpt lat="45.812881" lon="7.533073">
        <ele>1917.4</ele>
      </trkpt>
      <trkpt lat="45.812849" lon="7.533193">
        <ele>1923.7</ele>
      </trkpt>
      <trkpt lat="45.812784" lon="7.53322">
        <ele>1927.7</ele>
      </trkpt>
      <trkpt lat="45.812662" lon="7.533255">
        <ele>1934.2</ele>
      </trkpt>
      <trkpt lat="45.812716" lon="7.533496">
        <ele>1941.4</ele>
      </trkpt>
      <trkpt lat="45.812686" lon="7.533601">
        <ele>1947.0</ele>
      </trkpt>
      <trkpt lat="45.812619" lon="7.533673">
        <ele>1953.3</ele>
      </trkpt>
      <trkpt lat="45.812638" lon="7.533797">
        <ele>1957.3</ele>
      </trkpt>
      <trkpt lat="45.812613" lon="7.533912">
        <ele>1962.9</ele>
      </trkpt>
      <trkpt lat="45.812505" lon="7.534068">
        <ele>1975.9</ele>
      </trkpt>
      <trkpt lat="45.812359" lon="7.534178">
        <ele>1988.3</ele>
      </trkpt>
      <trkpt lat="45.812296" lon="7.534282">
        <ele>1996.0</ele>
      </trkpt>
      <trkpt lat="45.812298" lon="7.534542">
        <ele>2012.4</ele>
      </trkpt>
      <trkpt lat="45.812264" lon="7.534711">
        <ele>2023.9</ele>
      </trkpt>
      <trkpt lat="45.812225" lon="7.534867">
        <ele>2033.1</ele>
      </trkpt>
      <trkpt lat="45.81215" lon="7.534904">
        <ele>2035.9</ele>
      </trkpt>
      <trkpt lat="45.812096" lon="7.53487">
        <ele>2035.9</ele>
      </trkpt>
      <trkpt lat="45.81194" lon="7.535312">
        <ele>2066.0</ele>
      </trkpt>
      <trkpt lat="45.812023" lon="7.535717">
        <ele>2087.7</ele>
      </trkpt>
      <trkpt lat="45.811993" lon="7.535849">
        <ele>2097.0</ele>
      </trkpt>
      <trkpt lat="45.812051" lon="7.535967">
        <ele>2102.6</ele>
      </trkpt>
      <trkpt lat="45.81204" lon="7.536125">
        <ele>2113.7</ele>
      </trkpt>
      <trkpt lat="45.812008" lon="7.536259">
        <ele>2122.6</ele>
      </trkpt>
      <trkpt lat="45.812064" lon="7.536364">
        <ele>2129.5</ele>
      </trkpt>
      <trkpt lat="45.812025" lon="7.536522">
        <ele>2138.8</ele>
      </trkpt>
      <trkpt lat="45.812058" lon="7.536691">
        <ele>2148.2</ele>
      </trkpt>
      <trkpt lat="45.812015" lon="7.536889">
        <ele>2159.6</ele>
      </trkpt>
      <trkpt lat="45.811939" lon="7.537064">
        <ele>2171.1</ele>
      </trkpt>
      <trkpt lat="45.81191" lon="7.537276">
        <ele>2176.0</ele>
      </trkpt>
      <trkpt lat="45.811921" lon="7.537402">
        <ele>2174.5</ele>
      </trkpt>
      <trkpt lat="45.812174" lon="7.537606">
        <ele>2165.9</ele>
      </trkpt>
      <trkpt lat="45.812336" lon="7.537825">
        <ele>2157.3</ele>
      </trkpt>
      <trkpt lat="45.812311" lon="7.53796">
        <ele>2153.4</ele>
      </trkpt>
      <trkpt lat="45.812374" lon="7.538021">
        <ele>2154.2</ele>
      </trkpt>
      <trkpt lat="45.812378" lon="7.538045">
        <ele>2154.2</ele>
      </trkpt>
      <trkpt lat="45.812381" lon="7.538245">
        <ele>2151.9</ele>
      </trkpt>
      <trkpt lat="45.812596" lon="7.538611">
        <ele>2137.5</ele>
      </trkpt>
      <trkpt lat="45.812638" lon="7.538724">
        <ele>2132.3</ele>
      </trkpt>
      <trkpt lat="45.812698" lon="7.538842">
        <ele>2128.4</ele>
      </trkpt>
      <trkpt lat="45.81281" lon="7.538885">
        <ele>2128.3</ele>
      </trkpt>
      <trkpt lat="45.812898" lon="7.539067">
        <ele>2123.7</ele>
      </trkpt>
      <trkpt lat="45.812903" lon="7.539142">
        <ele>2121.4</ele>
      </trkpt>
      <trkpt lat="45.812847" lon="7.539191">
        <ele>2118.0</ele>
      </trkpt>
      <trkpt lat="45.81289" lon="7.53926">
        <ele>2116.9</ele>
      </trkpt>
      <trkpt lat="45.812833" lon="7.539405">
        <ele>2110.3</ele>
      </trkpt>
      <trkpt lat="45.812788" lon="7.539993">
        <ele>2090.6</ele>
      </trkpt>
      <trkpt lat="45.812813" lon="7.540489">
        <ele>2068.5</ele>
      </trkpt>
      <trkpt lat="45.81287" lon="7.54067">
        <ele>2065.7</ele>
      </trkpt>
      <trkpt lat="45.812778" lon="7.54124">
        <ele>2057.4</ele>
      </trkpt>
      <trkpt lat="45.812713" lon="7.541558">
        <ele>2057.4</ele>
      </trkpt>
      <trkpt lat="45.812649" lon="7.541876">
        <ele>2054.8</ele>
      </trkpt>
      <trkpt lat="45.812697" lon="7.542275">
        <ele>2049.3</ele>
      </trkpt>
      <trkpt lat="45.812746" lon="7.542675">
        <ele>2045.7</ele>
      </trkpt>
      <trkpt lat="45.812669" lon="7.542872">
        <ele>2043.6</ele>
      </trkpt>
      <trkpt lat="45.812663" lon="7.543081">
        <ele>2039.5</ele>
      </trkpt>
      <trkpt lat="45.812664" lon="7.5433">
        <ele>2036.0</ele>
      </trkpt>
      <trkpt lat="45.812559" lon="7.543428">
        <ele>2032.0</ele>
      </trkpt>
      <trkpt lat="45.812544" lon="7.54382">
        <ele>2024.8</ele>
      </trkpt>
      <trkpt lat="45.81254" lon="7.544027">
        <ele>2021.0</ele>
      </trkpt>
      <trkpt lat="45.812529" lon="7.544169">
        <ele>2018.6</ele>
      </trkpt>
      <trkpt lat="45.812511" lon="7.544365">
        <ele>2015.6</ele>
      </trkpt>
      <trkpt lat="45.812479" lon="7.544636">
        <ele>2011.4</ele>
      </trkpt>
      <trkpt lat="45.812458" lon="7.544791">
        <ele>2009.1</ele>
      </trkpt>
      <trkpt lat="45.812511" lon="7.544966">
        <ele>2006.6</ele>
      </trkpt>
      <trkpt lat="45.812582" lon="7.545073">
        <ele>2004.2</ele>
      </trkpt>
      <trkpt lat="45.812638" lon="7.545264">
        <ele>2001.1</ele>
      </trkpt>
      <trkpt lat="45.812675" lon="7.545459">
        <ele>1999.0</ele>
      </trkpt>
      <trkpt lat="45.812657" lon="7.545784">
        <ele>1995.7</ele>
      </trkpt>
      <trkpt lat="45.812707" lon="7.546202">
        <ele>1992.1</ele>
      </trkpt>
      <trkpt lat="45.812709" lon="7.546516">
        <ele>1990.2</ele>
      </trkpt>
      <trkpt lat="45.812735" lon="7.546746">
        <ele>1987.6</ele>
      </trkpt>
      <trkpt lat="45.812692" lon="7.54691">
        <ele>1984.0</ele>
      </trkpt>
      <trkpt lat="45.812552" lon="7.546988">
        <ele>1979.6</ele>
      </trkpt>
      <trkpt lat="45.812511" lon="7.547042">
        <ele>1977.6</ele>
      </trkpt>
      <trkpt lat="45.812497" lon="7.547105">
        <ele>1975.6</ele>
      </trkpt>
      <trkpt lat="45.812466" lon="7.547146">
        <ele>1974.0</ele>
      </trkpt>
      <trkpt lat="45.812137" lon="7.547331">
        <ele>1963.5</ele>
      </trkpt>
      <trkpt lat="45.812087" lon="7.547347">
        <ele>1962.3</ele>
      </trkpt>
      <trkpt lat="45.812034" lon="7.547336">
        <ele>1961.6</ele>
      </trkpt>
      <trkpt lat="45.811981" lon="7.547361">
        <ele>1959.9</ele>
      </trkpt>
      <trkpt lat="45.811955" lon="7.547438">
        <ele>1957.1</ele>
      </trkpt>
      <trkpt lat="45.811899" lon="7.547453">
        <ele>1955.0</ele>
      </trkpt>
      <trkpt lat="45.811862" lon="7.547493">
        <ele>1952.7</ele>
      </trkpt>
      <trkpt lat="45.811761" lon="7.547448">
        <ele>1950.5</ele>
      </trkpt>
      <trkpt lat="45.811659" lon="7.547492">
        <ele>1946.5</ele>
      </trkpt>
      <trkpt lat="45.811338" lon="7.547441">
        <ele>1939.4</ele>
      </trkpt>
      <trkpt lat="45.811217" lon="7.547423">
        <ele>1937.4</ele>
      </trkpt>
      <trkpt lat="45.811007" lon="7.547547">
        <ele>1929.3</ele>
      </trkpt>
      <trkpt lat="45.810923" lon="7.54758">
        <ele>1926.6</ele>
      </trkpt>
      <trkpt lat="45.81088" lon="7.547903">
        <ele>1917.1</ele>
      </trkpt>
      <trkpt lat="45.810824" lon="7.547949">
        <ele>1915.3</ele>
      </trkpt>
      <trkpt lat="45.810571" lon="7.548387">
        <ele>1903.0</ele>
      </trkpt>
      <trkpt lat="45.810317" lon="7.548824">
        <ele>1895.0</ele>
      </trkpt>
      <trkpt lat="45.810154" lon="7.549328">
        <ele>1885.3</ele>
      </trkpt>
      <trkpt lat="45.810005" lon="7.549757">
        <ele>1879.3</ele>
      </trkpt>
      <trkpt lat="45.809848" lon="7.55015">
        <ele>1875.1</ele>
      </trkpt>
      <trkpt lat="45.809796" lon="7.550402">
        <ele>1872.1</ele>
      </trkpt>
      <trkpt lat="45.809685" lon="7.550729">
        <ele>1868.3</ele>
      </trkpt>
      <trkpt lat="45.809524" lon="7.55094">
        <ele>1862.8</ele>
        <name>Collet, Torgnon</name>
        <extensions>
          <oa:Extension>
            <oa:mapZoom>16</oa:mapZoom>
          </oa:Extension>
        </extensions>
      </trkpt>
      <trkpt lat="45.809458" lon="7.551027">
        <ele>1860.6</ele>
      </trkpt>
      <trkpt lat="45.809259" lon="7.55137">
        <ele>1854.2</ele>
      </trkpt>
      <trkpt lat="45.809342" lon="7.551499">
        <ele>1855.0</ele>
      </trkpt>
      <trkpt lat="45.809428" lon="7.551649">
        <ele>1855.8</ele>
      </trkpt>
      <trkpt lat="45.809527" lon="7.551821">
        <ele>1857.8</ele>
      </trkpt>
      <trkpt lat="45.809611" lon="7.551969">
        <ele>1859.2</ele>
      </trkpt>
      <trkpt lat="45.809717" lon="7.552155">
        <ele>1860.7</ele>
      </trkpt>
      <trkpt lat="45.809808" lon="7.552297">
        <ele>1862.1</ele>
      </trkpt>
      <trkpt lat="45.80994" lon="7.552507">
        <ele>1863.5</ele>
      </trkpt>
      <trkpt lat="45.809988" lon="7.552575">
        <ele>1863.9</ele>
      </trkpt>
      <trkpt lat="45.810069" lon="7.552699">
        <ele>1864.7</ele>
      </trkpt>
      <trkpt lat="45.809944" lon="7.552799">
        <ele>1863.2</ele>
      </trkpt>
      <trkpt lat="45.809843" lon="7.55292">
        <ele>1861.9</ele>
      </trkpt>
      <trkpt lat="45.809787" lon="7.552976">
        <ele>1861.4</ele>
      </trkpt>
      <trkpt lat="45.809732" lon="7.553042">
        <ele>1861.2</ele>
      </trkpt>
      <trkpt lat="45.809665" lon="7.553066">
        <ele>1861.1</ele>
      </trkpt>
      <trkpt lat="45.809597" lon="7.553059">
        <ele>1861.1</ele>
      </trkpt>
      <trkpt lat="45.809499" lon="7.553014">
        <ele>1860.4</ele>
      </trkpt>
      <trkpt lat="45.809383" lon="7.552964">
        <ele>1858.9</ele>
      </trkpt>
      <trkpt lat="45.809306" lon="7.552933">
        <ele>1857.9</ele>
      </trkpt>
      <trkpt lat="45.809218" lon="7.552896">
        <ele>1856.8</ele>
      </trkpt>
      <trkpt lat="45.809126" lon="7.552858">
        <ele>1855.1</ele>
      </trkpt>
      <trkpt lat="45.809084" lon="7.552852">
        <ele>1854.6</ele>
      </trkpt>
      <trkpt lat="45.809037" lon="7.552874">
        <ele>1854.5</ele>
      </trkpt>
      <trkpt lat="45.80901" lon="7.552928">
        <ele>1854.8</ele>
      </trkpt>
      <trkpt lat="45.808981" lon="7.553022">
        <ele>1855.3</ele>
      </trkpt>
      <trkpt lat="45.80892" lon="7.553248">
        <ele>1856.4</ele>
      </trkpt>
      <trkpt lat="45.8089" lon="7.553331">
        <ele>1856.6</ele>
      </trkpt>
      <trkpt lat="45.808883" lon="7.553396">
        <ele>1856.7</ele>
      </trkpt>
      <trkpt lat="45.808869" lon="7.55345">
        <ele>1856.9</ele>
      </trkpt>
      <trkpt lat="45.808832" lon="7.553576">
        <ele>1857.5</ele>
      </trkpt>
      <trkpt lat="45.808794" lon="7.553668">
        <ele>1858.2</ele>
      </trkpt>
      <trkpt lat="45.808759" lon="7.553741">
        <ele>1858.9</ele>
      </trkpt>
      <trkpt lat="45.808709" lon="7.553756">
        <ele>1858.8</ele>
      </trkpt>
      <trkpt lat="45.808647" lon="7.553751">
        <ele>1858.1</ele>
      </trkpt>
      <trkpt lat="45.808597" lon="7.553803">
        <ele>1857.6</ele>
      </trkpt>
      <trkpt lat="45.808497" lon="7.553991">
        <ele>1856.4</ele>
      </trkpt>
      <trkpt lat="45.808431" lon="7.554118">
        <ele>1855.4</ele>
        <name>Des Troncs, Torgnon</name>
        <extensions>
          <oa:Extension>
            <oa:mapZoom>16</oa:mapZoom>
          </oa:Extension>
        </extensions>
      </trkpt>
      <trkpt lat="45.808424" lon="7.554131">
        <ele>1855.3</ele>
      </trkpt>
      <trkpt lat="45.80838" lon="7.5542">
        <ele>1854.5</ele>
      </trkpt>
      <trkpt lat="45.808333" lon="7.554222">
        <ele>1853.6</ele>
      </trkpt>
      <trkpt lat="45.808268" lon="7.554214">
        <ele>1852.2</ele>
      </trkpt>
      <trkpt lat="45.80815" lon="7.554218">
        <ele>1850.3</ele>
      </trkpt>
      <trkpt lat="45.807996" lon="7.554193">
        <ele>1848.2</ele>
      </trkpt>
      <trkpt lat="45.80782" lon="7.55418">
        <ele>1845.7</ele>
      </trkpt>
      <trkpt lat="45.807679" lon="7.554164">
        <ele>1843.2</ele>
      </trkpt>
      <trkpt lat="45.807606" lon="7.554169">
        <ele>1842.1</ele>
      </trkpt>
      <trkpt lat="45.807508" lon="7.554164">
        <ele>1840.5</ele>
      </trkpt>
      <trkpt lat="45.807429" lon="7.554175">
        <ele>1839.5</ele>
      </trkpt>
      <trkpt lat="45.8073" lon="7.55419">
        <ele>1837.8</ele>
      </trkpt>
      <trkpt lat="45.80719" lon="7.554213">
        <ele>1836.1</ele>
      </trkpt>
      <trkpt lat="45.807062" lon="7.554252">
        <ele>1833.1</ele>
      </trkpt>
      <trkpt lat="45.806935" lon="7.55431">
        <ele>1830.0</ele>
      </trkpt>
      <trkpt lat="45.806912" lon="7.554328">
        <ele>1829.4</ele>
      </trkpt>
      <trkpt lat="45.80687" lon="7.554361">
        <ele>1828.3</ele>
      </trkpt>
      <trkpt lat="45.806901" lon="7.554522">
        <ele>1829.4</ele>
      </trkpt>
      <trkpt lat="45.806934" lon="7.554818">
        <ele>1830.6</ele>
      </trkpt>
      <trkpt lat="45.806955" lon="7.55494">
        <ele>1831.0</ele>
      </trkpt>
      <trkpt lat="45.807022" lon="7.555104">
        <ele>1831.2</ele>
      </trkpt>
      <trkpt lat="45.807114" lon="7.555284">
        <ele>1831.4</ele>
      </trkpt>
      <trkpt lat="45.807133" lon="7.555392">
        <ele>1831.4</ele>
        <name>Des Troncs, Torgnon</name>
        <extensions>
          <oa:Extension>
            <oa:mapZoom>15</oa:mapZoom>
          </oa:Extension>
        </extensions>
      </trkpt>
      <trkpt lat="45.807151" lon="7.5555">
        <ele>1831.4</ele>
      </trkpt>
      <trkpt lat="45.807193" lon="7.555692">
        <ele>1831.5</ele>
      </trkpt>
      <trkpt lat="45.807247" lon="7.555903">
        <ele>1831.1</ele>
      </trkpt>
      <trkpt lat="45.807385" lon="7.556241">
        <ele>1831.4</ele>
      </trkpt>
      <trkpt lat="45.807523" lon="7.556579">
        <ele>1831.7</ele>
      </trkpt>
      <trkpt lat="45.807674" lon="7.557084">
        <ele>1831.6</ele>
      </trkpt>
      <trkpt lat="45.807841" lon="7.557581">
        <ele>1831.8</ele>
      </trkpt>
      <trkpt lat="45.807952" lon="7.557736">
        <ele>1831.5</ele>
      </trkpt>
      <trkpt lat="45.808125" lon="7.557802">
        <ele>1833.4</ele>
      </trkpt>
      <trkpt lat="45.808218" lon="7.557909">
        <ele>1832.6</ele>
      </trkpt>
      <trkpt lat="45.808444" lon="7.558064">
        <ele>1834.8</ele>
      </trkpt>
      <trkpt lat="45.808685" lon="7.558428">
        <ele>1834.4</ele>
      </trkpt>
      <trkpt lat="45.808932" lon="7.558596">
        <ele>1835.3</ele>
      </trkpt>
      <trkpt lat="45.809234" lon="7.558917">
        <ele>1834.2</ele>
      </trkpt>
      <trkpt lat="45.809572" lon="7.559222">
        <ele>1837.2</ele>
      </trkpt>
      <trkpt lat="45.809931" lon="7.559522">
        <ele>1839.0</ele>
      </trkpt>
      <trkpt lat="45.810119" lon="7.559698">
        <ele>1838.6</ele>
      </trkpt>
      <trkpt lat="45.810308" lon="7.559874">
        <ele>1839.8</ele>
      </trkpt>
      <trkpt lat="45.810508" lon="7.560052">
        <ele>1838.9</ele>
      </trkpt>
      <trkpt lat="45.810708" lon="7.56023">
        <ele>1840.2</ele>
      </trkpt>
      <trkpt lat="45.811025" lon="7.560496">
        <ele>1841.4</ele>
      </trkpt>
      <trkpt lat="45.81116" lon="7.560715">
        <ele>1840.3</ele>
      </trkpt>
      <trkpt lat="45.811235" lon="7.560762">
        <ele>1841.6</ele>
      </trkpt>
      <trkpt lat="45.811558" lon="7.560775">
        <ele>1844.1</ele>
      </trkpt>
      <trkpt lat="45.81183" lon="7.560865">
        <ele>1844.4</ele>
      </trkpt>
      <trkpt lat="45.812153" lon="7.560883">
        <ele>1845.2</ele>
      </trkpt>
      <trkpt lat="45.812575" lon="7.560973">
        <ele>1845.9</ele>
      </trkpt>
      <trkpt lat="45.81294" lon="7.561016">
        <ele>1848.5</ele>
      </trkpt>
      <trkpt lat="45.813059" lon="7.561071">
        <ele>1848.6</ele>
      </trkpt>
      <trkpt lat="45.813263" lon="7.561212">
        <ele>1848.4</ele>
      </trkpt>
      <trkpt lat="45.813518" lon="7.561376">
        <ele>1850.1</ele>
      </trkpt>
      <trkpt lat="45.813628" lon="7.561462">
        <ele>1849.9</ele>
      </trkpt>
      <trkpt lat="45.813768" lon="7.561584">
        <ele>1851.5</ele>
      </trkpt>
      <trkpt lat="45.813913" lon="7.561699">
        <ele>1852.3</ele>
      </trkpt>
      <trkpt lat="45.813997" lon="7.561856">
        <ele>1852.8</ele>
      </trkpt>
      <trkpt lat="45.814023" lon="7.562039">
        <ele>1854.0</ele>
      </trkpt>
      <trkpt lat="45.814014" lon="7.562326">
        <ele>1856.9</ele>
      </trkpt>
      <trkpt lat="45.813961" lon="7.562512">
        <ele>1858.4</ele>
      </trkpt>
      <trkpt lat="45.813924" lon="7.562608">
        <ele>1858.4</ele>
      </trkpt>
      <trkpt lat="45.813942" lon="7.562674">
        <ele>1859.4</ele>
      </trkpt>
      <trkpt lat="45.813985" lon="7.562728">
        <ele>1860.7</ele>
      </trkpt>
      <trkpt lat="45.814007" lon="7.562839">
        <ele>1861.0</ele>
      </trkpt>
      <trkpt lat="45.814013" lon="7.562973">
        <ele>1861.7</ele>
      </trkpt>
      <trkpt lat="45.814006" lon="7.563096">
        <ele>1861.8</ele>
      </trkpt>
      <trkpt lat="45.814012" lon="7.563138">
        <ele>1861.7</ele>
      </trkpt>
      <trkpt lat="45.814025" lon="7.563186">
        <ele>1861.6</ele>
      </trkpt>
      <trkpt lat="45.814077" lon="7.563279">
        <ele>1861.5</ele>
      </trkpt>
      <trkpt lat="45.814191" lon="7.563441">
        <ele>1862.1</ele>
      </trkpt>
      <trkpt lat="45.814287" lon="7.563583">
        <ele>1862.6</ele>
      </trkpt>
      <trkpt lat="45.814382" lon="7.563892">
        <ele>1864.1</ele>
      </trkpt>
      <trkpt lat="45.814442" lon="7.564012">
        <ele>1864.4</ele>
      </trkpt>
      <trkpt lat="45.814534" lon="7.564109">
        <ele>1865.0</ele>
      </trkpt>
      <trkpt lat="45.814841" lon="7.564277">
        <ele>1868.0</ele>
      </trkpt>
      <trkpt lat="45.814934" lon="7.564449">
        <ele>1866.7</ele>
      </trkpt>
      <trkpt lat="45.814994" lon="7.564534">
        <ele>1866.6</ele>
      </trkpt>
      <trkpt lat="45.815065" lon="7.564587">
        <ele>1866.9</ele>
      </trkpt>
      <trkpt lat="45.815226" lon="7.564681">
        <ele>1866.6</ele>
      </trkpt>
      <trkpt lat="45.815404" lon="7.564758">
        <ele>1867.3</ele>
      </trkpt>
      <trkpt lat="45.815561" lon="7.564841">
        <ele>1869.0</ele>
      </trkpt>
      <trkpt lat="45.815696" lon="7.564869">
        <ele>1870.4</ele>
      </trkpt>
      <trkpt lat="45.81576" lon="7.564844">
        <ele>1871.2</ele>
      </trkpt>
      <trkpt lat="45.815985" lon="7.564941">
        <ele>1871.3</ele>
      </trkpt>
      <trkpt lat="45.816228" lon="7.565095">
        <ele>1871.8</ele>
      </trkpt>
      <trkpt lat="45.816432" lon="7.565173">
        <ele>1872.6</ele>
      </trkpt>
      <trkpt lat="45.816468" lon="7.565167">
        <ele>1873.1</ele>
      </trkpt>
      <trkpt lat="45.816539" lon="7.565302">
        <ele>1873.0</ele>
      </trkpt>
      <trkpt lat="45.816567" lon="7.565441">
        <ele>1873.7</ele>
      </trkpt>
      <trkpt lat="45.816529" lon="7.565576">
        <ele>1874.3</ele>
      </trkpt>
      <trkpt lat="45.816529" lon="7.565667">
        <ele>1874.4</ele>
      </trkpt>
      <trkpt lat="45.816572" lon="7.565788">
        <ele>1874.9</ele>
      </trkpt>
      <trkpt lat="45.816628" lon="7.565893">
        <ele>1874.9</ele>
      </trkpt>
      <trkpt lat="45.816659" lon="7.566003">
        <ele>1874.5</ele>
      </trkpt>
      <trkpt lat="45.816707" lon="7.566145">
        <ele>1874.2</ele>
      </trkpt>
      <trkpt lat="45.816714" lon="7.566156">
        <ele>1874.2</ele>
        <name>Pista Ru Torgnon, Torgnon</name>
        <extensions>
          <oa:Extension>
            <oa:mapZoom>15</oa:mapZoom>
          </oa:Extension>
        </extensions>
      </trkpt>
      <trkpt lat="45.816768" lon="7.566236">
        <ele>1873.8</ele>
      </trkpt>
      <trkpt lat="45.816834" lon="7.566295">
        <ele>1874.7</ele>
      </trkpt>
      <trkpt lat="45.816859" lon="7.566379">
        <ele>1874.7</ele>
      </trkpt>
      <trkpt lat="45.816888" lon="7.566488">
        <ele>1873.9</ele>
      </trkpt>
      <trkpt lat="45.816943" lon="7.566554">
        <ele>1873.9</ele>
      </trkpt>
      <trkpt lat="45.817109" lon="7.566634">
        <ele>1874.1</ele>
      </trkpt>
      <trkpt lat="45.817236" lon="7.566675">
        <ele>1873.9</ele>
      </trkpt>
      <trkpt lat="45.817351" lon="7.566726">
        <ele>1874.5</ele>
      </trkpt>
      <trkpt lat="45.817437" lon="7.566821">
        <ele>1875.2</ele>
      </trkpt>
      <trkpt lat="45.817498" lon="7.566886">
        <ele>1875.3</ele>
      </trkpt>
      <trkpt lat="45.817585" lon="7.56692">
        <ele>1875.2</ele>
      </trkpt>
      <trkpt lat="45.817505" lon="7.567345">
        <ele>1868.6</ele>
      </trkpt>
      <trkpt lat="45.817409" lon="7.567675">
        <ele>1861.3</ele>
      </trkpt>
      <trkpt lat="45.817316" lon="7.568218">
        <ele>1849.1</ele>
      </trkpt>
      <trkpt lat="45.817208" lon="7.568404">
        <ele>1844.8</ele>
      </trkpt>
      <trkpt lat="45.817165" lon="7.568617">
        <ele>1841.0</ele>
      </trkpt>
      <trkpt lat="45.817093" lon="7.568815">
        <ele>1837.2</ele>
      </trkpt>
      <trkpt lat="45.817035" lon="7.569026">
        <ele>1833.7</ele>
      </trkpt>
      <trkpt lat="45.816961" lon="7.569262">
        <ele>1829.6</ele>
      </trkpt>
      <trkpt lat="45.816882" lon="7.569446">
        <ele>1823.3</ele>
      </trkpt>
      <trkpt lat="45.81677" lon="7.569559">
        <ele>1820.0</ele>
      </trkpt>
      <trkpt lat="45.816621" lon="7.569639">
        <ele>1816.4</ele>
      </trkpt>
      <trkpt lat="45.816468" lon="7.569729">
        <ele>1813.5</ele>
      </trkpt>
      <trkpt lat="45.816324" lon="7.569866">
        <ele>1811.6</ele>
      </trkpt>
      <trkpt lat="45.816242" lon="7.569934">
        <ele>1809.6</ele>
        <name>Strada Comunale Rovinaz e Montagne, Torgnon</name>
        <extensions>
          <oa:Extension>
            <oa:mapZoom>16</oa:mapZoom>
          </oa:Extension>
        </extensions>
      </trkpt>
      <trkpt lat="45.816174" lon="7.569991">
        <ele>1808.1</ele>
      </trkpt>
      <trkpt lat="45.815977" lon="7.569974">
        <ele>1804.2</ele>
      </trkpt>
      <trkpt lat="45.815781" lon="7.569974">
        <ele>1802.1</ele>
      </trkpt>
      <trkpt lat="45.815641" lon="7.569974">
        <ele>1800.6</ele>
      </trkpt>
      <trkpt lat="45.815416" lon="7.569897">
        <ele>1800.4</ele>
      </trkpt>
      <trkpt lat="45.815188" lon="7.569876">
        <ele>1798.4</ele>
      </trkpt>
      <trkpt lat="45.815072" lon="7.569829">
        <ele>1796.6</ele>
      </trkpt>
      <trkpt lat="45.815045" lon="7.569817">
        <ele>1796.1</ele>
      </trkpt>
      <trkpt lat="45.815019" lon="7.569807">
        <ele>1795.6</ele>
      </trkpt>
      <trkpt lat="45.814919" lon="7.569791">
        <ele>1793.4</ele>
      </trkpt>
      <trkpt lat="45.814776" lon="7.569769">
        <ele>1789.5</ele>
      </trkpt>
      <trkpt lat="45.814713" lon="7.569788">
        <ele>1787.6</ele>
      </trkpt>
      <trkpt lat="45.814654" lon="7.569807">
        <ele>1785.8</ele>
      </trkpt>
      <trkpt lat="45.814616" lon="7.569882">
        <ele>1784.2</ele>
      </trkpt>
      <trkpt lat="45.814611" lon="7.569941">
        <ele>1783.8</ele>
      </trkpt>
      <trkpt lat="45.814608" lon="7.569976">
        <ele>1783.6</ele>
      </trkpt>
      <trkpt lat="45.814601" lon="7.570114">
        <ele>1783.4</ele>
      </trkpt>
      <trkpt lat="45.814601" lon="7.570341">
        <ele>1783.5</ele>
      </trkpt>
      <trkpt lat="45.814573" lon="7.570381">
        <ele>1782.9</ele>
      </trkpt>
      <trkpt lat="45.81454" lon="7.570429">
        <ele>1782.3</ele>
      </trkpt>
      <trkpt lat="45.814411" lon="7.570476">
        <ele>1779.6</ele>
      </trkpt>
      <trkpt lat="45.814323" lon="7.570567">
        <ele>1778.8</ele>
      </trkpt>
      <trkpt lat="45.814279" lon="7.570724">
        <ele>1780.4</ele>
      </trkpt>
      <trkpt lat="45.814255" lon="7.570749">
        <ele>1779.1</ele>
      </trkpt>
      <trkpt lat="45.814198" lon="7.570758">
        <ele>1775.5</ele>
      </trkpt>
      <trkpt lat="45.814163" lon="7.57076">
        <ele>1773.5</ele>
      </trkpt>
      <trkpt lat="45.814158" lon="7.570972">
        <ele>1772.0</ele>
      </trkpt>
      <trkpt lat="45.814138" lon="7.57122">
        <ele>1772.3</ele>
      </trkpt>
      <trkpt lat="45.814104" lon="7.571413">
        <ele>1770.5</ele>
      </trkpt>
      <trkpt lat="45.814095" lon="7.571476">
        <ele>1770.3</ele>
      </trkpt>
      <trkpt lat="45.814087" lon="7.571507">
        <ele>1770.2</ele>
      </trkpt>
      <trkpt lat="45.814074" lon="7.571526">
        <ele>1769.8</ele>
      </trkpt>
      <trkpt lat="45.814056" lon="7.571529">
        <ele>1768.8</ele>
      </trkpt>
      <trkpt lat="45.814035" lon="7.571515">
        <ele>1767.5</ele>
      </trkpt>
      <trkpt lat="45.814023" lon="7.571487">
        <ele>1766.4</ele>
      </trkpt>
      <trkpt lat="45.814016" lon="7.571407">
        <ele>1765.8</ele>
      </trkpt>
      <trkpt lat="45.813998" lon="7.571275">
        <ele>1765.0</ele>
      </trkpt>
      <trkpt lat="45.813974" lon="7.571096">
        <ele>1764.4</ele>
      </trkpt>
      <trkpt lat="45.813938" lon="7.570932">
        <ele>1763.8</ele>
      </trkpt>
      <trkpt lat="45.813907" lon="7.57081">
        <ele>1763.5</ele>
      </trkpt>
      <trkpt lat="45.813836" lon="7.570638">
        <ele>1762.6</ele>
      </trkpt>
      <trkpt lat="45.813693" lon="7.570387">
        <ele>1761.0</ele>
      </trkpt>
      <trkpt lat="45.81364" lon="7.570331">
        <ele>1760.3</ele>
      </trkpt>
      <trkpt lat="45.813595" lon="7.570335">
        <ele>1759.6</ele>
      </trkpt>
      <trkpt lat="45.813562" lon="7.570377">
        <ele>1759.1</ele>
      </trkpt>
      <trkpt lat="45.813547" lon="7.570452">
        <ele>1758.6</ele>
      </trkpt>
      <trkpt lat="45.813562" lon="7.57059">
        <ele>1757.7</ele>
      </trkpt>
      <trkpt lat="45.813618" lon="7.570878">
        <ele>1755.3</ele>
      </trkpt>
      <trkpt lat="45.81367" lon="7.571061">
        <ele>1753.9</ele>
      </trkpt>
      <trkpt lat="45.813714" lon="7.571195">
        <ele>1752.6</ele>
      </trkpt>
      <trkpt lat="45.813748" lon="7.571321">
        <ele>1752.2</ele>
      </trkpt>
      <trkpt lat="45.813773" lon="7.571462">
        <ele>1751.6</ele>
      </trkpt>
      <trkpt lat="45.813797" lon="7.571727">
        <ele>1752.4</ele>
      </trkpt>
      <trkpt lat="45.813793" lon="7.571945">
        <ele>1752.1</ele>
      </trkpt>
      <trkpt lat="45.813737" lon="7.572091">
        <ele>1751.1</ele>
      </trkpt>
      <trkpt lat="45.813666" lon="7.572258">
        <ele>1750.4</ele>
      </trkpt>
      <trkpt lat="45.813428" lon="7.572705">
        <ele>1752.4</ele>
      </trkpt>
      <trkpt lat="45.813191" lon="7.573083">
        <ele>1752.6</ele>
      </trkpt>
      <trkpt lat="45.813095" lon="7.573244">
        <ele>1752.1</ele>
      </trkpt>
      <trkpt lat="45.813023" lon="7.573334">
        <ele>1751.4</ele>
      </trkpt>
      <trkpt lat="45.812972" lon="7.573375">
        <ele>1750.7</ele>
      </trkpt>
      <trkpt lat="45.812912" lon="7.573401">
        <ele>1750.3</ele>
      </trkpt>
      <trkpt lat="45.812853" lon="7.573397">
        <ele>1750.0</ele>
      </trkpt>
      <trkpt lat="45.812797" lon="7.573375">
        <ele>1749.7</ele>
      </trkpt>
      <trkpt lat="45.812743" lon="7.573377">
        <ele>1749.9</ele>
      </trkpt>
      <trkpt lat="45.812723" lon="7.573381">
        <ele>1750.1</ele>
      </trkpt>
      <trkpt lat="45.812721" lon="7.573497">
        <ele>1752.1</ele>
      </trkpt>
      <trkpt lat="45.812747" lon="7.573745">
        <ele>1755.0</ele>
      </trkpt>
      <trkpt lat="45.812779" lon="7.573884">
        <ele>1755.5</ele>
      </trkpt>
      <trkpt lat="45.812879" lon="7.573967">
        <ele>1754.4</ele>
      </trkpt>
      <trkpt lat="45.813015" lon="7.573967">
        <ele>1753.1</ele>
      </trkpt>
      <trkpt lat="45.813116" lon="7.574">
        <ele>1753.6</ele>
      </trkpt>
      <trkpt lat="45.81316" lon="7.57405">
        <ele>1754.4</ele>
      </trkpt>
      <trkpt lat="45.813173" lon="7.574108">
        <ele>1754.7</ele>
      </trkpt>
      <trkpt lat="45.813224" lon="7.5743">
        <ele>1755.7</ele>
      </trkpt>
      <trkpt lat="45.81334" lon="7.574525">
        <ele>1756.5</ele>
      </trkpt>
      <trkpt lat="45.813519" lon="7.574707">
        <ele>1756.5</ele>
      </trkpt>
      <trkpt lat="45.813674" lon="7.574816">
        <ele>1759.0</ele>
      </trkpt>
      <trkpt lat="45.813839" lon="7.575058">
        <ele>1758.9</ele>
      </trkpt>
      <trkpt lat="45.813947" lon="7.575171">
        <ele>1758.2</ele>
      </trkpt>
      <trkpt lat="45.814106" lon="7.575234">
        <ele>1758.0</ele>
      </trkpt>
      <trkpt lat="45.814386" lon="7.575317">
        <ele>1755.5</ele>
      </trkpt>
      <trkpt lat="45.814539" lon="7.575356">
        <ele>1756.5</ele>
      </trkpt>
      <trkpt lat="45.814671" lon="7.575478">
        <ele>1756.7</ele>
      </trkpt>
      <trkpt lat="45.814735" lon="7.575541">
        <ele>1756.2</ele>
      </trkpt>
      <trkpt lat="45.814806" lon="7.575557">
        <ele>1755.9</ele>
      </trkpt>
      <trkpt lat="45.814949" lon="7.575545">
        <ele>1755.8</ele>
      </trkpt>
      <trkpt lat="45.815193" lon="7.575434">
        <ele>1754.0</ele>
      </trkpt>
      <trkpt lat="45.815457" lon="7.575239">
        <ele>1751.8</ele>
      </trkpt>
      <trkpt lat="45.815648" lon="7.575083">
        <ele>1748.0</ele>
      </trkpt>
      <trkpt lat="45.815915" lon="7.574855">
        <ele>1741.1</ele>
      </trkpt>
      <trkpt lat="45.816125" lon="7.574677">
        <ele>1736.9</ele>
      </trkpt>
      <trkpt lat="45.816228" lon="7.574557">
        <ele>1736.2</ele>
      </trkpt>
      <trkpt lat="45.816348" lon="7.574448">
        <ele>1733.3</ele>
      </trkpt>
      <trkpt lat="45.816397" lon="7.574467">
        <ele>1731.4</ele>
      </trkpt>
      <trkpt lat="45.816423" lon="7.574517">
        <ele>1730.6</ele>
      </trkpt>
      <trkpt lat="45.816454" lon="7.574578">
        <ele>1729.1</ele>
      </trkpt>
      <trkpt lat="45.816521" lon="7.574599">
        <ele>1725.7</ele>
      </trkpt>
      <trkpt lat="45.816568" lon="7.574638">
        <ele>1723.0</ele>
      </trkpt>
      <trkpt lat="45.816563" lon="7.574759">
        <ele>1720.8</ele>
      </trkpt>
      <trkpt lat="45.816498" lon="7.574871">
        <ele>1720.4</ele>
      </trkpt>
      <trkpt lat="45.816422" lon="7.575111">
        <ele>1717.0</ele>
      </trkpt>
      <trkpt lat="45.816398" lon="7.575262">
        <ele>1714.3</ele>
      </trkpt>
      <trkpt lat="45.816422" lon="7.575402">
        <ele>1710.4</ele>
      </trkpt>
      <trkpt lat="45.816471" lon="7.575437">
        <ele>1708.1</ele>
      </trkpt>
      <trkpt lat="45.816477" lon="7.575505">
        <ele>1706.7</ele>
      </trkpt>
      <trkpt lat="45.816515" lon="7.575559">
        <ele>1704.4</ele>
      </trkpt>
      <trkpt lat="45.816593" lon="7.575596">
        <ele>1701.0</ele>
      </trkpt>
      <trkpt lat="45.816653" lon="7.575676">
        <ele>1697.3</ele>
      </trkpt>
      <trkpt lat="45.816754" lon="7.575693">
        <ele>1693.2</ele>
      </trkpt>
      <trkpt lat="45.816822" lon="7.575715">
        <ele>1690.3</ele>
      </trkpt>
      <trkpt lat="45.816872" lon="7.57584">
        <ele>1686.2</ele>
      </trkpt>
      <trkpt lat="45.816958" lon="7.575839">
        <ele>1683.3</ele>
      </trkpt>
      <trkpt lat="45.81703" lon="7.575784">
        <ele>1681.1</ele>
      </trkpt>
      <trkpt lat="45.817132" lon="7.575718">
        <ele>1677.0</ele>
      </trkpt>
      <trkpt lat="45.817179" lon="7.575725">
        <ele>1674.0</ele>
      </trkpt>
      <trkpt lat="45.817202" lon="7.575794">
        <ele>1671.2</ele>
      </trkpt>
      <trkpt lat="45.81723" lon="7.575985">
        <ele>1667.5</ele>
      </trkpt>
      <trkpt lat="45.817351" lon="7.576371">
        <ele>1657.5</ele>
      </trkpt>
      <trkpt lat="45.817409" lon="7.576528">
        <ele>1655.3</ele>
      </trkpt>
      <trkpt lat="45.817429" lon="7.576657">
        <ele>1653.4</ele>
      </trkpt>
      <trkpt lat="45.817485" lon="7.576878">
        <ele>1648.5</ele>
      </trkpt>
      <trkpt lat="45.817649" lon="7.577368">
        <ele>1635.0</ele>
      </trkpt>
      <trkpt lat="45.817708" lon="7.577428">
        <ele>1630.5</ele>
      </trkpt>
      <trkpt lat="45.817808" lon="7.57746">
        <ele>1626.1</ele>
      </trkpt>
      <trkpt lat="45.817926" lon="7.577408">
        <ele>1624.9</ele>
      </trkpt>
      <trkpt lat="45.818059" lon="7.57725">
        <ele>1623.7</ele>
      </trkpt>
      <trkpt lat="45.818272" lon="7.577408">
        <ele>1615.6</ele>
      </trkpt>
      <trkpt lat="45.818382" lon="7.577408">
        <ele>1613.4</ele>
      </trkpt>
      <trkpt lat="45.818515" lon="7.577385">
        <ele>1609.5</ele>
      </trkpt>
      <trkpt lat="45.818617" lon="7.577355">
        <ele>1605.1</ele>
      </trkpt>
      <trkpt lat="45.818584" lon="7.577482">
        <ele>1606.3</ele>
      </trkpt>
      <trkpt lat="45.818585" lon="7.577542">
        <ele>1606.0</ele>
      </trkpt>
      <trkpt lat="45.818587" lon="7.577637">
        <ele>1605.3</ele>
      </trkpt>
      <trkpt lat="45.818569" lon="7.577792">
        <ele>1604.0</ele>
      </trkpt>
      <trkpt lat="45.818593" lon="7.577865">
        <ele>1603.2</ele>
      </trkpt>
      <trkpt lat="45.818692" lon="7.577998">
        <ele>1599.9</ele>
      </trkpt>
      <trkpt lat="45.818574" lon="7.578134">
        <ele>1600.5</ele>
      </trkpt>
      <trkpt lat="45.818554" lon="7.578229">
        <ele>1599.5</ele>
      </trkpt>
      <trkpt lat="45.818484" lon="7.578481">
        <ele>1595.8</ele>
      </trkpt>
      <trkpt lat="45.818364" lon="7.578621">
        <ele>1592.6</ele>
      </trkpt>
      <trkpt lat="45.818119" lon="7.578966">
        <ele>1585.5</ele>
      </trkpt>
      <trkpt lat="45.818071" lon="7.57895">
        <ele>1585.0</ele>
      </trkpt>
      <trkpt lat="45.818009" lon="7.578944">
        <ele>1584.1</ele>
      </trkpt>
      <trkpt lat="45.817916" lon="7.578942">
        <ele>1582.7</ele>
      </trkpt>
      <trkpt lat="45.817856" lon="7.57894">
        <ele>1581.7</ele>
      </trkpt>
      <trkpt lat="45.817835" lon="7.579019">
        <ele>1581.0</ele>
      </trkpt>
      <trkpt lat="45.817769" lon="7.579155">
        <ele>1578.7</ele>
      </trkpt>
      <trkpt lat="45.817824" lon="7.579339">
        <ele>1577.1</ele>
      </trkpt>
      <trkpt lat="45.817981" lon="7.579534">
        <ele>1575.4</ele>
      </trkpt>
      <trkpt lat="45.818081" lon="7.579732">
        <ele>1572.8</ele>
      </trkpt>
      <trkpt lat="45.81823" lon="7.579951">
        <ele>1569.6</ele>
      </trkpt>
      <trkpt lat="45.818358" lon="7.579956">
        <ele>1567.6</ele>
      </trkpt>
      <trkpt lat="45.818446" lon="7.579916">
        <ele>1565.3</ele>
      </trkpt>
      <trkpt lat="45.818573" lon="7.579805">
        <ele>1561.2</ele>
      </trkpt>
      <trkpt lat="45.818642" lon="7.579694">
        <ele>1559.7</ele>
      </trkpt>
      <trkpt lat="45.81874" lon="7.579497">
        <ele>1560.2</ele>
      </trkpt>
      <trkpt lat="45.818751" lon="7.579716">
        <ele>1550.1</ele>
      </trkpt>
      <trkpt lat="45.818768" lon="7.579921">
        <ele>1541.9</ele>
      </trkpt>
      <trkpt lat="45.818791" lon="7.580137">
        <ele>1534.1</ele>
      </trkpt>
      <trkpt lat="45.818703" lon="7.580367">
        <ele>1535.9</ele>
      </trkpt>
      <trkpt lat="45.818624" lon="7.580391">
        <ele>1542.0</ele>
      </trkpt>
      <trkpt lat="45.818654" lon="7.58047">
        <ele>1536.8</ele>
      </trkpt>
      <trkpt lat="45.818661" lon="7.580594">
        <ele>1531.9</ele>
      </trkpt>
      <trkpt lat="45.818646" lon="7.58068">
        <ele>1529.9</ele>
      </trkpt>
      <trkpt lat="45.81875" lon="7.580823">
        <ele>1515.6</ele>
      </trkpt>
      <trkpt lat="45.818731" lon="7.58098">
        <ele>1510.8</ele>
      </trkpt>
      <trkpt lat="45.818714" lon="7.581137">
        <ele>1505.9</ele>
      </trkpt>
      <trkpt lat="45.818529" lon="7.581515">
        <ele>1496.1</ele>
      </trkpt>
      <trkpt lat="45.81862" lon="7.581593">
        <ele>1488.7</ele>
      </trkpt>
      <trkpt lat="45.818556" lon="7.581826">
        <ele>1471.6</ele>
      </trkpt>
      <trkpt lat="45.818597" lon="7.581885">
        <ele>1467.0</ele>
      </trkpt>
      <trkpt lat="45.818626" lon="7.581934">
        <ele>1463.4</ele>
      </trkpt>
      <trkpt lat="45.818852" lon="7.581985">
        <ele>1455.3</ele>
      </trkpt>
      <trkpt lat="45.818804" lon="7.582169">
        <ele>1448.3</ele>
      </trkpt>
      <trkpt lat="45.81893" lon="7.582136">
        <ele>1441.5</ele>
      </trkpt>
      <trkpt lat="45.819036" lon="7.582117">
        <ele>1430.4</ele>
      </trkpt>
      <trkpt lat="45.819126" lon="7.582217">
        <ele>1418.9</ele>
      </trkpt>
      <trkpt lat="45.819268" lon="7.582202">
        <ele>1408.1</ele>
      </trkpt>
      <trkpt lat="45.819281" lon="7.582298">
        <ele>1404.0</ele>
      </trkpt>
      <trkpt lat="45.819271" lon="7.582486">
        <ele>1397.9</ele>
      </trkpt>
      <trkpt lat="45.819259" lon="7.58269">
        <ele>1388.6</ele>
      </trkpt>
      <trkpt lat="45.818996" lon="7.583082">
        <ele>1384.2</ele>
      </trkpt>
      <trkpt lat="45.818977" lon="7.583133">
        <ele>1382.2</ele>
      </trkpt>
      <trkpt lat="45.819044" lon="7.583195">
        <ele>1375.1</ele>
      </trkpt>
      <trkpt lat="45.819332" lon="7.583035">
        <ele>1364.4</ele>
      </trkpt>
      <trkpt lat="45.81948" lon="7.582953">
        <ele>1361.7</ele>
      </trkpt>
      <trkpt lat="45.819572" lon="7.583">
        <ele>1355.5</ele>
      </trkpt>
      <trkpt lat="45.819606" lon="7.58306">
        <ele>1350.8</ele>
      </trkpt>
      <trkpt lat="45.81966" lon="7.583112">
        <ele>1346.0</ele>
      </trkpt>
      <trkpt lat="45.819674" lon="7.583232">
        <ele>1338.7</ele>
      </trkpt>
      <trkpt lat="45.819674" lon="7.58346">
        <ele>1325.5</ele>
      </trkpt>
      <trkpt lat="45.819792" lon="7.583463">
        <ele>1321.4</ele>
      </trkpt>
      <trkpt lat="45.81991" lon="7.58342">
        <ele>1319.1</ele>
      </trkpt>
      <trkpt lat="45.820007" lon="7.583394">
        <ele>1317.1</ele>
      </trkpt>
      <trkpt lat="45.820052" lon="7.583498">
        <ele>1310.7</ele>
      </trkpt>
      <trkpt lat="45.820158" lon="7.583463">
        <ele>1309.1</ele>
      </trkpt>
      <trkpt lat="45.820267" lon="7.583302">
        <ele>1306.9</ele>
      </trkpt>
      <trkpt lat="45.820313" lon="7.583275">
        <ele>1304.0</ele>
      </trkpt>
      <trkpt lat="45.820368" lon="7.58345">
        <ele>1294.6</ele>
      </trkpt>
      <trkpt lat="45.820463" lon="7.583434">
        <ele>1288.0</ele>
      </trkpt>
      <trkpt lat="45.820556" lon="7.583401">
        <ele>1281.2</ele>
      </trkpt>
      <trkpt lat="45.820598" lon="7.58353">
        <ele>1274.8</ele>
      </trkpt>
      <trkpt lat="45.820575" lon="7.583734">
        <ele>1268.4</ele>
      </trkpt>
      <trkpt lat="45.820672" lon="7.583882">
        <ele>1257.2</ele>
      </trkpt>
      <trkpt lat="45.82074" lon="7.583908">
        <ele>1251.9</ele>
      </trkpt>
      <trkpt lat="45.820884" lon="7.583876">
        <ele>1244.9</ele>
      </trkpt>
      <trkpt lat="45.820925" lon="7.584013">
        <ele>1238.1</ele>
      </trkpt>
      <trkpt lat="45.820884" lon="7.584238">
        <ele>1228.5</ele>
      </trkpt>
      <trkpt lat="45.820803" lon="7.584405">
        <ele>1223.6</ele>
      </trkpt>
      <trkpt lat="45.82076" lon="7.584635">
        <ele>1215.6</ele>
      </trkpt>
      <trkpt lat="45.820786" lon="7.584767">
        <ele>1208.3</ele>
      </trkpt>
      <trkpt lat="45.820749" lon="7.584936">
        <ele>1201.6</ele>
      </trkpt>
      <trkpt lat="45.820663" lon="7.585075">
        <ele>1196.1</ele>
      </trkpt>
      <trkpt lat="45.820484" lon="7.585223">
        <ele>1188.9</ele>
      </trkpt>
      <trkpt lat="45.820207" lon="7.585351">
        <ele>1180.3</ele>
      </trkpt>
      <trkpt lat="45.819949" lon="7.585534">
        <ele>1169.6</ele>
      </trkpt>
      <trkpt lat="45.819803" lon="7.585869">
        <ele>1155.2</ele>
      </trkpt>
      <trkpt lat="45.819603" lon="7.585858">
        <ele>1151.8</ele>
      </trkpt>
      <trkpt lat="45.819211" lon="7.586164">
        <ele>1139.4</ele>
      </trkpt>
      <trkpt lat="45.819096" lon="7.586219">
        <ele>1134.9</ele>
        <name>Sentiero della Miniera, Antey-Saint-André</name>
        <extensions>
          <oa:Extension>
            <oa:mapZoom>16</oa:mapZoom>
          </oa:Extension>
        </extensions>
      </trkpt>
      <trkpt lat="45.819211" lon="7.586164">
        <ele>1139.4</ele>
      </trkpt>
      <trkpt lat="45.818961" lon="7.586156">
        <ele>1137.4</ele>
      </trkpt>
      <trkpt lat="45.818712" lon="7.586147">
        <ele>1135.3</ele>
      </trkpt>
      <trkpt lat="45.818534" lon="7.586187">
        <ele>1131.6</ele>
      </trkpt>
      <trkpt lat="45.818253" lon="7.586332">
        <ele>1126.2</ele>
      </trkpt>
      <trkpt lat="45.817964" lon="7.586332">
        <ele>1124.8</ele>
      </trkpt>
      <trkpt lat="45.817754" lon="7.586343">
        <ele>1123.7</ele>
      </trkpt>
      <trkpt lat="45.817607" lon="7.58638">
        <ele>1121.6</ele>
      </trkpt>
      <trkpt lat="45.817341" lon="7.586525">
        <ele>1117.0</ele>
      </trkpt>
      <trkpt lat="45.817117" lon="7.586525">
        <ele>1118.3</ele>
      </trkpt>
      <trkpt lat="45.816885" lon="7.586478">
        <ele>1116.4</ele>
      </trkpt>
      <trkpt lat="45.816633" lon="7.58641">
        <ele>1112.1</ele>
      </trkpt>
      <trkpt lat="45.816371" lon="7.586437">
        <ele>1110.8</ele>
      </trkpt>
      <trkpt lat="45.816173" lon="7.586398">
        <ele>1108.5</ele>
      </trkpt>
      <trkpt lat="45.815969" lon="7.586471">
        <ele>1099.0</ele>
      </trkpt>
      <trkpt lat="45.815789" lon="7.586411">
        <ele>1096.4</ele>
      </trkpt>
      <trkpt lat="45.815634" lon="7.586414">
        <ele>1094.4</ele>
      </trkpt>
      <trkpt lat="45.815475" lon="7.586436">
        <ele>1092.4</ele>
      </trkpt>
      <trkpt lat="45.815277" lon="7.586406">
        <ele>1092.3</ele>
      </trkpt>
      <trkpt lat="45.814907" lon="7.586343">
        <ele>1093.8</ele>
      </trkpt>
      <trkpt lat="45.814701" lon="7.586366">
        <ele>1090.1</ele>
      </trkpt>
      <trkpt lat="45.814562" lon="7.586355">
        <ele>1089.3</ele>
      </trkpt>
      <trkpt lat="45.814399" lon="7.586382">
        <ele>1090.8</ele>
      </trkpt>
      <trkpt lat="45.814266" lon="7.586446">
        <ele>1087.9</ele>
      </trkpt>
      <trkpt lat="45.814174" lon="7.586424">
        <ele>1087.9</ele>
      </trkpt>
      <trkpt lat="45.814023" lon="7.586424">
        <ele>1085.8</ele>
      </trkpt>
      <trkpt lat="45.813938" lon="7.586535">
        <ele>1080.2</ele>
      </trkpt>
      <trkpt lat="45.813755" lon="7.586514">
        <ele>1081.0</ele>
      </trkpt>
      <trkpt lat="45.813516" lon="7.586447">
        <ele>1082.4</ele>
      </trkpt>
      <trkpt lat="45.813311" lon="7.586443">
        <ele>1081.5</ele>
      </trkpt>
      <trkpt lat="45.81323" lon="7.586454">
        <ele>1080.2</ele>
        <name>Bosco Filey, Antey-Saint-André</name>
        <extensions>
          <oa:Extension>
            <oa:mapZoom>17</oa:mapZoom>
          </oa:Extension>
        </extensions>
      </trkpt>
      <trkpt lat="45.813123" lon="7.586469">
        <ele>1078.5</ele>
      </trkpt>
      <trkpt lat="45.812825" lon="7.586451">
        <ele>1080.8</ele>
      </trkpt>
      <trkpt lat="45.812602" lon="7.586501">
        <ele>1078.8</ele>
      </trkpt>
      <trkpt lat="45.812341" lon="7.586652">
        <ele>1077.6</ele>
      </trkpt>
      <trkpt lat="45.812199" lon="7.58683">
        <ele>1073.3</ele>
      </trkpt>
      <trkpt lat="45.812095" lon="7.586964">
        <ele>1069.7</ele>
      </trkpt>
      <trkpt lat="45.811981" lon="7.587091">
        <ele>1067.4</ele>
      </trkpt>
      <trkpt lat="45.811786" lon="7.587189">
        <ele>1064.4</ele>
      </trkpt>
      <trkpt lat="45.811488" lon="7.587327">
        <ele>1055.8</ele>
      </trkpt>
      <trkpt lat="45.811403" lon="7.587284">
        <ele>1055.2</ele>
      </trkpt>
      <trkpt lat="45.811298" lon="7.587178">
        <ele>1056.0</ele>
      </trkpt>
      <trkpt lat="45.811131" lon="7.587041">
        <ele>1055.1</ele>
      </trkpt>
      <trkpt lat="45.810909" lon="7.586723">
        <ele>1052.6</ele>
      </trkpt>
      <trkpt lat="45.810635" lon="7.586554">
        <ele>1048.5</ele>
      </trkpt>
      <trkpt lat="45.810337" lon="7.586494">
        <ele>1045.8</ele>
      </trkpt>
      <trkpt lat="45.810047" lon="7.586521">
        <ele>1037.0</ele>
      </trkpt>
      <trkpt lat="45.809783" lon="7.586564">
        <ele>1030.7</ele>
      </trkpt>
      <trkpt lat="45.809401" lon="7.586543">
        <ele>1029.0</ele>
      </trkpt>
      <trkpt lat="45.809029" lon="7.586498">
        <ele>1028.8</ele>
      </trkpt>
      <trkpt lat="45.808675" lon="7.586399">
        <ele>1031.0</ele>
      </trkpt>
      <trkpt lat="45.808418" lon="7.586355">
        <ele>1030.6</ele>
      </trkpt>
      <trkpt lat="45.808191" lon="7.586316">
        <ele>1028.8</ele>
      </trkpt>
      <trkpt lat="45.80793" lon="7.586232">
        <ele>1027.2</ele>
      </trkpt>
      <trkpt lat="45.807703" lon="7.586114">
        <ele>1031.6</ele>
      </trkpt>
      <trkpt lat="45.80757" lon="7.586105">
        <ele>1033.9</ele>
      </trkpt>
      <trkpt lat="45.807579" lon="7.586184">
        <ele>1031.7</ele>
      </trkpt>
      <trkpt lat="45.807547" lon="7.586236">
        <ele>1030.8</ele>
      </trkpt>
      <trkpt lat="45.807474" lon="7.586276">
        <ele>1030.8</ele>
      </trkpt>
      <trkpt lat="45.807273" lon="7.586341">
        <ele>1030.2</ele>
      </trkpt>
      <trkpt lat="45.807071" lon="7.586425">
        <ele>1028.9</ele>
      </trkpt>
      <trkpt lat="45.807023" lon="7.586445">
        <ele>1028.7</ele>
      </trkpt>
      <trkpt lat="45.806959" lon="7.586495">
        <ele>1028.1</ele>
      </trkpt>
      <trkpt lat="45.806902" lon="7.586564">
        <ele>1027.8</ele>
      </trkpt>
      <trkpt lat="45.806848" lon="7.586637">
        <ele>1027.6</ele>
      </trkpt>
      <trkpt lat="45.806805" lon="7.586712">
        <ele>1027.2</ele>
      </trkpt>
      <trkpt lat="45.806757" lon="7.58685">
        <ele>1026.2</ele>
      </trkpt>
      <trkpt lat="45.806767" lon="7.586939">
        <ele>1025.3</ele>
      </trkpt>
      <trkpt lat="45.806809" lon="7.58691">
        <ele>1025.4</ele>
      </trkpt>
      <trkpt lat="45.806819" lon="7.586947">
        <ele>1024.8</ele>
      </trkpt>
      <trkpt lat="45.806842" lon="7.586995">
        <ele>1023.8</ele>
      </trkpt>
      <trkpt lat="45.80685" lon="7.587011">
        <ele>1023.5</ele>
      </trkpt>
      <trkpt lat="45.806902" lon="7.587168">
        <ele>1021.8</ele>
      </trkpt>
      <trkpt lat="45.806909" lon="7.587215">
        <ele>1022.2</ele>
      </trkpt>
      <trkpt lat="45.80691" lon="7.587429">
        <ele>1025.1</ele>
      </trkpt>
      <trkpt lat="45.807221" lon="7.58779">
        <ele>1025.5</ele>
      </trkpt>
      <trkpt lat="45.807346" lon="7.587906">
        <ele>1024.3</ele>
      </trkpt>
      <trkpt lat="45.807498" lon="7.588118">
        <ele>1025.2</ele>
      </trkpt>
      <trkpt lat="45.807657" lon="7.588225">
        <ele>1024.5</ele>
      </trkpt>
      <trkpt lat="45.807794" lon="7.588261">
        <ele>1023.9</ele>
      </trkpt>
      <trkpt lat="45.807893" lon="7.588255">
        <ele>1023.8</ele>
      </trkpt>
      <trkpt lat="45.808011" lon="7.588199">
        <ele>1023.6</ele>
      </trkpt>
      <trkpt lat="45.808151" lon="7.588213">
        <ele>1023.9</ele>
      </trkpt>
      <trkpt lat="45.808404" lon="7.588227">
        <ele>1024.3</ele>
      </trkpt>
      <trkpt lat="45.808794" lon="7.588333">
        <ele>1025.2</ele>
      </trkpt>
      <trkpt lat="45.809015" lon="7.588633">
        <ele>1025.7</ele>
      </trkpt>
      <trkpt lat="45.809068" lon="7.588688">
        <ele>1025.8</ele>
      </trkpt>
      <trkpt lat="45.809231" lon="7.588856">
        <ele>1026.5</ele>
      </trkpt>
      <trkpt lat="45.809324" lon="7.588894">
        <ele>1026.1</ele>
      </trkpt>
      <trkpt lat="45.809418" lon="7.588914">
        <ele>1025.6</ele>
      </trkpt>
      <trkpt lat="45.809525" lon="7.588915">
        <ele>1025.6</ele>
      </trkpt>
      <trkpt lat="45.809703" lon="7.588884">
        <ele>1025.8</ele>
      </trkpt>
      <trkpt lat="45.809957" lon="7.588897">
        <ele>1026.0</ele>
      </trkpt>
      <trkpt lat="45.810077" lon="7.588953">
        <ele>1026.4</ele>
      </trkpt>
      <trkpt lat="45.810238" lon="7.589022">
        <ele>1027.4</ele>
      </trkpt>
      <trkpt lat="45.810346" lon="7.589009">
        <ele>1027.5</ele>
      </trkpt>
      <trkpt lat="45.810439" lon="7.588972">
        <ele>1027.2</ele>
      </trkpt>
      <trkpt lat="45.810501" lon="7.589049">
        <ele>1027.9</ele>
      </trkpt>
      <trkpt lat="45.810655" lon="7.588922">
        <ele>1028.3</ele>
        <name>Family Apartments La Gran Becca, Antey-Saint-André</name>
        <extensions>
          <oa:Extension>
            <oa:mapZoom>17</oa:mapZoom>
          </oa:Extension>
        </extensions>
      </trkpt>
      <trkpt lat="45.810692" lon="7.588892">
        <ele>1028.4</ele>
      </trkpt>
      <trkpt lat="45.810911" lon="7.588746">
        <ele>1028.2</ele>
      </trkpt>
      <trkpt lat="45.811095" lon="7.588686">
        <ele>1028.8</ele>
      </trkpt>
      <trkpt lat="45.811375" lon="7.58881">
        <ele>1029.4</ele>
      </trkpt>
      <trkpt lat="45.811524" lon="7.588883">
        <ele>1029.5</ele>
        <name>Strada Comunale Filey Lillaz, Antey-Saint-André</name>
        <extensions>
          <oa:Extension>
            <oa:mapZoom>17</oa:mapZoom>
          </oa:Extension>
        </extensions>
      </trkpt>
      <trkpt lat="45.811563" lon="7.588902">
        <ele>1029.5</ele>
      </trkpt>
      <trkpt lat="45.81171" lon="7.589">
        <ele>1029.8</ele>
      </trkpt>
      <trkpt lat="45.811917" lon="7.589168">
        <ele>1030.3</ele>
      </trkpt>
      <trkpt lat="45.812125" lon="7.589337">
        <ele>1030.5</ele>
      </trkpt>
      <trkpt lat="45.812373" lon="7.589573">
        <ele>1030.3</ele>
      </trkpt>
      <trkpt lat="45.81249" lon="7.58969">
        <ele>1030.2</ele>
        <name>Strada Comunale Filey Lillaz, Antey-Saint-André</name>
        <extensions>
          <oa:Extension>
            <oa:mapZoom>16</oa:mapZoom>
          </oa:Extension>
        </extensions>
      </trkpt>
      <trkpt lat="45.812506" lon="7.589706">
        <ele>1030.2</ele>
      </trkpt>
      <trkpt lat="45.8127" lon="7.58989">
        <ele>1030.1</ele>
      </trkpt>
      <trkpt lat="45.812685" lon="7.589997">
        <ele>1030.4</ele>
      </trkpt>
      <trkpt lat="45.812629" lon="7.590497">
        <ele>1030.9</ele>
      </trkpt>
      <trkpt lat="45.812573" lon="7.590997">
        <ele>1030.5</ele>
      </trkpt>
      <trkpt lat="45.812563" lon="7.591106">
        <ele>1030.3</ele>
      </trkpt>
      <trkpt lat="45.812515" lon="7.591131">
        <ele>1030.2</ele>
      </trkpt>
      <trkpt lat="45.812412" lon="7.591135">
        <ele>1030.3</ele>
      </trkpt>
      <trkpt lat="45.812285" lon="7.591309">
        <ele>1030.2</ele>
      </trkpt>
      <trkpt lat="45.81225" lon="7.59134">
        <ele>1030.5</ele>
      </trkpt>
      <trkpt lat="45.81219" lon="7.591357">
        <ele>1031.1</ele>
      </trkpt>
      <trkpt lat="45.812066" lon="7.591356">
        <ele>1031.6</ele>
      </trkpt>
      <trkpt lat="45.81196" lon="7.591378">
        <ele>1032.0</ele>
      </trkpt>
      <trkpt lat="45.811713" lon="7.59136">
        <ele>1032.0</ele>
      </trkpt>
      <trkpt lat="45.811517" lon="7.591353">
        <ele>1031.9</ele>
      </trkpt>
      <trkpt lat="45.811349" lon="7.59129">
        <ele>1031.2</ele>
      </trkpt>
      <trkpt lat="45.811123" lon="7.591245">
        <ele>1033.0</ele>
      </trkpt>
      <trkpt lat="45.810897" lon="7.591199">
        <ele>1031.7</ele>
      </trkpt>
      <trkpt lat="45.810631" lon="7.591019">
        <ele>1034.4</ele>
      </trkpt>
      <trkpt lat="45.810485" lon="7.59097">
        <ele>1034.9</ele>
      </trkpt>
      <trkpt lat="45.810125" lon="7.591039">
        <ele>1031.1</ele>
      </trkpt>
      <trkpt lat="45.809816" lon="7.590936">
        <ele>1030.1</ele>
      </trkpt>
      <trkpt lat="45.809782" lon="7.59094">
        <ele>1030.1</ele>
        <name>Bosco Lillaz, Antey-Saint-André</name>
        <extensions>
          <oa:Extension>
            <oa:mapZoom>16</oa:mapZoom>
          </oa:Extension>
        </extensions>
      </trkpt>
      <trkpt lat="45.809014" lon="7.591016">
        <ele>1029.92207</ele>
      </trkpt>
      <trkpt lat="45.806535" lon="7.592232">
        <ele>1073.2</ele>
        <name>Cimetoro Comunale Antey-Saint-André, Antey-Saint-André</name>
        <extensions>
          <oa:Extension>
            <oa:mapZoom>16</oa:mapZoom>
          </oa:Extension>
        </extensions>
      </trkpt>
      <trkpt lat="45.806478" lon="7.592191">
        <ele>1073.0</ele>
      </trkpt>
      <trkpt lat="45.806433" lon="7.592156">
        <ele>1072.8</ele>
      </trkpt>
      <trkpt lat="45.806366" lon="7.592107">
        <ele>1072.6</ele>
      </trkpt>
      <trkpt lat="45.806309" lon="7.592083">
        <ele>1072.8</ele>
      </trkpt>
      <trkpt lat="45.806234" lon="7.592051">
        <ele>1073.1</ele>
      </trkpt>
      <trkpt lat="45.806116" lon="7.592016">
        <ele>1073.3</ele>
      </trkpt>
      <trkpt lat="45.806038" lon="7.592015">
        <ele>1073.7</ele>
      </trkpt>
      <trkpt lat="45.805697" lon="7.592028">
        <ele>1074.7</ele>
      </trkpt>
      <trkpt lat="45.805634" lon="7.592031">
        <ele>1075.0</ele>
      </trkpt>
      <trkpt lat="45.805505" lon="7.592043">
        <ele>1075.6</ele>
      </trkpt>
      <trkpt lat="45.805334" lon="7.592056">
        <ele>1076.0</ele>
      </trkpt>
      <trkpt lat="45.805209" lon="7.592068">
        <ele>1076.2</ele>
      </trkpt>
      <trkpt lat="45.805134" lon="7.592038">
        <ele>1075.9</ele>
      </trkpt>
      <trkpt lat="45.805126" lon="7.59203">
        <ele>1075.8</ele>
      </trkpt>
      <trkpt lat="45.805159" lon="7.591955">
        <ele>1074.6</ele>
        <name>SR8, Antey-Saint-André</name>
        <extensions>
          <oa:Extension>
            <oa:mapZoom>18</oa:mapZoom>
          </oa:Extension>
        </extensions>
      </trkpt>
      <trkpt lat="45.805112" lon="7.592017">
        <ele>1075.6</ele>
      </trkpt>
      <trkpt lat="45.805075" lon="7.592083">
        <ele>1076.5</ele>
      </trkpt>
      <trkpt lat="45.805029" lon="7.592149">
        <ele>1077.1</ele>
      </trkpt>
      <trkpt lat="45.805" lon="7.59219">
        <ele>1077.5</ele>
      </trkpt>
      <trkpt lat="45.804936" lon="7.592295">
        <ele>1078.6</ele>
      </trkpt>
      <trkpt lat="45.804898" lon="7.592377">
        <ele>1079.3</ele>
      </trkpt>
      <trkpt lat="45.804875" lon="7.592496">
        <ele>1080.0</ele>
      </trkpt>
      <trkpt lat="45.804826" lon="7.592838">
        <ele>1082.3</ele>
      </trkpt>
      <trkpt lat="45.804806" lon="7.592981">
        <ele>1083.5</ele>
      </trkpt>
      <trkpt lat="45.804784" lon="7.593056">
        <ele>1084.1</ele>
      </trkpt>
      <trkpt lat="45.804755" lon="7.593137">
        <ele>1084.7</ele>
      </trkpt>
      <trkpt lat="45.804706" lon="7.5932">
        <ele>1085.3</ele>
      </trkpt>
      <trkpt lat="45.804651" lon="7.593245">
        <ele>1085.8</ele>
      </trkpt>
      <trkpt lat="45.804417" lon="7.593386">
        <ele>1087.3</ele>
      </trkpt>
      <trkpt lat="45.804364" lon="7.593423">
        <ele>1086.7</ele>
      </trkpt>
      <trkpt lat="45.804289" lon="7.593509">
        <ele>1086.0</ele>
      </trkpt>
      <trkpt lat="45.80422" lon="7.593639">
        <ele>1085.8</ele>
      </trkpt>
      <trkpt lat="45.804071" lon="7.593978">
        <ele>1087.2</ele>
      </trkpt>
      <trkpt lat="45.804013" lon="7.594157">
        <ele>1087.7</ele>
      </trkpt>
      <trkpt lat="45.803883" lon="7.594477">
        <ele>1089.5</ele>
      </trkpt>
      <trkpt lat="45.803875" lon="7.594496">
        <ele>1089.5</ele>
      </trkpt>
      <trkpt lat="45.803854" lon="7.594568">
        <ele>1089.7</ele>
      </trkpt>
      <trkpt lat="45.803806" lon="7.594666">
        <ele>1090.5</ele>
      </trkpt>
      <trkpt lat="45.803748" lon="7.594765">
        <ele>1091.7</ele>
      </trkpt>
      <trkpt lat="45.803701" lon="7.594827">
        <ele>1092.5</ele>
      </trkpt>
      <trkpt lat="45.803609" lon="7.594918">
        <ele>1094.0</ele>
      </trkpt>
      <trkpt lat="45.80355" lon="7.594977">
        <ele>1094.8</ele>
      </trkpt>
      <trkpt lat="45.803505" lon="7.595039">
        <ele>1095.0</ele>
      </trkpt>
      <trkpt lat="45.803468" lon="7.595112">
        <ele>1095.4</ele>
      </trkpt>
      <trkpt lat="45.803516" lon="7.595139">
        <ele>1096.6</ele>
      </trkpt>
      <trkpt lat="45.803629" lon="7.595173">
        <ele>1097.0</ele>
      </trkpt>
      <trkpt lat="45.803608" lon="7.595355">
        <ele>1102.3</ele>
      </trkpt>
      <trkpt lat="45.803449" lon="7.59589">
        <ele>1108.7</ele>
      </trkpt>
      <trkpt lat="45.803282" lon="7.596408">
        <ele>1114.9</ele>
      </trkpt>
      <trkpt lat="45.80305" lon="7.596822">
        <ele>1123.1</ele>
      </trkpt>
      <trkpt lat="45.802893" lon="7.596915">
        <ele>1126.6</ele>
      </trkpt>
      <trkpt lat="45.802732" lon="7.596956">
        <ele>1129.4</ele>
      </trkpt>
      <trkpt lat="45.802586" lon="7.597052">
        <ele>1132.5</ele>
      </trkpt>
      <trkpt lat="45.802352" lon="7.597034">
        <ele>1139.1</ele>
      </trkpt>
      <trkpt lat="45.802291" lon="7.59703">
        <ele>1141.2</ele>
      </trkpt>
      <trkpt lat="45.802166" lon="7.597111">
        <ele>1146.1</ele>
      </trkpt>
      <trkpt lat="45.802018" lon="7.597327">
        <ele>1157.1</ele>
      </trkpt>
      <trkpt lat="45.801837" lon="7.5972">
        <ele>1160.7</ele>
      </trkpt>
      <trkpt lat="45.801536" lon="7.597315">
        <ele>1175.2</ele>
      </trkpt>
      <trkpt lat="45.801279" lon="7.597521">
        <ele>1186.7</ele>
      </trkpt>
      <trkpt lat="45.801063" lon="7.597672">
        <ele>1191.3</ele>
      </trkpt>
      <trkpt lat="45.800848" lon="7.597824">
        <ele>1198.6</ele>
      </trkpt>
      <trkpt lat="45.800647" lon="7.597961">
        <ele>1207.8</ele>
      </trkpt>
      <trkpt lat="45.800429" lon="7.598041">
        <ele>1216.3</ele>
      </trkpt>
      <trkpt lat="45.800055" lon="7.598054">
        <ele>1227.9</ele>
      </trkpt>
      <trkpt lat="45.799673" lon="7.598179">
        <ele>1241.2</ele>
      </trkpt>
      <trkpt lat="45.799751" lon="7.59819">
        <ele>1241.0</ele>
      </trkpt>
      <trkpt lat="45.799747" lon="7.598232">
        <ele>1243.0</ele>
      </trkpt>
      <trkpt lat="45.799755" lon="7.598375">
        <ele>1249.9</ele>
      </trkpt>
      <trkpt lat="45.79987" lon="7.598497">
        <ele>1254.9</ele>
      </trkpt>
      <trkpt lat="45.799696" lon="7.59856">
        <ele>1263.9</ele>
      </trkpt>
      <trkpt lat="45.799472" lon="7.598526">
        <ele>1267.6</ele>
      </trkpt>
      <trkpt lat="45.799247" lon="7.598493">
        <ele>1271.7</ele>
      </trkpt>
      <trkpt lat="45.799022" lon="7.598492">
        <ele>1274.0</ele>
      </trkpt>
      <trkpt lat="45.798829" lon="7.598591">
        <ele>1279.3</ele>
      </trkpt>
      <trkpt lat="45.798652" lon="7.59877">
        <ele>1284.0</ele>
      </trkpt>
      <trkpt lat="45.79859" lon="7.598922">
        <ele>1288.5</ele>
      </trkpt>
      <trkpt lat="45.798584" lon="7.598965">
        <ele>1290.2</ele>
      </trkpt>
      <trkpt lat="45.798591" lon="7.599009">
        <ele>1292.3</ele>
      </trkpt>
      <trkpt lat="45.798787" lon="7.599111">
        <ele>1297.7</ele>
      </trkpt>
      <trkpt lat="45.798794" lon="7.599197">
        <ele>1301.1</ele>
      </trkpt>
      <trkpt lat="45.798706" lon="7.599259">
        <ele>1301.5</ele>
      </trkpt>
      <trkpt lat="45.798919" lon="7.599585">
        <ele>1309.9</ele>
      </trkpt>
      <trkpt lat="45.799046" lon="7.599731">
        <ele>1315.4</ele>
      </trkpt>
      <trkpt lat="45.799175" lon="7.599795">
        <ele>1318.5</ele>
      </trkpt>
      <trkpt lat="45.799501" lon="7.599867">
        <ele>1328.1</ele>
      </trkpt>
      <trkpt lat="45.799756" lon="7.600024">
        <ele>1340.5</ele>
      </trkpt>
      <trkpt lat="45.799951" lon="7.600264">
        <ele>1349.4</ele>
      </trkpt>
      <trkpt lat="45.800186" lon="7.600517">
        <ele>1355.3</ele>
      </trkpt>
      <trkpt lat="45.800238" lon="7.600638">
        <ele>1356.6</ele>
      </trkpt>
      <trkpt lat="45.800253" lon="7.600991">
        <ele>1363.9</ele>
      </trkpt>
      <trkpt lat="45.800276" lon="7.601244">
        <ele>1366.6</ele>
      </trkpt>
      <trkpt lat="45.800379" lon="7.601405">
        <ele>1368.2</ele>
      </trkpt>
      <trkpt lat="45.800399" lon="7.60155">
        <ele>1369.5</ele>
      </trkpt>
      <trkpt lat="45.800466" lon="7.601829">
        <ele>1372.9</ele>
      </trkpt>
      <trkpt lat="45.800516" lon="7.602005">
        <ele>1376.5</ele>
      </trkpt>
      <trkpt lat="45.800689" lon="7.602206">
        <ele>1381.4</ele>
      </trkpt>
      <trkpt lat="45.800706" lon="7.602259">
        <ele>1382.8</ele>
      </trkpt>
      <trkpt lat="45.800776" lon="7.602406">
        <ele>1386.7</ele>
      </trkpt>
      <trkpt lat="45.800895" lon="7.6024">
        <ele>1387.4</ele>
      </trkpt>
      <trkpt lat="45.800895" lon="7.602572">
        <ele>1390.7</ele>
      </trkpt>
      <trkpt lat="45.800895" lon="7.602601">
        <ele>1391.0</ele>
      </trkpt>
      <trkpt lat="45.800969" lon="7.602715">
        <ele>1393.1</ele>
      </trkpt>
      <trkpt lat="45.800922" lon="7.602814">
        <ele>1395.3</ele>
      </trkpt>
      <trkpt lat="45.800893" lon="7.602917">
        <ele>1398.6</ele>
      </trkpt>
      <trkpt lat="45.800791" lon="7.602938">
        <ele>1400.6</ele>
      </trkpt>
      <trkpt lat="45.80075" lon="7.603009">
        <ele>1404.2</ele>
      </trkpt>
      <trkpt lat="45.800706" lon="7.603143">
        <ele>1411.6</ele>
      </trkpt>
      <trkpt lat="45.800676" lon="7.60318">
        <ele>1412.9</ele>
      </trkpt>
      <trkpt lat="45.800656" lon="7.603235">
        <ele>1414.5</ele>
      </trkpt>
      <trkpt lat="45.800596" lon="7.603298">
        <ele>1414.8</ele>
      </trkpt>
      <trkpt lat="45.800604" lon="7.603398">
        <ele>1418.9</ele>
      </trkpt>
      <trkpt lat="45.800566" lon="7.603419">
        <ele>1418.6</ele>
      </trkpt>
      <trkpt lat="45.800555" lon="7.60349">
        <ele>1421.0</ele>
      </trkpt>
      <trkpt lat="45.800785" lon="7.60349">
        <ele>1427.1</ele>
      </trkpt>
      <trkpt lat="45.800837" lon="7.603513">
        <ele>1428.9</ele>
      </trkpt>
      <trkpt lat="45.800899" lon="7.603528">
        <ele>1430.6</ele>
      </trkpt>
      <trkpt lat="45.800903" lon="7.603552">
        <ele>1431.4</ele>
      </trkpt>
      <trkpt lat="45.800831" lon="7.603767">
        <ele>1436.2</ele>
      </trkpt>
      <trkpt lat="45.800707" lon="7.603915">
        <ele>1438.9</ele>
      </trkpt>
      <trkpt lat="45.800609" lon="7.604108">
        <ele>1444.2</ele>
      </trkpt>
      <trkpt lat="45.800567" lon="7.604159">
        <ele>1445.6</ele>
      </trkpt>
      <trkpt lat="45.800474" lon="7.604219">
        <ele>1446.6</ele>
      </trkpt>
      <trkpt lat="45.800433" lon="7.604382">
        <ele>1449.2</ele>
      </trkpt>
      <trkpt lat="45.800371" lon="7.604634">
        <ele>1450.3</ele>
      </trkpt>
      <trkpt lat="45.800262" lon="7.604841">
        <ele>1451.8</ele>
      </trkpt>
      <trkpt lat="45.800243" lon="7.605038">
        <ele>1454.7</ele>
      </trkpt>
      <trkpt lat="45.800173" lon="7.605193">
        <ele>1459.3</ele>
      </trkpt>
      <trkpt lat="45.800053" lon="7.60531">
        <ele>1461.5</ele>
      </trkpt>
      <trkpt lat="45.799963" lon="7.605444">
        <ele>1462.8</ele>
      </trkpt>
      <trkpt lat="45.800023" lon="7.605468">
        <ele>1464.7</ele>
      </trkpt>
      <trkpt lat="45.800144" lon="7.605622">
        <ele>1469.1</ele>
      </trkpt>
      <trkpt lat="45.800252" lon="7.605705">
        <ele>1470.1</ele>
      </trkpt>
      <trkpt lat="45.800275" lon="7.605711">
        <ele>1470.4</ele>
      </trkpt>
      <trkpt lat="45.800375" lon="7.60577">
        <ele>1470.9</ele>
      </trkpt>
      <trkpt lat="45.800504" lon="7.60578">
        <ele>1471.0</ele>
      </trkpt>
      <trkpt lat="45.800666" lon="7.605689">
        <ele>1471.5</ele>
      </trkpt>
      <trkpt lat="45.8008" lon="7.605708">
        <ele>1470.6</ele>
      </trkpt>
      <trkpt lat="45.800818" lon="7.605724">
        <ele>1470.5</ele>
      </trkpt>
      <trkpt lat="45.80082" lon="7.605756">
        <ele>1470.5</ele>
      </trkpt>
      <trkpt lat="45.800811" lon="7.605898">
        <ele>1470.0</ele>
      </trkpt>
      <trkpt lat="45.800803" lon="7.605965">
        <ele>1469.7</ele>
      </trkpt>
      <trkpt lat="45.800803" lon="7.606036">
        <ele>1469.5</ele>
      </trkpt>
      <trkpt lat="45.800793" lon="7.606252">
        <ele>1470.4</ele>
      </trkpt>
      <trkpt lat="45.800816" lon="7.606405">
        <ele>1471.3</ele>
      </trkpt>
      <trkpt lat="45.800822" lon="7.606429">
        <ele>1471.4</ele>
      </trkpt>
      <trkpt lat="45.80086" lon="7.606593">
        <ele>1471.8</ele>
      </trkpt>
      <trkpt lat="45.800892" lon="7.606754">
        <ele>1471.5</ele>
      </trkpt>
      <trkpt lat="45.800978" lon="7.606789">
        <ele>1470.7</ele>
      </trkpt>
      <trkpt lat="45.801061" lon="7.606831">
        <ele>1469.8</ele>
      </trkpt>
      <trkpt lat="45.801145" lon="7.606893">
        <ele>1469.0</ele>
      </trkpt>
      <trkpt lat="45.801288" lon="7.607103">
        <ele>1469.3</ele>
      </trkpt>
      <trkpt lat="45.801349" lon="7.607182">
        <ele>1470.0</ele>
      </trkpt>
      <trkpt lat="45.801469" lon="7.607251">
        <ele>1470.2</ele>
      </trkpt>
      <trkpt lat="45.801689" lon="7.607338">
        <ele>1469.6</ele>
      </trkpt>
      <trkpt lat="45.80189" lon="7.60742">
        <ele>1469.2</ele>
      </trkpt>
      <trkpt lat="45.802088" lon="7.607498">
        <ele>1468.3</ele>
      </trkpt>
      <trkpt lat="45.802273" lon="7.60756">
        <ele>1466.9</ele>
      </trkpt>
      <trkpt lat="45.802345" lon="7.607584">
        <ele>1466.5</ele>
      </trkpt>
      <trkpt lat="45.802719" lon="7.607633">
        <ele>1464.0</ele>
      </trkpt>
      <trkpt lat="45.802828" lon="7.607638">
        <ele>1461.9</ele>
      </trkpt>
      <trkpt lat="45.802923" lon="7.607656">
        <ele>1460.1</ele>
      </trkpt>
      <trkpt lat="45.802998" lon="7.607679">
        <ele>1459.1</ele>
      </trkpt>
      <trkpt lat="45.803049" lon="7.607718">
        <ele>1458.8</ele>
      </trkpt>
      <trkpt lat="45.803101" lon="7.607771">
        <ele>1459.0</ele>
      </trkpt>
      <trkpt lat="45.80329" lon="7.608059">
        <ele>1459.4</ele>
      </trkpt>
      <trkpt lat="45.803361" lon="7.608255">
        <ele>1460.7</ele>
      </trkpt>
      <trkpt lat="45.803419" lon="7.608418">
        <ele>1462.0</ele>
      </trkpt>
      <trkpt lat="45.803517" lon="7.608567">
        <ele>1464.2</ele>
      </trkpt>
      <trkpt lat="45.803648" lon="7.60884">
        <ele>1468.3</ele>
      </trkpt>
      <trkpt lat="45.803698" lon="7.608956">
        <ele>1470.2</ele>
      </trkpt>
      <trkpt lat="45.803754" lon="7.609184">
        <ele>1472.6</ele>
      </trkpt>
      <trkpt lat="45.803854" lon="7.609548">
        <ele>1476.0</ele>
      </trkpt>
      <trkpt lat="45.803925" lon="7.609761">
        <ele>1478.0</ele>
      </trkpt>
      <trkpt lat="45.804083" lon="7.610029">
        <ele>1483.2</ele>
      </trkpt>
      <trkpt lat="45.804307" lon="7.610377">
        <ele>1488.6</ele>
      </trkpt>
      <trkpt lat="45.804607" lon="7.610668">
        <ele>1493.0</ele>
      </trkpt>
      <trkpt lat="45.804707" lon="7.610663">
        <ele>1494.2</ele>
      </trkpt>
      <trkpt lat="45.804794" lon="7.610693">
        <ele>1494.7</ele>
      </trkpt>
      <trkpt lat="45.804895" lon="7.610798">
        <ele>1494.7</ele>
      </trkpt>
      <trkpt lat="45.804946" lon="7.610915">
        <ele>1495.5</ele>
      </trkpt>
      <trkpt lat="45.804991" lon="7.611122">
        <ele>1496.8</ele>
      </trkpt>
      <trkpt lat="45.805055" lon="7.611484">
        <ele>1500.5</ele>
      </trkpt>
      <trkpt lat="45.805117" lon="7.611742">
        <ele>1506.1</ele>
      </trkpt>
      <trkpt lat="45.805157" lon="7.612069">
        <ele>1515.2</ele>
      </trkpt>
      <trkpt lat="45.805185" lon="7.612321">
        <ele>1521.7</ele>
      </trkpt>
      <trkpt lat="45.805084" lon="7.612603">
        <ele>1528.2</ele>
      </trkpt>
      <trkpt lat="45.805056" lon="7.612753">
        <ele>1530.9</ele>
      </trkpt>
      <trkpt lat="45.805092" lon="7.612885">
        <ele>1534.1</ele>
      </trkpt>
      <trkpt lat="45.80519" lon="7.613368">
        <ele>1545.3</ele>
      </trkpt>
      <trkpt lat="45.805276" lon="7.613522">
        <ele>1549.4</ele>
      </trkpt>
      <trkpt lat="45.805238" lon="7.613702">
        <ele>1554.0</ele>
      </trkpt>
      <trkpt lat="45.805157" lon="7.613853">
        <ele>1557.9</ele>
      </trkpt>
      <trkpt lat="45.805209" lon="7.614082">
        <ele>1562.0</ele>
      </trkpt>
      <trkpt lat="45.805182" lon="7.614322">
        <ele>1566.4</ele>
      </trkpt>
      <trkpt lat="45.805113" lon="7.614443">
        <ele>1569.5</ele>
      </trkpt>
      <trkpt lat="45.804993" lon="7.614612">
        <ele>1573.6</ele>
      </trkpt>
      <trkpt lat="45.804905" lon="7.614646">
        <ele>1574.2</ele>
      </trkpt>
      <trkpt lat="45.804675" lon="7.614695">
        <ele>1579.6</ele>
      </trkpt>
      <trkpt lat="45.804413" lon="7.614561">
        <ele>1588.8</ele>
      </trkpt>
      <trkpt lat="45.804406" lon="7.614665">
        <ele>1590.9</ele>
      </trkpt>
      <trkpt lat="45.804495" lon="7.614904">
        <ele>1593.1</ele>
      </trkpt>
      <trkpt lat="45.804692" lon="7.615081">
        <ele>1589.6</ele>
      </trkpt>
      <trkpt lat="45.804753" lon="7.615451">
        <ele>1595.3</ele>
      </trkpt>
      <trkpt lat="45.804886" lon="7.615615">
        <ele>1594.5</ele>
      </trkpt>
      <trkpt lat="45.804944" lon="7.615829">
        <ele>1598.3</ele>
      </trkpt>
      <trkpt lat="45.805075" lon="7.616012">
        <ele>1596.6</ele>
      </trkpt>
      <trkpt lat="45.805187" lon="7.616465">
        <ele>1598.5</ele>
      </trkpt>
      <trkpt lat="45.805202" lon="7.616666">
        <ele>1599.6</ele>
      </trkpt>
      <trkpt lat="45.805265" lon="7.616996">
        <ele>1601.6</ele>
      </trkpt>
      <trkpt lat="45.805397" lon="7.61728">
        <ele>1603.3</ele>
      </trkpt>
      <trkpt lat="45.805518" lon="7.617402">
        <ele>1605.0</ele>
      </trkpt>
      <trkpt lat="45.805518" lon="7.617538">
        <ele>1607.0</ele>
      </trkpt>
      <trkpt lat="45.805552" lon="7.617693">
        <ele>1609.4</ele>
      </trkpt>
      <trkpt lat="45.80567" lon="7.617858">
        <ele>1611.7</ele>
      </trkpt>
      <trkpt lat="45.805829" lon="7.617999">
        <ele>1613.3</ele>
      </trkpt>
      <trkpt lat="45.806059" lon="7.618154">
        <ele>1616.1</ele>
      </trkpt>
      <trkpt lat="45.806198" lon="7.618154">
        <ele>1617.1</ele>
      </trkpt>
      <trkpt lat="45.806319" lon="7.618222">
        <ele>1618.6</ele>
      </trkpt>
      <trkpt lat="45.806495" lon="7.618363">
        <ele>1619.9</ele>
      </trkpt>
      <trkpt lat="45.806617" lon="7.618435">
        <ele>1620.7</ele>
      </trkpt>
      <trkpt lat="45.806789" lon="7.618469">
        <ele>1621.2</ele>
      </trkpt>
      <trkpt lat="45.806944" lon="7.618473">
        <ele>1620.8</ele>
      </trkpt>
      <trkpt lat="45.807132" lon="7.618553">
        <ele>1620.6</ele>
      </trkpt>
      <trkpt lat="45.807313" lon="7.618714">
        <ele>1616.4</ele>
      </trkpt>
      <trkpt lat="45.807348" lon="7.618788">
        <ele>1613.2</ele>
      </trkpt>
      <trkpt lat="45.807316" lon="7.619118">
        <ele>1613.7</ele>
      </trkpt>
      <trkpt lat="45.807299" lon="7.619272">
        <ele>1614.9</ele>
      </trkpt>
      <trkpt lat="45.807356" lon="7.619323">
        <ele>1613.3</ele>
      </trkpt>
      <trkpt lat="45.807527" lon="7.619204">
        <ele>1613.7</ele>
      </trkpt>
      <trkpt lat="45.807748" lon="7.618995">
        <ele>1615.5</ele>
      </trkpt>
      <trkpt lat="45.807968" lon="7.618787">
        <ele>1615.5</ele>
      </trkpt>
      <trkpt lat="45.808248" lon="7.618487">
        <ele>1625.1</ele>
      </trkpt>
      <trkpt lat="45.808285" lon="7.618452">
        <ele>1625.7</ele>
      </trkpt>
      <trkpt lat="45.808333" lon="7.618437">
        <ele>1626.7</ele>
      </trkpt>
      <trkpt lat="45.808397" lon="7.618429">
        <ele>1628.2</ele>
      </trkpt>
      <trkpt lat="45.808513" lon="7.618443">
        <ele>1630.6</ele>
      </trkpt>
      <trkpt lat="45.808653" lon="7.61849">
        <ele>1632.8</ele>
      </trkpt>
      <trkpt lat="45.808679" lon="7.6185">
        <ele>1633.1</ele>
      </trkpt>
      <trkpt lat="45.808729" lon="7.618536">
        <ele>1634.0</ele>
      </trkpt>
      <trkpt lat="45.808745" lon="7.618542">
        <ele>1634.2</ele>
      </trkpt>
      <trkpt lat="45.80876" lon="7.618549">
        <ele>1634.4</ele>
      </trkpt>
      <trkpt lat="45.808849" lon="7.618613">
        <ele>1635.9</ele>
      </trkpt>
      <trkpt lat="45.808962" lon="7.618612">
        <ele>1636.4</ele>
      </trkpt>
      <trkpt lat="45.809014" lon="7.61853">
        <ele>1635.5</ele>
      </trkpt>
      <trkpt lat="45.809115" lon="7.618445">
        <ele>1635.2</ele>
        <name>3 107, La Magdeleine</name>
        <extensions>
          <oa:Extension>
            <oa:mapZoom>18</oa:mapZoom>
          </oa:Extension>
        </extensions>
      </trkpt>
      <trkpt lat="45.809213" lon="7.618769">
        <ele>1640.1</ele>
        <name>Hotel Tantané, La Magdeleine</name>
        <extensions>
          <oa:Extension>
            <oa:mapZoom>18</oa:mapZoom>
          </oa:Extension>
        </extensions>
      </trkpt>
      <trkpt lat="45.809245" lon="7.618743">
        <ele>1640.0</ele>
      </trkpt>
      <trkpt lat="45.809323" lon="7.618686">
        <ele>1641.0</ele>
      </trkpt>
      <trkpt lat="45.809404" lon="7.61866">
        <ele>1642.6</ele>
      </trkpt>
      <trkpt lat="45.809461" lon="7.618653">
        <ele>1643.1</ele>
      </trkpt>
      <trkpt lat="45.809542" lon="7.618687">
        <ele>1643.1</ele>
      </trkpt>
      <trkpt lat="45.8096" lon="7.618721">
        <ele>1643.2</ele>
      </trkpt>
      <trkpt lat="45.809649" lon="7.618754">
        <ele>1643.7</ele>
      </trkpt>
      <trkpt lat="45.809784" lon="7.618853">
        <ele>1645.1</ele>
      </trkpt>
      <trkpt lat="45.809942" lon="7.618936">
        <ele>1646.0</ele>
        <name>Strada Regionale 8 di La Magdeleine, La Magdeleine</name>
        <extensions>
          <oa:Extension>
            <oa:mapZoom>18</oa:mapZoom>
          </oa:Extension>
        </extensions>
      </trkpt>
      <trkpt lat="45.810224" lon="7.618802">
        <ele>1642.5</ele>
        <name>Strada Regionale 8 di La Magdeleine, La Magdeleine</name>
        <extensions>
          <oa:Extension>
            <oa:mapZoom>19</oa:mapZoom>
          </oa:Extension>
        </extensions>
      </trkpt>
      <trkpt lat="45.810205" lon="7.618792">
        <ele>1642.2</ele>
      </trkpt>
      <trkpt lat="45.810189" lon="7.618719">
        <ele>1641.2</ele>
      </trkpt>
      <trkpt lat="45.810132" lon="7.618651">
        <ele>1640.0</ele>
      </trkpt>
      <trkpt lat="45.810105" lon="7.618604">
        <ele>1639.0</ele>
        <name>Strada Regionale 8 di La Magdeleine, La Magdeleine</name>
        <extensions>
          <oa:Extension>
            <oa:mapZoom>19</oa:mapZoom>
          </oa:Extension>
        </extensions>
      </trkpt>
      <trkpt lat="45.810246" lon="7.618374">
        <ele>1638.6</ele>
        <name>Strada Regionale 8 di La Magdeleine, La Magdeleine</name>
        <extensions>
          <oa:Extension>
            <oa:mapZoom>19</oa:mapZoom>
          </oa:Extension>
        </extensions>
      </trkpt>
      <trkpt lat="45.810226" lon="7.618214">
        <ele>1636.97746</ele>
      </trkpt>
      <trkpt lat="45.810131" lon="7.618093">
        <ele>1634.88142</ele>
      </trkpt>
      <trkpt lat="45.810056" lon="7.61797">
        <ele>1632.65388</ele>
      </trkpt>
      <trkpt lat="45.809918" lon="7.617844">
        <ele>1629.68596</ele>
      </trkpt>
      <trkpt lat="45.809871" lon="7.617653">
        <ele>1627.58613</ele>
      </trkpt>
      <trkpt lat="45.809857" lon="7.617494">
        <ele>1625.6</ele>
        <name>45.809857,7.617494</name>
        <extensions>
          <oa:Extension>
            <oa:mapZoom>19</oa:mapZoom>
          </oa:Extension>
        </extensions>
      </trkpt>
      <trkpt lat="45.809846" lon="7.617474">
        <ele>1625.0</ele>
      </trkpt>
      <trkpt lat="45.809813" lon="7.617519">
        <ele>1624.7</ele>
      </trkpt>
      <trkpt lat="45.8098" lon="7.617543">
        <ele>1624.7</ele>
      </trkpt>
      <trkpt lat="45.809783" lon="7.617492">
        <ele>1623.8</ele>
      </trkpt>
      <trkpt lat="45.809753" lon="7.617401">
        <ele>1622.4</ele>
      </trkpt>
      <trkpt lat="45.809736" lon="7.617363">
        <ele>1621.3</ele>
        <name>Parcheggio Comunale di Clos, La Magdeleine</name>
        <extensions>
          <oa:Extension>
            <oa:mapZoom>19</oa:mapZoom>
          </oa:Extension>
        </extensions>
      </trkpt>
      <trkpt lat="45.809718" lon="7.617325">
        <ele>1620.2</ele>
      </trkpt>
      <trkpt lat="45.809685" lon="7.617271">
        <ele>1617.7</ele>
      </trkpt>
      <trkpt lat="45.809682" lon="7.617244">
        <ele>1616.7</ele>
      </trkpt>
      <trkpt lat="45.8097" lon="7.617192">
        <ele>1615.3</ele>
      </trkpt>
      <trkpt lat="45.809664" lon="7.617203">
        <ele>1614.5</ele>
      </trkpt>
      <trkpt lat="45.809609" lon="7.617238">
        <ele>1614.5</ele>
      </trkpt>
      <trkpt lat="45.809558" lon="7.617251">
        <ele>1614.6</ele>
      </trkpt>
      <trkpt lat="45.809509" lon="7.617233">
        <ele>1614.1</ele>
      </trkpt>
      <trkpt lat="45.809517" lon="7.617204">
        <ele>1612.8</ele>
      </trkpt>
      <trkpt lat="45.809567" lon="7.617177">
        <ele>1611.6</ele>
      </trkpt>
      <trkpt lat="45.809503" lon="7.617157">
        <ele>1610.8</ele>
      </trkpt>
      <trkpt lat="45.809466" lon="7.617132">
        <ele>1609.8</ele>
      </trkpt>
      <trkpt lat="45.809517" lon="7.617105">
        <ele>1608.4</ele>
      </trkpt>
      <trkpt lat="45.809474" lon="7.616985">
        <ele>1603.2</ele>
      </trkpt>
      <trkpt lat="45.809415" lon="7.616931">
        <ele>1599.9</ele>
      </trkpt>
      <trkpt lat="45.809369" lon="7.616902">
        <ele>1598.2</ele>
      </trkpt>
      <trkpt lat="45.809387" lon="7.616818">
        <ele>1594.0</ele>
      </trkpt>
      <trkpt lat="45.809399" lon="7.616757">
        <ele>1591.7</ele>
      </trkpt>
      <trkpt lat="45.809398" lon="7.616712">
        <ele>1590.1</ele>
      </trkpt>
      <trkpt lat="45.809417" lon="7.616673">
        <ele>1589.3</ele>
      </trkpt>
      <trkpt lat="45.80943" lon="7.616642">
        <ele>1588.9</ele>
      </trkpt>
      <trkpt lat="45.809394" lon="7.616646">
        <ele>1588.0</ele>
      </trkpt>
      <trkpt lat="45.809367" lon="7.616661">
        <ele>1588.0</ele>
      </trkpt>
      <trkpt lat="45.809386" lon="7.616609">
        <ele>1586.8</ele>
      </trkpt>
      <trkpt lat="45.809373" lon="7.616575">
        <ele>1585.7</ele>
      </trkpt>
      <trkpt lat="45.809355" lon="7.616521">
        <ele>1583.7</ele>
      </trkpt>
      <trkpt lat="45.809359" lon="7.616478">
        <ele>1582.6</ele>
      </trkpt>
      <trkpt lat="45.809512" lon="7.616322">
        <ele>1583.7</ele>
        <name>Strada Vicinale di Moulins, La Magdeleine</name>
        <extensions>
          <oa:Extension>
            <oa:mapZoom>17</oa:mapZoom>
          </oa:Extension>
        </extensions>
      </trkpt>
      <trkpt lat="45.809557" lon="7.616277">
        <ele>1584.1</ele>
      </trkpt>
      <trkpt lat="45.809665" lon="7.616201">
        <ele>1584.9</ele>
      </trkpt>
      <trkpt lat="45.809733" lon="7.616142">
        <ele>1585.5</ele>
      </trkpt>
      <trkpt lat="45.809782" lon="7.616076">
        <ele>1586.2</ele>
      </trkpt>
      <trkpt lat="45.809809" lon="7.615954">
        <ele>1586.9</ele>
      </trkpt>
      <trkpt lat="45.809837" lon="7.615796">
        <ele>1588.7</ele>
      </trkpt>
      <trkpt lat="45.80988" lon="7.615703">
        <ele>1590.8</ele>
      </trkpt>
      <trkpt lat="45.809952" lon="7.615598">
        <ele>1593.0</ele>
      </trkpt>
      <trkpt lat="45.810043" lon="7.615519">
        <ele>1594.4</ele>
      </trkpt>
      <trkpt lat="45.810133" lon="7.615479">
        <ele>1595.5</ele>
      </trkpt>
      <trkpt lat="45.810209" lon="7.61544">
        <ele>1596.4</ele>
      </trkpt>
      <trkpt lat="45.810224" lon="7.615373">
        <ele>1596.1</ele>
      </trkpt>
      <trkpt lat="45.810362" lon="7.615473">
        <ele>1598.6</ele>
      </trkpt>
      <trkpt lat="45.810403" lon="7.615499">
        <ele>1599.1</ele>
      </trkpt>
      <trkpt lat="45.810373" lon="7.615195">
        <ele>1598.2</ele>
      </trkpt>
      <trkpt lat="45.810306" lon="7.614664">
        <ele>1597.1</ele>
      </trkpt>
      <trkpt lat="45.810303" lon="7.614635">
        <ele>1597.0</ele>
        <name>Messelod, La Magdeleine</name>
        <extensions>
          <oa:Extension>
            <oa:mapZoom>17</oa:mapZoom>
          </oa:Extension>
        </extensions>
      </trkpt>
      <trkpt lat="45.81029" lon="7.614519">
        <ele>1596.7</ele>
      </trkpt>
      <trkpt lat="45.810283" lon="7.614353">
        <ele>1596.8</ele>
      </trkpt>
      <trkpt lat="45.810292" lon="7.614269">
        <ele>1597.2</ele>
      </trkpt>
      <trkpt lat="45.810309" lon="7.614215">
        <ele>1597.5</ele>
      </trkpt>
      <trkpt lat="45.810338" lon="7.614167">
        <ele>1597.8</ele>
      </trkpt>
      <trkpt lat="45.810371" lon="7.614123">
        <ele>1598.1</ele>
      </trkpt>
      <trkpt lat="45.810381" lon="7.614054">
        <ele>1598.1</ele>
      </trkpt>
      <trkpt lat="45.810392" lon="7.61389">
        <ele>1597.6</ele>
      </trkpt>
      <trkpt lat="45.810415" lon="7.613784">
        <ele>1596.8</ele>
      </trkpt>
      <trkpt lat="45.81042" lon="7.6137">
        <ele>1596.0</ele>
      </trkpt>
      <trkpt lat="45.810425" lon="7.613624">
        <ele>1595.3</ele>
      </trkpt>
      <trkpt lat="45.810456" lon="7.613515">
        <ele>1594.8</ele>
      </trkpt>
      <trkpt lat="45.810519" lon="7.613379">
        <ele>1593.1</ele>
      </trkpt>
      <trkpt lat="45.810555" lon="7.613328">
        <ele>1591.8</ele>
      </trkpt>
      <trkpt lat="45.810578" lon="7.613075">
        <ele>1586.6</ele>
      </trkpt>
      <trkpt lat="45.810608" lon="7.612904">
        <ele>1584.4</ele>
      </trkpt>
      <trkpt lat="45.810662" lon="7.612863">
        <ele>1584.3</ele>
      </trkpt>
      <trkpt lat="45.810856" lon="7.612902">
        <ele>1588.4</ele>
      </trkpt>
      <trkpt lat="45.811009" lon="7.612931">
        <ele>1588.6</ele>
      </trkpt>
      <trkpt lat="45.811118" lon="7.613007">
        <ele>1590.1</ele>
      </trkpt>
      <trkpt lat="45.811269" lon="7.612993">
        <ele>1589.3</ele>
      </trkpt>
      <trkpt lat="45.811443" lon="7.612957">
        <ele>1592.0</ele>
      </trkpt>
      <trkpt lat="45.811543" lon="7.612866">
        <ele>1592.3</ele>
      </trkpt>
      <trkpt lat="45.811576" lon="7.612743">
        <ele>1591.2</ele>
      </trkpt>
      <trkpt lat="45.811583" lon="7.612722">
        <ele>1591.2</ele>
      </trkpt>
      <trkpt lat="45.811649" lon="7.612526">
        <ele>1592.2</ele>
      </trkpt>
      <trkpt lat="45.811703" lon="7.612332">
        <ele>1593.4</ele>
      </trkpt>
      <trkpt lat="45.811758" lon="7.612124">
        <ele>1595.0</ele>
      </trkpt>
      <trkpt lat="45.811844" lon="7.611995">
        <ele>1596.1</ele>
      </trkpt>
      <trkpt lat="45.811928" lon="7.61186">
        <ele>1595.7</ele>
      </trkpt>
      <trkpt lat="45.811915" lon="7.611642">
        <ele>1594.6</ele>
      </trkpt>
      <trkpt lat="45.811905" lon="7.611524">
        <ele>1596.0</ele>
      </trkpt>
      <trkpt lat="45.811877" lon="7.611358">
        <ele>1599.8</ele>
      </trkpt>
      <trkpt lat="45.81193" lon="7.61117">
        <ele>1604.0</ele>
      </trkpt>
      <trkpt lat="45.812023" lon="7.610986">
        <ele>1609.9</ele>
      </trkpt>
      <trkpt lat="45.812074" lon="7.610747">
        <ele>1615.0</ele>
      </trkpt>
      <trkpt lat="45.812086" lon="7.610517">
        <ele>1620.6</ele>
      </trkpt>
      <trkpt lat="45.812075" lon="7.610216">
        <ele>1623.1</ele>
      </trkpt>
      <trkpt lat="45.81208" lon="7.610026">
        <ele>1625.2</ele>
      </trkpt>
      <trkpt lat="45.812128" lon="7.609895">
        <ele>1626.5</ele>
      </trkpt>
      <trkpt lat="45.812161" lon="7.609719">
        <ele>1627.8</ele>
      </trkpt>
      <trkpt lat="45.812119" lon="7.60953">
        <ele>1630.2</ele>
      </trkpt>
      <trkpt lat="45.812045" lon="7.609311">
        <ele>1628.6</ele>
      </trkpt>
      <trkpt lat="45.812058" lon="7.609149">
        <ele>1630.4</ele>
      </trkpt>
      <trkpt lat="45.812073" lon="7.608921">
        <ele>1631.0</ele>
      </trkpt>
      <trkpt lat="45.811944" lon="7.608499">
        <ele>1630.8</ele>
      </trkpt>
      <trkpt lat="45.811948" lon="7.608374">
        <ele>1633.1</ele>
      </trkpt>
      <trkpt lat="45.811921" lon="7.608236">
        <ele>1632.4</ele>
      </trkpt>
      <trkpt lat="45.811944" lon="7.608007">
        <ele>1635.1</ele>
      </trkpt>
      <trkpt lat="45.811968" lon="7.607789">
        <ele>1636.7</ele>
      </trkpt>
      <trkpt lat="45.811908" lon="7.607445">
        <ele>1636.2</ele>
      </trkpt>
      <trkpt lat="45.811917" lon="7.607371">
        <ele>1636.9</ele>
      </trkpt>
      <trkpt lat="45.811912" lon="7.607271">
        <ele>1636.6</ele>
      </trkpt>
      <trkpt lat="45.811946" lon="7.607207">
        <ele>1638.3</ele>
      </trkpt>
      <trkpt lat="45.811956" lon="7.606862">
        <ele>1637.8</ele>
      </trkpt>
      <trkpt lat="45.812044" lon="7.6065">
        <ele>1638.7</ele>
      </trkpt>
      <trkpt lat="45.811993" lon="7.606365">
        <ele>1635.8</ele>
      </trkpt>
      <trkpt lat="45.81197" lon="7.606146">
        <ele>1636.5</ele>
      </trkpt>
      <trkpt lat="45.811981" lon="7.605933">
        <ele>1638.5</ele>
      </trkpt>
      <trkpt lat="45.812027" lon="7.605668">
        <ele>1639.4</ele>
      </trkpt>
      <trkpt lat="45.812099" lon="7.605466">
        <ele>1643.4</ele>
      </trkpt>
      <trkpt lat="45.812133" lon="7.605351">
        <ele>1645.0</ele>
        <name>45.812133,7.605351</name>
        <extensions>
          <oa:Extension>
            <oa:mapZoom>18</oa:mapZoom>
          </oa:Extension>
        </extensions>
      </trkpt>
      <trkpt lat="45.812597" lon="7.603097">
        <ele>1672.44821</ele>
      </trkpt>
      <trkpt lat="45.813643" lon="7.603033">
        <ele>1678.82476</ele>
      </trkpt>
      <trkpt lat="45.81432" lon="7.603102">
        <ele>1682.06933</ele>
      </trkpt>
      <trkpt lat="45.81487" lon="7.60343">
        <ele>1689.30277</ele>
      </trkpt>
      <trkpt lat="45.815297" lon="7.603577">
        <ele>1693.6</ele>
        <name>45.815297,7.603577</name>
        <extensions>
          <oa:Extension>
            <oa:mapZoom>17</oa:mapZoom>
          </oa:Extension>
        </extensions>
      </trkpt>
      <trkpt lat="45.815518" lon="7.603674">
        <ele>1695.6</ele>
      </trkpt>
      <trkpt lat="45.815626" lon="7.603747">
        <ele>1697.6</ele>
      </trkpt>
      <trkpt lat="45.815848" lon="7.603885">
        <ele>1700.3</ele>
      </trkpt>
      <trkpt lat="45.815958" lon="7.603869">
        <ele>1700.1</ele>
      </trkpt>
      <trkpt lat="45.816189" lon="7.603858">
        <ele>1700.8</ele>
      </trkpt>
      <trkpt lat="45.816316" lon="7.603812">
        <ele>1701.8</ele>
      </trkpt>
      <trkpt lat="45.816464" lon="7.603746">
        <ele>1703.7</ele>
      </trkpt>
      <trkpt lat="45.816544" lon="7.603737">
        <ele>1705.1</ele>
      </trkpt>
      <trkpt lat="45.816694" lon="7.603739">
        <ele>1708.0</ele>
      </trkpt>
      <trkpt lat="45.816869" lon="7.60378">
        <ele>1712.0</ele>
      </trkpt>
      <trkpt lat="45.816991" lon="7.603795">
        <ele>1714.2</ele>
      </trkpt>
      <trkpt lat="45.817104" lon="7.603852">
        <ele>1716.6</ele>
      </trkpt>
      <trkpt lat="45.817271" lon="7.603926">
        <ele>1718.5</ele>
      </trkpt>
      <trkpt lat="45.817424" lon="7.603982">
        <ele>1719.4</ele>
      </trkpt>
      <trkpt lat="45.817575" lon="7.604056">
        <ele>1721.2</ele>
      </trkpt>
      <trkpt lat="45.817689" lon="7.604133">
        <ele>1723.6</ele>
      </trkpt>
      <trkpt lat="45.817766" lon="7.60419">
        <ele>1725.6</ele>
      </trkpt>
      <trkpt lat="45.817847" lon="7.604258">
        <ele>1728.4</ele>
      </trkpt>
      <trkpt lat="45.817896" lon="7.604321">
        <ele>1730.2</ele>
      </trkpt>
      <trkpt lat="45.817906" lon="7.604394">
        <ele>1732.1</ele>
      </trkpt>
      <trkpt lat="45.81788" lon="7.60447">
        <ele>1734.8</ele>
      </trkpt>
      <trkpt lat="45.817844" lon="7.604547">
        <ele>1737.8</ele>
      </trkpt>
      <trkpt lat="45.817967" lon="7.604574">
        <ele>1737.5</ele>
      </trkpt>
      <trkpt lat="45.81826" lon="7.604666">
        <ele>1738.5</ele>
      </trkpt>
      <trkpt lat="45.818464" lon="7.604736">
        <ele>1742.3</ele>
      </trkpt>
      <trkpt lat="45.818513" lon="7.604746">
        <ele>1744.1</ele>
      </trkpt>
      <trkpt lat="45.818616" lon="7.604714">
        <ele>1746.6</ele>
      </trkpt>
      <trkpt lat="45.818698" lon="7.604693">
        <ele>1749.0</ele>
      </trkpt>
      <trkpt lat="45.818967" lon="7.604608">
        <ele>1756.5</ele>
      </trkpt>
      <trkpt lat="45.819198" lon="7.604489">
        <ele>1761.2</ele>
      </trkpt>
      <trkpt lat="45.81939" lon="7.604403">
        <ele>1765.4</ele>
      </trkpt>
      <trkpt lat="45.819514" lon="7.604304">
        <ele>1768.7</ele>
      </trkpt>
      <trkpt lat="45.819691" lon="7.604287">
        <ele>1772.1</ele>
      </trkpt>
      <trkpt lat="45.819827" lon="7.604365">
        <ele>1773.2</ele>
      </trkpt>
      <trkpt lat="45.819852" lon="7.604484">
        <ele>1776.1</ele>
      </trkpt>
      <trkpt lat="45.819888" lon="7.604504">
        <ele>1776.3</ele>
      </trkpt>
      <trkpt lat="45.819968" lon="7.604557">
        <ele>1776.5</ele>
      </trkpt>
      <trkpt lat="45.820001" lon="7.604673">
        <ele>1778.6</ele>
      </trkpt>
      <trkpt lat="45.820185" lon="7.604842">
        <ele>1778.5</ele>
      </trkpt>
      <trkpt lat="45.820307" lon="7.605073">
        <ele>1781.3</ele>
      </trkpt>
      <trkpt lat="45.820383" lon="7.605234">
        <ele>1783.0</ele>
      </trkpt>
      <trkpt lat="45.820589" lon="7.60555">
        <ele>1782.1</ele>
      </trkpt>
      <trkpt lat="45.820694" lon="7.605907">
        <ele>1784.2</ele>
      </trkpt>
      <trkpt lat="45.820799" lon="7.606264">
        <ele>1784.0</ele>
      </trkpt>
      <trkpt lat="45.820879" lon="7.606537">
        <ele>1784.1</ele>
      </trkpt>
      <trkpt lat="45.82106" lon="7.606907">
        <ele>1782.7</ele>
      </trkpt>
      <trkpt lat="45.821221" lon="7.607102">
        <ele>1782.6</ele>
      </trkpt>
      <trkpt lat="45.821408" lon="7.607179">
        <ele>1782.1</ele>
      </trkpt>
      <trkpt lat="45.821493" lon="7.607281">
        <ele>1782.5</ele>
      </trkpt>
      <trkpt lat="45.821553" lon="7.607464">
        <ele>1784.6</ele>
      </trkpt>
      <trkpt lat="45.821666" lon="7.607594">
        <ele>1783.3</ele>
      </trkpt>
      <trkpt lat="45.821753" lon="7.607708">
        <ele>1784.5</ele>
      </trkpt>
      <trkpt lat="45.821984" lon="7.607614">
        <ele>1777.8</ele>
      </trkpt>
      <trkpt lat="45.822098" lon="7.607695">
        <ele>1781.4</ele>
        <name>45.822100,7.607689</name>
        <extensions>
          <oa:Extension>
            <oa:mapZoom>15</oa:mapZoom>
          </oa:Extension>
        </extensions>
      </trkpt>
      <trkpt lat="45.822158" lon="7.607738">
        <ele>1783.3</ele>
      </trkpt>
      <trkpt lat="45.82233" lon="7.607882">
        <ele>1783.9</ele>
      </trkpt>
      <trkpt lat="45.822522" lon="7.607911">
        <ele>1779.2</ele>
      </trkpt>
      <trkpt lat="45.822575" lon="7.607988">
        <ele>1780.6</ele>
      </trkpt>
      <trkpt lat="45.822659" lon="7.608201">
        <ele>1786.8</ele>
      </trkpt>
      <trkpt lat="45.822807" lon="7.608098">
        <ele>1781.6</ele>
      </trkpt>
      <trkpt lat="45.822998" lon="7.608053">
        <ele>1784.8</ele>
      </trkpt>
      <trkpt lat="45.823099" lon="7.607921">
        <ele>1786.5</ele>
      </trkpt>
      <trkpt lat="45.823099" lon="7.607651">
        <ele>1783.0</ele>
      </trkpt>
      <trkpt lat="45.823133" lon="7.607476">
        <ele>1782.6</ele>
      </trkpt>
      <trkpt lat="45.823184" lon="7.607455">
        <ele>1783.5</ele>
      </trkpt>
      <trkpt lat="45.823346" lon="7.607615">
        <ele>1784.6</ele>
      </trkpt>
      <trkpt lat="45.82354" lon="7.607747">
        <ele>1783.8</ele>
      </trkpt>
      <trkpt lat="45.823671" lon="7.60791">
        <ele>1782.7</ele>
      </trkpt>
      <trkpt lat="45.823851" lon="7.608297">
        <ele>1788.0</ele>
      </trkpt>
      <trkpt lat="45.823962" lon="7.608358">
        <ele>1786.4</ele>
      </trkpt>
      <trkpt lat="45.824188" lon="7.60835">
        <ele>1785.7</ele>
      </trkpt>
      <trkpt lat="45.824375" lon="7.608376">
        <ele>1782.9</ele>
      </trkpt>
      <trkpt lat="45.82446" lon="7.608514">
        <ele>1786.2</ele>
      </trkpt>
      <trkpt lat="45.824606" lon="7.608872">
        <ele>1789.5</ele>
      </trkpt>
      <trkpt lat="45.82478" lon="7.609082">
        <ele>1788.0</ele>
      </trkpt>
      <trkpt lat="45.824997" lon="7.609201">
        <ele>1787.1</ele>
      </trkpt>
      <trkpt lat="45.825154" lon="7.609167">
        <ele>1784.0</ele>
      </trkpt>
      <trkpt lat="45.825392" lon="7.609091">
        <ele>1783.9</ele>
      </trkpt>
      <trkpt lat="45.825505" lon="7.609086">
        <ele>1782.9</ele>
      </trkpt>
      <trkpt lat="45.825625" lon="7.609182">
        <ele>1786.2</ele>
      </trkpt>
      <trkpt lat="45.825754" lon="7.609199">
        <ele>1782.4</ele>
      </trkpt>
      <trkpt lat="45.825894" lon="7.609382">
        <ele>1784.0</ele>
      </trkpt>
      <trkpt lat="45.826061" lon="7.609518">
        <ele>1785.5</ele>
      </trkpt>
      <trkpt lat="45.826277" lon="7.60963">
        <ele>1784.2</ele>
      </trkpt>
      <trkpt lat="45.826417" lon="7.609738">
        <ele>1786.6</ele>
      </trkpt>
      <trkpt lat="45.826612" lon="7.609916">
        <ele>1788.7</ele>
      </trkpt>
      <trkpt lat="45.826806" lon="7.610093">
        <ele>1792.8</ele>
      </trkpt>
      <trkpt lat="45.826828" lon="7.610159">
        <ele>1792.9</ele>
      </trkpt>
      <trkpt lat="45.826845" lon="7.610437">
        <ele>1794.5</ele>
      </trkpt>
      <trkpt lat="45.826866" lon="7.610684">
        <ele>1794.4</ele>
      </trkpt>
      <trkpt lat="45.826804" lon="7.610925">
        <ele>1796.4</ele>
      </trkpt>
      <trkpt lat="45.826829" lon="7.611304">
        <ele>1796.8</ele>
      </trkpt>
      <trkpt lat="45.826922" lon="7.611406">
        <ele>1795.1</ele>
      </trkpt>
      <trkpt lat="45.827066" lon="7.611717">
        <ele>1794.6</ele>
      </trkpt>
      <trkpt lat="45.827146" lon="7.611882">
        <ele>1794.4</ele>
      </trkpt>
      <trkpt lat="45.827215" lon="7.612228">
        <ele>1795.6</ele>
      </trkpt>
      <trkpt lat="45.827224" lon="7.612537">
        <ele>1798.5</ele>
      </trkpt>
      <trkpt lat="45.827289" lon="7.612854">
        <ele>1799.0</ele>
      </trkpt>
      <trkpt lat="45.827354" lon="7.61317">
        <ele>1801.4</ele>
      </trkpt>
      <trkpt lat="45.827403" lon="7.61341">
        <ele>1803.6</ele>
      </trkpt>
      <trkpt lat="45.827476" lon="7.61365">
        <ele>1805.2</ele>
      </trkpt>
      <trkpt lat="45.827495" lon="7.613918">
        <ele>1807.0</ele>
      </trkpt>
      <trkpt lat="45.8275" lon="7.614297">
        <ele>1807.5</ele>
      </trkpt>
      <trkpt lat="45.827489" lon="7.614472">
        <ele>1808.1</ele>
      </trkpt>
      <trkpt lat="45.827497" lon="7.614926">
        <ele>1808.2</ele>
      </trkpt>
      <trkpt lat="45.827533" lon="7.61524">
        <ele>1808.7</ele>
      </trkpt>
      <trkpt lat="45.82753" lon="7.615517">
        <ele>1808.3</ele>
      </trkpt>
      <trkpt lat="45.827565" lon="7.615851">
        <ele>1807.2</ele>
      </trkpt>
      <trkpt lat="45.827536" lon="7.616296">
        <ele>1807.7</ele>
      </trkpt>
      <trkpt lat="45.827475" lon="7.616608">
        <ele>1807.9</ele>
      </trkpt>
      <trkpt lat="45.827424" lon="7.617028">
        <ele>1809.1</ele>
      </trkpt>
      <trkpt lat="45.827354" lon="7.617337">
        <ele>1808.8</ele>
      </trkpt>
      <trkpt lat="45.827212" lon="7.617796">
        <ele>1810.3</ele>
      </trkpt>
      <trkpt lat="45.827165" lon="7.618093">
        <ele>1808.2</ele>
      </trkpt>
      <trkpt lat="45.82709" lon="7.618448">
        <ele>1807.7</ele>
      </trkpt>
      <trkpt lat="45.827085" lon="7.618845">
        <ele>1805.4</ele>
      </trkpt>
      <trkpt lat="45.827162" lon="7.619198">
        <ele>1802.8</ele>
      </trkpt>
      <trkpt lat="45.827229" lon="7.619498">
        <ele>1800.5</ele>
      </trkpt>
      <trkpt lat="45.827261" lon="7.619714">
        <ele>1798.7</ele>
      </trkpt>
      <trkpt lat="45.827293" lon="7.619916">
        <ele>1797.5</ele>
      </trkpt>
      <trkpt lat="45.827328" lon="7.620147">
        <ele>1797.7</ele>
      </trkpt>
      <trkpt lat="45.827428" lon="7.620309">
        <ele>1793.3</ele>
      </trkpt>
      <trkpt lat="45.827443" lon="7.620348">
        <ele>1792.6</ele>
      </trkpt>
      <trkpt lat="45.827471" lon="7.620403">
        <ele>1792.1</ele>
      </trkpt>
      <trkpt lat="45.827501" lon="7.620443">
        <ele>1792.6</ele>
      </trkpt>
      <trkpt lat="45.827538" lon="7.620444">
        <ele>1792.7</ele>
      </trkpt>
      <trkpt lat="45.827645" lon="7.620389">
        <ele>1791.9</ele>
      </trkpt>
      <trkpt lat="45.827764" lon="7.620324">
        <ele>1792.2</ele>
      </trkpt>
      <trkpt lat="45.827854" lon="7.620285">
        <ele>1790.7</ele>
      </trkpt>
      <trkpt lat="45.82793" lon="7.620315">
        <ele>1790.3</ele>
      </trkpt>
      <trkpt lat="45.828078" lon="7.620511">
        <ele>1789.4</ele>
      </trkpt>
      <trkpt lat="45.828222" lon="7.620612">
        <ele>1787.9</ele>
      </trkpt>
      <trkpt lat="45.828371" lon="7.62069">
        <ele>1788.2</ele>
      </trkpt>
      <trkpt lat="45.828491" lon="7.620746">
        <ele>1788.3</ele>
      </trkpt>
      <trkpt lat="45.828573" lon="7.620784">
        <ele>1788.0</ele>
      </trkpt>
      <trkpt lat="45.828664" lon="7.620837">
        <ele>1788.9</ele>
      </trkpt>
      <trkpt lat="45.828724" lon="7.620852">
        <ele>1789.3</ele>
      </trkpt>
      <trkpt lat="45.828911" lon="7.620932">
        <ele>1789.5</ele>
      </trkpt>
      <trkpt lat="45.829153" lon="7.621018">
        <ele>1789.4</ele>
      </trkpt>
      <trkpt lat="45.829306" lon="7.621081">
        <ele>1789.3</ele>
      </trkpt>
      <trkpt lat="45.829443" lon="7.621102">
        <ele>1789.4</ele>
      </trkpt>
      <trkpt lat="45.829544" lon="7.621099">
        <ele>1791.2</ele>
      </trkpt>
      <trkpt lat="45.829609" lon="7.621069">
        <ele>1792.5</ele>
      </trkpt>
      <trkpt lat="45.829718" lon="7.620959">
        <ele>1793.6</ele>
      </trkpt>
      <trkpt lat="45.82983" lon="7.620793">
        <ele>1793.8</ele>
      </trkpt>
      <trkpt lat="45.829953" lon="7.620636">
        <ele>1793.5</ele>
      </trkpt>
      <trkpt lat="45.830002" lon="7.620589">
        <ele>1793.2</ele>
      </trkpt>
      <trkpt lat="45.830068" lon="7.620544">
        <ele>1793.7</ele>
      </trkpt>
      <trkpt lat="45.830158" lon="7.620484">
        <ele>1794.8</ele>
      </trkpt>
      <trkpt lat="45.830245" lon="7.620364">
        <ele>1793.5</ele>
      </trkpt>
      <trkpt lat="45.830362" lon="7.620195">
        <ele>1795.1</ele>
      </trkpt>
      <trkpt lat="45.830468" lon="7.620038">
        <ele>1794.8</ele>
      </trkpt>
      <trkpt lat="45.830566" lon="7.619908">
        <ele>1793.9</ele>
      </trkpt>
      <trkpt lat="45.830625" lon="7.619857">
        <ele>1793.2</ele>
      </trkpt>
      <trkpt lat="45.830705" lon="7.619824">
        <ele>1793.7</ele>
      </trkpt>
      <trkpt lat="45.8308" lon="7.619784">
        <ele>1794.3</ele>
      </trkpt>
      <trkpt lat="45.830911" lon="7.619761">
        <ele>1794.8</ele>
      </trkpt>
      <trkpt lat="45.830992" lon="7.619762">
        <ele>1795.2</ele>
      </trkpt>
      <trkpt lat="45.831111" lon="7.619787">
        <ele>1796.6</ele>
      </trkpt>
      <trkpt lat="45.831242" lon="7.619832">
        <ele>1796.7</ele>
      </trkpt>
      <trkpt lat="45.831324" lon="7.619842">
        <ele>1795.0</ele>
      </trkpt>
      <trkpt lat="45.83146" lon="7.619832">
        <ele>1792.5</ele>
      </trkpt>
      <trkpt lat="45.831604" lon="7.619792">
        <ele>1792.5</ele>
      </trkpt>
      <trkpt lat="45.831719" lon="7.619719">
        <ele>1792.7</ele>
      </trkpt>
      <trkpt lat="45.83177" lon="7.619657">
        <ele>1792.5</ele>
      </trkpt>
      <trkpt lat="45.831845" lon="7.619555">
        <ele>1792.4</ele>
      </trkpt>
      <trkpt lat="45.831928" lon="7.619365">
        <ele>1792.4</ele>
      </trkpt>
      <trkpt lat="45.831965" lon="7.619261">
        <ele>1792.3</ele>
      </trkpt>
      <trkpt lat="45.832023" lon="7.619147">
        <ele>1792.3</ele>
      </trkpt>
      <trkpt lat="45.832105" lon="7.619052">
        <ele>1792.4</ele>
      </trkpt>
      <trkpt lat="45.832179" lon="7.618994">
        <ele>1792.3</ele>
      </trkpt>
      <trkpt lat="45.832282" lon="7.618936">
        <ele>1792.1</ele>
      </trkpt>
      <trkpt lat="45.832382" lon="7.618901">
        <ele>1792.0</ele>
      </trkpt>
      <trkpt lat="45.832504" lon="7.618901">
        <ele>1792.6</ele>
      </trkpt>
      <trkpt lat="45.832615" lon="7.618928">
        <ele>1791.7</ele>
      </trkpt>
      <trkpt lat="45.832759" lon="7.619017">
        <ele>1791.4</ele>
      </trkpt>
      <trkpt lat="45.832887" lon="7.619136">
        <ele>1791.9</ele>
      </trkpt>
      <trkpt lat="45.833127" lon="7.619254">
        <ele>1792.0</ele>
      </trkpt>
      <trkpt lat="45.833294" lon="7.6194">
        <ele>1791.8</ele>
      </trkpt>
      <trkpt lat="45.83355" lon="7.619664">
        <ele>1792.5</ele>
      </trkpt>
      <trkpt lat="45.833741" lon="7.619895">
        <ele>1791.7</ele>
      </trkpt>
      <trkpt lat="45.833891" lon="7.620038">
        <ele>1791.6</ele>
      </trkpt>
      <trkpt lat="45.834055" lon="7.620309">
        <ele>1792.7</ele>
      </trkpt>
      <trkpt lat="45.834266" lon="7.620631">
        <ele>1793.3</ele>
      </trkpt>
      <trkpt lat="45.83439" lon="7.62081">
        <ele>1793.5</ele>
      </trkpt>
      <trkpt lat="45.834435" lon="7.620863">
        <ele>1793.5</ele>
      </trkpt>
      <trkpt lat="45.834524" lon="7.620941">
        <ele>1793.0</ele>
      </trkpt>
      <trkpt lat="45.834641" lon="7.621022">
        <ele>1793.0</ele>
      </trkpt>
      <trkpt lat="45.834733" lon="7.621165">
        <ele>1793.0</ele>
      </trkpt>
      <trkpt lat="45.834833" lon="7.621325">
        <ele>1793.5</ele>
      </trkpt>
      <trkpt lat="45.834939" lon="7.621395">
        <ele>1794.0</ele>
      </trkpt>
      <trkpt lat="45.835088" lon="7.621423">
        <ele>1794.1</ele>
      </trkpt>
      <trkpt lat="45.835224" lon="7.621447">
        <ele>1793.8</ele>
      </trkpt>
      <trkpt lat="45.835305" lon="7.621464">
        <ele>1793.5</ele>
      </trkpt>
      <trkpt lat="45.835362" lon="7.621507">
        <ele>1793.8</ele>
      </trkpt>
      <trkpt lat="45.835424" lon="7.621559">
        <ele>1793.5</ele>
      </trkpt>
      <trkpt lat="45.835498" lon="7.621649">
        <ele>1792.9</ele>
      </trkpt>
      <trkpt lat="45.835547" lon="7.621739">
        <ele>1793.3</ele>
      </trkpt>
      <trkpt lat="45.835604" lon="7.621816">
        <ele>1793.7</ele>
      </trkpt>
      <trkpt lat="45.835684" lon="7.621898">
        <ele>1793.9</ele>
      </trkpt>
      <trkpt lat="45.835748" lon="7.62194">
        <ele>1793.7</ele>
      </trkpt>
      <trkpt lat="45.835832" lon="7.622006">
        <ele>1793.1</ele>
      </trkpt>
      <trkpt lat="45.835897" lon="7.622083">
        <ele>1793.1</ele>
      </trkpt>
      <trkpt lat="45.83598" lon="7.622168">
        <ele>1793.0</ele>
      </trkpt>
      <trkpt lat="45.836039" lon="7.622221">
        <ele>1793.3</ele>
      </trkpt>
      <trkpt lat="45.8361" lon="7.62226">
        <ele>1793.6</ele>
      </trkpt>
      <trkpt lat="45.836166" lon="7.622286">
        <ele>1793.9</ele>
      </trkpt>
      <trkpt lat="45.836355" lon="7.622306">
        <ele>1793.5</ele>
      </trkpt>
      <trkpt lat="45.836453" lon="7.622348">
        <ele>1793.0</ele>
      </trkpt>
      <trkpt lat="45.836537" lon="7.622482">
        <ele>1795.2</ele>
      </trkpt>
      <trkpt lat="45.836648" lon="7.622566">
        <ele>1797.1</ele>
      </trkpt>
      <trkpt lat="45.836768" lon="7.622594">
        <ele>1796.4</ele>
      </trkpt>
      <trkpt lat="45.836883" lon="7.62271">
        <ele>1797.3</ele>
      </trkpt>
      <trkpt lat="45.836946" lon="7.622809">
        <ele>1798.7</ele>
      </trkpt>
      <trkpt lat="45.837" lon="7.622908">
        <ele>1799.3</ele>
      </trkpt>
      <trkpt lat="45.837047" lon="7.623091">
        <ele>1799.8</ele>
      </trkpt>
      <trkpt lat="45.837057" lon="7.623216">
        <ele>1800.7</ele>
      </trkpt>
      <trkpt lat="45.837067" lon="7.623385">
        <ele>1802.1</ele>
      </trkpt>
      <trkpt lat="45.837085" lon="7.623564">
        <ele>1803.4</ele>
      </trkpt>
      <trkpt lat="45.837096" lon="7.623732">
        <ele>1804.9</ele>
      </trkpt>
      <trkpt lat="45.837137" lon="7.623769">
        <ele>1803.9</ele>
      </trkpt>
      <trkpt lat="45.837267" lon="7.623764">
        <ele>1802.0</ele>
      </trkpt>
      <trkpt lat="45.837342" lon="7.623756">
        <ele>1802.6</ele>
      </trkpt>
      <trkpt lat="45.837369" lon="7.623681">
        <ele>1802.9</ele>
      </trkpt>
      <trkpt lat="45.837442" lon="7.623553">
        <ele>1803.5</ele>
      </trkpt>
      <trkpt lat="45.837561" lon="7.623433">
        <ele>1804.7</ele>
      </trkpt>
      <trkpt lat="45.837723" lon="7.623271">
        <ele>1805.4</ele>
      </trkpt>
      <trkpt lat="45.837823" lon="7.623144">
        <ele>1805.9</ele>
      </trkpt>
      <trkpt lat="45.837997" lon="7.622897">
        <ele>1806.3</ele>
      </trkpt>
      <trkpt lat="45.838028" lon="7.62286">
        <ele>1806.7</ele>
      </trkpt>
      <trkpt lat="45.838115" lon="7.62271">
        <ele>1808.4</ele>
      </trkpt>
      <trkpt lat="45.838163" lon="7.622571">
        <ele>1809.0</ele>
      </trkpt>
      <trkpt lat="45.838168" lon="7.622546">
        <ele>1809.0</ele>
      </trkpt>
      <trkpt lat="45.838198" lon="7.622444">
        <ele>1809.5</ele>
      </trkpt>
      <trkpt lat="45.838295" lon="7.622248">
        <ele>1811.2</ele>
      </trkpt>
      <trkpt lat="45.838419" lon="7.62206">
        <ele>1812.1</ele>
      </trkpt>
      <trkpt lat="45.838411" lon="7.621889">
        <ele>1810.3</ele>
      </trkpt>
      <trkpt lat="45.838394" lon="7.6216">
        <ele>1809.7</ele>
      </trkpt>
      <trkpt lat="45.838395" lon="7.62146">
        <ele>1810.1</ele>
      </trkpt>
      <trkpt lat="45.838391" lon="7.62133">
        <ele>1810.9</ele>
      </trkpt>
      <trkpt lat="45.838363" lon="7.621179">
        <ele>1811.0</ele>
      </trkpt>
      <trkpt lat="45.838357" lon="7.6211">
        <ele>1811.1</ele>
      </trkpt>
      <trkpt lat="45.838333" lon="7.620981">
        <ele>1810.9</ele>
      </trkpt>
      <trkpt lat="45.838303" lon="7.620855">
        <ele>1810.3</ele>
      </trkpt>
      <trkpt lat="45.838273" lon="7.620813">
        <ele>1809.5</ele>
      </trkpt>
      <trkpt lat="45.838244" lon="7.620747">
        <ele>1808.5</ele>
      </trkpt>
      <trkpt lat="45.838223" lon="7.620655">
        <ele>1808.2</ele>
      </trkpt>
      <trkpt lat="45.838168" lon="7.620529">
        <ele>1807.4</ele>
      </trkpt>
      <trkpt lat="45.838137" lon="7.620434">
        <ele>1807.2</ele>
      </trkpt>
      <trkpt lat="45.838106" lon="7.620344">
        <ele>1807.1</ele>
      </trkpt>
      <trkpt lat="45.838072" lon="7.620191">
        <ele>1807.7</ele>
      </trkpt>
      <trkpt lat="45.838067" lon="7.620105">
        <ele>1808.2</ele>
      </trkpt>
      <trkpt lat="45.838072" lon="7.620028">
        <ele>1808.9</ele>
      </trkpt>
      <trkpt lat="45.838073" lon="7.61996">
        <ele>1809.3</ele>
      </trkpt>
      <trkpt lat="45.838099" lon="7.619903">
        <ele>1809.9</ele>
      </trkpt>
      <trkpt lat="45.838203" lon="7.619856">
        <ele>1810.8</ele>
      </trkpt>
      <trkpt lat="45.838331" lon="7.619777">
        <ele>1812.3</ele>
      </trkpt>
      <trkpt lat="45.838417" lon="7.619988">
        <ele>1813.5</ele>
      </trkpt>
      <trkpt lat="45.838513" lon="7.620413">
        <ele>1817.4</ele>
      </trkpt>
      <trkpt lat="45.838555" lon="7.620528">
        <ele>1817.9</ele>
      </trkpt>
      <trkpt lat="45.838626" lon="7.620746">
        <ele>1820.0</ele>
      </trkpt>
      <trkpt lat="45.83867" lon="7.620902">
        <ele>1821.8</ele>
      </trkpt>
      <trkpt lat="45.838686" lon="7.620986">
        <ele>1822.1</ele>
      </trkpt>
      <trkpt lat="45.838836" lon="7.620867">
        <ele>1827.6</ele>
      </trkpt>
      <trkpt lat="45.838944" lon="7.621059">
        <ele>1830.6</ele>
      </trkpt>
      <trkpt lat="45.839024" lon="7.621205">
        <ele>1832.6</ele>
      </trkpt>
      <trkpt lat="45.839236" lon="7.621131">
        <ele>1841.1</ele>
      </trkpt>
      <trkpt lat="45.839269" lon="7.621099">
        <ele>1842.0</ele>
      </trkpt>
      <trkpt lat="45.839295" lon="7.62102">
        <ele>1843.1</ele>
      </trkpt>
      <trkpt lat="45.839308" lon="7.620973">
        <ele>1843.7</ele>
      </trkpt>
      <trkpt lat="45.839335" lon="7.620818">
        <ele>1845.2</ele>
      </trkpt>
      <trkpt lat="45.839354" lon="7.620592">
        <ele>1846.4</ele>
      </trkpt>
      <trkpt lat="45.839367" lon="7.620476">
        <ele>1847.0</ele>
      </trkpt>
      <trkpt lat="45.839381" lon="7.620372">
        <ele>1847.6</ele>
      </trkpt>
      <trkpt lat="45.839451" lon="7.62045">
        <ele>1850.0</ele>
      </trkpt>
      <trkpt lat="45.839609" lon="7.620671">
        <ele>1855.9</ele>
      </trkpt>
      <trkpt lat="45.839669" lon="7.620758">
        <ele>1857.6</ele>
      </trkpt>
      <trkpt lat="45.839714" lon="7.620809">
        <ele>1859.2</ele>
      </trkpt>
      <trkpt lat="45.839732" lon="7.620857">
        <ele>1860.0</ele>
      </trkpt>
      <trkpt lat="45.839771" lon="7.621001">
        <ele>1861.9</ele>
      </trkpt>
      <trkpt lat="45.839826" lon="7.62115">
        <ele>1863.7</ele>
      </trkpt>
      <trkpt lat="45.839961" lon="7.621202">
        <ele>1868.1</ele>
      </trkpt>
      <trkpt lat="45.840108" lon="7.621207">
        <ele>1871.9</ele>
      </trkpt>
      <trkpt lat="45.840174" lon="7.62114">
        <ele>1874.7</ele>
      </trkpt>
      <trkpt lat="45.840221" lon="7.621111">
        <ele>1876.3</ele>
      </trkpt>
      <trkpt lat="45.840249" lon="7.621057">
        <ele>1877.2</ele>
      </trkpt>
      <trkpt lat="45.840442" lon="7.620853">
        <ele>1881.6</ele>
      </trkpt>
      <trkpt lat="45.840615" lon="7.62066">
        <ele>1884.0</ele>
      </trkpt>
      <trkpt lat="45.840651" lon="7.62064">
        <ele>1884.9</ele>
      </trkpt>
      <trkpt lat="45.840717" lon="7.620718">
        <ele>1887.7</ele>
      </trkpt>
      <trkpt lat="45.840769" lon="7.620677">
        <ele>1889.3</ele>
      </trkpt>
      <trkpt lat="45.840844" lon="7.620705">
        <ele>1892.2</ele>
      </trkpt>
      <trkpt lat="45.84091" lon="7.620623">
        <ele>1894.8</ele>
      </trkpt>
      <trkpt lat="45.840958" lon="7.620677">
        <ele>1896.7</ele>
      </trkpt>
      <trkpt lat="45.841019" lon="7.620691">
        <ele>1899.1</ele>
      </trkpt>
      <trkpt lat="45.841212" lon="7.62063">
        <ele>1906.0</ele>
      </trkpt>
      <trkpt lat="45.841585" lon="7.620596">
        <ele>1913.2</ele>
      </trkpt>
      <trkpt lat="45.841834" lon="7.620569">
        <ele>1919.1</ele>
      </trkpt>
      <trkpt lat="45.841911" lon="7.620567">
        <ele>1921.0</ele>
      </trkpt>
      <trkpt lat="45.842081" lon="7.620441">
        <ele>1924.2</ele>
      </trkpt>
      <trkpt lat="45.842244" lon="7.62049">
        <ele>1929.5</ele>
      </trkpt>
      <trkpt lat="45.842331" lon="7.620559">
        <ele>1931.8</ele>
      </trkpt>
      <trkpt lat="45.842376" lon="7.620638">
        <ele>1933.3</ele>
      </trkpt>
      <trkpt lat="45.842492" lon="7.620787">
        <ele>1936.6</ele>
      </trkpt>
      <trkpt lat="45.842754" lon="7.62112">
        <ele>1946.2</ele>
      </trkpt>
      <trkpt lat="45.843004" lon="7.621593">
        <ele>1955.5</ele>
      </trkpt>
      <trkpt lat="45.842982" lon="7.621917">
        <ele>1962.1</ele>
      </trkpt>
      <trkpt lat="45.843045" lon="7.621987">
        <ele>1965.2</ele>
      </trkpt>
      <trkpt lat="45.843098" lon="7.622001">
        <ele>1967.4</ele>
      </trkpt>
      <trkpt lat="45.843215" lon="7.621908">
        <ele>1970.6</ele>
      </trkpt>
      <trkpt lat="45.843245" lon="7.622008">
        <ele>1974.6</ele>
      </trkpt>
      <trkpt lat="45.843226" lon="7.622109">
        <ele>1975.5</ele>
      </trkpt>
      <trkpt lat="45.843371" lon="7.622266">
        <ele>1983.9</ele>
      </trkpt>
      <trkpt lat="45.843415" lon="7.622256">
        <ele>1987.1</ele>
      </trkpt>
      <trkpt lat="45.84345" lon="7.622305">
        <ele>1988.3</ele>
      </trkpt>
      <trkpt lat="45.843536" lon="7.622509">
        <ele>1992.6</ele>
      </trkpt>
      <trkpt lat="45.843572" lon="7.622616">
        <ele>1995.4</ele>
      </trkpt>
      <trkpt lat="45.843575" lon="7.622733">
        <ele>1996.4</ele>
      </trkpt>
      <trkpt lat="45.843673" lon="7.622896">
        <ele>2002.0</ele>
      </trkpt>
      <trkpt lat="45.843814" lon="7.62308">
        <ele>2008.2</ele>
      </trkpt>
      <trkpt lat="45.843902" lon="7.623152">
        <ele>2010.5</ele>
      </trkpt>
      <trkpt lat="45.844125" lon="7.623143">
        <ele>2016.2</ele>
      </trkpt>
      <trkpt lat="45.844378" lon="7.623413">
        <ele>2018.6</ele>
      </trkpt>
      <trkpt lat="45.844558" lon="7.623397">
        <ele>2018.9</ele>
      </trkpt>
      <trkpt lat="45.84463" lon="7.623622">
        <ele>2020.3</ele>
      </trkpt>
      <trkpt lat="45.844664" lon="7.62386">
        <ele>2022.5</ele>
      </trkpt>
      <trkpt lat="45.84471" lon="7.624025">
        <ele>2023.3</ele>
      </trkpt>
      <trkpt lat="45.844716" lon="7.624133">
        <ele>2023.8</ele>
      </trkpt>
      <trkpt lat="45.844846" lon="7.624504">
        <ele>2029.2</ele>
      </trkpt>
      <trkpt lat="45.844923" lon="7.624526">
        <ele>2031.2</ele>
      </trkpt>
      <trkpt lat="45.845046" lon="7.624652">
        <ele>2035.6</ele>
      </trkpt>
      <trkpt lat="45.845134" lon="7.624852">
        <ele>2042.5</ele>
      </trkpt>
      <trkpt lat="45.845148" lon="7.624896">
        <ele>2044.0</ele>
      </trkpt>
      <trkpt lat="45.845202" lon="7.624891">
        <ele>2045.2</ele>
      </trkpt>
      <trkpt lat="45.845243" lon="7.624938">
        <ele>2047.3</ele>
      </trkpt>
      <trkpt lat="45.845296" lon="7.625">
        <ele>2049.8</ele>
      </trkpt>
      <trkpt lat="45.845308" lon="7.625076">
        <ele>2051.9</ele>
      </trkpt>
      <trkpt lat="45.845388" lon="7.625214">
        <ele>2055.7</ele>
      </trkpt>
      <trkpt lat="45.845516" lon="7.625316">
        <ele>2059.3</ele>
      </trkpt>
      <trkpt lat="45.84571" lon="7.625394">
        <ele>2062.8</ele>
      </trkpt>
      <trkpt lat="45.845813" lon="7.625417">
        <ele>2063.3</ele>
      </trkpt>
      <trkpt lat="45.845889" lon="7.625492">
        <ele>2065.6</ele>
      </trkpt>
      <trkpt lat="45.845986" lon="7.625595">
        <ele>2068.3</ele>
      </trkpt>
      <trkpt lat="45.846217" lon="7.625778">
        <ele>2074.5</ele>
      </trkpt>
      <trkpt lat="45.846435" lon="7.625852">
        <ele>2080.7</ele>
      </trkpt>
      <trkpt lat="45.846472" lon="7.625984">
        <ele>2083.2</ele>
      </trkpt>
      <trkpt lat="45.846619" lon="7.626055">
        <ele>2087.5</ele>
      </trkpt>
      <trkpt lat="45.846871" lon="7.62624">
        <ele>2095.7</ele>
      </trkpt>
      <trkpt lat="45.847167" lon="7.626332">
        <ele>2105.9</ele>
        <name>45.847167,7.626332</name>
        <extensions>
          <oa:Extension>
            <oa:mapZoom>14</oa:mapZoom>
          </oa:Extension>
        </extensions>
      </trkpt>
      <trkpt lat="45.847204" lon="7.626344">
        <ele>2107.1</ele>
      </trkpt>
      <trkpt lat="45.847416" lon="7.626443">
        <ele>2114.5</ele>
      </trkpt>
      <trkpt lat="45.847718" lon="7.626622">
        <ele>2125.5</ele>
      </trkpt>
      <trkpt lat="45.847909" lon="7.626743">
        <ele>2132.2</ele>
      </trkpt>
      <trkpt lat="45.848121" lon="7.626877">
        <ele>2139.7</ele>
      </trkpt>
      <trkpt lat="45.848344" lon="7.626989">
        <ele>2146.9</ele>
      </trkpt>
      <trkpt lat="45.848693" lon="7.627077">
        <ele>2156.6</ele>
      </trkpt>
      <trkpt lat="45.848821" lon="7.627256">
        <ele>2163.3</ele>
      </trkpt>
      <trkpt lat="45.848976" lon="7.627392">
        <ele>2170.5</ele>
      </trkpt>
      <trkpt lat="45.849078" lon="7.627701">
        <ele>2178.3</ele>
      </trkpt>
      <trkpt lat="45.849174" lon="7.627834">
        <ele>2180.3</ele>
      </trkpt>
      <trkpt lat="45.849237" lon="7.627988">
        <ele>2182.1</ele>
      </trkpt>
      <trkpt lat="45.849422" lon="7.628129">
        <ele>2188.4</ele>
      </trkpt>
      <trkpt lat="45.84955" lon="7.628243">
        <ele>2196.0</ele>
      </trkpt>
      <trkpt lat="45.849732" lon="7.628433">
        <ele>2202.6</ele>
      </trkpt>
      <trkpt lat="45.849777" lon="7.628498">
        <ele>2203.9</ele>
      </trkpt>
      <trkpt lat="45.849966" lon="7.628476">
        <ele>2207.0</ele>
      </trkpt>
      <trkpt lat="45.850041" lon="7.628476">
        <ele>2208.8</ele>
      </trkpt>
      <trkpt lat="45.850219" lon="7.628428">
        <ele>2211.1</ele>
      </trkpt>
      <trkpt lat="45.850359" lon="7.628428">
        <ele>2212.8</ele>
      </trkpt>
      <trkpt lat="45.85048" lon="7.62839">
        <ele>2213.4</ele>
      </trkpt>
      <trkpt lat="45.850702" lon="7.628369">
        <ele>2214.8</ele>
      </trkpt>
      <trkpt lat="45.85077" lon="7.628318">
        <ele>2215.5</ele>
      </trkpt>
      <trkpt lat="45.850812" lon="7.628151">
        <ele>2217.4</ele>
      </trkpt>
      <trkpt lat="45.85091" lon="7.628026">
        <ele>2220.2</ele>
      </trkpt>
      <trkpt lat="45.851012" lon="7.627999">
        <ele>2222.8</ele>
      </trkpt>
      <trkpt lat="45.851043" lon="7.62795">
        <ele>2222.9</ele>
      </trkpt>
      <trkpt lat="45.851146" lon="7.627955">
        <ele>2226.1</ele>
      </trkpt>
      <trkpt lat="45.851265" lon="7.627907">
        <ele>2229.0</ele>
      </trkpt>
      <trkpt lat="45.851348" lon="7.627896">
        <ele>2229.8</ele>
      </trkpt>
      <trkpt lat="45.851412" lon="7.627914">
        <ele>2229.7</ele>
      </trkpt>
      <trkpt lat="45.851451" lon="7.627978">
        <ele>2230.6</ele>
      </trkpt>
      <trkpt lat="45.85156" lon="7.628026">
        <ele>2232.8</ele>
      </trkpt>
      <trkpt lat="45.851635" lon="7.628063">
        <ele>2234.5</ele>
      </trkpt>
      <trkpt lat="45.851705" lon="7.628068">
        <ele>2235.7</ele>
      </trkpt>
      <trkpt lat="45.851747" lon="7.628008">
        <ele>2235.9</ele>
      </trkpt>
      <trkpt lat="45.851765" lon="7.627943">
        <ele>2235.7</ele>
      </trkpt>
      <trkpt lat="45.851777" lon="7.627869">
        <ele>2235.7</ele>
      </trkpt>
      <trkpt lat="45.851775" lon="7.627795">
        <ele>2236.5</ele>
      </trkpt>
      <trkpt lat="45.851751" lon="7.627713">
        <ele>2238.0</ele>
      </trkpt>
      <trkpt lat="45.851744" lon="7.627558">
        <ele>2241.6</ele>
      </trkpt>
      <trkpt lat="45.851797" lon="7.627583">
        <ele>2242.8</ele>
      </trkpt>
      <trkpt lat="45.852021" lon="7.627647">
        <ele>2250.5</ele>
      </trkpt>
      <trkpt lat="45.852102" lon="7.627658">
        <ele>2253.6</ele>
      </trkpt>
      <trkpt lat="45.852167" lon="7.627709">
        <ele>2255.9</ele>
      </trkpt>
      <trkpt lat="45.852201" lon="7.6278">
        <ele>2257.8</ele>
      </trkpt>
      <trkpt lat="45.852246" lon="7.627958">
        <ele>2261.3</ele>
      </trkpt>
      <trkpt lat="45.852263" lon="7.628052">
        <ele>2263.0</ele>
      </trkpt>
      <trkpt lat="45.852301" lon="7.628064">
        <ele>2264.0</ele>
      </trkpt>
      <trkpt lat="45.852349" lon="7.628042">
        <ele>2264.8</ele>
      </trkpt>
      <trkpt lat="45.852371" lon="7.628">
        <ele>2265.2</ele>
      </trkpt>
      <trkpt lat="45.852427" lon="7.627969">
        <ele>2266.6</ele>
      </trkpt>
      <trkpt lat="45.852498" lon="7.627936">
        <ele>2268.4</ele>
      </trkpt>
      <trkpt lat="45.852624" lon="7.627942">
        <ele>2271.5</ele>
      </trkpt>
      <trkpt lat="45.852696" lon="7.627844">
        <ele>2274.6</ele>
      </trkpt>
      <trkpt lat="45.85275" lon="7.627822">
        <ele>2276.0</ele>
      </trkpt>
      <trkpt lat="45.85282" lon="7.627807">
        <ele>2277.6</ele>
      </trkpt>
      <trkpt lat="45.85288" lon="7.627765">
        <ele>2278.7</ele>
      </trkpt>
      <trkpt lat="45.852939" lon="7.6277">
        <ele>2279.3</ele>
      </trkpt>
      <trkpt lat="45.852964" lon="7.627647">
        <ele>2279.3</ele>
      </trkpt>
      <trkpt lat="45.853018" lon="7.627635">
        <ele>2279.6</ele>
      </trkpt>
      <trkpt lat="45.853155" lon="7.62768">
        <ele>2280.9</ele>
      </trkpt>
      <trkpt lat="45.853274" lon="7.627794">
        <ele>2282.3</ele>
      </trkpt>
      <trkpt lat="45.853573" lon="7.627876">
        <ele>2283.2</ele>
      </trkpt>
      <trkpt lat="45.853885" lon="7.627961">
        <ele>2280.8</ele>
      </trkpt>
      <trkpt lat="45.854197" lon="7.628047">
        <ele>2275.0</ele>
      </trkpt>
      <trkpt lat="45.854413" lon="7.628154">
        <ele>2272.8</ele>
      </trkpt>
      <trkpt lat="45.854629" lon="7.62826">
        <ele>2268.7</ele>
      </trkpt>
      <trkpt lat="45.85486" lon="7.628481">
        <ele>2265.8</ele>
      </trkpt>
      <trkpt lat="45.85498" lon="7.628744">
        <ele>2266.5</ele>
      </trkpt>
      <trkpt lat="45.855074" lon="7.628793">
        <ele>2262.7</ele>
      </trkpt>
      <trkpt lat="45.855118" lon="7.628974">
        <ele>2266.1</ele>
      </trkpt>
      <trkpt lat="45.855233" lon="7.629034">
        <ele>2262.5</ele>
      </trkpt>
      <trkpt lat="45.855563" lon="7.628956">
        <ele>2260.7</ele>
      </trkpt>
      <trkpt lat="45.855689" lon="7.629131">
        <ele>2260.4</ele>
      </trkpt>
      <trkpt lat="45.855849" lon="7.62943">
        <ele>2255.9</ele>
      </trkpt>
      <trkpt lat="45.856" lon="7.630008">
        <ele>2247.6</ele>
      </trkpt>
      <trkpt lat="45.855998" lon="7.630105">
        <ele>2247.2</ele>
      </trkpt>
      <trkpt lat="45.856012" lon="7.630216">
        <ele>2247.0</ele>
      </trkpt>
      <trkpt lat="45.856191" lon="7.630503">
        <ele>2248.4</ele>
      </trkpt>
      <trkpt lat="45.856246" lon="7.630666">
        <ele>2249.1</ele>
      </trkpt>
      <trkpt lat="45.856403" lon="7.630781">
        <ele>2247.5</ele>
      </trkpt>
      <trkpt lat="45.856511" lon="7.631039">
        <ele>2248.3</ele>
      </trkpt>
      <trkpt lat="45.856648" lon="7.631136">
        <ele>2249.3</ele>
      </trkpt>
      <trkpt lat="45.85679" lon="7.631268">
        <ele>2248.8</ele>
      </trkpt>
      <trkpt lat="45.856862" lon="7.631429">
        <ele>2248.5</ele>
      </trkpt>
      <trkpt lat="45.856951" lon="7.631523">
        <ele>2245.7</ele>
      </trkpt>
      <trkpt lat="45.856992" lon="7.631727">
        <ele>2244.7</ele>
      </trkpt>
      <trkpt lat="45.857043" lon="7.631847">
        <ele>2242.8</ele>
      </trkpt>
      <trkpt lat="45.857038" lon="7.631983">
        <ele>2240.1</ele>
      </trkpt>
      <trkpt lat="45.857128" lon="7.632062">
        <ele>2236.5</ele>
      </trkpt>
      <trkpt lat="45.857321" lon="7.632485">
        <ele>2234.5</ele>
      </trkpt>
      <trkpt lat="45.857406" lon="7.632617">
        <ele>2231.4</ele>
      </trkpt>
      <trkpt lat="45.857528" lon="7.632586">
        <ele>2226.2</ele>
      </trkpt>
      <trkpt lat="45.857594" lon="7.632492">
        <ele>2223.0</ele>
      </trkpt>
      <trkpt lat="45.857689" lon="7.632598">
        <ele>2220.5</ele>
      </trkpt>
      <trkpt lat="45.857738" lon="7.632661">
        <ele>2218.3</ele>
      </trkpt>
      <trkpt lat="45.8579" lon="7.632838">
        <ele>2210.3</ele>
      </trkpt>
      <trkpt lat="45.858008" lon="7.63296">
        <ele>2209.4</ele>
      </trkpt>
      <trkpt lat="45.858226" lon="7.633077">
        <ele>2201.5</ele>
      </trkpt>
      <trkpt lat="45.858356" lon="7.633286">
        <ele>2198.3</ele>
      </trkpt>
      <trkpt lat="45.85846" lon="7.633403">
        <ele>2196.9</ele>
      </trkpt>
      <trkpt lat="45.858579" lon="7.633499">
        <ele>2195.0</ele>
      </trkpt>
      <trkpt lat="45.858709" lon="7.633515">
        <ele>2193.1</ele>
      </trkpt>
      <trkpt lat="45.858817" lon="7.633537">
        <ele>2191.5</ele>
      </trkpt>
      <trkpt lat="45.858939" lon="7.633606">
        <ele>2189.8</ele>
      </trkpt>
      <trkpt lat="45.859018" lon="7.633622">
        <ele>2186.2</ele>
      </trkpt>
      <trkpt lat="45.859267" lon="7.63383">
        <ele>2181.1</ele>
      </trkpt>
      <trkpt lat="45.859523" lon="7.633985">
        <ele>2174.8</ele>
      </trkpt>
      <trkpt lat="45.859635" lon="7.634028">
        <ele>2170.7</ele>
      </trkpt>
      <trkpt lat="45.859698" lon="7.634092">
        <ele>2170.9</ele>
      </trkpt>
      <trkpt lat="45.859721" lon="7.63414">
        <ele>2172.6</ele>
      </trkpt>
      <trkpt lat="45.859866" lon="7.634135">
        <ele>2168.9</ele>
      </trkpt>
      <trkpt lat="45.85994" lon="7.634236">
        <ele>2168.0</ele>
      </trkpt>
      <trkpt lat="45.859996" lon="7.634332">
        <ele>2166.1</ele>
      </trkpt>
      <trkpt lat="45.860003" lon="7.63446">
        <ele>2169.7</ele>
      </trkpt>
      <trkpt lat="45.860063" lon="7.634557">
        <ele>2170.9</ele>
      </trkpt>
      <trkpt lat="45.860223" lon="7.634728">
        <ele>2172.7</ele>
      </trkpt>
      <trkpt lat="45.860386" lon="7.634834">
        <ele>2170.9</ele>
      </trkpt>
      <trkpt lat="45.860513" lon="7.634936">
        <ele>2173.1</ele>
      </trkpt>
      <trkpt lat="45.860654" lon="7.63516">
        <ele>2177.9</ele>
      </trkpt>
      <trkpt lat="45.860784" lon="7.635176">
        <ele>2174.8</ele>
      </trkpt>
      <trkpt lat="45.860922" lon="7.635342">
        <ele>2173.0</ele>
      </trkpt>
      <trkpt lat="45.860959" lon="7.635491">
        <ele>2179.3</ele>
      </trkpt>
      <trkpt lat="45.861052" lon="7.635491">
        <ele>2177.7</ele>
      </trkpt>
      <trkpt lat="45.861212" lon="7.63555">
        <ele>2176.7</ele>
      </trkpt>
      <trkpt lat="45.861383" lon="7.635748">
        <ele>2178.6</ele>
      </trkpt>
      <trkpt lat="45.861483" lon="7.635918">
        <ele>2180.9</ele>
      </trkpt>
      <trkpt lat="45.861807" lon="7.636084">
        <ele>2178.0</ele>
      </trkpt>
      <trkpt lat="45.862015" lon="7.636175">
        <ele>2179.5</ele>
      </trkpt>
      <trkpt lat="45.862145" lon="7.636282">
        <ele>2178.9</ele>
      </trkpt>
      <trkpt lat="45.862227" lon="7.636463">
        <ele>2176.4</ele>
      </trkpt>
      <trkpt lat="45.862343" lon="7.636655">
        <ele>2171.8</ele>
      </trkpt>
      <trkpt lat="45.862461" lon="7.636874">
        <ele>2167.2</ele>
      </trkpt>
      <trkpt lat="45.862465" lon="7.637115">
        <ele>2164.4</ele>
      </trkpt>
      <trkpt lat="45.862566" lon="7.637398">
        <ele>2159.9</ele>
      </trkpt>
      <trkpt lat="45.862632" lon="7.637488">
        <ele>2157.5</ele>
      </trkpt>
      <trkpt lat="45.862685" lon="7.637766">
        <ele>2155.3</ele>
      </trkpt>
      <trkpt lat="45.862781" lon="7.638006">
        <ele>2151.3</ele>
      </trkpt>
      <trkpt lat="45.862807" lon="7.63814">
        <ele>2149.5</ele>
      </trkpt>
      <trkpt lat="45.862971" lon="7.638661">
        <ele>2142.3</ele>
      </trkpt>
      <trkpt lat="45.86298" lon="7.638799">
        <ele>2141.5</ele>
      </trkpt>
      <trkpt lat="45.862992" lon="7.638828">
        <ele>2141.0</ele>
      </trkpt>
      <trkpt lat="45.863017" lon="7.63889">
        <ele>2140.2</ele>
      </trkpt>
      <trkpt lat="45.86306" lon="7.638911">
        <ele>2139.2</ele>
      </trkpt>
      <trkpt lat="45.863101" lon="7.638978">
        <ele>2138.1</ele>
      </trkpt>
      <trkpt lat="45.863119" lon="7.639023">
        <ele>2137.6</ele>
      </trkpt>
      <trkpt lat="45.863146" lon="7.639109">
        <ele>2136.5</ele>
      </trkpt>
      <trkpt lat="45.863151" lon="7.639216">
        <ele>2135.6</ele>
      </trkpt>
      <trkpt lat="45.863143" lon="7.639318">
        <ele>2134.6</ele>
      </trkpt>
      <trkpt lat="45.863143" lon="7.639385">
        <ele>2133.9</ele>
      </trkpt>
      <trkpt lat="45.863151" lon="7.639445">
        <ele>2133.2</ele>
      </trkpt>
      <trkpt lat="45.863176" lon="7.639523">
        <ele>2132.0</ele>
      </trkpt>
      <trkpt lat="45.863194" lon="7.63958">
        <ele>2131.2</ele>
      </trkpt>
      <trkpt lat="45.863232" lon="7.639642">
        <ele>2130.0</ele>
      </trkpt>
      <trkpt lat="45.863279" lon="7.639716">
        <ele>2129.0</ele>
      </trkpt>
      <trkpt lat="45.8633" lon="7.63979">
        <ele>2128.9</ele>
      </trkpt>
      <trkpt lat="45.863323" lon="7.639878">
        <ele>2129.3</ele>
      </trkpt>
      <trkpt lat="45.863345" lon="7.639971">
        <ele>2129.4</ele>
      </trkpt>
      <trkpt lat="45.863362" lon="7.640072">
        <ele>2128.9</ele>
      </trkpt>
      <trkpt lat="45.863397" lon="7.640225">
        <ele>2127.8</ele>
      </trkpt>
      <trkpt lat="45.863439" lon="7.640314">
        <ele>2127.2</ele>
      </trkpt>
      <trkpt lat="45.863514" lon="7.640421">
        <ele>2126.1</ele>
      </trkpt>
      <trkpt lat="45.863541" lon="7.640473">
        <ele>2125.3</ele>
      </trkpt>
      <trkpt lat="45.863553" lon="7.640495">
        <ele>2124.8</ele>
      </trkpt>
      <trkpt lat="45.863553" lon="7.640583">
        <ele>2124.1</ele>
      </trkpt>
      <trkpt lat="45.863579" lon="7.640639">
        <ele>2123.2</ele>
      </trkpt>
      <trkpt lat="45.86365" lon="7.6407">
        <ele>2121.5</ele>
      </trkpt>
      <trkpt lat="45.863689" lon="7.640783">
        <ele>2121.0</ele>
      </trkpt>
      <trkpt lat="45.863713" lon="7.640833">
        <ele>2120.6</ele>
      </trkpt>
      <trkpt lat="45.863741" lon="7.64089">
        <ele>2120.0</ele>
      </trkpt>
      <trkpt lat="45.863795" lon="7.640959">
        <ele>2118.6</ele>
      </trkpt>
      <trkpt lat="45.863842" lon="7.641058">
        <ele>2116.8</ele>
      </trkpt>
      <trkpt lat="45.863882" lon="7.641206">
        <ele>2114.8</ele>
      </trkpt>
      <trkpt lat="45.863934" lon="7.641324">
        <ele>2113.4</ele>
      </trkpt>
      <trkpt lat="45.863975" lon="7.641388">
        <ele>2112.2</ele>
      </trkpt>
      <trkpt lat="45.86404" lon="7.641636">
        <ele>2110.9</ele>
      </trkpt>
      <trkpt lat="45.864066" lon="7.641787">
        <ele>2110.0</ele>
      </trkpt>
      <trkpt lat="45.864071" lon="7.641907">
        <ele>2109.5</ele>
      </trkpt>
      <trkpt lat="45.864104" lon="7.642028">
        <ele>2108.6</ele>
      </trkpt>
      <trkpt lat="45.864162" lon="7.642097">
        <ele>2107.5</ele>
      </trkpt>
      <trkpt lat="45.864189" lon="7.642123">
        <ele>2107.1</ele>
      </trkpt>
      <trkpt lat="45.864201" lon="7.642174">
        <ele>2106.8</ele>
      </trkpt>
      <trkpt lat="45.864219" lon="7.642217">
        <ele>2106.3</ele>
      </trkpt>
      <trkpt lat="45.864264" lon="7.642303">
        <ele>2104.7</ele>
      </trkpt>
      <trkpt lat="45.864264" lon="7.642374">
        <ele>2104.0</ele>
      </trkpt>
      <trkpt lat="45.864231" lon="7.64251">
        <ele>2103.7</ele>
      </trkpt>
      <trkpt lat="45.864207" lon="7.642636">
        <ele>2103.8</ele>
      </trkpt>
      <trkpt lat="45.864214" lon="7.642698">
        <ele>2103.1</ele>
      </trkpt>
      <trkpt lat="45.864178" lon="7.642845">
        <ele>2103.1</ele>
      </trkpt>
      <trkpt lat="45.864172" lon="7.642926">
        <ele>2102.4</ele>
      </trkpt>
      <trkpt lat="45.864187" lon="7.642992">
        <ele>2101.4</ele>
      </trkpt>
      <trkpt lat="45.864222" lon="7.643119">
        <ele>2100.6</ele>
      </trkpt>
      <trkpt lat="45.864249" lon="7.643181">
        <ele>2100.6</ele>
      </trkpt>
      <trkpt lat="45.864282" lon="7.643262">
        <ele>2100.4</ele>
      </trkpt>
      <trkpt lat="45.864296" lon="7.643308">
        <ele>2100.2</ele>
      </trkpt>
      <trkpt lat="45.864317" lon="7.64338">
        <ele>2100.0</ele>
      </trkpt>
      <trkpt lat="45.864327" lon="7.643455">
        <ele>2100.3</ele>
      </trkpt>
      <trkpt lat="45.864336" lon="7.643584">
        <ele>2100.9</ele>
      </trkpt>
      <trkpt lat="45.864349" lon="7.643685">
        <ele>2101.2</ele>
      </trkpt>
      <trkpt lat="45.864359" lon="7.643752">
        <ele>2101.1</ele>
      </trkpt>
      <trkpt lat="45.864373" lon="7.643902">
        <ele>2100.2</ele>
      </trkpt>
      <trkpt lat="45.864392" lon="7.644003">
        <ele>2099.1</ele>
      </trkpt>
      <trkpt lat="45.864415" lon="7.644052">
        <ele>2098.2</ele>
      </trkpt>
      <trkpt lat="45.864443" lon="7.644093">
        <ele>2097.6</ele>
      </trkpt>
      <trkpt lat="45.86449" lon="7.644137">
        <ele>2097.1</ele>
      </trkpt>
      <trkpt lat="45.864531" lon="7.64416">
        <ele>2097.0</ele>
      </trkpt>
      <trkpt lat="45.864588" lon="7.644172">
        <ele>2096.9</ele>
      </trkpt>
      <trkpt lat="45.864653" lon="7.644178">
        <ele>2096.4</ele>
      </trkpt>
      <trkpt lat="45.864789" lon="7.644222">
        <ele>2094.4</ele>
      </trkpt>
      <trkpt lat="45.864957" lon="7.644318">
        <ele>2091.5</ele>
      </trkpt>
      <trkpt lat="45.865097" lon="7.644407">
        <ele>2089.1</ele>
      </trkpt>
      <trkpt lat="45.865146" lon="7.644465">
        <ele>2088.2</ele>
      </trkpt>
      <trkpt lat="45.865179" lon="7.644528">
        <ele>2087.7</ele>
      </trkpt>
      <trkpt lat="45.865205" lon="7.644569">
        <ele>2087.5</ele>
      </trkpt>
      <trkpt lat="45.86523" lon="7.644605">
        <ele>2087.3</ele>
      </trkpt>
      <trkpt lat="45.865356" lon="7.644685">
        <ele>2087.7</ele>
      </trkpt>
      <trkpt lat="45.865438" lon="7.644766">
        <ele>2089.5</ele>
      </trkpt>
      <trkpt lat="45.865512" lon="7.644828">
        <ele>2092.0</ele>
      </trkpt>
      <trkpt lat="45.865539" lon="7.644846">
        <ele>2093.0</ele>
      </trkpt>
      <trkpt lat="45.865581" lon="7.644852">
        <ele>2094.5</ele>
      </trkpt>
      <trkpt lat="45.865621" lon="7.644837">
        <ele>2096.0</ele>
      </trkpt>
      <trkpt lat="45.865677" lon="7.644775">
        <ele>2097.8</ele>
      </trkpt>
      <trkpt lat="45.865778" lon="7.644568">
        <ele>2100.6</ele>
      </trkpt>
      <trkpt lat="45.865827" lon="7.644451">
        <ele>2102.1</ele>
      </trkpt>
      <trkpt lat="45.865877" lon="7.644317">
        <ele>2103.7</ele>
      </trkpt>
      <trkpt lat="45.865913" lon="7.644208">
        <ele>2104.4</ele>
      </trkpt>
      <trkpt lat="45.865942" lon="7.64432">
        <ele>2106.3</ele>
      </trkpt>
      <trkpt lat="45.865993" lon="7.644331">
        <ele>2108.2</ele>
      </trkpt>
      <trkpt lat="45.866034" lon="7.644316">
        <ele>2108.9</ele>
      </trkpt>
      <trkpt lat="45.866092" lon="7.644398">
        <ele>2111.6</ele>
      </trkpt>
      <trkpt lat="45.866123" lon="7.6445">
        <ele>2115.0</ele>
      </trkpt>
      <trkpt lat="45.866104" lon="7.644669">
        <ele>2121.7</ele>
      </trkpt>
      <trkpt lat="45.866084" lon="7.644805">
        <ele>2124.5</ele>
      </trkpt>
      <trkpt lat="45.8661" lon="7.644946">
        <ele>2127.0</ele>
      </trkpt>
      <trkpt lat="45.866126" lon="7.644931">
        <ele>2128.1</ele>
      </trkpt>
      <trkpt lat="45.866136" lon="7.644825">
        <ele>2127.3</ele>
      </trkpt>
      <trkpt lat="45.866167" lon="7.644894">
        <ele>2129.4</ele>
      </trkpt>
      <trkpt lat="45.866172" lon="7.644988">
        <ele>2130.8</ele>
      </trkpt>
      <trkpt lat="45.866213" lon="7.645139">
        <ele>2135.0</ele>
      </trkpt>
      <trkpt lat="45.866276" lon="7.645337">
        <ele>2141.0</ele>
      </trkpt>
      <trkpt lat="45.866432" lon="7.645453">
        <ele>2144.5</ele>
      </trkpt>
      <trkpt lat="45.866628" lon="7.645551">
        <ele>2146.8</ele>
      </trkpt>
      <trkpt lat="45.866804" lon="7.645626">
        <ele>2150.7</ele>
      </trkpt>
      <trkpt lat="45.86703" lon="7.64571">
        <ele>2157.0</ele>
      </trkpt>
      <trkpt lat="45.867231" lon="7.645678">
        <ele>2158.8</ele>
      </trkpt>
      <trkpt lat="45.867585" lon="7.645852">
        <ele>2168.7</ele>
      </trkpt>
      <trkpt lat="45.867609" lon="7.646">
        <ele>2172.3</ele>
      </trkpt>
      <trkpt lat="45.867713" lon="7.646043">
        <ele>2173.0</ele>
      </trkpt>
      <trkpt lat="45.867748" lon="7.646107">
        <ele>2174.5</ele>
      </trkpt>
      <trkpt lat="45.86775" lon="7.646263">
        <ele>2177.7</ele>
      </trkpt>
      <trkpt lat="45.867735" lon="7.646388">
        <ele>2178.5</ele>
      </trkpt>
      <trkpt lat="45.867701" lon="7.646445">
        <ele>2179.0</ele>
      </trkpt>
      <trkpt lat="45.867674" lon="7.646661">
        <ele>2180.6</ele>
      </trkpt>
      <trkpt lat="45.867679" lon="7.646829">
        <ele>2182.3</ele>
      </trkpt>
      <trkpt lat="45.867724" lon="7.646956">
        <ele>2183.9</ele>
      </trkpt>
      <trkpt lat="45.867777" lon="7.647174">
        <ele>2187.3</ele>
      </trkpt>
      <trkpt lat="45.867826" lon="7.647274">
        <ele>2189.8</ele>
      </trkpt>
      <trkpt lat="45.867925" lon="7.647348">
        <ele>2193.6</ele>
      </trkpt>
      <trkpt lat="45.867967" lon="7.647476">
        <ele>2197.2</ele>
      </trkpt>
      <trkpt lat="45.867999" lon="7.647763">
        <ele>2202.3</ele>
      </trkpt>
      <trkpt lat="45.86806" lon="7.647845">
        <ele>2203.3</ele>
      </trkpt>
      <trkpt lat="45.868099" lon="7.647873">
        <ele>2203.7</ele>
      </trkpt>
      <trkpt lat="45.868209" lon="7.64782">
        <ele>2204.8</ele>
      </trkpt>
      <trkpt lat="45.868326" lon="7.64782">
        <ele>2205.7</ele>
      </trkpt>
      <trkpt lat="45.868416" lon="7.647908">
        <ele>2206.6</ele>
      </trkpt>
      <trkpt lat="45.868573" lon="7.647969">
        <ele>2209.2</ele>
      </trkpt>
      <trkpt lat="45.868615" lon="7.648">
        <ele>2210.6</ele>
      </trkpt>
      <trkpt lat="45.868736" lon="7.647948">
        <ele>2212.9</ele>
      </trkpt>
      <trkpt lat="45.86882" lon="7.647946">
        <ele>2215.5</ele>
      </trkpt>
      <trkpt lat="45.86887" lon="7.647857">
        <ele>2215.6</ele>
      </trkpt>
      <trkpt lat="45.869049" lon="7.647777">
        <ele>2219.4</ele>
      </trkpt>
      <trkpt lat="45.869204" lon="7.647724">
        <ele>2222.7</ele>
      </trkpt>
      <trkpt lat="45.869346" lon="7.647686">
        <ele>2226.1</ele>
      </trkpt>
      <trkpt lat="45.869491" lon="7.647562">
        <ele>2228.1</ele>
      </trkpt>
      <trkpt lat="45.86966" lon="7.647501">
        <ele>2231.1</ele>
      </trkpt>
      <trkpt lat="45.869828" lon="7.647384">
        <ele>2233.6</ele>
      </trkpt>
      <trkpt lat="45.869894" lon="7.647274">
        <ele>2234.0</ele>
      </trkpt>
      <trkpt lat="45.870036" lon="7.647297">
        <ele>2239.3</ele>
      </trkpt>
      <trkpt lat="45.870123" lon="7.647282">
        <ele>2241.6</ele>
      </trkpt>
      <trkpt lat="45.870265" lon="7.64734">
        <ele>2246.0</ele>
      </trkpt>
      <trkpt lat="45.870398" lon="7.647356">
        <ele>2249.5</ele>
      </trkpt>
      <trkpt lat="45.870549" lon="7.64741">
        <ele>2253.5</ele>
      </trkpt>
      <trkpt lat="45.870633" lon="7.647463">
        <ele>2256.2</ele>
      </trkpt>
      <trkpt lat="45.870766" lon="7.647464">
        <ele>2258.6</ele>
        <name>45.870766,7.647464</name>
        <extensions>
          <oa:Extension>
            <oa:mapZoom>15</oa:mapZoom>
          </oa:Extension>
        </extensions>
      </trkpt>
      <trkpt lat="45.870774" lon="7.647464">
        <ele>2258.7</ele>
      </trkpt>
      <trkpt lat="45.870993" lon="7.647526">
        <ele>2264.2</ele>
      </trkpt>
      <trkpt lat="45.871145" lon="7.647504">
        <ele>2266.8</ele>
      </trkpt>
      <trkpt lat="45.871265" lon="7.647571">
        <ele>2268.8</ele>
      </trkpt>
      <trkpt lat="45.871495" lon="7.647625">
        <ele>2272.6</ele>
      </trkpt>
      <trkpt lat="45.871691" lon="7.647709">
        <ele>2269.9</ele>
      </trkpt>
      <trkpt lat="45.871847" lon="7.647895">
        <ele>2269.8</ele>
      </trkpt>
      <trkpt lat="45.871953" lon="7.647981">
        <ele>2270.8</ele>
      </trkpt>
      <trkpt lat="45.872208" lon="7.647933">
        <ele>2272.8</ele>
      </trkpt>
      <trkpt lat="45.872386" lon="7.647937">
        <ele>2271.4</ele>
      </trkpt>
      <trkpt lat="45.872599" lon="7.647872">
        <ele>2269.9</ele>
      </trkpt>
      <trkpt lat="45.872688" lon="7.647891">
        <ele>2271.1</ele>
      </trkpt>
      <trkpt lat="45.872762" lon="7.647848">
        <ele>2270.9</ele>
      </trkpt>
      <trkpt lat="45.872811" lon="7.647902">
        <ele>2270.5</ele>
      </trkpt>
      <trkpt lat="45.872825" lon="7.648028">
        <ele>2270.8</ele>
      </trkpt>
      <trkpt lat="45.872917" lon="7.648302">
        <ele>2268.3</ele>
      </trkpt>
      <trkpt lat="45.872957" lon="7.648457">
        <ele>2269.8</ele>
      </trkpt>
      <trkpt lat="45.872935" lon="7.648527">
        <ele>2272.1</ele>
      </trkpt>
      <trkpt lat="45.873014" lon="7.648587">
        <ele>2272.5</ele>
      </trkpt>
      <trkpt lat="45.873105" lon="7.648672">
        <ele>2273.0</ele>
      </trkpt>
      <trkpt lat="45.873182" lon="7.648659">
        <ele>2271.1</ele>
      </trkpt>
      <trkpt lat="45.873249" lon="7.648691">
        <ele>2270.8</ele>
      </trkpt>
      <trkpt lat="45.873331" lon="7.648829">
        <ele>2273.6</ele>
      </trkpt>
      <trkpt lat="45.873418" lon="7.649091">
        <ele>2279.7</ele>
      </trkpt>
      <trkpt lat="45.87356" lon="7.649262">
        <ele>2280.6</ele>
      </trkpt>
      <trkpt lat="45.873645" lon="7.649485">
        <ele>2276.5</ele>
      </trkpt>
      <trkpt lat="45.873705" lon="7.649585">
        <ele>2273.2</ele>
      </trkpt>
      <trkpt lat="45.873691" lon="7.649732">
        <ele>2274.1</ele>
      </trkpt>
      <trkpt lat="45.873744" lon="7.649697">
        <ele>2271.0</ele>
      </trkpt>
      <trkpt lat="45.873797" lon="7.6498">
        <ele>2267.5</ele>
      </trkpt>
      <trkpt lat="45.873858" lon="7.649741">
        <ele>2264.0</ele>
      </trkpt>
      <trkpt lat="45.873885" lon="7.650011">
        <ele>2263.5</ele>
      </trkpt>
      <trkpt lat="45.874078" lon="7.650295">
        <ele>2263.3</ele>
      </trkpt>
      <trkpt lat="45.874137" lon="7.650531">
        <ele>2261.9</ele>
      </trkpt>
      <trkpt lat="45.874301" lon="7.650959">
        <ele>2255.9</ele>
      </trkpt>
      <trkpt lat="45.874442" lon="7.651143">
        <ele>2253.3</ele>
      </trkpt>
      <trkpt lat="45.874573" lon="7.651214">
        <ele>2254.1</ele>
      </trkpt>
      <trkpt lat="45.874828" lon="7.651453">
        <ele>2258.8</ele>
      </trkpt>
      <trkpt lat="45.87509" lon="7.651782">
        <ele>2266.2</ele>
      </trkpt>
      <trkpt lat="45.87535" lon="7.651893">
        <ele>2273.9</ele>
      </trkpt>
      <trkpt lat="45.875495" lon="7.651912">
        <ele>2276.7</ele>
      </trkpt>
      <trkpt lat="45.875522" lon="7.651921">
        <ele>2277.3</ele>
      </trkpt>
      <trkpt lat="45.875597" lon="7.651883">
        <ele>2277.2</ele>
      </trkpt>
      <trkpt lat="45.875614" lon="7.651902">
        <ele>2278.0</ele>
      </trkpt>
      <trkpt lat="45.875634" lon="7.651911">
        <ele>2278.5</ele>
      </trkpt>
      <trkpt lat="45.875718" lon="7.651875">
        <ele>2278.5</ele>
      </trkpt>
      <trkpt lat="45.875769" lon="7.651865">
        <ele>2278.9</ele>
      </trkpt>
      <trkpt lat="45.875804" lon="7.651851">
        <ele>2279.1</ele>
      </trkpt>
      <trkpt lat="45.875821" lon="7.65185">
        <ele>2279.3</ele>
      </trkpt>
      <trkpt lat="45.875869" lon="7.651873">
        <ele>2280.3</ele>
      </trkpt>
      <trkpt lat="45.875905" lon="7.651911">
        <ele>2281.2</ele>
      </trkpt>
      <trkpt lat="45.875938" lon="7.65203">
        <ele>2284.1</ele>
      </trkpt>
      <trkpt lat="45.875938" lon="7.652086">
        <ele>2285.5</ele>
      </trkpt>
      <trkpt lat="45.875962" lon="7.652178">
        <ele>2287.1</ele>
      </trkpt>
      <trkpt lat="45.876017" lon="7.652294">
        <ele>2288.8</ele>
      </trkpt>
      <trkpt lat="45.87603" lon="7.652352">
        <ele>2290.0</ele>
      </trkpt>
      <trkpt lat="45.876046" lon="7.652381">
        <ele>2290.4</ele>
      </trkpt>
      <trkpt lat="45.876072" lon="7.652399">
        <ele>2290.5</ele>
      </trkpt>
      <trkpt lat="45.876085" lon="7.652426">
        <ele>2291.0</ele>
      </trkpt>
      <trkpt lat="45.876095" lon="7.652445">
        <ele>2291.5</ele>
      </trkpt>
      <trkpt lat="45.876109" lon="7.652454">
        <ele>2291.6</ele>
      </trkpt>
      <trkpt lat="45.876131" lon="7.652462">
        <ele>2291.7</ele>
      </trkpt>
      <trkpt lat="45.876228" lon="7.652549">
        <ele>2293.7</ele>
      </trkpt>
      <trkpt lat="45.876428" lon="7.652771">
        <ele>2296.5</ele>
      </trkpt>
      <trkpt lat="45.876666" lon="7.653006">
        <ele>2298.1</ele>
      </trkpt>
      <trkpt lat="45.876925" lon="7.65313">
        <ele>2302.6</ele>
      </trkpt>
      <trkpt lat="45.87711" lon="7.653247">
        <ele>2307.4</ele>
      </trkpt>
      <trkpt lat="45.877359" lon="7.653345">
        <ele>2311.5</ele>
      </trkpt>
      <trkpt lat="45.877581" lon="7.653484">
        <ele>2317.8</ele>
      </trkpt>
      <trkpt lat="45.877784" lon="7.653652">
        <ele>2319.9</ele>
      </trkpt>
      <trkpt lat="45.878028" lon="7.65375">
        <ele>2321.5</ele>
      </trkpt>
      <trkpt lat="45.878431" lon="7.65392">
        <ele>2326.5</ele>
      </trkpt>
      <trkpt lat="45.878632" lon="7.654043">
        <ele>2329.1</ele>
      </trkpt>
      <trkpt lat="45.878843" lon="7.654153">
        <ele>2328.0</ele>
      </trkpt>
      <trkpt lat="45.879025" lon="7.654255">
        <ele>2327.1</ele>
      </trkpt>
      <trkpt lat="45.879117" lon="7.654267">
        <ele>2327.7</ele>
      </trkpt>
      <trkpt lat="45.879201" lon="7.654233">
        <ele>2326.4</ele>
      </trkpt>
      <trkpt lat="45.879252" lon="7.654393">
        <ele>2329.1</ele>
      </trkpt>
      <trkpt lat="45.879318" lon="7.65446">
        <ele>2330.4</ele>
      </trkpt>
      <trkpt lat="45.879468" lon="7.654559">
        <ele>2331.2</ele>
      </trkpt>
      <trkpt lat="45.879662" lon="7.654584">
        <ele>2332.3</ele>
      </trkpt>
      <trkpt lat="45.879768" lon="7.654572">
        <ele>2333.5</ele>
      </trkpt>
      <trkpt lat="45.87989" lon="7.65451">
        <ele>2334.4</ele>
      </trkpt>
      <trkpt lat="45.879996" lon="7.654492">
        <ele>2333.6</ele>
      </trkpt>
      <trkpt lat="45.880141" lon="7.654566">
        <ele>2334.5</ele>
      </trkpt>
      <trkpt lat="45.880185" lon="7.654507">
        <ele>2332.8</ele>
      </trkpt>
      <trkpt lat="45.880361" lon="7.654471">
        <ele>2330.6</ele>
      </trkpt>
      <trkpt lat="45.880492" lon="7.654516">
        <ele>2329.4</ele>
      </trkpt>
      <trkpt lat="45.880604" lon="7.654653">
        <ele>2327.9</ele>
      </trkpt>
      <trkpt lat="45.880721" lon="7.654719">
        <ele>2325.1</ele>
      </trkpt>
      <trkpt lat="45.880845" lon="7.654696">
        <ele>2321.4</ele>
      </trkpt>
      <trkpt lat="45.880982" lon="7.654708">
        <ele>2318.2</ele>
      </trkpt>
      <trkpt lat="45.881091" lon="7.65466">
        <ele>2315.2</ele>
      </trkpt>
      <trkpt lat="45.881188" lon="7.654618">
        <ele>2313.5</ele>
      </trkpt>
      <trkpt lat="45.881337" lon="7.65465">
        <ele>2313.7</ele>
      </trkpt>
      <trkpt lat="45.881431" lon="7.654603">
        <ele>2312.3</ele>
      </trkpt>
      <trkpt lat="45.881645" lon="7.654375">
        <ele>2311.0</ele>
      </trkpt>
      <trkpt lat="45.881742" lon="7.65423">
        <ele>2311.3</ele>
      </trkpt>
      <trkpt lat="45.881838" lon="7.654139">
        <ele>2311.0</ele>
      </trkpt>
      <trkpt lat="45.88195" lon="7.65408">
        <ele>2311.0</ele>
      </trkpt>
      <trkpt lat="45.882069" lon="7.654068">
        <ele>2313.2</ele>
      </trkpt>
      <trkpt lat="45.882173" lon="7.653925">
        <ele>2314.5</ele>
      </trkpt>
      <trkpt lat="45.882267" lon="7.653931">
        <ele>2317.6</ele>
      </trkpt>
      <trkpt lat="45.882245" lon="7.654012">
        <ele>2318.5</ele>
      </trkpt>
      <trkpt lat="45.882471" lon="7.654138">
        <ele>2326.9</ele>
      </trkpt>
      <trkpt lat="45.882522" lon="7.654235">
        <ele>2330.1</ele>
      </trkpt>
      <trkpt lat="45.882521" lon="7.654143">
        <ele>2329.5</ele>
      </trkpt>
      <trkpt lat="45.882565" lon="7.65413">
        <ele>2331.2</ele>
      </trkpt>
      <trkpt lat="45.88263" lon="7.654256">
        <ele>2333.7</ele>
      </trkpt>
      <trkpt lat="45.882695" lon="7.654313">
        <ele>2335.9</ele>
      </trkpt>
      <trkpt lat="45.882895" lon="7.654279">
        <ele>2339.3</ele>
      </trkpt>
      <trkpt lat="45.883129" lon="7.654195">
        <ele>2343.7</ele>
      </trkpt>
      <trkpt lat="45.883268" lon="7.654116">
        <ele>2347.2</ele>
      </trkpt>
      <trkpt lat="45.883599" lon="7.654153">
        <ele>2351.4</ele>
      </trkpt>
      <trkpt lat="45.883746" lon="7.654181">
        <ele>2352.1</ele>
      </trkpt>
      <trkpt lat="45.883961" lon="7.654164">
        <ele>2352.5</ele>
      </trkpt>
      <trkpt lat="45.884137" lon="7.654341">
        <ele>2356.8</ele>
      </trkpt>
      <trkpt lat="45.884297" lon="7.654484">
        <ele>2358.0</ele>
      </trkpt>
      <trkpt lat="45.884442" lon="7.654659">
        <ele>2356.7</ele>
      </trkpt>
      <trkpt lat="45.884595" lon="7.654673">
        <ele>2355.6</ele>
      </trkpt>
      <trkpt lat="45.884749" lon="7.654802">
        <ele>2354.3</ele>
      </trkpt>
      <trkpt lat="45.884912" lon="7.654954">
        <ele>2350.6</ele>
      </trkpt>
      <trkpt lat="45.885078" lon="7.654945">
        <ele>2347.4</ele>
      </trkpt>
      <trkpt lat="45.885258" lon="7.65501">
        <ele>2344.6</ele>
      </trkpt>
      <trkpt lat="45.885365" lon="7.655091">
        <ele>2342.6</ele>
      </trkpt>
      <trkpt lat="45.885526" lon="7.655268">
        <ele>2341.6</ele>
      </trkpt>
      <trkpt lat="45.885663" lon="7.655266">
        <ele>2343.4</ele>
      </trkpt>
      <trkpt lat="45.885847" lon="7.655288">
        <ele>2343.5</ele>
      </trkpt>
      <trkpt lat="45.886003" lon="7.655291">
        <ele>2341.3</ele>
      </trkpt>
      <trkpt lat="45.886291" lon="7.65519">
        <ele>2342.2</ele>
      </trkpt>
      <trkpt lat="45.886475" lon="7.655102">
        <ele>2339.9</ele>
      </trkpt>
      <trkpt lat="45.886522" lon="7.655174">
        <ele>2339.0</ele>
      </trkpt>
      <trkpt lat="45.886476" lon="7.655358">
        <ele>2339.1</ele>
      </trkpt>
      <trkpt lat="45.886522" lon="7.655555">
        <ele>2336.0</ele>
      </trkpt>
      <trkpt lat="45.886808" lon="7.65588">
        <ele>2329.8</ele>
      </trkpt>
      <trkpt lat="45.887117" lon="7.655895">
        <ele>2323.6</ele>
      </trkpt>
      <trkpt lat="45.887313" lon="7.655807">
        <ele>2322.0</ele>
      </trkpt>
      <trkpt lat="45.887457" lon="7.655816">
        <ele>2320.2</ele>
      </trkpt>
      <trkpt lat="45.887709" lon="7.655713">
        <ele>2319.1</ele>
      </trkpt>
      <trkpt lat="45.888004" lon="7.655797">
        <ele>2317.8</ele>
      </trkpt>
      <trkpt lat="45.888344" lon="7.655642">
        <ele>2320.2</ele>
      </trkpt>
      <trkpt lat="45.888572" lon="7.655591">
        <ele>2318.7</ele>
      </trkpt>
      <trkpt lat="45.888989" lon="7.655539">
        <ele>2318.7</ele>
      </trkpt>
      <trkpt lat="45.889325" lon="7.655462">
        <ele>2317.3</ele>
      </trkpt>
      <trkpt lat="45.889362" lon="7.655433">
        <ele>2316.6</ele>
      </trkpt>
      <trkpt lat="45.889437" lon="7.655374">
        <ele>2315.3</ele>
      </trkpt>
      <trkpt lat="45.889529" lon="7.65535">
        <ele>2312.6</ele>
      </trkpt>
      <trkpt lat="45.889563" lon="7.655399">
        <ele>2312.4</ele>
      </trkpt>
      <trkpt lat="45.889608" lon="7.655446">
        <ele>2312.6</ele>
      </trkpt>
      <trkpt lat="45.88968" lon="7.655475">
        <ele>2313.9</ele>
      </trkpt>
      <trkpt lat="45.889783" lon="7.655296">
        <ele>2312.9</ele>
      </trkpt>
      <trkpt lat="45.889804" lon="7.654845">
        <ele>2306.7</ele>
      </trkpt>
      <trkpt lat="45.890055" lon="7.654471">
        <ele>2299.9</ele>
      </trkpt>
      <trkpt lat="45.890182" lon="7.654376">
        <ele>2297.6</ele>
      </trkpt>
      <trkpt lat="45.890369" lon="7.654242">
        <ele>2297.8</ele>
      </trkpt>
      <trkpt lat="45.890574" lon="7.653873">
        <ele>2297.0</ele>
      </trkpt>
      <trkpt lat="45.890852" lon="7.653687">
        <ele>2293.1</ele>
      </trkpt>
      <trkpt lat="45.891197" lon="7.653417">
        <ele>2285.8</ele>
      </trkpt>
      <trkpt lat="45.891543" lon="7.653148">
        <ele>2283.6</ele>
      </trkpt>
      <trkpt lat="45.891662" lon="7.653093">
        <ele>2281.3</ele>
      </trkpt>
      <trkpt lat="45.891732" lon="7.653124">
        <ele>2281.1</ele>
      </trkpt>
      <trkpt lat="45.891852" lon="7.653358">
        <ele>2284.0</ele>
      </trkpt>
      <trkpt lat="45.892079" lon="7.653516">
        <ele>2285.1</ele>
      </trkpt>
      <trkpt lat="45.892124" lon="7.653506">
        <ele>2285.5</ele>
      </trkpt>
      <trkpt lat="45.892259" lon="7.65316">
        <ele>2288.0</ele>
      </trkpt>
      <trkpt lat="45.892393" lon="7.652813">
        <ele>2289.5</ele>
      </trkpt>
      <trkpt lat="45.892561" lon="7.652463">
        <ele>2287.3</ele>
      </trkpt>
      <trkpt lat="45.892773" lon="7.652175">
        <ele>2280.9</ele>
      </trkpt>
      <trkpt lat="45.892944" lon="7.652087">
        <ele>2278.3</ele>
      </trkpt>
      <trkpt lat="45.893099" lon="7.652067">
        <ele>2278.6</ele>
      </trkpt>
      <trkpt lat="45.893184" lon="7.652052">
        <ele>2279.6</ele>
      </trkpt>
      <trkpt lat="45.893217" lon="7.651922">
        <ele>2280.0</ele>
      </trkpt>
      <trkpt lat="45.893236" lon="7.651755">
        <ele>2279.9</ele>
      </trkpt>
      <trkpt lat="45.893262" lon="7.651646">
        <ele>2279.5</ele>
      </trkpt>
      <trkpt lat="45.89328" lon="7.651587">
        <ele>2279.4</ele>
      </trkpt>
      <trkpt lat="45.893357" lon="7.651527">
        <ele>2280.3</ele>
      </trkpt>
      <trkpt lat="45.893433" lon="7.651462">
        <ele>2280.6</ele>
      </trkpt>
      <trkpt lat="45.89351" lon="7.651393">
        <ele>2280.5</ele>
      </trkpt>
      <trkpt lat="45.893648" lon="7.651237">
        <ele>2280.9</ele>
      </trkpt>
      <trkpt lat="45.893722" lon="7.651115">
        <ele>2281.9</ele>
      </trkpt>
      <trkpt lat="45.893789" lon="7.650884">
        <ele>2284.4</ele>
      </trkpt>
      <trkpt lat="45.893785" lon="7.650813">
        <ele>2284.8</ele>
      </trkpt>
      <trkpt lat="45.893706" lon="7.650601">
        <ele>2284.5</ele>
      </trkpt>
      <trkpt lat="45.893687" lon="7.650526">
        <ele>2284.1</ele>
      </trkpt>
      <trkpt lat="45.893678" lon="7.650425">
        <ele>2283.9</ele>
      </trkpt>
      <trkpt lat="45.893678" lon="7.65015">
        <ele>2283.4</ele>
      </trkpt>
      <trkpt lat="45.893646" lon="7.649856">
        <ele>2283.6</ele>
      </trkpt>
      <trkpt lat="45.89364" lon="7.649618">
        <ele>2285.0</ele>
      </trkpt>
      <trkpt lat="45.893671" lon="7.649471">
        <ele>2286.2</ele>
      </trkpt>
      <trkpt lat="45.893711" lon="7.64929">
        <ele>2287.7</ele>
      </trkpt>
      <trkpt lat="45.893714" lon="7.649125">
        <ele>2288.9</ele>
      </trkpt>
      <trkpt lat="45.893699" lon="7.64899">
        <ele>2289.6</ele>
      </trkpt>
      <trkpt lat="45.893671" lon="7.64887">
        <ele>2288.8</ele>
      </trkpt>
      <trkpt lat="45.893644" lon="7.648629">
        <ele>2286.5</ele>
      </trkpt>
      <trkpt lat="45.89363" lon="7.648463">
        <ele>2285.7</ele>
      </trkpt>
      <trkpt lat="45.893617" lon="7.648287">
        <ele>2285.6</ele>
      </trkpt>
      <trkpt lat="45.893591" lon="7.648146">
        <ele>2285.4</ele>
      </trkpt>
      <trkpt lat="45.893548" lon="7.64792">
        <ele>2284.2</ele>
      </trkpt>
      <trkpt lat="45.893519" lon="7.647802">
        <ele>2282.9</ele>
      </trkpt>
      <trkpt lat="45.893463" lon="7.64749">
        <ele>2281.5</ele>
      </trkpt>
      <trkpt lat="45.893556" lon="7.64729">
        <ele>2279.6</ele>
      </trkpt>
      <trkpt lat="45.893636" lon="7.647143">
        <ele>2277.8</ele>
      </trkpt>
      <trkpt lat="45.893739" lon="7.647028">
        <ele>2275.6</ele>
      </trkpt>
      <trkpt lat="45.893807" lon="7.64694">
        <ele>2273.7</ele>
      </trkpt>
      <trkpt lat="45.893876" lon="7.646842">
        <ele>2271.6</ele>
      </trkpt>
      <trkpt lat="45.893929" lon="7.646809">
        <ele>2270.3</ele>
      </trkpt>
      <trkpt lat="45.89402" lon="7.646751">
        <ele>2268.5</ele>
      </trkpt>
      <trkpt lat="45.894125" lon="7.646717">
        <ele>2266.8</ele>
      </trkpt>
      <trkpt lat="45.894204" lon="7.646669">
        <ele>2265.9</ele>
      </trkpt>
      <trkpt lat="45.894232" lon="7.646632">
        <ele>2265.7</ele>
      </trkpt>
      <trkpt lat="45.894304" lon="7.646525">
        <ele>2265.6</ele>
      </trkpt>
      <trkpt lat="45.894342" lon="7.646415">
        <ele>2265.7</ele>
      </trkpt>
      <trkpt lat="45.894411" lon="7.646251">
        <ele>2265.1</ele>
      </trkpt>
      <trkpt lat="45.894469" lon="7.646131">
        <ele>2264.1</ele>
      </trkpt>
      <trkpt lat="45.894512" lon="7.64601">
        <ele>2263.0</ele>
      </trkpt>
      <trkpt lat="45.894528" lon="7.645934">
        <ele>2262.5</ele>
      </trkpt>
      <trkpt lat="45.894537" lon="7.645836">
        <ele>2262.5</ele>
      </trkpt>
      <trkpt lat="45.894523" lon="7.645714">
        <ele>2263.0</ele>
      </trkpt>
      <trkpt lat="45.894512" lon="7.645549">
        <ele>2264.1</ele>
      </trkpt>
      <trkpt lat="45.894499" lon="7.645481">
        <ele>2264.4</ele>
      </trkpt>
      <trkpt lat="45.894465" lon="7.645364">
        <ele>2264.2</ele>
      </trkpt>
      <trkpt lat="45.894461" lon="7.645306">
        <ele>2264.3</ele>
      </trkpt>
      <trkpt lat="45.894478" lon="7.645183">
        <ele>2265.0</ele>
      </trkpt>
      <trkpt lat="45.894498" lon="7.645019">
        <ele>2265.9</ele>
      </trkpt>
      <trkpt lat="45.894504" lon="7.644906">
        <ele>2266.3</ele>
      </trkpt>
      <trkpt lat="45.894518" lon="7.644737">
        <ele>2266.7</ele>
      </trkpt>
      <trkpt lat="45.89453" lon="7.644638">
        <ele>2266.9</ele>
      </trkpt>
      <trkpt lat="45.894552" lon="7.644572">
        <ele>2266.9</ele>
      </trkpt>
      <trkpt lat="45.894648" lon="7.644444">
        <ele>2267.2</ele>
      </trkpt>
      <trkpt lat="45.894743" lon="7.644293">
        <ele>2268.1</ele>
      </trkpt>
      <trkpt lat="45.894808" lon="7.644155">
        <ele>2269.0</ele>
      </trkpt>
      <trkpt lat="45.894862" lon="7.644005">
        <ele>2269.0</ele>
      </trkpt>
      <trkpt lat="45.894925" lon="7.643868">
        <ele>2268.1</ele>
      </trkpt>
      <trkpt lat="45.894992" lon="7.643704">
        <ele>2266.7</ele>
      </trkpt>
      <trkpt lat="45.895045" lon="7.643531">
        <ele>2264.6</ele>
      </trkpt>
      <trkpt lat="45.895096" lon="7.643377">
        <ele>2263.1</ele>
      </trkpt>
      <trkpt lat="45.895142" lon="7.643207">
        <ele>2261.2</ele>
      </trkpt>
      <trkpt lat="45.895159" lon="7.643011">
        <ele>2258.5</ele>
      </trkpt>
      <trkpt lat="45.895163" lon="7.642845">
        <ele>2256.8</ele>
      </trkpt>
      <trkpt lat="45.895166" lon="7.642674">
        <ele>2255.4</ele>
      </trkpt>
      <trkpt lat="45.89517" lon="7.642544">
        <ele>2254.5</ele>
      </trkpt>
      <trkpt lat="45.895203" lon="7.642534">
        <ele>2255.4</ele>
      </trkpt>
      <trkpt lat="45.895239" lon="7.642526">
        <ele>2256.6</ele>
      </trkpt>
      <trkpt lat="45.895345" lon="7.642502">
        <ele>2259.9</ele>
      </trkpt>
      <trkpt lat="45.89543" lon="7.642445">
        <ele>2262.9</ele>
      </trkpt>
      <trkpt lat="45.895466" lon="7.642426">
        <ele>2264.7</ele>
      </trkpt>
      <trkpt lat="45.8955" lon="7.64241">
        <ele>2266.5</ele>
      </trkpt>
      <trkpt lat="45.89555" lon="7.642362">
        <ele>2268.5</ele>
      </trkpt>
      <trkpt lat="45.895594" lon="7.642302">
        <ele>2269.4</ele>
      </trkpt>
      <trkpt lat="45.895638" lon="7.642265">
        <ele>2270.6</ele>
      </trkpt>
      <trkpt lat="45.895658" lon="7.642242">
        <ele>2270.9</ele>
      </trkpt>
      <trkpt lat="45.895698" lon="7.642251">
        <ele>2273.1</ele>
      </trkpt>
      <trkpt lat="45.895714" lon="7.642239">
        <ele>2273.6</ele>
      </trkpt>
      <trkpt lat="45.895745" lon="7.642234">
        <ele>2274.9</ele>
      </trkpt>
      <trkpt lat="45.89578" lon="7.64223">
        <ele>2276.6</ele>
      </trkpt>
      <trkpt lat="45.895804" lon="7.642214">
        <ele>2277.3</ele>
      </trkpt>
      <trkpt lat="45.895855" lon="7.642209">
        <ele>2279.9</ele>
      </trkpt>
      <trkpt lat="45.895894" lon="7.642173">
        <ele>2280.9</ele>
      </trkpt>
      <trkpt lat="45.89593" lon="7.642124">
        <ele>2281.6</ele>
      </trkpt>
      <trkpt lat="45.895995" lon="7.642084">
        <ele>2283.9</ele>
      </trkpt>
      <trkpt lat="45.896046" lon="7.642061">
        <ele>2285.7</ele>
      </trkpt>
      <trkpt lat="45.896078" lon="7.642043">
        <ele>2286.6</ele>
      </trkpt>
      <trkpt lat="45.896115" lon="7.642034">
        <ele>2288.0</ele>
      </trkpt>
      <trkpt lat="45.896149" lon="7.64199">
        <ele>2288.2</ele>
      </trkpt>
      <trkpt lat="45.896179" lon="7.641926">
        <ele>2288.3</ele>
      </trkpt>
      <trkpt lat="45.896194" lon="7.641891">
        <ele>2288.5</ele>
      </trkpt>
      <trkpt lat="45.896263" lon="7.641817">
        <ele>2290.6</ele>
      </trkpt>
      <trkpt lat="45.896336" lon="7.641771">
        <ele>2292.1</ele>
      </trkpt>
      <trkpt lat="45.896399" lon="7.641699">
        <ele>2292.2</ele>
      </trkpt>
      <trkpt lat="45.896517" lon="7.641681">
        <ele>2293.2</ele>
      </trkpt>
      <trkpt lat="45.896597" lon="7.641731">
        <ele>2293.4</ele>
      </trkpt>
      <trkpt lat="45.896671" lon="7.641773">
        <ele>2293.4</ele>
      </trkpt>
      <trkpt lat="45.896781" lon="7.641781">
        <ele>2293.9</ele>
      </trkpt>
      <trkpt lat="45.89688" lon="7.641773">
        <ele>2294.9</ele>
      </trkpt>
      <trkpt lat="45.896942" lon="7.641773">
        <ele>2296.2</ele>
      </trkpt>
      <trkpt lat="45.897023" lon="7.641778">
        <ele>2297.5</ele>
      </trkpt>
      <trkpt lat="45.897103" lon="7.641786">
        <ele>2297.6</ele>
      </trkpt>
      <trkpt lat="45.897173" lon="7.641824">
        <ele>2297.9</ele>
      </trkpt>
      <trkpt lat="45.897226" lon="7.641853">
        <ele>2298.0</ele>
      </trkpt>
      <trkpt lat="45.897282" lon="7.64189">
        <ele>2298.1</ele>
      </trkpt>
      <trkpt lat="45.897327" lon="7.641766">
        <ele>2296.3</ele>
      </trkpt>
      <trkpt lat="45.897396" lon="7.641629">
        <ele>2295.7</ele>
      </trkpt>
      <trkpt lat="45.89746" lon="7.641493">
        <ele>2295.8</ele>
      </trkpt>
      <trkpt lat="45.897466" lon="7.641409">
        <ele>2295.9</ele>
      </trkpt>
      <trkpt lat="45.897435" lon="7.641261">
        <ele>2296.7</ele>
      </trkpt>
      <trkpt lat="45.897414" lon="7.641174">
        <ele>2296.8</ele>
      </trkpt>
      <trkpt lat="45.897406" lon="7.641042">
        <ele>2297.1</ele>
      </trkpt>
      <trkpt lat="45.897451" lon="7.640936">
        <ele>2299.9</ele>
      </trkpt>
      <trkpt lat="45.897485" lon="7.640772">
        <ele>2301.1</ele>
      </trkpt>
      <trkpt lat="45.897518" lon="7.640675">
        <ele>2302.0</ele>
      </trkpt>
      <trkpt lat="45.897549" lon="7.640573">
        <ele>2302.8</ele>
      </trkpt>
      <trkpt lat="45.89758" lon="7.640498">
        <ele>2303.7</ele>
      </trkpt>
      <trkpt lat="45.897651" lon="7.640401">
        <ele>2305.1</ele>
      </trkpt>
      <trkpt lat="45.897755" lon="7.640278">
        <ele>2306.9</ele>
      </trkpt>
      <trkpt lat="45.897763" lon="7.640212">
        <ele>2306.0</ele>
      </trkpt>
      <trkpt lat="45.897786" lon="7.640161">
        <ele>2306.4</ele>
      </trkpt>
      <trkpt lat="45.897825" lon="7.640059">
        <ele>2307.0</ele>
      </trkpt>
      <trkpt lat="45.897893" lon="7.639999">
        <ele>2308.4</ele>
      </trkpt>
      <trkpt lat="45.897934" lon="7.639894">
        <ele>2307.4</ele>
      </trkpt>
      <trkpt lat="45.897955" lon="7.63966">
        <ele>2309.4</ele>
      </trkpt>
      <trkpt lat="45.897955" lon="7.639484">
        <ele>2312.2</ele>
      </trkpt>
      <trkpt lat="45.897922" lon="7.639435">
        <ele>2312.2</ele>
      </trkpt>
      <trkpt lat="45.897922" lon="7.639354">
        <ele>2313.6</ele>
      </trkpt>
      <trkpt lat="45.897864" lon="7.639239">
        <ele>2313.7</ele>
      </trkpt>
      <trkpt lat="45.897823" lon="7.639085">
        <ele>2314.9</ele>
      </trkpt>
      <trkpt lat="45.89778" lon="7.638968">
        <ele>2315.6</ele>
      </trkpt>
      <trkpt lat="45.89776" lon="7.638846">
        <ele>2317.0</ele>
      </trkpt>
      <trkpt lat="45.897792" lon="7.638801">
        <ele>2317.8</ele>
      </trkpt>
      <trkpt lat="45.897884" lon="7.638724">
        <ele>2318.2</ele>
      </trkpt>
      <trkpt lat="45.897969" lon="7.638688">
        <ele>2317.9</ele>
      </trkpt>
      <trkpt lat="45.898043" lon="7.638568">
        <ele>2315.9</ele>
      </trkpt>
      <trkpt lat="45.898151" lon="7.638562">
        <ele>2313.9</ele>
      </trkpt>
      <trkpt lat="45.898189" lon="7.638529">
        <ele>2312.2</ele>
      </trkpt>
      <trkpt lat="45.89826" lon="7.638577">
        <ele>2312.4</ele>
      </trkpt>
      <trkpt lat="45.898329" lon="7.638583">
        <ele>2312.4</ele>
      </trkpt>
      <trkpt lat="45.898431" lon="7.638639">
        <ele>2313.1</ele>
      </trkpt>
      <trkpt lat="45.898697" lon="7.638849">
        <ele>2315.5</ele>
      </trkpt>
      <trkpt lat="45.898856" lon="7.639008">
        <ele>2317.0</ele>
      </trkpt>
      <trkpt lat="45.89891" lon="7.639045">
        <ele>2317.1</ele>
      </trkpt>
      <trkpt lat="45.899124" lon="7.639054">
        <ele>2317.5</ele>
      </trkpt>
      <trkpt lat="45.899253" lon="7.639077">
        <ele>2318.6</ele>
      </trkpt>
      <trkpt lat="45.899321" lon="7.639047">
        <ele>2318.9</ele>
      </trkpt>
      <trkpt lat="45.899463" lon="7.63886">
        <ele>2320.6</ele>
      </trkpt>
      <trkpt lat="45.89985" lon="7.638648">
        <ele>2324.6</ele>
      </trkpt>
      <trkpt lat="45.900013" lon="7.63859">
        <ele>2325.6</ele>
      </trkpt>
      <trkpt lat="45.900073" lon="7.638533">
        <ele>2325.3</ele>
      </trkpt>
      <trkpt lat="45.900108" lon="7.63846">
        <ele>2325.1</ele>
      </trkpt>
      <trkpt lat="45.900126" lon="7.638356">
        <ele>2325.1</ele>
      </trkpt>
      <trkpt lat="45.900151" lon="7.637849">
        <ele>2323.1</ele>
      </trkpt>
      <trkpt lat="45.900161" lon="7.637783">
        <ele>2322.9</ele>
      </trkpt>
      <trkpt lat="45.900193" lon="7.637717">
        <ele>2322.9</ele>
      </trkpt>
      <trkpt lat="45.900338" lon="7.637567">
        <ele>2322.4</ele>
      </trkpt>
      <trkpt lat="45.900384" lon="7.637483">
        <ele>2321.6</ele>
      </trkpt>
      <trkpt lat="45.90047" lon="7.63721">
        <ele>2320.4</ele>
      </trkpt>
      <trkpt lat="45.900534" lon="7.637003">
        <ele>2319.9</ele>
      </trkpt>
      <trkpt lat="45.900586" lon="7.636862">
        <ele>2319.5</ele>
      </trkpt>
      <trkpt lat="45.900646" lon="7.636745">
        <ele>2318.5</ele>
      </trkpt>
      <trkpt lat="45.900724" lon="7.636601">
        <ele>2316.9</ele>
      </trkpt>
      <trkpt lat="45.900766" lon="7.636555">
        <ele>2316.5</ele>
      </trkpt>
      <trkpt lat="45.900837" lon="7.636551">
        <ele>2316.4</ele>
      </trkpt>
      <trkpt lat="45.90099" lon="7.636558">
        <ele>2315.3</ele>
      </trkpt>
      <trkpt lat="45.901091" lon="7.636535">
        <ele>2313.6</ele>
      </trkpt>
      <trkpt lat="45.901181" lon="7.636483">
        <ele>2311.3</ele>
      </trkpt>
      <trkpt lat="45.901321" lon="7.636383">
        <ele>2307.0</ele>
      </trkpt>
      <trkpt lat="45.901364" lon="7.636472">
        <ele>2308.1</ele>
      </trkpt>
      <trkpt lat="45.901422" lon="7.636538">
        <ele>2309.0</ele>
      </trkpt>
      <trkpt lat="45.901553" lon="7.63659">
        <ele>2308.4</ele>
      </trkpt>
      <trkpt lat="45.901673" lon="7.636665">
        <ele>2308.8</ele>
      </trkpt>
      <trkpt lat="45.90192" lon="7.636729">
        <ele>2309.1</ele>
      </trkpt>
      <trkpt lat="45.90207" lon="7.636808">
        <ele>2309.7</ele>
      </trkpt>
      <trkpt lat="45.902295" lon="7.636977">
        <ele>2309.5</ele>
      </trkpt>
      <trkpt lat="45.902519" lon="7.637146">
        <ele>2310.1</ele>
      </trkpt>
      <trkpt lat="45.90275" lon="7.637364">
        <ele>2310.0</ele>
      </trkpt>
      <trkpt lat="45.90298" lon="7.637583">
        <ele>2310.0</ele>
      </trkpt>
      <trkpt lat="45.903099" lon="7.637731">
        <ele>2311.2</ele>
      </trkpt>
      <trkpt lat="45.903223" lon="7.637808">
        <ele>2311.5</ele>
      </trkpt>
      <trkpt lat="45.903499" lon="7.63825">
        <ele>2315.0</ele>
      </trkpt>
      <trkpt lat="45.90362" lon="7.638361">
        <ele>2315.4</ele>
      </trkpt>
      <trkpt lat="45.903763" lon="7.638409">
        <ele>2316.1</ele>
      </trkpt>
      <trkpt lat="45.90391" lon="7.638456">
        <ele>2317.9</ele>
      </trkpt>
      <trkpt lat="45.904046" lon="7.638512">
        <ele>2319.3</ele>
      </trkpt>
      <trkpt lat="45.904184" lon="7.638632">
        <ele>2321.3</ele>
      </trkpt>
      <trkpt lat="45.904341" lon="7.638732">
        <ele>2322.4</ele>
      </trkpt>
      <trkpt lat="45.904487" lon="7.638818">
        <ele>2323.8</ele>
      </trkpt>
      <trkpt lat="45.904677" lon="7.638879">
        <ele>2323.4</ele>
      </trkpt>
      <trkpt lat="45.904882" lon="7.638861">
        <ele>2323.6</ele>
      </trkpt>
      <trkpt lat="45.905269" lon="7.638763">
        <ele>2324.9</ele>
      </trkpt>
      <trkpt lat="45.905482" lon="7.638693">
        <ele>2324.2</ele>
      </trkpt>
      <trkpt lat="45.905753" lon="7.638578">
        <ele>2322.5</ele>
      </trkpt>
      <trkpt lat="45.905928" lon="7.63847">
        <ele>2321.7</ele>
      </trkpt>
      <trkpt lat="45.906092" lon="7.638334">
        <ele>2321.1</ele>
      </trkpt>
      <trkpt lat="45.906192" lon="7.638149">
        <ele>2322.6</ele>
      </trkpt>
      <trkpt lat="45.906218" lon="7.638055">
        <ele>2324.2</ele>
      </trkpt>
      <trkpt lat="45.906247" lon="7.637847">
        <ele>2327.7</ele>
      </trkpt>
      <trkpt lat="45.906254" lon="7.637727">
        <ele>2328.2</ele>
      </trkpt>
      <trkpt lat="45.906302" lon="7.637511">
        <ele>2327.5</ele>
      </trkpt>
      <trkpt lat="45.906415" lon="7.637019">
        <ele>2324.7</ele>
      </trkpt>
      <trkpt lat="45.906482" lon="7.636578">
        <ele>2323.0</ele>
      </trkpt>
      <trkpt lat="45.906538" lon="7.636241">
        <ele>2323.0</ele>
      </trkpt>
      <trkpt lat="45.906555" lon="7.636081">
        <ele>2322.0</ele>
      </trkpt>
      <trkpt lat="45.906465" lon="7.635608">
        <ele>2318.9</ele>
      </trkpt>
      <trkpt lat="45.906362" lon="7.635149">
        <ele>2317.4</ele>
      </trkpt>
      <trkpt lat="45.906259" lon="7.634691">
        <ele>2316.3</ele>
      </trkpt>
      <trkpt lat="45.906254" lon="7.634518">
        <ele>2315.8</ele>
      </trkpt>
      <trkpt lat="45.906274" lon="7.634414">
        <ele>2315.5</ele>
      </trkpt>
      <trkpt lat="45.906376" lon="7.634181">
        <ele>2315.2</ele>
      </trkpt>
      <trkpt lat="45.906465" lon="7.633959">
        <ele>2315.4</ele>
      </trkpt>
      <trkpt lat="45.90651" lon="7.633873">
        <ele>2314.7</ele>
      </trkpt>
      <trkpt lat="45.90661" lon="7.63374">
        <ele>2314.6</ele>
      </trkpt>
      <trkpt lat="45.906766" lon="7.633497">
        <ele>2312.0</ele>
      </trkpt>
      <trkpt lat="45.906923" lon="7.633254">
        <ele>2311.3</ele>
      </trkpt>
      <trkpt lat="45.907033" lon="7.63305">
        <ele>2311.5</ele>
      </trkpt>
      <trkpt lat="45.907111" lon="7.632848">
        <ele>2309.2</ele>
      </trkpt>
      <trkpt lat="45.907186" lon="7.63258">
        <ele>2309.7</ele>
      </trkpt>
      <trkpt lat="45.907254" lon="7.632388">
        <ele>2311.7</ele>
      </trkpt>
      <trkpt lat="45.907246" lon="7.632315">
        <ele>2310.1</ele>
      </trkpt>
      <trkpt lat="45.907237" lon="7.632172">
        <ele>2308.2</ele>
      </trkpt>
      <trkpt lat="45.90721" lon="7.632027">
        <ele>2307.3</ele>
      </trkpt>
      <trkpt lat="45.907156" lon="7.631907">
        <ele>2306.2</ele>
      </trkpt>
      <trkpt lat="45.9071" lon="7.63182">
        <ele>2304.9</ele>
      </trkpt>
      <trkpt lat="45.907073" lon="7.631735">
        <ele>2304.7</ele>
      </trkpt>
      <trkpt lat="45.907061" lon="7.631639">
        <ele>2304.7</ele>
      </trkpt>
      <trkpt lat="45.907065" lon="7.631537">
        <ele>2304.1</ele>
      </trkpt>
      <trkpt lat="45.907091" lon="7.631392">
        <ele>2302.6</ele>
      </trkpt>
      <trkpt lat="45.907204" lon="7.631011">
        <ele>2299.3</ele>
      </trkpt>
      <trkpt lat="45.90722" lon="7.630953">
        <ele>2298.4</ele>
      </trkpt>
      <trkpt lat="45.90732" lon="7.630827">
        <ele>2297.5</ele>
      </trkpt>
      <trkpt lat="45.907347" lon="7.630894">
        <ele>2299.2</ele>
      </trkpt>
      <trkpt lat="45.907387" lon="7.63095">
        <ele>2301.7</ele>
      </trkpt>
      <trkpt lat="45.907428" lon="7.630964">
        <ele>2303.4</ele>
      </trkpt>
      <trkpt lat="45.907493" lon="7.63094">
        <ele>2304.7</ele>
      </trkpt>
      <trkpt lat="45.907562" lon="7.630904">
        <ele>2305.9</ele>
      </trkpt>
      <trkpt lat="45.907621" lon="7.630891">
        <ele>2308.1</ele>
      </trkpt>
      <trkpt lat="45.907673" lon="7.63088">
        <ele>2310.1</ele>
      </trkpt>
      <trkpt lat="45.907721" lon="7.630857">
        <ele>2311.2</ele>
      </trkpt>
      <trkpt lat="45.907765" lon="7.630828">
        <ele>2312.1</ele>
      </trkpt>
      <trkpt lat="45.907828" lon="7.630828">
        <ele>2315.0</ele>
      </trkpt>
      <trkpt lat="45.907892" lon="7.630838">
        <ele>2317.5</ele>
      </trkpt>
      <trkpt lat="45.907928" lon="7.630857">
        <ele>2318.9</ele>
      </trkpt>
      <trkpt lat="45.907978" lon="7.630875">
        <ele>2320.4</ele>
      </trkpt>
      <trkpt lat="45.908014" lon="7.630898">
        <ele>2321.8</ele>
      </trkpt>
      <trkpt lat="45.908063" lon="7.630917">
        <ele>2323.2</ele>
      </trkpt>
      <trkpt lat="45.908112" lon="7.630925">
        <ele>2324.2</ele>
      </trkpt>
      <trkpt lat="45.908156" lon="7.630891">
        <ele>2323.9</ele>
      </trkpt>
      <trkpt lat="45.908209" lon="7.630888">
        <ele>2324.6</ele>
      </trkpt>
      <trkpt lat="45.908245" lon="7.630951">
        <ele>2326.9</ele>
      </trkpt>
      <trkpt lat="45.908306" lon="7.630987">
        <ele>2328.9</ele>
      </trkpt>
      <trkpt lat="45.908549" lon="7.630852">
        <ele>2329.7</ele>
      </trkpt>
      <trkpt lat="45.908852" lon="7.630572">
        <ele>2331.1</ele>
      </trkpt>
      <trkpt lat="45.909002" lon="7.63033">
        <ele>2330.8</ele>
      </trkpt>
      <trkpt lat="45.90926" lon="7.630323">
        <ele>2332.4</ele>
      </trkpt>
      <trkpt lat="45.909434" lon="7.630416">
        <ele>2334.5</ele>
      </trkpt>
      <trkpt lat="45.909628" lon="7.630623">
        <ele>2337.8</ele>
      </trkpt>
      <trkpt lat="45.909881" lon="7.630966">
        <ele>2340.6</ele>
      </trkpt>
      <trkpt lat="45.91001" lon="7.63133">
        <ele>2345.0</ele>
      </trkpt>
      <trkpt lat="45.910154" lon="7.631459">
        <ele>2346.8</ele>
      </trkpt>
      <trkpt lat="45.910418" lon="7.631516">
        <ele>2349.8</ele>
      </trkpt>
      <trkpt lat="45.910626" lon="7.631687">
        <ele>2352.1</ele>
      </trkpt>
      <trkpt lat="45.910825" lon="7.631966">
        <ele>2356.2</ele>
      </trkpt>
      <trkpt lat="45.911019" lon="7.632144">
        <ele>2358.7</ele>
      </trkpt>
      <trkpt lat="45.911158" lon="7.632387">
        <ele>2361.6</ele>
      </trkpt>
      <trkpt lat="45.911292" lon="7.632544">
        <ele>2364.0</ele>
      </trkpt>
      <trkpt lat="45.911476" lon="7.632822">
        <ele>2367.6</ele>
      </trkpt>
      <trkpt lat="45.911626" lon="7.63298">
        <ele>2368.5</ele>
      </trkpt>
      <trkpt lat="45.911768" lon="7.633155">
        <ele>2370.2</ele>
      </trkpt>
      <trkpt lat="45.911917" lon="7.633287">
        <ele>2371.1</ele>
      </trkpt>
      <trkpt lat="45.912226" lon="7.633701">
        <ele>2373.9</ele>
      </trkpt>
      <trkpt lat="45.91246" lon="7.633722">
        <ele>2375.2</ele>
      </trkpt>
      <trkpt lat="45.912765" lon="7.633587">
        <ele>2376.1</ele>
      </trkpt>
      <trkpt lat="45.913071" lon="7.633451">
        <ele>2379.7</ele>
      </trkpt>
      <trkpt lat="45.91325" lon="7.633429">
        <ele>2383.4</ele>
      </trkpt>
      <trkpt lat="45.913682" lon="7.633594">
        <ele>2385.0</ele>
      </trkpt>
      <trkpt lat="45.914049" lon="7.633529">
        <ele>2384.1</ele>
      </trkpt>
      <trkpt lat="45.914192" lon="7.633571">
        <ele>2383.6</ele>
      </trkpt>
      <trkpt lat="45.914335" lon="7.633661">
        <ele>2383.0</ele>
      </trkpt>
      <trkpt lat="45.914385" lon="7.6337">
        <ele>2382.7</ele>
      </trkpt>
      <trkpt lat="45.914481" lon="7.633716">
        <ele>2382.8</ele>
      </trkpt>
      <trkpt lat="45.914562" lon="7.633714">
        <ele>2382.8</ele>
      </trkpt>
      <trkpt lat="45.914685" lon="7.633694">
        <ele>2382.3</ele>
      </trkpt>
      <trkpt lat="45.914749" lon="7.633692">
        <ele>2382.5</ele>
      </trkpt>
      <trkpt lat="45.914822" lon="7.633699">
        <ele>2383.5</ele>
      </trkpt>
      <trkpt lat="45.914894" lon="7.633734">
        <ele>2384.5</ele>
      </trkpt>
      <trkpt lat="45.91495" lon="7.63377">
        <ele>2385.1</ele>
      </trkpt>
      <trkpt lat="45.915097" lon="7.633926">
        <ele>2386.8</ele>
      </trkpt>
      <trkpt lat="45.915156" lon="7.633991">
        <ele>2387.6</ele>
      </trkpt>
      <trkpt lat="45.915248" lon="7.634121">
        <ele>2389.0</ele>
      </trkpt>
      <trkpt lat="45.915486" lon="7.634534">
        <ele>2390.5</ele>
      </trkpt>
      <trkpt lat="45.915549" lon="7.634666">
        <ele>2391.1</ele>
      </trkpt>
      <trkpt lat="45.915625" lon="7.634808">
        <ele>2392.0</ele>
      </trkpt>
      <trkpt lat="45.915707" lon="7.634877">
        <ele>2393.1</ele>
      </trkpt>
      <trkpt lat="45.915781" lon="7.634895">
        <ele>2393.0</ele>
      </trkpt>
      <trkpt lat="45.915885" lon="7.634898">
        <ele>2392.6</ele>
      </trkpt>
      <trkpt lat="45.915979" lon="7.634886">
        <ele>2392.2</ele>
      </trkpt>
      <trkpt lat="45.916024" lon="7.634874">
        <ele>2391.9</ele>
      </trkpt>
      <trkpt lat="45.916073" lon="7.634845">
        <ele>2391.2</ele>
      </trkpt>
      <trkpt lat="45.916249" lon="7.634762">
        <ele>2391.2</ele>
      </trkpt>
      <trkpt lat="45.916328" lon="7.634744">
        <ele>2391.4</ele>
      </trkpt>
      <trkpt lat="45.91638" lon="7.634738">
        <ele>2391.7</ele>
      </trkpt>
      <trkpt lat="45.916465" lon="7.634709">
        <ele>2391.9</ele>
      </trkpt>
      <trkpt lat="45.916531" lon="7.634663">
        <ele>2391.6</ele>
      </trkpt>
      <trkpt lat="45.91662" lon="7.634659">
        <ele>2391.6</ele>
      </trkpt>
      <trkpt lat="45.916675" lon="7.634671">
        <ele>2391.3</ele>
      </trkpt>
      <trkpt lat="45.91672" lon="7.634691">
        <ele>2391.0</ele>
      </trkpt>
      <trkpt lat="45.916761" lon="7.634729">
        <ele>2390.9</ele>
      </trkpt>
      <trkpt lat="45.916799" lon="7.634774">
        <ele>2391.2</ele>
      </trkpt>
      <trkpt lat="45.916898" lon="7.634911">
        <ele>2391.6</ele>
      </trkpt>
      <trkpt lat="45.916996" lon="7.635044">
        <ele>2391.7</ele>
      </trkpt>
      <trkpt lat="45.917145" lon="7.635218">
        <ele>2390.7</ele>
      </trkpt>
      <trkpt lat="45.917223" lon="7.635362">
        <ele>2391.0</ele>
      </trkpt>
      <trkpt lat="45.917289" lon="7.635527">
        <ele>2391.5</ele>
      </trkpt>
      <trkpt lat="45.91737" lon="7.635725">
        <ele>2390.9</ele>
      </trkpt>
      <trkpt lat="45.91746" lon="7.635834">
        <ele>2392.1</ele>
      </trkpt>
      <trkpt lat="45.917566" lon="7.635908">
        <ele>2391.8</ele>
      </trkpt>
      <trkpt lat="45.917696" lon="7.635987">
        <ele>2391.2</ele>
      </trkpt>
      <trkpt lat="45.917864" lon="7.636053">
        <ele>2391.5</ele>
      </trkpt>
      <trkpt lat="45.918043" lon="7.636227">
        <ele>2390.9</ele>
      </trkpt>
      <trkpt lat="45.918132" lon="7.636282">
        <ele>2391.7</ele>
      </trkpt>
      <trkpt lat="45.918298" lon="7.636302">
        <ele>2391.5</ele>
      </trkpt>
      <trkpt lat="45.918438" lon="7.636292">
        <ele>2392.1</ele>
      </trkpt>
      <trkpt lat="45.918516" lon="7.636259">
        <ele>2392.5</ele>
      </trkpt>
      <trkpt lat="45.918676" lon="7.636133">
        <ele>2391.5</ele>
      </trkpt>
      <trkpt lat="45.918749" lon="7.636093">
        <ele>2391.6</ele>
      </trkpt>
      <trkpt lat="45.918955" lon="7.636031">
        <ele>2392.0</ele>
      </trkpt>
      <trkpt lat="45.919214" lon="7.635978">
        <ele>2390.9</ele>
      </trkpt>
      <trkpt lat="45.919226" lon="7.635937">
        <ele>2389.5</ele>
      </trkpt>
      <trkpt lat="45.919289" lon="7.635833">
        <ele>2386.6</ele>
      </trkpt>
      <trkpt lat="45.91933" lon="7.635802">
        <ele>2385.9</ele>
      </trkpt>
      <trkpt lat="45.91936" lon="7.635722">
        <ele>2384.1</ele>
      </trkpt>
      <trkpt lat="45.919401" lon="7.635657">
        <ele>2383.2</ele>
      </trkpt>
      <trkpt lat="45.919556" lon="7.635618">
        <ele>2381.0</ele>
      </trkpt>
      <trkpt lat="45.919696" lon="7.63558">
        <ele>2379.0</ele>
      </trkpt>
      <trkpt lat="45.919773" lon="7.635612">
        <ele>2378.2</ele>
      </trkpt>
      <trkpt lat="45.919826" lon="7.635616">
        <ele>2376.4</ele>
      </trkpt>
      <trkpt lat="45.919906" lon="7.635708">
        <ele>2372.4</ele>
      </trkpt>
      <trkpt lat="45.919984" lon="7.635795">
        <ele>2369.9</ele>
      </trkpt>
      <trkpt lat="45.920094" lon="7.635838">
        <ele>2367.1</ele>
      </trkpt>
      <trkpt lat="45.920238" lon="7.635866">
        <ele>2364.2</ele>
      </trkpt>
      <trkpt lat="45.920353" lon="7.635874">
        <ele>2361.5</ele>
      </trkpt>
      <trkpt lat="45.920415" lon="7.635891">
        <ele>2359.5</ele>
      </trkpt>
      <trkpt lat="45.920455" lon="7.63592">
        <ele>2358.4</ele>
      </trkpt>
      <trkpt lat="45.920535" lon="7.635989">
        <ele>2356.4</ele>
      </trkpt>
      <trkpt lat="45.920565" lon="7.63602">
        <ele>2355.9</ele>
      </trkpt>
      <trkpt lat="45.920611" lon="7.636042">
        <ele>2354.4</ele>
      </trkpt>
      <trkpt lat="45.920639" lon="7.636087">
        <ele>2354.8</ele>
      </trkpt>
      <trkpt lat="45.920722" lon="7.63609">
        <ele>2352.1</ele>
      </trkpt>
      <trkpt lat="45.920722" lon="7.636089">
        <ele>2352.1</ele>
        <name>Pista Alpe Layet Stazione Superiore Lago Blu, Valtournenche</name>
        <extensions>
          <oa:Extension>
            <oa:mapZoom>16</oa:mapZoom>
          </oa:Extension>
        </extensions>
      </trkpt>
      <trkpt lat="45.920792" lon="7.636058">
        <ele>2349.4</ele>
      </trkpt>
      <trkpt lat="45.920944" lon="7.636043">
        <ele>2346.2</ele>
      </trkpt>
      <trkpt lat="45.92108" lon="7.636052">
        <ele>2344.2</ele>
      </trkpt>
      <trkpt lat="45.921211" lon="7.636086">
        <ele>2343.0</ele>
      </trkpt>
      <trkpt lat="45.921338" lon="7.636112">
        <ele>2341.3</ele>
      </trkpt>
      <trkpt lat="45.921475" lon="7.636116">
        <ele>2338.5</ele>
      </trkpt>
      <trkpt lat="45.921621" lon="7.63612">
        <ele>2335.7</ele>
      </trkpt>
      <trkpt lat="45.921838" lon="7.63616">
        <ele>2332.8</ele>
      </trkpt>
      <trkpt lat="45.92197" lon="7.636171">
        <ele>2331.4</ele>
      </trkpt>
      <trkpt lat="45.922109" lon="7.636156">
        <ele>2328.8</ele>
      </trkpt>
      <trkpt lat="45.922223" lon="7.636085">
        <ele>2326.7</ele>
      </trkpt>
      <trkpt lat="45.922412" lon="7.635943">
        <ele>2326.0</ele>
      </trkpt>
      <trkpt lat="45.922474" lon="7.635934">
        <ele>2325.4</ele>
      </trkpt>
      <trkpt lat="45.922522" lon="7.635853">
        <ele>2324.1</ele>
      </trkpt>
      <trkpt lat="45.922664" lon="7.635739">
        <ele>2321.6</ele>
      </trkpt>
      <trkpt lat="45.922742" lon="7.635714">
        <ele>2320.3</ele>
      </trkpt>
      <trkpt lat="45.922775" lon="7.635659">
        <ele>2318.4</ele>
      </trkpt>
      <trkpt lat="45.922849" lon="7.63563">
        <ele>2316.7</ele>
      </trkpt>
      <trkpt lat="45.922886" lon="7.635602">
        <ele>2315.7</ele>
      </trkpt>
      <trkpt lat="45.922891" lon="7.635513">
        <ele>2312.9</ele>
      </trkpt>
      <trkpt lat="45.922898" lon="7.635375">
        <ele>2309.2</ele>
      </trkpt>
      <trkpt lat="45.922919" lon="7.635261">
        <ele>2307.6</ele>
      </trkpt>
      <trkpt lat="45.922968" lon="7.635149">
        <ele>2307.3</ele>
      </trkpt>
      <trkpt lat="45.922974" lon="7.634961">
        <ele>2305.1</ele>
      </trkpt>
      <trkpt lat="45.923017" lon="7.634844">
        <ele>2304.9</ele>
      </trkpt>
      <trkpt lat="45.923051" lon="7.634688">
        <ele>2304.1</ele>
      </trkpt>
      <trkpt lat="45.923028" lon="7.63439">
        <ele>2302.3</ele>
      </trkpt>
      <trkpt lat="45.922997" lon="7.634096">
        <ele>2302.7</ele>
      </trkpt>
      <trkpt lat="45.922932" lon="7.633641">
        <ele>2303.6</ele>
      </trkpt>
      <trkpt lat="45.922903" lon="7.633403">
        <ele>2302.7</ele>
      </trkpt>
      <trkpt lat="45.922899" lon="7.633116">
        <ele>2300.1</ele>
      </trkpt>
      <trkpt lat="45.922901" lon="7.632869">
        <ele>2296.6</ele>
      </trkpt>
      <trkpt lat="45.922944" lon="7.632682">
        <ele>2294.6</ele>
      </trkpt>
      <trkpt lat="45.922988" lon="7.632536">
        <ele>2293.1</ele>
      </trkpt>
      <trkpt lat="45.923013" lon="7.632389">
        <ele>2290.7</ele>
      </trkpt>
      <trkpt lat="45.923022" lon="7.632161">
        <ele>2286.4</ele>
      </trkpt>
      <trkpt lat="45.922996" lon="7.631984">
        <ele>2283.0</ele>
      </trkpt>
      <trkpt lat="45.922955" lon="7.631834">
        <ele>2280.7</ele>
      </trkpt>
      <trkpt lat="45.922927" lon="7.631657">
        <ele>2277.1</ele>
      </trkpt>
      <trkpt lat="45.922912" lon="7.631527">
        <ele>2273.9</ele>
      </trkpt>
      <trkpt lat="45.922982" lon="7.631276">
        <ele>2268.9</ele>
      </trkpt>
      <trkpt lat="45.923014" lon="7.631079">
        <ele>2268.1</ele>
      </trkpt>
      <trkpt lat="45.92307" lon="7.630836">
        <ele>2266.0</ele>
      </trkpt>
      <trkpt lat="45.92306" lon="7.630626">
        <ele>2263.6</ele>
      </trkpt>
      <trkpt lat="45.923039" lon="7.630348">
        <ele>2260.0</ele>
      </trkpt>
      <trkpt lat="45.923006" lon="7.630016">
        <ele>2257.4</ele>
      </trkpt>
      <trkpt lat="45.923006" lon="7.629833">
        <ele>2255.4</ele>
      </trkpt>
      <trkpt lat="45.92297" lon="7.629667">
        <ele>2253.7</ele>
      </trkpt>
      <trkpt lat="45.922927" lon="7.629546">
        <ele>2253.1</ele>
      </trkpt>
      <trkpt lat="45.922858" lon="7.629396">
        <ele>2250.8</ele>
      </trkpt>
      <trkpt lat="45.922713" lon="7.629138">
        <ele>2246.7</ele>
      </trkpt>
      <trkpt lat="45.922606" lon="7.628992">
        <ele>2243.4</ele>
      </trkpt>
      <trkpt lat="45.922554" lon="7.628925">
        <ele>2241.8</ele>
      </trkpt>
      <trkpt lat="45.92247" lon="7.628878">
        <ele>2241.0</ele>
      </trkpt>
      <trkpt lat="45.922444" lon="7.628782">
        <ele>2238.6</ele>
      </trkpt>
      <trkpt lat="45.922407" lon="7.62872">
        <ele>2237.2</ele>
      </trkpt>
      <trkpt lat="45.92236" lon="7.628652">
        <ele>2234.9</ele>
      </trkpt>
      <trkpt lat="45.922304" lon="7.62857">
        <ele>2232.1</ele>
      </trkpt>
      <trkpt lat="45.92226" lon="7.628472">
        <ele>2229.7</ele>
      </trkpt>
      <trkpt lat="45.922227" lon="7.628367">
        <ele>2226.3</ele>
      </trkpt>
      <trkpt lat="45.922178" lon="7.628249">
        <ele>2222.0</ele>
      </trkpt>
      <trkpt lat="45.922137" lon="7.628169">
        <ele>2219.9</ele>
      </trkpt>
      <trkpt lat="45.922094" lon="7.6281">
        <ele>2218.7</ele>
      </trkpt>
      <trkpt lat="45.922059" lon="7.628036">
        <ele>2217.5</ele>
      </trkpt>
      <trkpt lat="45.922035" lon="7.627945">
        <ele>2215.2</ele>
      </trkpt>
      <trkpt lat="45.922157" lon="7.627967">
        <ele>2213.2</ele>
      </trkpt>
      <trkpt lat="45.922235" lon="7.627978">
        <ele>2211.8</ele>
      </trkpt>
      <trkpt lat="45.922321" lon="7.627985">
        <ele>2210.4</ele>
      </trkpt>
      <trkpt lat="45.922393" lon="7.627969">
        <ele>2208.7</ele>
      </trkpt>
      <trkpt lat="45.922464" lon="7.627913">
        <ele>2206.1</ele>
      </trkpt>
      <trkpt lat="45.922504" lon="7.627856">
        <ele>2203.8</ele>
      </trkpt>
      <trkpt lat="45.922508" lon="7.627787">
        <ele>2201.7</ele>
      </trkpt>
      <trkpt lat="45.922467" lon="7.627693">
        <ele>2199.6</ele>
      </trkpt>
      <trkpt lat="45.922434" lon="7.627626">
        <ele>2198.3</ele>
      </trkpt>
      <trkpt lat="45.922401" lon="7.627533">
        <ele>2196.5</ele>
      </trkpt>
      <trkpt lat="45.922377" lon="7.627466">
        <ele>2195.2</ele>
      </trkpt>
      <trkpt lat="45.922338" lon="7.627399">
        <ele>2194.1</ele>
      </trkpt>
      <trkpt lat="45.922295" lon="7.627341">
        <ele>2193.3</ele>
      </trkpt>
      <trkpt lat="45.92226" lon="7.627291">
        <ele>2192.8</ele>
      </trkpt>
      <trkpt lat="45.922214" lon="7.627227">
        <ele>2192.1</ele>
      </trkpt>
      <trkpt lat="45.922267" lon="7.627237">
        <ele>2191.5</ele>
      </trkpt>
      <trkpt lat="45.922338" lon="7.627245">
        <ele>2190.2</ele>
      </trkpt>
      <trkpt lat="45.922423" lon="7.627239">
        <ele>2188.3</ele>
      </trkpt>
      <trkpt lat="45.922512" lon="7.627245">
        <ele>2186.7</ele>
      </trkpt>
      <trkpt lat="45.922607" lon="7.627222">
        <ele>2184.3</ele>
      </trkpt>
      <trkpt lat="45.922688" lon="7.627227">
        <ele>2183.0</ele>
      </trkpt>
      <trkpt lat="45.922802" lon="7.627229">
        <ele>2181.1</ele>
      </trkpt>
      <trkpt lat="45.922927" lon="7.627189">
        <ele>2178.4</ele>
      </trkpt>
      <trkpt lat="45.923054" lon="7.627194">
        <ele>2178.8</ele>
      </trkpt>
      <trkpt lat="45.923114" lon="7.627223">
        <ele>2178.9</ele>
      </trkpt>
      <trkpt lat="45.923229" lon="7.627291">
        <ele>2176.7</ele>
      </trkpt>
      <trkpt lat="45.923373" lon="7.627383">
        <ele>2172.2</ele>
      </trkpt>
      <trkpt lat="45.923467" lon="7.627505">
        <ele>2169.1</ele>
      </trkpt>
      <trkpt lat="45.923618" lon="7.62773">
        <ele>2165.1</ele>
      </trkpt>
      <trkpt lat="45.923769" lon="7.627827">
        <ele>2161.6</ele>
      </trkpt>
      <trkpt lat="45.923903" lon="7.627905">
        <ele>2157.9</ele>
      </trkpt>
      <trkpt lat="45.924063" lon="7.628047">
        <ele>2154.2</ele>
      </trkpt>
      <trkpt lat="45.924182" lon="7.628111">
        <ele>2151.7</ele>
      </trkpt>
      <trkpt lat="45.924328" lon="7.628138">
        <ele>2150.9</ele>
      </trkpt>
      <trkpt lat="45.924555" lon="7.628168">
        <ele>2147.8</ele>
      </trkpt>
      <trkpt lat="45.924749" lon="7.628142">
        <ele>2146.6</ele>
      </trkpt>
      <trkpt lat="45.924892" lon="7.628004">
        <ele>2147.2</ele>
      </trkpt>
      <trkpt lat="45.925106" lon="7.627838">
        <ele>2143.7</ele>
      </trkpt>
      <trkpt lat="45.925356" lon="7.62776">
        <ele>2141.1</ele>
      </trkpt>
      <trkpt lat="45.925562" lon="7.627687">
        <ele>2139.0</ele>
      </trkpt>
      <trkpt lat="45.925692" lon="7.627594">
        <ele>2136.2</ele>
      </trkpt>
      <trkpt lat="45.925836" lon="7.627489">
        <ele>2132.3</ele>
      </trkpt>
      <trkpt lat="45.925949" lon="7.627457">
        <ele>2131.1</ele>
      </trkpt>
      <trkpt lat="45.92609" lon="7.62746">
        <ele>2130.9</ele>
      </trkpt>
      <trkpt lat="45.926195" lon="7.627455">
        <ele>2130.8</ele>
      </trkpt>
      <trkpt lat="45.926296" lon="7.627431">
        <ele>2131.4</ele>
      </trkpt>
      <trkpt lat="45.926401" lon="7.627431">
        <ele>2131.8</ele>
      </trkpt>
      <trkpt lat="45.926504" lon="7.627461">
        <ele>2132.1</ele>
      </trkpt>
      <trkpt lat="45.926596" lon="7.627499">
        <ele>2131.5</ele>
      </trkpt>
      <trkpt lat="45.926678" lon="7.627552">
        <ele>2129.9</ele>
      </trkpt>
      <trkpt lat="45.926806" lon="7.627663">
        <ele>2128.0</ele>
      </trkpt>
      <trkpt lat="45.926895" lon="7.627798">
        <ele>2127.8</ele>
      </trkpt>
      <trkpt lat="45.926975" lon="7.6279">
        <ele>2125.5</ele>
      </trkpt>
      <trkpt lat="45.927056" lon="7.628025">
        <ele>2124.1</ele>
      </trkpt>
      <trkpt lat="45.927151" lon="7.628165">
        <ele>2123.7</ele>
      </trkpt>
      <trkpt lat="45.927229" lon="7.62825">
        <ele>2122.2</ele>
      </trkpt>
      <trkpt lat="45.927306" lon="7.628328">
        <ele>2120.1</ele>
      </trkpt>
      <trkpt lat="45.927377" lon="7.628422">
        <ele>2117.9</ele>
      </trkpt>
      <trkpt lat="45.927563" lon="7.628554">
        <ele>2114.5</ele>
      </trkpt>
      <trkpt lat="45.927628" lon="7.628617">
        <ele>2113.4</ele>
      </trkpt>
      <trkpt lat="45.927598" lon="7.628444">
        <ele>2112.2</ele>
      </trkpt>
      <trkpt lat="45.927578" lon="7.628357">
        <ele>2110.5</ele>
      </trkpt>
      <trkpt lat="45.927508" lon="7.628192">
        <ele>2108.1</ele>
      </trkpt>
      <trkpt lat="45.927399" lon="7.628">
        <ele>2106.7</ele>
      </trkpt>
      <trkpt lat="45.927315" lon="7.627841">
        <ele>2104.8</ele>
      </trkpt>
      <trkpt lat="45.927271" lon="7.627697">
        <ele>2103.7</ele>
      </trkpt>
      <trkpt lat="45.927222" lon="7.627518">
        <ele>2101.5</ele>
      </trkpt>
      <trkpt lat="45.927158" lon="7.627366">
        <ele>2097.7</ele>
      </trkpt>
      <trkpt lat="45.927014" lon="7.627175">
        <ele>2096.4</ele>
      </trkpt>
      <trkpt lat="45.926933" lon="7.627081">
        <ele>2095.9</ele>
      </trkpt>
      <trkpt lat="45.926824" lon="7.627012">
        <ele>2096.1</ele>
      </trkpt>
      <trkpt lat="45.926729" lon="7.626976">
        <ele>2096.4</ele>
      </trkpt>
      <trkpt lat="45.926644" lon="7.626948">
        <ele>2097.7</ele>
      </trkpt>
      <trkpt lat="45.926467" lon="7.626832">
        <ele>2095.2</ele>
      </trkpt>
      <trkpt lat="45.926133" lon="7.626626">
        <ele>2090.7</ele>
      </trkpt>
      <trkpt lat="45.926001" lon="7.626511">
        <ele>2090.0</ele>
      </trkpt>
      <trkpt lat="45.925866" lon="7.626303">
        <ele>2087.0</ele>
      </trkpt>
      <trkpt lat="45.925656" lon="7.626063">
        <ele>2085.1</ele>
        <name>Strada Comunale per Cielo Alto, Valtournenche</name>
        <extensions>
          <oa:Extension>
            <oa:mapZoom>16</oa:mapZoom>
          </oa:Extension>
        </extensions>
      </trkpt>
      <trkpt lat="45.925632" lon="7.626035">
        <ele>2084.9</ele>
      </trkpt>
      <trkpt lat="45.925526" lon="7.625877">
        <ele>2084.3</ele>
      </trkpt>
      <trkpt lat="45.92544" lon="7.625686">
        <ele>2081.0</ele>
      </trkpt>
      <trkpt lat="45.925391" lon="7.625552">
        <ele>2081.2</ele>
      </trkpt>
      <trkpt lat="45.925386" lon="7.625423">
        <ele>2079.8</ele>
      </trkpt>
      <trkpt lat="45.925424" lon="7.625312">
        <ele>2077.6</ele>
      </trkpt>
      <trkpt lat="45.9255" lon="7.625256">
        <ele>2075.6</ele>
      </trkpt>
      <trkpt lat="45.925607" lon="7.625263">
        <ele>2074.0</ele>
      </trkpt>
      <trkpt lat="45.925732" lon="7.625331">
        <ele>2071.9</ele>
      </trkpt>
      <trkpt lat="45.925808" lon="7.625429">
        <ele>2070.7</ele>
      </trkpt>
      <trkpt lat="45.925921" lon="7.625592">
        <ele>2070.1</ele>
      </trkpt>
      <trkpt lat="45.926024" lon="7.625729">
        <ele>2070.7</ele>
      </trkpt>
      <trkpt lat="45.926135" lon="7.625834">
        <ele>2070.9</ele>
      </trkpt>
      <trkpt lat="45.926247" lon="7.625892">
        <ele>2070.4</ele>
      </trkpt>
      <trkpt lat="45.926381" lon="7.625952">
        <ele>2069.6</ele>
      </trkpt>
      <trkpt lat="45.926482" lon="7.625986">
        <ele>2067.9</ele>
      </trkpt>
      <trkpt lat="45.926572" lon="7.625982">
        <ele>2066.6</ele>
      </trkpt>
      <trkpt lat="45.926649" lon="7.62593">
        <ele>2065.7</ele>
      </trkpt>
      <trkpt lat="45.926715" lon="7.625725">
        <ele>2060.6</ele>
      </trkpt>
      <trkpt lat="45.9267" lon="7.625429">
        <ele>2056.0</ele>
      </trkpt>
      <trkpt lat="45.926658" lon="7.625185">
        <ele>2053.4</ele>
      </trkpt>
      <trkpt lat="45.92661" lon="7.625014">
        <ele>2050.9</ele>
      </trkpt>
      <trkpt lat="45.926588" lon="7.624873">
        <ele>2050.1</ele>
      </trkpt>
      <trkpt lat="45.926584" lon="7.624783">
        <ele>2050.0</ele>
      </trkpt>
      <trkpt lat="45.926582" lon="7.624688">
        <ele>2050.0</ele>
      </trkpt>
      <trkpt lat="45.926593" lon="7.624514">
        <ele>2050.8</ele>
      </trkpt>
      <trkpt lat="45.926573" lon="7.624272">
        <ele>2049.8</ele>
      </trkpt>
      <trkpt lat="45.926503" lon="7.624039">
        <ele>2047.8</ele>
      </trkpt>
      <trkpt lat="45.926393" lon="7.62392">
        <ele>2046.7</ele>
      </trkpt>
      <trkpt lat="45.926205" lon="7.623765">
        <ele>2045.1</ele>
      </trkpt>
      <trkpt lat="45.925993" lon="7.623674">
        <ele>2043.0</ele>
      </trkpt>
      <trkpt lat="45.925732" lon="7.623571">
        <ele>2042.8</ele>
      </trkpt>
      <trkpt lat="45.925555" lon="7.623435">
        <ele>2038.0</ele>
      </trkpt>
      <trkpt lat="45.925427" lon="7.623335">
        <ele>2037.4</ele>
      </trkpt>
      <trkpt lat="45.925323" lon="7.623186">
        <ele>2034.7</ele>
      </trkpt>
      <trkpt lat="45.925256" lon="7.623015">
        <ele>2031.6</ele>
      </trkpt>
      <trkpt lat="45.925209" lon="7.622756">
        <ele>2028.4</ele>
      </trkpt>
      <trkpt lat="45.925193" lon="7.622582">
        <ele>2026.3</ele>
      </trkpt>
      <trkpt lat="45.925202" lon="7.622391">
        <ele>2024.1</ele>
      </trkpt>
      <trkpt lat="45.92517" lon="7.622268">
        <ele>2023.9</ele>
      </trkpt>
      <trkpt lat="45.925139" lon="7.622142">
        <ele>2022.9</ele>
      </trkpt>
      <trkpt lat="45.925083" lon="7.622049">
        <ele>2021.8</ele>
      </trkpt>
      <trkpt lat="45.924997" lon="7.621923">
        <ele>2021.0</ele>
      </trkpt>
      <trkpt lat="45.924923" lon="7.621777">
        <ele>2019.1</ele>
      </trkpt>
      <trkpt lat="45.925033" lon="7.62183">
        <ele>2019.0</ele>
      </trkpt>
      <trkpt lat="45.925277" lon="7.621976">
        <ele>2020.1</ele>
      </trkpt>
      <trkpt lat="45.925451" lon="7.622088">
        <ele>2018.2</ele>
      </trkpt>
      <trkpt lat="45.925467" lon="7.622048">
        <ele>2017.8</ele>
      </trkpt>
      <trkpt lat="45.925491" lon="7.622036">
        <ele>2017.3</ele>
        <name>107, Valtournenche</name>
        <extensions>
          <oa:Extension>
            <oa:mapZoom>17</oa:mapZoom>
          </oa:Extension>
        </extensions>
      </trkpt>
      <trkpt lat="45.925524" lon="7.622021">
        <ele>2016.8</ele>
      </trkpt>
      <trkpt lat="45.925591" lon="7.622054">
        <ele>2016.4</ele>
      </trkpt>
      <trkpt lat="45.925658" lon="7.622142">
        <ele>2016.5</ele>
      </trkpt>
      <trkpt lat="45.925768" lon="7.622239">
        <ele>2015.6</ele>
      </trkpt>
      <trkpt lat="45.925877" lon="7.622341">
        <ele>2014.5</ele>
      </trkpt>
      <trkpt lat="45.926038" lon="7.622462">
        <ele>2013.2</ele>
      </trkpt>
      <trkpt lat="45.926136" lon="7.622535">
        <ele>2012.6</ele>
      </trkpt>
      <trkpt lat="45.926253" lon="7.622581">
        <ele>2011.6</ele>
      </trkpt>
      <trkpt lat="45.926353" lon="7.622573">
        <ele>2010.6</ele>
      </trkpt>
      <trkpt lat="45.926419" lon="7.622499">
        <ele>2010.0</ele>
      </trkpt>
      <trkpt lat="45.926448" lon="7.622385">
        <ele>2009.6</ele>
      </trkpt>
      <trkpt lat="45.926448" lon="7.62225">
        <ele>2008.8</ele>
      </trkpt>
      <trkpt lat="45.926416" lon="7.622112">
        <ele>2007.9</ele>
      </trkpt>
      <trkpt lat="45.926338" lon="7.621955">
        <ele>2007.5</ele>
      </trkpt>
      <trkpt lat="45.926449" lon="7.622062">
        <ele>2007.3</ele>
      </trkpt>
      <trkpt lat="45.926554" lon="7.622232">
        <ele>2007.0</ele>
      </trkpt>
      <trkpt lat="45.926693" lon="7.622413">
        <ele>2004.4</ele>
      </trkpt>
      <trkpt lat="45.92681" lon="7.622561">
        <ele>2001.3</ele>
      </trkpt>
      <trkpt lat="45.926956" lon="7.622728">
        <ele>2000.8</ele>
      </trkpt>
      <trkpt lat="45.927099" lon="7.62293">
        <ele>2002.6</ele>
      </trkpt>
      <trkpt lat="45.927148" lon="7.62297">
        <ele>2003.5</ele>
      </trkpt>
      <trkpt lat="45.927212" lon="7.622983">
        <ele>2003.7</ele>
      </trkpt>
      <trkpt lat="45.92725" lon="7.622987">
        <ele>2003.7</ele>
      </trkpt>
      <trkpt lat="45.927313" lon="7.623048">
        <ele>2004.9</ele>
      </trkpt>
      <trkpt lat="45.927479" lon="7.623179">
        <ele>2005.8</ele>
      </trkpt>
      <trkpt lat="45.92752" lon="7.623245">
        <ele>2005.4</ele>
      </trkpt>
      <trkpt lat="45.927536" lon="7.623345">
        <ele>2004.4</ele>
      </trkpt>
      <trkpt lat="45.927519" lon="7.623558">
        <ele>2003.8</ele>
      </trkpt>
      <trkpt lat="45.9275" lon="7.623755">
        <ele>2005.9</ele>
      </trkpt>
      <trkpt lat="45.927515" lon="7.623849">
        <ele>2006.6</ele>
      </trkpt>
      <trkpt lat="45.927565" lon="7.623938">
        <ele>2006.5</ele>
      </trkpt>
      <trkpt lat="45.927587" lon="7.623982">
        <ele>2006.9</ele>
      </trkpt>
      <trkpt lat="45.927625" lon="7.624019">
        <ele>2006.6</ele>
      </trkpt>
      <trkpt lat="45.927659" lon="7.624155">
        <ele>2008.4</ele>
      </trkpt>
      <trkpt lat="45.92767" lon="7.624228">
        <ele>2009.5</ele>
      </trkpt>
      <trkpt lat="45.927706" lon="7.624308">
        <ele>2008.9</ele>
      </trkpt>
      <trkpt lat="45.927775" lon="7.624402">
        <ele>2007.6</ele>
      </trkpt>
      <trkpt lat="45.927844" lon="7.624479">
        <ele>2007.2</ele>
      </trkpt>
      <trkpt lat="45.927901" lon="7.624515">
        <ele>2006.5</ele>
      </trkpt>
      <trkpt lat="45.927939" lon="7.624546">
        <ele>2006.0</ele>
      </trkpt>
      <trkpt lat="45.927958" lon="7.624583">
        <ele>2006.1</ele>
      </trkpt>
      <trkpt lat="45.927981" lon="7.624671">
        <ele>2007.1</ele>
      </trkpt>
      <trkpt lat="45.928008" lon="7.624758">
        <ele>2008.2</ele>
      </trkpt>
      <trkpt lat="45.928043" lon="7.624837">
        <ele>2008.8</ele>
      </trkpt>
      <trkpt lat="45.928085" lon="7.624905">
        <ele>2008.8</ele>
      </trkpt>
      <trkpt lat="45.928175" lon="7.624936">
        <ele>2007.6</ele>
      </trkpt>
      <trkpt lat="45.928238" lon="7.62492">
        <ele>2007.4</ele>
        <name>45.928238,7.624920</name>
        <extensions>
          <oa:Extension>
            <oa:mapZoom>14</oa:mapZoom>
          </oa:Extension>
        </extensions>
      </trkpt>
      <trkpt lat="45.928358" lon="7.624889">
        <ele>2006.9</ele>
      </trkpt>
      <trkpt lat="45.928573" lon="7.624817">
        <ele>2005.1</ele>
      </trkpt>
      <trkpt lat="45.928944" lon="7.624821">
        <ele>2000.4</ele>
      </trkpt>
      <trkpt lat="45.929146" lon="7.62501">
        <ele>1997.4</ele>
      </trkpt>
      <trkpt lat="45.929349" lon="7.625198">
        <ele>1996.9</ele>
      </trkpt>
      <trkpt lat="45.929618" lon="7.62524">
        <ele>1996.4</ele>
      </trkpt>
      <trkpt lat="45.929888" lon="7.625281">
        <ele>1995.4</ele>
      </trkpt>
      <trkpt lat="45.930125" lon="7.625628">
        <ele>1999.0</ele>
      </trkpt>
      <trkpt lat="45.930177" lon="7.625563">
        <ele>1997.3</ele>
      </trkpt>
      <trkpt lat="45.930245" lon="7.625478">
        <ele>1996.3</ele>
      </trkpt>
      <trkpt lat="45.930582" lon="7.625625">
        <ele>1996.8</ele>
      </trkpt>
      <trkpt lat="45.930673" lon="7.625772">
        <ele>1997.8</ele>
      </trkpt>
      <trkpt lat="45.930969" lon="7.625979">
        <ele>1998.6</ele>
      </trkpt>
      <trkpt lat="45.931292" lon="7.626378">
        <ele>1998.3</ele>
      </trkpt>
      <trkpt lat="45.931529" lon="7.626695">
        <ele>1996.5</ele>
      </trkpt>
      <trkpt lat="45.931765" lon="7.627012">
        <ele>1994.4</ele>
      </trkpt>
      <trkpt lat="45.931996" lon="7.627351">
        <ele>1994.6</ele>
      </trkpt>
      <trkpt lat="45.932122" lon="7.627332">
        <ele>1991.5</ele>
      </trkpt>
      <trkpt lat="45.932373" lon="7.627734">
        <ele>1991.2</ele>
      </trkpt>
      <trkpt lat="45.932624" lon="7.628136">
        <ele>1991.5</ele>
      </trkpt>
      <trkpt lat="45.932874" lon="7.628538">
        <ele>1992.6</ele>
      </trkpt>
      <trkpt lat="45.932974" lon="7.628696">
        <ele>1992.4</ele>
      </trkpt>
      <trkpt lat="45.932988" lon="7.62872">
        <ele>1992.2</ele>
      </trkpt>
      <trkpt lat="45.933066" lon="7.628852">
        <ele>1991.6</ele>
      </trkpt>
      <trkpt lat="45.933112" lon="7.628906">
        <ele>1991.7</ele>
      </trkpt>
      <trkpt lat="45.93311" lon="7.628941">
        <ele>1991.8</ele>
      </trkpt>
      <trkpt lat="45.933115" lon="7.628975">
        <ele>1991.9</ele>
      </trkpt>
      <trkpt lat="45.933127" lon="7.629005">
        <ele>1992.0</ele>
      </trkpt>
      <trkpt lat="45.933144" lon="7.62903">
        <ele>1992.2</ele>
      </trkpt>
      <trkpt lat="45.933166" lon="7.629045">
        <ele>1992.3</ele>
      </trkpt>
      <trkpt lat="45.93319" lon="7.629051">
        <ele>1992.5</ele>
      </trkpt>
      <trkpt lat="45.933224" lon="7.629143">
        <ele>1992.8</ele>
      </trkpt>
      <trkpt lat="45.933258" lon="7.629208">
        <ele>1993.0</ele>
      </trkpt>
      <trkpt lat="45.93334" lon="7.629312">
        <ele>1993.5</ele>
      </trkpt>
      <trkpt lat="45.933401" lon="7.629407">
        <ele>1993.8</ele>
      </trkpt>
      <trkpt lat="45.933508" lon="7.629559">
        <ele>1994.2</ele>
      </trkpt>
      <trkpt lat="45.933582" lon="7.629669">
        <ele>1994.7</ele>
      </trkpt>
      <trkpt lat="45.933729" lon="7.629885">
        <ele>1995.9</ele>
      </trkpt>
      <trkpt lat="45.933745" lon="7.629909">
        <ele>1996.0</ele>
      </trkpt>
      <trkpt lat="45.933925" lon="7.630173">
        <ele>1997.7</ele>
      </trkpt>
      <trkpt lat="45.934104" lon="7.630436">
        <ele>1999.2</ele>
      </trkpt>
      <trkpt lat="45.934178" lon="7.630545">
        <ele>1999.6</ele>
      </trkpt>
      <trkpt lat="45.934229" lon="7.630623">
        <ele>2000.0</ele>
      </trkpt>
      <trkpt lat="45.934299" lon="7.630721">
        <ele>2000.8</ele>
        <name>45.934299,7.630721</name>
        <extensions>
          <oa:Extension>
            <oa:mapZoom>19</oa:mapZoom>
          </oa:Extension>
        </extensions>
      </trkpt>
      <trkpt lat="45.934315" lon="7.630743">
        <ele>2001.0</ele>
      </trkpt>
      <trkpt lat="45.934319" lon="7.63079">
        <ele>2001.1</ele>
      </trkpt>
      <trkpt lat="45.934388" lon="7.630929">
        <ele>2001.7</ele>
      </trkpt>
      <trkpt lat="45.934445" lon="7.630948">
        <ele>2002.0</ele>
      </trkpt>
      <trkpt lat="45.934463" lon="7.630942">
        <ele>2002.0</ele>
      </trkpt>
      <trkpt lat="45.934475" lon="7.630901">
        <ele>2001.9</ele>
      </trkpt>
      <trkpt lat="45.934526" lon="7.630984">
        <ele>2002.3</ele>
        <name>Via Gorret, Valtournenche</name>
        <extensions>
          <oa:Extension>
            <oa:mapZoom>18</oa:mapZoom>
          </oa:Extension>
        </extensions>
      </trkpt>
      <trkpt lat="45.934538" lon="7.631003">
        <ele>2002.4</ele>
      </trkpt>
      <trkpt lat="45.934599" lon="7.630988">
        <ele>2002.6</ele>
      </trkpt>
      <trkpt lat="45.934632" lon="7.630969">
        <ele>2002.6</ele>
      </trkpt>
      <trkpt lat="45.93469" lon="7.630945">
        <ele>2002.5</ele>
      </trkpt>
      <trkpt lat="45.934727" lon="7.630928">
        <ele>2002.1</ele>
      </trkpt>
      <trkpt lat="45.934744" lon="7.630925">
        <ele>2001.8</ele>
      </trkpt>
      <trkpt lat="45.934814" lon="7.630887">
        <ele>2000.7</ele>
      </trkpt>
      <trkpt lat="45.934886" lon="7.630839">
        <ele>2000.3</ele>
      </trkpt>
      <trkpt lat="45.934933" lon="7.630809">
        <ele>2000.6</ele>
      </trkpt>
      <trkpt lat="45.935298" lon="7.630607">
        <ele>2001.4</ele>
      </trkpt>
      <trkpt lat="45.935494" lon="7.630498">
        <ele>2001.2</ele>
      </trkpt>
      <trkpt lat="45.93551" lon="7.63049">
        <ele>2001.2</ele>
      </trkpt>
      <trkpt lat="45.935568" lon="7.630459">
        <ele>2001.2</ele>
      </trkpt>
      <trkpt lat="45.935603" lon="7.63044">
        <ele>2001.4</ele>
      </trkpt>
      <trkpt lat="45.93582" lon="7.630292">
        <ele>2002.7</ele>
      </trkpt>
      <trkpt lat="45.936237" lon="7.630061">
        <ele>2004.7</ele>
      </trkpt>
      <trkpt lat="45.936255" lon="7.630051">
        <ele>2004.8</ele>
      </trkpt>
      <trkpt lat="45.936588" lon="7.629874">
        <ele>2006.3</ele>
      </trkpt>
      <trkpt lat="45.936922" lon="7.629696">
        <ele>2008.4</ele>
      </trkpt>
      <trkpt lat="45.936977" lon="7.629667">
        <ele>2008.6</ele>
        <name>Grivola-Le Vieux Grenier, Valtournenche</name>
        <extensions>
          <oa:Extension>
            <oa:mapZoom>18</oa:mapZoom>
          </oa:Extension>
        </extensions>
      </trkpt>
      <trkpt lat="45.936997" lon="7.629656">
        <ele>2008.7</ele>
      </trkpt>
      <trkpt lat="45.936979" lon="7.629579">
        <ele>2008.7</ele>
      </trkpt>
      <trkpt lat="45.937007" lon="7.629216">
        <ele>2008.5</ele>
      </trkpt>
      <trkpt lat="45.937015" lon="7.628997">
        <ele>2008.4</ele>
      </trkpt>
      <trkpt lat="45.937023" lon="7.628812">
        <ele>2008.3</ele>
      </trkpt>
      <trkpt lat="45.93702" lon="7.62872">
        <ele>2008.3</ele>
      </trkpt>
      <trkpt lat="45.937016" lon="7.628626">
        <ele>2008.2</ele>
      </trkpt>
      <trkpt lat="45.936998" lon="7.628534">
        <ele>2008.1</ele>
      </trkpt>
      <trkpt lat="45.93695" lon="7.628399">
        <ele>2007.9</ele>
      </trkpt>
      <trkpt lat="45.936874" lon="7.628309">
        <ele>2007.7</ele>
      </trkpt>
      <trkpt lat="45.936778" lon="7.628245">
        <ele>2007.2</ele>
      </trkpt>
      <trkpt lat="45.936785" lon="7.628193">
        <ele>2007.1</ele>
      </trkpt>
      <trkpt lat="45.936806" lon="7.628058">
        <ele>2007.0</ele>
      </trkpt>
      <trkpt lat="45.936779" lon="7.627896">
        <ele>2007.3</ele>
      </trkpt>
      <trkpt lat="45.936684" lon="7.627654">
        <ele>2007.3</ele>
      </trkpt>
      <trkpt lat="45.936502" lon="7.627318">
        <ele>2007.6</ele>
        <name>Golf Club del Cervino - Ingresso, Valtournenche</name>
        <extensions>
          <oa:Extension>
            <oa:mapZoom>17</oa:mapZoom>
          </oa:Extension>
        </extensions>
      </trkpt>
      <trkpt lat="45.93693" lon="7.626829">
        <ele>2008.44705</ele>
      </trkpt>
      <trkpt lat="45.937788" lon="7.626776">
        <ele>2008.35407</ele>
      </trkpt>
      <trkpt lat="45.938333" lon="7.626443">
        <ele>2031.30987</ele>
      </trkpt>
      <trkpt lat="45.939229" lon="7.626173">
        <ele>2043.3</ele>
        <name>Via Pellissier, Valtournenche</name>
        <extensions>
          <oa:Extension>
            <oa:mapZoom>17</oa:mapZoom>
          </oa:Extension>
        </extensions>
      </trkpt>
      <trkpt lat="45.939294" lon="7.626199">
        <ele>2045.2</ele>
      </trkpt>
      <trkpt lat="45.939372" lon="7.626263">
        <ele>2047.5</ele>
      </trkpt>
      <trkpt lat="45.939537" lon="7.626497">
        <ele>2052.5</ele>
      </trkpt>
      <trkpt lat="45.939617" lon="7.626615">
        <ele>2054.1</ele>
      </trkpt>
      <trkpt lat="45.939705" lon="7.62676">
        <ele>2056.8</ele>
      </trkpt>
      <trkpt lat="45.939797" lon="7.626829">
        <ele>2059.7</ele>
      </trkpt>
      <trkpt lat="45.9399" lon="7.626864">
        <ele>2061.7</ele>
      </trkpt>
      <trkpt lat="45.940042" lon="7.626837">
        <ele>2063.7</ele>
      </trkpt>
      <trkpt lat="45.940162" lon="7.62681">
        <ele>2064.4</ele>
      </trkpt>
      <trkpt lat="45.940208" lon="7.626886">
        <ele>2066.1</ele>
      </trkpt>
      <trkpt lat="45.940227" lon="7.627054">
        <ele>2068.5</ele>
      </trkpt>
      <trkpt lat="45.940243" lon="7.627263">
        <ele>2070.6</ele>
      </trkpt>
      <trkpt lat="45.940274" lon="7.627448">
        <ele>2072.1</ele>
      </trkpt>
      <trkpt lat="45.940325" lon="7.627593">
        <ele>2073.2</ele>
      </trkpt>
      <trkpt lat="45.940402" lon="7.627753">
        <ele>2075.0</ele>
      </trkpt>
      <trkpt lat="45.940507" lon="7.62796">
        <ele>2076.7</ele>
      </trkpt>
      <trkpt lat="45.940564" lon="7.628087">
        <ele>2078.2</ele>
        <name>Miravidi, Valtournenche</name>
        <extensions>
          <oa:Extension>
            <oa:mapZoom>16</oa:mapZoom>
          </oa:Extension>
        </extensions>
      </trkpt>
      <trkpt lat="45.940566" lon="7.628093">
        <ele>2078.3</ele>
      </trkpt>
      <trkpt lat="45.940757" lon="7.628404">
        <ele>2082.5</ele>
      </trkpt>
      <trkpt lat="45.940827" lon="7.628497">
        <ele>2084.2</ele>
      </trkpt>
      <trkpt lat="45.940871" lon="7.628569">
        <ele>2085.0</ele>
      </trkpt>
      <trkpt lat="45.940866" lon="7.628672">
        <ele>2085.1</ele>
      </trkpt>
      <trkpt lat="45.940835" lon="7.628781">
        <ele>2087.0</ele>
      </trkpt>
      <trkpt lat="45.9408" lon="7.628815">
        <ele>2088.7</ele>
      </trkpt>
      <trkpt lat="45.940746" lon="7.628788">
        <ele>2088.3</ele>
      </trkpt>
      <trkpt lat="45.940597" lon="7.628638">
        <ele>2089.2</ele>
      </trkpt>
      <trkpt lat="45.940429" lon="7.628436">
        <ele>2087.5</ele>
      </trkpt>
      <trkpt lat="45.940315" lon="7.628251">
        <ele>2084.4</ele>
      </trkpt>
      <trkpt lat="45.940227" lon="7.628226">
        <ele>2085.5</ele>
      </trkpt>
      <trkpt lat="45.940191" lon="7.628241">
        <ele>2085.9</ele>
      </trkpt>
      <trkpt lat="45.940272" lon="7.628384">
        <ele>2087.7</ele>
      </trkpt>
      <trkpt lat="45.940423" lon="7.628625">
        <ele>2091.1</ele>
      </trkpt>
      <trkpt lat="45.94064" lon="7.628891">
        <ele>2093.0</ele>
      </trkpt>
      <trkpt lat="45.940779" lon="7.629039">
        <ele>2097.0</ele>
      </trkpt>
      <trkpt lat="45.940897" lon="7.629138">
        <ele>2096.6</ele>
      </trkpt>
      <trkpt lat="45.94111" lon="7.629278">
        <ele>2103.0</ele>
      </trkpt>
      <trkpt lat="45.941324" lon="7.629419">
        <ele>2104.5</ele>
      </trkpt>
      <trkpt lat="45.941548" lon="7.629559">
        <ele>2112.0</ele>
      </trkpt>
      <trkpt lat="45.941889" lon="7.629783">
        <ele>2118.1</ele>
      </trkpt>
      <trkpt lat="45.942156" lon="7.629924">
        <ele>2117.9</ele>
      </trkpt>
      <trkpt lat="45.942286" lon="7.629961">
        <ele>2121.3</ele>
      </trkpt>
      <trkpt lat="45.942259" lon="7.630137">
        <ele>2121.8</ele>
      </trkpt>
      <trkpt lat="45.942212" lon="7.630316">
        <ele>2120.6</ele>
      </trkpt>
      <trkpt lat="45.942241" lon="7.630466">
        <ele>2121.8</ele>
      </trkpt>
      <trkpt lat="45.942248" lon="7.630585">
        <ele>2123.8</ele>
      </trkpt>
      <trkpt lat="45.942243" lon="7.630631">
        <ele>2124.7</ele>
      </trkpt>
      <trkpt lat="45.942244" lon="7.630631">
        <ele>2124.7</ele>
        <name>Cappella degli Alpini, Valtournenche</name>
        <extensions>
          <oa:Extension>
            <oa:mapZoom>16</oa:mapZoom>
          </oa:Extension>
        </extensions>
      </trkpt>
      <trkpt lat="45.94224" lon="7.630668">
        <ele>2125.4</ele>
      </trkpt>
      <trkpt lat="45.942211" lon="7.630797">
        <ele>2125.9</ele>
      </trkpt>
      <trkpt lat="45.942193" lon="7.630863">
        <ele>2125.2</ele>
      </trkpt>
      <trkpt lat="45.942209" lon="7.630984">
        <ele>2125.7</ele>
      </trkpt>
      <trkpt lat="45.94225" lon="7.631107">
        <ele>2126.1</ele>
      </trkpt>
      <trkpt lat="45.942315" lon="7.63121">
        <ele>2126.6</ele>
      </trkpt>
      <trkpt lat="45.942404" lon="7.631301">
        <ele>2129.0</ele>
      </trkpt>
      <trkpt lat="45.94245" lon="7.631351">
        <ele>2129.3</ele>
      </trkpt>
      <trkpt lat="45.94251" lon="7.631415">
        <ele>2129.4</ele>
      </trkpt>
      <trkpt lat="45.942569" lon="7.631454">
        <ele>2131.0</ele>
      </trkpt>
      <trkpt lat="45.942639" lon="7.631457">
        <ele>2133.8</ele>
      </trkpt>
      <trkpt lat="45.942647" lon="7.631458">
        <ele>2134.0</ele>
      </trkpt>
      <trkpt lat="45.942724" lon="7.631474">
        <ele>2134.9</ele>
      </trkpt>
      <trkpt lat="45.942874" lon="7.631511">
        <ele>2135.8</ele>
      </trkpt>
      <trkpt lat="45.943014" lon="7.631563">
        <ele>2136.4</ele>
      </trkpt>
      <trkpt lat="45.943194" lon="7.631624">
        <ele>2137.9</ele>
      </trkpt>
      <trkpt lat="45.943357" lon="7.631691">
        <ele>2139.5</ele>
      </trkpt>
      <trkpt lat="45.943465" lon="7.631711">
        <ele>2140.2</ele>
      </trkpt>
      <trkpt lat="45.943557" lon="7.631738">
        <ele>2140.7</ele>
      </trkpt>
      <trkpt lat="45.943687" lon="7.631804">
        <ele>2141.4</ele>
      </trkpt>
      <trkpt lat="45.943778" lon="7.63189">
        <ele>2141.3</ele>
      </trkpt>
      <trkpt lat="45.943883" lon="7.63205">
        <ele>2140.4</ele>
      </trkpt>
      <trkpt lat="45.943932" lon="7.632144">
        <ele>2140.5</ele>
      </trkpt>
      <trkpt lat="45.943992" lon="7.632252">
        <ele>2142.5</ele>
      </trkpt>
      <trkpt lat="45.943979" lon="7.632326">
        <ele>2142.2</ele>
      </trkpt>
      <trkpt lat="45.943937" lon="7.632334">
        <ele>2140.6</ele>
      </trkpt>
      <trkpt lat="45.943857" lon="7.632316">
        <ele>2137.7</ele>
      </trkpt>
      <trkpt lat="45.943761" lon="7.632383">
        <ele>2135.0</ele>
      </trkpt>
      <trkpt lat="45.943692" lon="7.63243">
        <ele>2133.4</ele>
      </trkpt>
      <trkpt lat="45.943679" lon="7.63256">
        <ele>2132.0</ele>
      </trkpt>
      <trkpt lat="45.94359" lon="7.632639">
        <ele>2125.0</ele>
      </trkpt>
      <trkpt lat="45.943579" lon="7.632753">
        <ele>2120.6</ele>
      </trkpt>
      <trkpt lat="45.943617" lon="7.632923">
        <ele>2116.6</ele>
      </trkpt>
      <trkpt lat="45.94365" lon="7.632982">
        <ele>2115.5</ele>
      </trkpt>
      <trkpt lat="45.943629" lon="7.633053">
        <ele>2112.1</ele>
      </trkpt>
      <trkpt lat="45.943641" lon="7.633078">
        <ele>2111.8</ele>
      </trkpt>
      <trkpt lat="45.943562" lon="7.63308">
        <ele>2109.6</ele>
      </trkpt>
      <trkpt lat="45.943507" lon="7.633117">
        <ele>2107.6</ele>
      </trkpt>
      <trkpt lat="45.943468" lon="7.633216">
        <ele>2105.6</ele>
      </trkpt>
      <trkpt lat="45.943411" lon="7.633287">
        <ele>2104.3</ele>
      </trkpt>
      <trkpt lat="45.943314" lon="7.633359">
        <ele>2102.4</ele>
      </trkpt>
      <trkpt lat="45.943234" lon="7.633387">
        <ele>2101.0</ele>
      </trkpt>
      <trkpt lat="45.943148" lon="7.633544">
        <ele>2099.3</ele>
      </trkpt>
      <trkpt lat="45.943077" lon="7.633673">
        <ele>2097.0</ele>
      </trkpt>
      <trkpt lat="45.943071" lon="7.633692">
        <ele>2096.7</ele>
        <name>Cappella degli Alpini, Valtournenche</name>
        <extensions>
          <oa:locType>routingNode</oa:locType>
          <oa:Extension>
            <oa:mapZoom>16</oa:mapZoom>
          </oa:Extension>
        </extensions>
      </trkpt>
      <trkpt lat="45.943008" lon="7.633915">
        <ele>2093.3</ele>
      </trkpt>
      <trkpt lat="45.942972" lon="7.634062">
        <ele>2092.9</ele>
      </trkpt>
      <trkpt lat="45.942922" lon="7.634151">
        <ele>2095.5</ele>
      </trkpt>
      <trkpt lat="45.942768" lon="7.634159">
        <ele>2095.3</ele>
      </trkpt>
      <trkpt lat="45.942677" lon="7.634215">
        <ele>2096.5</ele>
      </trkpt>
      <trkpt lat="45.942556" lon="7.63438">
        <ele>2100.7</ele>
      </trkpt>
      <trkpt lat="45.942444" lon="7.634538">
        <ele>2101.6</ele>
      </trkpt>
      <trkpt lat="45.942321" lon="7.634656">
        <ele>2101.2</ele>
      </trkpt>
      <trkpt lat="45.942152" lon="7.634789">
        <ele>2100.8</ele>
      </trkpt>
      <trkpt lat="45.941944" lon="7.63487">
        <ele>2100.8</ele>
      </trkpt>
      <trkpt lat="45.941823" lon="7.6349">
        <ele>2101.8</ele>
      </trkpt>
      <trkpt lat="45.941638" lon="7.634804">
        <ele>2100.9</ele>
      </trkpt>
      <trkpt lat="45.941312" lon="7.63457">
        <ele>2098.5</ele>
      </trkpt>
      <trkpt lat="45.941242" lon="7.634518">
        <ele>2097.9</ele>
      </trkpt>
      <trkpt lat="45.941106" lon="7.634415">
        <ele>2096.6</ele>
      </trkpt>
      <trkpt lat="45.940963" lon="7.634336">
        <ele>2095.0</ele>
      </trkpt>
      <trkpt lat="45.940805" lon="7.634299">
        <ele>2093.5</ele>
      </trkpt>
      <trkpt lat="45.940697" lon="7.634327">
        <ele>2093.1</ele>
      </trkpt>
      <trkpt lat="45.940673" lon="7.634334">
        <ele>2093.1</ele>
      </trkpt>
      <trkpt lat="45.940649" lon="7.634352">
        <ele>2093.3</ele>
        <name>Pian Torrette, Valtournenche</name>
        <extensions>
          <oa:Extension>
            <oa:mapZoom>16</oa:mapZoom>
          </oa:Extension>
        </extensions>
      </trkpt>
      <trkpt lat="45.94056" lon="7.634422">
        <ele>2094.0</ele>
      </trkpt>
      <trkpt lat="45.94043" lon="7.634491">
        <ele>2094.6</ele>
      </trkpt>
      <trkpt lat="45.94038" lon="7.634571">
        <ele>2095.4</ele>
      </trkpt>
      <trkpt lat="45.94024" lon="7.634666">
        <ele>2097.5</ele>
      </trkpt>
      <trkpt lat="45.939959" lon="7.634725">
        <ele>2100.0</ele>
      </trkpt>
      <trkpt lat="45.939867" lon="7.634751">
        <ele>2100.6</ele>
      </trkpt>
      <trkpt lat="45.939778" lon="7.634807">
        <ele>2101.3</ele>
      </trkpt>
      <trkpt lat="45.93973" lon="7.63481">
        <ele>2101.1</ele>
      </trkpt>
      <trkpt lat="45.939724" lon="7.634844">
        <ele>2101.5</ele>
      </trkpt>
      <trkpt lat="45.939663" lon="7.634935">
        <ele>2102.4</ele>
      </trkpt>
      <trkpt lat="45.93966" lon="7.634935">
        <ele>2102.4</ele>
        <name>Pian Torrette, Valtournenche</name>
        <extensions>
          <oa:Extension>
            <oa:mapZoom>17</oa:mapZoom>
          </oa:Extension>
        </extensions>
      </trkpt>
      <trkpt lat="45.941064" lon="7.637622">
        <ele>2202.0928</ele>
        <name>Pian Torrette, Valtournenche</name>
        <extensions>
          <oa:Extension>
            <oa:mapZoom>17</oa:mapZoom>
          </oa:Extension>
        </extensions>
      </trkpt>
      <trkpt lat="45.941377" lon="7.638094">
        <ele>2209.44767</ele>
      </trkpt>
      <trkpt lat="45.942846" lon="7.639682">
        <ele>2260.3</ele>
        <name>Campetto, Valtournenche</name>
        <extensions>
          <oa:Extension>
            <oa:mapZoom>16</oa:mapZoom>
          </oa:Extension>
        </extensions>
      </trkpt>
      <trkpt lat="45.943026" lon="7.6398">
        <ele>2265.2</ele>
      </trkpt>
      <trkpt lat="45.943198" lon="7.639852">
        <ele>2268.7</ele>
      </trkpt>
      <trkpt lat="45.943494" lon="7.639923">
        <ele>2274.5</ele>
      </trkpt>
      <trkpt lat="45.943719" lon="7.639946">
        <ele>2276.8</ele>
      </trkpt>
      <trkpt lat="45.943944" lon="7.63997">
        <ele>2278.2</ele>
      </trkpt>
      <trkpt lat="45.944062" lon="7.640003">
        <ele>2280.9</ele>
      </trkpt>
      <trkpt lat="45.944279" lon="7.640119">
        <ele>2288.3</ele>
      </trkpt>
      <trkpt lat="45.944387" lon="7.640197">
        <ele>2291.0</ele>
      </trkpt>
      <trkpt lat="45.944547" lon="7.640387">
        <ele>2296.5</ele>
      </trkpt>
      <trkpt lat="45.944665" lon="7.640669">
        <ele>2302.6</ele>
      </trkpt>
      <trkpt lat="45.944739" lon="7.640776">
        <ele>2304.9</ele>
      </trkpt>
      <trkpt lat="45.944857" lon="7.640918">
        <ele>2308.8</ele>
      </trkpt>
      <trkpt lat="45.944984" lon="7.641247">
        <ele>2314.1</ele>
      </trkpt>
      <trkpt lat="45.94511" lon="7.641576">
        <ele>2318.1</ele>
      </trkpt>
      <trkpt lat="45.945325" lon="7.641952">
        <ele>2324.1</ele>
      </trkpt>
      <trkpt lat="45.945452" lon="7.642247">
        <ele>2329.1</ele>
      </trkpt>
      <trkpt lat="45.945504" lon="7.642542">
        <ele>2333.4</ele>
      </trkpt>
      <trkpt lat="45.945556" lon="7.642714">
        <ele>2335.8</ele>
      </trkpt>
      <trkpt lat="45.945764" lon="7.643276">
        <ele>2339.6</ele>
      </trkpt>
      <trkpt lat="45.945972" lon="7.643838">
        <ele>2344.8</ele>
      </trkpt>
      <trkpt lat="45.94618" lon="7.6444">
        <ele>2351.0</ele>
      </trkpt>
      <trkpt lat="45.946356" lon="7.644917">
        <ele>2358.6</ele>
      </trkpt>
      <trkpt lat="45.946532" lon="7.645434">
        <ele>2367.7</ele>
      </trkpt>
      <trkpt lat="45.946708" lon="7.64595">
        <ele>2378.0</ele>
      </trkpt>
      <trkpt lat="45.94685" lon="7.646367">
        <ele>2385.6</ele>
        <name>Pit Stop, Valtournenche</name>
        <extensions>
          <oa:Extension>
            <oa:mapZoom>17</oa:mapZoom>
          </oa:Extension>
        </extensions>
      </trkpt>
      <trkpt lat="45.946884" lon="7.646467">
        <ele>2387.4</ele>
      </trkpt>
      <trkpt lat="45.94706" lon="7.646984">
        <ele>2397.8</ele>
      </trkpt>
      <trkpt lat="45.947236" lon="7.647501">
        <ele>2409.6</ele>
      </trkpt>
      <trkpt lat="45.94722" lon="7.647551">
        <ele>2410.6</ele>
      </trkpt>
      <trkpt lat="45.947103" lon="7.647901">
        <ele>2416.3</ele>
      </trkpt>
      <trkpt lat="45.947079" lon="7.648026">
        <ele>2419.0</ele>
      </trkpt>
      <trkpt lat="45.947079" lon="7.648444">
        <ele>2427.0</ele>
      </trkpt>
      <trkpt lat="45.947118" lon="7.648719">
        <ele>2430.1</ele>
      </trkpt>
      <trkpt lat="45.947144" lon="7.648999">
        <ele>2433.0</ele>
      </trkpt>
      <trkpt lat="45.947198" lon="7.649225">
        <ele>2434.8</ele>
      </trkpt>
      <trkpt lat="45.94717" lon="7.6493">
        <ele>2436.1</ele>
      </trkpt>
      <trkpt lat="45.947101" lon="7.649305">
        <ele>2437.9</ele>
      </trkpt>
      <trkpt lat="45.94705" lon="7.649241">
        <ele>2439.1</ele>
      </trkpt>
      <trkpt lat="45.946924" lon="7.648953">
        <ele>2441.3</ele>
      </trkpt>
      <trkpt lat="45.946848" lon="7.648833">
        <ele>2442.5</ele>
      </trkpt>
      <trkpt lat="45.94681" lon="7.648905">
        <ele>2443.9</ele>
      </trkpt>
      <trkpt lat="45.946806" lon="7.649114">
        <ele>2445.8</ele>
      </trkpt>
      <trkpt lat="45.946791" lon="7.649745">
        <ele>2452.4</ele>
      </trkpt>
      <trkpt lat="45.946789" lon="7.649835">
        <ele>2452.7</ele>
      </trkpt>
      <trkpt lat="45.946775" lon="7.649911">
        <ele>2453.0</ele>
      </trkpt>
      <trkpt lat="45.946724" lon="7.649901">
        <ele>2454.2</ele>
      </trkpt>
      <trkpt lat="45.946705" lon="7.649884">
        <ele>2454.6</ele>
      </trkpt>
      <trkpt lat="45.946556" lon="7.649743">
        <ele>2456.8</ele>
      </trkpt>
      <trkpt lat="45.946349" lon="7.649575">
        <ele>2459.3</ele>
      </trkpt>
      <trkpt lat="45.946048" lon="7.649421">
        <ele>2462.9</ele>
      </trkpt>
      <trkpt lat="45.94592" lon="7.649425">
        <ele>2464.4</ele>
      </trkpt>
      <trkpt lat="45.94573" lon="7.649432">
        <ele>2465.8</ele>
      </trkpt>
      <trkpt lat="45.945346" lon="7.649599">
        <ele>2468.6</ele>
      </trkpt>
      <trkpt lat="45.945183" lon="7.649727">
        <ele>2469.9</ele>
      </trkpt>
      <trkpt lat="45.945135" lon="7.649807">
        <ele>2470.5</ele>
      </trkpt>
      <trkpt lat="45.945114" lon="7.649894">
        <ele>2471.3</ele>
      </trkpt>
      <trkpt lat="45.9451" lon="7.650005">
        <ele>2472.2</ele>
      </trkpt>
      <trkpt lat="45.945074" lon="7.650328">
        <ele>2474.0</ele>
      </trkpt>
      <trkpt lat="45.945047" lon="7.65065">
        <ele>2475.7</ele>
      </trkpt>
      <trkpt lat="45.945031" lon="7.650792">
        <ele>2476.4</ele>
      </trkpt>
      <trkpt lat="45.945004" lon="7.651114">
        <ele>2477.6</ele>
      </trkpt>
      <trkpt lat="45.94501" lon="7.651299">
        <ele>2478.6</ele>
      </trkpt>
      <trkpt lat="45.945047" lon="7.651932">
        <ele>2483.2</ele>
      </trkpt>
      <trkpt lat="45.945034" lon="7.65227">
        <ele>2485.0</ele>
      </trkpt>
      <trkpt lat="45.945023" lon="7.65245">
        <ele>2486.1</ele>
      </trkpt>
      <trkpt lat="45.944978" lon="7.652681">
        <ele>2487.4</ele>
      </trkpt>
      <trkpt lat="45.944887" lon="7.652889">
        <ele>2488.9</ele>
      </trkpt>
      <trkpt lat="45.944768" lon="7.65308">
        <ele>2491.5</ele>
      </trkpt>
      <trkpt lat="45.944616" lon="7.653262">
        <ele>2494.5</ele>
      </trkpt>
      <trkpt lat="45.944492" lon="7.653491">
        <ele>2497.7</ele>
      </trkpt>
      <trkpt lat="45.944382" lon="7.653757">
        <ele>2501.0</ele>
        <name>Plan Maison, Valtournenche</name>
        <extensions>
          <oa:Extension>
            <oa:mapZoom>17</oa:mapZoom>
          </oa:Extension>
        </extensions>
      </trkpt>
      <trkpt lat="45.944355" lon="7.65382">
        <ele>2501.7</ele>
      </trkpt>
      <trkpt lat="45.944241" lon="7.654153">
        <ele>2508.3</ele>
      </trkpt>
      <trkpt lat="45.944127" lon="7.654486">
        <ele>2514.5</ele>
      </trkpt>
      <trkpt lat="45.944007" lon="7.654743">
        <ele>2518.2</ele>
      </trkpt>
      <trkpt lat="45.943768" lon="7.655038">
        <ele>2521.4</ele>
      </trkpt>
      <trkpt lat="45.943529" lon="7.655334">
        <ele>2525.5</ele>
      </trkpt>
      <trkpt lat="45.943518" lon="7.655346">
        <ele>2525.6</ele>
        <name>Plan Maison, Valtournenche</name>
        <extensions>
          <oa:Extension>
            <oa:mapZoom>14</oa:mapZoom>
          </oa:Extension>
        </extensions>
      </trkpt>
      <trkpt lat="45.942227" lon="7.655143">
        <ele>2539.06288</ele>
      </trkpt>
      <trkpt lat="45.941362" lon="7.655214">
        <ele>2544.3</ele>
        <name>Plan Maison, Valtournenche</name>
        <extensions>
          <oa:Extension>
            <oa:mapZoom>17</oa:mapZoom>
          </oa:Extension>
        </extensions>
      </trkpt>
      <trkpt lat="45.941347" lon="7.655164">
        <ele>2544.4</ele>
      </trkpt>
      <trkpt lat="45.941322" lon="7.65521">
        <ele>2544.4</ele>
      </trkpt>
      <trkpt lat="45.941377" lon="7.655726">
        <ele>2543.8</ele>
      </trkpt>
      <trkpt lat="45.941412" lon="7.65576">
        <ele>2544.0</ele>
      </trkpt>
      <trkpt lat="45.941475" lon="7.655934">
        <ele>2544.0</ele>
      </trkpt>
      <trkpt lat="45.941551" lon="7.65632">
        <ele>2543.4</ele>
      </trkpt>
      <trkpt lat="45.941664" lon="7.656754">
        <ele>2544.1</ele>
      </trkpt>
      <trkpt lat="45.9417" lon="7.656831">
        <ele>2544.0</ele>
      </trkpt>
      <trkpt lat="45.941694" lon="7.657116">
        <ele>2544.7</ele>
      </trkpt>
      <trkpt lat="45.94161" lon="7.657297">
        <ele>2544.3</ele>
      </trkpt>
      <trkpt lat="45.941507" lon="7.657479">
        <ele>2544.4</ele>
      </trkpt>
      <trkpt lat="45.941366" lon="7.657633">
        <ele>2545.8</ele>
      </trkpt>
      <trkpt lat="45.94129" lon="7.657702">
        <ele>2546.4</ele>
      </trkpt>
      <trkpt lat="45.9412" lon="7.657822">
        <ele>2546.5</ele>
      </trkpt>
      <trkpt lat="45.941137" lon="7.6579">
        <ele>2546.7</ele>
      </trkpt>
      <trkpt lat="45.941011" lon="7.657955">
        <ele>2547.2</ele>
      </trkpt>
      <trkpt lat="45.940903" lon="7.65801">
        <ele>2547.9</ele>
      </trkpt>
      <trkpt lat="45.940859" lon="7.658065">
        <ele>2548.6</ele>
      </trkpt>
      <trkpt lat="45.940776" lon="7.658102">
        <ele>2548.6</ele>
      </trkpt>
      <trkpt lat="45.940742" lon="7.658143">
        <ele>2548.7</ele>
      </trkpt>
      <trkpt lat="45.940711" lon="7.658218">
        <ele>2549.1</ele>
      </trkpt>
      <trkpt lat="45.940692" lon="7.65831">
        <ele>2549.8</ele>
      </trkpt>
      <trkpt lat="45.940659" lon="7.658355">
        <ele>2550.1</ele>
      </trkpt>
      <trkpt lat="45.940555" lon="7.658435">
        <ele>2550.7</ele>
      </trkpt>
      <trkpt lat="45.940349" lon="7.658564">
        <ele>2551.7</ele>
      </trkpt>
      <trkpt lat="45.940312" lon="7.658607">
        <ele>2552.3</ele>
      </trkpt>
      <trkpt lat="45.940248" lon="7.658649">
        <ele>2552.6</ele>
      </trkpt>
      <trkpt lat="45.940185" lon="7.658714">
        <ele>2552.9</ele>
      </trkpt>
      <trkpt lat="45.940144" lon="7.658785">
        <ele>2553.5</ele>
      </trkpt>
      <trkpt lat="45.940086" lon="7.658832">
        <ele>2553.1</ele>
      </trkpt>
      <trkpt lat="45.940024" lon="7.658889">
        <ele>2552.9</ele>
      </trkpt>
      <trkpt lat="45.939936" lon="7.659043">
        <ele>2553.5</ele>
      </trkpt>
      <trkpt lat="45.939894" lon="7.659149">
        <ele>2554.5</ele>
      </trkpt>
      <trkpt lat="45.939841" lon="7.659203">
        <ele>2554.3</ele>
      </trkpt>
      <trkpt lat="45.93977" lon="7.659341">
        <ele>2555.4</ele>
      </trkpt>
      <trkpt lat="45.939691" lon="7.659446">
        <ele>2556.0</ele>
      </trkpt>
      <trkpt lat="45.939597" lon="7.659527">
        <ele>2556.1</ele>
      </trkpt>
      <trkpt lat="45.939513" lon="7.659633">
        <ele>2556.8</ele>
      </trkpt>
      <trkpt lat="45.939428" lon="7.659687">
        <ele>2557.1</ele>
      </trkpt>
      <trkpt lat="45.939344" lon="7.659791">
        <ele>2558.6</ele>
      </trkpt>
      <trkpt lat="45.939247" lon="7.65987">
        <ele>2559.6</ele>
      </trkpt>
      <trkpt lat="45.939192" lon="7.659985">
        <ele>2561.4</ele>
      </trkpt>
      <trkpt lat="45.939135" lon="7.66">
        <ele>2561.6</ele>
      </trkpt>
      <trkpt lat="45.939022" lon="7.660079">
        <ele>2562.3</ele>
      </trkpt>
      <trkpt lat="45.93897" lon="7.660124">
        <ele>2562.3</ele>
      </trkpt>
      <trkpt lat="45.938928" lon="7.660163">
        <ele>2562.0</ele>
      </trkpt>
      <trkpt lat="45.938821" lon="7.66026">
        <ele>2560.6</ele>
      </trkpt>
      <trkpt lat="45.938604" lon="7.660435">
        <ele>2560.5</ele>
      </trkpt>
      <trkpt lat="45.938421" lon="7.660586">
        <ele>2561.8</ele>
      </trkpt>
      <trkpt lat="45.938273" lon="7.660729">
        <ele>2563.8</ele>
      </trkpt>
      <trkpt lat="45.938185" lon="7.660817">
        <ele>2565.4</ele>
      </trkpt>
      <trkpt lat="45.938091" lon="7.660891">
        <ele>2566.9</ele>
      </trkpt>
      <trkpt lat="45.938025" lon="7.660904">
        <ele>2567.1</ele>
      </trkpt>
      <trkpt lat="45.93799" lon="7.660942">
        <ele>2567.7</ele>
      </trkpt>
      <trkpt lat="45.937936" lon="7.661023">
        <ele>2568.5</ele>
      </trkpt>
      <trkpt lat="45.937736" lon="7.661179">
        <ele>2567.3</ele>
      </trkpt>
      <trkpt lat="45.9377" lon="7.661262">
        <ele>2564.6</ele>
      </trkpt>
      <trkpt lat="45.93766" lon="7.661456">
        <ele>2564.2</ele>
      </trkpt>
      <trkpt lat="45.937635" lon="7.66155">
        <ele>2569.2</ele>
      </trkpt>
      <trkpt lat="45.937576" lon="7.661629">
        <ele>2572.9</ele>
      </trkpt>
      <trkpt lat="45.937497" lon="7.66175">
        <ele>2575.9</ele>
      </trkpt>
      <trkpt lat="45.937413" lon="7.66182">
        <ele>2577.3</ele>
      </trkpt>
      <trkpt lat="45.93726" lon="7.662051">
        <ele>2581.0</ele>
      </trkpt>
      <trkpt lat="45.937095" lon="7.662311">
        <ele>2582.3</ele>
      </trkpt>
      <trkpt lat="45.936946" lon="7.66252">
        <ele>2583.3</ele>
      </trkpt>
      <trkpt lat="45.936847" lon="7.662756">
        <ele>2584.2</ele>
      </trkpt>
      <trkpt lat="45.936758" lon="7.66295">
        <ele>2585.6</ele>
      </trkpt>
      <trkpt lat="45.936769" lon="7.663051">
        <ele>2585.1</ele>
      </trkpt>
      <trkpt lat="45.936737" lon="7.663254">
        <ele>2586.2</ele>
      </trkpt>
      <trkpt lat="45.936723" lon="7.663508">
        <ele>2593.2</ele>
      </trkpt>
      <trkpt lat="45.936706" lon="7.663752">
        <ele>2593.8</ele>
      </trkpt>
      <trkpt lat="45.936731" lon="7.663859">
        <ele>2594.6</ele>
      </trkpt>
      <trkpt lat="45.936762" lon="7.663905">
        <ele>2595.4</ele>
      </trkpt>
      <trkpt lat="45.936845" lon="7.664063">
        <ele>2597.3</ele>
      </trkpt>
      <trkpt lat="45.936895" lon="7.664219">
        <ele>2599.1</ele>
      </trkpt>
      <trkpt lat="45.936895" lon="7.664399">
        <ele>2599.6</ele>
      </trkpt>
      <trkpt lat="45.936898" lon="7.664618">
        <ele>2600.0</ele>
      </trkpt>
      <trkpt lat="45.936882" lon="7.664725">
        <ele>2599.4</ele>
      </trkpt>
      <trkpt lat="45.936864" lon="7.664788">
        <ele>2598.6</ele>
      </trkpt>
      <trkpt lat="45.93683" lon="7.664988">
        <ele>2596.2</ele>
      </trkpt>
      <trkpt lat="45.936774" lon="7.665398">
        <ele>2591.2</ele>
      </trkpt>
      <trkpt lat="45.936713" lon="7.665638">
        <ele>2585.7</ele>
      </trkpt>
      <trkpt lat="45.936669" lon="7.665798">
        <ele>2580.1</ele>
      </trkpt>
      <trkpt lat="45.936682" lon="7.665925">
        <ele>2579.3</ele>
      </trkpt>
      <trkpt lat="45.936667" lon="7.666115">
        <ele>2575.8</ele>
      </trkpt>
      <trkpt lat="45.936652" lon="7.666296">
        <ele>2573.4</ele>
      </trkpt>
      <trkpt lat="45.93665" lon="7.66644">
        <ele>2573.0</ele>
      </trkpt>
      <trkpt lat="45.936624" lon="7.66657">
        <ele>2571.3</ele>
      </trkpt>
      <trkpt lat="45.936597" lon="7.666706">
        <ele>2570.5</ele>
      </trkpt>
      <trkpt lat="45.936552" lon="7.66682">
        <ele>2568.7</ele>
      </trkpt>
      <trkpt lat="45.936494" lon="7.666895">
        <ele>2567.0</ele>
      </trkpt>
      <trkpt lat="45.936419" lon="7.666942">
        <ele>2566.0</ele>
      </trkpt>
      <trkpt lat="45.936384" lon="7.66702">
        <ele>2565.8</ele>
      </trkpt>
      <trkpt lat="45.936333" lon="7.667085">
        <ele>2566.2</ele>
      </trkpt>
      <trkpt lat="45.936279" lon="7.667108">
        <ele>2567.4</ele>
      </trkpt>
      <trkpt lat="45.936205" lon="7.667087">
        <ele>2568.9</ele>
      </trkpt>
      <trkpt lat="45.936132" lon="7.666967">
        <ele>2568.4</ele>
      </trkpt>
      <trkpt lat="45.936103" lon="7.666942">
        <ele>2568.4</ele>
      </trkpt>
      <trkpt lat="45.936078" lon="7.666946">
        <ele>2568.3</ele>
      </trkpt>
      <trkpt lat="45.935946" lon="7.666998">
        <ele>2567.7</ele>
      </trkpt>
      <trkpt lat="45.935907" lon="7.666999">
        <ele>2567.5</ele>
      </trkpt>
      <trkpt lat="45.935808" lon="7.667081">
        <ele>2567.2</ele>
      </trkpt>
      <trkpt lat="45.935729" lon="7.667115">
        <ele>2565.8</ele>
      </trkpt>
      <trkpt lat="45.93562" lon="7.667106">
        <ele>2564.7</ele>
      </trkpt>
      <trkpt lat="45.935474" lon="7.667127">
        <ele>2566.7</ele>
      </trkpt>
      <trkpt lat="45.935244" lon="7.667137">
        <ele>2567.2</ele>
      </trkpt>
      <trkpt lat="45.935141" lon="7.667124">
        <ele>2566.9</ele>
      </trkpt>
      <trkpt lat="45.935062" lon="7.667132">
        <ele>2567.6</ele>
      </trkpt>
      <trkpt lat="45.934962" lon="7.667156">
        <ele>2569.5</ele>
      </trkpt>
      <trkpt lat="45.934933" lon="7.667196">
        <ele>2570.4</ele>
      </trkpt>
      <trkpt lat="45.934901" lon="7.667292">
        <ele>2572.0</ele>
      </trkpt>
      <trkpt lat="45.934866" lon="7.667332">
        <ele>2573.7</ele>
      </trkpt>
      <trkpt lat="45.934775" lon="7.667375">
        <ele>2576.6</ele>
      </trkpt>
      <trkpt lat="45.934694" lon="7.667396">
        <ele>2577.8</ele>
      </trkpt>
      <trkpt lat="45.934548" lon="7.667431">
        <ele>2578.1</ele>
      </trkpt>
      <trkpt lat="45.934481" lon="7.667564">
        <ele>2578.2</ele>
      </trkpt>
      <trkpt lat="45.93444" lon="7.667726">
        <ele>2577.7</ele>
      </trkpt>
      <trkpt lat="45.934405" lon="7.667865">
        <ele>2577.5</ele>
      </trkpt>
      <trkpt lat="45.934386" lon="7.667998">
        <ele>2578.4</ele>
      </trkpt>
      <trkpt lat="45.934329" lon="7.668086">
        <ele>2580.3</ele>
      </trkpt>
      <trkpt lat="45.934247" lon="7.668184">
        <ele>2583.1</ele>
      </trkpt>
      <trkpt lat="45.934134" lon="7.668371">
        <ele>2584.8</ele>
      </trkpt>
      <trkpt lat="45.934081" lon="7.668454">
        <ele>2585.2</ele>
      </trkpt>
      <trkpt lat="45.93406" lon="7.668579">
        <ele>2584.9</ele>
      </trkpt>
      <trkpt lat="45.934029" lon="7.66864">
        <ele>2584.6</ele>
      </trkpt>
      <trkpt lat="45.933936" lon="7.668746">
        <ele>2585.0</ele>
      </trkpt>
      <trkpt lat="45.933871" lon="7.668821">
        <ele>2585.4</ele>
      </trkpt>
      <trkpt lat="45.933822" lon="7.668893">
        <ele>2585.6</ele>
      </trkpt>
      <trkpt lat="45.933707" lon="7.668938">
        <ele>2586.7</ele>
      </trkpt>
      <trkpt lat="45.933528" lon="7.668994">
        <ele>2585.9</ele>
      </trkpt>
      <trkpt lat="45.933394" lon="7.669047">
        <ele>2585.1</ele>
      </trkpt>
      <trkpt lat="45.933298" lon="7.669063">
        <ele>2585.0</ele>
      </trkpt>
      <trkpt lat="45.933157" lon="7.669077">
        <ele>2585.5</ele>
      </trkpt>
      <trkpt lat="45.932942" lon="7.669055">
        <ele>2585.9</ele>
      </trkpt>
      <trkpt lat="45.932805" lon="7.669034">
        <ele>2587.2</ele>
      </trkpt>
      <trkpt lat="45.932705" lon="7.668983">
        <ele>2587.1</ele>
      </trkpt>
      <trkpt lat="45.932635" lon="7.668954">
        <ele>2586.7</ele>
      </trkpt>
      <trkpt lat="45.932525" lon="7.668981">
        <ele>2586.9</ele>
      </trkpt>
      <trkpt lat="45.932292" lon="7.669133">
        <ele>2587.7</ele>
      </trkpt>
      <trkpt lat="45.93216" lon="7.669223">
        <ele>2584.2</ele>
      </trkpt>
      <trkpt lat="45.93207" lon="7.669263">
        <ele>2580.5</ele>
      </trkpt>
      <trkpt lat="45.93199" lon="7.66929">
        <ele>2577.8</ele>
      </trkpt>
      <trkpt lat="45.931966" lon="7.669335">
        <ele>2575.8</ele>
      </trkpt>
      <trkpt lat="45.931929" lon="7.669375">
        <ele>2573.8</ele>
      </trkpt>
      <trkpt lat="45.931843" lon="7.669399">
        <ele>2571.0</ele>
      </trkpt>
      <trkpt lat="45.931797" lon="7.669439">
        <ele>2568.9</ele>
      </trkpt>
      <trkpt lat="45.931768" lon="7.66953">
        <ele>2566.7</ele>
      </trkpt>
      <trkpt lat="45.931727" lon="7.669551">
        <ele>2565.5</ele>
      </trkpt>
      <trkpt lat="45.931636" lon="7.669556">
        <ele>2563.6</ele>
      </trkpt>
      <trkpt lat="45.93159" lon="7.669511">
        <ele>2563.3</ele>
      </trkpt>
      <trkpt lat="45.931551" lon="7.669484">
        <ele>2563.0</ele>
      </trkpt>
      <trkpt lat="45.931347" lon="7.669476">
        <ele>2559.1</ele>
      </trkpt>
      <trkpt lat="45.93116" lon="7.669466">
        <ele>2555.0</ele>
      </trkpt>
      <trkpt lat="45.931065" lon="7.66945">
        <ele>2552.1</ele>
      </trkpt>
      <trkpt lat="45.931004" lon="7.66942">
        <ele>2550.5</ele>
      </trkpt>
      <trkpt lat="45.930971" lon="7.669394">
        <ele>2549.9</ele>
      </trkpt>
      <trkpt lat="45.930854" lon="7.669394">
        <ele>2546.9</ele>
      </trkpt>
      <trkpt lat="45.930762" lon="7.669378">
        <ele>2545.1</ele>
      </trkpt>
      <trkpt lat="45.930637" lon="7.669324">
        <ele>2543.4</ele>
      </trkpt>
      <trkpt lat="45.930563" lon="7.669348">
        <ele>2542.1</ele>
      </trkpt>
      <trkpt lat="45.930524" lon="7.66945">
        <ele>2540.8</ele>
      </trkpt>
      <trkpt lat="45.93046" lon="7.669527">
        <ele>2539.2</ele>
      </trkpt>
      <trkpt lat="45.930369" lon="7.669623">
        <ele>2536.1</ele>
      </trkpt>
      <trkpt lat="45.930346" lon="7.669769">
        <ele>2534.0</ele>
      </trkpt>
      <trkpt lat="45.930345" lon="7.670009">
        <ele>2533.6</ele>
      </trkpt>
      <trkpt lat="45.930313" lon="7.670163">
        <ele>2533.5</ele>
      </trkpt>
      <trkpt lat="45.930209" lon="7.670219">
        <ele>2534.0</ele>
      </trkpt>
      <trkpt lat="45.93003" lon="7.670342">
        <ele>2534.2</ele>
      </trkpt>
      <trkpt lat="45.929868" lon="7.670419">
        <ele>2535.0</ele>
      </trkpt>
      <trkpt lat="45.929744" lon="7.670419">
        <ele>2536.7</ele>
      </trkpt>
      <trkpt lat="45.929681" lon="7.670398">
        <ele>2537.3</ele>
      </trkpt>
      <trkpt lat="45.929657" lon="7.670552">
        <ele>2539.6</ele>
      </trkpt>
      <trkpt lat="45.929605" lon="7.670726">
        <ele>2540.8</ele>
      </trkpt>
      <trkpt lat="45.929494" lon="7.671016">
        <ele>2543.4</ele>
      </trkpt>
      <trkpt lat="45.929353" lon="7.671157">
        <ele>2546.1</ele>
      </trkpt>
      <trkpt lat="45.929244" lon="7.671296">
        <ele>2548.1</ele>
      </trkpt>
      <trkpt lat="45.928944" lon="7.67161">
        <ele>2550.1</ele>
      </trkpt>
      <trkpt lat="45.92882" lon="7.67173">
        <ele>2550.7</ele>
      </trkpt>
      <trkpt lat="45.928629" lon="7.671719">
        <ele>2552.6</ele>
      </trkpt>
      <trkpt lat="45.928507" lon="7.671852">
        <ele>2554.9</ele>
      </trkpt>
      <trkpt lat="45.928338" lon="7.671855">
        <ele>2556.5</ele>
      </trkpt>
      <trkpt lat="45.92829" lon="7.671778">
        <ele>2556.3</ele>
      </trkpt>
      <trkpt lat="45.928158" lon="7.671738">
        <ele>2559.9</ele>
      </trkpt>
      <trkpt lat="45.92813" lon="7.671623">
        <ele>2561.6</ele>
      </trkpt>
      <trkpt lat="45.928051" lon="7.671554">
        <ele>2566.1</ele>
      </trkpt>
      <trkpt lat="45.927997" lon="7.67153">
        <ele>2569.2</ele>
      </trkpt>
      <trkpt lat="45.927962" lon="7.671586">
        <ele>2571.1</ele>
      </trkpt>
      <trkpt lat="45.927908" lon="7.671543">
        <ele>2574.3</ele>
      </trkpt>
      <trkpt lat="45.927864" lon="7.671456">
        <ele>2576.9</ele>
      </trkpt>
      <trkpt lat="45.927812" lon="7.671458">
        <ele>2579.7</ele>
      </trkpt>
      <trkpt lat="45.927777" lon="7.671533">
        <ele>2581.4</ele>
      </trkpt>
      <trkpt lat="45.927723" lon="7.671533">
        <ele>2583.9</ele>
      </trkpt>
      <trkpt lat="45.927645" lon="7.671453">
        <ele>2587.7</ele>
      </trkpt>
      <trkpt lat="45.927643" lon="7.67125">
        <ele>2590.4</ele>
      </trkpt>
      <trkpt lat="45.927513" lon="7.671139">
        <ele>2597.6</ele>
      </trkpt>
      <trkpt lat="45.927363" lon="7.670997">
        <ele>2604.2</ele>
      </trkpt>
      <trkpt lat="45.927286" lon="7.670877">
        <ele>2607.0</ele>
      </trkpt>
      <trkpt lat="45.9272" lon="7.670726">
        <ele>2607.3</ele>
      </trkpt>
      <trkpt lat="45.927115" lon="7.670704">
        <ele>2607.0</ele>
      </trkpt>
      <trkpt lat="45.927078" lon="7.670704">
        <ele>2607.1</ele>
      </trkpt>
      <trkpt lat="45.927015" lon="7.670654">
        <ele>2606.8</ele>
      </trkpt>
      <trkpt lat="45.926946" lon="7.670526">
        <ele>2605.9</ele>
      </trkpt>
      <trkpt lat="45.926894" lon="7.670406">
        <ele>2603.5</ele>
      </trkpt>
      <trkpt lat="45.926833" lon="7.670427">
        <ele>2604.0</ele>
      </trkpt>
      <trkpt lat="45.926707" lon="7.670414">
        <ele>2603.7</ele>
      </trkpt>
      <trkpt lat="45.92662" lon="7.670337">
        <ele>2602.8</ele>
      </trkpt>
      <trkpt lat="45.926515" lon="7.670345">
        <ele>2602.6</ele>
      </trkpt>
      <trkpt lat="45.926413" lon="7.670361">
        <ele>2602.1</ele>
      </trkpt>
      <trkpt lat="45.926268" lon="7.670267">
        <ele>2605.3</ele>
      </trkpt>
      <trkpt lat="45.926033" lon="7.670081">
        <ele>2613.9</ele>
      </trkpt>
      <trkpt lat="45.925946" lon="7.669974">
        <ele>2614.3</ele>
      </trkpt>
      <trkpt lat="45.925811" lon="7.669844">
        <ele>2614.9</ele>
      </trkpt>
      <trkpt lat="45.92568" lon="7.669731">
        <ele>2618.6</ele>
      </trkpt>
      <trkpt lat="45.925589" lon="7.669667">
        <ele>2620.5</ele>
      </trkpt>
      <trkpt lat="45.925518" lon="7.669651">
        <ele>2622.8</ele>
      </trkpt>
      <trkpt lat="45.92548" lon="7.669669">
        <ele>2624.4</ele>
      </trkpt>
      <trkpt lat="45.925375" lon="7.669665">
        <ele>2626.1</ele>
      </trkpt>
      <trkpt lat="45.925293" lon="7.669587">
        <ele>2624.5</ele>
      </trkpt>
      <trkpt lat="45.925229" lon="7.669562">
        <ele>2624.4</ele>
      </trkpt>
      <trkpt lat="45.925201" lon="7.669539">
        <ele>2624.5</ele>
      </trkpt>
      <trkpt lat="45.925189" lon="7.669496">
        <ele>2624.9</ele>
      </trkpt>
      <trkpt lat="45.925141" lon="7.669425">
        <ele>2626.4</ele>
      </trkpt>
      <trkpt lat="45.925104" lon="7.66936">
        <ele>2627.8</ele>
      </trkpt>
      <trkpt lat="45.925086" lon="7.66927">
        <ele>2628.6</ele>
      </trkpt>
      <trkpt lat="45.925066" lon="7.669058">
        <ele>2629.3</ele>
      </trkpt>
      <trkpt lat="45.925048" lon="7.668993">
        <ele>2629.9</ele>
      </trkpt>
      <trkpt lat="45.925042" lon="7.668914">
        <ele>2630.0</ele>
      </trkpt>
      <trkpt lat="45.925035" lon="7.668866">
        <ele>2629.9</ele>
      </trkpt>
      <trkpt lat="45.925007" lon="7.668806">
        <ele>2629.6</ele>
      </trkpt>
      <trkpt lat="45.924979" lon="7.668783">
        <ele>2629.9</ele>
      </trkpt>
      <trkpt lat="45.924965" lon="7.668759">
        <ele>2629.8</ele>
      </trkpt>
      <trkpt lat="45.92496" lon="7.668707">
        <ele>2628.8</ele>
      </trkpt>
      <trkpt lat="45.924923" lon="7.668522">
        <ele>2628.1</ele>
      </trkpt>
      <trkpt lat="45.924907" lon="7.668417">
        <ele>2628.1</ele>
      </trkpt>
      <trkpt lat="45.924874" lon="7.668269">
        <ele>2627.8</ele>
      </trkpt>
      <trkpt lat="45.924844" lon="7.668197">
        <ele>2627.7</ele>
      </trkpt>
      <trkpt lat="45.924812" lon="7.668157">
        <ele>2627.6</ele>
      </trkpt>
      <trkpt lat="45.924759" lon="7.668145">
        <ele>2627.8</ele>
      </trkpt>
      <trkpt lat="45.924689" lon="7.668146">
        <ele>2628.0</ele>
      </trkpt>
      <trkpt lat="45.92461" lon="7.668124">
        <ele>2627.1</ele>
      </trkpt>
      <trkpt lat="45.924527" lon="7.668079">
        <ele>2625.9</ele>
      </trkpt>
      <trkpt lat="45.924458" lon="7.668066">
        <ele>2625.7</ele>
      </trkpt>
      <trkpt lat="45.924408" lon="7.668061">
        <ele>2625.6</ele>
      </trkpt>
      <trkpt lat="45.924359" lon="7.668067">
        <ele>2625.6</ele>
      </trkpt>
      <trkpt lat="45.924285" lon="7.668093">
        <ele>2625.6</ele>
      </trkpt>
      <trkpt lat="45.924204" lon="7.668085">
        <ele>2624.3</ele>
      </trkpt>
      <trkpt lat="45.924158" lon="7.668114">
        <ele>2624.3</ele>
      </trkpt>
      <trkpt lat="45.924096" lon="7.668141">
        <ele>2623.9</ele>
      </trkpt>
      <trkpt lat="45.924044" lon="7.668153">
        <ele>2623.1</ele>
      </trkpt>
      <trkpt lat="45.92401" lon="7.668175">
        <ele>2622.9</ele>
      </trkpt>
      <trkpt lat="45.923971" lon="7.668219">
        <ele>2623.4</ele>
      </trkpt>
      <trkpt lat="45.923922" lon="7.668223">
        <ele>2622.7</ele>
      </trkpt>
      <trkpt lat="45.923878" lon="7.66825">
        <ele>2622.7</ele>
      </trkpt>
      <trkpt lat="45.923784" lon="7.668249">
        <ele>2621.7</ele>
      </trkpt>
      <trkpt lat="45.923693" lon="7.668251">
        <ele>2622.3</ele>
      </trkpt>
      <trkpt lat="45.923637" lon="7.668269">
        <ele>2623.1</ele>
      </trkpt>
      <trkpt lat="45.923618" lon="7.66826">
        <ele>2623.2</ele>
      </trkpt>
      <trkpt lat="45.923601" lon="7.668242">
        <ele>2623.2</ele>
      </trkpt>
      <trkpt lat="45.923597" lon="7.668183">
        <ele>2623.0</ele>
      </trkpt>
      <trkpt lat="45.923578" lon="7.668076">
        <ele>2622.7</ele>
      </trkpt>
      <trkpt lat="45.923567" lon="7.668038">
        <ele>2622.5</ele>
      </trkpt>
      <trkpt lat="45.92355" lon="7.668014">
        <ele>2622.5</ele>
      </trkpt>
      <trkpt lat="45.92354" lon="7.668054">
        <ele>2623.1</ele>
      </trkpt>
      <trkpt lat="45.923531" lon="7.668114">
        <ele>2623.6</ele>
      </trkpt>
      <trkpt lat="45.923497" lon="7.668158">
        <ele>2624.3</ele>
      </trkpt>
      <trkpt lat="45.923405" lon="7.668218">
        <ele>2625.6</ele>
      </trkpt>
      <trkpt lat="45.923326" lon="7.668291">
        <ele>2627.5</ele>
      </trkpt>
      <trkpt lat="45.923251" lon="7.668289">
        <ele>2629.4</ele>
      </trkpt>
      <trkpt lat="45.923201" lon="7.668331">
        <ele>2630.8</ele>
      </trkpt>
      <trkpt lat="45.923168" lon="7.668438">
        <ele>2632.6</ele>
      </trkpt>
      <trkpt lat="45.92311" lon="7.668477">
        <ele>2634.4</ele>
      </trkpt>
      <trkpt lat="45.92305" lon="7.668593">
        <ele>2636.9</ele>
      </trkpt>
      <trkpt lat="45.922963" lon="7.668628">
        <ele>2637.2</ele>
      </trkpt>
      <trkpt lat="45.923003" lon="7.668752">
        <ele>2639.0</ele>
      </trkpt>
      <trkpt lat="45.923033" lon="7.668869">
        <ele>2639.9</ele>
      </trkpt>
      <trkpt lat="45.923079" lon="7.668979">
        <ele>2639.8</ele>
      </trkpt>
      <trkpt lat="45.923015" lon="7.66931">
        <ele>2643.1</ele>
      </trkpt>
      <trkpt lat="45.922975" lon="7.669415">
        <ele>2645.0</ele>
      </trkpt>
      <trkpt lat="45.922925" lon="7.669546">
        <ele>2646.9</ele>
      </trkpt>
      <trkpt lat="45.922914" lon="7.669659">
        <ele>2648.0</ele>
      </trkpt>
      <trkpt lat="45.922938" lon="7.669742">
        <ele>2649.4</ele>
      </trkpt>
      <trkpt lat="45.922886" lon="7.669881">
        <ele>2654.2</ele>
      </trkpt>
      <trkpt lat="45.922813" lon="7.669935">
        <ele>2655.1</ele>
      </trkpt>
      <trkpt lat="45.922802" lon="7.67001">
        <ele>2656.8</ele>
      </trkpt>
      <trkpt lat="45.922696" lon="7.670141">
        <ele>2660.6</ele>
      </trkpt>
      <trkpt lat="45.922636" lon="7.670265">
        <ele>2662.5</ele>
      </trkpt>
      <trkpt lat="45.922664" lon="7.670335">
        <ele>2664.0</ele>
      </trkpt>
      <trkpt lat="45.922666" lon="7.67041">
        <ele>2665.4</ele>
      </trkpt>
      <trkpt lat="45.922655" lon="7.670453">
        <ele>2665.9</ele>
      </trkpt>
      <trkpt lat="45.922681" lon="7.670702">
        <ele>2667.5</ele>
      </trkpt>
      <trkpt lat="45.922681" lon="7.671024">
        <ele>2667.7</ele>
      </trkpt>
      <trkpt lat="45.922707" lon="7.671352">
        <ele>2669.0</ele>
      </trkpt>
      <trkpt lat="45.922713" lon="7.671426">
        <ele>2669.8</ele>
      </trkpt>
      <trkpt lat="45.92269" lon="7.67155">
        <ele>2671.7</ele>
      </trkpt>
      <trkpt lat="45.922729" lon="7.671652">
        <ele>2674.8</ele>
      </trkpt>
      <trkpt lat="45.922644" lon="7.671901">
        <ele>2678.5</ele>
      </trkpt>
      <trkpt lat="45.922627" lon="7.672091">
        <ele>2682.7</ele>
      </trkpt>
      <trkpt lat="45.92253" lon="7.67255">
        <ele>2690.2</ele>
      </trkpt>
      <trkpt lat="45.922507" lon="7.672826">
        <ele>2691.6</ele>
      </trkpt>
      <trkpt lat="45.922535" lon="7.673215">
        <ele>2692.2</ele>
      </trkpt>
      <trkpt lat="45.922473" lon="7.673473">
        <ele>2691.9</ele>
      </trkpt>
      <trkpt lat="45.922418" lon="7.673709">
        <ele>2695.7</ele>
      </trkpt>
      <trkpt lat="45.922257" lon="7.673931">
        <ele>2698.6</ele>
      </trkpt>
      <trkpt lat="45.922233" lon="7.674363">
        <ele>2706.5</ele>
      </trkpt>
      <trkpt lat="45.922132" lon="7.67446">
        <ele>2709.3</ele>
      </trkpt>
      <trkpt lat="45.921996" lon="7.674709">
        <ele>2714.6</ele>
      </trkpt>
      <trkpt lat="45.921933" lon="7.674776">
        <ele>2717.0</ele>
      </trkpt>
      <trkpt lat="45.921927" lon="7.674892">
        <ele>2718.9</ele>
      </trkpt>
      <trkpt lat="45.921907" lon="7.675082">
        <ele>2721.2</ele>
      </trkpt>
      <trkpt lat="45.921815" lon="7.675297">
        <ele>2727.3</ele>
      </trkpt>
      <trkpt lat="45.921748" lon="7.675447">
        <ele>2730.8</ele>
      </trkpt>
      <trkpt lat="45.921713" lon="7.675664">
        <ele>2733.5</ele>
      </trkpt>
      <trkpt lat="45.921672" lon="7.67574">
        <ele>2735.7</ele>
        <name>45.921672,7.675740</name>
        <extensions>
          <oa:Extension>
            <oa:mapZoom>17</oa:mapZoom>
          </oa:Extension>
        </extensions>
      </trkpt>
      <trkpt lat="45.921647" lon="7.675788">
        <ele>2737.1</ele>
      </trkpt>
      <trkpt lat="45.921614" lon="7.675927">
        <ele>2740.3</ele>
      </trkpt>
      <trkpt lat="45.921541" lon="7.675997">
        <ele>2743.2</ele>
      </trkpt>
      <trkpt lat="45.921574" lon="7.676093">
        <ele>2745.5</ele>
      </trkpt>
      <trkpt lat="45.921533" lon="7.676321">
        <ele>2750.8</ele>
      </trkpt>
      <trkpt lat="45.921487" lon="7.676458">
        <ele>2753.4</ele>
      </trkpt>
      <trkpt lat="45.921393" lon="7.676598">
        <ele>2756.4</ele>
      </trkpt>
      <trkpt lat="45.921364" lon="7.676764">
        <ele>2758.6</ele>
      </trkpt>
      <trkpt lat="45.921364" lon="7.676903">
        <ele>2759.8</ele>
      </trkpt>
      <trkpt lat="45.921324" lon="7.677053">
        <ele>2763.3</ele>
      </trkpt>
      <trkpt lat="45.921268" lon="7.677094">
        <ele>2766.2</ele>
      </trkpt>
      <trkpt lat="45.921246" lon="7.677233">
        <ele>2770.7</ele>
      </trkpt>
      <trkpt lat="45.921209" lon="7.677322">
        <ele>2774.5</ele>
      </trkpt>
      <trkpt lat="45.921173" lon="7.677349">
        <ele>2776.3</ele>
      </trkpt>
      <trkpt lat="45.92119" lon="7.677504">
        <ele>2780.7</ele>
      </trkpt>
      <trkpt lat="45.921216" lon="7.677582">
        <ele>2782.8</ele>
      </trkpt>
      <trkpt lat="45.921222" lon="7.677662">
        <ele>2785.3</ele>
      </trkpt>
      <trkpt lat="45.921196" lon="7.677804">
        <ele>2789.0</ele>
      </trkpt>
      <trkpt lat="45.921181" lon="7.677984">
        <ele>2792.1</ele>
      </trkpt>
      <trkpt lat="45.921218" lon="7.67814">
        <ele>2794.6</ele>
      </trkpt>
      <trkpt lat="45.921224" lon="7.678277">
        <ele>2797.1</ele>
      </trkpt>
      <trkpt lat="45.921199" lon="7.678489">
        <ele>2800.0</ele>
      </trkpt>
      <trkpt lat="45.921134" lon="7.678767">
        <ele>2804.9</ele>
      </trkpt>
      <trkpt lat="45.921054" lon="7.678926">
        <ele>2808.1</ele>
      </trkpt>
      <trkpt lat="45.921061" lon="7.679132">
        <ele>2812.3</ele>
      </trkpt>
      <trkpt lat="45.921022" lon="7.679269">
        <ele>2817.1</ele>
      </trkpt>
      <trkpt lat="45.920905" lon="7.679422">
        <ele>2824.1</ele>
      </trkpt>
      <trkpt lat="45.920871" lon="7.6795">
        <ele>2827.0</ele>
      </trkpt>
      <trkpt lat="45.920875" lon="7.679639">
        <ele>2831.1</ele>
      </trkpt>
      <trkpt lat="45.920839" lon="7.679835">
        <ele>2837.5</ele>
      </trkpt>
      <trkpt lat="45.92086" lon="7.680039">
        <ele>2842.3</ele>
      </trkpt>
      <trkpt lat="45.920906" lon="7.680484">
        <ele>2850.9</ele>
      </trkpt>
      <trkpt lat="45.920865" lon="7.680835">
        <ele>2857.1</ele>
      </trkpt>
      <trkpt lat="45.920929" lon="7.681256">
        <ele>2863.3</ele>
      </trkpt>
      <trkpt lat="45.920946" lon="7.681468">
        <ele>2865.3</ele>
      </trkpt>
      <trkpt lat="45.920927" lon="7.681777">
        <ele>2869.7</ele>
      </trkpt>
      <trkpt lat="45.920911" lon="7.682231">
        <ele>2875.2</ele>
      </trkpt>
      <trkpt lat="45.920896" lon="7.682685">
        <ele>2879.9</ele>
      </trkpt>
      <trkpt lat="45.92088" lon="7.683139">
        <ele>2887.5</ele>
      </trkpt>
      <trkpt lat="45.920763" lon="7.683569">
        <ele>2893.9</ele>
      </trkpt>
      <trkpt lat="45.920625" lon="7.683781">
        <ele>2897.9</ele>
      </trkpt>
      <trkpt lat="45.920384" lon="7.683837">
        <ele>2901.3</ele>
      </trkpt>
      <trkpt lat="45.920085" lon="7.684143">
        <ele>2910.5</ele>
      </trkpt>
      <trkpt lat="45.920007" lon="7.6844">
        <ele>2914.8</ele>
      </trkpt>
      <trkpt lat="45.919856" lon="7.68443">
        <ele>2918.2</ele>
      </trkpt>
      <trkpt lat="45.919813" lon="7.684416">
        <ele>2919.2</ele>
      </trkpt>
      <trkpt lat="45.919716" lon="7.684682">
        <ele>2925.5</ele>
      </trkpt>
      <trkpt lat="45.919686" lon="7.68506">
        <ele>2932.1</ele>
      </trkpt>
      <trkpt lat="45.919643" lon="7.685127">
        <ele>2935.0</ele>
      </trkpt>
      <trkpt lat="45.919567" lon="7.685207">
        <ele>2939.9</ele>
      </trkpt>
      <trkpt lat="45.919539" lon="7.685299">
        <ele>2943.0</ele>
      </trkpt>
      <trkpt lat="45.919512" lon="7.685352">
        <ele>2945.2</ele>
      </trkpt>
      <trkpt lat="45.91946" lon="7.685492">
        <ele>2949.8</ele>
      </trkpt>
      <trkpt lat="45.919393" lon="7.685603">
        <ele>2953.0</ele>
      </trkpt>
      <trkpt lat="45.919322" lon="7.685678">
        <ele>2954.9</ele>
      </trkpt>
      <trkpt lat="45.919282" lon="7.68571">
        <ele>2956.0</ele>
      </trkpt>
      <trkpt lat="45.919234" lon="7.685736">
        <ele>2957.6</ele>
      </trkpt>
      <trkpt lat="45.919067" lon="7.685853">
        <ele>2962.7</ele>
      </trkpt>
      <trkpt lat="45.918925" lon="7.685975">
        <ele>2966.6</ele>
      </trkpt>
      <trkpt lat="45.918804" lon="7.685971">
        <ele>2970.1</ele>
      </trkpt>
      <trkpt lat="45.918764" lon="7.685946">
        <ele>2971.5</ele>
      </trkpt>
      <trkpt lat="45.918747" lon="7.685895">
        <ele>2972.7</ele>
      </trkpt>
      <trkpt lat="45.918741" lon="7.685826">
        <ele>2974.1</ele>
      </trkpt>
      <trkpt lat="45.91872" lon="7.685804">
        <ele>2975.0</ele>
      </trkpt>
      <trkpt lat="45.918596" lon="7.685769">
        <ele>2978.3</ele>
      </trkpt>
      <trkpt lat="45.91848" lon="7.685667">
        <ele>2981.1</ele>
      </trkpt>
      <trkpt lat="45.918425" lon="7.685673">
        <ele>2981.5</ele>
      </trkpt>
      <trkpt lat="45.918293" lon="7.685789">
        <ele>2981.3</ele>
      </trkpt>
      <trkpt lat="45.918147" lon="7.685876">
        <ele>2981.4</ele>
      </trkpt>
      <trkpt lat="45.917861" lon="7.68577">
        <ele>2980.6</ele>
      </trkpt>
      <trkpt lat="45.917576" lon="7.685663">
        <ele>2980.2</ele>
      </trkpt>
      <trkpt lat="45.917255" lon="7.685631">
        <ele>2979.5</ele>
      </trkpt>
      <trkpt lat="45.917145" lon="7.685731">
        <ele>2979.9</ele>
      </trkpt>
      <trkpt lat="45.917081" lon="7.68567">
        <ele>2979.4</ele>
      </trkpt>
      <trkpt lat="45.916948" lon="7.685572">
        <ele>2979.0</ele>
      </trkpt>
      <trkpt lat="45.916763" lon="7.685478">
        <ele>2981.1</ele>
      </trkpt>
      <trkpt lat="45.916627" lon="7.685406">
        <ele>2981.2</ele>
        <name>Mulattiera delle Cime Bianche, Ayas</name>
        <extensions>
          <oa:Extension>
            <oa:mapZoom>17</oa:mapZoom>
          </oa:Extension>
        </extensions>
      </trkpt>
      <trkpt lat="45.916606" lon="7.685394">
        <ele>2981.2</ele>
      </trkpt>
      <trkpt lat="45.916448" lon="7.685332">
        <ele>2981.0</ele>
      </trkpt>
      <trkpt lat="45.916333" lon="7.68531">
        <ele>2983.0</ele>
      </trkpt>
      <trkpt lat="45.916222" lon="7.685323">
        <ele>2984.1</ele>
      </trkpt>
      <trkpt lat="45.916165" lon="7.685347">
        <ele>2983.4</ele>
      </trkpt>
      <trkpt lat="45.916097" lon="7.685389">
        <ele>2982.6</ele>
      </trkpt>
      <trkpt lat="45.916043" lon="7.685458">
        <ele>2983.2</ele>
      </trkpt>
      <trkpt lat="45.915998" lon="7.68554">
        <ele>2984.3</ele>
      </trkpt>
      <trkpt lat="45.915932" lon="7.685732">
        <ele>2985.6</ele>
      </trkpt>
      <trkpt lat="45.915907" lon="7.685886">
        <ele>2986.1</ele>
      </trkpt>
      <trkpt lat="45.91592" lon="7.686011">
        <ele>2986.1</ele>
      </trkpt>
      <trkpt lat="45.915944" lon="7.686115">
        <ele>2986.0</ele>
      </trkpt>
      <trkpt lat="45.916002" lon="7.686314">
        <ele>2985.2</ele>
      </trkpt>
      <trkpt lat="45.916038" lon="7.686428">
        <ele>2984.5</ele>
      </trkpt>
      <trkpt lat="45.915725" lon="7.686644">
        <ele>2983.9</ele>
      </trkpt>
      <trkpt lat="45.915598" lon="7.687175">
        <ele>2982.8</ele>
      </trkpt>
      <trkpt lat="45.915643" lon="7.687257">
        <ele>2983.2</ele>
      </trkpt>
      <trkpt lat="45.91565" lon="7.687338">
        <ele>2984.0</ele>
      </trkpt>
      <trkpt lat="45.915678" lon="7.687415">
        <ele>2985.4</ele>
      </trkpt>
      <trkpt lat="45.915722" lon="7.687678">
        <ele>2990.6</ele>
      </trkpt>
      <trkpt lat="45.915594" lon="7.687729">
        <ele>2990.9</ele>
      </trkpt>
      <trkpt lat="45.915499" lon="7.687764">
        <ele>2990.2</ele>
      </trkpt>
      <trkpt lat="45.915477" lon="7.687853">
        <ele>2990.3</ele>
      </trkpt>
      <trkpt lat="45.915426" lon="7.687948">
        <ele>2987.9</ele>
      </trkpt>
      <trkpt lat="45.915366" lon="7.687868">
        <ele>2987.5</ele>
      </trkpt>
      <trkpt lat="45.915321" lon="7.687748">
        <ele>2988.0</ele>
      </trkpt>
      <trkpt lat="45.915267" lon="7.687714">
        <ele>2988.7</ele>
      </trkpt>
      <trkpt lat="45.915211" lon="7.687701">
        <ele>2989.4</ele>
      </trkpt>
      <trkpt lat="45.915173" lon="7.687717">
        <ele>2989.2</ele>
      </trkpt>
      <trkpt lat="45.91514" lon="7.687744">
        <ele>2988.5</ele>
      </trkpt>
      <trkpt lat="45.915075" lon="7.687755">
        <ele>2988.1</ele>
      </trkpt>
      <trkpt lat="45.91502" lon="7.687754">
        <ele>2988.1</ele>
      </trkpt>
      <trkpt lat="45.914979" lon="7.687757">
        <ele>2988.1</ele>
      </trkpt>
      <trkpt lat="45.914853" lon="7.68783">
        <ele>2986.3</ele>
      </trkpt>
      <trkpt lat="45.914784" lon="7.687851">
        <ele>2985.4</ele>
      </trkpt>
      <trkpt lat="45.914748" lon="7.687895">
        <ele>2983.2</ele>
      </trkpt>
      <trkpt lat="45.914695" lon="7.6879">
        <ele>2982.9</ele>
      </trkpt>
      <trkpt lat="45.914622" lon="7.68789">
        <ele>2984.2</ele>
      </trkpt>
      <trkpt lat="45.914595" lon="7.687911">
        <ele>2984.0</ele>
      </trkpt>
      <trkpt lat="45.914571" lon="7.687955">
        <ele>2982.6</ele>
      </trkpt>
      <trkpt lat="45.914555" lon="7.687993">
        <ele>2981.0</ele>
      </trkpt>
      <trkpt lat="45.914516" lon="7.688039">
        <ele>2979.2</ele>
      </trkpt>
      <trkpt lat="45.914479" lon="7.688054">
        <ele>2979.1</ele>
      </trkpt>
      <trkpt lat="45.914445" lon="7.688053">
        <ele>2979.8</ele>
      </trkpt>
      <trkpt lat="45.914425" lon="7.688062">
        <ele>2979.7</ele>
      </trkpt>
      <trkpt lat="45.914407" lon="7.688101">
        <ele>2977.5</ele>
      </trkpt>
      <trkpt lat="45.914375" lon="7.688127">
        <ele>2976.7</ele>
      </trkpt>
      <trkpt lat="45.914322" lon="7.688096">
        <ele>2979.5</ele>
      </trkpt>
      <trkpt lat="45.914273" lon="7.688098">
        <ele>2979.6</ele>
      </trkpt>
      <trkpt lat="45.914216" lon="7.688096">
        <ele>2979.2</ele>
      </trkpt>
      <trkpt lat="45.914181" lon="7.68814">
        <ele>2976.7</ele>
      </trkpt>
      <trkpt lat="45.914137" lon="7.688156">
        <ele>2975.2</ele>
      </trkpt>
      <trkpt lat="45.914087" lon="7.68816">
        <ele>2974.0</ele>
      </trkpt>
      <trkpt lat="45.913946" lon="7.68814">
        <ele>2971.0</ele>
      </trkpt>
      <trkpt lat="45.913903" lon="7.688128">
        <ele>2970.7</ele>
      </trkpt>
      <trkpt lat="45.913871" lon="7.688125">
        <ele>2970.1</ele>
      </trkpt>
      <trkpt lat="45.91382" lon="7.68814">
        <ele>2968.6</ele>
      </trkpt>
      <trkpt lat="45.913798" lon="7.688134">
        <ele>2968.4</ele>
      </trkpt>
      <trkpt lat="45.913659" lon="7.688065">
        <ele>2967.2</ele>
      </trkpt>
      <trkpt lat="45.913603" lon="7.688064">
        <ele>2966.1</ele>
      </trkpt>
      <trkpt lat="45.913598" lon="7.68809">
        <ele>2965.5</ele>
      </trkpt>
      <trkpt lat="45.913622" lon="7.688147">
        <ele>2964.8</ele>
      </trkpt>
      <trkpt lat="45.913621" lon="7.688171">
        <ele>2964.2</ele>
      </trkpt>
      <trkpt lat="45.913605" lon="7.688201">
        <ele>2962.8</ele>
      </trkpt>
      <trkpt lat="45.913573" lon="7.688215">
        <ele>2961.7</ele>
      </trkpt>
      <trkpt lat="45.913538" lon="7.688208">
        <ele>2961.3</ele>
      </trkpt>
      <trkpt lat="45.913515" lon="7.688179">
        <ele>2961.8</ele>
      </trkpt>
      <trkpt lat="45.91344" lon="7.688123">
        <ele>2960.7</ele>
      </trkpt>
      <trkpt lat="45.913384" lon="7.688032">
        <ele>2957.7</ele>
      </trkpt>
      <trkpt lat="45.913302" lon="7.68803">
        <ele>2954.7</ele>
      </trkpt>
      <trkpt lat="45.913216" lon="7.688048">
        <ele>2952.4</ele>
      </trkpt>
      <trkpt lat="45.913077" lon="7.688035">
        <ele>2952.2</ele>
      </trkpt>
      <trkpt lat="45.913001" lon="7.688041">
        <ele>2951.0</ele>
      </trkpt>
      <trkpt lat="45.91297" lon="7.68804">
        <ele>2950.2</ele>
      </trkpt>
      <trkpt lat="45.912923" lon="7.68798">
        <ele>2950.1</ele>
      </trkpt>
      <trkpt lat="45.912891" lon="7.687969">
        <ele>2949.4</ele>
      </trkpt>
      <trkpt lat="45.912836" lon="7.687903">
        <ele>2948.4</ele>
      </trkpt>
      <trkpt lat="45.912786" lon="7.687861">
        <ele>2946.1</ele>
      </trkpt>
      <trkpt lat="45.912728" lon="7.687783">
        <ele>2943.9</ele>
      </trkpt>
      <trkpt lat="45.912678" lon="7.687683">
        <ele>2943.2</ele>
      </trkpt>
      <trkpt lat="45.912654" lon="7.687634">
        <ele>2942.9</ele>
      </trkpt>
      <trkpt lat="45.912624" lon="7.6876">
        <ele>2942.1</ele>
      </trkpt>
      <trkpt lat="45.912528" lon="7.68756">
        <ele>2938.9</ele>
      </trkpt>
      <trkpt lat="45.912405" lon="7.687534">
        <ele>2936.7</ele>
      </trkpt>
      <trkpt lat="45.912311" lon="7.687505">
        <ele>2936.0</ele>
      </trkpt>
      <trkpt lat="45.912217" lon="7.68749">
        <ele>2934.5</ele>
      </trkpt>
      <trkpt lat="45.912139" lon="7.687446">
        <ele>2934.1</ele>
      </trkpt>
      <trkpt lat="45.91209" lon="7.687451">
        <ele>2933.7</ele>
      </trkpt>
      <trkpt lat="45.912033" lon="7.687474">
        <ele>2933.2</ele>
      </trkpt>
      <trkpt lat="45.911931" lon="7.687548">
        <ele>2930.9</ele>
      </trkpt>
      <trkpt lat="45.911875" lon="7.687578">
        <ele>2930.1</ele>
      </trkpt>
      <trkpt lat="45.911802" lon="7.687607">
        <ele>2929.4</ele>
      </trkpt>
      <trkpt lat="45.911686" lon="7.687652">
        <ele>2927.2</ele>
      </trkpt>
      <trkpt lat="45.911645" lon="7.687647">
        <ele>2927.0</ele>
      </trkpt>
      <trkpt lat="45.911597" lon="7.687623">
        <ele>2927.2</ele>
      </trkpt>
      <trkpt lat="45.911572" lon="7.687624">
        <ele>2926.6</ele>
      </trkpt>
      <trkpt lat="45.91155" lon="7.687645">
        <ele>2925.4</ele>
      </trkpt>
      <trkpt lat="45.911536" lon="7.687669">
        <ele>2924.4</ele>
      </trkpt>
      <trkpt lat="45.911496" lon="7.687671">
        <ele>2923.4</ele>
      </trkpt>
      <trkpt lat="45.911461" lon="7.687676">
        <ele>2922.4</ele>
      </trkpt>
      <trkpt lat="45.911427" lon="7.687663">
        <ele>2921.7</ele>
      </trkpt>
      <trkpt lat="45.911403" lon="7.687649">
        <ele>2921.1</ele>
      </trkpt>
      <trkpt lat="45.911268" lon="7.687661">
        <ele>2915.7</ele>
      </trkpt>
      <trkpt lat="45.911216" lon="7.687681">
        <ele>2913.4</ele>
      </trkpt>
      <trkpt lat="45.911173" lon="7.687731">
        <ele>2910.3</ele>
      </trkpt>
      <trkpt lat="45.911034" lon="7.687746">
        <ele>2906.5</ele>
      </trkpt>
      <trkpt lat="45.910955" lon="7.687741">
        <ele>2905.0</ele>
      </trkpt>
      <trkpt lat="45.910891" lon="7.687747">
        <ele>2903.7</ele>
      </trkpt>
      <trkpt lat="45.910871" lon="7.687753">
        <ele>2903.2</ele>
      </trkpt>
      <trkpt lat="45.910862" lon="7.687773">
        <ele>2902.2</ele>
      </trkpt>
      <trkpt lat="45.910879" lon="7.687804">
        <ele>2900.8</ele>
      </trkpt>
      <trkpt lat="45.910883" lon="7.687826">
        <ele>2899.8</ele>
      </trkpt>
      <trkpt lat="45.910873" lon="7.687839">
        <ele>2899.0</ele>
      </trkpt>
      <trkpt lat="45.910823" lon="7.687844">
        <ele>2898.8</ele>
      </trkpt>
      <trkpt lat="45.910744" lon="7.687968">
        <ele>2893.1</ele>
      </trkpt>
      <trkpt lat="45.910671" lon="7.688015">
        <ele>2891.1</ele>
      </trkpt>
      <trkpt lat="45.910636" lon="7.688041">
        <ele>2889.7</ele>
      </trkpt>
      <trkpt lat="45.910673" lon="7.688067">
        <ele>2888.7</ele>
      </trkpt>
      <trkpt lat="45.910663" lon="7.688094">
        <ele>2887.4</ele>
      </trkpt>
      <trkpt lat="45.910669" lon="7.688115">
        <ele>2886.3</ele>
      </trkpt>
      <trkpt lat="45.910648" lon="7.688131">
        <ele>2885.5</ele>
      </trkpt>
      <trkpt lat="45.91062" lon="7.688164">
        <ele>2883.4</ele>
      </trkpt>
      <trkpt lat="45.910671" lon="7.688205">
        <ele>2882.0</ele>
      </trkpt>
      <trkpt lat="45.910648" lon="7.688237">
        <ele>2880.1</ele>
      </trkpt>
      <trkpt lat="45.910649" lon="7.688257">
        <ele>2879.1</ele>
      </trkpt>
      <trkpt lat="45.910683" lon="7.688266">
        <ele>2879.0</ele>
      </trkpt>
      <trkpt lat="45.910732" lon="7.688287">
        <ele>2877.6</ele>
      </trkpt>
      <trkpt lat="45.910755" lon="7.688304">
        <ele>2876.1</ele>
      </trkpt>
      <trkpt lat="45.910754" lon="7.688326">
        <ele>2874.9</ele>
      </trkpt>
      <trkpt lat="45.910726" lon="7.68836">
        <ele>2873.6</ele>
      </trkpt>
      <trkpt lat="45.910683" lon="7.688394">
        <ele>2872.0</ele>
      </trkpt>
      <trkpt lat="45.910601" lon="7.688426">
        <ele>2869.8</ele>
      </trkpt>
      <trkpt lat="45.910578" lon="7.688451">
        <ele>2868.4</ele>
      </trkpt>
      <trkpt lat="45.910595" lon="7.688483">
        <ele>2867.0</ele>
      </trkpt>
      <trkpt lat="45.91063" lon="7.688501">
        <ele>2866.3</ele>
      </trkpt>
      <trkpt lat="45.910657" lon="7.688526">
        <ele>2865.0</ele>
      </trkpt>
      <trkpt lat="45.910672" lon="7.688546">
        <ele>2864.0</ele>
      </trkpt>
      <trkpt lat="45.910671" lon="7.68856">
        <ele>2863.3</ele>
      </trkpt>
      <trkpt lat="45.910633" lon="7.688574">
        <ele>2862.8</ele>
      </trkpt>
      <trkpt lat="45.910601" lon="7.68862">
        <ele>2860.7</ele>
      </trkpt>
      <trkpt lat="45.91054" lon="7.688661">
        <ele>2858.3</ele>
      </trkpt>
      <trkpt lat="45.910556" lon="7.68869">
        <ele>2857.2</ele>
      </trkpt>
      <trkpt lat="45.91058" lon="7.688718">
        <ele>2856.2</ele>
        <name>45.910580,7.688718</name>
        <extensions>
          <oa:Extension>
            <oa:mapZoom>14</oa:mapZoom>
          </oa:Extension>
        </extensions>
      </trkpt>
      <trkpt lat="45.910561" lon="7.688747">
        <ele>2854.8</ele>
      </trkpt>
      <trkpt lat="45.910561" lon="7.688768">
        <ele>2853.9</ele>
      </trkpt>
      <trkpt lat="45.91059" lon="7.688802">
        <ele>2852.8</ele>
      </trkpt>
      <trkpt lat="45.91063" lon="7.688871">
        <ele>2850.8</ele>
      </trkpt>
      <trkpt lat="45.910605" lon="7.688919">
        <ele>2849.0</ele>
      </trkpt>
      <trkpt lat="45.91058" lon="7.688934">
        <ele>2848.0</ele>
      </trkpt>
      <trkpt lat="45.910534" lon="7.688954">
        <ele>2846.5</ele>
      </trkpt>
      <trkpt lat="45.910512" lon="7.688975">
        <ele>2845.3</ele>
      </trkpt>
      <trkpt lat="45.910531" lon="7.689021">
        <ele>2844.0</ele>
      </trkpt>
      <trkpt lat="45.910481" lon="7.689087">
        <ele>2840.8</ele>
      </trkpt>
      <trkpt lat="45.91048" lon="7.689111">
        <ele>2839.9</ele>
      </trkpt>
      <trkpt lat="45.910508" lon="7.68916">
        <ele>2838.6</ele>
      </trkpt>
      <trkpt lat="45.910526" lon="7.689194">
        <ele>2837.6</ele>
      </trkpt>
      <trkpt lat="45.910542" lon="7.689236">
        <ele>2836.3</ele>
      </trkpt>
      <trkpt lat="45.910532" lon="7.689271">
        <ele>2834.9</ele>
      </trkpt>
      <trkpt lat="45.910503" lon="7.689297">
        <ele>2833.7</ele>
      </trkpt>
      <trkpt lat="45.910464" lon="7.689307">
        <ele>2833.0</ele>
      </trkpt>
      <trkpt lat="45.910455" lon="7.689324">
        <ele>2832.3</ele>
      </trkpt>
      <trkpt lat="45.910473" lon="7.689343">
        <ele>2831.7</ele>
      </trkpt>
      <trkpt lat="45.910493" lon="7.689361">
        <ele>2831.1</ele>
      </trkpt>
      <trkpt lat="45.910503" lon="7.689387">
        <ele>2830.2</ele>
      </trkpt>
      <trkpt lat="45.91049" lon="7.689401">
        <ele>2829.5</ele>
      </trkpt>
      <trkpt lat="45.91044" lon="7.689447">
        <ele>2826.9</ele>
      </trkpt>
      <trkpt lat="45.910457" lon="7.68948">
        <ele>2825.7</ele>
      </trkpt>
      <trkpt lat="45.910427" lon="7.689505">
        <ele>2824.0</ele>
      </trkpt>
      <trkpt lat="45.910438" lon="7.689521">
        <ele>2823.5</ele>
      </trkpt>
      <trkpt lat="45.910461" lon="7.689542">
        <ele>2823.2</ele>
      </trkpt>
      <trkpt lat="45.910469" lon="7.689563">
        <ele>2822.5</ele>
      </trkpt>
      <trkpt lat="45.910435" lon="7.68959">
        <ele>2820.8</ele>
      </trkpt>
      <trkpt lat="45.910416" lon="7.689605">
        <ele>2819.9</ele>
      </trkpt>
      <trkpt lat="45.910364" lon="7.689648">
        <ele>2817.7</ele>
      </trkpt>
      <trkpt lat="45.910355" lon="7.68969">
        <ele>2816.7</ele>
      </trkpt>
      <trkpt lat="45.910376" lon="7.689754">
        <ele>2815.7</ele>
      </trkpt>
      <trkpt lat="45.910373" lon="7.689815">
        <ele>2814.4</ele>
      </trkpt>
      <trkpt lat="45.910388" lon="7.68988">
        <ele>2812.7</ele>
      </trkpt>
      <trkpt lat="45.910426" lon="7.689924">
        <ele>2811.3</ele>
      </trkpt>
      <trkpt lat="45.910457" lon="7.689951">
        <ele>2810.5</ele>
      </trkpt>
      <trkpt lat="45.910475" lon="7.689977">
        <ele>2809.8</ele>
      </trkpt>
      <trkpt lat="45.910496" lon="7.690022">
        <ele>2808.7</ele>
      </trkpt>
      <trkpt lat="45.9105" lon="7.690065">
        <ele>2807.8</ele>
      </trkpt>
      <trkpt lat="45.910436" lon="7.690131">
        <ele>2806.6</ele>
      </trkpt>
      <trkpt lat="45.910403" lon="7.69017">
        <ele>2806.0</ele>
      </trkpt>
      <trkpt lat="45.910373" lon="7.690202">
        <ele>2805.7</ele>
      </trkpt>
      <trkpt lat="45.910383" lon="7.690265">
        <ele>2805.6</ele>
      </trkpt>
      <trkpt lat="45.910381" lon="7.690376">
        <ele>2805.7</ele>
      </trkpt>
      <trkpt lat="45.910386" lon="7.690492">
        <ele>2806.4</ele>
      </trkpt>
      <trkpt lat="45.910335" lon="7.690473">
        <ele>2806.5</ele>
      </trkpt>
      <trkpt lat="45.910244" lon="7.690484">
        <ele>2807.5</ele>
      </trkpt>
      <trkpt lat="45.910058" lon="7.690493">
        <ele>2807.5</ele>
      </trkpt>
      <trkpt lat="45.909884" lon="7.690491">
        <ele>2804.6</ele>
      </trkpt>
      <trkpt lat="45.909708" lon="7.690492">
        <ele>2801.8</ele>
      </trkpt>
      <trkpt lat="45.909522" lon="7.690455">
        <ele>2801.5</ele>
      </trkpt>
      <trkpt lat="45.909464" lon="7.690441">
        <ele>2801.5</ele>
      </trkpt>
      <trkpt lat="45.909403" lon="7.690387">
        <ele>2800.9</ele>
      </trkpt>
      <trkpt lat="45.909321" lon="7.690356">
        <ele>2800.1</ele>
      </trkpt>
      <trkpt lat="45.909255" lon="7.690358">
        <ele>2799.5</ele>
      </trkpt>
      <trkpt lat="45.909177" lon="7.690389">
        <ele>2798.7</ele>
      </trkpt>
      <trkpt lat="45.909067" lon="7.690336">
        <ele>2796.8</ele>
      </trkpt>
      <trkpt lat="45.908942" lon="7.690344">
        <ele>2796.1</ele>
      </trkpt>
      <trkpt lat="45.908829" lon="7.690308">
        <ele>2794.4</ele>
      </trkpt>
      <trkpt lat="45.908681" lon="7.690271">
        <ele>2790.8</ele>
      </trkpt>
      <trkpt lat="45.908578" lon="7.690245">
        <ele>2788.9</ele>
      </trkpt>
      <trkpt lat="45.908462" lon="7.690237">
        <ele>2787.0</ele>
      </trkpt>
      <trkpt lat="45.90832" lon="7.690188">
        <ele>2785.9</ele>
      </trkpt>
      <trkpt lat="45.908214" lon="7.690138">
        <ele>2786.0</ele>
      </trkpt>
      <trkpt lat="45.908177" lon="7.690149">
        <ele>2786.1</ele>
      </trkpt>
      <trkpt lat="45.908134" lon="7.690155">
        <ele>2785.9</ele>
      </trkpt>
      <trkpt lat="45.908091" lon="7.690139">
        <ele>2784.9</ele>
      </trkpt>
      <trkpt lat="45.908052" lon="7.69014">
        <ele>2784.2</ele>
      </trkpt>
      <trkpt lat="45.907995" lon="7.690152">
        <ele>2783.3</ele>
      </trkpt>
      <trkpt lat="45.907917" lon="7.690176">
        <ele>2781.8</ele>
      </trkpt>
      <trkpt lat="45.90782" lon="7.690201">
        <ele>2780.2</ele>
      </trkpt>
      <trkpt lat="45.907739" lon="7.690233">
        <ele>2779.5</ele>
      </trkpt>
      <trkpt lat="45.907653" lon="7.690249">
        <ele>2778.6</ele>
      </trkpt>
      <trkpt lat="45.907571" lon="7.690243">
        <ele>2777.7</ele>
      </trkpt>
      <trkpt lat="45.907504" lon="7.690196">
        <ele>2776.3</ele>
      </trkpt>
      <trkpt lat="45.907444" lon="7.690146">
        <ele>2775.5</ele>
      </trkpt>
      <trkpt lat="45.907385" lon="7.690123">
        <ele>2775.7</ele>
      </trkpt>
      <trkpt lat="45.907307" lon="7.690119">
        <ele>2776.0</ele>
      </trkpt>
      <trkpt lat="45.907202" lon="7.690092">
        <ele>2774.7</ele>
      </trkpt>
      <trkpt lat="45.907123" lon="7.690093">
        <ele>2773.8</ele>
      </trkpt>
      <trkpt lat="45.907053" lon="7.690123">
        <ele>2772.8</ele>
      </trkpt>
      <trkpt lat="45.906938" lon="7.690146">
        <ele>2770.6</ele>
      </trkpt>
      <trkpt lat="45.906851" lon="7.690144">
        <ele>2769.4</ele>
      </trkpt>
      <trkpt lat="45.906763" lon="7.690118">
        <ele>2768.3</ele>
      </trkpt>
      <trkpt lat="45.906631" lon="7.690093">
        <ele>2766.3</ele>
      </trkpt>
      <trkpt lat="45.906548" lon="7.690065">
        <ele>2765.4</ele>
      </trkpt>
      <trkpt lat="45.906493" lon="7.689989">
        <ele>2764.5</ele>
      </trkpt>
      <trkpt lat="45.906416" lon="7.689905">
        <ele>2762.6</ele>
      </trkpt>
      <trkpt lat="45.906362" lon="7.689831">
        <ele>2760.4</ele>
      </trkpt>
      <trkpt lat="45.906275" lon="7.689773">
        <ele>2758.1</ele>
      </trkpt>
      <trkpt lat="45.906174" lon="7.689728">
        <ele>2754.8</ele>
      </trkpt>
      <trkpt lat="45.90615" lon="7.689772">
        <ele>2754.8</ele>
      </trkpt>
      <trkpt lat="45.906085" lon="7.689793">
        <ele>2753.0</ele>
      </trkpt>
      <trkpt lat="45.906025" lon="7.689849">
        <ele>2752.6</ele>
      </trkpt>
      <trkpt lat="45.905981" lon="7.689809">
        <ele>2750.9</ele>
      </trkpt>
      <trkpt lat="45.905978" lon="7.689652">
        <ele>2747.8</ele>
      </trkpt>
      <trkpt lat="45.905935" lon="7.689532">
        <ele>2745.4</ele>
      </trkpt>
      <trkpt lat="45.905867" lon="7.689352">
        <ele>2742.8</ele>
      </trkpt>
      <trkpt lat="45.905808" lon="7.689234">
        <ele>2740.9</ele>
      </trkpt>
      <trkpt lat="45.90575" lon="7.689033">
        <ele>2738.6</ele>
      </trkpt>
      <trkpt lat="45.905669" lon="7.688939">
        <ele>2737.7</ele>
      </trkpt>
      <trkpt lat="45.90559" lon="7.688873">
        <ele>2737.0</ele>
      </trkpt>
      <trkpt lat="45.90551" lon="7.68881">
        <ele>2735.6</ele>
      </trkpt>
      <trkpt lat="45.905405" lon="7.68881">
        <ele>2735.5</ele>
      </trkpt>
      <trkpt lat="45.905374" lon="7.688802">
        <ele>2735.2</ele>
      </trkpt>
      <trkpt lat="45.905321" lon="7.688741">
        <ele>2733.5</ele>
      </trkpt>
      <trkpt lat="45.905264" lon="7.688679">
        <ele>2731.9</ele>
      </trkpt>
      <trkpt lat="45.90518" lon="7.68863">
        <ele>2730.2</ele>
      </trkpt>
      <trkpt lat="45.905076" lon="7.688628">
        <ele>2729.3</ele>
      </trkpt>
      <trkpt lat="45.905006" lon="7.688584">
        <ele>2727.8</ele>
      </trkpt>
      <trkpt lat="45.904939" lon="7.688544">
        <ele>2727.1</ele>
      </trkpt>
      <trkpt lat="45.904876" lon="7.6885">
        <ele>2727.1</ele>
      </trkpt>
      <trkpt lat="45.904772" lon="7.688468">
        <ele>2727.4</ele>
      </trkpt>
      <trkpt lat="45.904709" lon="7.688476">
        <ele>2727.5</ele>
      </trkpt>
      <trkpt lat="45.904591" lon="7.688426">
        <ele>2726.1</ele>
      </trkpt>
      <trkpt lat="45.904418" lon="7.688377">
        <ele>2725.2</ele>
      </trkpt>
      <trkpt lat="45.904263" lon="7.688358">
        <ele>2724.7</ele>
      </trkpt>
      <trkpt lat="45.904088" lon="7.688312">
        <ele>2721.8</ele>
      </trkpt>
      <trkpt lat="45.904036" lon="7.688335">
        <ele>2721.6</ele>
      </trkpt>
      <trkpt lat="45.903994" lon="7.688383">
        <ele>2722.0</ele>
      </trkpt>
      <trkpt lat="45.903933" lon="7.688438">
        <ele>2721.8</ele>
      </trkpt>
      <trkpt lat="45.903906" lon="7.688494">
        <ele>2722.3</ele>
      </trkpt>
      <trkpt lat="45.903857" lon="7.688556">
        <ele>2722.7</ele>
      </trkpt>
      <trkpt lat="45.90376" lon="7.688592">
        <ele>2722.8</ele>
      </trkpt>
      <trkpt lat="45.903636" lon="7.688631">
        <ele>2721.3</ele>
      </trkpt>
      <trkpt lat="45.903556" lon="7.688712">
        <ele>2720.0</ele>
      </trkpt>
      <trkpt lat="45.903475" lon="7.688765">
        <ele>2718.0</ele>
      </trkpt>
      <trkpt lat="45.903375" lon="7.688834">
        <ele>2715.4</ele>
      </trkpt>
      <trkpt lat="45.90332" lon="7.688817">
        <ele>2713.1</ele>
      </trkpt>
      <trkpt lat="45.903282" lon="7.688819">
        <ele>2711.7</ele>
      </trkpt>
      <trkpt lat="45.903244" lon="7.68889">
        <ele>2711.3</ele>
      </trkpt>
      <trkpt lat="45.903224" lon="7.688908">
        <ele>2710.8</ele>
      </trkpt>
      <trkpt lat="45.903158" lon="7.688909">
        <ele>2708.7</ele>
      </trkpt>
      <trkpt lat="45.903137" lon="7.688927">
        <ele>2708.4</ele>
      </trkpt>
      <trkpt lat="45.903069" lon="7.689004">
        <ele>2707.7</ele>
      </trkpt>
      <trkpt lat="45.903041" lon="7.689017">
        <ele>2707.2</ele>
      </trkpt>
      <trkpt lat="45.903001" lon="7.689088">
        <ele>2707.0</ele>
      </trkpt>
      <trkpt lat="45.902966" lon="7.689114">
        <ele>2706.5</ele>
      </trkpt>
      <trkpt lat="45.902837" lon="7.689235">
        <ele>2706.5</ele>
      </trkpt>
      <trkpt lat="45.902816" lon="7.689242">
        <ele>2706.4</ele>
      </trkpt>
      <trkpt lat="45.902727" lon="7.689235">
        <ele>2705.7</ele>
      </trkpt>
      <trkpt lat="45.902593" lon="7.689264">
        <ele>2704.5</ele>
      </trkpt>
      <trkpt lat="45.902518" lon="7.689296">
        <ele>2703.6</ele>
      </trkpt>
      <trkpt lat="45.902469" lon="7.689341">
        <ele>2703.3</ele>
      </trkpt>
      <trkpt lat="45.902378" lon="7.689437">
        <ele>2702.3</ele>
      </trkpt>
      <trkpt lat="45.902341" lon="7.689465">
        <ele>2701.5</ele>
      </trkpt>
      <trkpt lat="45.902304" lon="7.689483">
        <ele>2700.5</ele>
      </trkpt>
      <trkpt lat="45.902255" lon="7.689486">
        <ele>2699.0</ele>
      </trkpt>
      <trkpt lat="45.902215" lon="7.689499">
        <ele>2698.2</ele>
      </trkpt>
      <trkpt lat="45.90216" lon="7.689551">
        <ele>2697.7</ele>
      </trkpt>
      <trkpt lat="45.902118" lon="7.689557">
        <ele>2696.7</ele>
      </trkpt>
      <trkpt lat="45.902042" lon="7.689577">
        <ele>2695.8</ele>
      </trkpt>
      <trkpt lat="45.901978" lon="7.689652">
        <ele>2696.4</ele>
      </trkpt>
      <trkpt lat="45.901948" lon="7.689674">
        <ele>2696.4</ele>
      </trkpt>
      <trkpt lat="45.901858" lon="7.689699">
        <ele>2695.9</ele>
      </trkpt>
      <trkpt lat="45.901769" lon="7.689772">
        <ele>2695.2</ele>
      </trkpt>
      <trkpt lat="45.90159" lon="7.689938">
        <ele>2695.3</ele>
      </trkpt>
      <trkpt lat="45.901545" lon="7.689976">
        <ele>2695.0</ele>
      </trkpt>
      <trkpt lat="45.901517" lon="7.690059">
        <ele>2694.8</ele>
      </trkpt>
      <trkpt lat="45.901467" lon="7.690086">
        <ele>2694.0</ele>
      </trkpt>
      <trkpt lat="45.90138" lon="7.690118">
        <ele>2692.8</ele>
      </trkpt>
      <trkpt lat="45.90126" lon="7.690155">
        <ele>2690.8</ele>
      </trkpt>
      <trkpt lat="45.901238" lon="7.690162">
        <ele>2690.5</ele>
      </trkpt>
      <trkpt lat="45.901145" lon="7.690266">
        <ele>2689.5</ele>
      </trkpt>
      <trkpt lat="45.901092" lon="7.690307">
        <ele>2687.8</ele>
      </trkpt>
      <trkpt lat="45.90104" lon="7.690378">
        <ele>2686.5</ele>
      </trkpt>
      <trkpt lat="45.900952" lon="7.69049">
        <ele>2685.3</ele>
      </trkpt>
      <trkpt lat="45.900894" lon="7.690553">
        <ele>2683.1</ele>
      </trkpt>
      <trkpt lat="45.900831" lon="7.690617">
        <ele>2680.3</ele>
      </trkpt>
      <trkpt lat="45.900737" lon="7.69063">
        <ele>2676.5</ele>
      </trkpt>
      <trkpt lat="45.900668" lon="7.690696">
        <ele>2674.4</ele>
      </trkpt>
      <trkpt lat="45.900656" lon="7.690755">
        <ele>2674.3</ele>
      </trkpt>
      <trkpt lat="45.900639" lon="7.690767">
        <ele>2673.7</ele>
      </trkpt>
      <trkpt lat="45.90062" lon="7.690775">
        <ele>2672.9</ele>
      </trkpt>
      <trkpt lat="45.900564" lon="7.690782">
        <ele>2670.3</ele>
      </trkpt>
      <trkpt lat="45.900493" lon="7.69083">
        <ele>2666.7</ele>
      </trkpt>
      <trkpt lat="45.900484" lon="7.690881">
        <ele>2666.2</ele>
      </trkpt>
      <trkpt lat="45.900477" lon="7.691002">
        <ele>2667.3</ele>
      </trkpt>
      <trkpt lat="45.900415" lon="7.691029">
        <ele>2665.1</ele>
      </trkpt>
      <trkpt lat="45.900353" lon="7.691083">
        <ele>2662.8</ele>
      </trkpt>
      <trkpt lat="45.900323" lon="7.691174">
        <ele>2661.8</ele>
      </trkpt>
      <trkpt lat="45.90028" lon="7.691282">
        <ele>2661.1</ele>
      </trkpt>
      <trkpt lat="45.900196" lon="7.691357">
        <ele>2658.5</ele>
      </trkpt>
      <trkpt lat="45.900121" lon="7.691452">
        <ele>2657.4</ele>
      </trkpt>
      <trkpt lat="45.899938" lon="7.691698">
        <ele>2653.7</ele>
      </trkpt>
      <trkpt lat="45.899853" lon="7.691857">
        <ele>2650.8</ele>
      </trkpt>
      <trkpt lat="45.899832" lon="7.691902">
        <ele>2649.1</ele>
      </trkpt>
      <trkpt lat="45.899854" lon="7.691966">
        <ele>2649.4</ele>
      </trkpt>
      <trkpt lat="45.899876" lon="7.692019">
        <ele>2650.4</ele>
      </trkpt>
      <trkpt lat="45.899857" lon="7.692069">
        <ele>2649.1</ele>
      </trkpt>
      <trkpt lat="45.899867" lon="7.692111">
        <ele>2649.7</ele>
      </trkpt>
      <trkpt lat="45.899811" lon="7.692178">
        <ele>2646.0</ele>
      </trkpt>
      <trkpt lat="45.899783" lon="7.692338">
        <ele>2644.0</ele>
      </trkpt>
      <trkpt lat="45.899749" lon="7.692469">
        <ele>2640.5</ele>
      </trkpt>
      <trkpt lat="45.899752" lon="7.692493">
        <ele>2640.6</ele>
      </trkpt>
      <trkpt lat="45.899721" lon="7.692517">
        <ele>2638.0</ele>
      </trkpt>
      <trkpt lat="45.899722" lon="7.69255">
        <ele>2638.0</ele>
      </trkpt>
      <trkpt lat="45.899676" lon="7.692525">
        <ele>2634.4</ele>
      </trkpt>
      <trkpt lat="45.899645" lon="7.692766">
        <ele>2631.5</ele>
      </trkpt>
      <trkpt lat="45.899613" lon="7.692903">
        <ele>2628.3</ele>
      </trkpt>
      <trkpt lat="45.899615" lon="7.69303">
        <ele>2625.4</ele>
      </trkpt>
      <trkpt lat="45.899639" lon="7.693142">
        <ele>2623.2</ele>
      </trkpt>
      <trkpt lat="45.899659" lon="7.693186">
        <ele>2623.0</ele>
      </trkpt>
      <trkpt lat="45.899643" lon="7.693262">
        <ele>2620.9</ele>
      </trkpt>
      <trkpt lat="45.899647" lon="7.693278">
        <ele>2620.8</ele>
      </trkpt>
      <trkpt lat="45.899659" lon="7.693332">
        <ele>2620.3</ele>
      </trkpt>
      <trkpt lat="45.899648" lon="7.693372">
        <ele>2619.1</ele>
      </trkpt>
      <trkpt lat="45.899623" lon="7.693393">
        <ele>2617.9</ele>
      </trkpt>
      <trkpt lat="45.8996" lon="7.693375">
        <ele>2617.5</ele>
      </trkpt>
      <trkpt lat="45.89959" lon="7.69336">
        <ele>2617.4</ele>
      </trkpt>
      <trkpt lat="45.899572" lon="7.693373">
        <ele>2616.4</ele>
      </trkpt>
      <trkpt lat="45.899561" lon="7.693381">
        <ele>2615.8</ele>
      </trkpt>
      <trkpt lat="45.899554" lon="7.693409">
        <ele>2615.0</ele>
      </trkpt>
      <trkpt lat="45.899557" lon="7.693449">
        <ele>2614.2</ele>
      </trkpt>
      <trkpt lat="45.899574" lon="7.693474">
        <ele>2614.1</ele>
      </trkpt>
      <trkpt lat="45.899554" lon="7.693482">
        <ele>2613.1</ele>
      </trkpt>
      <trkpt lat="45.899503" lon="7.693476">
        <ele>2611.1</ele>
      </trkpt>
      <trkpt lat="45.899462" lon="7.693379">
        <ele>2611.1</ele>
      </trkpt>
      <trkpt lat="45.899413" lon="7.693277">
        <ele>2609.2</ele>
      </trkpt>
      <trkpt lat="45.899326" lon="7.693209">
        <ele>2605.7</ele>
      </trkpt>
      <trkpt lat="45.899249" lon="7.693134">
        <ele>2603.5</ele>
      </trkpt>
      <trkpt lat="45.899218" lon="7.693104">
        <ele>2602.5</ele>
      </trkpt>
      <trkpt lat="45.899208" lon="7.693184">
        <ele>2601.3</ele>
      </trkpt>
      <trkpt lat="45.899214" lon="7.69323">
        <ele>2600.9</ele>
      </trkpt>
      <trkpt lat="45.89923" lon="7.693269">
        <ele>2600.9</ele>
      </trkpt>
      <trkpt lat="45.899197" lon="7.693272">
        <ele>2599.6</ele>
      </trkpt>
      <trkpt lat="45.899154" lon="7.693254">
        <ele>2598.4</ele>
      </trkpt>
      <trkpt lat="45.899066" lon="7.693305">
        <ele>2594.7</ele>
      </trkpt>
      <trkpt lat="45.898995" lon="7.693386">
        <ele>2591.3</ele>
      </trkpt>
      <trkpt lat="45.898951" lon="7.693496">
        <ele>2588.8</ele>
      </trkpt>
      <trkpt lat="45.898909" lon="7.693559">
        <ele>2587.3</ele>
      </trkpt>
      <trkpt lat="45.898872" lon="7.693604">
        <ele>2586.2</ele>
      </trkpt>
      <trkpt lat="45.898829" lon="7.693644">
        <ele>2585.0</ele>
      </trkpt>
      <trkpt lat="45.898689" lon="7.693765">
        <ele>2580.7</ele>
      </trkpt>
      <trkpt lat="45.898625" lon="7.693842">
        <ele>2578.5</ele>
      </trkpt>
      <trkpt lat="45.898567" lon="7.693932">
        <ele>2577.0</ele>
      </trkpt>
      <trkpt lat="45.898453" lon="7.694065">
        <ele>2574.3</ele>
      </trkpt>
      <trkpt lat="45.898393" lon="7.69415">
        <ele>2572.9</ele>
      </trkpt>
      <trkpt lat="45.898325" lon="7.694224">
        <ele>2571.6</ele>
      </trkpt>
      <trkpt lat="45.898227" lon="7.694336">
        <ele>2569.8</ele>
      </trkpt>
      <trkpt lat="45.898096" lon="7.694465">
        <ele>2567.1</ele>
      </trkpt>
      <trkpt lat="45.897944" lon="7.694577">
        <ele>2564.9</ele>
      </trkpt>
      <trkpt lat="45.897768" lon="7.694667">
        <ele>2562.8</ele>
      </trkpt>
      <trkpt lat="45.897646" lon="7.694734">
        <ele>2562.2</ele>
      </trkpt>
      <trkpt lat="45.897477" lon="7.694815">
        <ele>2562.2</ele>
      </trkpt>
      <trkpt lat="45.897244" lon="7.694922">
        <ele>2561.6</ele>
      </trkpt>
      <trkpt lat="45.897154" lon="7.694977">
        <ele>2561.4</ele>
      </trkpt>
      <trkpt lat="45.897098" lon="7.695003">
        <ele>2561.4</ele>
      </trkpt>
      <trkpt lat="45.897044" lon="7.695011">
        <ele>2561.7</ele>
      </trkpt>
      <trkpt lat="45.896958" lon="7.695095">
        <ele>2560.9</ele>
      </trkpt>
      <trkpt lat="45.896889" lon="7.695122">
        <ele>2560.5</ele>
      </trkpt>
      <trkpt lat="45.89682" lon="7.695178">
        <ele>2559.3</ele>
      </trkpt>
      <trkpt lat="45.896777" lon="7.695211">
        <ele>2558.4</ele>
      </trkpt>
      <trkpt lat="45.896742" lon="7.695221">
        <ele>2558.0</ele>
      </trkpt>
      <trkpt lat="45.896708" lon="7.695216">
        <ele>2557.9</ele>
      </trkpt>
      <trkpt lat="45.896669" lon="7.6952">
        <ele>2557.9</ele>
      </trkpt>
      <trkpt lat="45.896645" lon="7.695152">
        <ele>2558.8</ele>
      </trkpt>
      <trkpt lat="45.896608" lon="7.695118">
        <ele>2558.8</ele>
      </trkpt>
      <trkpt lat="45.896584" lon="7.695106">
        <ele>2558.6</ele>
      </trkpt>
      <trkpt lat="45.896559" lon="7.695104">
        <ele>2558.2</ele>
      </trkpt>
      <trkpt lat="45.896519" lon="7.695104">
        <ele>2557.7</ele>
      </trkpt>
      <trkpt lat="45.896468" lon="7.695086">
        <ele>2557.7</ele>
      </trkpt>
      <trkpt lat="45.8964" lon="7.695072">
        <ele>2557.3</ele>
      </trkpt>
      <trkpt lat="45.896335" lon="7.695037">
        <ele>2556.6</ele>
      </trkpt>
      <trkpt lat="45.896291" lon="7.695007">
        <ele>2555.8</ele>
      </trkpt>
      <trkpt lat="45.896255" lon="7.694972">
        <ele>2555.0</ele>
      </trkpt>
      <trkpt lat="45.896171" lon="7.694886">
        <ele>2554.0</ele>
      </trkpt>
      <trkpt lat="45.896106" lon="7.694793">
        <ele>2553.9</ele>
      </trkpt>
      <trkpt lat="45.896048" lon="7.694752">
        <ele>2553.7</ele>
      </trkpt>
      <trkpt lat="45.895961" lon="7.694753">
        <ele>2553.1</ele>
      </trkpt>
      <trkpt lat="45.895849" lon="7.694753">
        <ele>2552.5</ele>
      </trkpt>
      <trkpt lat="45.895811" lon="7.694786">
        <ele>2552.5</ele>
      </trkpt>
      <trkpt lat="45.895717" lon="7.694794">
        <ele>2552.6</ele>
      </trkpt>
      <trkpt lat="45.895636" lon="7.694817">
        <ele>2552.8</ele>
      </trkpt>
      <trkpt lat="45.895569" lon="7.694908">
        <ele>2553.4</ele>
      </trkpt>
      <trkpt lat="45.895493" lon="7.694976">
        <ele>2553.7</ele>
      </trkpt>
      <trkpt lat="45.895442" lon="7.694982">
        <ele>2553.8</ele>
      </trkpt>
      <trkpt lat="45.895389" lon="7.694978">
        <ele>2554.0</ele>
      </trkpt>
      <trkpt lat="45.895269" lon="7.694981">
        <ele>2554.3</ele>
      </trkpt>
      <trkpt lat="45.895177" lon="7.694985">
        <ele>2554.1</ele>
      </trkpt>
      <trkpt lat="45.89507" lon="7.695009">
        <ele>2553.3</ele>
      </trkpt>
      <trkpt lat="45.894949" lon="7.695024">
        <ele>2551.3</ele>
      </trkpt>
      <trkpt lat="45.894886" lon="7.695074">
        <ele>2550.4</ele>
      </trkpt>
      <trkpt lat="45.89483" lon="7.695099">
        <ele>2550.1</ele>
      </trkpt>
      <trkpt lat="45.894776" lon="7.695159">
        <ele>2550.0</ele>
      </trkpt>
      <trkpt lat="45.894759" lon="7.695217">
        <ele>2550.2</ele>
      </trkpt>
      <trkpt lat="45.894759" lon="7.69528">
        <ele>2550.4</ele>
      </trkpt>
      <trkpt lat="45.894729" lon="7.695407">
        <ele>2550.9</ele>
      </trkpt>
      <trkpt lat="45.894706" lon="7.695523">
        <ele>2550.8</ele>
      </trkpt>
      <trkpt lat="45.894673" lon="7.695598">
        <ele>2550.6</ele>
      </trkpt>
      <trkpt lat="45.894595" lon="7.695684">
        <ele>2549.7</ele>
      </trkpt>
      <trkpt lat="45.894504" lon="7.695747">
        <ele>2547.9</ele>
      </trkpt>
      <trkpt lat="45.894388" lon="7.695768">
        <ele>2545.9</ele>
      </trkpt>
      <trkpt lat="45.89432" lon="7.695774">
        <ele>2544.7</ele>
      </trkpt>
      <trkpt lat="45.894308" lon="7.6958">
        <ele>2544.0</ele>
      </trkpt>
      <trkpt lat="45.894287" lon="7.695833">
        <ele>2542.9</ele>
      </trkpt>
      <trkpt lat="45.894223" lon="7.695841">
        <ele>2541.8</ele>
      </trkpt>
      <trkpt lat="45.894187" lon="7.695822">
        <ele>2542.1</ele>
      </trkpt>
      <trkpt lat="45.89416" lon="7.695844">
        <ele>2541.5</ele>
      </trkpt>
      <trkpt lat="45.894085" lon="7.695945">
        <ele>2538.7</ele>
      </trkpt>
      <trkpt lat="45.894013" lon="7.69602">
        <ele>2536.5</ele>
      </trkpt>
      <trkpt lat="45.89399" lon="7.696033">
        <ele>2536.0</ele>
      </trkpt>
      <trkpt lat="45.893964" lon="7.696031">
        <ele>2536.0</ele>
      </trkpt>
      <trkpt lat="45.893963" lon="7.696057">
        <ele>2535.2</ele>
      </trkpt>
      <trkpt lat="45.89393" lon="7.696063">
        <ele>2534.8</ele>
      </trkpt>
      <trkpt lat="45.893911" lon="7.696072">
        <ele>2534.4</ele>
      </trkpt>
      <trkpt lat="45.893865" lon="7.696083">
        <ele>2533.7</ele>
      </trkpt>
      <trkpt lat="45.893833" lon="7.696108">
        <ele>2532.8</ele>
      </trkpt>
      <trkpt lat="45.893784" lon="7.696171">
        <ele>2531.3</ele>
      </trkpt>
      <trkpt lat="45.893748" lon="7.696244">
        <ele>2529.7</ele>
      </trkpt>
      <trkpt lat="45.893711" lon="7.696295">
        <ele>2528.5</ele>
      </trkpt>
      <trkpt lat="45.893659" lon="7.69634">
        <ele>2527.4</ele>
      </trkpt>
      <trkpt lat="45.8936" lon="7.696423">
        <ele>2526.1</ele>
      </trkpt>
      <trkpt lat="45.893556" lon="7.696469">
        <ele>2525.7</ele>
      </trkpt>
      <trkpt lat="45.893549" lon="7.696494">
        <ele>2525.5</ele>
      </trkpt>
      <trkpt lat="45.893517" lon="7.696569">
        <ele>2524.8</ele>
      </trkpt>
      <trkpt lat="45.893512" lon="7.696625">
        <ele>2524.0</ele>
      </trkpt>
      <trkpt lat="45.893485" lon="7.696676">
        <ele>2523.1</ele>
      </trkpt>
      <trkpt lat="45.893435" lon="7.696688">
        <ele>2522.8</ele>
      </trkpt>
      <trkpt lat="45.893397" lon="7.696749">
        <ele>2521.4</ele>
      </trkpt>
      <trkpt lat="45.893362" lon="7.696818">
        <ele>2519.7</ele>
      </trkpt>
      <trkpt lat="45.893328" lon="7.696911">
        <ele>2517.6</ele>
      </trkpt>
      <trkpt lat="45.893263" lon="7.697041">
        <ele>2515.8</ele>
      </trkpt>
      <trkpt lat="45.893217" lon="7.697168">
        <ele>2513.3</ele>
      </trkpt>
      <trkpt lat="45.893117" lon="7.697353">
        <ele>2510.3</ele>
      </trkpt>
      <trkpt lat="45.893089" lon="7.69744">
        <ele>2508.4</ele>
      </trkpt>
      <trkpt lat="45.893099" lon="7.697502">
        <ele>2507.3</ele>
      </trkpt>
      <trkpt lat="45.893095" lon="7.69754">
        <ele>2506.6</ele>
      </trkpt>
      <trkpt lat="45.893072" lon="7.697556">
        <ele>2506.4</ele>
      </trkpt>
      <trkpt lat="45.893017" lon="7.697566">
        <ele>2506.4</ele>
      </trkpt>
      <trkpt lat="45.892936" lon="7.697706">
        <ele>2505.2</ele>
      </trkpt>
      <trkpt lat="45.892834" lon="7.697846">
        <ele>2502.2</ele>
      </trkpt>
      <trkpt lat="45.892783" lon="7.697988">
        <ele>2500.8</ele>
      </trkpt>
      <trkpt lat="45.892733" lon="7.698065">
        <ele>2500.3</ele>
      </trkpt>
      <trkpt lat="45.892725" lon="7.698159">
        <ele>2498.4</ele>
      </trkpt>
      <trkpt lat="45.892752" lon="7.69823">
        <ele>2495.8</ele>
      </trkpt>
      <trkpt lat="45.89275" lon="7.698395">
        <ele>2493.6</ele>
      </trkpt>
      <trkpt lat="45.892732" lon="7.698472">
        <ele>2493.3</ele>
      </trkpt>
      <trkpt lat="45.892757" lon="7.698539">
        <ele>2492.2</ele>
      </trkpt>
      <trkpt lat="45.8928" lon="7.698544">
        <ele>2492.1</ele>
      </trkpt>
      <trkpt lat="45.892815" lon="7.698551">
        <ele>2492.3</ele>
      </trkpt>
      <trkpt lat="45.89283" lon="7.698577">
        <ele>2492.5</ele>
      </trkpt>
      <trkpt lat="45.892838" lon="7.698758">
        <ele>2491.9</ele>
      </trkpt>
      <trkpt lat="45.892829" lon="7.698864">
        <ele>2490.4</ele>
      </trkpt>
      <trkpt lat="45.892827" lon="7.698916">
        <ele>2489.7</ele>
      </trkpt>
      <trkpt lat="45.892844" lon="7.698988">
        <ele>2489.2</ele>
      </trkpt>
      <trkpt lat="45.892837" lon="7.699018">
        <ele>2488.7</ele>
      </trkpt>
      <trkpt lat="45.892816" lon="7.699037">
        <ele>2488.1</ele>
      </trkpt>
      <trkpt lat="45.892808" lon="7.699105">
        <ele>2487.3</ele>
      </trkpt>
      <trkpt lat="45.892805" lon="7.699177">
        <ele>2486.6</ele>
      </trkpt>
      <trkpt lat="45.892846" lon="7.699265">
        <ele>2486.6</ele>
      </trkpt>
      <trkpt lat="45.892845" lon="7.699494">
        <ele>2484.1</ele>
      </trkpt>
      <trkpt lat="45.892796" lon="7.699604">
        <ele>2481.3</ele>
      </trkpt>
      <trkpt lat="45.892793" lon="7.699806">
        <ele>2477.4</ele>
      </trkpt>
      <trkpt lat="45.892772" lon="7.699869">
        <ele>2475.1</ele>
      </trkpt>
      <trkpt lat="45.892786" lon="7.699915">
        <ele>2474.0</ele>
      </trkpt>
      <trkpt lat="45.892791" lon="7.699948">
        <ele>2473.1</ele>
      </trkpt>
      <trkpt lat="45.892789" lon="7.699982">
        <ele>2472.0</ele>
      </trkpt>
      <trkpt lat="45.892787" lon="7.700033">
        <ele>2470.6</ele>
      </trkpt>
      <trkpt lat="45.892795" lon="7.700113">
        <ele>2469.1</ele>
      </trkpt>
      <trkpt lat="45.892817" lon="7.700185">
        <ele>2468.4</ele>
      </trkpt>
      <trkpt lat="45.892814" lon="7.700222">
        <ele>2467.8</ele>
      </trkpt>
      <trkpt lat="45.892825" lon="7.700243">
        <ele>2467.7</ele>
      </trkpt>
      <trkpt lat="45.892817" lon="7.700253">
        <ele>2467.3</ele>
      </trkpt>
      <trkpt lat="45.892795" lon="7.700252">
        <ele>2466.7</ele>
      </trkpt>
      <trkpt lat="45.892747" lon="7.700232">
        <ele>2465.6</ele>
      </trkpt>
      <trkpt lat="45.892735" lon="7.700284">
        <ele>2464.2</ele>
      </trkpt>
      <trkpt lat="45.892729" lon="7.700333">
        <ele>2463.0</ele>
      </trkpt>
      <trkpt lat="45.892751" lon="7.700361">
        <ele>2463.0</ele>
      </trkpt>
      <trkpt lat="45.892748" lon="7.700384">
        <ele>2462.4</ele>
      </trkpt>
      <trkpt lat="45.892706" lon="7.700469">
        <ele>2459.7</ele>
      </trkpt>
      <trkpt lat="45.892706" lon="7.700581">
        <ele>2457.2</ele>
      </trkpt>
      <trkpt lat="45.892722" lon="7.7006">
        <ele>2456.9</ele>
      </trkpt>
      <trkpt lat="45.892725" lon="7.700626">
        <ele>2456.2</ele>
      </trkpt>
      <trkpt lat="45.892723" lon="7.70066">
        <ele>2455.4</ele>
      </trkpt>
      <trkpt lat="45.892707" lon="7.700694">
        <ele>2454.4</ele>
      </trkpt>
      <trkpt lat="45.892713" lon="7.700724">
        <ele>2453.6</ele>
      </trkpt>
      <trkpt lat="45.892762" lon="7.700728">
        <ele>2453.6</ele>
      </trkpt>
      <trkpt lat="45.892779" lon="7.700756">
        <ele>2452.8</ele>
      </trkpt>
      <trkpt lat="45.89276" lon="7.70079">
        <ele>2451.6</ele>
      </trkpt>
      <trkpt lat="45.892758" lon="7.70081">
        <ele>2451.0</ele>
      </trkpt>
      <trkpt lat="45.892827" lon="7.700882">
        <ele>2448.6</ele>
      </trkpt>
      <trkpt lat="45.892852" lon="7.700938">
        <ele>2446.7</ele>
      </trkpt>
      <trkpt lat="45.892848" lon="7.701064">
        <ele>2442.3</ele>
      </trkpt>
      <trkpt lat="45.892793" lon="7.701199">
        <ele>2437.8</ele>
      </trkpt>
      <trkpt lat="45.892804" lon="7.701342">
        <ele>2434.4</ele>
      </trkpt>
      <trkpt lat="45.892852" lon="7.701423">
        <ele>2432.4</ele>
      </trkpt>
      <trkpt lat="45.892871" lon="7.701471">
        <ele>2431.1</ele>
      </trkpt>
      <trkpt lat="45.892922" lon="7.701505">
        <ele>2430.4</ele>
      </trkpt>
      <trkpt lat="45.892874" lon="7.701548">
        <ele>2428.7</ele>
      </trkpt>
      <trkpt lat="45.892893" lon="7.701593">
        <ele>2427.3</ele>
      </trkpt>
      <trkpt lat="45.892916" lon="7.701624">
        <ele>2426.5</ele>
      </trkpt>
      <trkpt lat="45.892935" lon="7.701659">
        <ele>2425.5</ele>
      </trkpt>
      <trkpt lat="45.892983" lon="7.701708">
        <ele>2424.9</ele>
      </trkpt>
      <trkpt lat="45.893014" lon="7.701799">
        <ele>2422.8</ele>
      </trkpt>
      <trkpt lat="45.893046" lon="7.701914">
        <ele>2418.7</ele>
      </trkpt>
      <trkpt lat="45.893068" lon="7.701934">
        <ele>2417.5</ele>
      </trkpt>
      <trkpt lat="45.893171" lon="7.701938">
        <ele>2414.7</ele>
      </trkpt>
      <trkpt lat="45.893198" lon="7.701927">
        <ele>2414.6</ele>
      </trkpt>
      <trkpt lat="45.893223" lon="7.701908">
        <ele>2415.2</ele>
      </trkpt>
      <trkpt lat="45.893257" lon="7.701911">
        <ele>2414.8</ele>
      </trkpt>
      <trkpt lat="45.893283" lon="7.701933">
        <ele>2413.9</ele>
      </trkpt>
      <trkpt lat="45.893298" lon="7.702018">
        <ele>2411.1</ele>
      </trkpt>
      <trkpt lat="45.893266" lon="7.702045">
        <ele>2410.0</ele>
      </trkpt>
      <trkpt lat="45.893265" lon="7.702091">
        <ele>2408.7</ele>
      </trkpt>
      <trkpt lat="45.893216" lon="7.70212">
        <ele>2407.8</ele>
      </trkpt>
      <trkpt lat="45.89317" lon="7.702162">
        <ele>2407.1</ele>
      </trkpt>
      <trkpt lat="45.893111" lon="7.702234">
        <ele>2405.6</ele>
      </trkpt>
      <trkpt lat="45.893087" lon="7.702304">
        <ele>2403.7</ele>
      </trkpt>
      <trkpt lat="45.893052" lon="7.702382">
        <ele>2401.8</ele>
      </trkpt>
      <trkpt lat="45.893027" lon="7.702413">
        <ele>2401.3</ele>
      </trkpt>
      <trkpt lat="45.892954" lon="7.70262">
        <ele>2399.6</ele>
      </trkpt>
      <trkpt lat="45.892928" lon="7.702748">
        <ele>2398.1</ele>
      </trkpt>
      <trkpt lat="45.892923" lon="7.702866">
        <ele>2397.0</ele>
      </trkpt>
      <trkpt lat="45.892835" lon="7.703165">
        <ele>2394.6</ele>
      </trkpt>
      <trkpt lat="45.892789" lon="7.703278">
        <ele>2393.1</ele>
      </trkpt>
      <trkpt lat="45.892743" lon="7.70335">
        <ele>2392.3</ele>
      </trkpt>
      <trkpt lat="45.892691" lon="7.703461">
        <ele>2391.1</ele>
      </trkpt>
      <trkpt lat="45.892675" lon="7.703496">
        <ele>2390.8</ele>
      </trkpt>
      <trkpt lat="45.892674" lon="7.703667">
        <ele>2389.1</ele>
      </trkpt>
      <trkpt lat="45.892628" lon="7.703776">
        <ele>2387.9</ele>
      </trkpt>
      <trkpt lat="45.892602" lon="7.703848">
        <ele>2387.2</ele>
      </trkpt>
      <trkpt lat="45.892472" lon="7.703921">
        <ele>2386.6</ele>
      </trkpt>
      <trkpt lat="45.892465" lon="7.70397">
        <ele>2386.4</ele>
      </trkpt>
      <trkpt lat="45.892265" lon="7.704133">
        <ele>2385.6</ele>
      </trkpt>
      <trkpt lat="45.892194" lon="7.704223">
        <ele>2384.8</ele>
      </trkpt>
      <trkpt lat="45.892183" lon="7.704265">
        <ele>2384.7</ele>
      </trkpt>
      <trkpt lat="45.892117" lon="7.704294">
        <ele>2383.5</ele>
      </trkpt>
      <trkpt lat="45.892059" lon="7.704371">
        <ele>2382.4</ele>
      </trkpt>
      <trkpt lat="45.892024" lon="7.704449">
        <ele>2382.0</ele>
      </trkpt>
      <trkpt lat="45.89197" lon="7.704492">
        <ele>2381.4</ele>
      </trkpt>
      <trkpt lat="45.891806" lon="7.704638">
        <ele>2380.2</ele>
      </trkpt>
      <trkpt lat="45.891648" lon="7.704793">
        <ele>2376.1</ele>
      </trkpt>
      <trkpt lat="45.891565" lon="7.705028">
        <ele>2372.9</ele>
      </trkpt>
      <trkpt lat="45.891458" lon="7.705046">
        <ele>2371.2</ele>
      </trkpt>
      <trkpt lat="45.89141" lon="7.705146">
        <ele>2370.9</ele>
      </trkpt>
      <trkpt lat="45.891384" lon="7.70527">
        <ele>2370.8</ele>
      </trkpt>
      <trkpt lat="45.891385" lon="7.705402">
        <ele>2370.8</ele>
      </trkpt>
      <trkpt lat="45.891357" lon="7.705471">
        <ele>2370.8</ele>
      </trkpt>
      <trkpt lat="45.891332" lon="7.705471">
        <ele>2370.7</ele>
      </trkpt>
      <trkpt lat="45.891304" lon="7.705498">
        <ele>2370.6</ele>
      </trkpt>
      <trkpt lat="45.891306" lon="7.705537">
        <ele>2370.9</ele>
      </trkpt>
      <trkpt lat="45.891216" lon="7.70558">
        <ele>2371.1</ele>
      </trkpt>
      <trkpt lat="45.891128" lon="7.705624">
        <ele>2371.4</ele>
      </trkpt>
      <trkpt lat="45.891032" lon="7.705682">
        <ele>2371.0</ele>
      </trkpt>
      <trkpt lat="45.891017" lon="7.705701">
        <ele>2370.8</ele>
      </trkpt>
      <trkpt lat="45.891011" lon="7.705728">
        <ele>2370.9</ele>
      </trkpt>
      <trkpt lat="45.89099" lon="7.705754">
        <ele>2370.6</ele>
      </trkpt>
      <trkpt lat="45.890943" lon="7.705788">
        <ele>2369.9</ele>
      </trkpt>
      <trkpt lat="45.890898" lon="7.705854">
        <ele>2370.2</ele>
      </trkpt>
      <trkpt lat="45.890851" lon="7.705864">
        <ele>2369.6</ele>
      </trkpt>
      <trkpt lat="45.890799" lon="7.705829">
        <ele>2368.6</ele>
      </trkpt>
      <trkpt lat="45.890764" lon="7.705795">
        <ele>2368.3</ele>
      </trkpt>
      <trkpt lat="45.890716" lon="7.705797">
        <ele>2368.0</ele>
      </trkpt>
      <trkpt lat="45.890669" lon="7.705828">
        <ele>2367.7</ele>
      </trkpt>
      <trkpt lat="45.890606" lon="7.705883">
        <ele>2367.5</ele>
      </trkpt>
      <trkpt lat="45.89052" lon="7.705973">
        <ele>2367.3</ele>
      </trkpt>
      <trkpt lat="45.89042" lon="7.706047">
        <ele>2366.9</ele>
      </trkpt>
      <trkpt lat="45.890393" lon="7.706071">
        <ele>2366.9</ele>
      </trkpt>
      <trkpt lat="45.890328" lon="7.706079">
        <ele>2367.2</ele>
      </trkpt>
      <trkpt lat="45.89027" lon="7.706077">
        <ele>2367.7</ele>
      </trkpt>
      <trkpt lat="45.890242" lon="7.7061">
        <ele>2368.1</ele>
      </trkpt>
      <trkpt lat="45.890175" lon="7.706127">
        <ele>2369.0</ele>
      </trkpt>
      <trkpt lat="45.890135" lon="7.706158">
        <ele>2369.7</ele>
      </trkpt>
      <trkpt lat="45.890079" lon="7.706181">
        <ele>2370.4</ele>
      </trkpt>
      <trkpt lat="45.890031" lon="7.706234">
        <ele>2370.5</ele>
      </trkpt>
      <trkpt lat="45.889976" lon="7.706284">
        <ele>2370.1</ele>
      </trkpt>
      <trkpt lat="45.889886" lon="7.706338">
        <ele>2369.1</ele>
      </trkpt>
      <trkpt lat="45.889834" lon="7.706372">
        <ele>2368.7</ele>
      </trkpt>
      <trkpt lat="45.889785" lon="7.706426">
        <ele>2368.0</ele>
      </trkpt>
      <trkpt lat="45.889712" lon="7.706491">
        <ele>2365.6</ele>
      </trkpt>
      <trkpt lat="45.889599" lon="7.706594">
        <ele>2364.3</ele>
      </trkpt>
      <trkpt lat="45.889481" lon="7.706681">
        <ele>2364.7</ele>
      </trkpt>
      <trkpt lat="45.889362" lon="7.706735">
        <ele>2360.5</ele>
      </trkpt>
      <trkpt lat="45.889331" lon="7.706779">
        <ele>2359.9</ele>
      </trkpt>
      <trkpt lat="45.889302" lon="7.706848">
        <ele>2359.6</ele>
      </trkpt>
      <trkpt lat="45.88927" lon="7.70702">
        <ele>2360.2</ele>
      </trkpt>
      <trkpt lat="45.889243" lon="7.707105">
        <ele>2359.5</ele>
      </trkpt>
      <trkpt lat="45.889188" lon="7.707205">
        <ele>2357.7</ele>
      </trkpt>
      <trkpt lat="45.889115" lon="7.707344">
        <ele>2356.9</ele>
      </trkpt>
      <trkpt lat="45.889114" lon="7.707408">
        <ele>2357.3</ele>
      </trkpt>
      <trkpt lat="45.889102" lon="7.707439">
        <ele>2357.2</ele>
      </trkpt>
      <trkpt lat="45.889081" lon="7.70747">
        <ele>2356.9</ele>
      </trkpt>
      <trkpt lat="45.889064" lon="7.707492">
        <ele>2356.5</ele>
      </trkpt>
      <trkpt lat="45.889048" lon="7.707524">
        <ele>2356.4</ele>
      </trkpt>
      <trkpt lat="45.889036" lon="7.707598">
        <ele>2357.3</ele>
      </trkpt>
      <trkpt lat="45.889019" lon="7.707627">
        <ele>2357.7</ele>
      </trkpt>
      <trkpt lat="45.888957" lon="7.707658">
        <ele>2357.3</ele>
      </trkpt>
      <trkpt lat="45.888907" lon="7.707711">
        <ele>2358.4</ele>
      </trkpt>
      <trkpt lat="45.888858" lon="7.707746">
        <ele>2358.7</ele>
      </trkpt>
      <trkpt lat="45.888758" lon="7.707822">
        <ele>2358.6</ele>
      </trkpt>
      <trkpt lat="45.888726" lon="7.707838">
        <ele>2358.2</ele>
      </trkpt>
      <trkpt lat="45.888683" lon="7.707854">
        <ele>2357.7</ele>
      </trkpt>
      <trkpt lat="45.888628" lon="7.707873">
        <ele>2357.1</ele>
      </trkpt>
      <trkpt lat="45.888582" lon="7.707911">
        <ele>2357.7</ele>
      </trkpt>
      <trkpt lat="45.888536" lon="7.70792">
        <ele>2357.4</ele>
      </trkpt>
      <trkpt lat="45.888457" lon="7.70788">
        <ele>2355.4</ele>
      </trkpt>
      <trkpt lat="45.888401" lon="7.70789">
        <ele>2355.2</ele>
      </trkpt>
      <trkpt lat="45.888312" lon="7.707934">
        <ele>2355.7</ele>
      </trkpt>
      <trkpt lat="45.888238" lon="7.707985">
        <ele>2356.6</ele>
      </trkpt>
      <trkpt lat="45.888141" lon="7.707936">
        <ele>2355.0</ele>
      </trkpt>
      <trkpt lat="45.888048" lon="7.70788">
        <ele>2354.1</ele>
      </trkpt>
      <trkpt lat="45.887996" lon="7.707874">
        <ele>2353.7</ele>
      </trkpt>
      <trkpt lat="45.887965" lon="7.707909">
        <ele>2354.0</ele>
      </trkpt>
      <trkpt lat="45.887945" lon="7.707928">
        <ele>2354.2</ele>
      </trkpt>
      <trkpt lat="45.887894" lon="7.707949">
        <ele>2354.4</ele>
      </trkpt>
      <trkpt lat="45.887855" lon="7.708">
        <ele>2355.5</ele>
      </trkpt>
      <trkpt lat="45.887749" lon="7.708112">
        <ele>2355.3</ele>
      </trkpt>
      <trkpt lat="45.887714" lon="7.708149">
        <ele>2355.2</ele>
      </trkpt>
      <trkpt lat="45.887695" lon="7.708168">
        <ele>2355.4</ele>
      </trkpt>
      <trkpt lat="45.887668" lon="7.708174">
        <ele>2355.4</ele>
      </trkpt>
      <trkpt lat="45.887607" lon="7.70817">
        <ele>2355.2</ele>
      </trkpt>
      <trkpt lat="45.887471" lon="7.708157">
        <ele>2354.5</ele>
      </trkpt>
      <trkpt lat="45.887412" lon="7.708167">
        <ele>2354.5</ele>
      </trkpt>
      <trkpt lat="45.887377" lon="7.708193">
        <ele>2355.2</ele>
      </trkpt>
      <trkpt lat="45.887316" lon="7.708177">
        <ele>2353.9</ele>
      </trkpt>
      <trkpt lat="45.887229" lon="7.708254">
        <ele>2354.6</ele>
      </trkpt>
      <trkpt lat="45.887047" lon="7.70836">
        <ele>2353.5</ele>
      </trkpt>
      <trkpt lat="45.886924" lon="7.708457">
        <ele>2353.4</ele>
      </trkpt>
      <trkpt lat="45.886872" lon="7.708525">
        <ele>2354.4</ele>
      </trkpt>
      <trkpt lat="45.886806" lon="7.708583">
        <ele>2354.9</ele>
      </trkpt>
      <trkpt lat="45.88675" lon="7.708644">
        <ele>2355.4</ele>
      </trkpt>
      <trkpt lat="45.886657" lon="7.708664">
        <ele>2353.7</ele>
      </trkpt>
      <trkpt lat="45.886636" lon="7.708642">
        <ele>2352.8</ele>
      </trkpt>
      <trkpt lat="45.886585" lon="7.708655">
        <ele>2352.1</ele>
      </trkpt>
      <trkpt lat="45.88657" lon="7.70862">
        <ele>2351.4</ele>
      </trkpt>
      <trkpt lat="45.886536" lon="7.70861">
        <ele>2350.8</ele>
      </trkpt>
      <trkpt lat="45.886453" lon="7.708657">
        <ele>2350.3</ele>
      </trkpt>
      <trkpt lat="45.886408" lon="7.708689">
        <ele>2350.6</ele>
      </trkpt>
      <trkpt lat="45.886361" lon="7.708706">
        <ele>2350.7</ele>
      </trkpt>
      <trkpt lat="45.886298" lon="7.708748">
        <ele>2350.8</ele>
      </trkpt>
      <trkpt lat="45.886262" lon="7.708745">
        <ele>2350.6</ele>
      </trkpt>
      <trkpt lat="45.886227" lon="7.708707">
        <ele>2350.3</ele>
      </trkpt>
      <trkpt lat="45.886197" lon="7.708702">
        <ele>2350.0</ele>
      </trkpt>
      <trkpt lat="45.886031" lon="7.7088">
        <ele>2349.5</ele>
      </trkpt>
      <trkpt lat="45.885963" lon="7.708876">
        <ele>2348.4</ele>
      </trkpt>
      <trkpt lat="45.885905" lon="7.708945">
        <ele>2347.2</ele>
      </trkpt>
      <trkpt lat="45.885842" lon="7.708987">
        <ele>2347.3</ele>
      </trkpt>
      <trkpt lat="45.88578" lon="7.709047">
        <ele>2347.3</ele>
      </trkpt>
      <trkpt lat="45.885732" lon="7.709106">
        <ele>2346.3</ele>
      </trkpt>
      <trkpt lat="45.885708" lon="7.70912">
        <ele>2345.9</ele>
      </trkpt>
      <trkpt lat="45.885656" lon="7.709126">
        <ele>2345.6</ele>
      </trkpt>
      <trkpt lat="45.885625" lon="7.70917">
        <ele>2345.2</ele>
      </trkpt>
      <trkpt lat="45.885523" lon="7.709248">
        <ele>2344.9</ele>
      </trkpt>
      <trkpt lat="45.885426" lon="7.709317">
        <ele>2343.8</ele>
      </trkpt>
      <trkpt lat="45.885331" lon="7.709396">
        <ele>2342.9</ele>
      </trkpt>
      <trkpt lat="45.885256" lon="7.709446">
        <ele>2343.4</ele>
      </trkpt>
      <trkpt lat="45.885065" lon="7.709563">
        <ele>2341.7</ele>
      </trkpt>
      <trkpt lat="45.884935" lon="7.709774">
        <ele>2336.4</ele>
      </trkpt>
      <trkpt lat="45.884862" lon="7.709867">
        <ele>2335.7</ele>
      </trkpt>
      <trkpt lat="45.884754" lon="7.70992">
        <ele>2334.7</ele>
      </trkpt>
      <trkpt lat="45.884643" lon="7.709962">
        <ele>2334.0</ele>
      </trkpt>
      <trkpt lat="45.884571" lon="7.709998">
        <ele>2333.4</ele>
      </trkpt>
      <trkpt lat="45.884517" lon="7.710059">
        <ele>2332.9</ele>
      </trkpt>
      <trkpt lat="45.884401" lon="7.710198">
        <ele>2333.2</ele>
      </trkpt>
      <trkpt lat="45.884354" lon="7.710281">
        <ele>2332.3</ele>
      </trkpt>
      <trkpt lat="45.884327" lon="7.710366">
        <ele>2332.0</ele>
      </trkpt>
      <trkpt lat="45.884308" lon="7.710389">
        <ele>2332.1</ele>
      </trkpt>
      <trkpt lat="45.884266" lon="7.710394">
        <ele>2332.4</ele>
      </trkpt>
      <trkpt lat="45.884227" lon="7.710423">
        <ele>2332.9</ele>
      </trkpt>
      <trkpt lat="45.884179" lon="7.710411">
        <ele>2333.2</ele>
      </trkpt>
      <trkpt lat="45.884142" lon="7.710407">
        <ele>2333.3</ele>
      </trkpt>
      <trkpt lat="45.884033" lon="7.710489">
        <ele>2332.6</ele>
      </trkpt>
      <trkpt lat="45.883984" lon="7.710499">
        <ele>2332.1</ele>
      </trkpt>
      <trkpt lat="45.883927" lon="7.710544">
        <ele>2331.9</ele>
      </trkpt>
      <trkpt lat="45.883883" lon="7.710581">
        <ele>2331.8</ele>
      </trkpt>
      <trkpt lat="45.883821" lon="7.710582">
        <ele>2331.6</ele>
      </trkpt>
      <trkpt lat="45.883769" lon="7.710614">
        <ele>2331.6</ele>
      </trkpt>
      <trkpt lat="45.883715" lon="7.710694">
        <ele>2331.6</ele>
      </trkpt>
      <trkpt lat="45.883674" lon="7.710707">
        <ele>2331.6</ele>
      </trkpt>
      <trkpt lat="45.88362" lon="7.710792">
        <ele>2330.8</ele>
      </trkpt>
      <trkpt lat="45.883542" lon="7.710822">
        <ele>2330.9</ele>
      </trkpt>
      <trkpt lat="45.883478" lon="7.710813">
        <ele>2331.7</ele>
      </trkpt>
      <trkpt lat="45.883455" lon="7.710823">
        <ele>2332.0</ele>
      </trkpt>
      <trkpt lat="45.883437" lon="7.710845">
        <ele>2332.1</ele>
      </trkpt>
      <trkpt lat="45.883411" lon="7.710899">
        <ele>2332.0</ele>
      </trkpt>
      <trkpt lat="45.883298" lon="7.710923">
        <ele>2333.7</ele>
      </trkpt>
      <trkpt lat="45.883185" lon="7.710933">
        <ele>2334.9</ele>
      </trkpt>
      <trkpt lat="45.883106" lon="7.711056">
        <ele>2334.7</ele>
      </trkpt>
      <trkpt lat="45.883055" lon="7.711096">
        <ele>2334.8</ele>
      </trkpt>
      <trkpt lat="45.883009" lon="7.711148">
        <ele>2334.8</ele>
      </trkpt>
      <trkpt lat="45.882961" lon="7.71124">
        <ele>2334.5</ele>
      </trkpt>
      <trkpt lat="45.882939" lon="7.711363">
        <ele>2334.2</ele>
      </trkpt>
      <trkpt lat="45.882923" lon="7.711431">
        <ele>2334.5</ele>
      </trkpt>
      <trkpt lat="45.882913" lon="7.711544">
        <ele>2335.4</ele>
      </trkpt>
      <trkpt lat="45.882902" lon="7.711627">
        <ele>2335.8</ele>
      </trkpt>
      <trkpt lat="45.88281" lon="7.711979">
        <ele>2335.3</ele>
      </trkpt>
      <trkpt lat="45.882739" lon="7.712202">
        <ele>2336.3</ele>
      </trkpt>
      <trkpt lat="45.882719" lon="7.712269">
        <ele>2336.8</ele>
      </trkpt>
      <trkpt lat="45.882648" lon="7.712391">
        <ele>2337.1</ele>
      </trkpt>
      <trkpt lat="45.882603" lon="7.712588">
        <ele>2336.2</ele>
      </trkpt>
      <trkpt lat="45.882546" lon="7.712722">
        <ele>2336.3</ele>
      </trkpt>
      <trkpt lat="45.882514" lon="7.712849">
        <ele>2336.1</ele>
        <name>45.882514,7.712849</name>
        <extensions>
          <oa:Extension>
            <oa:mapZoom>17</oa:mapZoom>
          </oa:Extension>
        </extensions>
      </trkpt>
      <trkpt lat="45.882509" lon="7.712872">
        <ele>2336.0</ele>
      </trkpt>
      <trkpt lat="45.882434" lon="7.713001">
        <ele>2335.6</ele>
      </trkpt>
      <trkpt lat="45.882357" lon="7.713129">
        <ele>2335.5</ele>
      </trkpt>
      <trkpt lat="45.88224" lon="7.713323">
        <ele>2334.4</ele>
      </trkpt>
      <trkpt lat="45.882165" lon="7.713485">
        <ele>2334.3</ele>
      </trkpt>
      <trkpt lat="45.882136" lon="7.713542">
        <ele>2334.8</ele>
      </trkpt>
      <trkpt lat="45.882098" lon="7.713583">
        <ele>2334.8</ele>
      </trkpt>
      <trkpt lat="45.882042" lon="7.713621">
        <ele>2334.4</ele>
      </trkpt>
      <trkpt lat="45.882007" lon="7.713671">
        <ele>2334.1</ele>
      </trkpt>
      <trkpt lat="45.881983" lon="7.713733">
        <ele>2334.1</ele>
      </trkpt>
      <trkpt lat="45.881941" lon="7.713798">
        <ele>2334.5</ele>
      </trkpt>
      <trkpt lat="45.88185" lon="7.713938">
        <ele>2333.9</ele>
      </trkpt>
      <trkpt lat="45.881803" lon="7.713955">
        <ele>2333.9</ele>
      </trkpt>
      <trkpt lat="45.881775" lon="7.71401">
        <ele>2333.7</ele>
      </trkpt>
      <trkpt lat="45.881757" lon="7.714053">
        <ele>2333.6</ele>
      </trkpt>
      <trkpt lat="45.881723" lon="7.714103">
        <ele>2333.6</ele>
      </trkpt>
      <trkpt lat="45.881642" lon="7.714175">
        <ele>2333.3</ele>
      </trkpt>
      <trkpt lat="45.881565" lon="7.714264">
        <ele>2332.2</ele>
      </trkpt>
      <trkpt lat="45.881499" lon="7.714367">
        <ele>2332.2</ele>
      </trkpt>
      <trkpt lat="45.881458" lon="7.714398">
        <ele>2332.6</ele>
      </trkpt>
      <trkpt lat="45.881411" lon="7.714413">
        <ele>2333.0</ele>
      </trkpt>
      <trkpt lat="45.881308" lon="7.714524">
        <ele>2331.8</ele>
      </trkpt>
      <trkpt lat="45.88128" lon="7.714564">
        <ele>2331.2</ele>
      </trkpt>
      <trkpt lat="45.881258" lon="7.714576">
        <ele>2331.1</ele>
      </trkpt>
      <trkpt lat="45.881217" lon="7.714587">
        <ele>2331.5</ele>
      </trkpt>
      <trkpt lat="45.881166" lon="7.714616">
        <ele>2331.5</ele>
      </trkpt>
      <trkpt lat="45.881127" lon="7.714663">
        <ele>2330.7</ele>
      </trkpt>
      <trkpt lat="45.881074" lon="7.714712">
        <ele>2330.0</ele>
      </trkpt>
      <trkpt lat="45.881022" lon="7.714786">
        <ele>2329.0</ele>
      </trkpt>
      <trkpt lat="45.880989" lon="7.714828">
        <ele>2328.6</ele>
      </trkpt>
      <trkpt lat="45.880942" lon="7.714835">
        <ele>2329.1</ele>
      </trkpt>
      <trkpt lat="45.880901" lon="7.714863">
        <ele>2329.1</ele>
      </trkpt>
      <trkpt lat="45.880864" lon="7.714896">
        <ele>2328.9</ele>
      </trkpt>
      <trkpt lat="45.880764" lon="7.714993">
        <ele>2328.1</ele>
      </trkpt>
      <trkpt lat="45.880643" lon="7.715047">
        <ele>2326.5</ele>
      </trkpt>
      <trkpt lat="45.88064" lon="7.715078">
        <ele>2326.4</ele>
      </trkpt>
      <trkpt lat="45.880621" lon="7.715111">
        <ele>2326.2</ele>
      </trkpt>
      <trkpt lat="45.880534" lon="7.715222">
        <ele>2325.0</ele>
      </trkpt>
      <trkpt lat="45.880498" lon="7.715238">
        <ele>2324.0</ele>
      </trkpt>
      <trkpt lat="45.880443" lon="7.715357">
        <ele>2322.3</ele>
      </trkpt>
      <trkpt lat="45.880375" lon="7.715455">
        <ele>2320.9</ele>
      </trkpt>
      <trkpt lat="45.880347" lon="7.715546">
        <ele>2319.7</ele>
      </trkpt>
      <trkpt lat="45.880321" lon="7.715596">
        <ele>2318.6</ele>
      </trkpt>
      <trkpt lat="45.880214" lon="7.715798">
        <ele>2315.0</ele>
      </trkpt>
      <trkpt lat="45.880126" lon="7.715815">
        <ele>2312.7</ele>
      </trkpt>
      <trkpt lat="45.880077" lon="7.715876">
        <ele>2309.9</ele>
      </trkpt>
      <trkpt lat="45.880057" lon="7.715923">
        <ele>2308.1</ele>
      </trkpt>
      <trkpt lat="45.880063" lon="7.715969">
        <ele>2307.0</ele>
      </trkpt>
      <trkpt lat="45.880084" lon="7.715994">
        <ele>2306.9</ele>
      </trkpt>
      <trkpt lat="45.880074" lon="7.716117">
        <ele>2304.9</ele>
      </trkpt>
      <trkpt lat="45.880073" lon="7.716218">
        <ele>2304.5</ele>
      </trkpt>
      <trkpt lat="45.880044" lon="7.716258">
        <ele>2303.7</ele>
      </trkpt>
      <trkpt lat="45.880003" lon="7.716269">
        <ele>2302.5</ele>
      </trkpt>
      <trkpt lat="45.879962" lon="7.716283">
        <ele>2301.0</ele>
      </trkpt>
      <trkpt lat="45.879917" lon="7.716378">
        <ele>2298.2</ele>
      </trkpt>
      <trkpt lat="45.879887" lon="7.716451">
        <ele>2296.4</ele>
      </trkpt>
      <trkpt lat="45.879827" lon="7.716513">
        <ele>2294.1</ele>
      </trkpt>
      <trkpt lat="45.879761" lon="7.716596">
        <ele>2291.8</ele>
      </trkpt>
      <trkpt lat="45.879633" lon="7.716772">
        <ele>2289.0</ele>
      </trkpt>
      <trkpt lat="45.879532" lon="7.717018">
        <ele>2287.1</ele>
      </trkpt>
      <trkpt lat="45.879381" lon="7.717178">
        <ele>2286.2</ele>
      </trkpt>
      <trkpt lat="45.879294" lon="7.717267">
        <ele>2284.5</ele>
      </trkpt>
      <trkpt lat="45.879094" lon="7.717367">
        <ele>2282.7</ele>
      </trkpt>
      <trkpt lat="45.879099" lon="7.717408">
        <ele>2282.3</ele>
      </trkpt>
      <trkpt lat="45.879094" lon="7.717486">
        <ele>2282.0</ele>
      </trkpt>
      <trkpt lat="45.879076" lon="7.717529">
        <ele>2282.1</ele>
      </trkpt>
      <trkpt lat="45.879073" lon="7.717571">
        <ele>2282.1</ele>
      </trkpt>
      <trkpt lat="45.879042" lon="7.717617">
        <ele>2282.3</ele>
      </trkpt>
      <trkpt lat="45.879042" lon="7.717655">
        <ele>2282.1</ele>
      </trkpt>
      <trkpt lat="45.878992" lon="7.717715">
        <ele>2281.9</ele>
      </trkpt>
      <trkpt lat="45.878929" lon="7.717799">
        <ele>2281.5</ele>
      </trkpt>
      <trkpt lat="45.878862" lon="7.717895">
        <ele>2281.0</ele>
      </trkpt>
      <trkpt lat="45.878814" lon="7.717954">
        <ele>2280.0</ele>
      </trkpt>
      <trkpt lat="45.878774" lon="7.717981">
        <ele>2279.3</ele>
      </trkpt>
      <trkpt lat="45.878667" lon="7.718025">
        <ele>2278.0</ele>
      </trkpt>
      <trkpt lat="45.878618" lon="7.718058">
        <ele>2276.7</ele>
      </trkpt>
      <trkpt lat="45.878607" lon="7.718121">
        <ele>2275.4</ele>
      </trkpt>
      <trkpt lat="45.878587" lon="7.718174">
        <ele>2274.7</ele>
      </trkpt>
      <trkpt lat="45.878562" lon="7.718192">
        <ele>2274.3</ele>
      </trkpt>
      <trkpt lat="45.878491" lon="7.718156">
        <ele>2273.7</ele>
      </trkpt>
      <trkpt lat="45.878447" lon="7.718169">
        <ele>2272.6</ele>
      </trkpt>
      <trkpt lat="45.878425" lon="7.718198">
        <ele>2271.6</ele>
      </trkpt>
      <trkpt lat="45.878404" lon="7.71824">
        <ele>2270.5</ele>
      </trkpt>
      <trkpt lat="45.878365" lon="7.718343">
        <ele>2269.0</ele>
      </trkpt>
      <trkpt lat="45.878292" lon="7.718414">
        <ele>2268.5</ele>
      </trkpt>
      <trkpt lat="45.878193" lon="7.718497">
        <ele>2267.1</ele>
      </trkpt>
      <trkpt lat="45.878118" lon="7.718612">
        <ele>2265.9</ele>
      </trkpt>
      <trkpt lat="45.878011" lon="7.718722">
        <ele>2265.3</ele>
      </trkpt>
      <trkpt lat="45.877976" lon="7.718725">
        <ele>2265.2</ele>
      </trkpt>
      <trkpt lat="45.87794" lon="7.718744">
        <ele>2264.5</ele>
      </trkpt>
      <trkpt lat="45.877898" lon="7.718789">
        <ele>2262.6</ele>
      </trkpt>
      <trkpt lat="45.877825" lon="7.718864">
        <ele>2259.2</ele>
      </trkpt>
      <trkpt lat="45.877826" lon="7.718926">
        <ele>2258.0</ele>
      </trkpt>
      <trkpt lat="45.877836" lon="7.718943">
        <ele>2258.2</ele>
      </trkpt>
      <trkpt lat="45.877874" lon="7.719004">
        <ele>2259.4</ele>
      </trkpt>
      <trkpt lat="45.877851" lon="7.719095">
        <ele>2260.3</ele>
      </trkpt>
      <trkpt lat="45.877789" lon="7.719146">
        <ele>2258.3</ele>
      </trkpt>
      <trkpt lat="45.877674" lon="7.719205">
        <ele>2251.8</ele>
      </trkpt>
      <trkpt lat="45.877619" lon="7.7193">
        <ele>2248.8</ele>
      </trkpt>
      <trkpt lat="45.877575" lon="7.719384">
        <ele>2246.7</ele>
      </trkpt>
      <trkpt lat="45.877574" lon="7.719461">
        <ele>2248.4</ele>
      </trkpt>
      <trkpt lat="45.87753" lon="7.719513">
        <ele>2246.6</ele>
      </trkpt>
      <trkpt lat="45.877514" lon="7.719574">
        <ele>2247.7</ele>
      </trkpt>
      <trkpt lat="45.877492" lon="7.719588">
        <ele>2246.6</ele>
      </trkpt>
      <trkpt lat="45.877467" lon="7.719574">
        <ele>2244.3</ele>
      </trkpt>
      <trkpt lat="45.877464" lon="7.719541">
        <ele>2242.9</ele>
      </trkpt>
      <trkpt lat="45.877483" lon="7.719484">
        <ele>2242.3</ele>
      </trkpt>
      <trkpt lat="45.87747" lon="7.719433">
        <ele>2239.9</ele>
      </trkpt>
      <trkpt lat="45.877462" lon="7.719385">
        <ele>2237.7</ele>
      </trkpt>
      <trkpt lat="45.877423" lon="7.719392">
        <ele>2235.0</ele>
      </trkpt>
      <trkpt lat="45.877393" lon="7.719416">
        <ele>2233.5</ele>
      </trkpt>
      <trkpt lat="45.877358" lon="7.719519">
        <ele>2234.1</ele>
      </trkpt>
      <trkpt lat="45.877323" lon="7.719615">
        <ele>2234.0</ele>
      </trkpt>
      <trkpt lat="45.877308" lon="7.719598">
        <ele>2232.3</ele>
      </trkpt>
      <trkpt lat="45.877298" lon="7.719572">
        <ele>2230.6</ele>
      </trkpt>
      <trkpt lat="45.877291" lon="7.71952">
        <ele>2228.5</ele>
      </trkpt>
      <trkpt lat="45.87725" lon="7.719555">
        <ele>2226.1</ele>
      </trkpt>
      <trkpt lat="45.877212" lon="7.719615">
        <ele>2224.5</ele>
      </trkpt>
      <trkpt lat="45.877195" lon="7.719623">
        <ele>2223.3</ele>
      </trkpt>
      <trkpt lat="45.877139" lon="7.719717">
        <ele>2221.5</ele>
      </trkpt>
      <trkpt lat="45.877049" lon="7.719813">
        <ele>2217.2</ele>
      </trkpt>
      <trkpt lat="45.876937" lon="7.719912">
        <ele>2211.0</ele>
      </trkpt>
      <trkpt lat="45.876909" lon="7.719953">
        <ele>2209.9</ele>
      </trkpt>
      <trkpt lat="45.876901" lon="7.719999">
        <ele>2210.7</ele>
      </trkpt>
      <trkpt lat="45.876881" lon="7.720025">
        <ele>2210.2</ele>
      </trkpt>
      <trkpt lat="45.876867" lon="7.720009">
        <ele>2208.6</ele>
      </trkpt>
      <trkpt lat="45.876856" lon="7.719997">
        <ele>2207.2</ele>
      </trkpt>
      <trkpt lat="45.876808" lon="7.720075">
        <ele>2207.0</ele>
      </trkpt>
      <trkpt lat="45.876798" lon="7.720131">
        <ele>2208.9</ele>
      </trkpt>
      <trkpt lat="45.876755" lon="7.720137">
        <ele>2205.8</ele>
      </trkpt>
      <trkpt lat="45.876709" lon="7.720197">
        <ele>2204.4</ele>
      </trkpt>
      <trkpt lat="45.876677" lon="7.720267">
        <ele>2203.9</ele>
      </trkpt>
      <trkpt lat="45.876663" lon="7.720272">
        <ele>2202.8</ele>
      </trkpt>
      <trkpt lat="45.876658" lon="7.720248">
        <ele>2201.8</ele>
      </trkpt>
      <trkpt lat="45.876681" lon="7.720136">
        <ele>2200.0</ele>
      </trkpt>
      <trkpt lat="45.876686" lon="7.720069">
        <ele>2197.9</ele>
      </trkpt>
      <trkpt lat="45.876687" lon="7.719906">
        <ele>2193.4</ele>
      </trkpt>
      <trkpt lat="45.876698" lon="7.719797">
        <ele>2191.8</ele>
      </trkpt>
      <trkpt lat="45.876699" lon="7.719703">
        <ele>2190.0</ele>
      </trkpt>
      <trkpt lat="45.876708" lon="7.719643">
        <ele>2189.4</ele>
      </trkpt>
      <trkpt lat="45.876691" lon="7.719598">
        <ele>2187.5</ele>
      </trkpt>
      <trkpt lat="45.876688" lon="7.719524">
        <ele>2185.9</ele>
      </trkpt>
      <trkpt lat="45.8767" lon="7.719476">
        <ele>2185.7</ele>
      </trkpt>
      <trkpt lat="45.876692" lon="7.719396">
        <ele>2183.6</ele>
      </trkpt>
      <trkpt lat="45.876715" lon="7.71931">
        <ele>2183.1</ele>
      </trkpt>
      <trkpt lat="45.876702" lon="7.719296">
        <ele>2182.1</ele>
      </trkpt>
      <trkpt lat="45.876684" lon="7.7193">
        <ele>2181.2</ele>
      </trkpt>
      <trkpt lat="45.876658" lon="7.719347">
        <ele>2180.7</ele>
      </trkpt>
      <trkpt lat="45.876619" lon="7.71936">
        <ele>2178.6</ele>
      </trkpt>
      <trkpt lat="45.876586" lon="7.719388">
        <ele>2177.0</ele>
      </trkpt>
      <trkpt lat="45.876561" lon="7.719442">
        <ele>2176.3</ele>
      </trkpt>
      <trkpt lat="45.876522" lon="7.719453">
        <ele>2174.1</ele>
      </trkpt>
      <trkpt lat="45.876483" lon="7.719504">
        <ele>2172.6</ele>
      </trkpt>
      <trkpt lat="45.876452" lon="7.719567">
        <ele>2171.9</ele>
      </trkpt>
      <trkpt lat="45.876399" lon="7.719599">
        <ele>2169.7</ele>
      </trkpt>
      <trkpt lat="45.876328" lon="7.719737">
        <ele>2168.3</ele>
      </trkpt>
      <trkpt lat="45.876274" lon="7.719831">
        <ele>2167.1</ele>
      </trkpt>
      <trkpt lat="45.876143" lon="7.71999">
        <ele>2161.9</ele>
      </trkpt>
      <trkpt lat="45.876107" lon="7.720025">
        <ele>2160.0</ele>
      </trkpt>
      <trkpt lat="45.876077" lon="7.719987">
        <ele>2158.6</ele>
      </trkpt>
      <trkpt lat="45.876053" lon="7.719975">
        <ele>2157.6</ele>
      </trkpt>
      <trkpt lat="45.876039" lon="7.719991">
        <ele>2156.8</ele>
      </trkpt>
      <trkpt lat="45.876017" lon="7.720034">
        <ele>2155.4</ele>
      </trkpt>
      <trkpt lat="45.875995" lon="7.720061">
        <ele>2154.1</ele>
      </trkpt>
      <trkpt lat="45.875961" lon="7.720131">
        <ele>2152.5</ele>
      </trkpt>
      <trkpt lat="45.875943" lon="7.720137">
        <ele>2151.6</ele>
      </trkpt>
      <trkpt lat="45.875923" lon="7.720162">
        <ele>2150.8</ele>
      </trkpt>
      <trkpt lat="45.875909" lon="7.720189">
        <ele>2150.3</ele>
      </trkpt>
      <trkpt lat="45.875842" lon="7.720317">
        <ele>2148.7</ele>
      </trkpt>
      <trkpt lat="45.87579" lon="7.720375">
        <ele>2147.5</ele>
      </trkpt>
      <trkpt lat="45.875715" lon="7.720484">
        <ele>2146.1</ele>
      </trkpt>
      <trkpt lat="45.875628" lon="7.720525">
        <ele>2142.7</ele>
      </trkpt>
      <trkpt lat="45.875541" lon="7.720497">
        <ele>2139.2</ele>
      </trkpt>
      <trkpt lat="45.875513" lon="7.720511">
        <ele>2138.7</ele>
      </trkpt>
      <trkpt lat="45.875476" lon="7.720539">
        <ele>2138.0</ele>
      </trkpt>
      <trkpt lat="45.875451" lon="7.720611">
        <ele>2138.2</ele>
      </trkpt>
      <trkpt lat="45.87543" lon="7.720675">
        <ele>2138.5</ele>
      </trkpt>
      <trkpt lat="45.875287" lon="7.720892">
        <ele>2135.5</ele>
      </trkpt>
      <trkpt lat="45.875133" lon="7.721078">
        <ele>2131.4</ele>
      </trkpt>
      <trkpt lat="45.875057" lon="7.721241">
        <ele>2131.1</ele>
      </trkpt>
      <trkpt lat="45.874931" lon="7.721407">
        <ele>2125.5</ele>
      </trkpt>
      <trkpt lat="45.874741" lon="7.72147">
        <ele>2118.1</ele>
      </trkpt>
      <trkpt lat="45.874586" lon="7.721502">
        <ele>2113.2</ele>
      </trkpt>
      <trkpt lat="45.874471" lon="7.721538">
        <ele>2108.0</ele>
      </trkpt>
      <trkpt lat="45.874388" lon="7.721656">
        <ele>2104.9</ele>
      </trkpt>
      <trkpt lat="45.874246" lon="7.721807">
        <ele>2097.3</ele>
      </trkpt>
      <trkpt lat="45.874147" lon="7.721911">
        <ele>2092.2</ele>
      </trkpt>
      <trkpt lat="45.874008" lon="7.72199">
        <ele>2084.7</ele>
      </trkpt>
      <trkpt lat="45.873944" lon="7.72197">
        <ele>2081.4</ele>
      </trkpt>
      <trkpt lat="45.873894" lon="7.721827">
        <ele>2078.6</ele>
      </trkpt>
      <trkpt lat="45.8738" lon="7.721762">
        <ele>2077.6</ele>
      </trkpt>
      <trkpt lat="45.873716" lon="7.721812">
        <ele>2075.8</ele>
      </trkpt>
      <trkpt lat="45.873578" lon="7.72196">
        <ele>2071.3</ele>
      </trkpt>
      <trkpt lat="45.873483" lon="7.722084">
        <ele>2066.8</ele>
      </trkpt>
      <trkpt lat="45.873389" lon="7.722059">
        <ele>2064.9</ele>
      </trkpt>
      <trkpt lat="45.87332" lon="7.722119">
        <ele>2060.9</ele>
      </trkpt>
      <trkpt lat="45.873256" lon="7.722183">
        <ele>2058.4</ele>
      </trkpt>
      <trkpt lat="45.873063" lon="7.722242">
        <ele>2053.8</ele>
      </trkpt>
      <trkpt lat="45.872984" lon="7.722351">
        <ele>2050.9</ele>
      </trkpt>
      <trkpt lat="45.872845" lon="7.722564">
        <ele>2047.6</ele>
      </trkpt>
      <trkpt lat="45.872672" lon="7.722663">
        <ele>2041.9</ele>
      </trkpt>
      <trkpt lat="45.872513" lon="7.722767">
        <ele>2031.6</ele>
      </trkpt>
      <trkpt lat="45.87236" lon="7.722856">
        <ele>2024.7</ele>
      </trkpt>
      <trkpt lat="45.872211" lon="7.723005">
        <ele>2018.2</ele>
      </trkpt>
      <trkpt lat="45.872266" lon="7.723119">
        <ele>2013.8</ele>
      </trkpt>
      <trkpt lat="45.872246" lon="7.723311">
        <ele>2006.9</ele>
      </trkpt>
      <trkpt lat="45.872192" lon="7.72345">
        <ele>2002.5</ele>
      </trkpt>
      <trkpt lat="45.872073" lon="7.723613">
        <ele>1997.6</ele>
      </trkpt>
      <trkpt lat="45.871964" lon="7.723757">
        <ele>1993.2</ele>
      </trkpt>
      <trkpt lat="45.871855" lon="7.72394">
        <ele>1988.3</ele>
      </trkpt>
      <trkpt lat="45.871746" lon="7.724069">
        <ele>1982.4</ele>
      </trkpt>
      <trkpt lat="45.871573" lon="7.724187">
        <ele>1974.9</ele>
      </trkpt>
      <trkpt lat="45.871375" lon="7.724356">
        <ele>1967.0</ele>
      </trkpt>
      <trkpt lat="45.871237" lon="7.724425">
        <ele>1962.7</ele>
      </trkpt>
      <trkpt lat="45.871075" lon="7.724432">
        <ele>1960.9</ele>
      </trkpt>
      <trkpt lat="45.871005" lon="7.724392">
        <ele>1962.0</ele>
      </trkpt>
      <trkpt lat="45.870993" lon="7.724475">
        <ele>1958.8</ele>
      </trkpt>
      <trkpt lat="45.87091" lon="7.724658">
        <ele>1953.7</ele>
      </trkpt>
      <trkpt lat="45.870831" lon="7.724831">
        <ele>1948.3</ele>
      </trkpt>
      <trkpt lat="45.870662" lon="7.724941">
        <ele>1945.1</ele>
      </trkpt>
      <trkpt lat="45.87058" lon="7.72498">
        <ele>1944.0</ele>
      </trkpt>
      <trkpt lat="45.870475" lon="7.725068">
        <ele>1940.7</ele>
      </trkpt>
      <trkpt lat="45.87036" lon="7.725223">
        <ele>1937.2</ele>
      </trkpt>
      <trkpt lat="45.870171" lon="7.725355">
        <ele>1932.8</ele>
      </trkpt>
      <trkpt lat="45.870076" lon="7.72545">
        <ele>1929.4</ele>
      </trkpt>
      <trkpt lat="45.87004" lon="7.725522">
        <ele>1927.0</ele>
      </trkpt>
      <trkpt lat="45.870024" lon="7.725592">
        <ele>1924.4</ele>
      </trkpt>
      <trkpt lat="45.870046" lon="7.725643">
        <ele>1922.2</ele>
      </trkpt>
      <trkpt lat="45.870075" lon="7.725721">
        <ele>1919.5</ele>
      </trkpt>
      <trkpt lat="45.870165" lon="7.725797">
        <ele>1917.1</ele>
      </trkpt>
      <trkpt lat="45.870206" lon="7.725905">
        <ele>1915.4</ele>
      </trkpt>
      <trkpt lat="45.870235" lon="7.726189">
        <ele>1911.5</ele>
      </trkpt>
      <trkpt lat="45.870252" lon="7.726302">
        <ele>1909.0</ele>
      </trkpt>
      <trkpt lat="45.870321" lon="7.726489">
        <ele>1904.0</ele>
      </trkpt>
      <trkpt lat="45.87033" lon="7.726615">
        <ele>1900.8</ele>
      </trkpt>
      <trkpt lat="45.870326" lon="7.726811">
        <ele>1897.3</ele>
      </trkpt>
      <trkpt lat="45.870316" lon="7.727029">
        <ele>1894.5</ele>
      </trkpt>
      <trkpt lat="45.870251" lon="7.727261">
        <ele>1891.9</ele>
      </trkpt>
      <trkpt lat="45.870177" lon="7.72732">
        <ele>1891.7</ele>
      </trkpt>
      <trkpt lat="45.869945" lon="7.727523">
        <ele>1889.4</ele>
      </trkpt>
      <trkpt lat="45.869799" lon="7.727744">
        <ele>1883.5</ele>
      </trkpt>
      <trkpt lat="45.869779" lon="7.727851">
        <ele>1881.7</ele>
      </trkpt>
      <trkpt lat="45.869781" lon="7.727885">
        <ele>1881.4</ele>
      </trkpt>
      <trkpt lat="45.869785" lon="7.727925">
        <ele>1881.1</ele>
      </trkpt>
      <trkpt lat="45.869767" lon="7.727982">
        <ele>1880.3</ele>
      </trkpt>
      <trkpt lat="45.869725" lon="7.728002">
        <ele>1879.2</ele>
      </trkpt>
      <trkpt lat="45.869671" lon="7.727926">
        <ele>1878.8</ele>
      </trkpt>
      <trkpt lat="45.869517" lon="7.728064">
        <ele>1872.1</ele>
      </trkpt>
      <trkpt lat="45.869622" lon="7.72823">
        <ele>1873.6</ele>
      </trkpt>
      <trkpt lat="45.869607" lon="7.728338">
        <ele>1871.4</ele>
      </trkpt>
      <trkpt lat="45.869603" lon="7.728471">
        <ele>1868.5</ele>
      </trkpt>
      <trkpt lat="45.869623" lon="7.728617">
        <ele>1865.5</ele>
      </trkpt>
      <trkpt lat="45.869693" lon="7.728727">
        <ele>1865.7</ele>
      </trkpt>
      <trkpt lat="45.869717" lon="7.72883">
        <ele>1863.3</ele>
      </trkpt>
      <trkpt lat="45.869776" lon="7.728969">
        <ele>1862.4</ele>
      </trkpt>
      <trkpt lat="45.869816" lon="7.729007">
        <ele>1863.6</ele>
      </trkpt>
      <trkpt lat="45.8697" lon="7.729025">
        <ele>1859.3</ele>
      </trkpt>
      <trkpt lat="45.869653" lon="7.729097">
        <ele>1857.3</ele>
      </trkpt>
      <trkpt lat="45.869627" lon="7.729201">
        <ele>1856.3</ele>
      </trkpt>
      <trkpt lat="45.869628" lon="7.729292">
        <ele>1856.9</ele>
      </trkpt>
      <trkpt lat="45.869585" lon="7.729372">
        <ele>1856.5</ele>
      </trkpt>
      <trkpt lat="45.869533" lon="7.729476">
        <ele>1855.6</ele>
      </trkpt>
      <trkpt lat="45.869453" lon="7.729545">
        <ele>1852.1</ele>
      </trkpt>
      <trkpt lat="45.869387" lon="7.729676">
        <ele>1848.1</ele>
      </trkpt>
      <trkpt lat="45.869296" lon="7.729705">
        <ele>1844.6</ele>
      </trkpt>
      <trkpt lat="45.869174" lon="7.729722">
        <ele>1840.3</ele>
      </trkpt>
      <trkpt lat="45.869094" lon="7.72964">
        <ele>1837.1</ele>
      </trkpt>
      <trkpt lat="45.869025" lon="7.729606">
        <ele>1834.0</ele>
      </trkpt>
      <trkpt lat="45.868961" lon="7.729651">
        <ele>1831.8</ele>
      </trkpt>
      <trkpt lat="45.868921" lon="7.729692">
        <ele>1830.6</ele>
      </trkpt>
      <trkpt lat="45.868891" lon="7.729758">
        <ele>1829.9</ele>
      </trkpt>
      <trkpt lat="45.868887" lon="7.729932">
        <ele>1831.2</ele>
      </trkpt>
      <trkpt lat="45.868826" lon="7.729992">
        <ele>1830.3</ele>
      </trkpt>
      <trkpt lat="45.868787" lon="7.730008">
        <ele>1829.5</ele>
      </trkpt>
      <trkpt lat="45.868764" lon="7.730018">
        <ele>1829.1</ele>
      </trkpt>
      <trkpt lat="45.868684" lon="7.730069">
        <ele>1828.0</ele>
      </trkpt>
      <trkpt lat="45.868594" lon="7.730011">
        <ele>1823.9</ele>
      </trkpt>
      <trkpt lat="45.868596" lon="7.729896">
        <ele>1821.4</ele>
      </trkpt>
      <trkpt lat="45.868596" lon="7.729871">
        <ele>1820.8</ele>
      </trkpt>
      <trkpt lat="45.868586" lon="7.729801">
        <ele>1818.6</ele>
      </trkpt>
      <trkpt lat="45.868539" lon="7.729669">
        <ele>1813.9</ele>
      </trkpt>
      <trkpt lat="45.868471" lon="7.729666">
        <ele>1811.3</ele>
      </trkpt>
      <trkpt lat="45.868419" lon="7.729788">
        <ele>1812.1</ele>
      </trkpt>
      <trkpt lat="45.868324" lon="7.729831">
        <ele>1809.5</ele>
      </trkpt>
      <trkpt lat="45.868271" lon="7.729796">
        <ele>1806.7</ele>
      </trkpt>
      <trkpt lat="45.868248" lon="7.729637">
        <ele>1803.2</ele>
      </trkpt>
      <trkpt lat="45.868226" lon="7.729555">
        <ele>1801.0</ele>
      </trkpt>
      <trkpt lat="45.868193" lon="7.729492">
        <ele>1798.6</ele>
      </trkpt>
      <trkpt lat="45.868163" lon="7.729432">
        <ele>1796.5</ele>
      </trkpt>
      <trkpt lat="45.868111" lon="7.729404">
        <ele>1793.9</ele>
      </trkpt>
      <trkpt lat="45.868054" lon="7.729408">
        <ele>1791.7</ele>
      </trkpt>
      <trkpt lat="45.868009" lon="7.729458">
        <ele>1790.6</ele>
      </trkpt>
      <trkpt lat="45.867937" lon="7.729496">
        <ele>1788.6</ele>
      </trkpt>
      <trkpt lat="45.867876" lon="7.729469">
        <ele>1786.3</ele>
      </trkpt>
      <trkpt lat="45.867807" lon="7.729438">
        <ele>1784.0</ele>
      </trkpt>
      <trkpt lat="45.867771" lon="7.729421">
        <ele>1782.7</ele>
      </trkpt>
      <trkpt lat="45.867736" lon="7.729391">
        <ele>1781.3</ele>
      </trkpt>
      <trkpt lat="45.867685" lon="7.72935">
        <ele>1779.2</ele>
      </trkpt>
      <trkpt lat="45.867646" lon="7.729334">
        <ele>1777.7</ele>
      </trkpt>
      <trkpt lat="45.867623" lon="7.729301">
        <ele>1776.3</ele>
      </trkpt>
      <trkpt lat="45.867599" lon="7.729169">
        <ele>1773.4</ele>
      </trkpt>
      <trkpt lat="45.867592" lon="7.729059">
        <ele>1771.7</ele>
      </trkpt>
      <trkpt lat="45.86752" lon="7.728884">
        <ele>1767.7</ele>
      </trkpt>
      <trkpt lat="45.867492" lon="7.728776">
        <ele>1765.7</ele>
      </trkpt>
      <trkpt lat="45.867467" lon="7.72874">
        <ele>1764.5</ele>
      </trkpt>
      <trkpt lat="45.867437" lon="7.728714">
        <ele>1763.3</ele>
      </trkpt>
      <trkpt lat="45.867388" lon="7.72868">
        <ele>1761.6</ele>
      </trkpt>
      <trkpt lat="45.867323" lon="7.728735">
        <ele>1759.1</ele>
      </trkpt>
      <trkpt lat="45.867267" lon="7.728717">
        <ele>1757.2</ele>
      </trkpt>
      <trkpt lat="45.8672" lon="7.728748">
        <ele>1754.8</ele>
      </trkpt>
      <trkpt lat="45.867125" lon="7.728756">
        <ele>1752.2</ele>
      </trkpt>
      <trkpt lat="45.867048" lon="7.728835">
        <ele>1747.2</ele>
      </trkpt>
      <trkpt lat="45.866956" lon="7.728805">
        <ele>1744.0</ele>
      </trkpt>
      <trkpt lat="45.86676" lon="7.728793">
        <ele>1737.8</ele>
      </trkpt>
      <trkpt lat="45.866615" lon="7.728739">
        <ele>1736.0</ele>
      </trkpt>
      <trkpt lat="45.866555" lon="7.728795">
        <ele>1733.6</ele>
      </trkpt>
      <trkpt lat="45.866442" lon="7.728811">
        <ele>1732.1</ele>
      </trkpt>
      <trkpt lat="45.866434" lon="7.728842">
        <ele>1731.9</ele>
      </trkpt>
      <trkpt lat="45.866416" lon="7.728952">
        <ele>1732.8</ele>
      </trkpt>
      <trkpt lat="45.866382" lon="7.728991">
        <ele>1733.0</ele>
      </trkpt>
      <trkpt lat="45.866353" lon="7.729025">
        <ele>1733.1</ele>
      </trkpt>
      <trkpt lat="45.866277" lon="7.729068">
        <ele>1732.9</ele>
      </trkpt>
      <trkpt lat="45.866107" lon="7.729102">
        <ele>1731.5</ele>
      </trkpt>
      <trkpt lat="45.866032" lon="7.729091">
        <ele>1730.3</ele>
      </trkpt>
      <trkpt lat="45.865839" lon="7.729063">
        <ele>1728.6</ele>
      </trkpt>
      <trkpt lat="45.865797" lon="7.729071">
        <ele>1728.4</ele>
      </trkpt>
      <trkpt lat="45.865753" lon="7.729089">
        <ele>1728.1</ele>
      </trkpt>
      <trkpt lat="45.865711" lon="7.729114">
        <ele>1727.7</ele>
      </trkpt>
      <trkpt lat="45.865612" lon="7.729198">
        <ele>1726.5</ele>
      </trkpt>
      <trkpt lat="45.865549" lon="7.729263">
        <ele>1726.0</ele>
      </trkpt>
      <trkpt lat="45.865494" lon="7.72931">
        <ele>1725.5</ele>
      </trkpt>
      <trkpt lat="45.865469" lon="7.729176">
        <ele>1722.7</ele>
      </trkpt>
      <trkpt lat="45.865434" lon="7.72908">
        <ele>1719.7</ele>
      </trkpt>
      <trkpt lat="45.865398" lon="7.728974">
        <ele>1718.8</ele>
      </trkpt>
      <trkpt lat="45.865288" lon="7.728695">
        <ele>1725.7</ele>
      </trkpt>
      <trkpt lat="45.865177" lon="7.728539">
        <ele>1728.1</ele>
      </trkpt>
      <trkpt lat="45.865119" lon="7.728501">
        <ele>1728.0</ele>
      </trkpt>
      <trkpt lat="45.865069" lon="7.728472">
        <ele>1728.0</ele>
      </trkpt>
      <trkpt lat="45.865019" lon="7.728443">
        <ele>1728.2</ele>
      </trkpt>
      <trkpt lat="45.864997" lon="7.72848">
        <ele>1727.8</ele>
      </trkpt>
      <trkpt lat="45.864907" lon="7.728632">
        <ele>1726.5</ele>
        <name>Rue Chemin Des Barmes, Ayas</name>
        <extensions>
          <oa:Extension>
            <oa:mapZoom>17</oa:mapZoom>
          </oa:Extension>
        </extensions>
      </trkpt>
      <trkpt lat="45.864895" lon="7.728653">
        <ele>1726.4</ele>
      </trkpt>
      <trkpt lat="45.864761" lon="7.728864">
        <ele>1722.3</ele>
      </trkpt>
      <trkpt lat="45.864622" lon="7.728985">
        <ele>1719.6</ele>
      </trkpt>
      <trkpt lat="45.864457" lon="7.729052">
        <ele>1720.1</ele>
      </trkpt>
      <trkpt lat="45.864367" lon="7.729139">
        <ele>1719.7</ele>
      </trkpt>
      <trkpt lat="45.864304" lon="7.729226">
        <ele>1718.1</ele>
      </trkpt>
      <trkpt lat="45.864288" lon="7.729253">
        <ele>1717.9</ele>
        <name>Rue Chemin Des Barmes, Ayas</name>
        <extensions>
          <oa:Extension>
            <oa:mapZoom>17</oa:mapZoom>
          </oa:Extension>
        </extensions>
      </trkpt>
      <trkpt lat="45.864226" lon="7.729355">
        <ele>1717.3</ele>
      </trkpt>
      <trkpt lat="45.864114" lon="7.729537">
        <ele>1716.7</ele>
      </trkpt>
      <trkpt lat="45.86405" lon="7.729673">
        <ele>1716.1</ele>
      </trkpt>
      <trkpt lat="45.863965" lon="7.72975">
        <ele>1715.1</ele>
      </trkpt>
      <trkpt lat="45.863898" lon="7.729758">
        <ele>1714.1</ele>
      </trkpt>
      <trkpt lat="45.863828" lon="7.729724">
        <ele>1714.3</ele>
      </trkpt>
      <trkpt lat="45.863775" lon="7.729671">
        <ele>1715.4</ele>
      </trkpt>
      <trkpt lat="45.863692" lon="7.729534">
        <ele>1716.3</ele>
        <name>Place Abbé Jean-Baptiste Favre 1880-1933 &apos;Il fut un caractère&apos;, Ayas</name>
        <extensions>
          <oa:Extension>
            <oa:mapZoom>17</oa:mapZoom>
          </oa:Extension>
        </extensions>
      </trkpt>
      <trkpt lat="45.863678" lon="7.729511">
        <ele>1716.4</ele>
      </trkpt>
      <trkpt lat="45.863623" lon="7.729407">
        <ele>1716.3</ele>
      </trkpt>
      <trkpt lat="45.863572" lon="7.729382">
        <ele>1716.2</ele>
      </trkpt>
      <trkpt lat="45.863529" lon="7.729294">
        <ele>1717.5</ele>
      </trkpt>
      <trkpt lat="45.863525" lon="7.729189">
        <ele>1719.8</ele>
      </trkpt>
      <trkpt lat="45.8635" lon="7.729173">
        <ele>1720.4</ele>
      </trkpt>
      <trkpt lat="45.863477" lon="7.729121">
        <ele>1722.1</ele>
      </trkpt>
      <trkpt lat="45.863449" lon="7.729116">
        <ele>1722.6</ele>
      </trkpt>
      <trkpt lat="45.863322" lon="7.729191">
        <ele>1721.5</ele>
      </trkpt>
      <trkpt lat="45.863155" lon="7.729283">
        <ele>1718.7</ele>
      </trkpt>
      <trkpt lat="45.863058" lon="7.729318">
        <ele>1715.4</ele>
      </trkpt>
      <trkpt lat="45.862955" lon="7.729285">
        <ele>1712.8</ele>
      </trkpt>
      <trkpt lat="45.862871" lon="7.729264">
        <ele>1713.1</ele>
      </trkpt>
      <trkpt lat="45.862711" lon="7.729357">
        <ele>1711.0</ele>
      </trkpt>
      <trkpt lat="45.862465" lon="7.729445">
        <ele>1708.2</ele>
      </trkpt>
      <trkpt lat="45.862404" lon="7.72951">
        <ele>1706.0</ele>
      </trkpt>
      <trkpt lat="45.862346" lon="7.729568">
        <ele>1704.2</ele>
      </trkpt>
      <trkpt lat="45.862183" lon="7.729568">
        <ele>1704.9</ele>
      </trkpt>
      <trkpt lat="45.862053" lon="7.729611">
        <ele>1702.7</ele>
      </trkpt>
      <trkpt lat="45.861929" lon="7.729682">
        <ele>1701.8</ele>
      </trkpt>
      <trkpt lat="45.862011" lon="7.72969">
        <ele>1700.6</ele>
        <name>Bar Residence Lago Bleu, Ayas</name>
        <extensions>
          <oa:Extension>
            <oa:mapZoom>17</oa:mapZoom>
          </oa:Extension>
        </extensions>
      </trkpt>
      <trkpt lat="45.861929" lon="7.729682">
        <ele>1701.8</ele>
      </trkpt>
      <trkpt lat="45.861756" lon="7.7297">
        <ele>1703.4</ele>
      </trkpt>
      <trkpt lat="45.861653" lon="7.729686">
        <ele>1704.1</ele>
      </trkpt>
      <trkpt lat="45.861502" lon="7.729614">
        <ele>1704.6</ele>
      </trkpt>
      <trkpt lat="45.861329" lon="7.729513">
        <ele>1704.1</ele>
      </trkpt>
      <trkpt lat="45.861176" lon="7.729466">
        <ele>1702.5</ele>
      </trkpt>
      <trkpt lat="45.861129" lon="7.729452">
        <ele>1702.3</ele>
      </trkpt>
      <trkpt lat="45.861065" lon="7.729436">
        <ele>1702.6</ele>
      </trkpt>
      <trkpt lat="45.860791" lon="7.729415">
        <ele>1704.6</ele>
      </trkpt>
      <trkpt lat="45.860754" lon="7.729403">
        <ele>1704.7</ele>
      </trkpt>
      <trkpt lat="45.860648" lon="7.729369">
        <ele>1704.2</ele>
      </trkpt>
      <trkpt lat="45.860352" lon="7.72924">
        <ele>1709.1</ele>
      </trkpt>
      <trkpt lat="45.860172" lon="7.729163">
        <ele>1711.5</ele>
        <name>Bar Hotel Genzianella, Ayas</name>
        <extensions>
          <oa:Extension>
            <oa:mapZoom>16</oa:mapZoom>
          </oa:Extension>
        </extensions>
      </trkpt>
      <trkpt lat="45.860056" lon="7.729112">
        <ele>1713.1</ele>
      </trkpt>
      <trkpt lat="45.85985" lon="7.729059">
        <ele>1712.3</ele>
      </trkpt>
      <trkpt lat="45.859835" lon="7.72904">
        <ele>1712.5</ele>
      </trkpt>
      <trkpt lat="45.859655" lon="7.728904">
        <ele>1714.0</ele>
      </trkpt>
      <trkpt lat="45.85961" lon="7.729056">
        <ele>1711.6</ele>
      </trkpt>
      <trkpt lat="45.859604" lon="7.729175">
        <ele>1708.9</ele>
      </trkpt>
      <trkpt lat="45.859376" lon="7.729219">
        <ele>1705.1</ele>
      </trkpt>
      <trkpt lat="45.85918" lon="7.729254">
        <ele>1702.0</ele>
      </trkpt>
      <trkpt lat="45.858992" lon="7.72917">
        <ele>1698.3</ele>
      </trkpt>
      <trkpt lat="45.858869" lon="7.72912">
        <ele>1696.9</ele>
      </trkpt>
      <trkpt lat="45.85864" lon="7.729009">
        <ele>1693.5</ele>
      </trkpt>
      <trkpt lat="45.858441" lon="7.728981">
        <ele>1687.8</ele>
      </trkpt>
      <trkpt lat="45.858369" lon="7.728955">
        <ele>1686.0</ele>
      </trkpt>
      <trkpt lat="45.858332" lon="7.728998">
        <ele>1683.8</ele>
      </trkpt>
      <trkpt lat="45.85833" lon="7.729109">
        <ele>1681.0</ele>
      </trkpt>
      <trkpt lat="45.858355" lon="7.729195">
        <ele>1679.6</ele>
      </trkpt>
      <trkpt lat="45.858324" lon="7.729227">
        <ele>1677.7</ele>
      </trkpt>
      <trkpt lat="45.858278" lon="7.729216">
        <ele>1676.3</ele>
      </trkpt>
      <trkpt lat="45.858219" lon="7.729175">
        <ele>1675.0</ele>
      </trkpt>
      <trkpt lat="45.858141" lon="7.729119">
        <ele>1672.7</ele>
      </trkpt>
      <trkpt lat="45.858078" lon="7.729033">
        <ele>1672.0</ele>
      </trkpt>
      <trkpt lat="45.857973" lon="7.72904">
        <ele>1668.5</ele>
      </trkpt>
      <trkpt lat="45.857877" lon="7.729151">
        <ele>1663.0</ele>
      </trkpt>
      <trkpt lat="45.857798" lon="7.729259">
        <ele>1660.1</ele>
      </trkpt>
      <trkpt lat="45.857723" lon="7.729282">
        <ele>1657.8</ele>
      </trkpt>
      <trkpt lat="45.857571" lon="7.729401">
        <ele>1653.9</ele>
        <name>45.857571,7.729401</name>
        <extensions>
          <oa:Extension>
            <oa:mapZoom>17</oa:mapZoom>
          </oa:Extension>
        </extensions>
      </trkpt>
      <trkpt lat="45.857378" lon="7.729503">
        <ele>1650.6</ele>
      </trkpt>
      <trkpt lat="45.857178" lon="7.729601">
        <ele>1648.6</ele>
      </trkpt>
      <trkpt lat="45.857069" lon="7.729758">
        <ele>1644.6</ele>
      </trkpt>
      <trkpt lat="45.85706" lon="7.729862">
        <ele>1642.3</ele>
      </trkpt>
      <trkpt lat="45.857095" lon="7.729899">
        <ele>1642.2</ele>
      </trkpt>
      <trkpt lat="45.857149" lon="7.729946">
        <ele>1641.8</ele>
      </trkpt>
      <trkpt lat="45.857216" lon="7.730042">
        <ele>1639.3</ele>
      </trkpt>
      <trkpt lat="45.857283" lon="7.730158">
        <ele>1636.1</ele>
      </trkpt>
      <trkpt lat="45.857318" lon="7.730219">
        <ele>1635.4</ele>
      </trkpt>
      <trkpt lat="45.857319" lon="7.730271">
        <ele>1635.1</ele>
      </trkpt>
      <trkpt lat="45.85732" lon="7.730312">
        <ele>1635.3</ele>
      </trkpt>
      <trkpt lat="45.857325" lon="7.730462">
        <ele>1637.5</ele>
      </trkpt>
      <trkpt lat="45.85732" lon="7.730644">
        <ele>1640.2</ele>
      </trkpt>
      <trkpt lat="45.857218" lon="7.73067">
        <ele>1638.1</ele>
      </trkpt>
      <trkpt lat="45.857108" lon="7.730709">
        <ele>1636.8</ele>
      </trkpt>
      <trkpt lat="45.856999" lon="7.73077">
        <ele>1636.5</ele>
      </trkpt>
      <trkpt lat="45.856874" lon="7.73087">
        <ele>1636.1</ele>
      </trkpt>
      <trkpt lat="45.856646" lon="7.73106">
        <ele>1634.4</ele>
      </trkpt>
      <trkpt lat="45.856475" lon="7.731218">
        <ele>1632.1</ele>
      </trkpt>
      <trkpt lat="45.856209" lon="7.731444">
        <ele>1630.7</ele>
      </trkpt>
      <trkpt lat="45.856067" lon="7.731579">
        <ele>1627.2</ele>
      </trkpt>
      <trkpt lat="45.85596" lon="7.731692">
        <ele>1626.0</ele>
      </trkpt>
      <trkpt lat="45.855881" lon="7.731776">
        <ele>1624.8</ele>
      </trkpt>
      <trkpt lat="45.855759" lon="7.731864">
        <ele>1624.4</ele>
      </trkpt>
      <trkpt lat="45.855659" lon="7.731936">
        <ele>1623.6</ele>
      </trkpt>
      <trkpt lat="45.855642" lon="7.731948">
        <ele>1623.5</ele>
      </trkpt>
      <trkpt lat="45.855558" lon="7.732008">
        <ele>1622.9</ele>
        <name>45.855558,7.732008</name>
        <extensions>
          <oa:Extension>
            <oa:mapZoom>17</oa:mapZoom>
          </oa:Extension>
        </extensions>
      </trkpt>
      <trkpt lat="45.855026" lon="7.732483">
        <ele>1617.9</ele>
        <name>Frachey, Ayas</name>
        <extensions>
          <oa:Extension>
            <oa:mapZoom>17</oa:mapZoom>
          </oa:Extension>
        </extensions>
      </trkpt>
      <trkpt lat="45.854993" lon="7.732516">
        <ele>1617.8</ele>
      </trkpt>
      <trkpt lat="45.854883" lon="7.732587">
        <ele>1618.0</ele>
      </trkpt>
      <trkpt lat="45.854789" lon="7.73263">
        <ele>1617.8</ele>
      </trkpt>
      <trkpt lat="45.854509" lon="7.732684">
        <ele>1615.7</ele>
      </trkpt>
      <trkpt lat="45.854389" lon="7.732709">
        <ele>1614.3</ele>
        <name>Frachey, Ayas</name>
        <extensions>
          <oa:Extension>
            <oa:mapZoom>17</oa:mapZoom>
          </oa:Extension>
        </extensions>
      </trkpt>
      <trkpt lat="45.854268" lon="7.732733">
        <ele>1612.8</ele>
      </trkpt>
      <trkpt lat="45.854109" lon="7.732787">
        <ele>1612.8</ele>
      </trkpt>
      <trkpt lat="45.854004" lon="7.732827">
        <ele>1612.9</ele>
      </trkpt>
      <trkpt lat="45.853736" lon="7.732944">
        <ele>1611.6</ele>
      </trkpt>
      <trkpt lat="45.853715" lon="7.732949">
        <ele>1611.3</ele>
        <name>45.853715,7.732949</name>
        <extensions>
          <oa:Extension>
            <oa:mapZoom>17</oa:mapZoom>
          </oa:Extension>
        </extensions>
      </trkpt>
      <trkpt lat="45.853628" lon="7.732971">
        <ele>1609.7</ele>
      </trkpt>
      <trkpt lat="45.85348" lon="7.73305">
        <ele>1609.6</ele>
      </trkpt>
      <trkpt lat="45.853248" lon="7.733169">
        <ele>1610.2</ele>
      </trkpt>
      <trkpt lat="45.853142" lon="7.733239">
        <ele>1608.3</ele>
      </trkpt>
      <trkpt lat="45.85308" lon="7.733081">
        <ele>1607.2</ele>
      </trkpt>
      <trkpt lat="45.853037" lon="7.733048">
        <ele>1607.5</ele>
        <name>La Grange, Ayas</name>
        <extensions>
          <oa:Extension>
            <oa:mapZoom>17</oa:mapZoom>
          </oa:Extension>
        </extensions>
      </trkpt>
      <trkpt lat="45.853036" lon="7.733048">
        <ele>1607.5</ele>
      </trkpt>
      <trkpt lat="45.852931" lon="7.733081">
        <ele>1607.3</ele>
      </trkpt>
      <trkpt lat="45.852857" lon="7.733125">
        <ele>1607.0</ele>
      </trkpt>
      <trkpt lat="45.852806" lon="7.733148">
        <ele>1607.3</ele>
      </trkpt>
      <trkpt lat="45.852623" lon="7.733229">
        <ele>1606.8</ele>
      </trkpt>
      <trkpt lat="45.852314" lon="7.733245">
        <ele>1605.9</ele>
      </trkpt>
      <trkpt lat="45.852155" lon="7.733201">
        <ele>1604.1</ele>
      </trkpt>
      <trkpt lat="45.851975" lon="7.733112">
        <ele>1604.5</ele>
      </trkpt>
      <trkpt lat="45.851724" lon="7.732964">
        <ele>1602.3</ele>
      </trkpt>
      <trkpt lat="45.85166" lon="7.732943">
        <ele>1601.7</ele>
      </trkpt>
      <trkpt lat="45.851495" lon="7.732869">
        <ele>1600.7</ele>
      </trkpt>
      <trkpt lat="45.851306" lon="7.732746">
        <ele>1601.5</ele>
      </trkpt>
      <trkpt lat="45.851183" lon="7.732632">
        <ele>1601.4</ele>
      </trkpt>
      <trkpt lat="45.851135" lon="7.732585">
        <ele>1600.9</ele>
      </trkpt>
      <trkpt lat="45.851095" lon="7.732559">
        <ele>1600.6</ele>
      </trkpt>
      <trkpt lat="45.851012" lon="7.732552">
        <ele>1600.1</ele>
      </trkpt>
      <trkpt lat="45.850829" lon="7.732579">
        <ele>1599.4</ele>
      </trkpt>
      <trkpt lat="45.850713" lon="7.732558">
        <ele>1599.0</ele>
      </trkpt>
      <trkpt lat="45.850582" lon="7.732536">
        <ele>1598.3</ele>
      </trkpt>
      <trkpt lat="45.850449" lon="7.732496">
        <ele>1597.5</ele>
      </trkpt>
      <trkpt lat="45.85035" lon="7.732447">
        <ele>1597.3</ele>
      </trkpt>
      <trkpt lat="45.850277" lon="7.732388">
        <ele>1597.1</ele>
      </trkpt>
      <trkpt lat="45.850135" lon="7.73229">
        <ele>1596.2</ele>
      </trkpt>
      <trkpt lat="45.849978" lon="7.732265">
        <ele>1595.4</ele>
      </trkpt>
      <trkpt lat="45.849819" lon="7.73224">
        <ele>1595.0</ele>
      </trkpt>
      <trkpt lat="45.849545" lon="7.732173">
        <ele>1594.4</ele>
      </trkpt>
      <trkpt lat="45.849206" lon="7.732006">
        <ele>1593.3</ele>
      </trkpt>
      <trkpt lat="45.849103" lon="7.73193">
        <ele>1593.4</ele>
      </trkpt>
      <trkpt lat="45.849007" lon="7.731888">
        <ele>1593.1</ele>
        <name>Stella Alpina, Champoluc</name>
        <extensions>
          <oa:Extension>
            <oa:mapZoom>15</oa:mapZoom>
          </oa:Extension>
        </extensions>
      </trkpt>
      <trkpt lat="45.84889" lon="7.731837">
        <ele>1592.7</ele>
      </trkpt>
      <trkpt lat="45.848764" lon="7.731837">
        <ele>1592.0</ele>
      </trkpt>
      <trkpt lat="45.848622" lon="7.731837">
        <ele>1591.2</ele>
      </trkpt>
      <trkpt lat="45.848431" lon="7.731806">
        <ele>1590.6</ele>
      </trkpt>
      <trkpt lat="45.848097" lon="7.731908">
        <ele>1590.9</ele>
      </trkpt>
      <trkpt lat="45.847891" lon="7.731917">
        <ele>1590.2</ele>
      </trkpt>
      <trkpt lat="45.847594" lon="7.731866">
        <ele>1589.3</ele>
      </trkpt>
      <trkpt lat="45.847298" lon="7.731815">
        <ele>1588.3</ele>
      </trkpt>
      <trkpt lat="45.847086" lon="7.731879">
        <ele>1587.7</ele>
      </trkpt>
      <trkpt lat="45.846941" lon="7.73198">
        <ele>1587.5</ele>
      </trkpt>
      <trkpt lat="45.846865" lon="7.73192">
        <ele>1587.2</ele>
      </trkpt>
      <trkpt lat="45.846668" lon="7.731806">
        <ele>1586.2</ele>
      </trkpt>
      <trkpt lat="45.846468" lon="7.731702">
        <ele>1586.2</ele>
      </trkpt>
      <trkpt lat="45.846235" lon="7.731532">
        <ele>1585.8</ele>
      </trkpt>
      <trkpt lat="45.846026" lon="7.731514">
        <ele>1585.4</ele>
      </trkpt>
      <trkpt lat="45.845936" lon="7.731471">
        <ele>1585.2</ele>
      </trkpt>
      <trkpt lat="45.845715" lon="7.731273">
        <ele>1584.6</ele>
      </trkpt>
      <trkpt lat="45.84548" lon="7.731156">
        <ele>1584.0</ele>
      </trkpt>
      <trkpt lat="45.845286" lon="7.731086">
        <ele>1583.8</ele>
      </trkpt>
      <trkpt lat="45.845126" lon="7.731246">
        <ele>1583.4</ele>
      </trkpt>
      <trkpt lat="45.845034" lon="7.731412">
        <ele>1583.3</ele>
      </trkpt>
      <trkpt lat="45.844887" lon="7.731521">
        <ele>1582.3</ele>
      </trkpt>
      <trkpt lat="45.844493" lon="7.731335">
        <ele>1581.3</ele>
      </trkpt>
      <trkpt lat="45.844162" lon="7.731163">
        <ele>1579.8</ele>
      </trkpt>
      <trkpt lat="45.843831" lon="7.730991">
        <ele>1580.0</ele>
      </trkpt>
      <trkpt lat="45.843491" lon="7.730859">
        <ele>1578.7</ele>
      </trkpt>
      <trkpt lat="45.84315" lon="7.730728">
        <ele>1577.8</ele>
      </trkpt>
      <trkpt lat="45.842922" lon="7.730612">
        <ele>1576.7</ele>
      </trkpt>
      <trkpt lat="45.842694" lon="7.730496">
        <ele>1578.0</ele>
      </trkpt>
      <trkpt lat="45.84244" lon="7.730522">
        <ele>1577.2</ele>
      </trkpt>
      <trkpt lat="45.84214" lon="7.730503">
        <ele>1576.2</ele>
      </trkpt>
      <trkpt lat="45.84182" lon="7.730403">
        <ele>1575.5</ele>
      </trkpt>
      <trkpt lat="45.841447" lon="7.730283">
        <ele>1575.7</ele>
      </trkpt>
      <trkpt lat="45.841147" lon="7.730216">
        <ele>1575.2</ele>
      </trkpt>
      <trkpt lat="45.840747" lon="7.730141">
        <ele>1574.2</ele>
      </trkpt>
      <trkpt lat="45.840372" lon="7.730063">
        <ele>1574.0</ele>
      </trkpt>
      <trkpt lat="45.840213" lon="7.729966">
        <ele>1573.3</ele>
      </trkpt>
      <trkpt lat="45.839976" lon="7.729689">
        <ele>1572.3</ele>
      </trkpt>
      <trkpt lat="45.839916" lon="7.729636">
        <ele>1572.2</ele>
      </trkpt>
      <trkpt lat="45.839858" lon="7.72962">
        <ele>1572.0</ele>
      </trkpt>
      <trkpt lat="45.839798" lon="7.729634">
        <ele>1572.0</ele>
      </trkpt>
      <trkpt lat="45.839788" lon="7.729784">
        <ele>1572.0</ele>
      </trkpt>
      <trkpt lat="45.839685" lon="7.730179">
        <ele>1571.8</ele>
      </trkpt>
      <trkpt lat="45.839581" lon="7.730574">
        <ele>1569.4</ele>
      </trkpt>
      <trkpt lat="45.839568" lon="7.730624">
        <ele>1568.8</ele>
      </trkpt>
      <trkpt lat="45.839558" lon="7.730665">
        <ele>1569.1</ele>
        <name>Strada Regionale 45 della Val D&apos;Ayas, Ayas</name>
        <extensions>
          <oa:Extension>
            <oa:mapZoom>15</oa:mapZoom>
          </oa:Extension>
        </extensions>
      </trkpt>
      <trkpt lat="45.839441" lon="7.73112">
        <ele>1571.9</ele>
      </trkpt>
      <trkpt lat="45.839423" lon="7.731175">
        <ele>1572.4</ele>
      </trkpt>
      <trkpt lat="45.839319" lon="7.73156">
        <ele>1571.9</ele>
      </trkpt>
      <trkpt lat="45.839274" lon="7.73173">
        <ele>1571.7</ele>
      </trkpt>
      <trkpt lat="45.839249" lon="7.731825">
        <ele>1571.6</ele>
      </trkpt>
      <trkpt lat="45.839216" lon="7.731946">
        <ele>1571.5</ele>
      </trkpt>
      <trkpt lat="45.839278" lon="7.731974">
        <ele>1571.3</ele>
      </trkpt>
      <trkpt lat="45.839384" lon="7.731992">
        <ele>1571.1</ele>
      </trkpt>
      <trkpt lat="45.839438" lon="7.732021">
        <ele>1571.2</ele>
      </trkpt>
      <trkpt lat="45.839486" lon="7.732014">
        <ele>1571.2</ele>
      </trkpt>
      <trkpt lat="45.839584" lon="7.732127">
        <ele>1571.5</ele>
      </trkpt>
      <trkpt lat="45.839691" lon="7.732171">
        <ele>1571.7</ele>
      </trkpt>
      <trkpt lat="45.839739" lon="7.732187">
        <ele>1571.8</ele>
      </trkpt>
      <trkpt lat="45.839905" lon="7.732262">
        <ele>1572.3</ele>
      </trkpt>
      <trkpt lat="45.839914" lon="7.732377">
        <ele>1572.7</ele>
      </trkpt>
      <trkpt lat="45.840189" lon="7.73242">
        <ele>1572.9</ele>
      </trkpt>
      <trkpt lat="45.840301" lon="7.732383">
        <ele>1572.6</ele>
      </trkpt>
      <trkpt lat="45.840326" lon="7.732374">
        <ele>1572.6</ele>
      </trkpt>
      <trkpt lat="45.840422" lon="7.732342">
        <ele>1572.6</ele>
      </trkpt>
      <trkpt lat="45.84058" lon="7.732207">
        <ele>1573.0</ele>
      </trkpt>
      <trkpt lat="45.840805" lon="7.732173">
        <ele>1573.3</ele>
      </trkpt>
      <trkpt lat="45.84103" lon="7.732139">
        <ele>1573.9</ele>
      </trkpt>
      <trkpt lat="45.841269" lon="7.732032">
        <ele>1574.4</ele>
      </trkpt>
      <trkpt lat="45.841328" lon="7.732024">
        <ele>1574.6</ele>
      </trkpt>
      <trkpt lat="45.841357" lon="7.732045">
        <ele>1574.6</ele>
      </trkpt>
      <trkpt lat="45.841395" lon="7.732078">
        <ele>1574.6</ele>
      </trkpt>
      <trkpt lat="45.841454" lon="7.732118">
        <ele>1574.6</ele>
      </trkpt>
      <trkpt lat="45.841506" lon="7.732147">
        <ele>1574.7</ele>
      </trkpt>
      <trkpt lat="45.841561" lon="7.732159">
        <ele>1574.9</ele>
      </trkpt>
      <trkpt lat="45.841619" lon="7.732165">
        <ele>1575.1</ele>
      </trkpt>
      <trkpt lat="45.841697" lon="7.732184">
        <ele>1575.3</ele>
      </trkpt>
      <trkpt lat="45.841744" lon="7.732192">
        <ele>1575.4</ele>
      </trkpt>
      <trkpt lat="45.841803" lon="7.732194">
        <ele>1575.4</ele>
      </trkpt>
      <trkpt lat="45.841868" lon="7.732185">
        <ele>1575.4</ele>
      </trkpt>
      <trkpt lat="45.841913" lon="7.732206">
        <ele>1575.5</ele>
      </trkpt>
      <trkpt lat="45.84196" lon="7.732223">
        <ele>1575.7</ele>
      </trkpt>
      <trkpt lat="45.841991" lon="7.732213">
        <ele>1575.8</ele>
      </trkpt>
      <trkpt lat="45.842025" lon="7.732184">
        <ele>1576.0</ele>
      </trkpt>
      <trkpt lat="45.84205" lon="7.732135">
        <ele>1576.0</ele>
      </trkpt>
      <trkpt lat="45.842098" lon="7.732095">
        <ele>1576.1</ele>
      </trkpt>
      <trkpt lat="45.84214" lon="7.732078">
        <ele>1576.2</ele>
      </trkpt>
      <trkpt lat="45.842186" lon="7.73209">
        <ele>1576.3</ele>
      </trkpt>
      <trkpt lat="45.842236" lon="7.732111">
        <ele>1576.4</ele>
      </trkpt>
      <trkpt lat="45.842261" lon="7.732139">
        <ele>1576.5</ele>
      </trkpt>
      <trkpt lat="45.842297" lon="7.732166">
        <ele>1576.6</ele>
      </trkpt>
      <trkpt lat="45.842355" lon="7.732216">
        <ele>1576.8</ele>
      </trkpt>
      <trkpt lat="45.842408" lon="7.732249">
        <ele>1576.9</ele>
      </trkpt>
      <trkpt lat="45.842433" lon="7.732235">
        <ele>1576.9</ele>
      </trkpt>
      <trkpt lat="45.842472" lon="7.732226">
        <ele>1577.0</ele>
      </trkpt>
      <trkpt lat="45.842536" lon="7.732228">
        <ele>1577.2</ele>
      </trkpt>
      <trkpt lat="45.842607" lon="7.732211">
        <ele>1577.5</ele>
      </trkpt>
      <trkpt lat="45.84263" lon="7.732222">
        <ele>1577.5</ele>
      </trkpt>
      <trkpt lat="45.842661" lon="7.732296">
        <ele>1577.6</ele>
      </trkpt>
      <trkpt lat="45.84268" lon="7.732344">
        <ele>1577.6</ele>
      </trkpt>
      <trkpt lat="45.842713" lon="7.732389">
        <ele>1577.7</ele>
      </trkpt>
      <trkpt lat="45.842766" lon="7.732435">
        <ele>1577.8</ele>
      </trkpt>
      <trkpt lat="45.842814" lon="7.732457">
        <ele>1577.9</ele>
      </trkpt>
      <trkpt lat="45.842864" lon="7.73245">
        <ele>1577.9</ele>
      </trkpt>
      <trkpt lat="45.842951" lon="7.732435">
        <ele>1578.0</ele>
      </trkpt>
      <trkpt lat="45.84299" lon="7.732422">
        <ele>1578.1</ele>
      </trkpt>
      <trkpt lat="45.843042" lon="7.732383">
        <ele>1578.2</ele>
      </trkpt>
      <trkpt lat="45.843081" lon="7.732326">
        <ele>1578.3</ele>
      </trkpt>
      <trkpt lat="45.843124" lon="7.732278">
        <ele>1578.4</ele>
      </trkpt>
      <trkpt lat="45.843178" lon="7.732254">
        <ele>1578.6</ele>
      </trkpt>
      <trkpt lat="45.843239" lon="7.732254">
        <ele>1578.7</ele>
      </trkpt>
      <trkpt lat="45.843278" lon="7.732226">
        <ele>1578.8</ele>
      </trkpt>
      <trkpt lat="45.843364" lon="7.732174">
        <ele>1579.0</ele>
      </trkpt>
      <trkpt lat="45.843472" lon="7.732135">
        <ele>1579.3</ele>
      </trkpt>
      <trkpt lat="45.843549" lon="7.732117">
        <ele>1579.6</ele>
      </trkpt>
      <trkpt lat="45.843604" lon="7.732133">
        <ele>1579.8</ele>
      </trkpt>
      <trkpt lat="45.843642" lon="7.73218">
        <ele>1579.9</ele>
      </trkpt>
      <trkpt lat="45.843661" lon="7.732237">
        <ele>1579.8</ele>
      </trkpt>
      <trkpt lat="45.843698" lon="7.732256">
        <ele>1579.9</ele>
      </trkpt>
      <trkpt lat="45.843724" lon="7.732261">
        <ele>1580.0</ele>
      </trkpt>
      <trkpt lat="45.843756" lon="7.73228">
        <ele>1580.1</ele>
      </trkpt>
      <trkpt lat="45.843802" lon="7.732311">
        <ele>1580.3</ele>
      </trkpt>
      <trkpt lat="45.843826" lon="7.732327">
        <ele>1580.4</ele>
      </trkpt>
      <trkpt lat="45.843884" lon="7.73231">
        <ele>1580.6</ele>
      </trkpt>
      <trkpt lat="45.843929" lon="7.732323">
        <ele>1580.7</ele>
      </trkpt>
      <trkpt lat="45.843993" lon="7.732349">
        <ele>1580.7</ele>
      </trkpt>
      <trkpt lat="45.844041" lon="7.732381">
        <ele>1580.7</ele>
      </trkpt>
      <trkpt lat="45.844081" lon="7.732416">
        <ele>1580.7</ele>
      </trkpt>
      <trkpt lat="45.844108" lon="7.73247">
        <ele>1580.8</ele>
      </trkpt>
      <trkpt lat="45.844137" lon="7.732521">
        <ele>1580.8</ele>
      </trkpt>
      <trkpt lat="45.844174" lon="7.732549">
        <ele>1581.0</ele>
      </trkpt>
      <trkpt lat="45.844213" lon="7.732556">
        <ele>1581.1</ele>
      </trkpt>
      <trkpt lat="45.844249" lon="7.73255">
        <ele>1581.2</ele>
      </trkpt>
      <trkpt lat="45.844304" lon="7.732549">
        <ele>1581.4</ele>
      </trkpt>
      <trkpt lat="45.844372" lon="7.73256">
        <ele>1581.6</ele>
      </trkpt>
      <trkpt lat="45.844404" lon="7.73258">
        <ele>1581.7</ele>
      </trkpt>
      <trkpt lat="45.84444" lon="7.732611">
        <ele>1581.8</ele>
      </trkpt>
      <trkpt lat="45.844479" lon="7.732645">
        <ele>1581.9</ele>
      </trkpt>
      <trkpt lat="45.844537" lon="7.732694">
        <ele>1582.1</ele>
      </trkpt>
      <trkpt lat="45.844606" lon="7.732769">
        <ele>1582.3</ele>
      </trkpt>
      <trkpt lat="45.844689" lon="7.732874">
        <ele>1582.5</ele>
      </trkpt>
      <trkpt lat="45.844743" lon="7.732928">
        <ele>1582.7</ele>
      </trkpt>
      <trkpt lat="45.844755" lon="7.732943">
        <ele>1582.7</ele>
      </trkpt>
      <trkpt lat="45.844832" lon="7.732977">
        <ele>1582.9</ele>
      </trkpt>
      <trkpt lat="45.844845" lon="7.732982">
        <ele>1582.9</ele>
        <name>Le Rocher Hotel, Ayas</name>
        <extensions>
          <oa:Extension>
            <oa:mapZoom>17</oa:mapZoom>
          </oa:Extension>
        </extensions>
      </trkpt>
      <trkpt lat="45.844872" lon="7.732992">
        <ele>1582.9</ele>
      </trkpt>
      <trkpt lat="45.844937" lon="7.733019">
        <ele>1583.0</ele>
      </trkpt>
      <trkpt lat="45.845014" lon="7.733043">
        <ele>1583.1</ele>
      </trkpt>
      <trkpt lat="45.845104" lon="7.733088">
        <ele>1583.3</ele>
      </trkpt>
      <trkpt lat="45.845166" lon="7.733106">
        <ele>1583.5</ele>
      </trkpt>
      <trkpt lat="45.845287" lon="7.733083">
        <ele>1583.9</ele>
      </trkpt>
      <trkpt lat="45.845408" lon="7.733079">
        <ele>1584.3</ele>
      </trkpt>
      <trkpt lat="45.845545" lon="7.733079">
        <ele>1584.7</ele>
      </trkpt>
      <trkpt lat="45.845633" lon="7.733091">
        <ele>1584.9</ele>
      </trkpt>
      <trkpt lat="45.845761" lon="7.733117">
        <ele>1585.2</ele>
      </trkpt>
      <trkpt lat="45.845895" lon="7.733127">
        <ele>1585.7</ele>
      </trkpt>
      <trkpt lat="45.846032" lon="7.733088">
        <ele>1586.0</ele>
      </trkpt>
      <trkpt lat="45.846202" lon="7.733058">
        <ele>1586.4</ele>
      </trkpt>
      <trkpt lat="45.846372" lon="7.733013">
        <ele>1586.8</ele>
      </trkpt>
      <trkpt lat="45.846403" lon="7.733022">
        <ele>1586.8</ele>
      </trkpt>
      <trkpt lat="45.846499" lon="7.733049">
        <ele>1587.0</ele>
      </trkpt>
      <trkpt lat="45.846608" lon="7.733051">
        <ele>1587.1</ele>
      </trkpt>
      <trkpt lat="45.846677" lon="7.733029">
        <ele>1587.1</ele>
      </trkpt>
      <trkpt lat="45.846888" lon="7.732945">
        <ele>1587.7</ele>
      </trkpt>
      <trkpt lat="45.846942" lon="7.732921">
        <ele>1587.9</ele>
      </trkpt>
      <trkpt lat="45.84704" lon="7.732884">
        <ele>1588.3</ele>
      </trkpt>
      <trkpt lat="45.847142" lon="7.732901">
        <ele>1588.6</ele>
      </trkpt>
      <trkpt lat="45.847253" lon="7.732944">
        <ele>1588.8</ele>
      </trkpt>
      <trkpt lat="45.847366" lon="7.733047">
        <ele>1589.1</ele>
      </trkpt>
      <trkpt lat="45.847505" lon="7.733059">
        <ele>1589.6</ele>
      </trkpt>
      <trkpt lat="45.847607" lon="7.733121">
        <ele>1590.0</ele>
      </trkpt>
      <trkpt lat="45.847672" lon="7.733226">
        <ele>1590.1</ele>
      </trkpt>
      <trkpt lat="45.847714" lon="7.733361">
        <ele>1590.2</ele>
      </trkpt>
      <trkpt lat="45.84777" lon="7.733468">
        <ele>1590.1</ele>
      </trkpt>
      <trkpt lat="45.847818" lon="7.733486">
        <ele>1590.1</ele>
      </trkpt>
      <trkpt lat="45.847944" lon="7.733564">
        <ele>1590.7</ele>
      </trkpt>
      <trkpt lat="45.848076" lon="7.733676">
        <ele>1591.3</ele>
      </trkpt>
      <trkpt lat="45.848112" lon="7.733706">
        <ele>1591.3</ele>
      </trkpt>
      <trkpt lat="45.848257" lon="7.733826">
        <ele>1591.8</ele>
      </trkpt>
      <trkpt lat="45.848401" lon="7.733946">
        <ele>1592.1</ele>
      </trkpt>
      <trkpt lat="45.848489" lon="7.734033">
        <ele>1592.2</ele>
      </trkpt>
      <trkpt lat="45.848461" lon="7.734109">
        <ele>1592.2</ele>
      </trkpt>
      <trkpt lat="45.848446" lon="7.734167">
        <ele>1592.3</ele>
        <name>Stella Alpina, Champoluc</name>
        <extensions>
          <oa:Extension>
            <oa:mapZoom>17</oa:mapZoom>
          </oa:Extension>
        </extensions>
      </trkpt>
      <trkpt lat="45.848516" lon="7.73441">
        <ele>1593.4</ele>
        <name>Strada Regionale 45 della Valle D&apos;Ayas, Ayas</name>
        <extensions>
          <oa:Extension>
            <oa:mapZoom>17</oa:mapZoom>
          </oa:Extension>
        </extensions>
      </trkpt>
      <trkpt lat="45.848202" lon="7.734632">
        <ele>1593.9</ele>
        <name>45.848202,7.734632</name>
        <extensions>
          <oa:Extension>
            <oa:mapZoom>17</oa:mapZoom>
          </oa:Extension>
        </extensions>
      </trkpt>
      <trkpt lat="45.848219" lon="7.734823">
        <ele>1594.6</ele>
      </trkpt>
      <trkpt lat="45.848215" lon="7.735083">
        <ele>1596.3</ele>
      </trkpt>
      <trkpt lat="45.848198" lon="7.735243">
        <ele>1597.6</ele>
      </trkpt>
      <trkpt lat="45.848175" lon="7.735415">
        <ele>1599.4</ele>
      </trkpt>
      <trkpt lat="45.848181" lon="7.73551">
        <ele>1600.5</ele>
      </trkpt>
      <trkpt lat="45.848197" lon="7.735612">
        <ele>1601.7</ele>
      </trkpt>
      <trkpt lat="45.848238" lon="7.735704">
        <ele>1602.6</ele>
      </trkpt>
      <trkpt lat="45.848316" lon="7.735768">
        <ele>1602.9</ele>
      </trkpt>
      <trkpt lat="45.848342" lon="7.735792">
        <ele>1603.0</ele>
      </trkpt>
      <trkpt lat="45.848376" lon="7.735829">
        <ele>1603.1</ele>
      </trkpt>
      <trkpt lat="45.848423" lon="7.735889">
        <ele>1603.4</ele>
      </trkpt>
      <trkpt lat="45.848454" lon="7.735961">
        <ele>1604.0</ele>
      </trkpt>
      <trkpt lat="45.848485" lon="7.736024">
        <ele>1604.9</ele>
      </trkpt>
      <trkpt lat="45.84851" lon="7.736083">
        <ele>1606.3</ele>
      </trkpt>
      <trkpt lat="45.848531" lon="7.736143">
        <ele>1608.1</ele>
      </trkpt>
      <trkpt lat="45.848545" lon="7.736183">
        <ele>1609.4</ele>
      </trkpt>
      <trkpt lat="45.848564" lon="7.736253">
        <ele>1611.7</ele>
      </trkpt>
      <trkpt lat="45.848588" lon="7.736336">
        <ele>1614.6</ele>
      </trkpt>
      <trkpt lat="45.848607" lon="7.736409">
        <ele>1616.9</ele>
      </trkpt>
      <trkpt lat="45.848617" lon="7.736483">
        <ele>1619.2</ele>
      </trkpt>
      <trkpt lat="45.848607" lon="7.736553">
        <ele>1621.5</ele>
      </trkpt>
      <trkpt lat="45.848593" lon="7.736626">
        <ele>1624.0</ele>
      </trkpt>
      <trkpt lat="45.8486" lon="7.736679">
        <ele>1625.8</ele>
      </trkpt>
      <trkpt lat="45.848623" lon="7.736753">
        <ele>1628.3</ele>
      </trkpt>
      <trkpt lat="45.848725" lon="7.736878">
        <ele>1632.6</ele>
      </trkpt>
      <trkpt lat="45.848753" lon="7.736908">
        <ele>1634.0</ele>
      </trkpt>
      <trkpt lat="45.848789" lon="7.736927">
        <ele>1635.2</ele>
      </trkpt>
      <trkpt lat="45.848829" lon="7.736926">
        <ele>1635.9</ele>
      </trkpt>
      <trkpt lat="45.848865" lon="7.73692">
        <ele>1636.6</ele>
      </trkpt>
      <trkpt lat="45.848932" lon="7.73693">
        <ele>1639.0</ele>
      </trkpt>
      <trkpt lat="45.848984" lon="7.736946">
        <ele>1640.6</ele>
      </trkpt>
      <trkpt lat="45.849042" lon="7.736969">
        <ele>1642.0</ele>
      </trkpt>
      <trkpt lat="45.849101" lon="7.736996">
        <ele>1643.3</ele>
      </trkpt>
      <trkpt lat="45.84916" lon="7.737025">
        <ele>1644.8</ele>
      </trkpt>
      <trkpt lat="45.849193" lon="7.73708">
        <ele>1647.5</ele>
      </trkpt>
      <trkpt lat="45.84921" lon="7.737149">
        <ele>1651.0</ele>
      </trkpt>
      <trkpt lat="45.849166" lon="7.737172">
        <ele>1652.9</ele>
      </trkpt>
      <trkpt lat="45.849128" lon="7.737187">
        <ele>1654.0</ele>
      </trkpt>
      <trkpt lat="45.849116" lon="7.73721">
        <ele>1655.3</ele>
      </trkpt>
      <trkpt lat="45.849145" lon="7.737229">
        <ele>1656.2</ele>
      </trkpt>
      <trkpt lat="45.849194" lon="7.737252">
        <ele>1657.0</ele>
      </trkpt>
      <trkpt lat="45.849324" lon="7.737365">
        <ele>1660.9</ele>
      </trkpt>
      <trkpt lat="45.849337" lon="7.737425">
        <ele>1663.9</ele>
      </trkpt>
      <trkpt lat="45.849332" lon="7.737476">
        <ele>1666.6</ele>
      </trkpt>
      <trkpt lat="45.849299" lon="7.737504">
        <ele>1668.3</ele>
      </trkpt>
      <trkpt lat="45.849259" lon="7.737526">
        <ele>1669.9</ele>
      </trkpt>
      <trkpt lat="45.849219" lon="7.737552">
        <ele>1671.6</ele>
      </trkpt>
      <trkpt lat="45.849186" lon="7.737571">
        <ele>1672.7</ele>
      </trkpt>
      <trkpt lat="45.849132" lon="7.737587">
        <ele>1673.7</ele>
      </trkpt>
      <trkpt lat="45.849083" lon="7.737601">
        <ele>1674.6</ele>
      </trkpt>
      <trkpt lat="45.849066" lon="7.737626">
        <ele>1675.9</ele>
      </trkpt>
      <trkpt lat="45.848977" lon="7.737694">
        <ele>1678.2</ele>
      </trkpt>
      <trkpt lat="45.84899" lon="7.737781">
        <ele>1682.5</ele>
      </trkpt>
      <trkpt lat="45.84905" lon="7.73781">
        <ele>1684.9</ele>
      </trkpt>
      <trkpt lat="45.849107" lon="7.737838">
        <ele>1687.1</ele>
      </trkpt>
      <trkpt lat="45.849171" lon="7.737896">
        <ele>1690.6</ele>
      </trkpt>
      <trkpt lat="45.849229" lon="7.73795">
        <ele>1693.1</ele>
      </trkpt>
      <trkpt lat="45.849297" lon="7.737962">
        <ele>1692.5</ele>
      </trkpt>
      <trkpt lat="45.849348" lon="7.738004">
        <ele>1694.3</ele>
      </trkpt>
      <trkpt lat="45.849387" lon="7.738039">
        <ele>1695.9</ele>
      </trkpt>
      <trkpt lat="45.849409" lon="7.738054">
        <ele>1696.5</ele>
      </trkpt>
      <trkpt lat="45.849437" lon="7.738073">
        <ele>1697.3</ele>
      </trkpt>
      <trkpt lat="45.849473" lon="7.738095">
        <ele>1698.3</ele>
      </trkpt>
      <trkpt lat="45.849438" lon="7.738116">
        <ele>1699.9</ele>
      </trkpt>
      <trkpt lat="45.849403" lon="7.738139">
        <ele>1701.7</ele>
      </trkpt>
      <trkpt lat="45.849364" lon="7.738152">
        <ele>1703.0</ele>
      </trkpt>
      <trkpt lat="45.849336" lon="7.738162">
        <ele>1703.8</ele>
      </trkpt>
      <trkpt lat="45.84931" lon="7.738181">
        <ele>1705.2</ele>
      </trkpt>
      <trkpt lat="45.849269" lon="7.738211">
        <ele>1707.3</ele>
      </trkpt>
      <trkpt lat="45.849231" lon="7.73824">
        <ele>1709.1</ele>
      </trkpt>
      <trkpt lat="45.849199" lon="7.738267">
        <ele>1710.5</ele>
      </trkpt>
      <trkpt lat="45.849175" lon="7.73829">
        <ele>1711.4</ele>
      </trkpt>
      <trkpt lat="45.849165" lon="7.738311">
        <ele>1712.3</ele>
      </trkpt>
      <trkpt lat="45.84917" lon="7.738339">
        <ele>1713.6</ele>
      </trkpt>
      <trkpt lat="45.849177" lon="7.738378">
        <ele>1715.4</ele>
      </trkpt>
      <trkpt lat="45.849179" lon="7.738416">
        <ele>1717.2</ele>
      </trkpt>
      <trkpt lat="45.849175" lon="7.738469">
        <ele>1719.8</ele>
      </trkpt>
      <trkpt lat="45.849171" lon="7.738491">
        <ele>1720.8</ele>
      </trkpt>
      <trkpt lat="45.84918" lon="7.738511">
        <ele>1721.9</ele>
      </trkpt>
      <trkpt lat="45.849195" lon="7.738527">
        <ele>1723.0</ele>
      </trkpt>
      <trkpt lat="45.849211" lon="7.738531">
        <ele>1723.5</ele>
      </trkpt>
      <trkpt lat="45.849239" lon="7.738526">
        <ele>1723.7</ele>
      </trkpt>
      <trkpt lat="45.849267" lon="7.738514">
        <ele>1723.5</ele>
      </trkpt>
      <trkpt lat="45.84929" lon="7.738511">
        <ele>1723.7</ele>
      </trkpt>
      <trkpt lat="45.849309" lon="7.73852">
        <ele>1724.6</ele>
      </trkpt>
      <trkpt lat="45.849326" lon="7.738543">
        <ele>1726.4</ele>
      </trkpt>
      <trkpt lat="45.849346" lon="7.738565">
        <ele>1728.2</ele>
      </trkpt>
      <trkpt lat="45.849359" lon="7.738578">
        <ele>1729.3</ele>
      </trkpt>
      <trkpt lat="45.849363" lon="7.738591">
        <ele>1730.1</ele>
      </trkpt>
      <trkpt lat="45.849355" lon="7.738614">
        <ele>1731.5</ele>
      </trkpt>
      <trkpt lat="45.849345" lon="7.738646">
        <ele>1733.2</ele>
      </trkpt>
      <trkpt lat="45.849332" lon="7.738686">
        <ele>1735.2</ele>
      </trkpt>
      <trkpt lat="45.849318" lon="7.738739">
        <ele>1737.5</ele>
      </trkpt>
      <trkpt lat="45.849314" lon="7.738776">
        <ele>1739.1</ele>
      </trkpt>
      <trkpt lat="45.849298" lon="7.73882">
        <ele>1740.8</ele>
      </trkpt>
      <trkpt lat="45.849284" lon="7.738858">
        <ele>1742.4</ele>
      </trkpt>
      <trkpt lat="45.849269" lon="7.738903">
        <ele>1744.4</ele>
      </trkpt>
      <trkpt lat="45.84926" lon="7.73894">
        <ele>1746.2</ele>
      </trkpt>
      <trkpt lat="45.849264" lon="7.738956">
        <ele>1747.0</ele>
      </trkpt>
      <trkpt lat="45.849282" lon="7.73896">
        <ele>1747.4</ele>
      </trkpt>
      <trkpt lat="45.849304" lon="7.738968">
        <ele>1748.0</ele>
      </trkpt>
      <trkpt lat="45.849325" lon="7.738982">
        <ele>1748.8</ele>
      </trkpt>
      <trkpt lat="45.849345" lon="7.738991">
        <ele>1749.4</ele>
      </trkpt>
      <trkpt lat="45.849357" lon="7.739013">
        <ele>1750.6</ele>
      </trkpt>
      <trkpt lat="45.849372" lon="7.739037">
        <ele>1751.9</ele>
      </trkpt>
      <trkpt lat="45.849385" lon="7.739058">
        <ele>1753.1</ele>
      </trkpt>
      <trkpt lat="45.849395" lon="7.739082">
        <ele>1754.4</ele>
      </trkpt>
      <trkpt lat="45.849392" lon="7.739104">
        <ele>1755.6</ele>
      </trkpt>
      <trkpt lat="45.84938" lon="7.739131">
        <ele>1756.9</ele>
      </trkpt>
      <trkpt lat="45.849371" lon="7.739161">
        <ele>1758.4</ele>
      </trkpt>
      <trkpt lat="45.849382" lon="7.739179">
        <ele>1759.4</ele>
      </trkpt>
      <trkpt lat="45.849401" lon="7.739191">
        <ele>1760.3</ele>
      </trkpt>
      <trkpt lat="45.84942" lon="7.73921">
        <ele>1761.5</ele>
      </trkpt>
      <trkpt lat="45.849438" lon="7.739227">
        <ele>1762.6</ele>
      </trkpt>
      <trkpt lat="45.849447" lon="7.739248">
        <ele>1763.8</ele>
      </trkpt>
      <trkpt lat="45.849446" lon="7.739273">
        <ele>1765.0</ele>
      </trkpt>
      <trkpt lat="45.849433" lon="7.739312">
        <ele>1766.8</ele>
      </trkpt>
      <trkpt lat="45.849423" lon="7.739355">
        <ele>1768.9</ele>
      </trkpt>
      <trkpt lat="45.8494" lon="7.739381">
        <ele>1770.1</ele>
      </trkpt>
      <trkpt lat="45.849381" lon="7.739396">
        <ele>1770.8</ele>
      </trkpt>
      <trkpt lat="45.849359" lon="7.739415">
        <ele>1771.8</ele>
      </trkpt>
      <trkpt lat="45.84934" lon="7.739433">
        <ele>1772.9</ele>
      </trkpt>
      <trkpt lat="45.84933" lon="7.739447">
        <ele>1773.8</ele>
      </trkpt>
      <trkpt lat="45.849338" lon="7.739467">
        <ele>1774.9</ele>
      </trkpt>
      <trkpt lat="45.849355" lon="7.739503">
        <ele>1776.7</ele>
      </trkpt>
      <trkpt lat="45.849369" lon="7.739532">
        <ele>1778.3</ele>
      </trkpt>
      <trkpt lat="45.84938" lon="7.739554">
        <ele>1779.5</ele>
      </trkpt>
      <trkpt lat="45.849394" lon="7.739592">
        <ele>1781.6</ele>
      </trkpt>
      <trkpt lat="45.849408" lon="7.739633">
        <ele>1783.9</ele>
      </trkpt>
      <trkpt lat="45.849414" lon="7.739646">
        <ele>1784.6</ele>
      </trkpt>
      <trkpt lat="45.849417" lon="7.73966">
        <ele>1785.4</ele>
        <name>per Frachey, Ayas</name>
        <extensions>
          <oa:Extension>
            <oa:mapZoom>18</oa:mapZoom>
          </oa:Extension>
        </extensions>
      </trkpt>
      <trkpt lat="45.849406" lon="7.739658">
        <ele>1785.4</ele>
      </trkpt>
      <trkpt lat="45.849383" lon="7.739652">
        <ele>1785.1</ele>
      </trkpt>
      <trkpt lat="45.849364" lon="7.73965">
        <ele>1785.1</ele>
      </trkpt>
      <trkpt lat="45.849341" lon="7.739649">
        <ele>1785.2</ele>
      </trkpt>
      <trkpt lat="45.849324" lon="7.73965">
        <ele>1785.3</ele>
      </trkpt>
      <trkpt lat="45.849315" lon="7.739654">
        <ele>1785.6</ele>
      </trkpt>
      <trkpt lat="45.849309" lon="7.739669">
        <ele>1786.5</ele>
      </trkpt>
      <trkpt lat="45.849306" lon="7.739695">
        <ele>1788.0</ele>
      </trkpt>
      <trkpt lat="45.8493" lon="7.73972">
        <ele>1789.5</ele>
      </trkpt>
      <trkpt lat="45.849294" lon="7.739742">
        <ele>1790.9</ele>
      </trkpt>
      <trkpt lat="45.8493" lon="7.739752">
        <ele>1791.6</ele>
      </trkpt>
      <trkpt lat="45.849314" lon="7.73977">
        <ele>1792.7</ele>
      </trkpt>
      <trkpt lat="45.849329" lon="7.739793">
        <ele>1794.2</ele>
      </trkpt>
      <trkpt lat="45.849344" lon="7.739814">
        <ele>1795.6</ele>
      </trkpt>
      <trkpt lat="45.849357" lon="7.739835">
        <ele>1797.0</ele>
      </trkpt>
      <trkpt lat="45.849363" lon="7.739868">
        <ele>1799.1</ele>
      </trkpt>
      <trkpt lat="45.849371" lon="7.739901">
        <ele>1801.2</ele>
      </trkpt>
      <trkpt lat="45.84937" lon="7.739927">
        <ele>1802.8</ele>
      </trkpt>
      <trkpt lat="45.849353" lon="7.73994">
        <ele>1803.7</ele>
      </trkpt>
      <trkpt lat="45.849332" lon="7.739957">
        <ele>1804.7</ele>
      </trkpt>
      <trkpt lat="45.849315" lon="7.739967">
        <ele>1805.1</ele>
      </trkpt>
      <trkpt lat="45.849305" lon="7.739974">
        <ele>1805.5</ele>
      </trkpt>
      <trkpt lat="45.849301" lon="7.739987">
        <ele>1806.1</ele>
      </trkpt>
      <trkpt lat="45.849307" lon="7.740001">
        <ele>1807.0</ele>
      </trkpt>
      <trkpt lat="45.849317" lon="7.740023">
        <ele>1808.2</ele>
      </trkpt>
      <trkpt lat="45.849329" lon="7.740046">
        <ele>1809.5</ele>
      </trkpt>
      <trkpt lat="45.84934" lon="7.740063">
        <ele>1810.4</ele>
      </trkpt>
      <trkpt lat="45.84935" lon="7.74008">
        <ele>1811.4</ele>
      </trkpt>
      <trkpt lat="45.849356" lon="7.740101">
        <ele>1812.5</ele>
      </trkpt>
      <trkpt lat="45.849347" lon="7.740122">
        <ele>1813.6</ele>
      </trkpt>
      <trkpt lat="45.849337" lon="7.740143">
        <ele>1814.6</ele>
      </trkpt>
      <trkpt lat="45.849323" lon="7.740172">
        <ele>1816.0</ele>
      </trkpt>
      <trkpt lat="45.849312" lon="7.740195">
        <ele>1817.3</ele>
      </trkpt>
      <trkpt lat="45.849302" lon="7.740226">
        <ele>1818.9</ele>
      </trkpt>
      <trkpt lat="45.849298" lon="7.740246">
        <ele>1820.0</ele>
      </trkpt>
      <trkpt lat="45.849308" lon="7.74026">
        <ele>1820.9</ele>
      </trkpt>
      <trkpt lat="45.849324" lon="7.740276">
        <ele>1821.9</ele>
      </trkpt>
      <trkpt lat="45.849343" lon="7.740293">
        <ele>1822.9</ele>
      </trkpt>
      <trkpt lat="45.849363" lon="7.740317">
        <ele>1824.4</ele>
      </trkpt>
      <trkpt lat="45.849371" lon="7.740325">
        <ele>1824.9</ele>
      </trkpt>
      <trkpt lat="45.84938" lon="7.740333">
        <ele>1825.5</ele>
      </trkpt>
      <trkpt lat="45.849383" lon="7.740342">
        <ele>1826.1</ele>
      </trkpt>
      <trkpt lat="45.849373" lon="7.740358">
        <ele>1826.9</ele>
      </trkpt>
      <trkpt lat="45.84936" lon="7.740375">
        <ele>1827.8</ele>
      </trkpt>
      <trkpt lat="45.849348" lon="7.740401">
        <ele>1829.1</ele>
      </trkpt>
      <trkpt lat="45.849335" lon="7.740423">
        <ele>1830.3</ele>
      </trkpt>
      <trkpt lat="45.849316" lon="7.740456">
        <ele>1832.2</ele>
      </trkpt>
      <trkpt lat="45.849307" lon="7.740491">
        <ele>1834.2</ele>
      </trkpt>
      <trkpt lat="45.849295" lon="7.74053">
        <ele>1836.5</ele>
      </trkpt>
      <trkpt lat="45.849286" lon="7.740563">
        <ele>1838.5</ele>
      </trkpt>
      <trkpt lat="45.84928" lon="7.740582">
        <ele>1839.7</ele>
      </trkpt>
      <trkpt lat="45.849279" lon="7.740595">
        <ele>1840.5</ele>
      </trkpt>
      <trkpt lat="45.849288" lon="7.740602">
        <ele>1840.8</ele>
      </trkpt>
      <trkpt lat="45.84931" lon="7.740612">
        <ele>1841.4</ele>
      </trkpt>
      <trkpt lat="45.84933" lon="7.74062">
        <ele>1841.9</ele>
      </trkpt>
      <trkpt lat="45.849348" lon="7.740628">
        <ele>1842.5</ele>
      </trkpt>
      <trkpt lat="45.849369" lon="7.740637">
        <ele>1843.3</ele>
      </trkpt>
      <trkpt lat="45.849378" lon="7.740646">
        <ele>1844.1</ele>
      </trkpt>
      <trkpt lat="45.84938" lon="7.740657">
        <ele>1844.8</ele>
      </trkpt>
      <trkpt lat="45.849367" lon="7.740672">
        <ele>1845.4</ele>
      </trkpt>
      <trkpt lat="45.849358" lon="7.740688">
        <ele>1846.2</ele>
      </trkpt>
      <trkpt lat="45.849345" lon="7.740712">
        <ele>1847.5</ele>
      </trkpt>
      <trkpt lat="45.849333" lon="7.740738">
        <ele>1848.9</ele>
      </trkpt>
      <trkpt lat="45.849333" lon="7.740747">
        <ele>1849.4</ele>
      </trkpt>
      <trkpt lat="45.849347" lon="7.740754">
        <ele>1850.0</ele>
      </trkpt>
      <trkpt lat="45.849365" lon="7.740764">
        <ele>1850.9</ele>
      </trkpt>
      <trkpt lat="45.849387" lon="7.740777">
        <ele>1852.2</ele>
      </trkpt>
      <trkpt lat="45.849399" lon="7.740783">
        <ele>1852.9</ele>
      </trkpt>
      <trkpt lat="45.849412" lon="7.740791">
        <ele>1853.7</ele>
      </trkpt>
      <trkpt lat="45.849414" lon="7.740801">
        <ele>1854.5</ele>
      </trkpt>
      <trkpt lat="45.84941" lon="7.740822">
        <ele>1855.6</ele>
      </trkpt>
      <trkpt lat="45.849408" lon="7.740839">
        <ele>1856.5</ele>
      </trkpt>
      <trkpt lat="45.849404" lon="7.74087">
        <ele>1858.3</ele>
      </trkpt>
      <trkpt lat="45.849402" lon="7.7409">
        <ele>1860.0</ele>
      </trkpt>
      <trkpt lat="45.849399" lon="7.740937">
        <ele>1862.2</ele>
      </trkpt>
      <trkpt lat="45.8494" lon="7.74095">
        <ele>1863.0</ele>
      </trkpt>
      <trkpt lat="45.849405" lon="7.740955">
        <ele>1863.4</ele>
      </trkpt>
      <trkpt lat="45.849414" lon="7.740949">
        <ele>1863.3</ele>
      </trkpt>
      <trkpt lat="45.849431" lon="7.740945">
        <ele>1863.6</ele>
      </trkpt>
      <trkpt lat="45.849455" lon="7.740941">
        <ele>1864.2</ele>
      </trkpt>
      <trkpt lat="45.849476" lon="7.740938">
        <ele>1864.9</ele>
      </trkpt>
      <trkpt lat="45.849495" lon="7.740936">
        <ele>1865.6</ele>
      </trkpt>
      <trkpt lat="45.849508" lon="7.740934">
        <ele>1866.1</ele>
      </trkpt>
      <trkpt lat="45.849524" lon="7.740934">
        <ele>1866.8</ele>
      </trkpt>
      <trkpt lat="45.849541" lon="7.74093">
        <ele>1867.4</ele>
      </trkpt>
      <trkpt lat="45.849554" lon="7.740926">
        <ele>1867.8</ele>
      </trkpt>
      <trkpt lat="45.849559" lon="7.740928">
        <ele>1868.2</ele>
      </trkpt>
      <trkpt lat="45.849553" lon="7.740939">
        <ele>1868.6</ele>
      </trkpt>
      <trkpt lat="45.849541" lon="7.740957">
        <ele>1869.1</ele>
      </trkpt>
      <trkpt lat="45.849527" lon="7.740978">
        <ele>1869.7</ele>
      </trkpt>
      <trkpt lat="45.849513" lon="7.741003">
        <ele>1870.6</ele>
      </trkpt>
      <trkpt lat="45.849499" lon="7.741026">
        <ele>1871.4</ele>
      </trkpt>
      <trkpt lat="45.849487" lon="7.741047">
        <ele>1872.3</ele>
      </trkpt>
      <trkpt lat="45.849473" lon="7.74107">
        <ele>1873.2</ele>
      </trkpt>
      <trkpt lat="45.849461" lon="7.741091">
        <ele>1874.1</ele>
      </trkpt>
      <trkpt lat="45.849447" lon="7.741117">
        <ele>1875.2</ele>
      </trkpt>
      <trkpt lat="45.849432" lon="7.741149">
        <ele>1876.5</ele>
      </trkpt>
      <trkpt lat="45.849416" lon="7.74118">
        <ele>1877.8</ele>
      </trkpt>
      <trkpt lat="45.849398" lon="7.741211">
        <ele>1878.8</ele>
      </trkpt>
      <trkpt lat="45.849381" lon="7.741238">
        <ele>1879.8</ele>
      </trkpt>
      <trkpt lat="45.84937" lon="7.741275">
        <ele>1881.4</ele>
      </trkpt>
      <trkpt lat="45.849359" lon="7.741301">
        <ele>1882.5</ele>
      </trkpt>
      <trkpt lat="45.849348" lon="7.741329">
        <ele>1883.7</ele>
      </trkpt>
      <trkpt lat="45.849335" lon="7.741363">
        <ele>1885.1</ele>
      </trkpt>
      <trkpt lat="45.849323" lon="7.74139">
        <ele>1886.3</ele>
      </trkpt>
      <trkpt lat="45.84932" lon="7.741405">
        <ele>1887.0</ele>
      </trkpt>
      <trkpt lat="45.849325" lon="7.741415">
        <ele>1887.4</ele>
      </trkpt>
      <trkpt lat="45.84934" lon="7.74142">
        <ele>1887.6</ele>
      </trkpt>
      <trkpt lat="45.849363" lon="7.741434">
        <ele>1888.4</ele>
      </trkpt>
      <trkpt lat="45.849376" lon="7.741443">
        <ele>1889.0</ele>
      </trkpt>
      <trkpt lat="45.849399" lon="7.741458">
        <ele>1890.2</ele>
      </trkpt>
      <trkpt lat="45.849413" lon="7.741465">
        <ele>1890.9</ele>
      </trkpt>
      <trkpt lat="45.849417" lon="7.741474">
        <ele>1891.4</ele>
      </trkpt>
      <trkpt lat="45.849422" lon="7.741499">
        <ele>1892.5</ele>
      </trkpt>
      <trkpt lat="45.849427" lon="7.741522">
        <ele>1893.5</ele>
      </trkpt>
      <trkpt lat="45.849435" lon="7.74155">
        <ele>1894.7</ele>
      </trkpt>
      <trkpt lat="45.849446" lon="7.741574">
        <ele>1895.9</ele>
      </trkpt>
      <trkpt lat="45.849511" lon="7.741859">
        <ele>1904.2</ele>
      </trkpt>
      <trkpt lat="45.849467" lon="7.742176">
        <ele>1908.8</ele>
      </trkpt>
      <trkpt lat="45.849428" lon="7.742583">
        <ele>1914.3</ele>
      </trkpt>
      <trkpt lat="45.849433" lon="7.742966">
        <ele>1921.4</ele>
      </trkpt>
      <trkpt lat="45.849473" lon="7.743334">
        <ele>1930.2</ele>
      </trkpt>
      <trkpt lat="45.849518" lon="7.743542">
        <ele>1933.5</ele>
      </trkpt>
      <trkpt lat="45.849589" lon="7.743846">
        <ele>1937.6</ele>
      </trkpt>
      <trkpt lat="45.84957" lon="7.744061">
        <ele>1939.1</ele>
      </trkpt>
      <trkpt lat="45.849537" lon="7.744244">
        <ele>1942.8</ele>
      </trkpt>
      <trkpt lat="45.849489" lon="7.744327">
        <ele>1945.7</ele>
      </trkpt>
      <trkpt lat="45.849422" lon="7.744352">
        <ele>1946.8</ele>
      </trkpt>
      <trkpt lat="45.849281" lon="7.744386">
        <ele>1948.2</ele>
      </trkpt>
      <trkpt lat="45.849148" lon="7.744404">
        <ele>1948.6</ele>
      </trkpt>
      <trkpt lat="45.849059" lon="7.744414">
        <ele>1948.7</ele>
      </trkpt>
      <trkpt lat="45.848974" lon="7.744474">
        <ele>1949.0</ele>
      </trkpt>
      <trkpt lat="45.848891" lon="7.744614">
        <ele>1949.5</ele>
      </trkpt>
      <trkpt lat="45.848916" lon="7.744644">
        <ele>1950.1</ele>
      </trkpt>
      <trkpt lat="45.848946" lon="7.74468">
        <ele>1950.9</ele>
      </trkpt>
      <trkpt lat="45.848971" lon="7.74471">
        <ele>1951.5</ele>
      </trkpt>
      <trkpt lat="45.849003" lon="7.744685">
        <ele>1951.8</ele>
      </trkpt>
      <trkpt lat="45.849027" lon="7.744674">
        <ele>1952.1</ele>
      </trkpt>
      <trkpt lat="45.849068" lon="7.744699">
        <ele>1953.2</ele>
      </trkpt>
      <trkpt lat="45.849089" lon="7.744735">
        <ele>1954.1</ele>
      </trkpt>
      <trkpt lat="45.849086" lon="7.7448">
        <ele>1954.6</ele>
      </trkpt>
      <trkpt lat="45.84913" lon="7.74486">
        <ele>1956.2</ele>
      </trkpt>
      <trkpt lat="45.849191" lon="7.744889">
        <ele>1958.1</ele>
      </trkpt>
      <trkpt lat="45.849288" lon="7.744861">
        <ele>1960.9</ele>
      </trkpt>
      <trkpt lat="45.849355" lon="7.744847">
        <ele>1962.6</ele>
      </trkpt>
      <trkpt lat="45.849464" lon="7.744974">
        <ele>1966.5</ele>
      </trkpt>
      <trkpt lat="45.849506" lon="7.744991">
        <ele>1968.2</ele>
      </trkpt>
      <trkpt lat="45.849548" lon="7.74497">
        <ele>1969.9</ele>
      </trkpt>
      <trkpt lat="45.849621" lon="7.744897">
        <ele>1972.0</ele>
      </trkpt>
      <trkpt lat="45.84973" lon="7.744838">
        <ele>1972.9</ele>
      </trkpt>
      <trkpt lat="45.849884" lon="7.744777">
        <ele>1974.5</ele>
      </trkpt>
      <trkpt lat="45.850029" lon="7.744693">
        <ele>1974.4</ele>
      </trkpt>
      <trkpt lat="45.850251" lon="7.744683">
        <ele>1979.7</ele>
      </trkpt>
      <trkpt lat="45.850302" lon="7.744626">
        <ele>1980.3</ele>
      </trkpt>
      <trkpt lat="45.850352" lon="7.744534">
        <ele>1981.4</ele>
      </trkpt>
      <trkpt lat="45.850415" lon="7.744428">
        <ele>1983.7</ele>
      </trkpt>
      <trkpt lat="45.850421" lon="7.74425">
        <ele>1983.6</ele>
      </trkpt>
      <trkpt lat="45.850434" lon="7.744001">
        <ele>1984.9</ele>
      </trkpt>
      <trkpt lat="45.850452" lon="7.743922">
        <ele>1986.3</ele>
      </trkpt>
      <trkpt lat="45.850477" lon="7.743852">
        <ele>1987.8</ele>
      </trkpt>
      <trkpt lat="45.850605" lon="7.743753">
        <ele>1991.1</ele>
      </trkpt>
      <trkpt lat="45.850658" lon="7.743713">
        <ele>1992.3</ele>
      </trkpt>
      <trkpt lat="45.850703" lon="7.743645">
        <ele>1993.4</ele>
      </trkpt>
      <trkpt lat="45.850768" lon="7.743492">
        <ele>1995.8</ele>
      </trkpt>
      <trkpt lat="45.850842" lon="7.743333">
        <ele>1998.6</ele>
      </trkpt>
      <trkpt lat="45.851005" lon="7.743118">
        <ele>2001.1</ele>
      </trkpt>
      <trkpt lat="45.851166" lon="7.74294">
        <ele>2003.1</ele>
      </trkpt>
      <trkpt lat="45.851286" lon="7.742859">
        <ele>2004.5</ele>
      </trkpt>
      <trkpt lat="45.851358" lon="7.742844">
        <ele>2005.4</ele>
      </trkpt>
      <trkpt lat="45.851439" lon="7.742873">
        <ele>2005.0</ele>
      </trkpt>
      <trkpt lat="45.851633" lon="7.743022">
        <ele>2005.4</ele>
      </trkpt>
      <trkpt lat="45.851691" lon="7.743068">
        <ele>2006.5</ele>
      </trkpt>
      <trkpt lat="45.851752" lon="7.74308">
        <ele>2006.9</ele>
      </trkpt>
      <trkpt lat="45.851902" lon="7.743042">
        <ele>2007.2</ele>
      </trkpt>
      <trkpt lat="45.852068" lon="7.742948">
        <ele>2007.6</ele>
      </trkpt>
      <trkpt lat="45.852131" lon="7.74292">
        <ele>2008.4</ele>
      </trkpt>
      <trkpt lat="45.85218" lon="7.742907">
        <ele>2009.3</ele>
      </trkpt>
      <trkpt lat="45.852218" lon="7.742915">
        <ele>2010.3</ele>
      </trkpt>
      <trkpt lat="45.85227" lon="7.742974">
        <ele>2012.2</ele>
      </trkpt>
      <trkpt lat="45.852114" lon="7.743151">
        <ele>2012.8</ele>
      </trkpt>
      <trkpt lat="45.851862" lon="7.743448">
        <ele>2018.0</ele>
      </trkpt>
      <trkpt lat="45.85161" lon="7.743745">
        <ele>2025.8</ele>
      </trkpt>
      <trkpt lat="45.851433" lon="7.743923">
        <ele>2030.2</ele>
      </trkpt>
      <trkpt lat="45.851369" lon="7.744037">
        <ele>2031.5</ele>
      </trkpt>
      <trkpt lat="45.851359" lon="7.744136">
        <ele>2032.8</ele>
      </trkpt>
      <trkpt lat="45.85138" lon="7.74432">
        <ele>2035.8</ele>
      </trkpt>
      <trkpt lat="45.851443" lon="7.744363">
        <ele>2038.1</ele>
      </trkpt>
      <trkpt lat="45.851505" lon="7.744377">
        <ele>2039.3</ele>
      </trkpt>
      <trkpt lat="45.851603" lon="7.744393">
        <ele>2041.3</ele>
      </trkpt>
      <trkpt lat="45.851894" lon="7.744413">
        <ele>2047.4</ele>
      </trkpt>
      <trkpt lat="45.852084" lon="7.744432">
        <ele>2050.0</ele>
      </trkpt>
      <trkpt lat="45.852101" lon="7.744459">
        <ele>2050.8</ele>
        <name>Ristoro Alpe Taconet - Rifugio Paradisia, Ayas</name>
        <extensions>
          <oa:Extension>
            <oa:mapZoom>18</oa:mapZoom>
          </oa:Extension>
        </extensions>
      </trkpt>
      <trkpt lat="45.852117" lon="7.744485">
        <ele>2051.5</ele>
      </trkpt>
      <trkpt lat="45.852107" lon="7.744556">
        <ele>2053.3</ele>
      </trkpt>
      <trkpt lat="45.852061" lon="7.744604">
        <ele>2054.1</ele>
      </trkpt>
      <trkpt lat="45.852007" lon="7.744667">
        <ele>2055.2</ele>
      </trkpt>
      <trkpt lat="45.851954" lon="7.744782">
        <ele>2056.9</ele>
      </trkpt>
      <trkpt lat="45.8519" lon="7.744921">
        <ele>2058.5</ele>
      </trkpt>
      <trkpt lat="45.851837" lon="7.745146">
        <ele>2061.2</ele>
      </trkpt>
      <trkpt lat="45.85177" lon="7.745439">
        <ele>2064.4</ele>
      </trkpt>
      <trkpt lat="45.851743" lon="7.745549">
        <ele>2065.3</ele>
      </trkpt>
      <trkpt lat="45.851696" lon="7.745875">
        <ele>2068.7</ele>
      </trkpt>
      <trkpt lat="45.851696" lon="7.746139">
        <ele>2073.2</ele>
      </trkpt>
      <trkpt lat="45.851727" lon="7.746273">
        <ele>2075.8</ele>
      </trkpt>
      <trkpt lat="45.851833" lon="7.746326">
        <ele>2078.6</ele>
      </trkpt>
      <trkpt lat="45.851957" lon="7.746302">
        <ele>2079.9</ele>
      </trkpt>
      <trkpt lat="45.852124" lon="7.74622">
        <ele>2081.6</ele>
      </trkpt>
      <trkpt lat="45.852196" lon="7.746205">
        <ele>2082.6</ele>
      </trkpt>
      <trkpt lat="45.852264" lon="7.74623">
        <ele>2083.9</ele>
      </trkpt>
      <trkpt lat="45.852304" lon="7.746331">
        <ele>2085.6</ele>
      </trkpt>
      <trkpt lat="45.852304" lon="7.746427">
        <ele>2086.9</ele>
      </trkpt>
      <trkpt lat="45.852274" lon="7.746494">
        <ele>2087.5</ele>
      </trkpt>
      <trkpt lat="45.852214" lon="7.746662">
        <ele>2089.4</ele>
      </trkpt>
      <trkpt lat="45.852171" lon="7.74682">
        <ele>2091.9</ele>
      </trkpt>
      <trkpt lat="45.852032" lon="7.746959">
        <ele>2094.7</ele>
      </trkpt>
      <trkpt lat="45.851879" lon="7.747183">
        <ele>2096.8</ele>
      </trkpt>
      <trkpt lat="45.851838" lon="7.747319">
        <ele>2097.6</ele>
        <name>Ristoro Alpe Taconet - Rifugio Paradisia, Ayas</name>
        <extensions>
          <oa:Extension>
            <oa:mapZoom>13</oa:mapZoom>
          </oa:Extension>
        </extensions>
      </trkpt>
      <trkpt lat="45.851795" lon="7.74746">
        <ele>2098.5</ele>
      </trkpt>
      <trkpt lat="45.851803" lon="7.747719">
        <ele>2101.9</ele>
      </trkpt>
      <trkpt lat="45.851812" lon="7.748153">
        <ele>2110.4</ele>
      </trkpt>
      <trkpt lat="45.851749" lon="7.748408">
        <ele>2114.2</ele>
      </trkpt>
      <trkpt lat="45.85177" lon="7.74875">
        <ele>2120.8</ele>
      </trkpt>
      <trkpt lat="45.85169" lon="7.749156">
        <ele>2129.5</ele>
      </trkpt>
      <trkpt lat="45.85167" lon="7.749433">
        <ele>2135.8</ele>
      </trkpt>
      <trkpt lat="45.851645" lon="7.749817">
        <ele>2145.3</ele>
      </trkpt>
      <trkpt lat="45.851532" lon="7.75009">
        <ele>2151.3</ele>
      </trkpt>
      <trkpt lat="45.851294" lon="7.750244">
        <ele>2152.0</ele>
      </trkpt>
      <trkpt lat="45.850973" lon="7.750517">
        <ele>2155.6</ele>
      </trkpt>
      <trkpt lat="45.850741" lon="7.750884">
        <ele>2164.6</ele>
      </trkpt>
      <trkpt lat="45.850504" lon="7.751251">
        <ele>2174.2</ele>
      </trkpt>
      <trkpt lat="45.850441" lon="7.751564">
        <ele>2186.8</ele>
      </trkpt>
      <trkpt lat="45.850402" lon="7.75179">
        <ele>2198.2</ele>
      </trkpt>
      <trkpt lat="45.850307" lon="7.751979">
        <ele>2209.8</ele>
      </trkpt>
      <trkpt lat="45.850105" lon="7.752093">
        <ele>2209.7</ele>
      </trkpt>
      <trkpt lat="45.849948" lon="7.752126">
        <ele>2207.5</ele>
      </trkpt>
      <trkpt lat="45.849778" lon="7.752043">
        <ele>2204.4</ele>
      </trkpt>
      <trkpt lat="45.849732" lon="7.752072">
        <ele>2205.4</ele>
      </trkpt>
      <trkpt lat="45.849704" lon="7.752133">
        <ele>2207.0</ele>
      </trkpt>
      <trkpt lat="45.849679" lon="7.752257">
        <ele>2210.5</ele>
        <name>Lago Ciarcerio - Belvedere, Ayas</name>
        <extensions>
          <oa:Extension>
            <oa:mapZoom>16</oa:mapZoom>
          </oa:Extension>
        </extensions>
      </trkpt>
      <trkpt lat="45.849668" lon="7.752311">
        <ele>2212.0</ele>
      </trkpt>
      <trkpt lat="45.849645" lon="7.752422">
        <ele>2215.4</ele>
      </trkpt>
      <trkpt lat="45.849602" lon="7.75254">
        <ele>2216.5</ele>
      </trkpt>
      <trkpt lat="45.849515" lon="7.752729">
        <ele>2214.1</ele>
      </trkpt>
      <trkpt lat="45.849362" lon="7.752877">
        <ele>2213.9</ele>
      </trkpt>
      <trkpt lat="45.849292" lon="7.752981">
        <ele>2214.6</ele>
      </trkpt>
      <trkpt lat="45.849213" lon="7.753121">
        <ele>2215.9</ele>
      </trkpt>
      <trkpt lat="45.849178" lon="7.753201">
        <ele>2216.0</ele>
      </trkpt>
      <trkpt lat="45.849168" lon="7.75329">
        <ele>2215.9</ele>
      </trkpt>
      <trkpt lat="45.849215" lon="7.753512">
        <ele>2213.1</ele>
      </trkpt>
      <trkpt lat="45.849302" lon="7.753763">
        <ele>2211.6</ele>
      </trkpt>
      <trkpt lat="45.849362" lon="7.753989">
        <ele>2214.1</ele>
      </trkpt>
      <trkpt lat="45.849394" lon="7.75431">
        <ele>2218.6</ele>
      </trkpt>
      <trkpt lat="45.84936" lon="7.754548">
        <ele>2217.9</ele>
      </trkpt>
      <trkpt lat="45.849288" lon="7.754744">
        <ele>2216.4</ele>
      </trkpt>
      <trkpt lat="45.849202" lon="7.754949">
        <ele>2218.1</ele>
      </trkpt>
      <trkpt lat="45.849139" lon="7.755164">
        <ele>2220.4</ele>
      </trkpt>
      <trkpt lat="45.849063" lon="7.755371">
        <ele>2222.2</ele>
      </trkpt>
      <trkpt lat="45.848936" lon="7.755713">
        <ele>2224.5</ele>
      </trkpt>
      <trkpt lat="45.849002" lon="7.756144">
        <ele>2227.4</ele>
      </trkpt>
      <trkpt lat="45.849084" lon="7.756456">
        <ele>2229.8</ele>
      </trkpt>
      <trkpt lat="45.849211" lon="7.757072">
        <ele>2233.4</ele>
      </trkpt>
      <trkpt lat="45.849339" lon="7.757689">
        <ele>2238.2</ele>
      </trkpt>
      <trkpt lat="45.849396" lon="7.758125">
        <ele>2241.2</ele>
      </trkpt>
      <trkpt lat="45.849381" lon="7.758299">
        <ele>2242.1</ele>
      </trkpt>
      <trkpt lat="45.849335" lon="7.758436">
        <ele>2242.5</ele>
      </trkpt>
      <trkpt lat="45.849246" lon="7.758614">
        <ele>2243.1</ele>
      </trkpt>
      <trkpt lat="45.849216" lon="7.758735">
        <ele>2243.8</ele>
      </trkpt>
      <trkpt lat="45.849196" lon="7.758873">
        <ele>2244.3</ele>
      </trkpt>
      <trkpt lat="45.849139" lon="7.759006">
        <ele>2244.9</ele>
      </trkpt>
      <trkpt lat="45.849244" lon="7.75932">
        <ele>2250.1</ele>
      </trkpt>
      <trkpt lat="45.8493" lon="7.759743">
        <ele>2258.4</ele>
      </trkpt>
      <trkpt lat="45.849469" lon="7.760227">
        <ele>2269.0</ele>
      </trkpt>
      <trkpt lat="45.849471" lon="7.760375">
        <ele>2270.4</ele>
      </trkpt>
      <trkpt lat="45.849488" lon="7.76067">
        <ele>2272.6</ele>
      </trkpt>
      <trkpt lat="45.84949" lon="7.761167">
        <ele>2278.4</ele>
      </trkpt>
      <trkpt lat="45.849489" lon="7.761586">
        <ele>2285.0</ele>
      </trkpt>
      <trkpt lat="45.849486" lon="7.761861">
        <ele>2289.6</ele>
      </trkpt>
      <trkpt lat="45.84949" lon="7.76214">
        <ele>2293.9</ele>
      </trkpt>
      <trkpt lat="45.84949" lon="7.762423">
        <ele>2298.6</ele>
      </trkpt>
      <trkpt lat="45.849501" lon="7.762726">
        <ele>2301.9</ele>
      </trkpt>
      <trkpt lat="45.849551" lon="7.76317">
        <ele>2306.4</ele>
      </trkpt>
      <trkpt lat="45.849741" lon="7.763361">
        <ele>2309.8</ele>
      </trkpt>
      <trkpt lat="45.849826" lon="7.763564">
        <ele>2315.2</ele>
      </trkpt>
      <trkpt lat="45.850006" lon="7.763755">
        <ele>2319.6</ele>
      </trkpt>
      <trkpt lat="45.850041" lon="7.763826">
        <ele>2321.5</ele>
      </trkpt>
      <trkpt lat="45.850105" lon="7.763958">
        <ele>2323.9</ele>
        <name>Contenéry, Ayas</name>
        <extensions>
          <oa:Extension>
            <oa:mapZoom>16</oa:mapZoom>
          </oa:Extension>
        </extensions>
      </trkpt>
      <trkpt lat="45.850205" lon="7.764162">
        <ele>2327.7</ele>
      </trkpt>
      <trkpt lat="45.850318" lon="7.764543">
        <ele>2331.1</ele>
      </trkpt>
      <trkpt lat="45.850446" lon="7.764924">
        <ele>2337.4</ele>
      </trkpt>
      <trkpt lat="45.850402" lon="7.765182">
        <ele>2338.4</ele>
      </trkpt>
      <trkpt lat="45.850345" lon="7.765233">
        <ele>2339.9</ele>
      </trkpt>
      <trkpt lat="45.850462" lon="7.765413">
        <ele>2341.9</ele>
      </trkpt>
      <trkpt lat="45.850587" lon="7.765613">
        <ele>2344.7</ele>
      </trkpt>
      <trkpt lat="45.850678" lon="7.765599">
        <ele>2343.8</ele>
      </trkpt>
      <trkpt lat="45.850693" lon="7.765759">
        <ele>2346.6</ele>
      </trkpt>
      <trkpt lat="45.850746" lon="7.765968">
        <ele>2350.2</ele>
      </trkpt>
      <trkpt lat="45.850834" lon="7.766163">
        <ele>2354.2</ele>
      </trkpt>
      <trkpt lat="45.850892" lon="7.766379">
        <ele>2358.4</ele>
      </trkpt>
      <trkpt lat="45.850926" lon="7.766518">
        <ele>2360.9</ele>
      </trkpt>
      <trkpt lat="45.850928" lon="7.76664">
        <ele>2362.6</ele>
      </trkpt>
      <trkpt lat="45.851004" lon="7.766782">
        <ele>2366.2</ele>
      </trkpt>
      <trkpt lat="45.851025" lon="7.766911">
        <ele>2368.8</ele>
      </trkpt>
      <trkpt lat="45.850996" lon="7.767015">
        <ele>2370.0</ele>
      </trkpt>
      <trkpt lat="45.850999" lon="7.767137">
        <ele>2371.3</ele>
      </trkpt>
      <trkpt lat="45.851059" lon="7.767266">
        <ele>2373.6</ele>
      </trkpt>
      <trkpt lat="45.851132" lon="7.767366">
        <ele>2376.9</ele>
      </trkpt>
      <trkpt lat="45.851178" lon="7.767558">
        <ele>2379.8</ele>
      </trkpt>
      <trkpt lat="45.851234" lon="7.767781">
        <ele>2382.7</ele>
      </trkpt>
      <trkpt lat="45.85129" lon="7.767951">
        <ele>2384.2</ele>
      </trkpt>
      <trkpt lat="45.851266" lon="7.768203">
        <ele>2386.6</ele>
      </trkpt>
      <trkpt lat="45.851213" lon="7.768492">
        <ele>2391.9</ele>
      </trkpt>
      <trkpt lat="45.851015" lon="7.768475">
        <ele>2397.5</ele>
      </trkpt>
      <trkpt lat="45.851067" lon="7.768736">
        <ele>2403.9</ele>
      </trkpt>
      <trkpt lat="45.851026" lon="7.768815">
        <ele>2408.9</ele>
      </trkpt>
      <trkpt lat="45.85089" lon="7.768792">
        <ele>2414.1</ele>
      </trkpt>
      <trkpt lat="45.850892" lon="7.768932">
        <ele>2418.7</ele>
      </trkpt>
      <trkpt lat="45.851028" lon="7.769135">
        <ele>2422.7</ele>
      </trkpt>
      <trkpt lat="45.851038" lon="7.769295">
        <ele>2427.2</ele>
      </trkpt>
      <trkpt lat="45.850989" lon="7.769455">
        <ele>2434.1</ele>
      </trkpt>
      <trkpt lat="45.850868" lon="7.769525">
        <ele>2440.0</ele>
      </trkpt>
      <trkpt lat="45.850815" lon="7.769643">
        <ele>2444.1</ele>
      </trkpt>
      <trkpt lat="45.850856" lon="7.769821">
        <ele>2448.7</ele>
      </trkpt>
      <trkpt lat="45.850924" lon="7.770082">
        <ele>2458.0</ele>
      </trkpt>
      <trkpt lat="45.850979" lon="7.770245">
        <ele>2462.6</ele>
      </trkpt>
      <trkpt lat="45.851064" lon="7.770506">
        <ele>2464.9</ele>
      </trkpt>
      <trkpt lat="45.851019" lon="7.770645">
        <ele>2468.3</ele>
      </trkpt>
      <trkpt lat="45.851017" lon="7.770984">
        <ele>2473.0</ele>
      </trkpt>
      <trkpt lat="45.851063" lon="7.771241">
        <ele>2475.4</ele>
      </trkpt>
      <trkpt lat="45.851057" lon="7.771466">
        <ele>2475.9</ele>
      </trkpt>
      <trkpt lat="45.851177" lon="7.771683">
        <ele>2476.7</ele>
      </trkpt>
      <trkpt lat="45.851188" lon="7.771896">
        <ele>2478.8</ele>
      </trkpt>
      <trkpt lat="45.851232" lon="7.772134">
        <ele>2478.4</ele>
      </trkpt>
      <trkpt lat="45.851216" lon="7.77234">
        <ele>2478.0</ele>
      </trkpt>
      <trkpt lat="45.851218" lon="7.772412">
        <ele>2477.9</ele>
      </trkpt>
      <trkpt lat="45.8511" lon="7.77271">
        <ele>2479.4</ele>
      </trkpt>
      <trkpt lat="45.850986" lon="7.773022">
        <ele>2488.5</ele>
      </trkpt>
      <trkpt lat="45.850982" lon="7.773147">
        <ele>2492.0</ele>
      </trkpt>
      <trkpt lat="45.850982" lon="7.773356">
        <ele>2494.3</ele>
      </trkpt>
      <trkpt lat="45.850985" lon="7.773397">
        <ele>2494.8</ele>
        <name>Vallone di Contenery, Ayas</name>
        <extensions>
          <oa:Extension>
            <oa:mapZoom>17</oa:mapZoom>
          </oa:Extension>
        </extensions>
      </trkpt>
      <trkpt lat="45.850994" lon="7.7735">
        <ele>2495.9</ele>
      </trkpt>
      <trkpt lat="45.850973" lon="7.773661">
        <ele>2499.5</ele>
      </trkpt>
      <trkpt lat="45.850923" lon="7.773745">
        <ele>2503.3</ele>
      </trkpt>
      <trkpt lat="45.850946" lon="7.773889">
        <ele>2507.0</ele>
      </trkpt>
      <trkpt lat="45.85092" lon="7.774055">
        <ele>2511.7</ele>
      </trkpt>
      <trkpt lat="45.850766" lon="7.77408">
        <ele>2515.3</ele>
      </trkpt>
      <trkpt lat="45.850665" lon="7.774179">
        <ele>2518.5</ele>
      </trkpt>
      <trkpt lat="45.850616" lon="7.774312">
        <ele>2521.2</ele>
      </trkpt>
      <trkpt lat="45.85057" lon="7.774398">
        <ele>2523.7</ele>
      </trkpt>
      <trkpt lat="45.85054" lon="7.774532">
        <ele>2527.4</ele>
      </trkpt>
      <trkpt lat="45.850506" lon="7.77461">
        <ele>2529.6</ele>
      </trkpt>
      <trkpt lat="45.850468" lon="7.774726">
        <ele>2532.2</ele>
      </trkpt>
      <trkpt lat="45.850394" lon="7.774869">
        <ele>2535.7</ele>
      </trkpt>
      <trkpt lat="45.850375" lon="7.774969">
        <ele>2537.7</ele>
      </trkpt>
      <trkpt lat="45.850346" lon="7.775125">
        <ele>2540.7</ele>
      </trkpt>
      <trkpt lat="45.850342" lon="7.775275">
        <ele>2542.7</ele>
      </trkpt>
      <trkpt lat="45.850347" lon="7.775439">
        <ele>2544.0</ele>
      </trkpt>
      <trkpt lat="45.85039" lon="7.77561">
        <ele>2544.9</ele>
      </trkpt>
      <trkpt lat="45.850497" lon="7.775817">
        <ele>2544.1</ele>
      </trkpt>
      <trkpt lat="45.850575" lon="7.775917">
        <ele>2543.1</ele>
      </trkpt>
      <trkpt lat="45.85062" lon="7.775955">
        <ele>2543.2</ele>
      </trkpt>
      <trkpt lat="45.850666" lon="7.776161">
        <ele>2545.3</ele>
      </trkpt>
      <trkpt lat="45.850817" lon="7.776434">
        <ele>2548.4</ele>
      </trkpt>
      <trkpt lat="45.85087" lon="7.77655">
        <ele>2552.6</ele>
      </trkpt>
      <trkpt lat="45.850757" lon="7.776627">
        <ele>2554.9</ele>
      </trkpt>
      <trkpt lat="45.850761" lon="7.77682">
        <ele>2563.1</ele>
      </trkpt>
      <trkpt lat="45.850688" lon="7.777002">
        <ele>2567.9</ele>
      </trkpt>
      <trkpt lat="45.850635" lon="7.777116">
        <ele>2570.4</ele>
      </trkpt>
      <trkpt lat="45.850626" lon="7.777192">
        <ele>2572.0</ele>
      </trkpt>
      <trkpt lat="45.850613" lon="7.777222">
        <ele>2572.4</ele>
        <name>45.850613,7.777222</name>
        <extensions>
          <oa:Extension>
            <oa:mapZoom>16</oa:mapZoom>
          </oa:Extension>
        </extensions>
      </trkpt>
      <trkpt lat="45.850581" lon="7.777292">
        <ele>2573.4</ele>
      </trkpt>
      <trkpt lat="45.850542" lon="7.777332">
        <ele>2573.4</ele>
      </trkpt>
      <trkpt lat="45.850494" lon="7.777425">
        <ele>2573.5</ele>
      </trkpt>
      <trkpt lat="45.850453" lon="7.777572">
        <ele>2575.3</ele>
      </trkpt>
      <trkpt lat="45.850428" lon="7.777691">
        <ele>2579.0</ele>
      </trkpt>
      <trkpt lat="45.850409" lon="7.777766">
        <ele>2580.8</ele>
      </trkpt>
      <trkpt lat="45.850395" lon="7.777897">
        <ele>2582.2</ele>
      </trkpt>
      <trkpt lat="45.85039" lon="7.777997">
        <ele>2582.8</ele>
      </trkpt>
      <trkpt lat="45.850381" lon="7.778049">
        <ele>2583.3</ele>
      </trkpt>
      <trkpt lat="45.850391" lon="7.778138">
        <ele>2584.9</ele>
      </trkpt>
      <trkpt lat="45.850384" lon="7.778231">
        <ele>2586.9</ele>
      </trkpt>
      <trkpt lat="45.850384" lon="7.778314">
        <ele>2589.0</ele>
      </trkpt>
      <trkpt lat="45.850399" lon="7.778398">
        <ele>2590.9</ele>
      </trkpt>
      <trkpt lat="45.850439" lon="7.778491">
        <ele>2592.2</ele>
      </trkpt>
      <trkpt lat="45.8505" lon="7.7786">
        <ele>2593.2</ele>
      </trkpt>
      <trkpt lat="45.850447" lon="7.7787">
        <ele>2597.1</ele>
      </trkpt>
      <trkpt lat="45.850433" lon="7.778813">
        <ele>2600.4</ele>
      </trkpt>
      <trkpt lat="45.850435" lon="7.778952">
        <ele>2604.1</ele>
      </trkpt>
      <trkpt lat="45.850472" lon="7.779066">
        <ele>2605.1</ele>
      </trkpt>
      <trkpt lat="45.850458" lon="7.77918">
        <ele>2608.4</ele>
      </trkpt>
      <trkpt lat="45.850459" lon="7.779245">
        <ele>2609.6</ele>
      </trkpt>
      <trkpt lat="45.850483" lon="7.779367">
        <ele>2609.9</ele>
      </trkpt>
      <trkpt lat="45.850541" lon="7.779451">
        <ele>2607.2</ele>
      </trkpt>
      <trkpt lat="45.85058" lon="7.779566">
        <ele>2605.2</ele>
      </trkpt>
      <trkpt lat="45.850557" lon="7.779658">
        <ele>2606.3</ele>
      </trkpt>
      <trkpt lat="45.850501" lon="7.779733">
        <ele>2608.6</ele>
      </trkpt>
      <trkpt lat="45.850453" lon="7.779853">
        <ele>2611.5</ele>
      </trkpt>
      <trkpt lat="45.850422" lon="7.779929">
        <ele>2614.4</ele>
      </trkpt>
      <trkpt lat="45.850387" lon="7.779972">
        <ele>2616.7</ele>
      </trkpt>
      <trkpt lat="45.850329" lon="7.780073">
        <ele>2621.0</ele>
      </trkpt>
      <trkpt lat="45.850255" lon="7.780184">
        <ele>2626.1</ele>
      </trkpt>
      <trkpt lat="45.850113" lon="7.780284">
        <ele>2631.1</ele>
      </trkpt>
      <trkpt lat="45.850079" lon="7.780483">
        <ele>2637.7</ele>
      </trkpt>
      <trkpt lat="45.85001" lon="7.780535">
        <ele>2637.2</ele>
      </trkpt>
      <trkpt lat="45.849901" lon="7.780767">
        <ele>2641.6</ele>
      </trkpt>
      <trkpt lat="45.849882" lon="7.780809">
        <ele>2642.7</ele>
      </trkpt>
      <trkpt lat="45.849856" lon="7.780995">
        <ele>2648.8</ele>
      </trkpt>
      <trkpt lat="45.849867" lon="7.781175">
        <ele>2654.5</ele>
      </trkpt>
      <trkpt lat="45.849898" lon="7.781325">
        <ele>2658.9</ele>
      </trkpt>
      <trkpt lat="45.849898" lon="7.781459">
        <ele>2662.6</ele>
      </trkpt>
      <trkpt lat="45.849912" lon="7.781566">
        <ele>2665.3</ele>
      </trkpt>
      <trkpt lat="45.849913" lon="7.781661">
        <ele>2667.8</ele>
      </trkpt>
      <trkpt lat="45.849924" lon="7.78178">
        <ele>2671.0</ele>
      </trkpt>
      <trkpt lat="45.849979" lon="7.78185">
        <ele>2673.2</ele>
      </trkpt>
      <trkpt lat="45.849999" lon="7.78192">
        <ele>2675.5</ele>
      </trkpt>
      <trkpt lat="45.849996" lon="7.781992">
        <ele>2677.3</ele>
      </trkpt>
      <trkpt lat="45.850007" lon="7.782082">
        <ele>2679.6</ele>
      </trkpt>
      <trkpt lat="45.85003" lon="7.78216">
        <ele>2681.9</ele>
      </trkpt>
      <trkpt lat="45.850041" lon="7.782226">
        <ele>2683.9</ele>
      </trkpt>
      <trkpt lat="45.85002" lon="7.782385">
        <ele>2686.5</ele>
      </trkpt>
      <trkpt lat="45.850003" lon="7.782548">
        <ele>2688.2</ele>
      </trkpt>
      <trkpt lat="45.849965" lon="7.782694">
        <ele>2687.6</ele>
      </trkpt>
      <trkpt lat="45.85002" lon="7.782777">
        <ele>2682.7</ele>
      </trkpt>
      <trkpt lat="45.85004" lon="7.782903">
        <ele>2672.7</ele>
      </trkpt>
      <trkpt lat="45.849995" lon="7.782984">
        <ele>2669.1</ele>
      </trkpt>
      <trkpt lat="45.849991" lon="7.783107">
        <ele>2663.9</ele>
      </trkpt>
      <trkpt lat="45.850025" lon="7.783157">
        <ele>2660.9</ele>
      </trkpt>
      <trkpt lat="45.850046" lon="7.78326">
        <ele>2656.1</ele>
      </trkpt>
      <trkpt lat="45.850115" lon="7.78336">
        <ele>2651.3</ele>
      </trkpt>
      <trkpt lat="45.850127" lon="7.783431">
        <ele>2648.5</ele>
      </trkpt>
      <trkpt lat="45.850167" lon="7.783537">
        <ele>2644.8</ele>
      </trkpt>
      <trkpt lat="45.850189" lon="7.783604">
        <ele>2642.7</ele>
      </trkpt>
      <trkpt lat="45.850244" lon="7.783705">
        <ele>2640.8</ele>
      </trkpt>
      <trkpt lat="45.850255" lon="7.783737">
        <ele>2640.3</ele>
      </trkpt>
      <trkpt lat="45.850278" lon="7.78382">
        <ele>2638.5</ele>
      </trkpt>
      <trkpt lat="45.850303" lon="7.783956">
        <ele>2635.3</ele>
      </trkpt>
      <trkpt lat="45.850333" lon="7.78404">
        <ele>2634.5</ele>
      </trkpt>
      <trkpt lat="45.850393" lon="7.784175">
        <ele>2634.2</ele>
      </trkpt>
      <trkpt lat="45.850444" lon="7.78429">
        <ele>2633.9</ele>
      </trkpt>
      <trkpt lat="45.850469" lon="7.784482">
        <ele>2633.6</ele>
      </trkpt>
      <trkpt lat="45.850507" lon="7.784608">
        <ele>2634.0</ele>
      </trkpt>
      <trkpt lat="45.850507" lon="7.784668">
        <ele>2634.4</ele>
      </trkpt>
      <trkpt lat="45.850527" lon="7.784707">
        <ele>2634.3</ele>
      </trkpt>
      <trkpt lat="45.85054" lon="7.784773">
        <ele>2634.2</ele>
      </trkpt>
      <trkpt lat="45.850523" lon="7.784846">
        <ele>2634.7</ele>
      </trkpt>
      <trkpt lat="45.850559" lon="7.784927">
        <ele>2634.1</ele>
      </trkpt>
      <trkpt lat="45.850568" lon="7.785006">
        <ele>2634.1</ele>
      </trkpt>
      <trkpt lat="45.850542" lon="7.78514">
        <ele>2634.2</ele>
      </trkpt>
      <trkpt lat="45.850598" lon="7.785226">
        <ele>2634.4</ele>
      </trkpt>
      <trkpt lat="45.850583" lon="7.785354">
        <ele>2634.1</ele>
      </trkpt>
      <trkpt lat="45.850629" lon="7.785438">
        <ele>2635.7</ele>
      </trkpt>
      <trkpt lat="45.850633" lon="7.785683">
        <ele>2633.1</ele>
      </trkpt>
      <trkpt lat="45.850594" lon="7.7859">
        <ele>2630.4</ele>
      </trkpt>
      <trkpt lat="45.850486" lon="7.786061">
        <ele>2628.6</ele>
      </trkpt>
      <trkpt lat="45.850315" lon="7.786128">
        <ele>2627.7</ele>
      </trkpt>
      <trkpt lat="45.850338" lon="7.786178">
        <ele>2628.0</ele>
      </trkpt>
      <trkpt lat="45.850327" lon="7.786267">
        <ele>2627.9</ele>
      </trkpt>
      <trkpt lat="45.850292" lon="7.786356">
        <ele>2626.7</ele>
      </trkpt>
      <trkpt lat="45.850256" lon="7.786481">
        <ele>2623.8</ele>
      </trkpt>
      <trkpt lat="45.850331" lon="7.786556">
        <ele>2623.7</ele>
      </trkpt>
      <trkpt lat="45.850373" lon="7.786711">
        <ele>2618.1</ele>
      </trkpt>
      <trkpt lat="45.850471" lon="7.786816">
        <ele>2612.6</ele>
      </trkpt>
      <trkpt lat="45.85058" lon="7.786908">
        <ele>2608.9</ele>
      </trkpt>
      <trkpt lat="45.850648" lon="7.786963">
        <ele>2607.3</ele>
      </trkpt>
      <trkpt lat="45.850735" lon="7.787114">
        <ele>2602.2</ele>
      </trkpt>
      <trkpt lat="45.850961" lon="7.787268">
        <ele>2601.8</ele>
      </trkpt>
      <trkpt lat="45.85108" lon="7.787398">
        <ele>2598.9</ele>
      </trkpt>
      <trkpt lat="45.851115" lon="7.787514">
        <ele>2593.4</ele>
      </trkpt>
      <trkpt lat="45.851177" lon="7.787651">
        <ele>2589.1</ele>
      </trkpt>
      <trkpt lat="45.851252" lon="7.787817">
        <ele>2584.2</ele>
      </trkpt>
      <trkpt lat="45.8513" lon="7.787926">
        <ele>2580.6</ele>
      </trkpt>
      <trkpt lat="45.851342" lon="7.787978">
        <ele>2579.8</ele>
      </trkpt>
      <trkpt lat="45.85138" lon="7.78802">
        <ele>2579.5</ele>
      </trkpt>
      <trkpt lat="45.851422" lon="7.788105">
        <ele>2578.4</ele>
      </trkpt>
      <trkpt lat="45.851451" lon="7.788262">
        <ele>2574.1</ele>
      </trkpt>
      <trkpt lat="45.851489" lon="7.788426">
        <ele>2570.9</ele>
      </trkpt>
      <trkpt lat="45.851519" lon="7.788559">
        <ele>2569.7</ele>
      </trkpt>
      <trkpt lat="45.851529" lon="7.788695">
        <ele>2569.9</ele>
      </trkpt>
      <trkpt lat="45.851472" lon="7.788913">
        <ele>2566.5</ele>
      </trkpt>
      <trkpt lat="45.851411" lon="7.789161">
        <ele>2563.3</ele>
      </trkpt>
      <trkpt lat="45.851348" lon="7.789361">
        <ele>2560.1</ele>
      </trkpt>
      <trkpt lat="45.851327" lon="7.789461">
        <ele>2557.6</ele>
      </trkpt>
      <trkpt lat="45.851361" lon="7.789597">
        <ele>2555.7</ele>
      </trkpt>
      <trkpt lat="45.85134" lon="7.789733">
        <ele>2551.5</ele>
      </trkpt>
      <trkpt lat="45.851365" lon="7.789857">
        <ele>2548.6</ele>
      </trkpt>
      <trkpt lat="45.851399" lon="7.789972">
        <ele>2544.3</ele>
      </trkpt>
      <trkpt lat="45.851451" lon="7.790066">
        <ele>2540.2</ele>
      </trkpt>
      <trkpt lat="45.851525" lon="7.790178">
        <ele>2535.8</ele>
      </trkpt>
      <trkpt lat="45.851567" lon="7.790256">
        <ele>2533.2</ele>
      </trkpt>
      <trkpt lat="45.851637" lon="7.790408">
        <ele>2528.4</ele>
      </trkpt>
      <trkpt lat="45.851702" lon="7.790429">
        <ele>2528.3</ele>
      </trkpt>
      <trkpt lat="45.851763" lon="7.790459">
        <ele>2527.0</ele>
      </trkpt>
      <trkpt lat="45.851822" lon="7.790486">
        <ele>2525.6</ele>
      </trkpt>
      <trkpt lat="45.8519" lon="7.790613">
        <ele>2520.4</ele>
      </trkpt>
      <trkpt lat="45.851985" lon="7.790743">
        <ele>2514.9</ele>
      </trkpt>
      <trkpt lat="45.852079" lon="7.790774">
        <ele>2514.4</ele>
      </trkpt>
      <trkpt lat="45.852187" lon="7.790819">
        <ele>2513.6</ele>
      </trkpt>
      <trkpt lat="45.852292" lon="7.790849">
        <ele>2512.8</ele>
      </trkpt>
      <trkpt lat="45.852395" lon="7.790895">
        <ele>2511.2</ele>
      </trkpt>
      <trkpt lat="45.852438" lon="7.790958">
        <ele>2509.2</ele>
      </trkpt>
      <trkpt lat="45.852505" lon="7.790983">
        <ele>2509.3</ele>
      </trkpt>
      <trkpt lat="45.852589" lon="7.79107">
        <ele>2507.3</ele>
      </trkpt>
      <trkpt lat="45.852589" lon="7.791081">
        <ele>2506.9</ele>
        <name>45.852589,7.791081</name>
        <extensions>
          <oa:Extension>
            <oa:mapZoom>18</oa:mapZoom>
          </oa:Extension>
        </extensions>
      </trkpt>
      <trkpt lat="45.853053" lon="7.791265">
        <ele>2509.70407</ele>
      </trkpt>
      <trkpt lat="45.853259" lon="7.791796">
        <ele>2497.02719</ele>
      </trkpt>
      <trkpt lat="45.853177" lon="7.792606">
        <ele>2503.61666</ele>
      </trkpt>
      <trkpt lat="45.853221" lon="7.792836">
        <ele>2499.52532</ele>
      </trkpt>
      <trkpt lat="45.853363" lon="7.79296">
        <ele>2491.13782</ele>
      </trkpt>
      <trkpt lat="45.853546" lon="7.792912">
        <ele>2483.70786</ele>
      </trkpt>
      <trkpt lat="45.853651" lon="7.792981">
        <ele>2475.7335</ele>
      </trkpt>
      <trkpt lat="45.853603" lon="7.793416">
        <ele>2464.29296</ele>
      </trkpt>
      <trkpt lat="45.85398" lon="7.793373">
        <ele>2449.66142</ele>
      </trkpt>
      <trkpt lat="45.854174" lon="7.793201">
        <ele>2443.82127</ele>
      </trkpt>
      <trkpt lat="45.854537" lon="7.79319">
        <ele>2435.24018</ele>
      </trkpt>
      <trkpt lat="45.855019" lon="7.792906">
        <ele>2422.12208</ele>
      </trkpt>
      <trkpt lat="45.855347" lon="7.79281">
        <ele>2414.38535</ele>
      </trkpt>
      <trkpt lat="45.856166" lon="7.792997">
        <ele>2395.28088</ele>
      </trkpt>
      <trkpt lat="45.856401" lon="7.793335">
        <ele>2384.87915</ele>
      </trkpt>
      <trkpt lat="45.856397" lon="7.793866">
        <ele>2367.32107</ele>
      </trkpt>
      <trkpt lat="45.856819" lon="7.793512">
        <ele>2350.08867</ele>
      </trkpt>
      <trkpt lat="45.856793" lon="7.794113">
        <ele>2336.72813</ele>
      </trkpt>
      <trkpt lat="45.856513" lon="7.794762">
        <ele>2319.41858</ele>
      </trkpt>
      <trkpt lat="45.856595" lon="7.794762">
        <ele>2317.8255</ele>
      </trkpt>
      <trkpt lat="45.856401" lon="7.79517">
        <ele>2304.62261</ele>
      </trkpt>
      <trkpt lat="45.85667" lon="7.795208">
        <ele>2298.3383</ele>
      </trkpt>
      <trkpt lat="45.856958" lon="7.795447">
        <ele>2293.2</ele>
        <name>Sant&apos;Anna - Colle Betta, Gressoney-La-Trinité</name>
        <extensions>
          <oa:Extension>
            <oa:mapZoom>18</oa:mapZoom>
          </oa:Extension>
        </extensions>
      </trkpt>
      <trkpt lat="45.856987" lon="7.795455">
        <ele>2292.8</ele>
      </trkpt>
      <trkpt lat="45.857155" lon="7.795374">
        <ele>2291.4</ele>
      </trkpt>
      <trkpt lat="45.857211" lon="7.795472">
        <ele>2286.9</ele>
      </trkpt>
      <trkpt lat="45.85719" lon="7.795567">
        <ele>2283.3</ele>
      </trkpt>
      <trkpt lat="45.857084" lon="7.795648">
        <ele>2283.2</ele>
      </trkpt>
      <trkpt lat="45.857127" lon="7.795699">
        <ele>2279.9</ele>
      </trkpt>
      <trkpt lat="45.857248" lon="7.795677">
        <ele>2276.6</ele>
      </trkpt>
      <trkpt lat="45.857332" lon="7.795556">
        <ele>2279.3</ele>
      </trkpt>
      <trkpt lat="45.857554" lon="7.795573">
        <ele>2275.3</ele>
      </trkpt>
      <trkpt lat="45.857603" lon="7.795678">
        <ele>2275.1</ele>
      </trkpt>
      <trkpt lat="45.857635" lon="7.795787">
        <ele>2275.2</ele>
      </trkpt>
      <trkpt lat="45.857673" lon="7.795926">
        <ele>2274.9</ele>
      </trkpt>
      <trkpt lat="45.857631" lon="7.796031">
        <ele>2274.1</ele>
      </trkpt>
      <trkpt lat="45.85763" lon="7.796094">
        <ele>2273.5</ele>
      </trkpt>
      <trkpt lat="45.857674" lon="7.796521">
        <ele>2273.8</ele>
      </trkpt>
      <trkpt lat="45.857718" lon="7.796947">
        <ele>2273.4</ele>
      </trkpt>
      <trkpt lat="45.857762" lon="7.797092">
        <ele>2272.7</ele>
      </trkpt>
      <trkpt lat="45.857782" lon="7.797069">
        <ele>2273.5</ele>
      </trkpt>
      <trkpt lat="45.857809" lon="7.797064">
        <ele>2274.3</ele>
      </trkpt>
      <trkpt lat="45.85784" lon="7.797078">
        <ele>2275.1</ele>
      </trkpt>
      <trkpt lat="45.857863" lon="7.79712">
        <ele>2275.6</ele>
      </trkpt>
      <trkpt lat="45.857875" lon="7.797169">
        <ele>2276.0</ele>
      </trkpt>
      <trkpt lat="45.857935" lon="7.797488">
        <ele>2279.9</ele>
      </trkpt>
      <trkpt lat="45.85802" lon="7.797908">
        <ele>2284.6</ele>
      </trkpt>
      <trkpt lat="45.858031" lon="7.798017">
        <ele>2285.9</ele>
      </trkpt>
      <trkpt lat="45.858022" lon="7.798433">
        <ele>2289.3</ele>
      </trkpt>
      <trkpt lat="45.858024" lon="7.798544">
        <ele>2290.5</ele>
        <name>Batt, Gressoney-La-Trinité</name>
        <extensions>
          <oa:Extension>
            <oa:mapZoom>18</oa:mapZoom>
          </oa:Extension>
        </extensions>
      </trkpt>
      <trkpt lat="45.858024" lon="7.798552">
        <ele>2290.6</ele>
      </trkpt>
      <trkpt lat="45.857985" lon="7.798605">
        <ele>2290.5</ele>
      </trkpt>
      <trkpt lat="45.85787" lon="7.798918">
        <ele>2290.9</ele>
      </trkpt>
      <trkpt lat="45.857926" lon="7.799219">
        <ele>2291.3</ele>
        <name>Batt, Gressoney-La-Trinité</name>
        <extensions>
          <oa:Extension>
            <oa:mapZoom>18</oa:mapZoom>
          </oa:Extension>
        </extensions>
      </trkpt>
      <trkpt lat="45.857899" lon="7.800046">
        <ele>2274.69548</ele>
      </trkpt>
      <trkpt lat="45.858101" lon="7.800921">
        <ele>2247.2246</ele>
      </trkpt>
      <trkpt lat="45.85822" lon="7.801393">
        <ele>2238.04054</ele>
      </trkpt>
      <trkpt lat="45.858142" lon="7.802074">
        <ele>2225.50256</ele>
      </trkpt>
      <trkpt lat="45.857361" lon="7.802471">
        <ele>2215.95148</ele>
      </trkpt>
      <trkpt lat="45.856961" lon="7.801972">
        <ele>2211.86871</ele>
      </trkpt>
      <trkpt lat="45.856668" lon="7.801184">
        <ele>2208.8</ele>
        <name>Tapis Roulant Sant&apos;Anna 1, Gressoney-La-Trinité</name>
        <extensions>
          <oa:Extension>
            <oa:mapZoom>18</oa:mapZoom>
          </oa:Extension>
        </extensions>
      </trkpt>
      <trkpt lat="45.856666" lon="7.801195">
        <ele>2208.6</ele>
      </trkpt>
      <trkpt lat="45.856589" lon="7.80125">
        <ele>2204.1</ele>
      </trkpt>
      <trkpt lat="45.856507" lon="7.801456">
        <ele>2198.1</ele>
      </trkpt>
      <trkpt lat="45.856369" lon="7.801704">
        <ele>2191.1</ele>
      </trkpt>
      <trkpt lat="45.856221" lon="7.801977">
        <ele>2186.1</ele>
      </trkpt>
      <trkpt lat="45.856086" lon="7.802193">
        <ele>2181.8</ele>
      </trkpt>
      <trkpt lat="45.855959" lon="7.802263">
        <ele>2180.6</ele>
      </trkpt>
      <trkpt lat="45.855952" lon="7.802264">
        <ele>2180.6</ele>
        <name>Tapis Roulant Sant&apos;Anna 1, Gressoney-La-Trinité</name>
        <extensions>
          <oa:Extension>
            <oa:mapZoom>17</oa:mapZoom>
          </oa:Extension>
        </extensions>
      </trkpt>
      <trkpt lat="45.85585" lon="7.802274">
        <ele>2179.3</ele>
      </trkpt>
      <trkpt lat="45.855733" lon="7.802286">
        <ele>2178.0</ele>
      </trkpt>
      <trkpt lat="45.855663" lon="7.802318">
        <ele>2177.3</ele>
      </trkpt>
      <trkpt lat="45.855622" lon="7.802354">
        <ele>2176.8</ele>
      </trkpt>
      <trkpt lat="45.855517" lon="7.802431">
        <ele>2175.4</ele>
      </trkpt>
      <trkpt lat="45.855457" lon="7.802496">
        <ele>2174.6</ele>
      </trkpt>
      <trkpt lat="45.855286" lon="7.802672">
        <ele>2172.7</ele>
      </trkpt>
      <trkpt lat="45.855162" lon="7.802782">
        <ele>2172.1</ele>
      </trkpt>
      <trkpt lat="45.855152" lon="7.802811">
        <ele>2172.0</ele>
      </trkpt>
      <trkpt lat="45.855154" lon="7.802842">
        <ele>2171.8</ele>
      </trkpt>
      <trkpt lat="45.855228" lon="7.803134">
        <ele>2170.4</ele>
      </trkpt>
      <trkpt lat="45.85524" lon="7.803185">
        <ele>2170.3</ele>
      </trkpt>
      <trkpt lat="45.855291" lon="7.803371">
        <ele>2170.1</ele>
      </trkpt>
      <trkpt lat="45.855334" lon="7.80355">
        <ele>2170.5</ele>
      </trkpt>
      <trkpt lat="45.855384" lon="7.803675">
        <ele>2171.2</ele>
      </trkpt>
      <trkpt lat="45.855283" lon="7.803693">
        <ele>2169.8</ele>
      </trkpt>
      <trkpt lat="45.855106" lon="7.803687">
        <ele>2167.0</ele>
      </trkpt>
      <trkpt lat="45.854983" lon="7.803662">
        <ele>2165.9</ele>
      </trkpt>
      <trkpt lat="45.854929" lon="7.803653">
        <ele>2165.7</ele>
      </trkpt>
      <trkpt lat="45.854771" lon="7.80367">
        <ele>2165.9</ele>
      </trkpt>
      <trkpt lat="45.854657" lon="7.803679">
        <ele>2167.5</ele>
      </trkpt>
      <trkpt lat="45.854604" lon="7.803647">
        <ele>2168.7</ele>
      </trkpt>
      <trkpt lat="45.854512" lon="7.803516">
        <ele>2170.1</ele>
      </trkpt>
      <trkpt lat="45.854431" lon="7.80349">
        <ele>2171.5</ele>
      </trkpt>
      <trkpt lat="45.854275" lon="7.803621">
        <ele>2172.6</ele>
      </trkpt>
      <trkpt lat="45.854127" lon="7.803751">
        <ele>2172.7</ele>
      </trkpt>
      <trkpt lat="45.854016" lon="7.803827">
        <ele>2172.7</ele>
      </trkpt>
      <trkpt lat="45.853859" lon="7.803861">
        <ele>2173.2</ele>
      </trkpt>
      <trkpt lat="45.853655" lon="7.803882">
        <ele>2171.6</ele>
      </trkpt>
      <trkpt lat="45.853582" lon="7.803904">
        <ele>2171.6</ele>
      </trkpt>
      <trkpt lat="45.853614" lon="7.803973">
        <ele>2172.1</ele>
      </trkpt>
      <trkpt lat="45.853643" lon="7.804091">
        <ele>2172.0</ele>
      </trkpt>
      <trkpt lat="45.853502" lon="7.804402">
        <ele>2172.4</ele>
      </trkpt>
      <trkpt lat="45.853401" lon="7.80457">
        <ele>2172.3</ele>
      </trkpt>
      <trkpt lat="45.85339" lon="7.804686">
        <ele>2172.5</ele>
      </trkpt>
      <trkpt lat="45.85329" lon="7.80475">
        <ele>2170.5</ele>
      </trkpt>
      <trkpt lat="45.853217" lon="7.804818">
        <ele>2168.2</ele>
      </trkpt>
      <trkpt lat="45.853167" lon="7.805052">
        <ele>2165.2</ele>
      </trkpt>
      <trkpt lat="45.853131" lon="7.805257">
        <ele>2164.6</ele>
      </trkpt>
      <trkpt lat="45.853056" lon="7.805351">
        <ele>2162.8</ele>
      </trkpt>
      <trkpt lat="45.852964" lon="7.805368">
        <ele>2160.8</ele>
      </trkpt>
      <trkpt lat="45.852905" lon="7.80542">
        <ele>2158.8</ele>
      </trkpt>
      <trkpt lat="45.852879" lon="7.805556">
        <ele>2156.5</ele>
      </trkpt>
      <trkpt lat="45.852794" lon="7.805665">
        <ele>2152.9</ele>
      </trkpt>
      <trkpt lat="45.852683" lon="7.80573">
        <ele>2150.5</ele>
      </trkpt>
      <trkpt lat="45.852595" lon="7.80575">
        <ele>2149.0</ele>
      </trkpt>
      <trkpt lat="45.852571" lon="7.805873">
        <ele>2146.6</ele>
      </trkpt>
      <trkpt lat="45.852494" lon="7.805961">
        <ele>2142.4</ele>
      </trkpt>
      <trkpt lat="45.852359" lon="7.806026">
        <ele>2137.0</ele>
      </trkpt>
      <trkpt lat="45.852322" lon="7.806159">
        <ele>2134.2</ele>
      </trkpt>
      <trkpt lat="45.852283" lon="7.806304">
        <ele>2131.6</ele>
      </trkpt>
      <trkpt lat="45.852256" lon="7.806424">
        <ele>2128.8</ele>
      </trkpt>
      <trkpt lat="45.852242" lon="7.806463">
        <ele>2127.6</ele>
      </trkpt>
      <trkpt lat="45.852206" lon="7.806491">
        <ele>2126.2</ele>
      </trkpt>
      <trkpt lat="45.852175" lon="7.806558">
        <ele>2124.2</ele>
      </trkpt>
      <trkpt lat="45.852157" lon="7.80661">
        <ele>2122.6</ele>
      </trkpt>
      <trkpt lat="45.85217" lon="7.806666">
        <ele>2121.2</ele>
      </trkpt>
      <trkpt lat="45.852183" lon="7.806729">
        <ele>2119.5</ele>
      </trkpt>
      <trkpt lat="45.852175" lon="7.806735">
        <ele>2119.2</ele>
      </trkpt>
      <trkpt lat="45.852163" lon="7.80673">
        <ele>2119.1</ele>
      </trkpt>
      <trkpt lat="45.852152" lon="7.806746">
        <ele>2118.3</ele>
      </trkpt>
      <trkpt lat="45.852164" lon="7.806793">
        <ele>2117.0</ele>
      </trkpt>
      <trkpt lat="45.852138" lon="7.8068">
        <ele>2116.0</ele>
      </trkpt>
      <trkpt lat="45.85208" lon="7.806787">
        <ele>2115.0</ele>
      </trkpt>
      <trkpt lat="45.852053" lon="7.806824">
        <ele>2112.9</ele>
      </trkpt>
      <trkpt lat="45.852007" lon="7.806814">
        <ele>2112.2</ele>
      </trkpt>
      <trkpt lat="45.851984" lon="7.806844">
        <ele>2110.5</ele>
      </trkpt>
      <trkpt lat="45.85192" lon="7.806859">
        <ele>2108.4</ele>
      </trkpt>
      <trkpt lat="45.851882" lon="7.806868">
        <ele>2107.3</ele>
      </trkpt>
      <trkpt lat="45.851865" lon="7.806864">
        <ele>2107.1</ele>
      </trkpt>
      <trkpt lat="45.851826" lon="7.806879">
        <ele>2106.1</ele>
      </trkpt>
      <trkpt lat="45.85179" lon="7.806876">
        <ele>2105.8</ele>
      </trkpt>
      <trkpt lat="45.851758" lon="7.806851">
        <ele>2106.1</ele>
      </trkpt>
      <trkpt lat="45.851729" lon="7.80685">
        <ele>2105.6</ele>
      </trkpt>
      <trkpt lat="45.8517" lon="7.806858">
        <ele>2104.6</ele>
      </trkpt>
      <trkpt lat="45.851678" lon="7.806827">
        <ele>2104.2</ele>
      </trkpt>
      <trkpt lat="45.85165" lon="7.806778">
        <ele>2102.9</ele>
      </trkpt>
      <trkpt lat="45.851638" lon="7.806717">
        <ele>2101.5</ele>
      </trkpt>
      <trkpt lat="45.851629" lon="7.80667">
        <ele>2100.5</ele>
      </trkpt>
      <trkpt lat="45.851613" lon="7.806626">
        <ele>2099.2</ele>
      </trkpt>
      <trkpt lat="45.851581" lon="7.806609">
        <ele>2096.9</ele>
      </trkpt>
      <trkpt lat="45.851536" lon="7.806592">
        <ele>2094.1</ele>
      </trkpt>
      <trkpt lat="45.851509" lon="7.806547">
        <ele>2093.9</ele>
      </trkpt>
      <trkpt lat="45.851468" lon="7.80652">
        <ele>2092.9</ele>
      </trkpt>
      <trkpt lat="45.851428" lon="7.806514">
        <ele>2091.5</ele>
      </trkpt>
      <trkpt lat="45.851384" lon="7.80652">
        <ele>2089.7</ele>
      </trkpt>
      <trkpt lat="45.851347" lon="7.806506">
        <ele>2089.2</ele>
      </trkpt>
      <trkpt lat="45.851329" lon="7.806447">
        <ele>2091.0</ele>
      </trkpt>
      <trkpt lat="45.851308" lon="7.80639">
        <ele>2092.4</ele>
      </trkpt>
      <trkpt lat="45.851268" lon="7.806358">
        <ele>2092.6</ele>
      </trkpt>
      <trkpt lat="45.851225" lon="7.806383">
        <ele>2091.5</ele>
      </trkpt>
      <trkpt lat="45.851189" lon="7.806443">
        <ele>2089.7</ele>
      </trkpt>
      <trkpt lat="45.851152" lon="7.806515">
        <ele>2087.6</ele>
      </trkpt>
      <trkpt lat="45.851123" lon="7.806596">
        <ele>2085.1</ele>
      </trkpt>
      <trkpt lat="45.851091" lon="7.806665">
        <ele>2082.2</ele>
      </trkpt>
      <trkpt lat="45.851067" lon="7.806692">
        <ele>2080.5</ele>
      </trkpt>
      <trkpt lat="45.851021" lon="7.806701">
        <ele>2079.2</ele>
      </trkpt>
      <trkpt lat="45.850988" lon="7.806725">
        <ele>2077.4</ele>
      </trkpt>
      <trkpt lat="45.850976" lon="7.806768">
        <ele>2075.1</ele>
      </trkpt>
      <trkpt lat="45.850974" lon="7.806811">
        <ele>2073.1</ele>
      </trkpt>
      <trkpt lat="45.85094" lon="7.806814">
        <ele>2072.5</ele>
      </trkpt>
      <trkpt lat="45.850925" lon="7.806777">
        <ele>2073.6</ele>
      </trkpt>
      <trkpt lat="45.850914" lon="7.806757">
        <ele>2074.1</ele>
      </trkpt>
      <trkpt lat="45.850878" lon="7.806773">
        <ele>2072.6</ele>
      </trkpt>
      <trkpt lat="45.85085" lon="7.806779">
        <ele>2071.7</ele>
      </trkpt>
      <trkpt lat="45.850814" lon="7.806794">
        <ele>2070.2</ele>
      </trkpt>
      <trkpt lat="45.850779" lon="7.8068">
        <ele>2068.6</ele>
      </trkpt>
      <trkpt lat="45.850761" lon="7.806834">
        <ele>2067.3</ele>
      </trkpt>
      <trkpt lat="45.850747" lon="7.806884">
        <ele>2065.7</ele>
      </trkpt>
      <trkpt lat="45.850725" lon="7.806895">
        <ele>2064.4</ele>
      </trkpt>
      <trkpt lat="45.850713" lon="7.806841">
        <ele>2064.6</ele>
      </trkpt>
      <trkpt lat="45.850708" lon="7.806785">
        <ele>2064.4</ele>
      </trkpt>
      <trkpt lat="45.850687" lon="7.806748">
        <ele>2062.8</ele>
      </trkpt>
      <trkpt lat="45.850675" lon="7.806701">
        <ele>2061.6</ele>
      </trkpt>
      <trkpt lat="45.85067" lon="7.806658">
        <ele>2061.1</ele>
      </trkpt>
      <trkpt lat="45.850657" lon="7.806632">
        <ele>2060.3</ele>
      </trkpt>
      <trkpt lat="45.850621" lon="7.806605">
        <ele>2057.7</ele>
      </trkpt>
      <trkpt lat="45.850593" lon="7.806586">
        <ele>2055.9</ele>
      </trkpt>
      <trkpt lat="45.850571" lon="7.806565">
        <ele>2054.5</ele>
      </trkpt>
      <trkpt lat="45.850559" lon="7.806533">
        <ele>2054.1</ele>
      </trkpt>
      <trkpt lat="45.850538" lon="7.806561">
        <ele>2052.1</ele>
      </trkpt>
      <trkpt lat="45.850555" lon="7.806602">
        <ele>2052.8</ele>
      </trkpt>
      <trkpt lat="45.850565" lon="7.806656">
        <ele>2053.1</ele>
      </trkpt>
      <trkpt lat="45.850552" lon="7.806684">
        <ele>2052.1</ele>
      </trkpt>
      <trkpt lat="45.850531" lon="7.806695">
        <ele>2050.5</ele>
      </trkpt>
      <trkpt lat="45.850527" lon="7.806662">
        <ele>2050.2</ele>
      </trkpt>
      <trkpt lat="45.850519" lon="7.806628">
        <ele>2049.9</ele>
      </trkpt>
      <trkpt lat="45.85049" lon="7.806613">
        <ele>2047.9</ele>
      </trkpt>
      <trkpt lat="45.850458" lon="7.806614">
        <ele>2045.6</ele>
      </trkpt>
      <trkpt lat="45.850454" lon="7.806572">
        <ele>2045.7</ele>
      </trkpt>
      <trkpt lat="45.850453" lon="7.806537">
        <ele>2046.0</ele>
      </trkpt>
      <trkpt lat="45.850429" lon="7.806511">
        <ele>2044.6</ele>
      </trkpt>
      <trkpt lat="45.850411" lon="7.806514">
        <ele>2043.3</ele>
      </trkpt>
      <trkpt lat="45.850412" lon="7.806564">
        <ele>2042.9</ele>
      </trkpt>
      <trkpt lat="45.8504" lon="7.806583">
        <ele>2041.8</ele>
      </trkpt>
      <trkpt lat="45.850379" lon="7.806579">
        <ele>2040.3</ele>
      </trkpt>
      <trkpt lat="45.850369" lon="7.80662">
        <ele>2039.2</ele>
      </trkpt>
      <trkpt lat="45.850345" lon="7.806655">
        <ele>2037.1</ele>
      </trkpt>
      <trkpt lat="45.850327" lon="7.806698">
        <ele>2035.3</ele>
      </trkpt>
      <trkpt lat="45.850321" lon="7.80674">
        <ele>2034.3</ele>
      </trkpt>
      <trkpt lat="45.85031" lon="7.806764">
        <ele>2033.3</ele>
      </trkpt>
      <trkpt lat="45.850299" lon="7.806765">
        <ele>2032.5</ele>
      </trkpt>
      <trkpt lat="45.850299" lon="7.806727">
        <ele>2033.0</ele>
      </trkpt>
      <trkpt lat="45.850301" lon="7.806703">
        <ele>2033.4</ele>
      </trkpt>
      <trkpt lat="45.85028" lon="7.806709">
        <ele>2031.9</ele>
      </trkpt>
      <trkpt lat="45.850265" lon="7.806737">
        <ele>2030.6</ele>
      </trkpt>
      <trkpt lat="45.850253" lon="7.806752">
        <ele>2029.7</ele>
      </trkpt>
      <trkpt lat="45.850231" lon="7.806764">
        <ele>2028.2</ele>
      </trkpt>
      <trkpt lat="45.850217" lon="7.806794">
        <ele>2027.1</ele>
      </trkpt>
      <trkpt lat="45.850227" lon="7.806807">
        <ele>2027.5</ele>
      </trkpt>
      <trkpt lat="45.85024" lon="7.806804">
        <ele>2028.2</ele>
      </trkpt>
      <trkpt lat="45.850252" lon="7.806828">
        <ele>2028.6</ele>
      </trkpt>
      <trkpt lat="45.850263" lon="7.80684">
        <ele>2029.1</ele>
      </trkpt>
      <trkpt lat="45.850252" lon="7.806853">
        <ele>2028.2</ele>
      </trkpt>
      <trkpt lat="45.850228" lon="7.80688">
        <ele>2026.5</ele>
      </trkpt>
      <trkpt lat="45.850207" lon="7.806905">
        <ele>2025.0</ele>
      </trkpt>
      <trkpt lat="45.850183" lon="7.806907">
        <ele>2023.9</ele>
      </trkpt>
      <trkpt lat="45.850171" lon="7.806875">
        <ele>2024.0</ele>
      </trkpt>
      <trkpt lat="45.850147" lon="7.806866">
        <ele>2023.2</ele>
      </trkpt>
      <trkpt lat="45.85012" lon="7.806884">
        <ele>2022.1</ele>
      </trkpt>
      <trkpt lat="45.850107" lon="7.806911">
        <ele>2021.1</ele>
      </trkpt>
      <trkpt lat="45.850104" lon="7.806927">
        <ele>2020.6</ele>
      </trkpt>
      <trkpt lat="45.850089" lon="7.806921">
        <ele>2020.2</ele>
      </trkpt>
      <trkpt lat="45.850074" lon="7.806923">
        <ele>2019.6</ele>
      </trkpt>
      <trkpt lat="45.850065" lon="7.806958">
        <ele>2018.3</ele>
      </trkpt>
      <trkpt lat="45.850052" lon="7.80697">
        <ele>2017.4</ele>
      </trkpt>
      <trkpt lat="45.850029" lon="7.80698">
        <ele>2016.1</ele>
      </trkpt>
      <trkpt lat="45.850013" lon="7.806984">
        <ele>2015.2</ele>
      </trkpt>
      <trkpt lat="45.850003" lon="7.806937">
        <ele>2016.5</ele>
      </trkpt>
      <trkpt lat="45.849991" lon="7.806912">
        <ele>2016.8</ele>
      </trkpt>
      <trkpt lat="45.849977" lon="7.806881">
        <ele>2017.4</ele>
      </trkpt>
      <trkpt lat="45.849922" lon="7.80688">
        <ele>2016.2</ele>
      </trkpt>
      <trkpt lat="45.849889" lon="7.806908">
        <ele>2014.7</ele>
      </trkpt>
      <trkpt lat="45.849855" lon="7.80694">
        <ele>2013.3</ele>
      </trkpt>
      <trkpt lat="45.849827" lon="7.80699">
        <ele>2011.6</ele>
      </trkpt>
      <trkpt lat="45.849801" lon="7.807037">
        <ele>2010.5</ele>
      </trkpt>
      <trkpt lat="45.849777" lon="7.807063">
        <ele>2010.4</ele>
      </trkpt>
      <trkpt lat="45.849772" lon="7.807104">
        <ele>2009.5</ele>
      </trkpt>
      <trkpt lat="45.849753" lon="7.807137">
        <ele>2009.3</ele>
      </trkpt>
      <trkpt lat="45.849742" lon="7.807191">
        <ele>2008.2</ele>
      </trkpt>
      <trkpt lat="45.849725" lon="7.807242">
        <ele>2007.4</ele>
      </trkpt>
      <trkpt lat="45.84971" lon="7.807332">
        <ele>2005.5</ele>
      </trkpt>
      <trkpt lat="45.849695" lon="7.807459">
        <ele>2003.7</ele>
      </trkpt>
      <trkpt lat="45.849669" lon="7.807544">
        <ele>2004.3</ele>
      </trkpt>
      <trkpt lat="45.849675" lon="7.807612">
        <ele>2003.6</ele>
      </trkpt>
      <trkpt lat="45.849702" lon="7.807661">
        <ele>2002.0</ele>
      </trkpt>
      <trkpt lat="45.849721" lon="7.807751">
        <ele>1998.5</ele>
      </trkpt>
      <trkpt lat="45.849708" lon="7.807815">
        <ele>1995.8</ele>
      </trkpt>
      <trkpt lat="45.849677" lon="7.807838">
        <ele>1995.7</ele>
      </trkpt>
      <trkpt lat="45.849635" lon="7.807826">
        <ele>1997.8</ele>
      </trkpt>
      <trkpt lat="45.84959" lon="7.807862">
        <ele>1997.8</ele>
      </trkpt>
      <trkpt lat="45.849545" lon="7.807929">
        <ele>1996.5</ele>
      </trkpt>
      <trkpt lat="45.849505" lon="7.808028">
        <ele>1993.9</ele>
      </trkpt>
      <trkpt lat="45.849465" lon="7.808095">
        <ele>1991.9</ele>
      </trkpt>
      <trkpt lat="45.849408" lon="7.808167">
        <ele>1989.0</ele>
      </trkpt>
      <trkpt lat="45.849353" lon="7.808195">
        <ele>1987.6</ele>
      </trkpt>
      <trkpt lat="45.849267" lon="7.808226">
        <ele>1985.9</ele>
      </trkpt>
      <trkpt lat="45.849192" lon="7.808233">
        <ele>1984.7</ele>
      </trkpt>
      <trkpt lat="45.849118" lon="7.808228">
        <ele>1983.8</ele>
      </trkpt>
      <trkpt lat="45.849061" lon="7.808181">
        <ele>1983.8</ele>
      </trkpt>
      <trkpt lat="45.849003" lon="7.808109">
        <ele>1982.2</ele>
      </trkpt>
      <trkpt lat="45.848962" lon="7.808057">
        <ele>1980.1</ele>
      </trkpt>
      <trkpt lat="45.848925" lon="7.808028">
        <ele>1978.0</ele>
      </trkpt>
      <trkpt lat="45.848896" lon="7.808057">
        <ele>1975.9</ele>
      </trkpt>
      <trkpt lat="45.84887" lon="7.808102">
        <ele>1973.8</ele>
      </trkpt>
      <trkpt lat="45.848826" lon="7.808094">
        <ele>1971.1</ele>
      </trkpt>
      <trkpt lat="45.848772" lon="7.808058">
        <ele>1968.7</ele>
      </trkpt>
      <trkpt lat="45.848726" lon="7.808034">
        <ele>1967.3</ele>
      </trkpt>
      <trkpt lat="45.848651" lon="7.808034">
        <ele>1964.6</ele>
      </trkpt>
      <trkpt lat="45.848604" lon="7.808062">
        <ele>1961.9</ele>
      </trkpt>
      <trkpt lat="45.848548" lon="7.808087">
        <ele>1959.8</ele>
      </trkpt>
      <trkpt lat="45.848471" lon="7.808126">
        <ele>1957.0</ele>
      </trkpt>
      <trkpt lat="45.848468" lon="7.808184">
        <ele>1953.8</ele>
      </trkpt>
      <trkpt lat="45.848511" lon="7.808207">
        <ele>1953.1</ele>
      </trkpt>
      <trkpt lat="45.848568" lon="7.808213">
        <ele>1953.5</ele>
      </trkpt>
      <trkpt lat="45.848612" lon="7.808241">
        <ele>1953.4</ele>
      </trkpt>
      <trkpt lat="45.848615" lon="7.808305">
        <ele>1951.3</ele>
      </trkpt>
      <trkpt lat="45.84856" lon="7.808361">
        <ele>1947.5</ele>
      </trkpt>
      <trkpt lat="45.848482" lon="7.808325">
        <ele>1946.9</ele>
      </trkpt>
      <trkpt lat="45.848395" lon="7.80834">
        <ele>1945.1</ele>
      </trkpt>
      <trkpt lat="45.848294" lon="7.808391">
        <ele>1942.0</ele>
      </trkpt>
      <trkpt lat="45.848215" lon="7.808446">
        <ele>1937.7</ele>
      </trkpt>
      <trkpt lat="45.84815" lon="7.808454">
        <ele>1935.9</ele>
      </trkpt>
      <trkpt lat="45.84808" lon="7.808443">
        <ele>1935.0</ele>
      </trkpt>
      <trkpt lat="45.848004" lon="7.808428">
        <ele>1934.1</ele>
      </trkpt>
      <trkpt lat="45.847952" lon="7.808439">
        <ele>1932.5</ele>
      </trkpt>
      <trkpt lat="45.847887" lon="7.808462">
        <ele>1930.6</ele>
      </trkpt>
      <trkpt lat="45.847834" lon="7.8085">
        <ele>1928.4</ele>
      </trkpt>
      <trkpt lat="45.847826" lon="7.808538">
        <ele>1926.3</ele>
        <name>45.847815,7.808533</name>
        <extensions>
          <oa:Extension>
            <oa:mapZoom>16</oa:mapZoom>
          </oa:Extension>
        </extensions>
      </trkpt>
      <trkpt lat="45.847818" lon="7.808575">
        <ele>1924.3</ele>
      </trkpt>
      <trkpt lat="45.847859" lon="7.808634">
        <ele>1921.6</ele>
      </trkpt>
      <trkpt lat="45.847904" lon="7.808657">
        <ele>1920.9</ele>
      </trkpt>
      <trkpt lat="45.84798" lon="7.808702">
        <ele>1920.0</ele>
      </trkpt>
      <trkpt lat="45.84804" lon="7.808767">
        <ele>1918.0</ele>
      </trkpt>
      <trkpt lat="45.848091" lon="7.808864">
        <ele>1914.6</ele>
      </trkpt>
      <trkpt lat="45.848155" lon="7.808954">
        <ele>1911.9</ele>
      </trkpt>
      <trkpt lat="45.848236" lon="7.809016">
        <ele>1910.7</ele>
      </trkpt>
      <trkpt lat="45.84829" lon="7.809049">
        <ele>1910.2</ele>
      </trkpt>
      <trkpt lat="45.848334" lon="7.809109">
        <ele>1908.4</ele>
      </trkpt>
      <trkpt lat="45.848361" lon="7.809173">
        <ele>1906.0</ele>
      </trkpt>
      <trkpt lat="45.848383" lon="7.809262">
        <ele>1902.4</ele>
      </trkpt>
      <trkpt lat="45.848376" lon="7.809334">
        <ele>1899.6</ele>
      </trkpt>
      <trkpt lat="45.848333" lon="7.809389">
        <ele>1897.7</ele>
      </trkpt>
      <trkpt lat="45.848262" lon="7.809407">
        <ele>1896.7</ele>
      </trkpt>
      <trkpt lat="45.848211" lon="7.809399">
        <ele>1896.3</ele>
      </trkpt>
      <trkpt lat="45.848172" lon="7.809422">
        <ele>1895.1</ele>
      </trkpt>
      <trkpt lat="45.848123" lon="7.809482">
        <ele>1892.9</ele>
      </trkpt>
      <trkpt lat="45.848112" lon="7.80956">
        <ele>1890.9</ele>
      </trkpt>
      <trkpt lat="45.84813" lon="7.809599">
        <ele>1890.2</ele>
      </trkpt>
      <trkpt lat="45.848161" lon="7.809644">
        <ele>1889.4</ele>
      </trkpt>
      <trkpt lat="45.848153" lon="7.809698">
        <ele>1888.2</ele>
      </trkpt>
      <trkpt lat="45.848121" lon="7.809761">
        <ele>1886.8</ele>
      </trkpt>
      <trkpt lat="45.848073" lon="7.809821">
        <ele>1885.1</ele>
      </trkpt>
      <trkpt lat="45.848024" lon="7.809883">
        <ele>1883.0</ele>
      </trkpt>
      <trkpt lat="45.847975" lon="7.809903">
        <ele>1881.4</ele>
      </trkpt>
      <trkpt lat="45.847921" lon="7.809886">
        <ele>1879.7</ele>
      </trkpt>
      <trkpt lat="45.847863" lon="7.809848">
        <ele>1878.0</ele>
      </trkpt>
      <trkpt lat="45.847827" lon="7.809816">
        <ele>1877.4</ele>
      </trkpt>
      <trkpt lat="45.847791" lon="7.809832">
        <ele>1875.4</ele>
      </trkpt>
      <trkpt lat="45.847764" lon="7.809872">
        <ele>1873.0</ele>
      </trkpt>
      <trkpt lat="45.847723" lon="7.809899">
        <ele>1870.6</ele>
      </trkpt>
      <trkpt lat="45.847675" lon="7.809873">
        <ele>1870.2</ele>
      </trkpt>
      <trkpt lat="45.847619" lon="7.809824">
        <ele>1870.6</ele>
      </trkpt>
      <trkpt lat="45.847588" lon="7.809791">
        <ele>1870.8</ele>
      </trkpt>
      <trkpt lat="45.847545" lon="7.809773">
        <ele>1870.1</ele>
      </trkpt>
      <trkpt lat="45.847501" lon="7.809768">
        <ele>1868.7</ele>
      </trkpt>
      <trkpt lat="45.847449" lon="7.809789">
        <ele>1866.0</ele>
      </trkpt>
      <trkpt lat="45.847393" lon="7.809796">
        <ele>1863.8</ele>
      </trkpt>
      <trkpt lat="45.84735" lon="7.809789">
        <ele>1862.9</ele>
      </trkpt>
      <trkpt lat="45.84733" lon="7.809823">
        <ele>1860.8</ele>
      </trkpt>
      <trkpt lat="45.847355" lon="7.809857">
        <ele>1860.1</ele>
      </trkpt>
      <trkpt lat="45.847421" lon="7.809894">
        <ele>1860.6</ele>
      </trkpt>
      <trkpt lat="45.847484" lon="7.809935">
        <ele>1861.2</ele>
      </trkpt>
      <trkpt lat="45.847525" lon="7.809971">
        <ele>1861.3</ele>
      </trkpt>
      <trkpt lat="45.847552" lon="7.810022">
        <ele>1860.3</ele>
      </trkpt>
      <trkpt lat="45.847577" lon="7.810069">
        <ele>1859.4</ele>
      </trkpt>
      <trkpt lat="45.847594" lon="7.810112">
        <ele>1858.3</ele>
      </trkpt>
      <trkpt lat="45.847597" lon="7.810153">
        <ele>1856.8</ele>
      </trkpt>
      <trkpt lat="45.847596" lon="7.810202">
        <ele>1854.8</ele>
      </trkpt>
      <trkpt lat="45.847583" lon="7.810269">
        <ele>1851.6</ele>
      </trkpt>
      <trkpt lat="45.847548" lon="7.81031">
        <ele>1848.5</ele>
      </trkpt>
      <trkpt lat="45.847486" lon="7.810291">
        <ele>1846.8</ele>
      </trkpt>
      <trkpt lat="45.847419" lon="7.810277">
        <ele>1845.1</ele>
      </trkpt>
      <trkpt lat="45.847364" lon="7.810262">
        <ele>1843.9</ele>
      </trkpt>
      <trkpt lat="45.847327" lon="7.810259">
        <ele>1843.0</ele>
      </trkpt>
      <trkpt lat="45.847296" lon="7.810268">
        <ele>1841.9</ele>
      </trkpt>
      <trkpt lat="45.847247" lon="7.810298">
        <ele>1839.6</ele>
      </trkpt>
      <trkpt lat="45.84719" lon="7.810335">
        <ele>1836.8</ele>
      </trkpt>
      <trkpt lat="45.847146" lon="7.810375">
        <ele>1834.2</ele>
      </trkpt>
      <trkpt lat="45.847104" lon="7.810411">
        <ele>1831.9</ele>
      </trkpt>
      <trkpt lat="45.847071" lon="7.810438">
        <ele>1830.1</ele>
      </trkpt>
      <trkpt lat="45.847016" lon="7.810484">
        <ele>1827.4</ele>
      </trkpt>
      <trkpt lat="45.846962" lon="7.810523">
        <ele>1824.8</ele>
      </trkpt>
      <trkpt lat="45.846934" lon="7.810566">
        <ele>1822.7</ele>
      </trkpt>
      <trkpt lat="45.846924" lon="7.810586">
        <ele>1821.7</ele>
      </trkpt>
      <trkpt lat="45.846838" lon="7.810543">
        <ele>1820.9</ele>
      </trkpt>
      <trkpt lat="45.84674" lon="7.810498">
        <ele>1820.4</ele>
      </trkpt>
      <trkpt lat="45.846665" lon="7.810475">
        <ele>1820.2</ele>
      </trkpt>
      <trkpt lat="45.846625" lon="7.810508">
        <ele>1817.8</ele>
      </trkpt>
      <trkpt lat="45.846604" lon="7.810563">
        <ele>1814.5</ele>
      </trkpt>
      <trkpt lat="45.846576" lon="7.810599">
        <ele>1812.1</ele>
      </trkpt>
      <trkpt lat="45.846518" lon="7.810616">
        <ele>1810.2</ele>
      </trkpt>
      <trkpt lat="45.84646" lon="7.81059">
        <ele>1810.8</ele>
      </trkpt>
      <trkpt lat="45.846386" lon="7.810575">
        <ele>1810.5</ele>
      </trkpt>
      <trkpt lat="45.846324" lon="7.810565">
        <ele>1810.4</ele>
      </trkpt>
      <trkpt lat="45.846292" lon="7.810606">
        <ele>1808.2</ele>
      </trkpt>
      <trkpt lat="45.846293" lon="7.810635">
        <ele>1806.7</ele>
      </trkpt>
      <trkpt lat="45.846321" lon="7.810651">
        <ele>1805.8</ele>
      </trkpt>
      <trkpt lat="45.845921" lon="7.810613">
        <ele>1803.1</ele>
      </trkpt>
      <trkpt lat="45.845702" lon="7.810756">
        <ele>1791.2</ele>
      </trkpt>
      <trkpt lat="45.845453" lon="7.810885">
        <ele>1783.4</ele>
      </trkpt>
      <trkpt lat="45.845064" lon="7.811128">
        <ele>1767.6</ele>
      </trkpt>
      <trkpt lat="45.844795" lon="7.811343">
        <ele>1767.1</ele>
      </trkpt>
      <trkpt lat="45.844762" lon="7.811412">
        <ele>1765.3</ele>
        <name>9, Gressoney-La-Trinité</name>
        <extensions>
          <oa:Extension>
            <oa:mapZoom>16</oa:mapZoom>
          </oa:Extension>
        </extensions>
      </trkpt>
      <trkpt lat="45.844646" lon="7.81166">
        <ele>1758.9</ele>
      </trkpt>
      <trkpt lat="45.844528" lon="7.811837">
        <ele>1753.5</ele>
      </trkpt>
      <trkpt lat="45.844449" lon="7.811923">
        <ele>1751.0</ele>
      </trkpt>
      <trkpt lat="45.844317" lon="7.812057">
        <ele>1747.5</ele>
      </trkpt>
      <trkpt lat="45.844237" lon="7.812026">
        <ele>1748.1</ele>
      </trkpt>
      <trkpt lat="45.844169" lon="7.812004">
        <ele>1748.2</ele>
      </trkpt>
      <trkpt lat="45.844" lon="7.812077">
        <ele>1743.6</ele>
      </trkpt>
      <trkpt lat="45.843881" lon="7.81221">
        <ele>1738.5</ele>
      </trkpt>
      <trkpt lat="45.843699" lon="7.812287">
        <ele>1733.3</ele>
      </trkpt>
      <trkpt lat="45.84349" lon="7.812449">
        <ele>1728.5</ele>
        <name>9, Gressoney-La-Trinité</name>
        <extensions>
          <oa:Extension>
            <oa:mapZoom>16</oa:mapZoom>
          </oa:Extension>
        </extensions>
      </trkpt>
      <trkpt lat="45.843459" lon="7.812473">
        <ele>1727.8</ele>
      </trkpt>
      <trkpt lat="45.8432" lon="7.81273">
        <ele>1723.0</ele>
      </trkpt>
      <trkpt lat="45.843025" lon="7.812864">
        <ele>1720.4</ele>
      </trkpt>
      <trkpt lat="45.842975" lon="7.812922">
        <ele>1719.2</ele>
      </trkpt>
      <trkpt lat="45.842922" lon="7.81287">
        <ele>1720.3</ele>
      </trkpt>
      <trkpt lat="45.842553" lon="7.812902">
        <ele>1718.1</ele>
      </trkpt>
      <trkpt lat="45.84226" lon="7.813119">
        <ele>1709.6</ele>
      </trkpt>
      <trkpt lat="45.842095" lon="7.813011">
        <ele>1707.5</ele>
      </trkpt>
      <trkpt lat="45.841913" lon="7.812934">
        <ele>1706.6</ele>
      </trkpt>
      <trkpt lat="45.841747" lon="7.812934">
        <ele>1706.0</ele>
      </trkpt>
      <trkpt lat="45.84162" lon="7.81297">
        <ele>1705.2</ele>
      </trkpt>
      <trkpt lat="45.841463" lon="7.813005">
        <ele>1704.7</ele>
      </trkpt>
      <trkpt lat="45.841337" lon="7.813077">
        <ele>1704.3</ele>
      </trkpt>
      <trkpt lat="45.841128" lon="7.813167">
        <ele>1702.9</ele>
      </trkpt>
      <trkpt lat="45.840965" lon="7.813197">
        <ele>1703.0</ele>
      </trkpt>
      <trkpt lat="45.840693" lon="7.813491">
        <ele>1702.8</ele>
      </trkpt>
      <trkpt lat="45.84055" lon="7.813593">
        <ele>1702.2</ele>
      </trkpt>
      <trkpt lat="45.840346" lon="7.813536">
        <ele>1700.6</ele>
      </trkpt>
      <trkpt lat="45.840182" lon="7.813451">
        <ele>1698.0</ele>
      </trkpt>
      <trkpt lat="45.839913" lon="7.813363">
        <ele>1695.5</ele>
      </trkpt>
      <trkpt lat="45.839676" lon="7.813299">
        <ele>1694.1</ele>
      </trkpt>
      <trkpt lat="45.839564" lon="7.813344">
        <ele>1693.1</ele>
      </trkpt>
      <trkpt lat="45.839386" lon="7.813405">
        <ele>1690.3</ele>
      </trkpt>
      <trkpt lat="45.839228" lon="7.813425">
        <ele>1688.7</ele>
      </trkpt>
      <trkpt lat="45.839074" lon="7.813472">
        <ele>1687.3</ele>
      </trkpt>
      <trkpt lat="45.83894" lon="7.81352">
        <ele>1687.0</ele>
      </trkpt>
      <trkpt lat="45.838821" lon="7.813605">
        <ele>1685.9</ele>
      </trkpt>
      <trkpt lat="45.838516" lon="7.813851">
        <ele>1682.1</ele>
      </trkpt>
      <trkpt lat="45.838342" lon="7.814003">
        <ele>1680.7</ele>
      </trkpt>
      <trkpt lat="45.838249" lon="7.814116">
        <ele>1680.5</ele>
      </trkpt>
      <trkpt lat="45.838236" lon="7.814134">
        <ele>1680.4</ele>
      </trkpt>
      <trkpt lat="45.838111" lon="7.814302">
        <ele>1678.1</ele>
      </trkpt>
      <trkpt lat="45.837852" lon="7.814482">
        <ele>1675.4</ele>
      </trkpt>
      <trkpt lat="45.837621" lon="7.814629">
        <ele>1673.7</ele>
      </trkpt>
      <trkpt lat="45.837492" lon="7.814771">
        <ele>1672.1</ele>
      </trkpt>
      <trkpt lat="45.837357" lon="7.81501">
        <ele>1671.9</ele>
        <name>Orsia, Gressoney-La-Trinité</name>
        <extensions>
          <oa:Extension>
            <oa:mapZoom>16</oa:mapZoom>
          </oa:Extension>
        </extensions>
      </trkpt>
      <trkpt lat="45.83735" lon="7.815023">
        <ele>1671.8</ele>
      </trkpt>
      <trkpt lat="45.837269" lon="7.815191">
        <ele>1670.2</ele>
      </trkpt>
      <trkpt lat="45.837111" lon="7.815411">
        <ele>1669.1</ele>
      </trkpt>
      <trkpt lat="45.836948" lon="7.815575">
        <ele>1667.4</ele>
      </trkpt>
      <trkpt lat="45.836885" lon="7.815647">
        <ele>1666.8</ele>
      </trkpt>
      <trkpt lat="45.836756" lon="7.815749">
        <ele>1666.4</ele>
      </trkpt>
      <trkpt lat="45.836667" lon="7.81584">
        <ele>1666.6</ele>
      </trkpt>
      <trkpt lat="45.836579" lon="7.815985">
        <ele>1665.5</ele>
      </trkpt>
      <trkpt lat="45.836459" lon="7.816206">
        <ele>1664.5</ele>
      </trkpt>
      <trkpt lat="45.836348" lon="7.816518">
        <ele>1661.8</ele>
      </trkpt>
      <trkpt lat="45.836176" lon="7.81674">
        <ele>1661.3</ele>
      </trkpt>
      <trkpt lat="45.836" lon="7.816963">
        <ele>1660.6</ele>
      </trkpt>
      <trkpt lat="45.835921" lon="7.817016">
        <ele>1660.3</ele>
      </trkpt>
      <trkpt lat="45.835858" lon="7.817053">
        <ele>1659.6</ele>
      </trkpt>
      <trkpt lat="45.835666" lon="7.817089">
        <ele>1659.9</ele>
      </trkpt>
      <trkpt lat="45.835398" lon="7.817233">
        <ele>1659.2</ele>
      </trkpt>
      <trkpt lat="45.835147" lon="7.817374">
        <ele>1657.7</ele>
      </trkpt>
      <trkpt lat="45.834896" lon="7.817515">
        <ele>1656.8</ele>
      </trkpt>
      <trkpt lat="45.834636" lon="7.817587">
        <ele>1655.3</ele>
      </trkpt>
      <trkpt lat="45.83441" lon="7.817509">
        <ele>1652.6</ele>
      </trkpt>
      <trkpt lat="45.834172" lon="7.817467">
        <ele>1651.0</ele>
      </trkpt>
      <trkpt lat="45.834009" lon="7.817491">
        <ele>1651.8</ele>
      </trkpt>
      <trkpt lat="45.833749" lon="7.817653">
        <ele>1651.0</ele>
      </trkpt>
      <trkpt lat="45.83363" lon="7.817743">
        <ele>1652.3</ele>
      </trkpt>
      <trkpt lat="45.833518" lon="7.817882">
        <ele>1651.9</ele>
      </trkpt>
      <trkpt lat="45.833409" lon="7.818083">
        <ele>1651.8</ele>
      </trkpt>
      <trkpt lat="45.833331" lon="7.818308">
        <ele>1651.4</ele>
      </trkpt>
      <trkpt lat="45.833257" lon="7.818602">
        <ele>1650.8</ele>
      </trkpt>
      <trkpt lat="45.833211" lon="7.81884">
        <ele>1649.3</ele>
      </trkpt>
      <trkpt lat="45.833158" lon="7.819072">
        <ele>1647.5</ele>
      </trkpt>
      <trkpt lat="45.83311" lon="7.819305">
        <ele>1646.9</ele>
      </trkpt>
      <trkpt lat="45.833043" lon="7.819455">
        <ele>1646.2</ele>
      </trkpt>
      <trkpt lat="45.832942" lon="7.819682">
        <ele>1645.7</ele>
      </trkpt>
      <trkpt lat="45.832835" lon="7.819898">
        <ele>1645.4</ele>
      </trkpt>
      <trkpt lat="45.832741" lon="7.820115">
        <ele>1645.2</ele>
      </trkpt>
      <trkpt lat="45.832661" lon="7.820322">
        <ele>1644.9</ele>
      </trkpt>
      <trkpt lat="45.832598" lon="7.820539">
        <ele>1644.2</ele>
      </trkpt>
      <trkpt lat="45.832534" lon="7.820757">
        <ele>1642.3</ele>
      </trkpt>
      <trkpt lat="45.832446" lon="7.820956">
        <ele>1640.5</ele>
      </trkpt>
      <trkpt lat="45.832384" lon="7.821068">
        <ele>1638.9</ele>
      </trkpt>
      <trkpt lat="45.832309" lon="7.821136">
        <ele>1639.1</ele>
      </trkpt>
      <trkpt lat="45.832098" lon="7.821353">
        <ele>1638.3</ele>
      </trkpt>
      <trkpt lat="45.831881" lon="7.821578">
        <ele>1637.0</ele>
      </trkpt>
      <trkpt lat="45.831663" lon="7.821803">
        <ele>1637.2</ele>
      </trkpt>
      <trkpt lat="45.831522" lon="7.821945">
        <ele>1635.9</ele>
      </trkpt>
      <trkpt lat="45.831238" lon="7.822228">
        <ele>1635.0</ele>
      </trkpt>
      <trkpt lat="45.830954" lon="7.822512">
        <ele>1633.8</ele>
      </trkpt>
      <trkpt lat="45.830782" lon="7.822638">
        <ele>1633.2</ele>
      </trkpt>
      <trkpt lat="45.830665" lon="7.822675">
        <ele>1632.0</ele>
      </trkpt>
      <trkpt lat="45.830362" lon="7.822784">
        <ele>1634.0</ele>
      </trkpt>
      <trkpt lat="45.830142" lon="7.822856">
        <ele>1632.1</ele>
      </trkpt>
      <trkpt lat="45.830109" lon="7.822862">
        <ele>1632.0</ele>
      </trkpt>
      <trkpt lat="45.830067" lon="7.82285">
        <ele>1632.1</ele>
      </trkpt>
      <trkpt lat="45.830012" lon="7.822818">
        <ele>1632.3</ele>
      </trkpt>
      <trkpt lat="45.82994" lon="7.822775">
        <ele>1632.2</ele>
      </trkpt>
      <trkpt lat="45.829841" lon="7.822852">
        <ele>1631.9</ele>
      </trkpt>
      <trkpt lat="45.8298" lon="7.822699">
        <ele>1631.6</ele>
      </trkpt>
      <trkpt lat="45.829743" lon="7.822702">
        <ele>1631.3</ele>
      </trkpt>
      <trkpt lat="45.829681" lon="7.822657">
        <ele>1631.2</ele>
      </trkpt>
      <trkpt lat="45.82959" lon="7.822688">
        <ele>1631.1</ele>
      </trkpt>
      <trkpt lat="45.829464" lon="7.82268">
        <ele>1630.7</ele>
      </trkpt>
      <trkpt lat="45.829407" lon="7.822679">
        <ele>1630.4</ele>
      </trkpt>
      <trkpt lat="45.829244" lon="7.822635">
        <ele>1629.9</ele>
      </trkpt>
      <trkpt lat="45.829019" lon="7.822564">
        <ele>1629.1</ele>
      </trkpt>
      <trkpt lat="45.82884" lon="7.822514">
        <ele>1628.5</ele>
      </trkpt>
      <trkpt lat="45.828778" lon="7.822519">
        <ele>1628.3</ele>
      </trkpt>
      <trkpt lat="45.82871" lon="7.822525">
        <ele>1628.1</ele>
      </trkpt>
      <trkpt lat="45.82864" lon="7.822532">
        <ele>1627.9</ele>
      </trkpt>
      <trkpt lat="45.82861" lon="7.822534">
        <ele>1627.7</ele>
      </trkpt>
      <trkpt lat="45.82859" lon="7.822534">
        <ele>1627.7</ele>
        <name>Onderwoaldweg, Gressoney-La-Trinité</name>
        <extensions>
          <oa:Extension>
            <oa:mapZoom>17</oa:mapZoom>
          </oa:Extension>
        </extensions>
      </trkpt>
      <trkpt lat="45.828451" lon="7.822535">
        <ele>1627.3</ele>
      </trkpt>
      <trkpt lat="45.828429" lon="7.822536">
        <ele>1627.2</ele>
      </trkpt>
      <trkpt lat="45.828261" lon="7.822545">
        <ele>1627.1</ele>
      </trkpt>
      <trkpt lat="45.828139" lon="7.822552">
        <ele>1626.9</ele>
      </trkpt>
      <trkpt lat="45.827806" lon="7.822583">
        <ele>1626.5</ele>
      </trkpt>
      <trkpt lat="45.827702" lon="7.822601">
        <ele>1626.3</ele>
      </trkpt>
      <trkpt lat="45.82761" lon="7.822622">
        <ele>1626.0</ele>
      </trkpt>
      <trkpt lat="45.827554" lon="7.82265">
        <ele>1625.8</ele>
      </trkpt>
      <trkpt lat="45.827493" lon="7.822677">
        <ele>1625.6</ele>
      </trkpt>
      <trkpt lat="45.82744" lon="7.822694">
        <ele>1625.5</ele>
        <name>Chiesa parrocchiale della Santissima Trinità, Gressoney-La-Trinité</name>
        <extensions>
          <oa:Extension>
            <oa:mapZoom>17</oa:mapZoom>
          </oa:Extension>
        </extensions>
      </trkpt>
      <trkpt lat="45.8272" lon="7.822823">
        <ele>1624.7</ele>
        <name>Condominio Castore, Gressoney-La-Trinité</name>
        <extensions>
          <oa:Extension>
            <oa:mapZoom>17</oa:mapZoom>
          </oa:Extension>
        </extensions>
      </trkpt>
      <trkpt lat="45.8272" lon="7.822813">
        <ele>1624.7</ele>
      </trkpt>
      <trkpt lat="45.827176" lon="7.822797">
        <ele>1624.7</ele>
      </trkpt>
      <trkpt lat="45.827142" lon="7.822793">
        <ele>1624.7</ele>
      </trkpt>
      <trkpt lat="45.827115" lon="7.822813">
        <ele>1624.6</ele>
      </trkpt>
      <trkpt lat="45.82709" lon="7.822814">
        <ele>1624.5</ele>
      </trkpt>
      <trkpt lat="45.827065" lon="7.822816">
        <ele>1624.5</ele>
      </trkpt>
      <trkpt lat="45.82704" lon="7.822817">
        <ele>1624.4</ele>
      </trkpt>
      <trkpt lat="45.827015" lon="7.822818">
        <ele>1624.3</ele>
      </trkpt>
      <trkpt lat="45.826988" lon="7.822802">
        <ele>1624.3</ele>
      </trkpt>
      <trkpt lat="45.826961" lon="7.822802">
        <ele>1624.2</ele>
      </trkpt>
      <trkpt lat="45.826955" lon="7.822816">
        <ele>1624.1</ele>
      </trkpt>
      <trkpt lat="45.826939" lon="7.822794">
        <ele>1624.1</ele>
      </trkpt>
      <trkpt lat="45.826928" lon="7.82275">
        <ele>1624.1</ele>
      </trkpt>
      <trkpt lat="45.826926" lon="7.822717">
        <ele>1624.1</ele>
      </trkpt>
      <trkpt lat="45.826897" lon="7.822705">
        <ele>1624.0</ele>
      </trkpt>
      <trkpt lat="45.826866" lon="7.82268">
        <ele>1623.9</ele>
      </trkpt>
      <trkpt lat="45.82683" lon="7.822735">
        <ele>1623.6</ele>
      </trkpt>
      <trkpt lat="45.826798" lon="7.82277">
        <ele>1623.5</ele>
      </trkpt>
      <trkpt lat="45.826734" lon="7.822811">
        <ele>1623.2</ele>
      </trkpt>
      <trkpt lat="45.826677" lon="7.822838">
        <ele>1623.0</ele>
      </trkpt>
      <trkpt lat="45.826279" lon="7.82298">
        <ele>1621.8</ele>
      </trkpt>
      <trkpt lat="45.826211" lon="7.823006">
        <ele>1621.6</ele>
      </trkpt>
      <trkpt lat="45.826036" lon="7.82307">
        <ele>1621.2</ele>
      </trkpt>
      <trkpt lat="45.825993" lon="7.823092">
        <ele>1621.0</ele>
      </trkpt>
      <trkpt lat="45.825727" lon="7.823224">
        <ele>1620.4</ele>
      </trkpt>
      <trkpt lat="45.825583" lon="7.823282">
        <ele>1620.0</ele>
      </trkpt>
      <trkpt lat="45.82557" lon="7.823181">
        <ele>1620.4</ele>
      </trkpt>
      <trkpt lat="45.825387" lon="7.823088">
        <ele>1621.8</ele>
      </trkpt>
      <trkpt lat="45.825252" lon="7.823174">
        <ele>1622.1</ele>
      </trkpt>
      <trkpt lat="45.825164" lon="7.823133">
        <ele>1622.5</ele>
      </trkpt>
      <trkpt lat="45.825101" lon="7.823073">
        <ele>1622.8</ele>
      </trkpt>
      <trkpt lat="45.82508" lon="7.823054">
        <ele>1622.9</ele>
      </trkpt>
      <trkpt lat="45.825035" lon="7.823019">
        <ele>1623.3</ele>
      </trkpt>
      <trkpt lat="45.825001" lon="7.823001">
        <ele>1623.5</ele>
      </trkpt>
      <trkpt lat="45.824978" lon="7.823002">
        <ele>1623.4</ele>
      </trkpt>
      <trkpt lat="45.824957" lon="7.823016">
        <ele>1623.2</ele>
      </trkpt>
      <trkpt lat="45.824934" lon="7.823022">
        <ele>1623.0</ele>
      </trkpt>
      <trkpt lat="45.8249" lon="7.823025">
        <ele>1622.9</ele>
      </trkpt>
      <trkpt lat="45.82487" lon="7.823027">
        <ele>1622.9</ele>
      </trkpt>
      <trkpt lat="45.824838" lon="7.823033">
        <ele>1622.8</ele>
      </trkpt>
      <trkpt lat="45.824799" lon="7.823023">
        <ele>1622.9</ele>
      </trkpt>
      <trkpt lat="45.824771" lon="7.823005">
        <ele>1623.1</ele>
      </trkpt>
      <trkpt lat="45.824713" lon="7.823">
        <ele>1623.3</ele>
      </trkpt>
      <trkpt lat="45.824652" lon="7.822989">
        <ele>1623.9</ele>
      </trkpt>
      <trkpt lat="45.824619" lon="7.823018">
        <ele>1623.9</ele>
      </trkpt>
      <trkpt lat="45.824585" lon="7.823011">
        <ele>1624.5</ele>
      </trkpt>
      <trkpt lat="45.824486" lon="7.823054">
        <ele>1625.4</ele>
      </trkpt>
      <trkpt lat="45.824413" lon="7.823062">
        <ele>1626.5</ele>
      </trkpt>
      <trkpt lat="45.824383" lon="7.823077">
        <ele>1626.7</ele>
      </trkpt>
      <trkpt lat="45.824282" lon="7.823092">
        <ele>1627.0</ele>
      </trkpt>
      <trkpt lat="45.824183" lon="7.823172">
        <ele>1624.8</ele>
      </trkpt>
      <trkpt lat="45.823906" lon="7.822958">
        <ele>1627.8</ele>
      </trkpt>
      <trkpt lat="45.823683" lon="7.822574">
        <ele>1635.5</ele>
      </trkpt>
      <trkpt lat="45.82361" lon="7.822563">
        <ele>1635.9</ele>
      </trkpt>
      <trkpt lat="45.823233" lon="7.822587">
        <ele>1636.3</ele>
      </trkpt>
      <trkpt lat="45.822927" lon="7.822678">
        <ele>1639.7</ele>
      </trkpt>
      <trkpt lat="45.822639" lon="7.82269">
        <ele>1642.3</ele>
      </trkpt>
      <trkpt lat="45.822351" lon="7.822702">
        <ele>1649.4</ele>
      </trkpt>
      <trkpt lat="45.822171" lon="7.822601">
        <ele>1655.4</ele>
      </trkpt>
      <trkpt lat="45.822082" lon="7.822466">
        <ele>1661.1</ele>
      </trkpt>
      <trkpt lat="45.821993" lon="7.822405">
        <ele>1663.6</ele>
      </trkpt>
      <trkpt lat="45.821813" lon="7.822273">
        <ele>1670.3</ele>
      </trkpt>
      <trkpt lat="45.821452" lon="7.822187">
        <ele>1678.4</ele>
      </trkpt>
      <trkpt lat="45.821091" lon="7.822101">
        <ele>1688.4</ele>
      </trkpt>
      <trkpt lat="45.820756" lon="7.822047">
        <ele>1698.9</ele>
      </trkpt>
      <trkpt lat="45.820422" lon="7.821994">
        <ele>1706.8</ele>
      </trkpt>
      <trkpt lat="45.820179" lon="7.821933">
        <ele>1710.0</ele>
      </trkpt>
      <trkpt lat="45.820035" lon="7.821787">
        <ele>1716.0</ele>
      </trkpt>
      <trkpt lat="45.819887" lon="7.821574">
        <ele>1724.0</ele>
      </trkpt>
      <trkpt lat="45.819741" lon="7.821541">
        <ele>1723.9</ele>
      </trkpt>
      <trkpt lat="45.819521" lon="7.821525">
        <ele>1725.0</ele>
      </trkpt>
      <trkpt lat="45.819401" lon="7.821552">
        <ele>1726.2</ele>
      </trkpt>
      <trkpt lat="45.819207" lon="7.821482">
        <ele>1730.1</ele>
      </trkpt>
      <trkpt lat="45.819025" lon="7.821605">
        <ele>1729.3</ele>
      </trkpt>
      <trkpt lat="45.818852" lon="7.821648">
        <ele>1731.2</ele>
      </trkpt>
      <trkpt lat="45.8187" lon="7.8216">
        <ele>1737.8</ele>
      </trkpt>
      <trkpt lat="45.818605" lon="7.821638">
        <ele>1738.9</ele>
      </trkpt>
      <trkpt lat="45.818469" lon="7.82158">
        <ele>1746.4</ele>
      </trkpt>
      <trkpt lat="45.818224" lon="7.821114">
        <ele>1765.0</ele>
      </trkpt>
      <trkpt lat="45.81791" lon="7.820749">
        <ele>1775.0</ele>
      </trkpt>
      <trkpt lat="45.817596" lon="7.820384">
        <ele>1786.1</ele>
      </trkpt>
      <trkpt lat="45.81741" lon="7.820112">
        <ele>1786.1</ele>
      </trkpt>
      <trkpt lat="45.817356" lon="7.819719">
        <ele>1790.3</ele>
      </trkpt>
      <trkpt lat="45.817232" lon="7.819619">
        <ele>1789.4</ele>
      </trkpt>
      <trkpt lat="45.817073" lon="7.819487">
        <ele>1794.6</ele>
      </trkpt>
      <trkpt lat="45.816745" lon="7.819456">
        <ele>1801.1</ele>
      </trkpt>
      <trkpt lat="45.816488" lon="7.819433">
        <ele>1811.2</ele>
      </trkpt>
      <trkpt lat="45.816356" lon="7.819425">
        <ele>1814.4</ele>
      </trkpt>
      <trkpt lat="45.816201" lon="7.819374">
        <ele>1817.4</ele>
      </trkpt>
      <trkpt lat="45.816095" lon="7.819201">
        <ele>1817.9</ele>
      </trkpt>
      <trkpt lat="45.816007" lon="7.819024">
        <ele>1815.3</ele>
      </trkpt>
      <trkpt lat="45.815938" lon="7.818837">
        <ele>1816.9</ele>
      </trkpt>
      <trkpt lat="45.815842" lon="7.818719">
        <ele>1816.8</ele>
      </trkpt>
      <trkpt lat="45.81575" lon="7.818715">
        <ele>1817.4</ele>
      </trkpt>
      <trkpt lat="45.815702" lon="7.818734">
        <ele>1818.4</ele>
      </trkpt>
      <trkpt lat="45.815654" lon="7.818864">
        <ele>1813.7</ele>
      </trkpt>
      <trkpt lat="45.815556" lon="7.818937">
        <ele>1812.1</ele>
      </trkpt>
      <trkpt lat="45.815418" lon="7.818942">
        <ele>1814.6</ele>
      </trkpt>
      <trkpt lat="45.815291" lon="7.818904">
        <ele>1818.3</ele>
      </trkpt>
      <trkpt lat="45.815267" lon="7.818925">
        <ele>1818.4</ele>
      </trkpt>
      <trkpt lat="45.815184" lon="7.819137">
        <ele>1815.8</ele>
      </trkpt>
      <trkpt lat="45.815159" lon="7.819165">
        <ele>1816.4</ele>
        <name>Strada Regionale 44 della Valle del Lys, Gressoney-Saint-Jean</name>
        <extensions>
          <oa:Extension>
            <oa:mapZoom>18</oa:mapZoom>
          </oa:Extension>
        </extensions>
      </trkpt>
      <trkpt lat="45.81513" lon="7.819198">
        <ele>1817.0</ele>
      </trkpt>
      <trkpt lat="45.815031" lon="7.819302">
        <ele>1815.1</ele>
      </trkpt>
      <trkpt lat="45.81478" lon="7.819358">
        <ele>1817.3</ele>
      </trkpt>
      <trkpt lat="45.814457" lon="7.819366">
        <ele>1819.1</ele>
      </trkpt>
      <trkpt lat="45.814216" lon="7.819498">
        <ele>1816.1</ele>
      </trkpt>
      <trkpt lat="45.813966" lon="7.819471">
        <ele>1817.3</ele>
      </trkpt>
      <trkpt lat="45.813797" lon="7.819419">
        <ele>1815.3</ele>
      </trkpt>
      <trkpt lat="45.813595" lon="7.819369">
        <ele>1813.3</ele>
      </trkpt>
      <trkpt lat="45.813247" lon="7.819429">
        <ele>1805.9</ele>
      </trkpt>
      <trkpt lat="45.813001" lon="7.819392">
        <ele>1805.0</ele>
      </trkpt>
      <trkpt lat="45.812773" lon="7.81936">
        <ele>1802.6</ele>
      </trkpt>
      <trkpt lat="45.812548" lon="7.819209">
        <ele>1804.9</ele>
      </trkpt>
      <trkpt lat="45.812417" lon="7.819011">
        <ele>1805.5</ele>
      </trkpt>
      <trkpt lat="45.812365" lon="7.818992">
        <ele>1804.9</ele>
      </trkpt>
      <trkpt lat="45.812322" lon="7.819081">
        <ele>1802.0</ele>
      </trkpt>
      <trkpt lat="45.812179" lon="7.819078">
        <ele>1799.2</ele>
      </trkpt>
      <trkpt lat="45.811963" lon="7.818857">
        <ele>1799.9</ele>
      </trkpt>
      <trkpt lat="45.811875" lon="7.818955">
        <ele>1797.8</ele>
      </trkpt>
      <trkpt lat="45.811813" lon="7.818932">
        <ele>1797.8</ele>
      </trkpt>
      <trkpt lat="45.811697" lon="7.818869">
        <ele>1798.9</ele>
      </trkpt>
      <trkpt lat="45.811553" lon="7.818781">
        <ele>1799.8</ele>
      </trkpt>
      <trkpt lat="45.811377" lon="7.818707">
        <ele>1800.1</ele>
      </trkpt>
      <trkpt lat="45.811331" lon="7.818684">
        <ele>1799.0</ele>
      </trkpt>
      <trkpt lat="45.811293" lon="7.818637">
        <ele>1797.6</ele>
      </trkpt>
      <trkpt lat="45.811157" lon="7.818287">
        <ele>1796.4</ele>
      </trkpt>
      <trkpt lat="45.811081" lon="7.818194">
        <ele>1795.7</ele>
        <name>Hòbelté, Gressoney-Saint-Jean</name>
        <extensions>
          <oa:Extension>
            <oa:mapZoom>18</oa:mapZoom>
          </oa:Extension>
        </extensions>
      </trkpt>
      <trkpt lat="45.811058" lon="7.818165">
        <ele>1795.5</ele>
      </trkpt>
      <trkpt lat="45.810974" lon="7.818055">
        <ele>1796.7</ele>
      </trkpt>
      <trkpt lat="45.810868" lon="7.818046">
        <ele>1795.5</ele>
      </trkpt>
      <trkpt lat="45.810836" lon="7.817979">
        <ele>1797.9</ele>
      </trkpt>
      <trkpt lat="45.810591" lon="7.81782">
        <ele>1799.3</ele>
      </trkpt>
      <trkpt lat="45.810551" lon="7.817819">
        <ele>1798.2</ele>
      </trkpt>
      <trkpt lat="45.810493" lon="7.817766">
        <ele>1797.3</ele>
      </trkpt>
      <trkpt lat="45.810463" lon="7.817577">
        <ele>1799.3</ele>
      </trkpt>
      <trkpt lat="45.810409" lon="7.817406">
        <ele>1800.6</ele>
      </trkpt>
      <trkpt lat="45.810365" lon="7.817316">
        <ele>1801.1</ele>
      </trkpt>
      <trkpt lat="45.810263" lon="7.817258">
        <ele>1798.4</ele>
      </trkpt>
      <trkpt lat="45.810259" lon="7.817192">
        <ele>1800.0</ele>
      </trkpt>
      <trkpt lat="45.810244" lon="7.817128">
        <ele>1800.9</ele>
      </trkpt>
      <trkpt lat="45.810217" lon="7.817115">
        <ele>1800.5</ele>
      </trkpt>
      <trkpt lat="45.810155" lon="7.817077">
        <ele>1800.5</ele>
      </trkpt>
      <trkpt lat="45.809932" lon="7.816934">
        <ele>1801.4</ele>
      </trkpt>
      <trkpt lat="45.809858" lon="7.81684">
        <ele>1802.3</ele>
      </trkpt>
      <trkpt lat="45.809808" lon="7.8168">
        <ele>1802.7</ele>
      </trkpt>
      <trkpt lat="45.809689" lon="7.816704">
        <ele>1804.0</ele>
      </trkpt>
      <trkpt lat="45.809617" lon="7.816585">
        <ele>1805.9</ele>
      </trkpt>
      <trkpt lat="45.809544" lon="7.816558">
        <ele>1805.6</ele>
      </trkpt>
      <trkpt lat="45.809488" lon="7.816518">
        <ele>1806.5</ele>
      </trkpt>
      <trkpt lat="45.809472" lon="7.816472">
        <ele>1808.4</ele>
      </trkpt>
      <trkpt lat="45.809438" lon="7.816455">
        <ele>1808.4</ele>
      </trkpt>
      <trkpt lat="45.809402" lon="7.81642">
        <ele>1808.8</ele>
      </trkpt>
      <trkpt lat="45.809377" lon="7.816401">
        <ele>1808.7</ele>
      </trkpt>
      <trkpt lat="45.809357" lon="7.816363">
        <ele>1809.3</ele>
      </trkpt>
      <trkpt lat="45.809352" lon="7.816337">
        <ele>1810.1</ele>
      </trkpt>
      <trkpt lat="45.809359" lon="7.816322">
        <ele>1810.9</ele>
      </trkpt>
      <trkpt lat="45.80937" lon="7.816322">
        <ele>1811.4</ele>
      </trkpt>
      <trkpt lat="45.809389" lon="7.81635">
        <ele>1811.1</ele>
      </trkpt>
      <trkpt lat="45.809405" lon="7.816333">
        <ele>1812.6</ele>
      </trkpt>
      <trkpt lat="45.809399" lon="7.816315">
        <ele>1813.0</ele>
      </trkpt>
      <trkpt lat="45.809399" lon="7.816286">
        <ele>1814.2</ele>
      </trkpt>
      <trkpt lat="45.809438" lon="7.816207">
        <ele>1819.5</ele>
      </trkpt>
      <trkpt lat="45.809444" lon="7.816181">
        <ele>1820.7</ele>
      </trkpt>
      <trkpt lat="45.809425" lon="7.816066">
        <ele>1824.6</ele>
      </trkpt>
      <trkpt lat="45.809356" lon="7.816001">
        <ele>1826.7</ele>
      </trkpt>
      <trkpt lat="45.809304" lon="7.816018">
        <ele>1825.3</ele>
      </trkpt>
      <trkpt lat="45.809226" lon="7.816022">
        <ele>1825.4</ele>
      </trkpt>
      <trkpt lat="45.809149" lon="7.815993">
        <ele>1827.7</ele>
      </trkpt>
      <trkpt lat="45.80912" lon="7.815985">
        <ele>1828.0</ele>
      </trkpt>
      <trkpt lat="45.809064" lon="7.815936">
        <ele>1829.8</ele>
      </trkpt>
      <trkpt lat="45.808987" lon="7.815848">
        <ele>1830.6</ele>
      </trkpt>
      <trkpt lat="45.808912" lon="7.815741">
        <ele>1832.7</ele>
      </trkpt>
      <trkpt lat="45.808875" lon="7.815741">
        <ele>1832.5</ele>
      </trkpt>
      <trkpt lat="45.808811" lon="7.815728">
        <ele>1833.2</ele>
      </trkpt>
      <trkpt lat="45.808702" lon="7.815666">
        <ele>1834.8</ele>
      </trkpt>
      <trkpt lat="45.808566" lon="7.815629">
        <ele>1833.3</ele>
      </trkpt>
      <trkpt lat="45.80848" lon="7.815584">
        <ele>1835.3</ele>
      </trkpt>
      <trkpt lat="45.808344" lon="7.815476">
        <ele>1839.1</ele>
      </trkpt>
      <trkpt lat="45.80824" lon="7.815397">
        <ele>1841.0</ele>
      </trkpt>
      <trkpt lat="45.808174" lon="7.815397">
        <ele>1840.4</ele>
      </trkpt>
      <trkpt lat="45.808067" lon="7.815364">
        <ele>1841.8</ele>
      </trkpt>
      <trkpt lat="45.807954" lon="7.815305">
        <ele>1844.1</ele>
      </trkpt>
      <trkpt lat="45.807928" lon="7.815234">
        <ele>1847.1</ele>
      </trkpt>
      <trkpt lat="45.807881" lon="7.815171">
        <ele>1848.8</ele>
      </trkpt>
      <trkpt lat="45.807804" lon="7.815071">
        <ele>1849.6</ele>
      </trkpt>
      <trkpt lat="45.807756" lon="7.814962">
        <ele>1850.6</ele>
      </trkpt>
      <trkpt lat="45.807695" lon="7.814904">
        <ele>1848.8</ele>
      </trkpt>
      <trkpt lat="45.807608" lon="7.814712">
        <ele>1848.8</ele>
      </trkpt>
      <trkpt lat="45.80757" lon="7.814499">
        <ele>1852.7</ele>
      </trkpt>
      <trkpt lat="45.807509" lon="7.814441">
        <ele>1851.3</ele>
      </trkpt>
      <trkpt lat="45.807462" lon="7.81432">
        <ele>1852.3</ele>
      </trkpt>
      <trkpt lat="45.807483" lon="7.814241">
        <ele>1856.1</ele>
      </trkpt>
      <trkpt lat="45.807506" lon="7.814136">
        <ele>1858.9</ele>
      </trkpt>
      <trkpt lat="45.807473" lon="7.813981">
        <ele>1857.3</ele>
      </trkpt>
      <trkpt lat="45.807443" lon="7.81385">
        <ele>1859.2</ele>
      </trkpt>
      <trkpt lat="45.807385" lon="7.813824">
        <ele>1859.9</ele>
      </trkpt>
      <trkpt lat="45.807306" lon="7.814005">
        <ele>1855.4</ele>
      </trkpt>
      <trkpt lat="45.807167" lon="7.814103">
        <ele>1861.2</ele>
      </trkpt>
      <trkpt lat="45.807138" lon="7.814197">
        <ele>1861.3</ele>
      </trkpt>
      <trkpt lat="45.807105" lon="7.814368">
        <ele>1857.6</ele>
      </trkpt>
      <trkpt lat="45.807084" lon="7.814474">
        <ele>1853.9</ele>
      </trkpt>
      <trkpt lat="45.807043" lon="7.814516">
        <ele>1854.1</ele>
      </trkpt>
      <trkpt lat="45.806912" lon="7.814569">
        <ele>1856.2</ele>
      </trkpt>
      <trkpt lat="45.806751" lon="7.81464">
        <ele>1856.4</ele>
      </trkpt>
      <trkpt lat="45.806681" lon="7.814746">
        <ele>1857.6</ele>
      </trkpt>
      <trkpt lat="45.806574" lon="7.814858">
        <ele>1857.9</ele>
      </trkpt>
      <trkpt lat="45.806509" lon="7.814976">
        <ele>1852.7</ele>
      </trkpt>
      <trkpt lat="45.806443" lon="7.815017">
        <ele>1852.2</ele>
      </trkpt>
      <trkpt lat="45.806319" lon="7.815059">
        <ele>1853.4</ele>
      </trkpt>
      <trkpt lat="45.806266" lon="7.815106">
        <ele>1852.1</ele>
      </trkpt>
      <trkpt lat="45.806192" lon="7.815194">
        <ele>1849.2</ele>
      </trkpt>
      <trkpt lat="45.806073" lon="7.815253">
        <ele>1852.3</ele>
      </trkpt>
      <trkpt lat="45.806085" lon="7.815329">
        <ele>1849.4</ele>
      </trkpt>
      <trkpt lat="45.806003" lon="7.815468">
        <ele>1852.8</ele>
      </trkpt>
      <trkpt lat="45.805973" lon="7.815587">
        <ele>1853.2</ele>
      </trkpt>
      <trkpt lat="45.805953" lon="7.815723">
        <ele>1853.4</ele>
      </trkpt>
      <trkpt lat="45.806019" lon="7.815804">
        <ele>1848.0</ele>
      </trkpt>
      <trkpt lat="45.806054" lon="7.815816">
        <ele>1844.9</ele>
      </trkpt>
      <trkpt lat="45.806054" lon="7.815958">
        <ele>1841.0</ele>
      </trkpt>
      <trkpt lat="45.806044" lon="7.816014">
        <ele>1839.8</ele>
      </trkpt>
      <trkpt lat="45.806024" lon="7.816153">
        <ele>1836.0</ele>
      </trkpt>
      <trkpt lat="45.806001" lon="7.816315">
        <ele>1831.0</ele>
      </trkpt>
      <trkpt lat="45.805974" lon="7.816413">
        <ele>1828.8</ele>
      </trkpt>
      <trkpt lat="45.805935" lon="7.816463">
        <ele>1828.8</ele>
      </trkpt>
      <trkpt lat="45.805921" lon="7.816504">
        <ele>1828.0</ele>
      </trkpt>
      <trkpt lat="45.805898" lon="7.816596">
        <ele>1825.6</ele>
      </trkpt>
      <trkpt lat="45.805867" lon="7.81667">
        <ele>1823.9</ele>
      </trkpt>
      <trkpt lat="45.80583" lon="7.816723">
        <ele>1822.4</ele>
      </trkpt>
      <trkpt lat="45.805797" lon="7.816777">
        <ele>1820.2</ele>
      </trkpt>
      <trkpt lat="45.805794" lon="7.816821">
        <ele>1818.2</ele>
      </trkpt>
      <trkpt lat="45.805894" lon="7.816881">
        <ele>1814.8</ele>
      </trkpt>
      <trkpt lat="45.805838" lon="7.816944">
        <ele>1812.3</ele>
      </trkpt>
      <trkpt lat="45.805793" lon="7.817">
        <ele>1809.1</ele>
      </trkpt>
      <trkpt lat="45.805697" lon="7.817021">
        <ele>1807.9</ele>
      </trkpt>
      <trkpt lat="45.805638" lon="7.817073">
        <ele>1805.2</ele>
      </trkpt>
      <trkpt lat="45.805576" lon="7.817175">
        <ele>1800.1</ele>
      </trkpt>
      <trkpt lat="45.805567" lon="7.817304">
        <ele>1794.9</ele>
      </trkpt>
      <trkpt lat="45.805498" lon="7.817384">
        <ele>1792.3</ele>
      </trkpt>
      <trkpt lat="45.805404" lon="7.817443">
        <ele>1789.6</ele>
      </trkpt>
      <trkpt lat="45.805305" lon="7.817462">
        <ele>1789.8</ele>
      </trkpt>
      <trkpt lat="45.805197" lon="7.817363">
        <ele>1796.6</ele>
      </trkpt>
      <trkpt lat="45.805144" lon="7.817257">
        <ele>1801.4</ele>
      </trkpt>
      <trkpt lat="45.80506" lon="7.817213">
        <ele>1801.8</ele>
      </trkpt>
      <trkpt lat="45.804997" lon="7.817175">
        <ele>1802.8</ele>
      </trkpt>
      <trkpt lat="45.80489" lon="7.817162">
        <ele>1802.8</ele>
      </trkpt>
      <trkpt lat="45.804757" lon="7.817051">
        <ele>1813.3</ele>
      </trkpt>
      <trkpt lat="45.804667" lon="7.817068">
        <ele>1815.4</ele>
      </trkpt>
      <trkpt lat="45.804576" lon="7.817051">
        <ele>1816.5</ele>
      </trkpt>
      <trkpt lat="45.804499" lon="7.817097">
        <ele>1811.7</ele>
      </trkpt>
      <trkpt lat="45.804394" lon="7.817159">
        <ele>1809.2</ele>
      </trkpt>
      <trkpt lat="45.804358" lon="7.817235">
        <ele>1805.6</ele>
      </trkpt>
      <trkpt lat="45.804261" lon="7.817316">
        <ele>1802.4</ele>
      </trkpt>
      <trkpt lat="45.804196" lon="7.817357">
        <ele>1801.4</ele>
      </trkpt>
      <trkpt lat="45.804093" lon="7.817381">
        <ele>1803.6</ele>
      </trkpt>
      <trkpt lat="45.804032" lon="7.817367">
        <ele>1806.8</ele>
      </trkpt>
      <trkpt lat="45.803991" lon="7.817427">
        <ele>1804.9</ele>
      </trkpt>
      <trkpt lat="45.803876" lon="7.817446">
        <ele>1806.6</ele>
      </trkpt>
      <trkpt lat="45.803786" lon="7.817489">
        <ele>1805.0</ele>
      </trkpt>
      <trkpt lat="45.803686" lon="7.817462">
        <ele>1806.9</ele>
      </trkpt>
      <trkpt lat="45.803599" lon="7.81743">
        <ele>1809.0</ele>
      </trkpt>
      <trkpt lat="45.803458" lon="7.817503">
        <ele>1806.9</ele>
      </trkpt>
      <trkpt lat="45.803303" lon="7.817486">
        <ele>1804.4</ele>
      </trkpt>
      <trkpt lat="45.803273" lon="7.81744">
        <ele>1804.9</ele>
      </trkpt>
      <trkpt lat="45.803216" lon="7.817411">
        <ele>1803.8</ele>
      </trkpt>
      <trkpt lat="45.803126" lon="7.817354">
        <ele>1802.3</ele>
      </trkpt>
      <trkpt lat="45.803045" lon="7.817351">
        <ele>1798.6</ele>
      </trkpt>
      <trkpt lat="45.802958" lon="7.817254">
        <ele>1799.2</ele>
      </trkpt>
      <trkpt lat="45.802905" lon="7.817211">
        <ele>1798.6</ele>
      </trkpt>
      <trkpt lat="45.802819" lon="7.817235">
        <ele>1794.3</ele>
      </trkpt>
      <trkpt lat="45.802772" lon="7.817211">
        <ele>1793.6</ele>
      </trkpt>
      <trkpt lat="45.802692" lon="7.817186">
        <ele>1792.1</ele>
      </trkpt>
      <trkpt lat="45.802604" lon="7.817178">
        <ele>1789.2</ele>
      </trkpt>
      <trkpt lat="45.80253" lon="7.817154">
        <ele>1787.4</ele>
      </trkpt>
      <trkpt lat="45.80243" lon="7.817148">
        <ele>1784.4</ele>
      </trkpt>
      <trkpt lat="45.802359" lon="7.8172">
        <ele>1780.4</ele>
      </trkpt>
      <trkpt lat="45.802272" lon="7.817221">
        <ele>1776.8</ele>
      </trkpt>
      <trkpt lat="45.80215" lon="7.81717">
        <ele>1774.1</ele>
      </trkpt>
      <trkpt lat="45.802061" lon="7.8172">
        <ele>1770.9</ele>
      </trkpt>
      <trkpt lat="45.802008" lon="7.817248">
        <ele>1768.4</ele>
      </trkpt>
      <trkpt lat="45.801935" lon="7.817219">
        <ele>1767.6</ele>
      </trkpt>
      <trkpt lat="45.801839" lon="7.817121">
        <ele>1767.3</ele>
      </trkpt>
      <trkpt lat="45.801714" lon="7.817">
        <ele>1766.5</ele>
      </trkpt>
      <trkpt lat="45.801612" lon="7.817032">
        <ele>1762.2</ele>
      </trkpt>
      <trkpt lat="45.801513" lon="7.816986">
        <ele>1763.5</ele>
      </trkpt>
      <trkpt lat="45.801384" lon="7.816916">
        <ele>1767.0</ele>
      </trkpt>
      <trkpt lat="45.801249" lon="7.81691">
        <ele>1762.9</ele>
      </trkpt>
      <trkpt lat="45.801109" lon="7.816843">
        <ele>1763.8</ele>
      </trkpt>
      <trkpt lat="45.800883" lon="7.816819">
        <ele>1764.4</ele>
      </trkpt>
      <trkpt lat="45.800815" lon="7.816767">
        <ele>1766.6</ele>
      </trkpt>
      <trkpt lat="45.800744" lon="7.816762">
        <ele>1764.9</ele>
      </trkpt>
      <trkpt lat="45.800668" lon="7.816697">
        <ele>1766.8</ele>
      </trkpt>
      <trkpt lat="45.80058" lon="7.816713">
        <ele>1767.4</ele>
      </trkpt>
      <trkpt lat="45.800497" lon="7.816705">
        <ele>1770.2</ele>
      </trkpt>
      <trkpt lat="45.800423" lon="7.816683">
        <ele>1773.6</ele>
      </trkpt>
      <trkpt lat="45.800295" lon="7.816705">
        <ele>1776.8</ele>
      </trkpt>
      <trkpt lat="45.800141" lon="7.816691">
        <ele>1777.9</ele>
      </trkpt>
      <trkpt lat="45.800067" lon="7.81667">
        <ele>1778.0</ele>
      </trkpt>
      <trkpt lat="45.79998" lon="7.816632">
        <ele>1778.3</ele>
      </trkpt>
      <trkpt lat="45.799907" lon="7.816632">
        <ele>1778.2</ele>
      </trkpt>
      <trkpt lat="45.799871" lon="7.816575">
        <ele>1780.0</ele>
      </trkpt>
      <trkpt lat="45.799777" lon="7.816518">
        <ele>1781.0</ele>
      </trkpt>
      <trkpt lat="45.799666" lon="7.816418">
        <ele>1778.7</ele>
      </trkpt>
      <trkpt lat="45.799594" lon="7.816337">
        <ele>1778.9</ele>
      </trkpt>
      <trkpt lat="45.7995" lon="7.816202">
        <ele>1781.1</ele>
      </trkpt>
      <trkpt lat="45.799448" lon="7.816085">
        <ele>1782.2</ele>
      </trkpt>
      <trkpt lat="45.799412" lon="7.816111">
        <ele>1781.2</ele>
      </trkpt>
      <trkpt lat="45.799365" lon="7.816131">
        <ele>1780.8</ele>
      </trkpt>
      <trkpt lat="45.799342" lon="7.816144">
        <ele>1780.7</ele>
      </trkpt>
      <trkpt lat="45.7993" lon="7.816183">
        <ele>1780.6</ele>
      </trkpt>
      <trkpt lat="45.799257" lon="7.816229">
        <ele>1780.5</ele>
      </trkpt>
      <trkpt lat="45.799216" lon="7.816279">
        <ele>1780.2</ele>
      </trkpt>
      <trkpt lat="45.799184" lon="7.816301">
        <ele>1780.2</ele>
      </trkpt>
      <trkpt lat="45.799154" lon="7.816313">
        <ele>1780.2</ele>
      </trkpt>
      <trkpt lat="45.799113" lon="7.816332">
        <ele>1780.1</ele>
      </trkpt>
      <trkpt lat="45.799041" lon="7.81629">
        <ele>1779.2</ele>
      </trkpt>
      <trkpt lat="45.798859" lon="7.816177">
        <ele>1773.0</ele>
      </trkpt>
      <trkpt lat="45.798851" lon="7.816091">
        <ele>1771.9</ele>
      </trkpt>
      <trkpt lat="45.798809" lon="7.815982">
        <ele>1769.1</ele>
      </trkpt>
      <trkpt lat="45.798776" lon="7.815948">
        <ele>1767.5</ele>
      </trkpt>
      <trkpt lat="45.798754" lon="7.81592">
        <ele>1766.5</ele>
      </trkpt>
      <trkpt lat="45.798735" lon="7.815881">
        <ele>1765.8</ele>
      </trkpt>
      <trkpt lat="45.798701" lon="7.815838">
        <ele>1764.6</ele>
      </trkpt>
      <trkpt lat="45.798654" lon="7.815838">
        <ele>1762.0</ele>
      </trkpt>
      <trkpt lat="45.798576" lon="7.815817">
        <ele>1758.3</ele>
      </trkpt>
      <trkpt lat="45.798498" lon="7.815798">
        <ele>1754.7</ele>
      </trkpt>
      <trkpt lat="45.798444" lon="7.815767">
        <ele>1753.2</ele>
      </trkpt>
      <trkpt lat="45.798381" lon="7.815737">
        <ele>1751.2</ele>
      </trkpt>
      <trkpt lat="45.798343" lon="7.815721">
        <ele>1750.0</ele>
      </trkpt>
      <trkpt lat="45.798326" lon="7.815825">
        <ele>1745.8</ele>
      </trkpt>
      <trkpt lat="45.798325" lon="7.815884">
        <ele>1743.9</ele>
      </trkpt>
      <trkpt lat="45.7983" lon="7.815892">
        <ele>1742.5</ele>
      </trkpt>
      <trkpt lat="45.798276" lon="7.815908">
        <ele>1741.0</ele>
      </trkpt>
      <trkpt lat="45.798302" lon="7.816008">
        <ele>1739.0</ele>
      </trkpt>
      <trkpt lat="45.798326" lon="7.816123">
        <ele>1736.3</ele>
      </trkpt>
      <trkpt lat="45.79837" lon="7.81628">
        <ele>1733.6</ele>
      </trkpt>
      <trkpt lat="45.798374" lon="7.816328">
        <ele>1732.4</ele>
      </trkpt>
      <trkpt lat="45.798359" lon="7.816321">
        <ele>1731.5</ele>
      </trkpt>
      <trkpt lat="45.798323" lon="7.816316">
        <ele>1729.4</ele>
      </trkpt>
      <trkpt lat="45.798313" lon="7.816364">
        <ele>1726.9</ele>
      </trkpt>
      <trkpt lat="45.798332" lon="7.816441">
        <ele>1725.2</ele>
      </trkpt>
      <trkpt lat="45.798361" lon="7.816516">
        <ele>1725.0</ele>
      </trkpt>
      <trkpt lat="45.798349" lon="7.816588">
        <ele>1722.2</ele>
      </trkpt>
      <trkpt lat="45.798301" lon="7.816545">
        <ele>1719.8</ele>
      </trkpt>
      <trkpt lat="45.798262" lon="7.816497">
        <ele>1719.0</ele>
      </trkpt>
      <trkpt lat="45.798229" lon="7.816524">
        <ele>1716.8</ele>
      </trkpt>
      <trkpt lat="45.798182" lon="7.816487">
        <ele>1715.8</ele>
      </trkpt>
      <trkpt lat="45.798164" lon="7.816494">
        <ele>1714.8</ele>
      </trkpt>
      <trkpt lat="45.798166" lon="7.816545">
        <ele>1713.4</ele>
      </trkpt>
      <trkpt lat="45.798158" lon="7.816679">
        <ele>1710.8</ele>
      </trkpt>
      <trkpt lat="45.79815" lon="7.8167">
        <ele>1709.9</ele>
      </trkpt>
      <trkpt lat="45.798127" lon="7.81668">
        <ele>1709.1</ele>
      </trkpt>
      <trkpt lat="45.798098" lon="7.816618">
        <ele>1708.3</ele>
      </trkpt>
      <trkpt lat="45.798082" lon="7.81663">
        <ele>1707.3</ele>
      </trkpt>
      <trkpt lat="45.798063" lon="7.816733">
        <ele>1704.6</ele>
      </trkpt>
      <trkpt lat="45.798056" lon="7.816836">
        <ele>1701.4</ele>
      </trkpt>
      <trkpt lat="45.798042" lon="7.816857">
        <ele>1700.1</ele>
      </trkpt>
      <trkpt lat="45.798026" lon="7.816833">
        <ele>1700.0</ele>
      </trkpt>
      <trkpt lat="45.798003" lon="7.816826">
        <ele>1699.0</ele>
      </trkpt>
      <trkpt lat="45.797996" lon="7.816841">
        <ele>1698.2</ele>
      </trkpt>
      <trkpt lat="45.798012" lon="7.8169">
        <ele>1697.5</ele>
      </trkpt>
      <trkpt lat="45.798026" lon="7.816932">
        <ele>1697.0</ele>
      </trkpt>
      <trkpt lat="45.798041" lon="7.816966">
        <ele>1696.2</ele>
      </trkpt>
      <trkpt lat="45.79807" lon="7.816984">
        <ele>1696.0</ele>
      </trkpt>
      <trkpt lat="45.79808" lon="7.817014">
        <ele>1694.7</ele>
      </trkpt>
      <trkpt lat="45.798111" lon="7.817013">
        <ele>1695.2</ele>
      </trkpt>
      <trkpt lat="45.798099" lon="7.817045">
        <ele>1693.4</ele>
      </trkpt>
      <trkpt lat="45.798078" lon="7.817071">
        <ele>1691.8</ele>
      </trkpt>
      <trkpt lat="45.797997" lon="7.817119">
        <ele>1687.2</ele>
      </trkpt>
      <trkpt lat="45.797942" lon="7.817165">
        <ele>1682.4</ele>
      </trkpt>
      <trkpt lat="45.797904" lon="7.817158">
        <ele>1681.4</ele>
      </trkpt>
      <trkpt lat="45.797877" lon="7.817154">
        <ele>1680.5</ele>
      </trkpt>
      <trkpt lat="45.797861" lon="7.817188">
        <ele>1678.7</ele>
      </trkpt>
      <trkpt lat="45.797821" lon="7.817189">
        <ele>1677.1</ele>
      </trkpt>
      <trkpt lat="45.797818" lon="7.817205">
        <ele>1676.6</ele>
      </trkpt>
      <trkpt lat="45.797843" lon="7.81722">
        <ele>1677.1</ele>
      </trkpt>
      <trkpt lat="45.797854" lon="7.817243">
        <ele>1676.5</ele>
      </trkpt>
      <trkpt lat="45.797845" lon="7.817263">
        <ele>1675.7</ele>
      </trkpt>
      <trkpt lat="45.797816" lon="7.817252">
        <ele>1675.3</ele>
      </trkpt>
      <trkpt lat="45.797789" lon="7.817242">
        <ele>1674.4</ele>
      </trkpt>
      <trkpt lat="45.79777" lon="7.817226">
        <ele>1673.6</ele>
      </trkpt>
      <trkpt lat="45.797753" lon="7.817179">
        <ele>1673.3</ele>
      </trkpt>
      <trkpt lat="45.797743" lon="7.817143">
        <ele>1673.1</ele>
      </trkpt>
      <trkpt lat="45.79774" lon="7.817099">
        <ele>1673.4</ele>
      </trkpt>
      <trkpt lat="45.797726" lon="7.81708">
        <ele>1672.8</ele>
      </trkpt>
      <trkpt lat="45.79771" lon="7.817079">
        <ele>1671.6</ele>
      </trkpt>
      <trkpt lat="45.797706" lon="7.817132">
        <ele>1670.3</ele>
      </trkpt>
      <trkpt lat="45.797687" lon="7.817167">
        <ele>1668.3</ele>
      </trkpt>
      <trkpt lat="45.797652" lon="7.817204">
        <ele>1665.4</ele>
      </trkpt>
      <trkpt lat="45.797653" lon="7.817284">
        <ele>1663.7</ele>
      </trkpt>
      <trkpt lat="45.797681" lon="7.817372">
        <ele>1662.6</ele>
      </trkpt>
      <trkpt lat="45.797678" lon="7.817413">
        <ele>1660.9</ele>
      </trkpt>
      <trkpt lat="45.797661" lon="7.81741">
        <ele>1659.8</ele>
      </trkpt>
      <trkpt lat="45.797617" lon="7.817345">
        <ele>1659.6</ele>
      </trkpt>
      <trkpt lat="45.797586" lon="7.817306">
        <ele>1659.6</ele>
      </trkpt>
      <trkpt lat="45.797601" lon="7.8174">
        <ele>1656.8</ele>
      </trkpt>
      <trkpt lat="45.797593" lon="7.81742">
        <ele>1655.5</ele>
      </trkpt>
      <trkpt lat="45.797569" lon="7.817393">
        <ele>1655.4</ele>
      </trkpt>
      <trkpt lat="45.79754" lon="7.817316">
        <ele>1657.7</ele>
      </trkpt>
      <trkpt lat="45.797522" lon="7.817308">
        <ele>1657.5</ele>
      </trkpt>
      <trkpt lat="45.797515" lon="7.81734">
        <ele>1655.7</ele>
      </trkpt>
      <trkpt lat="45.797551" lon="7.817441">
        <ele>1652.1</ele>
      </trkpt>
      <trkpt lat="45.797566" lon="7.817518">
        <ele>1649.6</ele>
      </trkpt>
      <trkpt lat="45.797571" lon="7.817575">
        <ele>1647.7</ele>
      </trkpt>
      <trkpt lat="45.797577" lon="7.817635">
        <ele>1645.9</ele>
      </trkpt>
      <trkpt lat="45.797597" lon="7.817687">
        <ele>1645.1</ele>
      </trkpt>
      <trkpt lat="45.797623" lon="7.817704">
        <ele>1645.4</ele>
      </trkpt>
      <trkpt lat="45.797637" lon="7.817725">
        <ele>1644.9</ele>
      </trkpt>
      <trkpt lat="45.797613" lon="7.817737">
        <ele>1643.6</ele>
      </trkpt>
      <trkpt lat="45.797582" lon="7.817723">
        <ele>1643.0</ele>
      </trkpt>
      <trkpt lat="45.797546" lon="7.817707">
        <ele>1641.5</ele>
      </trkpt>
      <trkpt lat="45.79754" lon="7.817712">
        <ele>1641.0</ele>
      </trkpt>
      <trkpt lat="45.797539" lon="7.81773">
        <ele>1640.4</ele>
      </trkpt>
      <trkpt lat="45.797547" lon="7.817783">
        <ele>1639.0</ele>
      </trkpt>
      <trkpt lat="45.797546" lon="7.817801">
        <ele>1638.2</ele>
      </trkpt>
      <trkpt lat="45.79753" lon="7.817808">
        <ele>1637.2</ele>
      </trkpt>
      <trkpt lat="45.797508" lon="7.817804">
        <ele>1636.3</ele>
      </trkpt>
      <trkpt lat="45.797493" lon="7.817789">
        <ele>1636.1</ele>
      </trkpt>
      <trkpt lat="45.797481" lon="7.817804">
        <ele>1635.0</ele>
      </trkpt>
      <trkpt lat="45.79749" lon="7.817866">
        <ele>1633.2</ele>
      </trkpt>
      <trkpt lat="45.797508" lon="7.817904">
        <ele>1632.3</ele>
      </trkpt>
      <trkpt lat="45.797524" lon="7.81793">
        <ele>1631.6</ele>
      </trkpt>
      <trkpt lat="45.797499" lon="7.81795">
        <ele>1630.1</ele>
      </trkpt>
      <trkpt lat="45.797464" lon="7.81794">
        <ele>1629.5</ele>
      </trkpt>
      <trkpt lat="45.797444" lon="7.818012">
        <ele>1626.2</ele>
      </trkpt>
      <trkpt lat="45.797395" lon="7.818022">
        <ele>1624.2</ele>
      </trkpt>
      <trkpt lat="45.797419" lon="7.818079">
        <ele>1622.5</ele>
      </trkpt>
      <trkpt lat="45.79741" lon="7.818118">
        <ele>1620.3</ele>
      </trkpt>
      <trkpt lat="45.797363" lon="7.818126">
        <ele>1618.0</ele>
      </trkpt>
      <trkpt lat="45.797318" lon="7.818139">
        <ele>1614.9</ele>
      </trkpt>
      <trkpt lat="45.7973" lon="7.81819">
        <ele>1610.4</ele>
      </trkpt>
      <trkpt lat="45.79733" lon="7.818218">
        <ele>1610.1</ele>
      </trkpt>
      <trkpt lat="45.797375" lon="7.818254">
        <ele>1610.3</ele>
      </trkpt>
      <trkpt lat="45.797408" lon="7.818319">
        <ele>1608.4</ele>
      </trkpt>
      <trkpt lat="45.7974" lon="7.818346">
        <ele>1606.4</ele>
      </trkpt>
      <trkpt lat="45.797435" lon="7.818434">
        <ele>1603.6</ele>
      </trkpt>
      <trkpt lat="45.79746" lon="7.818483">
        <ele>1602.1</ele>
      </trkpt>
      <trkpt lat="45.797434" lon="7.818478">
        <ele>1601.3</ele>
      </trkpt>
      <trkpt lat="45.797423" lon="7.818496">
        <ele>1599.8</ele>
      </trkpt>
      <trkpt lat="45.797455" lon="7.818587">
        <ele>1596.9</ele>
      </trkpt>
      <trkpt lat="45.797474" lon="7.818688">
        <ele>1594.8</ele>
      </trkpt>
      <trkpt lat="45.7975" lon="7.818756">
        <ele>1593.5</ele>
      </trkpt>
      <trkpt lat="45.797601" lon="7.818842">
        <ele>1590.3</ele>
      </trkpt>
      <trkpt lat="45.797629" lon="7.818921">
        <ele>1586.8</ele>
      </trkpt>
      <trkpt lat="45.797619" lon="7.818993">
        <ele>1582.3</ele>
      </trkpt>
      <trkpt lat="45.797672" lon="7.819105">
        <ele>1576.7</ele>
      </trkpt>
      <trkpt lat="45.797823" lon="7.819185">
        <ele>1574.3</ele>
      </trkpt>
      <trkpt lat="45.797897" lon="7.819273">
        <ele>1570.6</ele>
      </trkpt>
      <trkpt lat="45.797933" lon="7.819349">
        <ele>1566.1</ele>
      </trkpt>
      <trkpt lat="45.797994" lon="7.819412">
        <ele>1562.6</ele>
      </trkpt>
      <trkpt lat="45.79791" lon="7.819496">
        <ele>1553.3</ele>
      </trkpt>
      <trkpt lat="45.797985" lon="7.81961">
        <ele>1553.7</ele>
      </trkpt>
      <trkpt lat="45.798073" lon="7.819654">
        <ele>1553.6</ele>
      </trkpt>
      <trkpt lat="45.798212" lon="7.819551">
        <ele>1549.7</ele>
      </trkpt>
      <trkpt lat="45.798291" lon="7.819567">
        <ele>1545.0</ele>
      </trkpt>
      <trkpt lat="45.798284" lon="7.819649">
        <ele>1543.1</ele>
      </trkpt>
      <trkpt lat="45.798295" lon="7.819696">
        <ele>1541.5</ele>
      </trkpt>
      <trkpt lat="45.798355" lon="7.819838">
        <ele>1534.2</ele>
      </trkpt>
      <trkpt lat="45.798411" lon="7.819919">
        <ele>1527.0</ele>
      </trkpt>
      <trkpt lat="45.798493" lon="7.819964">
        <ele>1520.4</ele>
      </trkpt>
      <trkpt lat="45.798544" lon="7.82001">
        <ele>1516.5</ele>
      </trkpt>
      <trkpt lat="45.79856" lon="7.820149">
        <ele>1510.5</ele>
      </trkpt>
      <trkpt lat="45.798504" lon="7.820299">
        <ele>1503.4</ele>
      </trkpt>
      <trkpt lat="45.798602" lon="7.820501">
        <ele>1493.8</ele>
      </trkpt>
      <trkpt lat="45.798593" lon="7.820581">
        <ele>1489.3</ele>
      </trkpt>
      <trkpt lat="45.798559" lon="7.820607">
        <ele>1487.2</ele>
      </trkpt>
      <trkpt lat="45.798503" lon="7.820612">
        <ele>1485.2</ele>
      </trkpt>
      <trkpt lat="45.798381" lon="7.820611">
        <ele>1480.5</ele>
      </trkpt>
      <trkpt lat="45.798274" lon="7.820591">
        <ele>1479.7</ele>
      </trkpt>
      <trkpt lat="45.798249" lon="7.820624">
        <ele>1477.5</ele>
      </trkpt>
      <trkpt lat="45.798222" lon="7.820641">
        <ele>1476.3</ele>
      </trkpt>
      <trkpt lat="45.798194" lon="7.820662">
        <ele>1474.9</ele>
      </trkpt>
      <trkpt lat="45.798166" lon="7.820685">
        <ele>1473.5</ele>
      </trkpt>
      <trkpt lat="45.798112" lon="7.82075">
        <ele>1470.7</ele>
      </trkpt>
      <trkpt lat="45.798075" lon="7.8208">
        <ele>1468.6</ele>
      </trkpt>
      <trkpt lat="45.798031" lon="7.820868">
        <ele>1465.5</ele>
      </trkpt>
      <trkpt lat="45.798009" lon="7.82089">
        <ele>1464.1</ele>
      </trkpt>
      <trkpt lat="45.797949" lon="7.820892">
        <ele>1462.8</ele>
      </trkpt>
      <trkpt lat="45.797891" lon="7.820896">
        <ele>1460.9</ele>
      </trkpt>
      <trkpt lat="45.797878" lon="7.820915">
        <ele>1459.8</ele>
      </trkpt>
      <trkpt lat="45.797878" lon="7.820941">
        <ele>1458.8</ele>
      </trkpt>
      <trkpt lat="45.797945" lon="7.820993">
        <ele>1458.5</ele>
      </trkpt>
      <trkpt lat="45.797978" lon="7.821025">
        <ele>1457.5</ele>
      </trkpt>
      <trkpt lat="45.797977" lon="7.821053">
        <ele>1456.2</ele>
      </trkpt>
      <trkpt lat="45.797943" lon="7.821079">
        <ele>1454.7</ele>
      </trkpt>
      <trkpt lat="45.797876" lon="7.821078">
        <ele>1453.6</ele>
      </trkpt>
      <trkpt lat="45.79774" lon="7.821061">
        <ele>1447.0</ele>
      </trkpt>
      <trkpt lat="45.797705" lon="7.821109">
        <ele>1443.8</ele>
      </trkpt>
      <trkpt lat="45.797684" lon="7.821228">
        <ele>1440.4</ele>
      </trkpt>
      <trkpt lat="45.797691" lon="7.821351">
        <ele>1437.8</ele>
      </trkpt>
      <trkpt lat="45.797706" lon="7.821428">
        <ele>1435.8</ele>
      </trkpt>
      <trkpt lat="45.797699" lon="7.821449">
        <ele>1435.0</ele>
      </trkpt>
      <trkpt lat="45.79767" lon="7.821454">
        <ele>1434.4</ele>
      </trkpt>
      <trkpt lat="45.797579" lon="7.821414">
        <ele>1433.0</ele>
      </trkpt>
      <trkpt lat="45.797507" lon="7.821439">
        <ele>1430.5</ele>
      </trkpt>
      <trkpt lat="45.797487" lon="7.821482">
        <ele>1429.5</ele>
      </trkpt>
      <trkpt lat="45.797442" lon="7.82161">
        <ele>1427.5</ele>
      </trkpt>
      <trkpt lat="45.797406" lon="7.821767">
        <ele>1426.1</ele>
      </trkpt>
      <trkpt lat="45.797344" lon="7.822057">
        <ele>1424.7</ele>
      </trkpt>
      <trkpt lat="45.797267" lon="7.822481">
        <ele>1421.6</ele>
      </trkpt>
      <trkpt lat="45.797144" lon="7.822478">
        <ele>1421.3</ele>
      </trkpt>
      <trkpt lat="45.796989" lon="7.822475">
        <ele>1421.0</ele>
      </trkpt>
      <trkpt lat="45.79692" lon="7.822471">
        <ele>1420.5</ele>
      </trkpt>
      <trkpt lat="45.796877" lon="7.82246">
        <ele>1420.0</ele>
      </trkpt>
      <trkpt lat="45.79673" lon="7.822439">
        <ele>1418.3</ele>
      </trkpt>
      <trkpt lat="45.796538" lon="7.822388">
        <ele>1417.1</ele>
      </trkpt>
      <trkpt lat="45.796377" lon="7.822344">
        <ele>1416.0</ele>
      </trkpt>
      <trkpt lat="45.796246" lon="7.822301">
        <ele>1414.8</ele>
      </trkpt>
      <trkpt lat="45.796197" lon="7.822335">
        <ele>1414.7</ele>
      </trkpt>
      <trkpt lat="45.796152" lon="7.822371">
        <ele>1414.8</ele>
      </trkpt>
      <trkpt lat="45.796015" lon="7.822303">
        <ele>1415.2</ele>
      </trkpt>
      <trkpt lat="45.795852" lon="7.822244">
        <ele>1414.4</ele>
      </trkpt>
      <trkpt lat="45.795814" lon="7.822233">
        <ele>1414.2</ele>
      </trkpt>
      <trkpt lat="45.795696" lon="7.822218">
        <ele>1413.3</ele>
      </trkpt>
      <trkpt lat="45.795332" lon="7.822213">
        <ele>1412.2</ele>
      </trkpt>
      <trkpt lat="45.794962" lon="7.82223">
        <ele>1411.9</ele>
      </trkpt>
      <trkpt lat="45.794898" lon="7.822233">
        <ele>1412.0</ele>
      </trkpt>
      <trkpt lat="45.794819" lon="7.822236">
        <ele>1412.0</ele>
      </trkpt>
      <trkpt lat="45.794572" lon="7.822248">
        <ele>1410.9</ele>
      </trkpt>
      <trkpt lat="45.79446" lon="7.822253">
        <ele>1410.5</ele>
      </trkpt>
      <trkpt lat="45.794397" lon="7.822264">
        <ele>1410.2</ele>
      </trkpt>
      <trkpt lat="45.794317" lon="7.822287">
        <ele>1410.0</ele>
      </trkpt>
      <trkpt lat="45.794268" lon="7.822304">
        <ele>1409.8</ele>
      </trkpt>
      <trkpt lat="45.794183" lon="7.82221">
        <ele>1409.8</ele>
      </trkpt>
      <trkpt lat="45.794107" lon="7.822182">
        <ele>1409.6</ele>
      </trkpt>
      <trkpt lat="45.794052" lon="7.822185">
        <ele>1409.3</ele>
        <name>Stafelte, Gressoney-Saint-Jean</name>
        <extensions>
          <oa:Extension>
            <oa:mapZoom>18</oa:mapZoom>
          </oa:Extension>
        </extensions>
      </trkpt>
      <trkpt lat="45.793625" lon="7.822378">
        <ele>1407.61426</ele>
      </trkpt>
      <trkpt lat="45.793597" lon="7.822266">
        <ele>1407.3</ele>
        <name>45.793597,7.822266</name>
        <extensions>
          <oa:Extension>
            <oa:mapZoom>18</oa:mapZoom>
          </oa:Extension>
        </extensions>
      </trkpt>
      <trkpt lat="45.793603" lon="7.821842">
        <ele>1407.34752</ele>
      </trkpt>
      <trkpt lat="45.791909" lon="7.821708">
        <ele>1403.81988</ele>
      </trkpt>
      <trkpt lat="45.791701" lon="7.820683">
        <ele>1425.1</ele>
        <name>Chemonal / Tschemenoal, Gressoney-Saint-Jean</name>
        <extensions>
          <oa:Extension>
            <oa:mapZoom>16</oa:mapZoom>
          </oa:Extension>
        </extensions>
      </trkpt>
      <trkpt lat="45.791446" lon="7.820718">
        <ele>1426.3</ele>
      </trkpt>
      <trkpt lat="45.791075" lon="7.820948">
        <ele>1425.1</ele>
      </trkpt>
      <trkpt lat="45.790718" lon="7.820959">
        <ele>1427.0</ele>
      </trkpt>
      <trkpt lat="45.79039" lon="7.821054">
        <ele>1430.6</ele>
      </trkpt>
      <trkpt lat="45.790353" lon="7.821093">
        <ele>1429.8</ele>
      </trkpt>
      <trkpt lat="45.790319" lon="7.821097">
        <ele>1430.2</ele>
      </trkpt>
      <trkpt lat="45.790212" lon="7.821131">
        <ele>1429.7</ele>
      </trkpt>
      <trkpt lat="45.79009" lon="7.82126">
        <ele>1423.9</ele>
      </trkpt>
      <trkpt lat="45.78994" lon="7.821241">
        <ele>1422.9</ele>
      </trkpt>
      <trkpt lat="45.789631" lon="7.821182">
        <ele>1425.8</ele>
      </trkpt>
      <trkpt lat="45.789495" lon="7.821178">
        <ele>1431.8</ele>
      </trkpt>
      <trkpt lat="45.789338" lon="7.821264">
        <ele>1433.6</ele>
      </trkpt>
      <trkpt lat="45.789218" lon="7.821389">
        <ele>1432.2</ele>
      </trkpt>
      <trkpt lat="45.789176" lon="7.821503">
        <ele>1428.0</ele>
      </trkpt>
      <trkpt lat="45.789068" lon="7.821531">
        <ele>1427.8</ele>
      </trkpt>
      <trkpt lat="45.788893" lon="7.821503">
        <ele>1428.6</ele>
      </trkpt>
      <trkpt lat="45.788724" lon="7.821418">
        <ele>1430.1</ele>
      </trkpt>
      <trkpt lat="45.788503" lon="7.82128">
        <ele>1431.4</ele>
      </trkpt>
      <trkpt lat="45.788305" lon="7.821247">
        <ele>1430.9</ele>
      </trkpt>
      <trkpt lat="45.788151" lon="7.821099">
        <ele>1433.4</ele>
      </trkpt>
      <trkpt lat="45.787977" lon="7.821082">
        <ele>1432.1</ele>
      </trkpt>
      <trkpt lat="45.787757" lon="7.821099">
        <ele>1429.4</ele>
      </trkpt>
      <trkpt lat="45.787605" lon="7.821072">
        <ele>1430.2</ele>
      </trkpt>
      <trkpt lat="45.787438" lon="7.821006">
        <ele>1431.8</ele>
      </trkpt>
      <trkpt lat="45.78728" lon="7.820985">
        <ele>1433.9</ele>
      </trkpt>
      <trkpt lat="45.787125" lon="7.821115">
        <ele>1427.1</ele>
      </trkpt>
      <trkpt lat="45.786819" lon="7.821115">
        <ele>1428.9</ele>
      </trkpt>
      <trkpt lat="45.786556" lon="7.821089">
        <ele>1428.2</ele>
      </trkpt>
      <trkpt lat="45.786288" lon="7.82093">
        <ele>1429.9</ele>
      </trkpt>
      <trkpt lat="45.786061" lon="7.820853">
        <ele>1429.6</ele>
      </trkpt>
      <trkpt lat="45.785819" lon="7.820767">
        <ele>1431.8</ele>
      </trkpt>
      <trkpt lat="45.785641" lon="7.82074">
        <ele>1431.6</ele>
      </trkpt>
      <trkpt lat="45.785468" lon="7.820693">
        <ele>1430.4</ele>
      </trkpt>
      <trkpt lat="45.78512" lon="7.820527">
        <ele>1428.3</ele>
      </trkpt>
      <trkpt lat="45.785002" lon="7.820444">
        <ele>1429.8</ele>
      </trkpt>
      <trkpt lat="45.784902" lon="7.820408">
        <ele>1429.2</ele>
      </trkpt>
      <trkpt lat="45.784815" lon="7.820354">
        <ele>1428.9</ele>
      </trkpt>
      <trkpt lat="45.78473" lon="7.820272">
        <ele>1428.4</ele>
      </trkpt>
      <trkpt lat="45.78469" lon="7.82015">
        <ele>1430.6</ele>
      </trkpt>
      <trkpt lat="45.784597" lon="7.820114">
        <ele>1429.4</ele>
      </trkpt>
      <trkpt lat="45.784507" lon="7.820082">
        <ele>1429.2</ele>
      </trkpt>
      <trkpt lat="45.784454" lon="7.820039">
        <ele>1429.8</ele>
      </trkpt>
      <trkpt lat="45.784392" lon="7.820028">
        <ele>1429.0</ele>
      </trkpt>
      <trkpt lat="45.784327" lon="7.819967">
        <ele>1429.6</ele>
      </trkpt>
      <trkpt lat="45.784197" lon="7.819838">
        <ele>1430.6</ele>
      </trkpt>
      <trkpt lat="45.784099" lon="7.819838">
        <ele>1429.8</ele>
      </trkpt>
      <trkpt lat="45.783989" lon="7.819877">
        <ele>1430.4</ele>
      </trkpt>
      <trkpt lat="45.783874" lon="7.819884">
        <ele>1430.4</ele>
      </trkpt>
      <trkpt lat="45.783764" lon="7.819841">
        <ele>1430.6</ele>
      </trkpt>
      <trkpt lat="45.783646" lon="7.819766">
        <ele>1431.1</ele>
      </trkpt>
      <trkpt lat="45.783511" lon="7.819716">
        <ele>1432.1</ele>
      </trkpt>
      <trkpt lat="45.783398" lon="7.819777">
        <ele>1430.7</ele>
      </trkpt>
      <trkpt lat="45.783266" lon="7.819798">
        <ele>1431.2</ele>
      </trkpt>
      <trkpt lat="45.78319" lon="7.819805">
        <ele>1432.4</ele>
      </trkpt>
      <trkpt lat="45.78308" lon="7.81997">
        <ele>1432.8</ele>
      </trkpt>
      <trkpt lat="45.783015" lon="7.820078">
        <ele>1433.2</ele>
      </trkpt>
      <trkpt lat="45.782935" lon="7.820143">
        <ele>1434.2</ele>
      </trkpt>
      <trkpt lat="45.782865" lon="7.820268">
        <ele>1433.5</ele>
      </trkpt>
      <trkpt lat="45.782808" lon="7.820313">
        <ele>1433.7</ele>
      </trkpt>
      <trkpt lat="45.782739" lon="7.820328">
        <ele>1434.6</ele>
      </trkpt>
      <trkpt lat="45.782621" lon="7.820441">
        <ele>1434.7</ele>
      </trkpt>
      <trkpt lat="45.782488" lon="7.820533">
        <ele>1435.6</ele>
      </trkpt>
      <trkpt lat="45.782378" lon="7.820596">
        <ele>1435.8</ele>
      </trkpt>
      <trkpt lat="45.78222" lon="7.820603">
        <ele>1436.0</ele>
      </trkpt>
      <trkpt lat="45.782061" lon="7.820614">
        <ele>1435.5</ele>
      </trkpt>
      <trkpt lat="45.781959" lon="7.820625">
        <ele>1435.5</ele>
      </trkpt>
      <trkpt lat="45.781869" lon="7.820665">
        <ele>1435.4</ele>
      </trkpt>
      <trkpt lat="45.781783" lon="7.820814">
        <ele>1434.2</ele>
      </trkpt>
      <trkpt lat="45.781718" lon="7.821003">
        <ele>1432.5</ele>
      </trkpt>
      <trkpt lat="45.781662" lon="7.821109">
        <ele>1431.9</ele>
      </trkpt>
      <trkpt lat="45.781582" lon="7.821113">
        <ele>1432.1</ele>
      </trkpt>
      <trkpt lat="45.781531" lon="7.821139">
        <ele>1431.4</ele>
      </trkpt>
      <trkpt lat="45.781469" lon="7.821218">
        <ele>1429.5</ele>
      </trkpt>
      <trkpt lat="45.78137" lon="7.8213">
        <ele>1427.4</ele>
      </trkpt>
      <trkpt lat="45.781284" lon="7.821397">
        <ele>1424.9</ele>
      </trkpt>
      <trkpt lat="45.781195" lon="7.821457">
        <ele>1422.9</ele>
      </trkpt>
      <trkpt lat="45.781094" lon="7.821473">
        <ele>1421.4</ele>
      </trkpt>
      <trkpt lat="45.780974" lon="7.821502">
        <ele>1420.1</ele>
      </trkpt>
      <trkpt lat="45.780873" lon="7.821547">
        <ele>1418.7</ele>
      </trkpt>
      <trkpt lat="45.780797" lon="7.821679">
        <ele>1416.3</ele>
      </trkpt>
      <trkpt lat="45.780715" lon="7.82174">
        <ele>1414.5</ele>
      </trkpt>
      <trkpt lat="45.780631" lon="7.821737">
        <ele>1412.4</ele>
      </trkpt>
      <trkpt lat="45.78053" lon="7.821755">
        <ele>1409.9</ele>
      </trkpt>
      <trkpt lat="45.780488" lon="7.821864">
        <ele>1408.5</ele>
      </trkpt>
      <trkpt lat="45.780394" lon="7.821998">
        <ele>1405.5</ele>
      </trkpt>
      <trkpt lat="45.780359" lon="7.822056">
        <ele>1404.4</ele>
      </trkpt>
      <trkpt lat="45.780158" lon="7.822106">
        <ele>1401.2</ele>
      </trkpt>
      <trkpt lat="45.77997" lon="7.822063">
        <ele>1398.8</ele>
      </trkpt>
      <trkpt lat="45.779789" lon="7.822169">
        <ele>1396.1</ele>
      </trkpt>
      <trkpt lat="45.779675" lon="7.822306">
        <ele>1393.8</ele>
      </trkpt>
      <trkpt lat="45.779586" lon="7.822331">
        <ele>1392.5</ele>
      </trkpt>
      <trkpt lat="45.779505" lon="7.822314">
        <ele>1391.4</ele>
      </trkpt>
      <trkpt lat="45.779468" lon="7.822174">
        <ele>1390.9</ele>
      </trkpt>
      <trkpt lat="45.779431" lon="7.822088">
        <ele>1391.1</ele>
      </trkpt>
      <trkpt lat="45.779161" lon="7.822019">
        <ele>1389.2</ele>
      </trkpt>
      <trkpt lat="45.779037" lon="7.822014">
        <ele>1389.3</ele>
      </trkpt>
      <trkpt lat="45.778956" lon="7.822006">
        <ele>1389.6</ele>
      </trkpt>
      <trkpt lat="45.778808" lon="7.822003">
        <ele>1387.3</ele>
      </trkpt>
      <trkpt lat="45.778553" lon="7.821997">
        <ele>1384.5</ele>
      </trkpt>
      <trkpt lat="45.778462" lon="7.821979">
        <ele>1383.6</ele>
      </trkpt>
      <trkpt lat="45.778306" lon="7.821908">
        <ele>1382.7</ele>
      </trkpt>
      <trkpt lat="45.778213" lon="7.821867">
        <ele>1382.5</ele>
      </trkpt>
      <trkpt lat="45.778115" lon="7.82182">
        <ele>1382.2</ele>
      </trkpt>
      <trkpt lat="45.778111" lon="7.821975">
        <ele>1382.3</ele>
      </trkpt>
      <trkpt lat="45.778099" lon="7.822092">
        <ele>1382.2</ele>
      </trkpt>
      <trkpt lat="45.778087" lon="7.822226">
        <ele>1382.2</ele>
      </trkpt>
      <trkpt lat="45.77806" lon="7.822432">
        <ele>1382.1</ele>
      </trkpt>
      <trkpt lat="45.77803" lon="7.822613">
        <ele>1382.1</ele>
      </trkpt>
      <trkpt lat="45.778011" lon="7.822851">
        <ele>1382.2</ele>
      </trkpt>
      <trkpt lat="45.777959" lon="7.822912">
        <ele>1382.1</ele>
      </trkpt>
      <trkpt lat="45.777913" lon="7.822886">
        <ele>1382.1</ele>
        <name>Parco del Lago Gover, Gressoney-Saint-Jean</name>
        <extensions>
          <oa:Extension>
            <oa:mapZoom>19</oa:mapZoom>
          </oa:Extension>
        </extensions>
      </trkpt>
      <trkpt lat="45.777767" lon="7.822803">
        <ele>1381.9</ele>
      </trkpt>
      <trkpt lat="45.777743" lon="7.822782">
        <ele>1381.9</ele>
      </trkpt>
      <trkpt lat="45.777685" lon="7.822855">
        <ele>1381.8</ele>
      </trkpt>
      <trkpt lat="45.777582" lon="7.822945">
        <ele>1381.7</ele>
      </trkpt>
      <trkpt lat="45.77749" lon="7.823035">
        <ele>1381.6</ele>
      </trkpt>
      <trkpt lat="45.777405" lon="7.823112">
        <ele>1381.5</ele>
      </trkpt>
      <trkpt lat="45.777354" lon="7.823138">
        <ele>1381.4</ele>
      </trkpt>
      <trkpt lat="45.777216" lon="7.823138">
        <ele>1381.2</ele>
      </trkpt>
      <trkpt lat="45.777051" lon="7.823127">
        <ele>1381.4</ele>
        <name>45.777051,7.823127</name>
      </trkpt>
    </trkseg>
  </trk>
</gpx>