<?xml version="1.0" encoding="UTF-8"?>
<gpx
  creator="LiveTrail"
  version="1.1"
  xmlns="http://www.topografix.com/GPX/1/1"
  xmlns:xsi="http://www.w3.org/2001/XMLSchema-instance"
  xsi:schemaLocation="http://www.topografix.com/GPX/1/1 https://www.topografix.com/GPX/1/1/gpx.xsd">
  <metadata>
    <name>LiveTrail Race</name>
    <bounds maxlat="45.85833" maxlon="7.7294" minlat="45.5989" minlon="7.88241"></bounds>
    <copyright author="LiveTrail®"></copyright>
    <link href="https://livetrail.run"></link>
  </metadata>
  <wpt lat="45.59958" lon="7.79896">
    <ele>345</ele>
    <name>Start Pont-Saint-Martin</name>
    <extensions>
      <distance>0</distance>
    </extensions>
  </wpt>
  <wpt lat="45.63344" lon="7.8435">
    <ele>654</ele>
    <name>Lillianes</name>
    <extensions>
      <distance>7095</distance>
    </extensions>
  </wpt>
  <wpt lat="45.64777" lon="7.86062">
    <ele>783</ele>
    <name>Fontainemore</name>
    <extensions>
      <distance>10348</distance>
    </extensions>
  </wpt>
  <wpt lat="45.68521" lon="7.85478">
    <ele>955</ele>
    <name>Issime</name>
    <extensions>
      <distance>17195</distance>
    </extensions>
  </wpt>
  <wpt lat="45.71319" lon="7.88123">
    <ele>1047</ele>
    <name>Gaby</name>
    <extensions>
      <distance>21554</distance>
    </extensions>
  </wpt>
  <wpt lat="45.73052" lon="7.82197">
    <ele>2258</ele>
    <name>Laghi di Frudiere</name>
    <extensions>
      <distance>28416</distance>
    </extensions>
  </wpt>
  <wpt lat="45.75959" lon="7.73277">
    <ele>1344</ele>
    <name>Brusson IN</name>
    <extensions>
      <distance>40470</distance>
    </extensions>
  </wpt>
  <wpt lat="45.75959" lon="7.73277">
    <ele>1344</ele>
    <name>Brusson OUT</name>
    <extensions>
      <distance>40470</distance>
    </extensions>
  </wpt>
  <wpt lat="45.78708" lon="7.77749">
    <ele>2423</ele>
    <name>Rifugio Arp</name>
    <extensions>
      <distance>48574</distance>
    </extensions>
  </wpt>
  <wpt lat="45.84019" lon="7.73186">
    <ele>1576</ele>
    <name>Champoluc</name>
    <extensions>
      <distance>60608</distance>
    </extensions>
  </wpt>
  <wpt lat="45.85787" lon="7.799">
    <ele>2289</ele>
    <name>Sitten</name>
    <extensions>
      <distance>69472</distance>
    </extensions>
  </wpt>
  <wpt lat="45.83027" lon="7.82282">
    <ele>1635</ele>
    <name>Tache (Gressoney-La-Trinité)</name>
    <extensions>
      <distance>73996</distance>
    </extensions>
  </wpt>
  <wpt lat="45.79949" lon="7.81616">
    <ele>1777</ele>
    <name>Rifugie Alpenzu</name>
    <extensions>
      <distance>78105</distance>
    </extensions>
  </wpt>
  <wpt lat="45.77707" lon="7.82348">
    <ele>1383</ele>
    <name>Finish Gressoney-Saint-Jean</name>
    <extensions>
      <distance>81861</distance>
    </extensions>
  </wpt>
  <trk>
    <trkseg>
      <trkpt lat="45.59958" lon="7.79896">
        <ele>345</ele>
        <extensions>
          <distance>0</distance>
        </extensions>
      </trkpt>
      <trkpt lat="45.599410000000006" lon="7.799135">
        <ele>346</ele>
        <extensions>
          <distance>23</distance>
        </extensions>
      </trkpt>
      <trkpt lat="45.59924" lon="7.79931">
        <ele>346.5</ele>
        <extensions>
          <distance>47</distance>
        </extensions>
      </trkpt>
      <trkpt lat="45.59907" lon="7.799485000000001">
        <ele>347</ele>
        <extensions>
          <distance>70</distance>
        </extensions>
      </trkpt>
      <trkpt lat="45.5989" lon="7.79966">
        <ele>347</ele>
        <extensions>
          <distance>93</distance>
        </extensions>
      </trkpt>
      <trkpt lat="45.598995" lon="7.799875">
        <ele>348</ele>
        <extensions>
          <distance>113</distance>
        </extensions>
      </trkpt>
      <trkpt lat="45.59909" lon="7.80009">
        <ele>349</ele>
        <extensions>
          <distance>133</distance>
        </extensions>
      </trkpt>
      <trkpt lat="45.59895" lon="7.79992">
        <ele>352</ele>
        <extensions>
          <distance>154</distance>
        </extensions>
      </trkpt>
      <trkpt lat="45.599135000000004" lon="7.8000050000000005">
        <ele>352</ele>
        <extensions>
          <distance>175</distance>
        </extensions>
      </trkpt>
      <trkpt lat="45.59932" lon="7.80009">
        <ele>356</ele>
        <extensions>
          <distance>197</distance>
        </extensions>
      </trkpt>
      <trkpt lat="45.59949" lon="7.800065">
        <ele>357</ele>
        <extensions>
          <distance>216</distance>
        </extensions>
      </trkpt>
      <trkpt lat="45.59966" lon="7.80004">
        <ele>362</ele>
        <extensions>
          <distance>235</distance>
        </extensions>
      </trkpt>
      <trkpt lat="45.59985" lon="7.79988">
        <ele>364</ele>
        <extensions>
          <distance>260</distance>
        </extensions>
      </trkpt>
      <trkpt lat="45.599895000000004" lon="7.799595">
        <ele>364</ele>
        <extensions>
          <distance>283</distance>
        </extensions>
      </trkpt>
      <trkpt lat="45.59994" lon="7.79931">
        <ele>364</ele>
        <extensions>
          <distance>306</distance>
        </extensions>
      </trkpt>
      <trkpt lat="45.599914999999996" lon="7.798995">
        <ele>364</ele>
        <extensions>
          <distance>330</distance>
        </extensions>
      </trkpt>
      <trkpt lat="45.59989" lon="7.79868">
        <ele>362</ele>
        <extensions>
          <distance>355</distance>
        </extensions>
      </trkpt>
      <trkpt lat="45.599865" lon="7.798365">
        <ele>358</ele>
        <extensions>
          <distance>380</distance>
        </extensions>
      </trkpt>
      <trkpt lat="45.59984" lon="7.79805">
        <ele>355</ele>
        <extensions>
          <distance>405</distance>
        </extensions>
      </trkpt>
      <trkpt lat="45.599917500000004" lon="7.79781">
        <ele>354</ele>
        <extensions>
          <distance>425</distance>
        </extensions>
      </trkpt>
      <trkpt lat="45.599995" lon="7.79757">
        <ele>352</ele>
        <extensions>
          <distance>446</distance>
        </extensions>
      </trkpt>
      <trkpt lat="45.600072499999996" lon="7.7973300000000005">
        <ele>350</ele>
        <extensions>
          <distance>467</distance>
        </extensions>
      </trkpt>
      <trkpt lat="45.60015" lon="7.79709">
        <ele>349</ele>
        <extensions>
          <distance>487</distance>
        </extensions>
      </trkpt>
      <trkpt lat="45.600274999999996" lon="7.796860000000001">
        <ele>347</ele>
        <extensions>
          <distance>510</distance>
        </extensions>
      </trkpt>
      <trkpt lat="45.6004" lon="7.79663">
        <ele>345</ele>
        <extensions>
          <distance>533</distance>
        </extensions>
      </trkpt>
      <trkpt lat="45.600525000000005" lon="7.7964">
        <ele>344</ele>
        <extensions>
          <distance>556</distance>
        </extensions>
      </trkpt>
      <trkpt lat="45.60065" lon="7.79617">
        <ele>344</ele>
        <extensions>
          <distance>578</distance>
        </extensions>
      </trkpt>
      <trkpt lat="45.60076" lon="7.7963000000000005">
        <ele>344</ele>
        <extensions>
          <distance>594</distance>
        </extensions>
      </trkpt>
      <trkpt lat="45.60087" lon="7.79643">
        <ele>344</ele>
        <extensions>
          <distance>610</distance>
        </extensions>
      </trkpt>
      <trkpt lat="45.60083" lon="7.79661">
        <ele>345</ele>
        <extensions>
          <distance>625</distance>
        </extensions>
      </trkpt>
      <trkpt lat="45.60088" lon="7.79672">
        <ele>346</ele>
        <extensions>
          <distance>635</distance>
        </extensions>
      </trkpt>
      <trkpt lat="45.601065" lon="7.79696">
        <ele>352</ele>
        <extensions>
          <distance>663</distance>
        </extensions>
      </trkpt>
      <trkpt lat="45.60125" lon="7.7972">
        <ele>360</ele>
        <extensions>
          <distance>692</distance>
        </extensions>
      </trkpt>
      <trkpt lat="45.601335" lon="7.797415">
        <ele>365</ele>
        <extensions>
          <distance>712</distance>
        </extensions>
      </trkpt>
      <trkpt lat="45.60142" lon="7.79763">
        <ele>370</ele>
        <extensions>
          <distance>732</distance>
        </extensions>
      </trkpt>
      <trkpt lat="45.60147" lon="7.79786">
        <ele>375</ele>
        <extensions>
          <distance>751</distance>
        </extensions>
      </trkpt>
      <trkpt lat="45.60135" lon="7.7981">
        <ele>380</ele>
        <extensions>
          <distance>775</distance>
        </extensions>
      </trkpt>
      <trkpt lat="45.60146" lon="7.79814">
        <ele>382</ele>
        <extensions>
          <distance>787</distance>
        </extensions>
      </trkpt>
      <trkpt lat="45.60139" lon="7.79821">
        <ele>384</ele>
        <extensions>
          <distance>797</distance>
        </extensions>
      </trkpt>
      <trkpt lat="45.60159" lon="7.79819">
        <ele>385</ele>
        <extensions>
          <distance>819</distance>
        </extensions>
      </trkpt>
      <trkpt lat="45.601745" lon="7.798325">
        <ele>392</ele>
        <extensions>
          <distance>840</distance>
        </extensions>
      </trkpt>
      <trkpt lat="45.6019" lon="7.79846">
        <ele>399</ele>
        <extensions>
          <distance>862</distance>
        </extensions>
      </trkpt>
      <trkpt lat="45.60204" lon="7.79868">
        <ele>405</ele>
        <extensions>
          <distance>886</distance>
        </extensions>
      </trkpt>
      <trkpt lat="45.60218" lon="7.7989">
        <ele>408</ele>
        <extensions>
          <distance>909</distance>
        </extensions>
      </trkpt>
      <trkpt lat="45.60227" lon="7.79909">
        <ele>409</ele>
        <extensions>
          <distance>927</distance>
        </extensions>
      </trkpt>
      <trkpt lat="45.60227" lon="7.79934">
        <ele>413</ele>
        <extensions>
          <distance>947</distance>
        </extensions>
      </trkpt>
      <trkpt lat="45.60237" lon="7.7995">
        <ele>414</ele>
        <extensions>
          <distance>964</distance>
        </extensions>
      </trkpt>
      <trkpt lat="45.60235" lon="7.79975">
        <ele>417</ele>
        <extensions>
          <distance>983</distance>
        </extensions>
      </trkpt>
      <trkpt lat="45.60245" lon="7.79984">
        <ele>418</ele>
        <extensions>
          <distance>997</distance>
        </extensions>
      </trkpt>
      <trkpt lat="45.60267" lon="7.79995">
        <ele>422</ele>
        <extensions>
          <distance>1023</distance>
        </extensions>
      </trkpt>
      <trkpt lat="45.602855000000005" lon="7.799975">
        <ele>426</ele>
        <extensions>
          <distance>1044</distance>
        </extensions>
      </trkpt>
      <trkpt lat="45.60304" lon="7.8">
        <ele>432</ele>
        <extensions>
          <distance>1065</distance>
        </extensions>
      </trkpt>
      <trkpt lat="45.60317" lon="7.799905">
        <ele>433</ele>
        <extensions>
          <distance>1082</distance>
        </extensions>
      </trkpt>
      <trkpt lat="45.6033" lon="7.79981">
        <ele>437</ele>
        <extensions>
          <distance>1098</distance>
        </extensions>
      </trkpt>
      <trkpt lat="45.6034" lon="7.80013">
        <ele>449</ele>
        <extensions>
          <distance>1128</distance>
        </extensions>
      </trkpt>
      <trkpt lat="45.603502500000005" lon="7.799905000000001">
        <ele>451</ele>
        <extensions>
          <distance>1149</distance>
        </extensions>
      </trkpt>
      <trkpt lat="45.603605" lon="7.79968">
        <ele>454</ele>
        <extensions>
          <distance>1170</distance>
        </extensions>
      </trkpt>
      <trkpt lat="45.6037075" lon="7.799455">
        <ele>458</ele>
        <extensions>
          <distance>1191</distance>
        </extensions>
      </trkpt>
      <trkpt lat="45.60381" lon="7.79923">
        <ele>464</ele>
        <extensions>
          <distance>1213</distance>
        </extensions>
      </trkpt>
      <trkpt lat="45.60396" lon="7.799545">
        <ele>470</ele>
        <extensions>
          <distance>1244</distance>
        </extensions>
      </trkpt>
      <trkpt lat="45.60411" lon="7.79986">
        <ele>475</ele>
        <extensions>
          <distance>1274</distance>
        </extensions>
      </trkpt>
      <trkpt lat="45.6041525" lon="7.800107499999999">
        <ele>477</ele>
        <extensions>
          <distance>1294</distance>
        </extensions>
      </trkpt>
      <trkpt lat="45.604195000000004" lon="7.800355">
        <ele>480</ele>
        <extensions>
          <distance>1314</distance>
        </extensions>
      </trkpt>
      <trkpt lat="45.6042375" lon="7.8006025">
        <ele>486</ele>
        <extensions>
          <distance>1334</distance>
        </extensions>
      </trkpt>
      <trkpt lat="45.60428" lon="7.80085">
        <ele>491</ele>
        <extensions>
          <distance>1355</distance>
        </extensions>
      </trkpt>
      <trkpt lat="45.604417500000004" lon="7.8011075">
        <ele>498</ele>
        <extensions>
          <distance>1381</distance>
        </extensions>
      </trkpt>
      <trkpt lat="45.604555000000005" lon="7.801365">
        <ele>506</ele>
        <extensions>
          <distance>1408</distance>
        </extensions>
      </trkpt>
      <trkpt lat="45.6046925" lon="7.8016225">
        <ele>509</ele>
        <extensions>
          <distance>1433</distance>
        </extensions>
      </trkpt>
      <trkpt lat="45.60483" lon="7.80188">
        <ele>510</ele>
        <extensions>
          <distance>1458</distance>
        </extensions>
      </trkpt>
      <trkpt lat="45.605019999999996" lon="7.801905">
        <ele>514</ele>
        <extensions>
          <distance>1480</distance>
        </extensions>
      </trkpt>
      <trkpt lat="45.60521" lon="7.80193">
        <ele>521</ele>
        <extensions>
          <distance>1502</distance>
        </extensions>
      </trkpt>
      <trkpt lat="45.605335" lon="7.8020575">
        <ele>526</ele>
        <extensions>
          <distance>1520</distance>
        </extensions>
      </trkpt>
      <trkpt lat="45.60546" lon="7.802185">
        <ele>531</ele>
        <extensions>
          <distance>1538</distance>
        </extensions>
      </trkpt>
      <trkpt lat="45.605585000000005" lon="7.802312499999999">
        <ele>535</ele>
        <extensions>
          <distance>1555</distance>
        </extensions>
      </trkpt>
      <trkpt lat="45.60571" lon="7.80244">
        <ele>537</ele>
        <extensions>
          <distance>1572</distance>
        </extensions>
      </trkpt>
      <trkpt lat="45.605835" lon="7.8025675">
        <ele>538</ele>
        <extensions>
          <distance>1590</distance>
        </extensions>
      </trkpt>
      <trkpt lat="45.605959999999996" lon="7.802695">
        <ele>540</ele>
        <extensions>
          <distance>1607</distance>
        </extensions>
      </trkpt>
      <trkpt lat="45.60608499999999" lon="7.8028224999999996">
        <ele>542</ele>
        <extensions>
          <distance>1624</distance>
        </extensions>
      </trkpt>
      <trkpt lat="45.60621" lon="7.80295">
        <ele>546</ele>
        <extensions>
          <distance>1642</distance>
        </extensions>
      </trkpt>
      <trkpt lat="45.606422499999994" lon="7.803105">
        <ele>553</ele>
        <extensions>
          <distance>1669</distance>
        </extensions>
      </trkpt>
      <trkpt lat="45.606635" lon="7.80326">
        <ele>558</ele>
        <extensions>
          <distance>1696</distance>
        </extensions>
      </trkpt>
      <trkpt lat="45.6068475" lon="7.803414999999999">
        <ele>559</ele>
        <extensions>
          <distance>1722</distance>
        </extensions>
      </trkpt>
      <trkpt lat="45.60706" lon="7.80357">
        <ele>562</ele>
        <extensions>
          <distance>1749</distance>
        </extensions>
      </trkpt>
      <trkpt lat="45.60724" lon="7.80368">
        <ele>565</ele>
        <extensions>
          <distance>1771</distance>
        </extensions>
      </trkpt>
      <trkpt lat="45.607105" lon="7.80352">
        <ele>566</ele>
        <extensions>
          <distance>1791</distance>
        </extensions>
      </trkpt>
      <trkpt lat="45.60697" lon="7.80336">
        <ele>568</ele>
        <extensions>
          <distance>1810</distance>
        </extensions>
      </trkpt>
      <trkpt lat="45.60707" lon="7.80331">
        <ele>572</ele>
        <extensions>
          <distance>1823</distance>
        </extensions>
      </trkpt>
      <trkpt lat="45.60727" lon="7.803475">
        <ele>577</ele>
        <extensions>
          <distance>1849</distance>
        </extensions>
      </trkpt>
      <trkpt lat="45.60747" lon="7.80364">
        <ele>583</ele>
        <extensions>
          <distance>1875</distance>
        </extensions>
      </trkpt>
      <trkpt lat="45.60767" lon="7.803805">
        <ele>588</ele>
        <extensions>
          <distance>1901</distance>
        </extensions>
      </trkpt>
      <trkpt lat="45.60787" lon="7.80397">
        <ele>590</ele>
        <extensions>
          <distance>1927</distance>
        </extensions>
      </trkpt>
      <trkpt lat="45.608125" lon="7.8040899999999995">
        <ele>592</ele>
        <extensions>
          <distance>1957</distance>
        </extensions>
      </trkpt>
      <trkpt lat="45.60838" lon="7.804209999999999">
        <ele>594</ele>
        <extensions>
          <distance>1987</distance>
        </extensions>
      </trkpt>
      <trkpt lat="45.608635" lon="7.80433">
        <ele>602</ele>
        <extensions>
          <distance>2018</distance>
        </extensions>
      </trkpt>
      <trkpt lat="45.60889" lon="7.80445">
        <ele>613</ele>
        <extensions>
          <distance>2049</distance>
        </extensions>
      </trkpt>
      <trkpt lat="45.6090375" lon="7.804565">
        <ele>617</ele>
        <extensions>
          <distance>2069</distance>
        </extensions>
      </trkpt>
      <trkpt lat="45.609185" lon="7.804679999999999">
        <ele>621</ele>
        <extensions>
          <distance>2088</distance>
        </extensions>
      </trkpt>
      <trkpt lat="45.609332499999994" lon="7.8047949999999995">
        <ele>625</ele>
        <extensions>
          <distance>2107</distance>
        </extensions>
      </trkpt>
      <trkpt lat="45.60948" lon="7.80491">
        <ele>629</ele>
        <extensions>
          <distance>2126</distance>
        </extensions>
      </trkpt>
      <trkpt lat="45.6096175" lon="7.80494">
        <ele>635</ele>
        <extensions>
          <distance>2142</distance>
        </extensions>
      </trkpt>
      <trkpt lat="45.609755" lon="7.80497">
        <ele>640</ele>
        <extensions>
          <distance>2159</distance>
        </extensions>
      </trkpt>
      <trkpt lat="45.6098925" lon="7.805">
        <ele>647</ele>
        <extensions>
          <distance>2176</distance>
        </extensions>
      </trkpt>
      <trkpt lat="45.61003" lon="7.80503">
        <ele>652</ele>
        <extensions>
          <distance>2192</distance>
        </extensions>
      </trkpt>
      <trkpt lat="45.61014" lon="7.8051449999999996">
        <ele>653</ele>
        <extensions>
          <distance>2207</distance>
        </extensions>
      </trkpt>
      <trkpt lat="45.61025" lon="7.80526">
        <ele>654</ele>
        <extensions>
          <distance>2222</distance>
        </extensions>
      </trkpt>
      <trkpt lat="45.610425" lon="7.805294999999999">
        <ele>658</ele>
        <extensions>
          <distance>2242</distance>
        </extensions>
      </trkpt>
      <trkpt lat="45.6106" lon="7.80533">
        <ele>663</ele>
        <extensions>
          <distance>2263</distance>
        </extensions>
      </trkpt>
      <trkpt lat="45.610754375" lon="7.80546">
        <ele>664</ele>
        <extensions>
          <distance>2282</distance>
        </extensions>
      </trkpt>
      <trkpt lat="45.61090874999999" lon="7.80559">
        <ele>666</ele>
        <extensions>
          <distance>2303</distance>
        </extensions>
      </trkpt>
      <trkpt lat="45.611063124999994" lon="7.805719999999999">
        <ele>666</ele>
        <extensions>
          <distance>2322</distance>
        </extensions>
      </trkpt>
      <trkpt lat="45.611217499999995" lon="7.8058499999999995">
        <ele>666</ele>
        <extensions>
          <distance>2342</distance>
        </extensions>
      </trkpt>
      <trkpt lat="45.611371874999996" lon="7.80598">
        <ele>666</ele>
        <extensions>
          <distance>2362</distance>
        </extensions>
      </trkpt>
      <trkpt lat="45.61152625" lon="7.806109999999999">
        <ele>665</ele>
        <extensions>
          <distance>2382</distance>
        </extensions>
      </trkpt>
      <trkpt lat="45.611680625" lon="7.806239999999999">
        <ele>664</ele>
        <extensions>
          <distance>2402</distance>
        </extensions>
      </trkpt>
      <trkpt lat="45.611835" lon="7.806369999999999">
        <ele>662</ele>
        <extensions>
          <distance>2422</distance>
        </extensions>
      </trkpt>
      <trkpt lat="45.611989375" lon="7.8065">
        <ele>662</ele>
        <extensions>
          <distance>2442</distance>
        </extensions>
      </trkpt>
      <trkpt lat="45.61214375" lon="7.806629999999999">
        <ele>662</ele>
        <extensions>
          <distance>2462</distance>
        </extensions>
      </trkpt>
      <trkpt lat="45.612298125" lon="7.806759999999999">
        <ele>662</ele>
        <extensions>
          <distance>2482</distance>
        </extensions>
      </trkpt>
      <trkpt lat="45.6124525" lon="7.806889999999999">
        <ele>662</ele>
        <extensions>
          <distance>2502</distance>
        </extensions>
      </trkpt>
      <trkpt lat="45.612606875000004" lon="7.80702">
        <ele>664</ele>
        <extensions>
          <distance>2522</distance>
        </extensions>
      </trkpt>
      <trkpt lat="45.612761250000005" lon="7.80715">
        <ele>665</ele>
        <extensions>
          <distance>2542</distance>
        </extensions>
      </trkpt>
      <trkpt lat="45.612915625" lon="7.80728">
        <ele>665</ele>
        <extensions>
          <distance>2562</distance>
        </extensions>
      </trkpt>
      <trkpt lat="45.61307" lon="7.80741">
        <ele>665</ele>
        <extensions>
          <distance>2582</distance>
        </extensions>
      </trkpt>
      <trkpt lat="45.613115" lon="7.8076550000000005">
        <ele>665</ele>
        <extensions>
          <distance>2601</distance>
        </extensions>
      </trkpt>
      <trkpt lat="45.61316" lon="7.8079">
        <ele>664</ele>
        <extensions>
          <distance>2621</distance>
        </extensions>
      </trkpt>
      <trkpt lat="45.61338" lon="7.808005">
        <ele>664</ele>
        <extensions>
          <distance>2647</distance>
        </extensions>
      </trkpt>
      <trkpt lat="45.6136" lon="7.80811">
        <ele>664</ele>
        <extensions>
          <distance>2673</distance>
        </extensions>
      </trkpt>
      <trkpt lat="45.613749999999996" lon="7.8081075">
        <ele>664</ele>
        <extensions>
          <distance>2689</distance>
        </extensions>
      </trkpt>
      <trkpt lat="45.6139" lon="7.808104999999999">
        <ele>665</ele>
        <extensions>
          <distance>2706</distance>
        </extensions>
      </trkpt>
      <trkpt lat="45.61405" lon="7.8081024999999995">
        <ele>668</ele>
        <extensions>
          <distance>2723</distance>
        </extensions>
      </trkpt>
      <trkpt lat="45.6142" lon="7.8081">
        <ele>668</ele>
        <extensions>
          <distance>2739</distance>
        </extensions>
      </trkpt>
      <trkpt lat="45.614335" lon="7.8081575">
        <ele>668</ele>
        <extensions>
          <distance>2755</distance>
        </extensions>
      </trkpt>
      <trkpt lat="45.61447" lon="7.808215">
        <ele>668</ele>
        <extensions>
          <distance>2771</distance>
        </extensions>
      </trkpt>
      <trkpt lat="45.614605" lon="7.808272499999999">
        <ele>668</ele>
        <extensions>
          <distance>2786</distance>
        </extensions>
      </trkpt>
      <trkpt lat="45.61474" lon="7.80833">
        <ele>668</ele>
        <extensions>
          <distance>2802</distance>
        </extensions>
      </trkpt>
      <trkpt lat="45.61494" lon="7.808175">
        <ele>668</ele>
        <extensions>
          <distance>2827</distance>
        </extensions>
      </trkpt>
      <trkpt lat="45.61514" lon="7.80802">
        <ele>668</ele>
        <extensions>
          <distance>2853</distance>
        </extensions>
      </trkpt>
      <trkpt lat="45.615292499999995" lon="7.807805">
        <ele>672</ele>
        <extensions>
          <distance>2877</distance>
        </extensions>
      </trkpt>
      <trkpt lat="45.615444999999994" lon="7.807589999999999">
        <ele>677</ele>
        <extensions>
          <distance>2901</distance>
        </extensions>
      </trkpt>
      <trkpt lat="45.61559749999999" lon="7.8073749999999995">
        <ele>684</ele>
        <extensions>
          <distance>2926</distance>
        </extensions>
      </trkpt>
      <trkpt lat="45.61575" lon="7.80716">
        <ele>694</ele>
        <extensions>
          <distance>2952</distance>
        </extensions>
      </trkpt>
      <trkpt lat="45.61591249999999" lon="7.8070825">
        <ele>698</ele>
        <extensions>
          <distance>2971</distance>
        </extensions>
      </trkpt>
      <trkpt lat="45.616074999999995" lon="7.807005">
        <ele>703</ele>
        <extensions>
          <distance>2991</distance>
        </extensions>
      </trkpt>
      <trkpt lat="45.6162375" lon="7.8069275000000005">
        <ele>703</ele>
        <extensions>
          <distance>3010</distance>
        </extensions>
      </trkpt>
      <trkpt lat="45.6164" lon="7.80685">
        <ele>703</ele>
        <extensions>
          <distance>3029</distance>
        </extensions>
      </trkpt>
      <trkpt lat="45.61653" lon="7.80718">
        <ele>703</ele>
        <extensions>
          <distance>3058</distance>
        </extensions>
      </trkpt>
      <trkpt lat="45.6164875" lon="7.807395">
        <ele>691</ele>
        <extensions>
          <distance>3077</distance>
        </extensions>
      </trkpt>
      <trkpt lat="45.616445" lon="7.80761">
        <ele>677</ele>
        <extensions>
          <distance>3099</distance>
        </extensions>
      </trkpt>
      <trkpt lat="45.6164025" lon="7.807825">
        <ele>667</ele>
        <extensions>
          <distance>3119</distance>
        </extensions>
      </trkpt>
      <trkpt lat="45.61636" lon="7.80804">
        <ele>665</ele>
        <extensions>
          <distance>3137</distance>
        </extensions>
      </trkpt>
      <trkpt lat="45.61641" lon="7.808339999999999">
        <ele>662</ele>
        <extensions>
          <distance>3161</distance>
        </extensions>
      </trkpt>
      <trkpt lat="45.61646" lon="7.80864">
        <ele>656</ele>
        <extensions>
          <distance>3186</distance>
        </extensions>
      </trkpt>
      <trkpt lat="45.61661" lon="7.80885">
        <ele>656</ele>
        <extensions>
          <distance>3209</distance>
        </extensions>
      </trkpt>
      <trkpt lat="45.616815" lon="7.808915">
        <ele>656</ele>
        <extensions>
          <distance>3232</distance>
        </extensions>
      </trkpt>
      <trkpt lat="45.61702" lon="7.80898">
        <ele>656</ele>
        <extensions>
          <distance>3256</distance>
        </extensions>
      </trkpt>
      <trkpt lat="45.617165" lon="7.808955">
        <ele>662</ele>
        <extensions>
          <distance>3272</distance>
        </extensions>
      </trkpt>
      <trkpt lat="45.61731" lon="7.80893">
        <ele>667</ele>
        <extensions>
          <distance>3289</distance>
        </extensions>
      </trkpt>
      <trkpt lat="45.61745500000001" lon="7.808905">
        <ele>671</ele>
        <extensions>
          <distance>3306</distance>
        </extensions>
      </trkpt>
      <trkpt lat="45.6176" lon="7.80888">
        <ele>671</ele>
        <extensions>
          <distance>3322</distance>
        </extensions>
      </trkpt>
      <trkpt lat="45.617782500000004" lon="7.8090475">
        <ele>671</ele>
        <extensions>
          <distance>3346</distance>
        </extensions>
      </trkpt>
      <trkpt lat="45.617965" lon="7.809215">
        <ele>671</ele>
        <extensions>
          <distance>3370</distance>
        </extensions>
      </trkpt>
      <trkpt lat="45.6181475" lon="7.8093825">
        <ele>667</ele>
        <extensions>
          <distance>3395</distance>
        </extensions>
      </trkpt>
      <trkpt lat="45.61833" lon="7.80955">
        <ele>661</ele>
        <extensions>
          <distance>3419</distance>
        </extensions>
      </trkpt>
      <trkpt lat="45.6185125" lon="7.8097175">
        <ele>659</ele>
        <extensions>
          <distance>3444</distance>
        </extensions>
      </trkpt>
      <trkpt lat="45.618695" lon="7.8098849999999995">
        <ele>659</ele>
        <extensions>
          <distance>3468</distance>
        </extensions>
      </trkpt>
      <trkpt lat="45.618877499999996" lon="7.810052499999999">
        <ele>659</ele>
        <extensions>
          <distance>3492</distance>
        </extensions>
      </trkpt>
      <trkpt lat="45.61906" lon="7.81022">
        <ele>659</ele>
        <extensions>
          <distance>3516</distance>
        </extensions>
      </trkpt>
      <trkpt lat="45.619265" lon="7.8101725">
        <ele>668</ele>
        <extensions>
          <distance>3539</distance>
        </extensions>
      </trkpt>
      <trkpt lat="45.61947" lon="7.810125">
        <ele>677</ele>
        <extensions>
          <distance>3564</distance>
        </extensions>
      </trkpt>
      <trkpt lat="45.619675" lon="7.8100775">
        <ele>683</ele>
        <extensions>
          <distance>3588</distance>
        </extensions>
      </trkpt>
      <trkpt lat="45.61988" lon="7.81003">
        <ele>683</ele>
        <extensions>
          <distance>3611</distance>
        </extensions>
      </trkpt>
      <trkpt lat="45.62003" lon="7.81015">
        <ele>683</ele>
        <extensions>
          <distance>3630</distance>
        </extensions>
      </trkpt>
      <trkpt lat="45.62007" lon="7.81041">
        <ele>683</ele>
        <extensions>
          <distance>3651</distance>
        </extensions>
      </trkpt>
      <trkpt lat="45.62011" lon="7.81067">
        <ele>674</ele>
        <extensions>
          <distance>3672</distance>
        </extensions>
      </trkpt>
      <trkpt lat="45.62027" lon="7.810925">
        <ele>673</ele>
        <extensions>
          <distance>3699</distance>
        </extensions>
      </trkpt>
      <trkpt lat="45.62043" lon="7.81118">
        <ele>670</ele>
        <extensions>
          <distance>3726</distance>
        </extensions>
      </trkpt>
      <trkpt lat="45.620445000000004" lon="7.8114799999999995">
        <ele>670</ele>
        <extensions>
          <distance>3749</distance>
        </extensions>
      </trkpt>
      <trkpt lat="45.62046" lon="7.81178">
        <ele>668</ele>
        <extensions>
          <distance>3773</distance>
        </extensions>
      </trkpt>
      <trkpt lat="45.620535000000004" lon="7.8121475">
        <ele>666</ele>
        <extensions>
          <distance>3802</distance>
        </extensions>
      </trkpt>
      <trkpt lat="45.62061" lon="7.812514999999999">
        <ele>662</ele>
        <extensions>
          <distance>3833</distance>
        </extensions>
      </trkpt>
      <trkpt lat="45.620684999999995" lon="7.8128825">
        <ele>655</ele>
        <extensions>
          <distance>3863</distance>
        </extensions>
      </trkpt>
      <trkpt lat="45.62076" lon="7.81325">
        <ele>650</ele>
        <extensions>
          <distance>3894</distance>
        </extensions>
      </trkpt>
      <trkpt lat="45.62087375" lon="7.81350125">
        <ele>650</ele>
        <extensions>
          <distance>3917</distance>
        </extensions>
      </trkpt>
      <trkpt lat="45.6209875" lon="7.8137525">
        <ele>650</ele>
        <extensions>
          <distance>3940</distance>
        </extensions>
      </trkpt>
      <trkpt lat="45.621101249999995" lon="7.8140037499999995">
        <ele>650</ele>
        <extensions>
          <distance>3963</distance>
        </extensions>
      </trkpt>
      <trkpt lat="45.621215" lon="7.814255">
        <ele>650</ele>
        <extensions>
          <distance>3987</distance>
        </extensions>
      </trkpt>
      <trkpt lat="45.62132875" lon="7.814506250000001">
        <ele>650</ele>
        <extensions>
          <distance>4010</distance>
        </extensions>
      </trkpt>
      <trkpt lat="45.6214425" lon="7.814757500000001">
        <ele>648</ele>
        <extensions>
          <distance>4033</distance>
        </extensions>
      </trkpt>
      <trkpt lat="45.62155625" lon="7.8150087500000005">
        <ele>645</ele>
        <extensions>
          <distance>4057</distance>
        </extensions>
      </trkpt>
      <trkpt lat="45.62167" lon="7.81526">
        <ele>643</ele>
        <extensions>
          <distance>4080</distance>
        </extensions>
      </trkpt>
      <trkpt lat="45.621655000000004" lon="7.81551">
        <ele>640</ele>
        <extensions>
          <distance>4100</distance>
        </extensions>
      </trkpt>
      <trkpt lat="45.62164" lon="7.81576">
        <ele>633</ele>
        <extensions>
          <distance>4121</distance>
        </extensions>
      </trkpt>
      <trkpt lat="45.621775" lon="7.815875">
        <ele>628</ele>
        <extensions>
          <distance>4139</distance>
        </extensions>
      </trkpt>
      <trkpt lat="45.62191" lon="7.81599">
        <ele>620</ele>
        <extensions>
          <distance>4158</distance>
        </extensions>
      </trkpt>
      <trkpt lat="45.62185" lon="7.81612">
        <ele>613</ele>
        <extensions>
          <distance>4172</distance>
        </extensions>
      </trkpt>
      <trkpt lat="45.621955" lon="7.816255">
        <ele>607</ele>
        <extensions>
          <distance>4189</distance>
        </extensions>
      </trkpt>
      <trkpt lat="45.62206" lon="7.81639">
        <ele>606</ele>
        <extensions>
          <distance>4205</distance>
        </extensions>
      </trkpt>
      <trkpt lat="45.62219" lon="7.816305">
        <ele>603</ele>
        <extensions>
          <distance>4221</distance>
        </extensions>
      </trkpt>
      <trkpt lat="45.62232" lon="7.81622">
        <ele>600</ele>
        <extensions>
          <distance>4237</distance>
        </extensions>
      </trkpt>
      <trkpt lat="45.62227" lon="7.81649">
        <ele>598</ele>
        <extensions>
          <distance>4259</distance>
        </extensions>
      </trkpt>
      <trkpt lat="45.622485" lon="7.8164549999999995">
        <ele>593</ele>
        <extensions>
          <distance>4283</distance>
        </extensions>
      </trkpt>
      <trkpt lat="45.6227" lon="7.81642">
        <ele>592</ele>
        <extensions>
          <distance>4307</distance>
        </extensions>
      </trkpt>
      <trkpt lat="45.622820000000004" lon="7.816549999999999">
        <ele>591</ele>
        <extensions>
          <distance>4324</distance>
        </extensions>
      </trkpt>
      <trkpt lat="45.62294" lon="7.81668">
        <ele>586</ele>
        <extensions>
          <distance>4341</distance>
        </extensions>
      </trkpt>
      <trkpt lat="45.6229" lon="7.81687">
        <ele>586</ele>
        <extensions>
          <distance>4357</distance>
        </extensions>
      </trkpt>
      <trkpt lat="45.62286" lon="7.81706">
        <ele>585</ele>
        <extensions>
          <distance>4372</distance>
        </extensions>
      </trkpt>
      <trkpt lat="45.6227" lon="7.8172075">
        <ele>581</ele>
        <extensions>
          <distance>4394</distance>
        </extensions>
      </trkpt>
      <trkpt lat="45.62254" lon="7.817355">
        <ele>580</ele>
        <extensions>
          <distance>4415</distance>
        </extensions>
      </trkpt>
      <trkpt lat="45.62238" lon="7.8175025">
        <ele>579</ele>
        <extensions>
          <distance>4436</distance>
        </extensions>
      </trkpt>
      <trkpt lat="45.62222" lon="7.81765">
        <ele>578</ele>
        <extensions>
          <distance>4457</distance>
        </extensions>
      </trkpt>
      <trkpt lat="45.62211" lon="7.817815">
        <ele>578</ele>
        <extensions>
          <distance>4475</distance>
        </extensions>
      </trkpt>
      <trkpt lat="45.622" lon="7.81798">
        <ele>578</ele>
        <extensions>
          <distance>4493</distance>
        </extensions>
      </trkpt>
      <trkpt lat="45.62203" lon="7.81812">
        <ele>578</ele>
        <extensions>
          <distance>4504</distance>
        </extensions>
      </trkpt>
      <trkpt lat="45.62224" lon="7.8181">
        <ele>582</ele>
        <extensions>
          <distance>4528</distance>
        </extensions>
      </trkpt>
      <trkpt lat="45.622434999999996" lon="7.818265">
        <ele>586</ele>
        <extensions>
          <distance>4553</distance>
        </extensions>
      </trkpt>
      <trkpt lat="45.62263" lon="7.81843">
        <ele>590</ele>
        <extensions>
          <distance>4579</distance>
        </extensions>
      </trkpt>
      <trkpt lat="45.622825" lon="7.818595">
        <ele>599</ele>
        <extensions>
          <distance>4606</distance>
        </extensions>
      </trkpt>
      <trkpt lat="45.62302" lon="7.81876">
        <ele>610</ele>
        <extensions>
          <distance>4633</distance>
        </extensions>
      </trkpt>
      <trkpt lat="45.623152499999996" lon="7.818827499999999">
        <ele>617</ele>
        <extensions>
          <distance>4650</distance>
        </extensions>
      </trkpt>
      <trkpt lat="45.623284999999996" lon="7.8188949999999995">
        <ele>620</ele>
        <extensions>
          <distance>4666</distance>
        </extensions>
      </trkpt>
      <trkpt lat="45.6234175" lon="7.8189625">
        <ele>620</ele>
        <extensions>
          <distance>4682</distance>
        </extensions>
      </trkpt>
      <trkpt lat="45.62355" lon="7.81903">
        <ele>620</ele>
        <extensions>
          <distance>4697</distance>
        </extensions>
      </trkpt>
      <trkpt lat="45.623734999999996" lon="7.819224999999999">
        <ele>620</ele>
        <extensions>
          <distance>4723</distance>
        </extensions>
      </trkpt>
      <trkpt lat="45.62392" lon="7.81942">
        <ele>619</ele>
        <extensions>
          <distance>4749</distance>
        </extensions>
      </trkpt>
      <trkpt lat="45.623999999999995" lon="7.819615000000001">
        <ele>619</ele>
        <extensions>
          <distance>4766</distance>
        </extensions>
      </trkpt>
      <trkpt lat="45.62408" lon="7.81981">
        <ele>619</ele>
        <extensions>
          <distance>4784</distance>
        </extensions>
      </trkpt>
      <trkpt lat="45.624224999999996" lon="7.819875">
        <ele>619</ele>
        <extensions>
          <distance>4801</distance>
        </extensions>
      </trkpt>
      <trkpt lat="45.62437" lon="7.81994">
        <ele>631</ele>
        <extensions>
          <distance>4818</distance>
        </extensions>
      </trkpt>
      <trkpt lat="45.6244175" lon="7.820185">
        <ele>631</ele>
        <extensions>
          <distance>4838</distance>
        </extensions>
      </trkpt>
      <trkpt lat="45.624465" lon="7.82043">
        <ele>631</ele>
        <extensions>
          <distance>4858</distance>
        </extensions>
      </trkpt>
      <trkpt lat="45.6245125" lon="7.820675">
        <ele>631</ele>
        <extensions>
          <distance>4877</distance>
        </extensions>
      </trkpt>
      <trkpt lat="45.62456" lon="7.82092">
        <ele>635</ele>
        <extensions>
          <distance>4897</distance>
        </extensions>
      </trkpt>
      <trkpt lat="45.624674999999996" lon="7.8212150000000005">
        <ele>636</ele>
        <extensions>
          <distance>4924</distance>
        </extensions>
      </trkpt>
      <trkpt lat="45.62479" lon="7.82151">
        <ele>639</ele>
        <extensions>
          <distance>4950</distance>
        </extensions>
      </trkpt>
      <trkpt lat="45.625" lon="7.82168">
        <ele>639</ele>
        <extensions>
          <distance>4977</distance>
        </extensions>
      </trkpt>
      <trkpt lat="45.62501" lon="7.821895">
        <ele>639</ele>
        <extensions>
          <distance>4994</distance>
        </extensions>
      </trkpt>
      <trkpt lat="45.62502" lon="7.82211">
        <ele>639</ele>
        <extensions>
          <distance>5011</distance>
        </extensions>
      </trkpt>
      <trkpt lat="45.62493" lon="7.8222875">
        <ele>633</ele>
        <extensions>
          <distance>5028</distance>
        </extensions>
      </trkpt>
      <trkpt lat="45.62484" lon="7.822465">
        <ele>625</ele>
        <extensions>
          <distance>5047</distance>
        </extensions>
      </trkpt>
      <trkpt lat="45.62475" lon="7.822642500000001">
        <ele>624</ele>
        <extensions>
          <distance>5064</distance>
        </extensions>
      </trkpt>
      <trkpt lat="45.62466" lon="7.82282">
        <ele>623</ele>
        <extensions>
          <distance>5081</distance>
        </extensions>
      </trkpt>
      <trkpt lat="45.62466875" lon="7.82304125">
        <ele>620</ele>
        <extensions>
          <distance>5098</distance>
        </extensions>
      </trkpt>
      <trkpt lat="45.624677500000004" lon="7.8232625">
        <ele>619</ele>
        <extensions>
          <distance>5116</distance>
        </extensions>
      </trkpt>
      <trkpt lat="45.62468625" lon="7.82348375">
        <ele>617</ele>
        <extensions>
          <distance>5133</distance>
        </extensions>
      </trkpt>
      <trkpt lat="45.624695" lon="7.823705">
        <ele>617</ele>
        <extensions>
          <distance>5150</distance>
        </extensions>
      </trkpt>
      <trkpt lat="45.62470375" lon="7.82392625">
        <ele>616</ele>
        <extensions>
          <distance>5168</distance>
        </extensions>
      </trkpt>
      <trkpt lat="45.6247125" lon="7.8241475000000005">
        <ele>614</ele>
        <extensions>
          <distance>5185</distance>
        </extensions>
      </trkpt>
      <trkpt lat="45.62472125" lon="7.82436875">
        <ele>614</ele>
        <extensions>
          <distance>5202</distance>
        </extensions>
      </trkpt>
      <trkpt lat="45.62473" lon="7.82459">
        <ele>614</ele>
        <extensions>
          <distance>5220</distance>
        </extensions>
      </trkpt>
      <trkpt lat="45.62478625" lon="7.824871249999999">
        <ele>614</ele>
        <extensions>
          <distance>5242</distance>
        </extensions>
      </trkpt>
      <trkpt lat="45.6248425" lon="7.8251525">
        <ele>613</ele>
        <extensions>
          <distance>5265</distance>
        </extensions>
      </trkpt>
      <trkpt lat="45.62489875" lon="7.82543375">
        <ele>613</ele>
        <extensions>
          <distance>5288</distance>
        </extensions>
      </trkpt>
      <trkpt lat="45.624955" lon="7.825715">
        <ele>613</ele>
        <extensions>
          <distance>5311</distance>
        </extensions>
      </trkpt>
      <trkpt lat="45.62501125" lon="7.825996249999999">
        <ele>610</ele>
        <extensions>
          <distance>5334</distance>
        </extensions>
      </trkpt>
      <trkpt lat="45.6250675" lon="7.8262775">
        <ele>610</ele>
        <extensions>
          <distance>5357</distance>
        </extensions>
      </trkpt>
      <trkpt lat="45.62512375" lon="7.82655875">
        <ele>608</ele>
        <extensions>
          <distance>5379</distance>
        </extensions>
      </trkpt>
      <trkpt lat="45.62518" lon="7.82684">
        <ele>608</ele>
        <extensions>
          <distance>5402</distance>
        </extensions>
      </trkpt>
      <trkpt lat="45.62518" lon="7.82715">
        <ele>607</ele>
        <extensions>
          <distance>5426</distance>
        </extensions>
      </trkpt>
      <trkpt lat="45.62527" lon="7.827439999999999">
        <ele>607</ele>
        <extensions>
          <distance>5451</distance>
        </extensions>
      </trkpt>
      <trkpt lat="45.62536" lon="7.82773">
        <ele>603</ele>
        <extensions>
          <distance>5476</distance>
        </extensions>
      </trkpt>
      <trkpt lat="45.625386250000005" lon="7.827920000000001">
        <ele>600</ele>
        <extensions>
          <distance>5491</distance>
        </extensions>
      </trkpt>
      <trkpt lat="45.6254125" lon="7.828110000000001">
        <ele>598</ele>
        <extensions>
          <distance>5507</distance>
        </extensions>
      </trkpt>
      <trkpt lat="45.62543875" lon="7.8283000000000005">
        <ele>597</ele>
        <extensions>
          <distance>5522</distance>
        </extensions>
      </trkpt>
      <trkpt lat="45.625465000000005" lon="7.82849">
        <ele>597</ele>
        <extensions>
          <distance>5537</distance>
        </extensions>
      </trkpt>
      <trkpt lat="45.62549125" lon="7.82868">
        <ele>597</ele>
        <extensions>
          <distance>5552</distance>
        </extensions>
      </trkpt>
      <trkpt lat="45.6255175" lon="7.82887">
        <ele>597</ele>
        <extensions>
          <distance>5567</distance>
        </extensions>
      </trkpt>
      <trkpt lat="45.625543750000006" lon="7.82906">
        <ele>597</ele>
        <extensions>
          <distance>5582</distance>
        </extensions>
      </trkpt>
      <trkpt lat="45.62557" lon="7.82925">
        <ele>597</ele>
        <extensions>
          <distance>5597</distance>
        </extensions>
      </trkpt>
      <trkpt lat="45.62562" lon="7.829435">
        <ele>598</ele>
        <extensions>
          <distance>5613</distance>
        </extensions>
      </trkpt>
      <trkpt lat="45.62567" lon="7.82962">
        <ele>598</ele>
        <extensions>
          <distance>5628</distance>
        </extensions>
      </trkpt>
      <trkpt lat="45.62572" lon="7.829805">
        <ele>598</ele>
        <extensions>
          <distance>5644</distance>
        </extensions>
      </trkpt>
      <trkpt lat="45.62577" lon="7.82999">
        <ele>598</ele>
        <extensions>
          <distance>5659</distance>
        </extensions>
      </trkpt>
      <trkpt lat="45.625910000000005" lon="7.830304999999999">
        <ele>601</ele>
        <extensions>
          <distance>5688</distance>
        </extensions>
      </trkpt>
      <trkpt lat="45.626050000000006" lon="7.83062">
        <ele>603</ele>
        <extensions>
          <distance>5717</distance>
        </extensions>
      </trkpt>
      <trkpt lat="45.62619000000001" lon="7.830935">
        <ele>603</ele>
        <extensions>
          <distance>5746</distance>
        </extensions>
      </trkpt>
      <trkpt lat="45.62633" lon="7.83125">
        <ele>603</ele>
        <extensions>
          <distance>5775</distance>
        </extensions>
      </trkpt>
      <trkpt lat="45.626365" lon="7.83144">
        <ele>602</ele>
        <extensions>
          <distance>5791</distance>
        </extensions>
      </trkpt>
      <trkpt lat="45.6264" lon="7.83163">
        <ele>602</ele>
        <extensions>
          <distance>5806</distance>
        </extensions>
      </trkpt>
      <trkpt lat="45.626485" lon="7.83181">
        <ele>603</ele>
        <extensions>
          <distance>5823</distance>
        </extensions>
      </trkpt>
      <trkpt lat="45.62657" lon="7.83199">
        <ele>602</ele>
        <extensions>
          <distance>5840</distance>
        </extensions>
      </trkpt>
      <trkpt lat="45.62683" lon="7.83209">
        <ele>602</ele>
        <extensions>
          <distance>5870</distance>
        </extensions>
      </trkpt>
      <trkpt lat="45.626864999999995" lon="7.832285000000001">
        <ele>603</ele>
        <extensions>
          <distance>5886</distance>
        </extensions>
      </trkpt>
      <trkpt lat="45.6269" lon="7.83248">
        <ele>603</ele>
        <extensions>
          <distance>5901</distance>
        </extensions>
      </trkpt>
      <trkpt lat="45.62703" lon="7.83246">
        <ele>603</ele>
        <extensions>
          <distance>5916</distance>
        </extensions>
      </trkpt>
      <trkpt lat="45.62721" lon="7.83268">
        <ele>602</ele>
        <extensions>
          <distance>5942</distance>
        </extensions>
      </trkpt>
      <trkpt lat="45.62729" lon="7.833">
        <ele>602</ele>
        <extensions>
          <distance>5969</distance>
        </extensions>
      </trkpt>
      <trkpt lat="45.627435000000006" lon="7.833165">
        <ele>603</ele>
        <extensions>
          <distance>5989</distance>
        </extensions>
      </trkpt>
      <trkpt lat="45.62758" lon="7.83333">
        <ele>603</ele>
        <extensions>
          <distance>6010</distance>
        </extensions>
      </trkpt>
      <trkpt lat="45.6277175" lon="7.8333125">
        <ele>606</ele>
        <extensions>
          <distance>6025</distance>
        </extensions>
      </trkpt>
      <trkpt lat="45.627855" lon="7.833295">
        <ele>610</ele>
        <extensions>
          <distance>6041</distance>
        </extensions>
      </trkpt>
      <trkpt lat="45.6279925" lon="7.8332774999999994">
        <ele>615</ele>
        <extensions>
          <distance>6057</distance>
        </extensions>
      </trkpt>
      <trkpt lat="45.62813" lon="7.83326">
        <ele>616</ele>
        <extensions>
          <distance>6073</distance>
        </extensions>
      </trkpt>
      <trkpt lat="45.628249999999994" lon="7.833527500000001">
        <ele>619</ele>
        <extensions>
          <distance>6098</distance>
        </extensions>
      </trkpt>
      <trkpt lat="45.62837" lon="7.833795">
        <ele>620</ele>
        <extensions>
          <distance>6122</distance>
        </extensions>
      </trkpt>
      <trkpt lat="45.62849" lon="7.8340625">
        <ele>620</ele>
        <extensions>
          <distance>6147</distance>
        </extensions>
      </trkpt>
      <trkpt lat="45.628609999999995" lon="7.83433">
        <ele>620</ele>
        <extensions>
          <distance>6172</distance>
        </extensions>
      </trkpt>
      <trkpt lat="45.62873" lon="7.834597499999999">
        <ele>621</ele>
        <extensions>
          <distance>6197</distance>
        </extensions>
      </trkpt>
      <trkpt lat="45.62885" lon="7.834865">
        <ele>622</ele>
        <extensions>
          <distance>6221</distance>
        </extensions>
      </trkpt>
      <trkpt lat="45.628969999999995" lon="7.8351325">
        <ele>624</ele>
        <extensions>
          <distance>6246</distance>
        </extensions>
      </trkpt>
      <trkpt lat="45.62909" lon="7.8354">
        <ele>624</ele>
        <extensions>
          <distance>6271</distance>
        </extensions>
      </trkpt>
      <trkpt lat="45.629255" lon="7.835535">
        <ele>624</ele>
        <extensions>
          <distance>6292</distance>
        </extensions>
      </trkpt>
      <trkpt lat="45.62942" lon="7.83567">
        <ele>624</ele>
        <extensions>
          <distance>6313</distance>
        </extensions>
      </trkpt>
      <trkpt lat="45.629512500000004" lon="7.8359000000000005">
        <ele>624</ele>
        <extensions>
          <distance>6334</distance>
        </extensions>
      </trkpt>
      <trkpt lat="45.629605" lon="7.836130000000001">
        <ele>626</ele>
        <extensions>
          <distance>6355</distance>
        </extensions>
      </trkpt>
      <trkpt lat="45.6296975" lon="7.836360000000001">
        <ele>626</ele>
        <extensions>
          <distance>6375</distance>
        </extensions>
      </trkpt>
      <trkpt lat="45.62979" lon="7.83659">
        <ele>626</ele>
        <extensions>
          <distance>6396</distance>
        </extensions>
      </trkpt>
      <trkpt lat="45.6299275" lon="7.8367725">
        <ele>627</ele>
        <extensions>
          <distance>6417</distance>
        </extensions>
      </trkpt>
      <trkpt lat="45.630065" lon="7.836955">
        <ele>627</ele>
        <extensions>
          <distance>6438</distance>
        </extensions>
      </trkpt>
      <trkpt lat="45.630202499999996" lon="7.8371375">
        <ele>630</ele>
        <extensions>
          <distance>6459</distance>
        </extensions>
      </trkpt>
      <trkpt lat="45.63034" lon="7.83732">
        <ele>632</ele>
        <extensions>
          <distance>6480</distance>
        </extensions>
      </trkpt>
      <trkpt lat="45.6303975" lon="7.8375225">
        <ele>632</ele>
        <extensions>
          <distance>6497</distance>
        </extensions>
      </trkpt>
      <trkpt lat="45.630455" lon="7.837725">
        <ele>633</ele>
        <extensions>
          <distance>6514</distance>
        </extensions>
      </trkpt>
      <trkpt lat="45.630512499999995" lon="7.837927499999999">
        <ele>634</ele>
        <extensions>
          <distance>6531</distance>
        </extensions>
      </trkpt>
      <trkpt lat="45.63057" lon="7.83813">
        <ele>634</ele>
        <extensions>
          <distance>6548</distance>
        </extensions>
      </trkpt>
      <trkpt lat="45.6306275" lon="7.8383325">
        <ele>634</ele>
        <extensions>
          <distance>6565</distance>
        </extensions>
      </trkpt>
      <trkpt lat="45.630685" lon="7.838535">
        <ele>634</ele>
        <extensions>
          <distance>6582</distance>
        </extensions>
      </trkpt>
      <trkpt lat="45.6307425" lon="7.838737500000001">
        <ele>634</ele>
        <extensions>
          <distance>6599</distance>
        </extensions>
      </trkpt>
      <trkpt lat="45.6308" lon="7.83894">
        <ele>634</ele>
        <extensions>
          <distance>6616</distance>
        </extensions>
      </trkpt>
      <trkpt lat="45.6309225" lon="7.8390362499999995">
        <ele>634</ele>
        <extensions>
          <distance>6631</distance>
        </extensions>
      </trkpt>
      <trkpt lat="45.631045" lon="7.8391325">
        <ele>638</ele>
        <extensions>
          <distance>6647</distance>
        </extensions>
      </trkpt>
      <trkpt lat="45.631167500000004" lon="7.83922875">
        <ele>643</ele>
        <extensions>
          <distance>6663</distance>
        </extensions>
      </trkpt>
      <trkpt lat="45.63129" lon="7.8393250000000005">
        <ele>650</ele>
        <extensions>
          <distance>6681</distance>
        </extensions>
      </trkpt>
      <trkpt lat="45.631412499999996" lon="7.839421250000001">
        <ele>655</ele>
        <extensions>
          <distance>6697</distance>
        </extensions>
      </trkpt>
      <trkpt lat="45.631535" lon="7.8395175">
        <ele>657</ele>
        <extensions>
          <distance>6712</distance>
        </extensions>
      </trkpt>
      <trkpt lat="45.6316575" lon="7.83961375">
        <ele>658</ele>
        <extensions>
          <distance>6728</distance>
        </extensions>
      </trkpt>
      <trkpt lat="45.63178" lon="7.83971">
        <ele>658</ele>
        <extensions>
          <distance>6744</distance>
        </extensions>
      </trkpt>
      <trkpt lat="45.631924999999995" lon="7.839985">
        <ele>658</ele>
        <extensions>
          <distance>6770</distance>
        </extensions>
      </trkpt>
      <trkpt lat="45.63207" lon="7.84026">
        <ele>658</ele>
        <extensions>
          <distance>6797</distance>
        </extensions>
      </trkpt>
      <trkpt lat="45.63214" lon="7.840495">
        <ele>654</ele>
        <extensions>
          <distance>6817</distance>
        </extensions>
      </trkpt>
      <trkpt lat="45.63221" lon="7.84073">
        <ele>650</ele>
        <extensions>
          <distance>6838</distance>
        </extensions>
      </trkpt>
      <trkpt lat="45.632307499999996" lon="7.84090375">
        <ele>650</ele>
        <extensions>
          <distance>6855</distance>
        </extensions>
      </trkpt>
      <trkpt lat="45.632405" lon="7.8410775">
        <ele>650</ele>
        <extensions>
          <distance>6872</distance>
        </extensions>
      </trkpt>
      <trkpt lat="45.6325025" lon="7.84125125">
        <ele>650</ele>
        <extensions>
          <distance>6890</distance>
        </extensions>
      </trkpt>
      <trkpt lat="45.6326" lon="7.841425">
        <ele>652</ele>
        <extensions>
          <distance>6907</distance>
        </extensions>
      </trkpt>
      <trkpt lat="45.6326975" lon="7.84159875">
        <ele>654</ele>
        <extensions>
          <distance>6924</distance>
        </extensions>
      </trkpt>
      <trkpt lat="45.632795" lon="7.8417725">
        <ele>654</ele>
        <extensions>
          <distance>6942</distance>
        </extensions>
      </trkpt>
      <trkpt lat="45.6328925" lon="7.84194625">
        <ele>655</ele>
        <extensions>
          <distance>6959</distance>
        </extensions>
      </trkpt>
      <trkpt lat="45.63299" lon="7.84212">
        <ele>655</ele>
        <extensions>
          <distance>6976</distance>
        </extensions>
      </trkpt>
      <trkpt lat="45.6330725" lon="7.8423575">
        <ele>655</ele>
        <extensions>
          <distance>6997</distance>
        </extensions>
      </trkpt>
      <trkpt lat="45.633155" lon="7.842595">
        <ele>655</ele>
        <extensions>
          <distance>7018</distance>
        </extensions>
      </trkpt>
      <trkpt lat="45.6332375" lon="7.8428325">
        <ele>655</ele>
        <extensions>
          <distance>7038</distance>
        </extensions>
      </trkpt>
      <trkpt lat="45.63332" lon="7.84307">
        <ele>654</ele>
        <extensions>
          <distance>7059</distance>
        </extensions>
      </trkpt>
      <trkpt lat="45.63338" lon="7.843285">
        <ele>654</ele>
        <extensions>
          <distance>7077</distance>
        </extensions>
      </trkpt>
      <trkpt lat="45.63344" lon="7.8435">
        <ele>654</ele>
        <extensions>
          <distance>7095</distance>
        </extensions>
      </trkpt>
      <trkpt lat="45.633365" lon="7.843745">
        <ele>653</ele>
        <extensions>
          <distance>7116</distance>
        </extensions>
      </trkpt>
      <trkpt lat="45.63329" lon="7.84399">
        <ele>652</ele>
        <extensions>
          <distance>7137</distance>
        </extensions>
      </trkpt>
      <trkpt lat="45.63317" lon="7.844189999999999">
        <ele>651</ele>
        <extensions>
          <distance>7157</distance>
        </extensions>
      </trkpt>
      <trkpt lat="45.63305" lon="7.84439">
        <ele>651</ele>
        <extensions>
          <distance>7178</distance>
        </extensions>
      </trkpt>
      <trkpt lat="45.63293" lon="7.84459">
        <ele>651</ele>
        <extensions>
          <distance>7198</distance>
        </extensions>
      </trkpt>
      <trkpt lat="45.63281" lon="7.84479">
        <ele>651</ele>
        <extensions>
          <distance>7219</distance>
        </extensions>
      </trkpt>
      <trkpt lat="45.63258" lon="7.84474">
        <ele>653</ele>
        <extensions>
          <distance>7245</distance>
        </extensions>
      </trkpt>
      <trkpt lat="45.6327" lon="7.844875">
        <ele>653</ele>
        <extensions>
          <distance>7262</distance>
        </extensions>
      </trkpt>
      <trkpt lat="45.632819999999995" lon="7.84501">
        <ele>653</ele>
        <extensions>
          <distance>7279</distance>
        </extensions>
      </trkpt>
      <trkpt lat="45.63294" lon="7.8451450000000005">
        <ele>654</ele>
        <extensions>
          <distance>7296</distance>
        </extensions>
      </trkpt>
      <trkpt lat="45.63306" lon="7.84528">
        <ele>654</ele>
        <extensions>
          <distance>7313</distance>
        </extensions>
      </trkpt>
      <trkpt lat="45.6329075" lon="7.8454250000000005">
        <ele>660</ele>
        <extensions>
          <distance>7334</distance>
        </extensions>
      </trkpt>
      <trkpt lat="45.632755" lon="7.84557">
        <ele>668</ele>
        <extensions>
          <distance>7356</distance>
        </extensions>
      </trkpt>
      <trkpt lat="45.632602500000004" lon="7.845715">
        <ele>677</ele>
        <extensions>
          <distance>7378</distance>
        </extensions>
      </trkpt>
      <trkpt lat="45.63245" lon="7.84586">
        <ele>686</ele>
        <extensions>
          <distance>7400</distance>
        </extensions>
      </trkpt>
      <trkpt lat="45.632234999999994" lon="7.845795">
        <ele>688</ele>
        <extensions>
          <distance>7425</distance>
        </extensions>
      </trkpt>
      <trkpt lat="45.63202" lon="7.84573">
        <ele>692</ele>
        <extensions>
          <distance>7449</distance>
        </extensions>
      </trkpt>
      <trkpt lat="45.63189" lon="7.845829999999999">
        <ele>699</ele>
        <extensions>
          <distance>7467</distance>
        </extensions>
      </trkpt>
      <trkpt lat="45.63176" lon="7.845929999999999">
        <ele>706</ele>
        <extensions>
          <distance>7485</distance>
        </extensions>
      </trkpt>
      <trkpt lat="45.63163" lon="7.846029999999999">
        <ele>713</ele>
        <extensions>
          <distance>7503</distance>
        </extensions>
      </trkpt>
      <trkpt lat="45.6315" lon="7.84613">
        <ele>720</ele>
        <extensions>
          <distance>7521</distance>
        </extensions>
      </trkpt>
      <trkpt lat="45.63156" lon="7.84638">
        <ele>723</ele>
        <extensions>
          <distance>7542</distance>
        </extensions>
      </trkpt>
      <trkpt lat="45.63141" lon="7.84643">
        <ele>732</ele>
        <extensions>
          <distance>7561</distance>
        </extensions>
      </trkpt>
      <trkpt lat="45.631495" lon="7.846605">
        <ele>733</ele>
        <extensions>
          <distance>7578</distance>
        </extensions>
      </trkpt>
      <trkpt lat="45.63158" lon="7.84678">
        <ele>735</ele>
        <extensions>
          <distance>7594</distance>
        </extensions>
      </trkpt>
      <trkpt lat="45.631665" lon="7.8469549999999995">
        <ele>735</ele>
        <extensions>
          <distance>7611</distance>
        </extensions>
      </trkpt>
      <trkpt lat="45.63175" lon="7.84713">
        <ele>738</ele>
        <extensions>
          <distance>7628</distance>
        </extensions>
      </trkpt>
      <trkpt lat="45.631635" lon="7.84742">
        <ele>748</ele>
        <extensions>
          <distance>7655</distance>
        </extensions>
      </trkpt>
      <trkpt lat="45.63152" lon="7.84771">
        <ele>758</ele>
        <extensions>
          <distance>7683</distance>
        </extensions>
      </trkpt>
      <trkpt lat="45.63171" lon="7.847935">
        <ele>760</ele>
        <extensions>
          <distance>7711</distance>
        </extensions>
      </trkpt>
      <trkpt lat="45.6319" lon="7.84816">
        <ele>760</ele>
        <extensions>
          <distance>7738</distance>
        </extensions>
      </trkpt>
      <trkpt lat="45.632095" lon="7.848155">
        <ele>760</ele>
        <extensions>
          <distance>7760</distance>
        </extensions>
      </trkpt>
      <trkpt lat="45.63229" lon="7.84815">
        <ele>760</ele>
        <extensions>
          <distance>7781</distance>
        </extensions>
      </trkpt>
      <trkpt lat="45.632485" lon="7.848145000000001">
        <ele>761</ele>
        <extensions>
          <distance>7803</distance>
        </extensions>
      </trkpt>
      <trkpt lat="45.63268" lon="7.84814">
        <ele>761</ele>
        <extensions>
          <distance>7825</distance>
        </extensions>
      </trkpt>
      <trkpt lat="45.6328225" lon="7.848380000000001">
        <ele>766</ele>
        <extensions>
          <distance>7850</distance>
        </extensions>
      </trkpt>
      <trkpt lat="45.632965" lon="7.84862">
        <ele>771</ele>
        <extensions>
          <distance>7875</distance>
        </extensions>
      </trkpt>
      <trkpt lat="45.633107499999994" lon="7.84886">
        <ele>771</ele>
        <extensions>
          <distance>7899</distance>
        </extensions>
      </trkpt>
      <trkpt lat="45.63325" lon="7.8491">
        <ele>771</ele>
        <extensions>
          <distance>7924</distance>
        </extensions>
      </trkpt>
      <trkpt lat="45.6333975" lon="7.84921">
        <ele>771</ele>
        <extensions>
          <distance>7942</distance>
        </extensions>
      </trkpt>
      <trkpt lat="45.633545" lon="7.8493200000000005">
        <ele>771</ele>
        <extensions>
          <distance>7961</distance>
        </extensions>
      </trkpt>
      <trkpt lat="45.633692499999995" lon="7.84943">
        <ele>771</ele>
        <extensions>
          <distance>7979</distance>
        </extensions>
      </trkpt>
      <trkpt lat="45.63384" lon="7.84954">
        <ele>771</ele>
        <extensions>
          <distance>7998</distance>
        </extensions>
      </trkpt>
      <trkpt lat="45.634005" lon="7.849740000000001">
        <ele>772</ele>
        <extensions>
          <distance>8022</distance>
        </extensions>
      </trkpt>
      <trkpt lat="45.63417" lon="7.84994">
        <ele>777</ele>
        <extensions>
          <distance>8046</distance>
        </extensions>
      </trkpt>
      <trkpt lat="45.634335" lon="7.85014">
        <ele>780</ele>
        <extensions>
          <distance>8070</distance>
        </extensions>
      </trkpt>
      <trkpt lat="45.6345" lon="7.85034">
        <ele>780</ele>
        <extensions>
          <distance>8094</distance>
        </extensions>
      </trkpt>
      <trkpt lat="45.63462" lon="7.85045">
        <ele>781</ele>
        <extensions>
          <distance>8110</distance>
        </extensions>
      </trkpt>
      <trkpt lat="45.63474" lon="7.85056">
        <ele>781</ele>
        <extensions>
          <distance>8126</distance>
        </extensions>
      </trkpt>
      <trkpt lat="45.63486" lon="7.85067">
        <ele>781</ele>
        <extensions>
          <distance>8142</distance>
        </extensions>
      </trkpt>
      <trkpt lat="45.63498" lon="7.85078">
        <ele>781</ele>
        <extensions>
          <distance>8158</distance>
        </extensions>
      </trkpt>
      <trkpt lat="45.635215" lon="7.85085">
        <ele>781</ele>
        <extensions>
          <distance>8184</distance>
        </extensions>
      </trkpt>
      <trkpt lat="45.63545" lon="7.85092">
        <ele>783</ele>
        <extensions>
          <distance>8211</distance>
        </extensions>
      </trkpt>
      <trkpt lat="45.6356375" lon="7.851045">
        <ele>783</ele>
        <extensions>
          <distance>8234</distance>
        </extensions>
      </trkpt>
      <trkpt lat="45.635825" lon="7.85117">
        <ele>783</ele>
        <extensions>
          <distance>8257</distance>
        </extensions>
      </trkpt>
      <trkpt lat="45.6360125" lon="7.851295">
        <ele>784</ele>
        <extensions>
          <distance>8280</distance>
        </extensions>
      </trkpt>
      <trkpt lat="45.6362" lon="7.85142">
        <ele>786</ele>
        <extensions>
          <distance>8303</distance>
        </extensions>
      </trkpt>
      <trkpt lat="45.63634375" lon="7.851587500000001">
        <ele>790</ele>
        <extensions>
          <distance>8324</distance>
        </extensions>
      </trkpt>
      <trkpt lat="45.6364875" lon="7.851755000000001">
        <ele>794</ele>
        <extensions>
          <distance>8345</distance>
        </extensions>
      </trkpt>
      <trkpt lat="45.63663125" lon="7.851922500000001">
        <ele>799</ele>
        <extensions>
          <distance>8366</distance>
        </extensions>
      </trkpt>
      <trkpt lat="45.636775" lon="7.8520900000000005">
        <ele>801</ele>
        <extensions>
          <distance>8387</distance>
        </extensions>
      </trkpt>
      <trkpt lat="45.63691875" lon="7.8522575">
        <ele>801</ele>
        <extensions>
          <distance>8408</distance>
        </extensions>
      </trkpt>
      <trkpt lat="45.6370625" lon="7.852425">
        <ele>802</ele>
        <extensions>
          <distance>8428</distance>
        </extensions>
      </trkpt>
      <trkpt lat="45.63720625" lon="7.8525925">
        <ele>805</ele>
        <extensions>
          <distance>8449</distance>
        </extensions>
      </trkpt>
      <trkpt lat="45.63735" lon="7.85276">
        <ele>807</ele>
        <extensions>
          <distance>8470</distance>
        </extensions>
      </trkpt>
      <trkpt lat="45.637452499999995" lon="7.8530375">
        <ele>815</ele>
        <extensions>
          <distance>8495</distance>
        </extensions>
      </trkpt>
      <trkpt lat="45.637555" lon="7.853315">
        <ele>819</ele>
        <extensions>
          <distance>8520</distance>
        </extensions>
      </trkpt>
      <trkpt lat="45.6376575" lon="7.8535924999999995">
        <ele>823</ele>
        <extensions>
          <distance>8545</distance>
        </extensions>
      </trkpt>
      <trkpt lat="45.63776" lon="7.85387">
        <ele>826</ele>
        <extensions>
          <distance>8570</distance>
        </extensions>
      </trkpt>
      <trkpt lat="45.637885" lon="7.8541">
        <ele>832</ele>
        <extensions>
          <distance>8593</distance>
        </extensions>
      </trkpt>
      <trkpt lat="45.63801" lon="7.85433">
        <ele>836</ele>
        <extensions>
          <distance>8616</distance>
        </extensions>
      </trkpt>
      <trkpt lat="45.638135000000005" lon="7.85456">
        <ele>840</ele>
        <extensions>
          <distance>8639</distance>
        </extensions>
      </trkpt>
      <trkpt lat="45.63826" lon="7.85479">
        <ele>842</ele>
        <extensions>
          <distance>8662</distance>
        </extensions>
      </trkpt>
      <trkpt lat="45.638374999999996" lon="7.85491">
        <ele>842</ele>
        <extensions>
          <distance>8678</distance>
        </extensions>
      </trkpt>
      <trkpt lat="45.63849" lon="7.85503">
        <ele>842</ele>
        <extensions>
          <distance>8694</distance>
        </extensions>
      </trkpt>
      <trkpt lat="45.6386325" lon="7.855074999999999">
        <ele>842</ele>
        <extensions>
          <distance>8710</distance>
        </extensions>
      </trkpt>
      <trkpt lat="45.638774999999995" lon="7.855119999999999">
        <ele>842</ele>
        <extensions>
          <distance>8726</distance>
        </extensions>
      </trkpt>
      <trkpt lat="45.6389175" lon="7.8551649999999995">
        <ele>842</ele>
        <extensions>
          <distance>8742</distance>
        </extensions>
      </trkpt>
      <trkpt lat="45.63906" lon="7.85521">
        <ele>842</ele>
        <extensions>
          <distance>8758</distance>
        </extensions>
      </trkpt>
      <trkpt lat="45.63911" lon="7.85542">
        <ele>842</ele>
        <extensions>
          <distance>8776</distance>
        </extensions>
      </trkpt>
      <trkpt lat="45.639160000000004" lon="7.85563">
        <ele>846</ele>
        <extensions>
          <distance>8793</distance>
        </extensions>
      </trkpt>
      <trkpt lat="45.639210000000006" lon="7.85584">
        <ele>849</ele>
        <extensions>
          <distance>8811</distance>
        </extensions>
      </trkpt>
      <trkpt lat="45.63926" lon="7.85605">
        <ele>854</ele>
        <extensions>
          <distance>8829</distance>
        </extensions>
      </trkpt>
      <trkpt lat="45.639345000000006" lon="7.85624375">
        <ele>854</ele>
        <extensions>
          <distance>8847</distance>
        </extensions>
      </trkpt>
      <trkpt lat="45.639430000000004" lon="7.8564375">
        <ele>854</ele>
        <extensions>
          <distance>8864</distance>
        </extensions>
      </trkpt>
      <trkpt lat="45.639515" lon="7.8566312499999995">
        <ele>854</ele>
        <extensions>
          <distance>8882</distance>
        </extensions>
      </trkpt>
      <trkpt lat="45.6396" lon="7.856825">
        <ele>854</ele>
        <extensions>
          <distance>8900</distance>
        </extensions>
      </trkpt>
      <trkpt lat="45.639685" lon="7.85701875">
        <ele>854</ele>
        <extensions>
          <distance>8918</distance>
        </extensions>
      </trkpt>
      <trkpt lat="45.63977" lon="7.857212499999999">
        <ele>854</ele>
        <extensions>
          <distance>8936</distance>
        </extensions>
      </trkpt>
      <trkpt lat="45.639855" lon="7.8574062499999995">
        <ele>856</ele>
        <extensions>
          <distance>8953</distance>
        </extensions>
      </trkpt>
      <trkpt lat="45.63994" lon="7.8576">
        <ele>863</ele>
        <extensions>
          <distance>8972</distance>
        </extensions>
      </trkpt>
      <trkpt lat="45.639920000000004" lon="7.85783">
        <ele>876</ele>
        <extensions>
          <distance>8994</distance>
        </extensions>
      </trkpt>
      <trkpt lat="45.6399" lon="7.85806">
        <ele>885</ele>
        <extensions>
          <distance>9014</distance>
        </extensions>
      </trkpt>
      <trkpt lat="45.640069999999994" lon="7.85825">
        <ele>889</ele>
        <extensions>
          <distance>9038</distance>
        </extensions>
      </trkpt>
      <trkpt lat="45.64024" lon="7.85844">
        <ele>894</ele>
        <extensions>
          <distance>9063</distance>
        </extensions>
      </trkpt>
      <trkpt lat="45.640425" lon="7.85849">
        <ele>894</ele>
        <extensions>
          <distance>9084</distance>
        </extensions>
      </trkpt>
      <trkpt lat="45.64061" lon="7.85854">
        <ele>894</ele>
        <extensions>
          <distance>9105</distance>
        </extensions>
      </trkpt>
      <trkpt lat="45.64056" lon="7.85891">
        <ele>903</ele>
        <extensions>
          <distance>9135</distance>
        </extensions>
      </trkpt>
      <trkpt lat="45.640654999999995" lon="7.859215">
        <ele>910</ele>
        <extensions>
          <distance>9162</distance>
        </extensions>
      </trkpt>
      <trkpt lat="45.64075" lon="7.85952">
        <ele>911</ele>
        <extensions>
          <distance>9188</distance>
        </extensions>
      </trkpt>
      <trkpt lat="45.640964999999994" lon="7.85956">
        <ele>911</ele>
        <extensions>
          <distance>9212</distance>
        </extensions>
      </trkpt>
      <trkpt lat="45.64118" lon="7.8596">
        <ele>912</ele>
        <extensions>
          <distance>9236</distance>
        </extensions>
      </trkpt>
      <trkpt lat="45.641305" lon="7.8597150000000005">
        <ele>912</ele>
        <extensions>
          <distance>9252</distance>
        </extensions>
      </trkpt>
      <trkpt lat="45.64143" lon="7.8598300000000005">
        <ele>912</ele>
        <extensions>
          <distance>9269</distance>
        </extensions>
      </trkpt>
      <trkpt lat="45.641555" lon="7.859945">
        <ele>912</ele>
        <extensions>
          <distance>9285</distance>
        </extensions>
      </trkpt>
      <trkpt lat="45.64168" lon="7.86006">
        <ele>912</ele>
        <extensions>
          <distance>9302</distance>
        </extensions>
      </trkpt>
      <trkpt lat="45.64183" lon="7.8602875">
        <ele>915</ele>
        <extensions>
          <distance>9326</distance>
        </extensions>
      </trkpt>
      <trkpt lat="45.641980000000004" lon="7.8605149999999995">
        <ele>915</ele>
        <extensions>
          <distance>9351</distance>
        </extensions>
      </trkpt>
      <trkpt lat="45.64213" lon="7.8607425">
        <ele>915</ele>
        <extensions>
          <distance>9375</distance>
        </extensions>
      </trkpt>
      <trkpt lat="45.64228" lon="7.86097">
        <ele>915</ele>
        <extensions>
          <distance>9399</distance>
        </extensions>
      </trkpt>
      <trkpt lat="45.6424525" lon="7.8609825">
        <ele>910</ele>
        <extensions>
          <distance>9419</distance>
        </extensions>
      </trkpt>
      <trkpt lat="45.642624999999995" lon="7.860995">
        <ele>908</ele>
        <extensions>
          <distance>9438</distance>
        </extensions>
      </trkpt>
      <trkpt lat="45.6427975" lon="7.8610074999999995">
        <ele>907</ele>
        <extensions>
          <distance>9457</distance>
        </extensions>
      </trkpt>
      <trkpt lat="45.64297" lon="7.86102">
        <ele>907</ele>
        <extensions>
          <distance>9476</distance>
        </extensions>
      </trkpt>
      <trkpt lat="45.643155" lon="7.8612400000000004">
        <ele>907</ele>
        <extensions>
          <distance>9503</distance>
        </extensions>
      </trkpt>
      <trkpt lat="45.64334" lon="7.86146">
        <ele>907</ele>
        <extensions>
          <distance>9530</distance>
        </extensions>
      </trkpt>
      <trkpt lat="45.64332" lon="7.8616875">
        <ele>907</ele>
        <extensions>
          <distance>9548</distance>
        </extensions>
      </trkpt>
      <trkpt lat="45.643299999999996" lon="7.861915">
        <ele>911</ele>
        <extensions>
          <distance>9566</distance>
        </extensions>
      </trkpt>
      <trkpt lat="45.64328" lon="7.8621425">
        <ele>914</ele>
        <extensions>
          <distance>9584</distance>
        </extensions>
      </trkpt>
      <trkpt lat="45.64326" lon="7.86237">
        <ele>915</ele>
        <extensions>
          <distance>9602</distance>
        </extensions>
      </trkpt>
      <trkpt lat="45.64331" lon="7.86256">
        <ele>916</ele>
        <extensions>
          <distance>9618</distance>
        </extensions>
      </trkpt>
      <trkpt lat="45.64336" lon="7.86275">
        <ele>916</ele>
        <extensions>
          <distance>9633</distance>
        </extensions>
      </trkpt>
      <trkpt lat="45.64341" lon="7.86294">
        <ele>916</ele>
        <extensions>
          <distance>9649</distance>
        </extensions>
      </trkpt>
      <trkpt lat="45.64346" lon="7.86313">
        <ele>915</ele>
        <extensions>
          <distance>9665</distance>
        </extensions>
      </trkpt>
      <trkpt lat="45.64362" lon="7.86332">
        <ele>914</ele>
        <extensions>
          <distance>9688</distance>
        </extensions>
      </trkpt>
      <trkpt lat="45.643845" lon="7.8631899999999995">
        <ele>907</ele>
        <extensions>
          <distance>9715</distance>
        </extensions>
      </trkpt>
      <trkpt lat="45.64407" lon="7.86306">
        <ele>903</ele>
        <extensions>
          <distance>9743</distance>
        </extensions>
      </trkpt>
      <trkpt lat="45.644245" lon="7.862864999999999">
        <ele>897</ele>
        <extensions>
          <distance>9768</distance>
        </extensions>
      </trkpt>
      <trkpt lat="45.64442" lon="7.86267">
        <ele>892</ele>
        <extensions>
          <distance>9793</distance>
        </extensions>
      </trkpt>
      <trkpt lat="45.644485" lon="7.862444999999999">
        <ele>883</ele>
        <extensions>
          <distance>9814</distance>
        </extensions>
      </trkpt>
      <trkpt lat="45.64455" lon="7.86222">
        <ele>875</ele>
        <extensions>
          <distance>9835</distance>
        </extensions>
      </trkpt>
      <trkpt lat="45.644725" lon="7.86208">
        <ele>873</ele>
        <extensions>
          <distance>9857</distance>
        </extensions>
      </trkpt>
      <trkpt lat="45.6449" lon="7.86194">
        <ele>873</ele>
        <extensions>
          <distance>9879</distance>
        </extensions>
      </trkpt>
      <trkpt lat="45.644965" lon="7.8617">
        <ele>865</ele>
        <extensions>
          <distance>9900</distance>
        </extensions>
      </trkpt>
      <trkpt lat="45.64503" lon="7.86146">
        <ele>858</ele>
        <extensions>
          <distance>9922</distance>
        </extensions>
      </trkpt>
      <trkpt lat="45.645165" lon="7.861195">
        <ele>852</ele>
        <extensions>
          <distance>9948</distance>
        </extensions>
      </trkpt>
      <trkpt lat="45.6453" lon="7.86093">
        <ele>843</ele>
        <extensions>
          <distance>9975</distance>
        </extensions>
      </trkpt>
      <trkpt lat="45.645435" lon="7.860665">
        <ele>833</ele>
        <extensions>
          <distance>10002</distance>
        </extensions>
      </trkpt>
      <trkpt lat="45.64557" lon="7.8604">
        <ele>823</ele>
        <extensions>
          <distance>10030</distance>
        </extensions>
      </trkpt>
      <trkpt lat="45.6457175" lon="7.86041875">
        <ele>819</ele>
        <extensions>
          <distance>10047</distance>
        </extensions>
      </trkpt>
      <trkpt lat="45.645865" lon="7.8604375">
        <ele>815</ele>
        <extensions>
          <distance>10064</distance>
        </extensions>
      </trkpt>
      <trkpt lat="45.6460125" lon="7.86045625">
        <ele>813</ele>
        <extensions>
          <distance>10080</distance>
        </extensions>
      </trkpt>
      <trkpt lat="45.646159999999995" lon="7.860475">
        <ele>811</ele>
        <extensions>
          <distance>10097</distance>
        </extensions>
      </trkpt>
      <trkpt lat="45.64630749999999" lon="7.86049375">
        <ele>808</ele>
        <extensions>
          <distance>10113</distance>
        </extensions>
      </trkpt>
      <trkpt lat="45.646454999999996" lon="7.8605125000000005">
        <ele>805</ele>
        <extensions>
          <distance>10130</distance>
        </extensions>
      </trkpt>
      <trkpt lat="45.6466025" lon="7.86053125">
        <ele>800</ele>
        <extensions>
          <distance>10147</distance>
        </extensions>
      </trkpt>
      <trkpt lat="45.64675" lon="7.86055">
        <ele>798</ele>
        <extensions>
          <distance>10164</distance>
        </extensions>
      </trkpt>
      <trkpt lat="45.6468825" lon="7.860635">
        <ele>798</ele>
        <extensions>
          <distance>10180</distance>
        </extensions>
      </trkpt>
      <trkpt lat="45.647014999999996" lon="7.860720000000001">
        <ele>797</ele>
        <extensions>
          <distance>10196</distance>
        </extensions>
      </trkpt>
      <trkpt lat="45.6471475" lon="7.860805000000001">
        <ele>797</ele>
        <extensions>
          <distance>10212</distance>
        </extensions>
      </trkpt>
      <trkpt lat="45.64728" lon="7.86089">
        <ele>796</ele>
        <extensions>
          <distance>10229</distance>
        </extensions>
      </trkpt>
      <trkpt lat="45.647415" lon="7.860935">
        <ele>795</ele>
        <extensions>
          <distance>10244</distance>
        </extensions>
      </trkpt>
      <trkpt lat="45.64755" lon="7.86098">
        <ele>795</ele>
        <extensions>
          <distance>10259</distance>
        </extensions>
      </trkpt>
      <trkpt lat="45.647685" lon="7.861025">
        <ele>794</ele>
        <extensions>
          <distance>10275</distance>
        </extensions>
      </trkpt>
      <trkpt lat="45.64782" lon="7.86107">
        <ele>794</ele>
        <extensions>
          <distance>10290</distance>
        </extensions>
      </trkpt>
      <trkpt lat="45.64796" lon="7.86093">
        <ele>789</ele>
        <extensions>
          <distance>10310</distance>
        </extensions>
      </trkpt>
      <trkpt lat="45.64795" lon="7.86072">
        <ele>785</ele>
        <extensions>
          <distance>10326</distance>
        </extensions>
      </trkpt>
      <trkpt lat="45.64777" lon="7.86062">
        <ele>783</ele>
        <extensions>
          <distance>10348</distance>
        </extensions>
      </trkpt>
      <trkpt lat="45.64753" lon="7.86074">
        <ele>781</ele>
        <extensions>
          <distance>10376</distance>
        </extensions>
      </trkpt>
      <trkpt lat="45.64759" lon="7.86053">
        <ele>779</ele>
        <extensions>
          <distance>10394</distance>
        </extensions>
      </trkpt>
      <trkpt lat="45.64748" lon="7.86034">
        <ele>776</ele>
        <extensions>
          <distance>10414</distance>
        </extensions>
      </trkpt>
      <trkpt lat="45.64755" lon="7.860035">
        <ele>773</ele>
        <extensions>
          <distance>10439</distance>
        </extensions>
      </trkpt>
      <trkpt lat="45.64762" lon="7.85973">
        <ele>773</ele>
        <extensions>
          <distance>10464</distance>
        </extensions>
      </trkpt>
      <trkpt lat="45.647760000000005" lon="7.859665">
        <ele>773</ele>
        <extensions>
          <distance>10480</distance>
        </extensions>
      </trkpt>
      <trkpt lat="45.6479" lon="7.8596">
        <ele>773</ele>
        <extensions>
          <distance>10497</distance>
        </extensions>
      </trkpt>
      <trkpt lat="45.648075" lon="7.8596900000000005">
        <ele>773</ele>
        <extensions>
          <distance>10517</distance>
        </extensions>
      </trkpt>
      <trkpt lat="45.64825" lon="7.85978">
        <ele>773</ele>
        <extensions>
          <distance>10538</distance>
        </extensions>
      </trkpt>
      <trkpt lat="45.64832" lon="7.8600200000000005">
        <ele>773</ele>
        <extensions>
          <distance>10558</distance>
        </extensions>
      </trkpt>
      <trkpt lat="45.64839" lon="7.86026">
        <ele>775</ele>
        <extensions>
          <distance>10578</distance>
        </extensions>
      </trkpt>
      <trkpt lat="45.64846" lon="7.8605">
        <ele>779</ele>
        <extensions>
          <distance>10599</distance>
        </extensions>
      </trkpt>
      <trkpt lat="45.64853" lon="7.86074">
        <ele>784</ele>
        <extensions>
          <distance>10620</distance>
        </extensions>
      </trkpt>
      <trkpt lat="45.64866000000001" lon="7.86105">
        <ele>792</ele>
        <extensions>
          <distance>10649</distance>
        </extensions>
      </trkpt>
      <trkpt lat="45.648790000000005" lon="7.8613599999999995">
        <ele>801</ele>
        <extensions>
          <distance>10678</distance>
        </extensions>
      </trkpt>
      <trkpt lat="45.648920000000004" lon="7.86167">
        <ele>810</ele>
        <extensions>
          <distance>10708</distance>
        </extensions>
      </trkpt>
      <trkpt lat="45.64905" lon="7.86198">
        <ele>816</ele>
        <extensions>
          <distance>10737</distance>
        </extensions>
      </trkpt>
      <trkpt lat="45.649175" lon="7.862064999999999">
        <ele>816</ele>
        <extensions>
          <distance>10752</distance>
        </extensions>
      </trkpt>
      <trkpt lat="45.6493" lon="7.86215">
        <ele>817</ele>
        <extensions>
          <distance>10768</distance>
        </extensions>
      </trkpt>
      <trkpt lat="45.64932" lon="7.86243">
        <ele>823</ele>
        <extensions>
          <distance>10790</distance>
        </extensions>
      </trkpt>
      <trkpt lat="45.64934" lon="7.86271">
        <ele>832</ele>
        <extensions>
          <distance>10814</distance>
        </extensions>
      </trkpt>
      <trkpt lat="45.64947" lon="7.86298">
        <ele>847</ele>
        <extensions>
          <distance>10843</distance>
        </extensions>
      </trkpt>
      <trkpt lat="45.649615" lon="7.862995">
        <ele>851</ele>
        <extensions>
          <distance>10860</distance>
        </extensions>
      </trkpt>
      <trkpt lat="45.64976" lon="7.86301">
        <ele>854</ele>
        <extensions>
          <distance>10876</distance>
        </extensions>
      </trkpt>
      <trkpt lat="45.649905000000004" lon="7.863025">
        <ele>854</ele>
        <extensions>
          <distance>10893</distance>
        </extensions>
      </trkpt>
      <trkpt lat="45.65005" lon="7.86304">
        <ele>855</ele>
        <extensions>
          <distance>10909</distance>
        </extensions>
      </trkpt>
      <trkpt lat="45.65017" lon="7.863167499999999">
        <ele>862</ele>
        <extensions>
          <distance>10926</distance>
        </extensions>
      </trkpt>
      <trkpt lat="45.65029" lon="7.863295">
        <ele>869</ele>
        <extensions>
          <distance>10944</distance>
        </extensions>
      </trkpt>
      <trkpt lat="45.65041" lon="7.8634225">
        <ele>879</ele>
        <extensions>
          <distance>10963</distance>
        </extensions>
      </trkpt>
      <trkpt lat="45.65053" lon="7.86355">
        <ele>880</ele>
        <extensions>
          <distance>10980</distance>
        </extensions>
      </trkpt>
      <trkpt lat="45.65069" lon="7.863455">
        <ele>880</ele>
        <extensions>
          <distance>10999</distance>
        </extensions>
      </trkpt>
      <trkpt lat="45.65085" lon="7.86336">
        <ele>885</ele>
        <extensions>
          <distance>11019</distance>
        </extensions>
      </trkpt>
      <trkpt lat="45.65093" lon="7.86317">
        <ele>886</ele>
        <extensions>
          <distance>11036</distance>
        </extensions>
      </trkpt>
      <trkpt lat="45.65101" lon="7.86298">
        <ele>886</ele>
        <extensions>
          <distance>11053</distance>
        </extensions>
      </trkpt>
      <trkpt lat="45.65112" lon="7.86322">
        <ele>887</ele>
        <extensions>
          <distance>11076</distance>
        </extensions>
      </trkpt>
      <trkpt lat="45.65113" lon="7.86355">
        <ele>896</ele>
        <extensions>
          <distance>11102</distance>
        </extensions>
      </trkpt>
      <trkpt lat="45.65128" lon="7.863765">
        <ele>900</ele>
        <extensions>
          <distance>11126</distance>
        </extensions>
      </trkpt>
      <trkpt lat="45.65143" lon="7.86398">
        <ele>907</ele>
        <extensions>
          <distance>11151</distance>
        </extensions>
      </trkpt>
      <trkpt lat="45.651574999999994" lon="7.864065">
        <ele>910</ele>
        <extensions>
          <distance>11169</distance>
        </extensions>
      </trkpt>
      <trkpt lat="45.65172" lon="7.86415">
        <ele>914</ele>
        <extensions>
          <distance>11187</distance>
        </extensions>
      </trkpt>
      <trkpt lat="45.65188" lon="7.86444">
        <ele>921</ele>
        <extensions>
          <distance>11216</distance>
        </extensions>
      </trkpt>
      <trkpt lat="45.65193" lon="7.864735">
        <ele>927</ele>
        <extensions>
          <distance>11241</distance>
        </extensions>
      </trkpt>
      <trkpt lat="45.65198" lon="7.86503">
        <ele>934</ele>
        <extensions>
          <distance>11265</distance>
        </extensions>
      </trkpt>
      <trkpt lat="45.652085" lon="7.86527">
        <ele>938</ele>
        <extensions>
          <distance>11288</distance>
        </extensions>
      </trkpt>
      <trkpt lat="45.65219" lon="7.86551">
        <ele>943</ele>
        <extensions>
          <distance>11310</distance>
        </extensions>
      </trkpt>
      <trkpt lat="45.6522" lon="7.86587">
        <ele>952</ele>
        <extensions>
          <distance>11340</distance>
        </extensions>
      </trkpt>
      <trkpt lat="45.65233" lon="7.866105">
        <ele>956</ele>
        <extensions>
          <distance>11363</distance>
        </extensions>
      </trkpt>
      <trkpt lat="45.65246" lon="7.86634">
        <ele>958</ele>
        <extensions>
          <distance>11387</distance>
        </extensions>
      </trkpt>
      <trkpt lat="45.65248" lon="7.86657">
        <ele>962</ele>
        <extensions>
          <distance>11405</distance>
        </extensions>
      </trkpt>
      <trkpt lat="45.65232" lon="7.86675">
        <ele>973</ele>
        <extensions>
          <distance>11430</distance>
        </extensions>
      </trkpt>
      <trkpt lat="45.65216" lon="7.86693">
        <ele>982</ele>
        <extensions>
          <distance>11455</distance>
        </extensions>
      </trkpt>
      <trkpt lat="45.65214" lon="7.86723">
        <ele>989</ele>
        <extensions>
          <distance>11479</distance>
        </extensions>
      </trkpt>
      <trkpt lat="45.652183750000006" lon="7.867470000000001">
        <ele>991</ele>
        <extensions>
          <distance>11499</distance>
        </extensions>
      </trkpt>
      <trkpt lat="45.6522275" lon="7.867710000000001">
        <ele>994</ele>
        <extensions>
          <distance>11518</distance>
        </extensions>
      </trkpt>
      <trkpt lat="45.65227125" lon="7.86795">
        <ele>1000</ele>
        <extensions>
          <distance>11538</distance>
        </extensions>
      </trkpt>
      <trkpt lat="45.652315" lon="7.86819">
        <ele>1005</ele>
        <extensions>
          <distance>11558</distance>
        </extensions>
      </trkpt>
      <trkpt lat="45.652358750000005" lon="7.86843">
        <ele>1010</ele>
        <extensions>
          <distance>11578</distance>
        </extensions>
      </trkpt>
      <trkpt lat="45.6524025" lon="7.86867">
        <ele>1015</ele>
        <extensions>
          <distance>11598</distance>
        </extensions>
      </trkpt>
      <trkpt lat="45.65244625" lon="7.86891">
        <ele>1020</ele>
        <extensions>
          <distance>11618</distance>
        </extensions>
      </trkpt>
      <trkpt lat="45.65249" lon="7.86915">
        <ele>1022</ele>
        <extensions>
          <distance>11638</distance>
        </extensions>
      </trkpt>
      <trkpt lat="45.65256" lon="7.86941">
        <ele>1022</ele>
        <extensions>
          <distance>11659</distance>
        </extensions>
      </trkpt>
      <trkpt lat="45.6527" lon="7.8695">
        <ele>1022</ele>
        <extensions>
          <distance>11676</distance>
        </extensions>
      </trkpt>
      <trkpt lat="45.65283" lon="7.86948">
        <ele>1023</ele>
        <extensions>
          <distance>11691</distance>
        </extensions>
      </trkpt>
      <trkpt lat="45.6529" lon="7.86927">
        <ele>1024</ele>
        <extensions>
          <distance>11709</distance>
        </extensions>
      </trkpt>
      <trkpt lat="45.65311" lon="7.86927">
        <ele>1027</ele>
        <extensions>
          <distance>11733</distance>
        </extensions>
      </trkpt>
      <trkpt lat="45.65328" lon="7.86904">
        <ele>1029</ele>
        <extensions>
          <distance>11759</distance>
        </extensions>
      </trkpt>
      <trkpt lat="45.653287500000005" lon="7.868805">
        <ele>1029</ele>
        <extensions>
          <distance>11777</distance>
        </extensions>
      </trkpt>
      <trkpt lat="45.653295" lon="7.86857">
        <ele>1029</ele>
        <extensions>
          <distance>11795</distance>
        </extensions>
      </trkpt>
      <trkpt lat="45.653302499999995" lon="7.868335">
        <ele>1033</ele>
        <extensions>
          <distance>11814</distance>
        </extensions>
      </trkpt>
      <trkpt lat="45.65331" lon="7.8681">
        <ele>1033</ele>
        <extensions>
          <distance>11832</distance>
        </extensions>
      </trkpt>
      <trkpt lat="45.65344" lon="7.86795">
        <ele>1033</ele>
        <extensions>
          <distance>11851</distance>
        </extensions>
      </trkpt>
      <trkpt lat="45.653575000000004" lon="7.868040000000001">
        <ele>1033</ele>
        <extensions>
          <distance>11867</distance>
        </extensions>
      </trkpt>
      <trkpt lat="45.65371" lon="7.86813">
        <ele>1042</ele>
        <extensions>
          <distance>11885</distance>
        </extensions>
      </trkpt>
      <trkpt lat="45.653795" lon="7.8682925">
        <ele>1050</ele>
        <extensions>
          <distance>11902</distance>
        </extensions>
      </trkpt>
      <trkpt lat="45.65388" lon="7.868455">
        <ele>1056</ele>
        <extensions>
          <distance>11919</distance>
        </extensions>
      </trkpt>
      <trkpt lat="45.653965" lon="7.8686175">
        <ele>1063</ele>
        <extensions>
          <distance>11936</distance>
        </extensions>
      </trkpt>
      <trkpt lat="45.65405" lon="7.86878">
        <ele>1069</ele>
        <extensions>
          <distance>11953</distance>
        </extensions>
      </trkpt>
      <trkpt lat="45.654264999999995" lon="7.8688">
        <ele>1078</ele>
        <extensions>
          <distance>11979</distance>
        </extensions>
      </trkpt>
      <trkpt lat="45.65448" lon="7.86882">
        <ele>1087</ele>
        <extensions>
          <distance>12005</distance>
        </extensions>
      </trkpt>
      <trkpt lat="45.654585" lon="7.868985">
        <ele>1097</ele>
        <extensions>
          <distance>12025</distance>
        </extensions>
      </trkpt>
      <trkpt lat="45.65469" lon="7.86915">
        <ele>1108</ele>
        <extensions>
          <distance>12045</distance>
        </extensions>
      </trkpt>
      <trkpt lat="45.654830000000004" lon="7.869135">
        <ele>1113</ele>
        <extensions>
          <distance>12062</distance>
        </extensions>
      </trkpt>
      <trkpt lat="45.654970000000006" lon="7.869120000000001">
        <ele>1119</ele>
        <extensions>
          <distance>12078</distance>
        </extensions>
      </trkpt>
      <trkpt lat="45.65511000000001" lon="7.869105">
        <ele>1119</ele>
        <extensions>
          <distance>12094</distance>
        </extensions>
      </trkpt>
      <trkpt lat="45.65525" lon="7.86909">
        <ele>1119</ele>
        <extensions>
          <distance>12109</distance>
        </extensions>
      </trkpt>
      <trkpt lat="45.65531250000001" lon="7.86891">
        <ele>1119</ele>
        <extensions>
          <distance>12125</distance>
        </extensions>
      </trkpt>
      <trkpt lat="45.65537500000001" lon="7.868729999999999">
        <ele>1120</ele>
        <extensions>
          <distance>12141</distance>
        </extensions>
      </trkpt>
      <trkpt lat="45.655437500000005" lon="7.868549999999999">
        <ele>1120</ele>
        <extensions>
          <distance>12156</distance>
        </extensions>
      </trkpt>
      <trkpt lat="45.6555" lon="7.86837">
        <ele>1120</ele>
        <extensions>
          <distance>12172</distance>
        </extensions>
      </trkpt>
      <trkpt lat="45.655695" lon="7.8683250000000005">
        <ele>1120</ele>
        <extensions>
          <distance>12194</distance>
        </extensions>
      </trkpt>
      <trkpt lat="45.65589" lon="7.86828">
        <ele>1126</ele>
        <extensions>
          <distance>12216</distance>
        </extensions>
      </trkpt>
      <trkpt lat="45.656" lon="7.868080000000001">
        <ele>1128</ele>
        <extensions>
          <distance>12236</distance>
        </extensions>
      </trkpt>
      <trkpt lat="45.65611" lon="7.86788">
        <ele>1129</ele>
        <extensions>
          <distance>12256</distance>
        </extensions>
      </trkpt>
      <trkpt lat="45.65627" lon="7.867875">
        <ele>1129</ele>
        <extensions>
          <distance>12274</distance>
        </extensions>
      </trkpt>
      <trkpt lat="45.65643" lon="7.86787">
        <ele>1128</ele>
        <extensions>
          <distance>12291</distance>
        </extensions>
      </trkpt>
      <trkpt lat="45.656545" lon="7.867665000000001">
        <ele>1126</ele>
        <extensions>
          <distance>12312</distance>
        </extensions>
      </trkpt>
      <trkpt lat="45.65666" lon="7.86746">
        <ele>1120</ele>
        <extensions>
          <distance>12333</distance>
        </extensions>
      </trkpt>
      <trkpt lat="45.656819999999996" lon="7.867365">
        <ele>1119</ele>
        <extensions>
          <distance>12353</distance>
        </extensions>
      </trkpt>
      <trkpt lat="45.65698" lon="7.86727">
        <ele>1118</ele>
        <extensions>
          <distance>12372</distance>
        </extensions>
      </trkpt>
      <trkpt lat="45.657195" lon="7.86722">
        <ele>1115</ele>
        <extensions>
          <distance>12396</distance>
        </extensions>
      </trkpt>
      <trkpt lat="45.65741" lon="7.86717">
        <ele>1110</ele>
        <extensions>
          <distance>12421</distance>
        </extensions>
      </trkpt>
      <trkpt lat="45.657624999999996" lon="7.86712">
        <ele>1108</ele>
        <extensions>
          <distance>12445</distance>
        </extensions>
      </trkpt>
      <trkpt lat="45.65784" lon="7.86707">
        <ele>1107</ele>
        <extensions>
          <distance>12470</distance>
        </extensions>
      </trkpt>
      <trkpt lat="45.65791" lon="7.866855">
        <ele>1096</ele>
        <extensions>
          <distance>12491</distance>
        </extensions>
      </trkpt>
      <trkpt lat="45.65798" lon="7.86664">
        <ele>1086</ele>
        <extensions>
          <distance>12512</distance>
        </extensions>
      </trkpt>
      <trkpt lat="45.65817" lon="7.8663799999999995">
        <ele>1080</ele>
        <extensions>
          <distance>12542</distance>
        </extensions>
      </trkpt>
      <trkpt lat="45.65836" lon="7.86612">
        <ele>1080</ele>
        <extensions>
          <distance>12571</distance>
        </extensions>
      </trkpt>
      <trkpt lat="45.658550000000005" lon="7.866099999999999">
        <ele>1080</ele>
        <extensions>
          <distance>12592</distance>
        </extensions>
      </trkpt>
      <trkpt lat="45.65874" lon="7.86608">
        <ele>1080</ele>
        <extensions>
          <distance>12614</distance>
        </extensions>
      </trkpt>
      <trkpt lat="45.65896" lon="7.8662">
        <ele>1076</ele>
        <extensions>
          <distance>12640</distance>
        </extensions>
      </trkpt>
      <trkpt lat="45.65918" lon="7.86632">
        <ele>1076</ele>
        <extensions>
          <distance>12666</distance>
        </extensions>
      </trkpt>
      <trkpt lat="45.65932" lon="7.8662399999999995">
        <ele>1076</ele>
        <extensions>
          <distance>12683</distance>
        </extensions>
      </trkpt>
      <trkpt lat="45.65946" lon="7.86616">
        <ele>1075</ele>
        <extensions>
          <distance>12699</distance>
        </extensions>
      </trkpt>
      <trkpt lat="45.659595" lon="7.86599">
        <ele>1065</ele>
        <extensions>
          <distance>12720</distance>
        </extensions>
      </trkpt>
      <trkpt lat="45.65973" lon="7.86582">
        <ele>1056</ele>
        <extensions>
          <distance>12742</distance>
        </extensions>
      </trkpt>
      <trkpt lat="45.65977" lon="7.8655100000000004">
        <ele>1044</ele>
        <extensions>
          <distance>12770</distance>
        </extensions>
      </trkpt>
      <trkpt lat="45.65981" lon="7.8652">
        <ele>1032</ele>
        <extensions>
          <distance>12797</distance>
        </extensions>
      </trkpt>
      <trkpt lat="45.660007500000006" lon="7.86513">
        <ele>1031</ele>
        <extensions>
          <distance>12820</distance>
        </extensions>
      </trkpt>
      <trkpt lat="45.660205000000005" lon="7.86506">
        <ele>1027</ele>
        <extensions>
          <distance>12842</distance>
        </extensions>
      </trkpt>
      <trkpt lat="45.660402500000004" lon="7.86499">
        <ele>1025</ele>
        <extensions>
          <distance>12865</distance>
        </extensions>
      </trkpt>
      <trkpt lat="45.6606" lon="7.86492">
        <ele>1022</ele>
        <extensions>
          <distance>12888</distance>
        </extensions>
      </trkpt>
      <trkpt lat="45.660740000000004" lon="7.864762499999999">
        <ele>1015</ele>
        <extensions>
          <distance>12909</distance>
        </extensions>
      </trkpt>
      <trkpt lat="45.660880000000006" lon="7.864604999999999">
        <ele>1008</ele>
        <extensions>
          <distance>12930</distance>
        </extensions>
      </trkpt>
      <trkpt lat="45.66102000000001" lon="7.864447499999999">
        <ele>1003</ele>
        <extensions>
          <distance>12950</distance>
        </extensions>
      </trkpt>
      <trkpt lat="45.66116" lon="7.86429">
        <ele>998</ele>
        <extensions>
          <distance>12971</distance>
        </extensions>
      </trkpt>
      <trkpt lat="45.661245" lon="7.86411">
        <ele>992</ele>
        <extensions>
          <distance>12989</distance>
        </extensions>
      </trkpt>
      <trkpt lat="45.66133" lon="7.86393">
        <ele>984</ele>
        <extensions>
          <distance>13007</distance>
        </extensions>
      </trkpt>
      <trkpt lat="45.66126" lon="7.86384">
        <ele>981</ele>
        <extensions>
          <distance>13018</distance>
        </extensions>
      </trkpt>
      <trkpt lat="45.661469999999994" lon="7.8637250000000005">
        <ele>980</ele>
        <extensions>
          <distance>13043</distance>
        </extensions>
      </trkpt>
      <trkpt lat="45.66168" lon="7.86361">
        <ele>978</ele>
        <extensions>
          <distance>13068</distance>
        </extensions>
      </trkpt>
      <trkpt lat="45.66177" lon="7.86345">
        <ele>976</ele>
        <extensions>
          <distance>13084</distance>
        </extensions>
      </trkpt>
      <trkpt lat="45.66186" lon="7.86329">
        <ele>975</ele>
        <extensions>
          <distance>13101</distance>
        </extensions>
      </trkpt>
      <trkpt lat="45.662025" lon="7.863284999999999">
        <ele>973</ele>
        <extensions>
          <distance>13119</distance>
        </extensions>
      </trkpt>
      <trkpt lat="45.66219" lon="7.86328">
        <ele>970</ele>
        <extensions>
          <distance>13138</distance>
        </extensions>
      </trkpt>
      <trkpt lat="45.6623625" lon="7.86317">
        <ele>966</ele>
        <extensions>
          <distance>13159</distance>
        </extensions>
      </trkpt>
      <trkpt lat="45.662535000000005" lon="7.86306">
        <ele>957</ele>
        <extensions>
          <distance>13182</distance>
        </extensions>
      </trkpt>
      <trkpt lat="45.6627075" lon="7.86295">
        <ele>957</ele>
        <extensions>
          <distance>13203</distance>
        </extensions>
      </trkpt>
      <trkpt lat="45.66288" lon="7.86284">
        <ele>956</ele>
        <extensions>
          <distance>13224</distance>
        </extensions>
      </trkpt>
      <trkpt lat="45.663095" lon="7.862845">
        <ele>954</ele>
        <extensions>
          <distance>13248</distance>
        </extensions>
      </trkpt>
      <trkpt lat="45.66331" lon="7.86285">
        <ele>952</ele>
        <extensions>
          <distance>13272</distance>
        </extensions>
      </trkpt>
      <trkpt lat="45.663542500000005" lon="7.8627675">
        <ele>952</ele>
        <extensions>
          <distance>13298</distance>
        </extensions>
      </trkpt>
      <trkpt lat="45.663775" lon="7.862685">
        <ele>950</ele>
        <extensions>
          <distance>13325</distance>
        </extensions>
      </trkpt>
      <trkpt lat="45.6640075" lon="7.8626024999999995">
        <ele>947</ele>
        <extensions>
          <distance>13352</distance>
        </extensions>
      </trkpt>
      <trkpt lat="45.66424" lon="7.86252">
        <ele>947</ele>
        <extensions>
          <distance>13378</distance>
        </extensions>
      </trkpt>
      <trkpt lat="45.66436" lon="7.862385">
        <ele>947</ele>
        <extensions>
          <distance>13395</distance>
        </extensions>
      </trkpt>
      <trkpt lat="45.66448" lon="7.86225">
        <ele>947</ele>
        <extensions>
          <distance>13412</distance>
        </extensions>
      </trkpt>
      <trkpt lat="45.664705" lon="7.862187500000001">
        <ele>947</ele>
        <extensions>
          <distance>13438</distance>
        </extensions>
      </trkpt>
      <trkpt lat="45.66493" lon="7.862125000000001">
        <ele>947</ele>
        <extensions>
          <distance>13463</distance>
        </extensions>
      </trkpt>
      <trkpt lat="45.665155" lon="7.8620625">
        <ele>947</ele>
        <extensions>
          <distance>13489</distance>
        </extensions>
      </trkpt>
      <trkpt lat="45.66538" lon="7.862">
        <ele>950</ele>
        <extensions>
          <distance>13514</distance>
        </extensions>
      </trkpt>
      <trkpt lat="45.6655175" lon="7.8618725000000005">
        <ele>951</ele>
        <extensions>
          <distance>13533</distance>
        </extensions>
      </trkpt>
      <trkpt lat="45.665655" lon="7.861745">
        <ele>953</ele>
        <extensions>
          <distance>13551</distance>
        </extensions>
      </trkpt>
      <trkpt lat="45.6657925" lon="7.8616174999999995">
        <ele>954</ele>
        <extensions>
          <distance>13569</distance>
        </extensions>
      </trkpt>
      <trkpt lat="45.66593" lon="7.86149">
        <ele>955</ele>
        <extensions>
          <distance>13587</distance>
        </extensions>
      </trkpt>
      <trkpt lat="45.66610625" lon="7.86146875">
        <ele>958</ele>
        <extensions>
          <distance>13607</distance>
        </extensions>
      </trkpt>
      <trkpt lat="45.6662825" lon="7.8614475">
        <ele>961</ele>
        <extensions>
          <distance>13627</distance>
        </extensions>
      </trkpt>
      <trkpt lat="45.666458750000004" lon="7.861426249999999">
        <ele>963</ele>
        <extensions>
          <distance>13647</distance>
        </extensions>
      </trkpt>
      <trkpt lat="45.666635" lon="7.8614049999999995">
        <ele>966</ele>
        <extensions>
          <distance>13667</distance>
        </extensions>
      </trkpt>
      <trkpt lat="45.66681125" lon="7.86138375">
        <ele>969</ele>
        <extensions>
          <distance>13687</distance>
        </extensions>
      </trkpt>
      <trkpt lat="45.666987500000005" lon="7.8613625">
        <ele>972</ele>
        <extensions>
          <distance>13707</distance>
        </extensions>
      </trkpt>
      <trkpt lat="45.66716375" lon="7.861341250000001">
        <ele>973</ele>
        <extensions>
          <distance>13726</distance>
        </extensions>
      </trkpt>
      <trkpt lat="45.66734" lon="7.86132">
        <ele>974</ele>
        <extensions>
          <distance>13746</distance>
        </extensions>
      </trkpt>
      <trkpt lat="45.667455000000004" lon="7.861215">
        <ele>974</ele>
        <extensions>
          <distance>13761</distance>
        </extensions>
      </trkpt>
      <trkpt lat="45.66757" lon="7.86111">
        <ele>975</ele>
        <extensions>
          <distance>13776</distance>
        </extensions>
      </trkpt>
      <trkpt lat="45.667715" lon="7.86115">
        <ele>978</ele>
        <extensions>
          <distance>13793</distance>
        </extensions>
      </trkpt>
      <trkpt lat="45.66786" lon="7.861190000000001">
        <ele>978</ele>
        <extensions>
          <distance>13809</distance>
        </extensions>
      </trkpt>
      <trkpt lat="45.668004999999994" lon="7.861230000000001">
        <ele>978</ele>
        <extensions>
          <distance>13826</distance>
        </extensions>
      </trkpt>
      <trkpt lat="45.66815" lon="7.86127">
        <ele>978</ele>
        <extensions>
          <distance>13842</distance>
        </extensions>
      </trkpt>
      <trkpt lat="45.66827" lon="7.86107">
        <ele>978</ele>
        <extensions>
          <distance>13863</distance>
        </extensions>
      </trkpt>
      <trkpt lat="45.668455" lon="7.861045">
        <ele>978</ele>
        <extensions>
          <distance>13883</distance>
        </extensions>
      </trkpt>
      <trkpt lat="45.66864" lon="7.86102">
        <ele>978</ele>
        <extensions>
          <distance>13904</distance>
        </extensions>
      </trkpt>
      <trkpt lat="45.6687575" lon="7.861197499999999">
        <ele>978</ele>
        <extensions>
          <distance>13923</distance>
        </extensions>
      </trkpt>
      <trkpt lat="45.668875" lon="7.861375">
        <ele>980</ele>
        <extensions>
          <distance>13942</distance>
        </extensions>
      </trkpt>
      <trkpt lat="45.6689925" lon="7.8615525">
        <ele>981</ele>
        <extensions>
          <distance>13961</distance>
        </extensions>
      </trkpt>
      <trkpt lat="45.66911" lon="7.86173">
        <ele>981</ele>
        <extensions>
          <distance>13980</distance>
        </extensions>
      </trkpt>
      <trkpt lat="45.66923" lon="7.86165">
        <ele>981</ele>
        <extensions>
          <distance>13995</distance>
        </extensions>
      </trkpt>
      <trkpt lat="45.66932" lon="7.8614049999999995">
        <ele>981</ele>
        <extensions>
          <distance>14017</distance>
        </extensions>
      </trkpt>
      <trkpt lat="45.66941" lon="7.86116">
        <ele>979</ele>
        <extensions>
          <distance>14038</distance>
        </extensions>
      </trkpt>
      <trkpt lat="45.669548750000004" lon="7.86118125">
        <ele>978</ele>
        <extensions>
          <distance>14054</distance>
        </extensions>
      </trkpt>
      <trkpt lat="45.6696875" lon="7.8612025">
        <ele>977</ele>
        <extensions>
          <distance>14069</distance>
        </extensions>
      </trkpt>
      <trkpt lat="45.66982625" lon="7.861223750000001">
        <ele>976</ele>
        <extensions>
          <distance>14085</distance>
        </extensions>
      </trkpt>
      <trkpt lat="45.669965000000005" lon="7.861245">
        <ele>976</ele>
        <extensions>
          <distance>14100</distance>
        </extensions>
      </trkpt>
      <trkpt lat="45.67010375" lon="7.86126625">
        <ele>975</ele>
        <extensions>
          <distance>14116</distance>
        </extensions>
      </trkpt>
      <trkpt lat="45.6702425" lon="7.8612874999999995">
        <ele>974</ele>
        <extensions>
          <distance>14131</distance>
        </extensions>
      </trkpt>
      <trkpt lat="45.670381250000005" lon="7.861308749999999">
        <ele>974</ele>
        <extensions>
          <distance>14147</distance>
        </extensions>
      </trkpt>
      <trkpt lat="45.67052" lon="7.86133">
        <ele>974</ele>
        <extensions>
          <distance>14162</distance>
        </extensions>
      </trkpt>
      <trkpt lat="45.6706725" lon="7.8614925">
        <ele>974</ele>
        <extensions>
          <distance>14183</distance>
        </extensions>
      </trkpt>
      <trkpt lat="45.670825" lon="7.861655">
        <ele>976</ele>
        <extensions>
          <distance>14205</distance>
        </extensions>
      </trkpt>
      <trkpt lat="45.6709775" lon="7.8618175">
        <ele>978</ele>
        <extensions>
          <distance>14226</distance>
        </extensions>
      </trkpt>
      <trkpt lat="45.67113" lon="7.86198">
        <ele>978</ele>
        <extensions>
          <distance>14247</distance>
        </extensions>
      </trkpt>
      <trkpt lat="45.67131" lon="7.86205">
        <ele>978</ele>
        <extensions>
          <distance>14268</distance>
        </extensions>
      </trkpt>
      <trkpt lat="45.671565" lon="7.8619975">
        <ele>978</ele>
        <extensions>
          <distance>14296</distance>
        </extensions>
      </trkpt>
      <trkpt lat="45.67182" lon="7.861945">
        <ele>977</ele>
        <extensions>
          <distance>14325</distance>
        </extensions>
      </trkpt>
      <trkpt lat="45.672075" lon="7.8618925">
        <ele>975</ele>
        <extensions>
          <distance>14354</distance>
        </extensions>
      </trkpt>
      <trkpt lat="45.67233" lon="7.86184">
        <ele>973</ele>
        <extensions>
          <distance>14382</distance>
        </extensions>
      </trkpt>
      <trkpt lat="45.6725" lon="7.86163">
        <ele>966</ele>
        <extensions>
          <distance>14408</distance>
        </extensions>
      </trkpt>
      <trkpt lat="45.67267" lon="7.86142">
        <ele>965</ele>
        <extensions>
          <distance>14433</distance>
        </extensions>
      </trkpt>
      <trkpt lat="45.67286" lon="7.86133">
        <ele>965</ele>
        <extensions>
          <distance>14455</distance>
        </extensions>
      </trkpt>
      <trkpt lat="45.67305" lon="7.86124">
        <ele>965</ele>
        <extensions>
          <distance>14477</distance>
        </extensions>
      </trkpt>
      <trkpt lat="45.67319500000001" lon="7.861102499999999">
        <ele>964</ele>
        <extensions>
          <distance>14497</distance>
        </extensions>
      </trkpt>
      <trkpt lat="45.67334" lon="7.860965">
        <ele>965</ele>
        <extensions>
          <distance>14516</distance>
        </extensions>
      </trkpt>
      <trkpt lat="45.673485" lon="7.8608275">
        <ele>964</ele>
        <extensions>
          <distance>14536</distance>
        </extensions>
      </trkpt>
      <trkpt lat="45.67363" lon="7.86069">
        <ele>964</ele>
        <extensions>
          <distance>14555</distance>
        </extensions>
      </trkpt>
      <trkpt lat="45.67378875" lon="7.8607075">
        <ele>964</ele>
        <extensions>
          <distance>14573</distance>
        </extensions>
      </trkpt>
      <trkpt lat="45.673947500000004" lon="7.860725">
        <ele>964</ele>
        <extensions>
          <distance>14590</distance>
        </extensions>
      </trkpt>
      <trkpt lat="45.67410625000001" lon="7.860742500000001">
        <ele>963</ele>
        <extensions>
          <distance>14608</distance>
        </extensions>
      </trkpt>
      <trkpt lat="45.674265000000005" lon="7.86076">
        <ele>961</ele>
        <extensions>
          <distance>14626</distance>
        </extensions>
      </trkpt>
      <trkpt lat="45.67442375" lon="7.860777499999999">
        <ele>960</ele>
        <extensions>
          <distance>14644</distance>
        </extensions>
      </trkpt>
      <trkpt lat="45.6745825" lon="7.8607949999999995">
        <ele>960</ele>
        <extensions>
          <distance>14661</distance>
        </extensions>
      </trkpt>
      <trkpt lat="45.67474125" lon="7.8608125">
        <ele>960</ele>
        <extensions>
          <distance>14679</distance>
        </extensions>
      </trkpt>
      <trkpt lat="45.6749" lon="7.86083">
        <ele>960</ele>
        <extensions>
          <distance>14697</distance>
        </extensions>
      </trkpt>
      <trkpt lat="45.674825" lon="7.861135">
        <ele>967</ele>
        <extensions>
          <distance>14722</distance>
        </extensions>
      </trkpt>
      <trkpt lat="45.67475" lon="7.86144">
        <ele>976</ele>
        <extensions>
          <distance>14749</distance>
        </extensions>
      </trkpt>
      <trkpt lat="45.67466" lon="7.8615">
        <ele>976</ele>
        <extensions>
          <distance>14760</distance>
        </extensions>
      </trkpt>
      <trkpt lat="45.674625000000006" lon="7.861750000000001">
        <ele>984</ele>
        <extensions>
          <distance>14781</distance>
        </extensions>
      </trkpt>
      <trkpt lat="45.67459" lon="7.862">
        <ele>989</ele>
        <extensions>
          <distance>14801</distance>
        </extensions>
      </trkpt>
      <trkpt lat="45.674620000000004" lon="7.86232">
        <ele>997</ele>
        <extensions>
          <distance>14828</distance>
        </extensions>
      </trkpt>
      <trkpt lat="45.67465" lon="7.86264">
        <ele>1008</ele>
        <extensions>
          <distance>14855</distance>
        </extensions>
      </trkpt>
      <trkpt lat="45.674800000000005" lon="7.862745">
        <ele>1016</ele>
        <extensions>
          <distance>14875</distance>
        </extensions>
      </trkpt>
      <trkpt lat="45.67495" lon="7.86285">
        <ele>1027</ele>
        <extensions>
          <distance>14897</distance>
        </extensions>
      </trkpt>
      <trkpt lat="45.67515" lon="7.86278">
        <ele>1032</ele>
        <extensions>
          <distance>14920</distance>
        </extensions>
      </trkpt>
      <trkpt lat="45.67535" lon="7.86271">
        <ele>1039</ele>
        <extensions>
          <distance>14944</distance>
        </extensions>
      </trkpt>
      <trkpt lat="45.675267500000004" lon="7.8629075">
        <ele>1044</ele>
        <extensions>
          <distance>14963</distance>
        </extensions>
      </trkpt>
      <trkpt lat="45.675185" lon="7.863105">
        <ele>1050</ele>
        <extensions>
          <distance>14982</distance>
        </extensions>
      </trkpt>
      <trkpt lat="45.6751025" lon="7.8633025">
        <ele>1056</ele>
        <extensions>
          <distance>15001</distance>
        </extensions>
      </trkpt>
      <trkpt lat="45.67502" lon="7.8635">
        <ele>1060</ele>
        <extensions>
          <distance>15019</distance>
        </extensions>
      </trkpt>
      <trkpt lat="45.67503000000001" lon="7.863735">
        <ele>1064</ele>
        <extensions>
          <distance>15038</distance>
        </extensions>
      </trkpt>
      <trkpt lat="45.67504" lon="7.86397">
        <ele>1066</ele>
        <extensions>
          <distance>15056</distance>
        </extensions>
      </trkpt>
      <trkpt lat="45.67505" lon="7.864205">
        <ele>1069</ele>
        <extensions>
          <distance>15075</distance>
        </extensions>
      </trkpt>
      <trkpt lat="45.67506" lon="7.86444">
        <ele>1075</ele>
        <extensions>
          <distance>15094</distance>
        </extensions>
      </trkpt>
      <trkpt lat="45.6750375" lon="7.8647025">
        <ele>1082</ele>
        <extensions>
          <distance>15116</distance>
        </extensions>
      </trkpt>
      <trkpt lat="45.675015" lon="7.864965">
        <ele>1091</ele>
        <extensions>
          <distance>15138</distance>
        </extensions>
      </trkpt>
      <trkpt lat="45.6749925" lon="7.8652275">
        <ele>1099</ele>
        <extensions>
          <distance>15160</distance>
        </extensions>
      </trkpt>
      <trkpt lat="45.67497" lon="7.86549">
        <ele>1104</ele>
        <extensions>
          <distance>15182</distance>
        </extensions>
      </trkpt>
      <trkpt lat="45.675155000000004" lon="7.865285">
        <ele>1104</ele>
        <extensions>
          <distance>15208</distance>
        </extensions>
      </trkpt>
      <trkpt lat="45.67534" lon="7.86508">
        <ele>1104</ele>
        <extensions>
          <distance>15234</distance>
        </extensions>
      </trkpt>
      <trkpt lat="45.67538" lon="7.86488">
        <ele>1104</ele>
        <extensions>
          <distance>15250</distance>
        </extensions>
      </trkpt>
      <trkpt lat="45.67527" lon="7.86477">
        <ele>1107</ele>
        <extensions>
          <distance>15265</distance>
        </extensions>
      </trkpt>
      <trkpt lat="45.67528" lon="7.86463">
        <ele>1107</ele>
        <extensions>
          <distance>15276</distance>
        </extensions>
      </trkpt>
      <trkpt lat="45.675422499999996" lon="7.864385">
        <ele>1107</ele>
        <extensions>
          <distance>15301</distance>
        </extensions>
      </trkpt>
      <trkpt lat="45.675565" lon="7.86414">
        <ele>1107</ele>
        <extensions>
          <distance>15326</distance>
        </extensions>
      </trkpt>
      <trkpt lat="45.6757075" lon="7.863894999999999">
        <ele>1109</ele>
        <extensions>
          <distance>15350</distance>
        </extensions>
      </trkpt>
      <trkpt lat="45.67585" lon="7.86365">
        <ele>1109</ele>
        <extensions>
          <distance>15375</distance>
        </extensions>
      </trkpt>
      <trkpt lat="45.67608" lon="7.86358">
        <ele>1115</ele>
        <extensions>
          <distance>15401</distance>
        </extensions>
      </trkpt>
      <trkpt lat="45.676199999999994" lon="7.8636800000000004">
        <ele>1123</ele>
        <extensions>
          <distance>15419</distance>
        </extensions>
      </trkpt>
      <trkpt lat="45.67632" lon="7.86378">
        <ele>1123</ele>
        <extensions>
          <distance>15434</distance>
        </extensions>
      </trkpt>
      <trkpt lat="45.676485" lon="7.863625000000001">
        <ele>1123</ele>
        <extensions>
          <distance>15456</distance>
        </extensions>
      </trkpt>
      <trkpt lat="45.67665" lon="7.86347">
        <ele>1123</ele>
        <extensions>
          <distance>15478</distance>
        </extensions>
      </trkpt>
      <trkpt lat="45.67665" lon="7.86315">
        <ele>1122</ele>
        <extensions>
          <distance>15503</distance>
        </extensions>
      </trkpt>
      <trkpt lat="45.6767425" lon="7.862905">
        <ele>1119</ele>
        <extensions>
          <distance>15525</distance>
        </extensions>
      </trkpt>
      <trkpt lat="45.676835" lon="7.86266">
        <ele>1113</ele>
        <extensions>
          <distance>15547</distance>
        </extensions>
      </trkpt>
      <trkpt lat="45.6769275" lon="7.862415">
        <ele>1107</ele>
        <extensions>
          <distance>15570</distance>
        </extensions>
      </trkpt>
      <trkpt lat="45.67702" lon="7.86217">
        <ele>1098</ele>
        <extensions>
          <distance>15593</distance>
        </extensions>
      </trkpt>
      <trkpt lat="45.676995" lon="7.8618749999999995">
        <ele>1085</ele>
        <extensions>
          <distance>15620</distance>
        </extensions>
      </trkpt>
      <trkpt lat="45.67697" lon="7.86158">
        <ele>1069</ele>
        <extensions>
          <distance>15648</distance>
        </extensions>
      </trkpt>
      <trkpt lat="45.67713" lon="7.86137">
        <ele>1058</ele>
        <extensions>
          <distance>15675</distance>
        </extensions>
      </trkpt>
      <trkpt lat="45.677295" lon="7.8612649999999995">
        <ele>1051</ele>
        <extensions>
          <distance>15696</distance>
        </extensions>
      </trkpt>
      <trkpt lat="45.67746" lon="7.86116">
        <ele>1051</ele>
        <extensions>
          <distance>15716</distance>
        </extensions>
      </trkpt>
      <trkpt lat="45.6777025" lon="7.8611425">
        <ele>1051</ele>
        <extensions>
          <distance>15743</distance>
        </extensions>
      </trkpt>
      <trkpt lat="45.677945" lon="7.8611249999999995">
        <ele>1050</ele>
        <extensions>
          <distance>15770</distance>
        </extensions>
      </trkpt>
      <trkpt lat="45.6781875" lon="7.861107499999999">
        <ele>1049</ele>
        <extensions>
          <distance>15797</distance>
        </extensions>
      </trkpt>
      <trkpt lat="45.67843" lon="7.86109">
        <ele>1049</ele>
        <extensions>
          <distance>15824</distance>
        </extensions>
      </trkpt>
      <trkpt lat="45.678595" lon="7.8610299999999995">
        <ele>1049</ele>
        <extensions>
          <distance>15843</distance>
        </extensions>
      </trkpt>
      <trkpt lat="45.67876" lon="7.86097">
        <ele>1049</ele>
        <extensions>
          <distance>15862</distance>
        </extensions>
      </trkpt>
      <trkpt lat="45.678925" lon="7.8609100000000005">
        <ele>1039</ele>
        <extensions>
          <distance>15881</distance>
        </extensions>
      </trkpt>
      <trkpt lat="45.67909" lon="7.86085">
        <ele>1034</ele>
        <extensions>
          <distance>15901</distance>
        </extensions>
      </trkpt>
      <trkpt lat="45.67934" lon="7.86095">
        <ele>1033</ele>
        <extensions>
          <distance>15930</distance>
        </extensions>
      </trkpt>
      <trkpt lat="45.679535" lon="7.860715">
        <ele>1031</ele>
        <extensions>
          <distance>15958</distance>
        </extensions>
      </trkpt>
      <trkpt lat="45.67973" lon="7.86048">
        <ele>1022</ele>
        <extensions>
          <distance>15988</distance>
        </extensions>
      </trkpt>
      <trkpt lat="45.67973" lon="7.86027">
        <ele>1015</ele>
        <extensions>
          <distance>16006</distance>
        </extensions>
      </trkpt>
      <trkpt lat="45.67973" lon="7.86006">
        <ele>1008</ele>
        <extensions>
          <distance>16023</distance>
        </extensions>
      </trkpt>
      <trkpt lat="45.679505" lon="7.85992">
        <ele>999</ele>
        <extensions>
          <distance>16052</distance>
        </extensions>
      </trkpt>
      <trkpt lat="45.67928" lon="7.85978">
        <ele>989</ele>
        <extensions>
          <distance>16081</distance>
        </extensions>
      </trkpt>
      <trkpt lat="45.67917" lon="7.85985">
        <ele>987</ele>
        <extensions>
          <distance>16095</distance>
        </extensions>
      </trkpt>
      <trkpt lat="45.67902" lon="7.859795">
        <ele>982</ele>
        <extensions>
          <distance>16113</distance>
        </extensions>
      </trkpt>
      <trkpt lat="45.67887" lon="7.85974">
        <ele>976</ele>
        <extensions>
          <distance>16131</distance>
        </extensions>
      </trkpt>
      <trkpt lat="45.678845" lon="7.85953">
        <ele>973</ele>
        <extensions>
          <distance>16148</distance>
        </extensions>
      </trkpt>
      <trkpt lat="45.67882" lon="7.85932">
        <ele>971</ele>
        <extensions>
          <distance>16164</distance>
        </extensions>
      </trkpt>
      <trkpt lat="45.678585" lon="7.859145">
        <ele>963</ele>
        <extensions>
          <distance>16195</distance>
        </extensions>
      </trkpt>
      <trkpt lat="45.67835" lon="7.85897">
        <ele>960</ele>
        <extensions>
          <distance>16224</distance>
        </extensions>
      </trkpt>
      <trkpt lat="45.67857" lon="7.858755">
        <ele>959</ele>
        <extensions>
          <distance>16254</distance>
        </extensions>
      </trkpt>
      <trkpt lat="45.67879" lon="7.85854">
        <ele>958</ele>
        <extensions>
          <distance>16284</distance>
        </extensions>
      </trkpt>
      <trkpt lat="45.67901" lon="7.858325">
        <ele>954</ele>
        <extensions>
          <distance>16313</distance>
        </extensions>
      </trkpt>
      <trkpt lat="45.67923" lon="7.85811">
        <ele>954</ele>
        <extensions>
          <distance>16343</distance>
        </extensions>
      </trkpt>
      <trkpt lat="45.679365" lon="7.8578">
        <ele>947</ele>
        <extensions>
          <distance>16372</distance>
        </extensions>
      </trkpt>
      <trkpt lat="45.6795" lon="7.85749">
        <ele>947</ele>
        <extensions>
          <distance>16400</distance>
        </extensions>
      </trkpt>
      <trkpt lat="45.679755" lon="7.8575075000000005">
        <ele>947</ele>
        <extensions>
          <distance>16429</distance>
        </extensions>
      </trkpt>
      <trkpt lat="45.680009999999996" lon="7.857525000000001">
        <ele>947</ele>
        <extensions>
          <distance>16457</distance>
        </extensions>
      </trkpt>
      <trkpt lat="45.680265" lon="7.857542500000001">
        <ele>948</ele>
        <extensions>
          <distance>16486</distance>
        </extensions>
      </trkpt>
      <trkpt lat="45.68052" lon="7.85756">
        <ele>949</ele>
        <extensions>
          <distance>16514</distance>
        </extensions>
      </trkpt>
      <trkpt lat="45.6807275" lon="7.857692500000001">
        <ele>951</ele>
        <extensions>
          <distance>16539</distance>
        </extensions>
      </trkpt>
      <trkpt lat="45.680935000000005" lon="7.857825">
        <ele>951</ele>
        <extensions>
          <distance>16564</distance>
        </extensions>
      </trkpt>
      <trkpt lat="45.68114250000001" lon="7.8579574999999995">
        <ele>951</ele>
        <extensions>
          <distance>16590</distance>
        </extensions>
      </trkpt>
      <trkpt lat="45.68135" lon="7.85809">
        <ele>951</ele>
        <extensions>
          <distance>16615</distance>
        </extensions>
      </trkpt>
      <trkpt lat="45.681520000000006" lon="7.8580725000000005">
        <ele>951</ele>
        <extensions>
          <distance>16634</distance>
        </extensions>
      </trkpt>
      <trkpt lat="45.68169" lon="7.858055">
        <ele>950</ele>
        <extensions>
          <distance>16653</distance>
        </extensions>
      </trkpt>
      <trkpt lat="45.68186" lon="7.8580375">
        <ele>949</ele>
        <extensions>
          <distance>16672</distance>
        </extensions>
      </trkpt>
      <trkpt lat="45.68203" lon="7.85802">
        <ele>948</ele>
        <extensions>
          <distance>16691</distance>
        </extensions>
      </trkpt>
      <trkpt lat="45.682247499999995" lon="7.857912499999999">
        <ele>948</ele>
        <extensions>
          <distance>16716</distance>
        </extensions>
      </trkpt>
      <trkpt lat="45.68246499999999" lon="7.857805">
        <ele>948</ele>
        <extensions>
          <distance>16742</distance>
        </extensions>
      </trkpt>
      <trkpt lat="45.6826825" lon="7.8576975000000004">
        <ele>948</ele>
        <extensions>
          <distance>16768</distance>
        </extensions>
      </trkpt>
      <trkpt lat="45.6829" lon="7.85759">
        <ele>947</ele>
        <extensions>
          <distance>16793</distance>
        </extensions>
      </trkpt>
      <trkpt lat="45.683085" lon="7.85738">
        <ele>947</ele>
        <extensions>
          <distance>16819</distance>
        </extensions>
      </trkpt>
      <trkpt lat="45.68327" lon="7.85717">
        <ele>948</ele>
        <extensions>
          <distance>16846</distance>
        </extensions>
      </trkpt>
      <trkpt lat="45.68314" lon="7.856965000000001">
        <ele>948</ele>
        <extensions>
          <distance>16867</distance>
        </extensions>
      </trkpt>
      <trkpt lat="45.68301" lon="7.85676">
        <ele>948</ele>
        <extensions>
          <distance>16889</distance>
        </extensions>
      </trkpt>
      <trkpt lat="45.6831175" lon="7.8565825">
        <ele>948</ele>
        <extensions>
          <distance>16907</distance>
        </extensions>
      </trkpt>
      <trkpt lat="45.683225" lon="7.8564050000000005">
        <ele>949</ele>
        <extensions>
          <distance>16925</distance>
        </extensions>
      </trkpt>
      <trkpt lat="45.6833325" lon="7.8562275">
        <ele>951</ele>
        <extensions>
          <distance>16944</distance>
        </extensions>
      </trkpt>
      <trkpt lat="45.68344" lon="7.85605">
        <ele>952</ele>
        <extensions>
          <distance>16962</distance>
        </extensions>
      </trkpt>
      <trkpt lat="45.68364749999999" lon="7.8558675">
        <ele>953</ele>
        <extensions>
          <distance>16989</distance>
        </extensions>
      </trkpt>
      <trkpt lat="45.683854999999994" lon="7.855684999999999">
        <ele>953</ele>
        <extensions>
          <distance>17016</distance>
        </extensions>
      </trkpt>
      <trkpt lat="45.684062499999996" lon="7.8555025">
        <ele>954</ele>
        <extensions>
          <distance>17043</distance>
        </extensions>
      </trkpt>
      <trkpt lat="45.68427" lon="7.85532">
        <ele>954</ele>
        <extensions>
          <distance>17070</distance>
        </extensions>
      </trkpt>
      <trkpt lat="45.684419999999996" lon="7.8552625">
        <ele>954</ele>
        <extensions>
          <distance>17088</distance>
        </extensions>
      </trkpt>
      <trkpt lat="45.684569999999994" lon="7.855205">
        <ele>954</ele>
        <extensions>
          <distance>17105</distance>
        </extensions>
      </trkpt>
      <trkpt lat="45.68472" lon="7.855147499999999">
        <ele>954</ele>
        <extensions>
          <distance>17122</distance>
        </extensions>
      </trkpt>
      <trkpt lat="45.68487" lon="7.85509">
        <ele>954</ele>
        <extensions>
          <distance>17139</distance>
        </extensions>
      </trkpt>
      <trkpt lat="45.6849" lon="7.85483">
        <ele>954</ele>
        <extensions>
          <distance>17160</distance>
        </extensions>
      </trkpt>
      <trkpt lat="45.685055" lon="7.854805">
        <ele>954</ele>
        <extensions>
          <distance>17177</distance>
        </extensions>
      </trkpt>
      <trkpt lat="45.68521" lon="7.85478">
        <ele>955</ele>
        <extensions>
          <distance>17195</distance>
        </extensions>
      </trkpt>
      <trkpt lat="45.68536" lon="7.85497">
        <ele>956</ele>
        <extensions>
          <distance>17217</distance>
        </extensions>
      </trkpt>
      <trkpt lat="45.68558" lon="7.85485">
        <ele>957</ele>
        <extensions>
          <distance>17243</distance>
        </extensions>
      </trkpt>
      <trkpt lat="45.6858" lon="7.85473">
        <ele>957</ele>
        <extensions>
          <distance>17269</distance>
        </extensions>
      </trkpt>
      <trkpt lat="45.685945000000004" lon="7.85476625">
        <ele>957</ele>
        <extensions>
          <distance>17286</distance>
        </extensions>
      </trkpt>
      <trkpt lat="45.68609" lon="7.8548025">
        <ele>957</ele>
        <extensions>
          <distance>17302</distance>
        </extensions>
      </trkpt>
      <trkpt lat="45.686234999999996" lon="7.85483875">
        <ele>956</ele>
        <extensions>
          <distance>17318</distance>
        </extensions>
      </trkpt>
      <trkpt lat="45.68638" lon="7.854875">
        <ele>956</ele>
        <extensions>
          <distance>17335</distance>
        </extensions>
      </trkpt>
      <trkpt lat="45.686525" lon="7.85491125">
        <ele>956</ele>
        <extensions>
          <distance>17351</distance>
        </extensions>
      </trkpt>
      <trkpt lat="45.68667" lon="7.8549475">
        <ele>956</ele>
        <extensions>
          <distance>17367</distance>
        </extensions>
      </trkpt>
      <trkpt lat="45.686814999999996" lon="7.85498375">
        <ele>957</ele>
        <extensions>
          <distance>17384</distance>
        </extensions>
      </trkpt>
      <trkpt lat="45.68696" lon="7.85502">
        <ele>957</ele>
        <extensions>
          <distance>17400</distance>
        </extensions>
      </trkpt>
      <trkpt lat="45.687165" lon="7.855124999999999">
        <ele>957</ele>
        <extensions>
          <distance>17424</distance>
        </extensions>
      </trkpt>
      <trkpt lat="45.68737" lon="7.85523">
        <ele>957</ele>
        <extensions>
          <distance>17449</distance>
        </extensions>
      </trkpt>
      <trkpt lat="45.6873675" lon="7.8554525">
        <ele>957</ele>
        <extensions>
          <distance>17466</distance>
        </extensions>
      </trkpt>
      <trkpt lat="45.687365" lon="7.855675">
        <ele>957</ele>
        <extensions>
          <distance>17483</distance>
        </extensions>
      </trkpt>
      <trkpt lat="45.6873625" lon="7.855897499999999">
        <ele>957</ele>
        <extensions>
          <distance>17501</distance>
        </extensions>
      </trkpt>
      <trkpt lat="45.68736" lon="7.85612">
        <ele>957</ele>
        <extensions>
          <distance>17518</distance>
        </extensions>
      </trkpt>
      <trkpt lat="45.687425" lon="7.856425">
        <ele>959</ele>
        <extensions>
          <distance>17543</distance>
        </extensions>
      </trkpt>
      <trkpt lat="45.68749" lon="7.85673">
        <ele>962</ele>
        <extensions>
          <distance>17568</distance>
        </extensions>
      </trkpt>
      <trkpt lat="45.687637499999994" lon="7.856697499999999">
        <ele>962</ele>
        <extensions>
          <distance>17584</distance>
        </extensions>
      </trkpt>
      <trkpt lat="45.687785" lon="7.856665">
        <ele>962</ele>
        <extensions>
          <distance>17601</distance>
        </extensions>
      </trkpt>
      <trkpt lat="45.6879325" lon="7.8566325">
        <ele>962</ele>
        <extensions>
          <distance>17617</distance>
        </extensions>
      </trkpt>
      <trkpt lat="45.68808" lon="7.8566">
        <ele>961</ele>
        <extensions>
          <distance>17634</distance>
        </extensions>
      </trkpt>
      <trkpt lat="45.688227499999996" lon="7.856567500000001">
        <ele>961</ele>
        <extensions>
          <distance>17651</distance>
        </extensions>
      </trkpt>
      <trkpt lat="45.688375" lon="7.856535">
        <ele>961</ele>
        <extensions>
          <distance>17667</distance>
        </extensions>
      </trkpt>
      <trkpt lat="45.688522500000005" lon="7.8565024999999995">
        <ele>960</ele>
        <extensions>
          <distance>17684</distance>
        </extensions>
      </trkpt>
      <trkpt lat="45.68867" lon="7.85647">
        <ele>960</ele>
        <extensions>
          <distance>17700</distance>
        </extensions>
      </trkpt>
      <trkpt lat="45.688900000000004" lon="7.85658">
        <ele>959</ele>
        <extensions>
          <distance>17727</distance>
        </extensions>
      </trkpt>
      <trkpt lat="45.689130000000006" lon="7.85669">
        <ele>959</ele>
        <extensions>
          <distance>17754</distance>
        </extensions>
      </trkpt>
      <trkpt lat="45.68936000000001" lon="7.8568">
        <ele>959</ele>
        <extensions>
          <distance>17781</distance>
        </extensions>
      </trkpt>
      <trkpt lat="45.68959" lon="7.85691">
        <ele>959</ele>
        <extensions>
          <distance>17808</distance>
        </extensions>
      </trkpt>
      <trkpt lat="45.6897" lon="7.857044999999999">
        <ele>960</ele>
        <extensions>
          <distance>17824</distance>
        </extensions>
      </trkpt>
      <trkpt lat="45.68981" lon="7.85718">
        <ele>960</ele>
        <extensions>
          <distance>17840</distance>
        </extensions>
      </trkpt>
      <trkpt lat="45.68992" lon="7.857315">
        <ele>961</ele>
        <extensions>
          <distance>17857</distance>
        </extensions>
      </trkpt>
      <trkpt lat="45.69003" lon="7.85745">
        <ele>962</ele>
        <extensions>
          <distance>17873</distance>
        </extensions>
      </trkpt>
      <trkpt lat="45.6901675" lon="7.85774">
        <ele>963</ele>
        <extensions>
          <distance>17900</distance>
        </extensions>
      </trkpt>
      <trkpt lat="45.690304999999995" lon="7.858029999999999">
        <ele>963</ele>
        <extensions>
          <distance>17927</distance>
        </extensions>
      </trkpt>
      <trkpt lat="45.690442499999996" lon="7.858319999999999">
        <ele>964</ele>
        <extensions>
          <distance>17955</distance>
        </extensions>
      </trkpt>
      <trkpt lat="45.69058" lon="7.85861">
        <ele>964</ele>
        <extensions>
          <distance>17982</distance>
        </extensions>
      </trkpt>
      <trkpt lat="45.690716249999994" lon="7.85877625">
        <ele>968</ele>
        <extensions>
          <distance>18002</distance>
        </extensions>
      </trkpt>
      <trkpt lat="45.6908525" lon="7.8589424999999995">
        <ele>969</ele>
        <extensions>
          <distance>18022</distance>
        </extensions>
      </trkpt>
      <trkpt lat="45.69098875" lon="7.85910875">
        <ele>969</ele>
        <extensions>
          <distance>18042</distance>
        </extensions>
      </trkpt>
      <trkpt lat="45.691125" lon="7.859275">
        <ele>970</ele>
        <extensions>
          <distance>18062</distance>
        </extensions>
      </trkpt>
      <trkpt lat="45.69126125" lon="7.85944125">
        <ele>970</ele>
        <extensions>
          <distance>18082</distance>
        </extensions>
      </trkpt>
      <trkpt lat="45.6913975" lon="7.8596075">
        <ele>970</ele>
        <extensions>
          <distance>18102</distance>
        </extensions>
      </trkpt>
      <trkpt lat="45.691533750000005" lon="7.8597737500000004">
        <ele>973</ele>
        <extensions>
          <distance>18122</distance>
        </extensions>
      </trkpt>
      <trkpt lat="45.69167" lon="7.85994">
        <ele>975</ele>
        <extensions>
          <distance>18141</distance>
        </extensions>
      </trkpt>
      <trkpt lat="45.69182" lon="7.8600449999999995">
        <ele>975</ele>
        <extensions>
          <distance>18160</distance>
        </extensions>
      </trkpt>
      <trkpt lat="45.69197" lon="7.86015">
        <ele>975</ele>
        <extensions>
          <distance>18179</distance>
        </extensions>
      </trkpt>
      <trkpt lat="45.69212" lon="7.860255">
        <ele>975</ele>
        <extensions>
          <distance>18197</distance>
        </extensions>
      </trkpt>
      <trkpt lat="45.69227" lon="7.86036">
        <ele>974</ele>
        <extensions>
          <distance>18216</distance>
        </extensions>
      </trkpt>
      <trkpt lat="45.69242" lon="7.860465">
        <ele>972</ele>
        <extensions>
          <distance>18234</distance>
        </extensions>
      </trkpt>
      <trkpt lat="45.69257" lon="7.86057">
        <ele>972</ele>
        <extensions>
          <distance>18253</distance>
        </extensions>
      </trkpt>
      <trkpt lat="45.69272" lon="7.8606750000000005">
        <ele>972</ele>
        <extensions>
          <distance>18271</distance>
        </extensions>
      </trkpt>
      <trkpt lat="45.69287" lon="7.86078">
        <ele>972</ele>
        <extensions>
          <distance>18290</distance>
        </extensions>
      </trkpt>
      <trkpt lat="45.6929925" lon="7.860893750000001">
        <ele>972</ele>
        <extensions>
          <distance>18306</distance>
        </extensions>
      </trkpt>
      <trkpt lat="45.693115" lon="7.8610075">
        <ele>972</ele>
        <extensions>
          <distance>18323</distance>
        </extensions>
      </trkpt>
      <trkpt lat="45.693237499999995" lon="7.86112125">
        <ele>972</ele>
        <extensions>
          <distance>18339</distance>
        </extensions>
      </trkpt>
      <trkpt lat="45.69336" lon="7.861235000000001">
        <ele>971</ele>
        <extensions>
          <distance>18355</distance>
        </extensions>
      </trkpt>
      <trkpt lat="45.6934825" lon="7.86134875">
        <ele>971</ele>
        <extensions>
          <distance>18371</distance>
        </extensions>
      </trkpt>
      <trkpt lat="45.693605" lon="7.8614625">
        <ele>971</ele>
        <extensions>
          <distance>18387</distance>
        </extensions>
      </trkpt>
      <trkpt lat="45.693727499999994" lon="7.861576250000001">
        <ele>971</ele>
        <extensions>
          <distance>18404</distance>
        </extensions>
      </trkpt>
      <trkpt lat="45.69385" lon="7.86169">
        <ele>972</ele>
        <extensions>
          <distance>18420</distance>
        </extensions>
      </trkpt>
      <trkpt lat="45.693945" lon="7.86188">
        <ele>974</ele>
        <extensions>
          <distance>18438</distance>
        </extensions>
      </trkpt>
      <trkpt lat="45.69404" lon="7.86207">
        <ele>975</ele>
        <extensions>
          <distance>18456</distance>
        </extensions>
      </trkpt>
      <trkpt lat="45.694135" lon="7.86226">
        <ele>976</ele>
        <extensions>
          <distance>18475</distance>
        </extensions>
      </trkpt>
      <trkpt lat="45.69423" lon="7.86245">
        <ele>978</ele>
        <extensions>
          <distance>18493</distance>
        </extensions>
      </trkpt>
      <trkpt lat="45.69427" lon="7.862695">
        <ele>980</ele>
        <extensions>
          <distance>18513</distance>
        </extensions>
      </trkpt>
      <trkpt lat="45.69431" lon="7.86294">
        <ele>981</ele>
        <extensions>
          <distance>18532</distance>
        </extensions>
      </trkpt>
      <trkpt lat="45.69435" lon="7.863185">
        <ele>981</ele>
        <extensions>
          <distance>18552</distance>
        </extensions>
      </trkpt>
      <trkpt lat="45.69439" lon="7.86343">
        <ele>981</ele>
        <extensions>
          <distance>18571</distance>
        </extensions>
      </trkpt>
      <trkpt lat="45.6945" lon="7.86366">
        <ele>981</ele>
        <extensions>
          <distance>18593</distance>
        </extensions>
      </trkpt>
      <trkpt lat="45.69462312499999" lon="7.863746875">
        <ele>980</ele>
        <extensions>
          <distance>18608</distance>
        </extensions>
      </trkpt>
      <trkpt lat="45.694746249999994" lon="7.8638337499999995">
        <ele>979</ele>
        <extensions>
          <distance>18624</distance>
        </extensions>
      </trkpt>
      <trkpt lat="45.694869374999996" lon="7.8639206249999996">
        <ele>979</ele>
        <extensions>
          <distance>18639</distance>
        </extensions>
      </trkpt>
      <trkpt lat="45.6949925" lon="7.8640075">
        <ele>979</ele>
        <extensions>
          <distance>18654</distance>
        </extensions>
      </trkpt>
      <trkpt lat="45.695115625" lon="7.864094375">
        <ele>979</ele>
        <extensions>
          <distance>18669</distance>
        </extensions>
      </trkpt>
      <trkpt lat="45.69523875" lon="7.86418125">
        <ele>979</ele>
        <extensions>
          <distance>18685</distance>
        </extensions>
      </trkpt>
      <trkpt lat="45.695361875" lon="7.864268125">
        <ele>979</ele>
        <extensions>
          <distance>18700</distance>
        </extensions>
      </trkpt>
      <trkpt lat="45.695485" lon="7.864355">
        <ele>979</ele>
        <extensions>
          <distance>18715</distance>
        </extensions>
      </trkpt>
      <trkpt lat="45.69560812499999" lon="7.864441875">
        <ele>979</ele>
        <extensions>
          <distance>18730</distance>
        </extensions>
      </trkpt>
      <trkpt lat="45.695731249999994" lon="7.86452875">
        <ele>979</ele>
        <extensions>
          <distance>18746</distance>
        </extensions>
      </trkpt>
      <trkpt lat="45.695854374999996" lon="7.864615625">
        <ele>979</ele>
        <extensions>
          <distance>18761</distance>
        </extensions>
      </trkpt>
      <trkpt lat="45.6959775" lon="7.8647025">
        <ele>979</ele>
        <extensions>
          <distance>18776</distance>
        </extensions>
      </trkpt>
      <trkpt lat="45.696100625" lon="7.864789375">
        <ele>979</ele>
        <extensions>
          <distance>18791</distance>
        </extensions>
      </trkpt>
      <trkpt lat="45.69622375" lon="7.86487625">
        <ele>980</ele>
        <extensions>
          <distance>18807</distance>
        </extensions>
      </trkpt>
      <trkpt lat="45.696346875" lon="7.864963125">
        <ele>981</ele>
        <extensions>
          <distance>18822</distance>
        </extensions>
      </trkpt>
      <trkpt lat="45.69647" lon="7.86505">
        <ele>982</ele>
        <extensions>
          <distance>18837</distance>
        </extensions>
      </trkpt>
      <trkpt lat="45.69653124999999" lon="7.86531625">
        <ele>983</ele>
        <extensions>
          <distance>18859</distance>
        </extensions>
      </trkpt>
      <trkpt lat="45.696592499999994" lon="7.8655825">
        <ele>983</ele>
        <extensions>
          <distance>18881</distance>
        </extensions>
      </trkpt>
      <trkpt lat="45.696653749999996" lon="7.8658487500000005">
        <ele>983</ele>
        <extensions>
          <distance>18903</distance>
        </extensions>
      </trkpt>
      <trkpt lat="45.696715" lon="7.866115000000001">
        <ele>983</ele>
        <extensions>
          <distance>18925</distance>
        </extensions>
      </trkpt>
      <trkpt lat="45.69677625" lon="7.866381250000001">
        <ele>983</ele>
        <extensions>
          <distance>18946</distance>
        </extensions>
      </trkpt>
      <trkpt lat="45.6968375" lon="7.866647500000001">
        <ele>983</ele>
        <extensions>
          <distance>18968</distance>
        </extensions>
      </trkpt>
      <trkpt lat="45.69689875" lon="7.86691375">
        <ele>983</ele>
        <extensions>
          <distance>18990</distance>
        </extensions>
      </trkpt>
      <trkpt lat="45.69696" lon="7.86718">
        <ele>985</ele>
        <extensions>
          <distance>19012</distance>
        </extensions>
      </trkpt>
      <trkpt lat="45.697109999999995" lon="7.867465">
        <ele>988</ele>
        <extensions>
          <distance>19040</distance>
        </extensions>
      </trkpt>
      <trkpt lat="45.69726" lon="7.86775">
        <ele>989</ele>
        <extensions>
          <distance>19067</distance>
        </extensions>
      </trkpt>
      <trkpt lat="45.697175" lon="7.8680699999999995">
        <ele>992</ele>
        <extensions>
          <distance>19094</distance>
        </extensions>
      </trkpt>
      <trkpt lat="45.69709" lon="7.86839">
        <ele>998</ele>
        <extensions>
          <distance>19122</distance>
        </extensions>
      </trkpt>
      <trkpt lat="45.69711" lon="7.86861">
        <ele>1001</ele>
        <extensions>
          <distance>19139</distance>
        </extensions>
      </trkpt>
      <trkpt lat="45.697275000000005" lon="7.868625">
        <ele>1001</ele>
        <extensions>
          <distance>19157</distance>
        </extensions>
      </trkpt>
      <trkpt lat="45.69744" lon="7.86864">
        <ele>1001</ele>
        <extensions>
          <distance>19176</distance>
        </extensions>
      </trkpt>
      <trkpt lat="45.697604999999996" lon="7.868655">
        <ele>1002</ele>
        <extensions>
          <distance>19194</distance>
        </extensions>
      </trkpt>
      <trkpt lat="45.69777" lon="7.86867">
        <ele>1002</ele>
        <extensions>
          <distance>19213</distance>
        </extensions>
      </trkpt>
      <trkpt lat="45.697914999999995" lon="7.8688525">
        <ele>1003</ele>
        <extensions>
          <distance>19234</distance>
        </extensions>
      </trkpt>
      <trkpt lat="45.69806" lon="7.869035">
        <ele>1004</ele>
        <extensions>
          <distance>19256</distance>
        </extensions>
      </trkpt>
      <trkpt lat="45.698205" lon="7.8692174999999995">
        <ele>1004</ele>
        <extensions>
          <distance>19277</distance>
        </extensions>
      </trkpt>
      <trkpt lat="45.69835" lon="7.8694">
        <ele>1004</ele>
        <extensions>
          <distance>19299</distance>
        </extensions>
      </trkpt>
      <trkpt lat="45.698565" lon="7.8695450000000005">
        <ele>1004</ele>
        <extensions>
          <distance>19325</distance>
        </extensions>
      </trkpt>
      <trkpt lat="45.69878" lon="7.86969">
        <ele>1004</ele>
        <extensions>
          <distance>19351</distance>
        </extensions>
      </trkpt>
      <trkpt lat="45.6988" lon="7.8699225">
        <ele>1004</ele>
        <extensions>
          <distance>19370</distance>
        </extensions>
      </trkpt>
      <trkpt lat="45.69882" lon="7.8701550000000005">
        <ele>1002</ele>
        <extensions>
          <distance>19388</distance>
        </extensions>
      </trkpt>
      <trkpt lat="45.698840000000004" lon="7.8703875">
        <ele>1001</ele>
        <extensions>
          <distance>19406</distance>
        </extensions>
      </trkpt>
      <trkpt lat="45.69886" lon="7.87062">
        <ele>1001</ele>
        <extensions>
          <distance>19424</distance>
        </extensions>
      </trkpt>
      <trkpt lat="45.698985" lon="7.870875">
        <ele>1001</ele>
        <extensions>
          <distance>19449</distance>
        </extensions>
      </trkpt>
      <trkpt lat="45.69911" lon="7.87113">
        <ele>999</ele>
        <extensions>
          <distance>19473</distance>
        </extensions>
      </trkpt>
      <trkpt lat="45.6991275" lon="7.871332499999999">
        <ele>999</ele>
        <extensions>
          <distance>19489</distance>
        </extensions>
      </trkpt>
      <trkpt lat="45.699145" lon="7.871535">
        <ele>999</ele>
        <extensions>
          <distance>19505</distance>
        </extensions>
      </trkpt>
      <trkpt lat="45.6991625" lon="7.8717375">
        <ele>999</ele>
        <extensions>
          <distance>19521</distance>
        </extensions>
      </trkpt>
      <trkpt lat="45.69918" lon="7.87194">
        <ele>999</ele>
        <extensions>
          <distance>19537</distance>
        </extensions>
      </trkpt>
      <trkpt lat="45.69925625" lon="7.87212875">
        <ele>999</ele>
        <extensions>
          <distance>19553</distance>
        </extensions>
      </trkpt>
      <trkpt lat="45.6993325" lon="7.8723175">
        <ele>999</ele>
        <extensions>
          <distance>19570</distance>
        </extensions>
      </trkpt>
      <trkpt lat="45.699408749999996" lon="7.872506250000001">
        <ele>999</ele>
        <extensions>
          <distance>19587</distance>
        </extensions>
      </trkpt>
      <trkpt lat="45.699484999999996" lon="7.872695">
        <ele>999</ele>
        <extensions>
          <distance>19604</distance>
        </extensions>
      </trkpt>
      <trkpt lat="45.699561249999995" lon="7.87288375">
        <ele>999</ele>
        <extensions>
          <distance>19621</distance>
        </extensions>
      </trkpt>
      <trkpt lat="45.699637499999994" lon="7.8730725">
        <ele>998</ele>
        <extensions>
          <distance>19638</distance>
        </extensions>
      </trkpt>
      <trkpt lat="45.69971375" lon="7.8732612500000005">
        <ele>999</ele>
        <extensions>
          <distance>19655</distance>
        </extensions>
      </trkpt>
      <trkpt lat="45.69979" lon="7.87345">
        <ele>999</ele>
        <extensions>
          <distance>19672</distance>
        </extensions>
      </trkpt>
      <trkpt lat="45.6999475" lon="7.8736425">
        <ele>999</ele>
        <extensions>
          <distance>19695</distance>
        </extensions>
      </trkpt>
      <trkpt lat="45.700105" lon="7.873835">
        <ele>1001</ele>
        <extensions>
          <distance>19718</distance>
        </extensions>
      </trkpt>
      <trkpt lat="45.7002625" lon="7.8740275">
        <ele>1004</ele>
        <extensions>
          <distance>19742</distance>
        </extensions>
      </trkpt>
      <trkpt lat="45.70042" lon="7.87422">
        <ele>1005</ele>
        <extensions>
          <distance>19765</distance>
        </extensions>
      </trkpt>
      <trkpt lat="45.700517500000004" lon="7.874415000000001">
        <ele>1006</ele>
        <extensions>
          <distance>19783</distance>
        </extensions>
      </trkpt>
      <trkpt lat="45.700615" lon="7.8746100000000006">
        <ele>1007</ele>
        <extensions>
          <distance>19802</distance>
        </extensions>
      </trkpt>
      <trkpt lat="45.700712499999995" lon="7.874805">
        <ele>1007</ele>
        <extensions>
          <distance>19821</distance>
        </extensions>
      </trkpt>
      <trkpt lat="45.70081" lon="7.875">
        <ele>1007</ele>
        <extensions>
          <distance>19839</distance>
        </extensions>
      </trkpt>
      <trkpt lat="45.70095499999999" lon="7.87510375">
        <ele>1007</ele>
        <extensions>
          <distance>19857</distance>
        </extensions>
      </trkpt>
      <trkpt lat="45.7011" lon="7.8752075">
        <ele>1008</ele>
        <extensions>
          <distance>19875</distance>
        </extensions>
      </trkpt>
      <trkpt lat="45.701245" lon="7.87531125">
        <ele>1008</ele>
        <extensions>
          <distance>19894</distance>
        </extensions>
      </trkpt>
      <trkpt lat="45.70139" lon="7.875415">
        <ele>1008</ele>
        <extensions>
          <distance>19912</distance>
        </extensions>
      </trkpt>
      <trkpt lat="45.70153500000001" lon="7.87551875">
        <ele>1011</ele>
        <extensions>
          <distance>19930</distance>
        </extensions>
      </trkpt>
      <trkpt lat="45.70168" lon="7.8756225">
        <ele>1013</ele>
        <extensions>
          <distance>19948</distance>
        </extensions>
      </trkpt>
      <trkpt lat="45.701825" lon="7.87572625">
        <ele>1014</ele>
        <extensions>
          <distance>19966</distance>
        </extensions>
      </trkpt>
      <trkpt lat="45.70197" lon="7.87583">
        <ele>1015</ele>
        <extensions>
          <distance>19984</distance>
        </extensions>
      </trkpt>
      <trkpt lat="45.702076250000005" lon="7.8759999999999994">
        <ele>1016</ele>
        <extensions>
          <distance>20002</distance>
        </extensions>
      </trkpt>
      <trkpt lat="45.702182500000006" lon="7.87617">
        <ele>1016</ele>
        <extensions>
          <distance>20019</distance>
        </extensions>
      </trkpt>
      <trkpt lat="45.70228875000001" lon="7.87634">
        <ele>1016</ele>
        <extensions>
          <distance>20037</distance>
        </extensions>
      </trkpt>
      <trkpt lat="45.702395" lon="7.87651">
        <ele>1016</ele>
        <extensions>
          <distance>20055</distance>
        </extensions>
      </trkpt>
      <trkpt lat="45.70250125" lon="7.8766799999999995">
        <ele>1017</ele>
        <extensions>
          <distance>20073</distance>
        </extensions>
      </trkpt>
      <trkpt lat="45.7026075" lon="7.876849999999999">
        <ele>1017</ele>
        <extensions>
          <distance>20090</distance>
        </extensions>
      </trkpt>
      <trkpt lat="45.70271375" lon="7.87702">
        <ele>1017</ele>
        <extensions>
          <distance>20108</distance>
        </extensions>
      </trkpt>
      <trkpt lat="45.70282" lon="7.87719">
        <ele>1017</ele>
        <extensions>
          <distance>20126</distance>
        </extensions>
      </trkpt>
      <trkpt lat="45.703015" lon="7.8774">
        <ele>1017</ele>
        <extensions>
          <distance>20153</distance>
        </extensions>
      </trkpt>
      <trkpt lat="45.70321" lon="7.87761">
        <ele>1016</ele>
        <extensions>
          <distance>20180</distance>
        </extensions>
      </trkpt>
      <trkpt lat="45.70331" lon="7.8778425">
        <ele>1016</ele>
        <extensions>
          <distance>20201</distance>
        </extensions>
      </trkpt>
      <trkpt lat="45.70341" lon="7.878075">
        <ele>1016</ele>
        <extensions>
          <distance>20223</distance>
        </extensions>
      </trkpt>
      <trkpt lat="45.703509999999994" lon="7.8783075">
        <ele>1016</ele>
        <extensions>
          <distance>20244</distance>
        </extensions>
      </trkpt>
      <trkpt lat="45.70361" lon="7.87854">
        <ele>1016</ele>
        <extensions>
          <distance>20265</distance>
        </extensions>
      </trkpt>
      <trkpt lat="45.70359" lon="7.8787375">
        <ele>1018</ele>
        <extensions>
          <distance>20281</distance>
        </extensions>
      </trkpt>
      <trkpt lat="45.70357" lon="7.878935">
        <ele>1020</ele>
        <extensions>
          <distance>20296</distance>
        </extensions>
      </trkpt>
      <trkpt lat="45.70355" lon="7.879132500000001">
        <ele>1020</ele>
        <extensions>
          <distance>20312</distance>
        </extensions>
      </trkpt>
      <trkpt lat="45.70353" lon="7.87933">
        <ele>1022</ele>
        <extensions>
          <distance>20327</distance>
        </extensions>
      </trkpt>
      <trkpt lat="45.70364" lon="7.87966">
        <ele>1024</ele>
        <extensions>
          <distance>20356</distance>
        </extensions>
      </trkpt>
      <trkpt lat="45.70375" lon="7.87999">
        <ele>1027</ele>
        <extensions>
          <distance>20384</distance>
        </extensions>
      </trkpt>
      <trkpt lat="45.70386" lon="7.88032">
        <ele>1032</ele>
        <extensions>
          <distance>20413</distance>
        </extensions>
      </trkpt>
      <trkpt lat="45.70397" lon="7.88065">
        <ele>1035</ele>
        <extensions>
          <distance>20442</distance>
        </extensions>
      </trkpt>
      <trkpt lat="45.70401" lon="7.88101">
        <ele>1038</ele>
        <extensions>
          <distance>20471</distance>
        </extensions>
      </trkpt>
      <trkpt lat="45.704105" lon="7.881164999999999">
        <ele>1038</ele>
        <extensions>
          <distance>20487</distance>
        </extensions>
      </trkpt>
      <trkpt lat="45.7042" lon="7.88132">
        <ele>1038</ele>
        <extensions>
          <distance>20503</distance>
        </extensions>
      </trkpt>
      <trkpt lat="45.704350000000005" lon="7.881345">
        <ele>1038</ele>
        <extensions>
          <distance>20519</distance>
        </extensions>
      </trkpt>
      <trkpt lat="45.7045" lon="7.88137">
        <ele>1037</ele>
        <extensions>
          <distance>20536</distance>
        </extensions>
      </trkpt>
      <trkpt lat="45.7046325" lon="7.881315000000001">
        <ele>1036</ele>
        <extensions>
          <distance>20552</distance>
        </extensions>
      </trkpt>
      <trkpt lat="45.704765" lon="7.88126">
        <ele>1035</ele>
        <extensions>
          <distance>20567</distance>
        </extensions>
      </trkpt>
      <trkpt lat="45.7048975" lon="7.881205">
        <ele>1035</ele>
        <extensions>
          <distance>20582</distance>
        </extensions>
      </trkpt>
      <trkpt lat="45.70503" lon="7.88115">
        <ele>1035</ele>
        <extensions>
          <distance>20598</distance>
        </extensions>
      </trkpt>
      <trkpt lat="45.7051625" lon="7.881095">
        <ele>1034</ele>
        <extensions>
          <distance>20613</distance>
        </extensions>
      </trkpt>
      <trkpt lat="45.705295" lon="7.8810400000000005">
        <ele>1034</ele>
        <extensions>
          <distance>20628</distance>
        </extensions>
      </trkpt>
      <trkpt lat="45.7054275" lon="7.880985000000001">
        <ele>1034</ele>
        <extensions>
          <distance>20644</distance>
        </extensions>
      </trkpt>
      <trkpt lat="45.70556" lon="7.88093">
        <ele>1034</ele>
        <extensions>
          <distance>20659</distance>
        </extensions>
      </trkpt>
      <trkpt lat="45.705746250000004" lon="7.88103875">
        <ele>1033</ele>
        <extensions>
          <distance>20681</distance>
        </extensions>
      </trkpt>
      <trkpt lat="45.7059325" lon="7.881147500000001">
        <ele>1033</ele>
        <extensions>
          <distance>20704</distance>
        </extensions>
      </trkpt>
      <trkpt lat="45.70611875" lon="7.881256250000001">
        <ele>1032</ele>
        <extensions>
          <distance>20726</distance>
        </extensions>
      </trkpt>
      <trkpt lat="45.706305" lon="7.881365000000001">
        <ele>1031</ele>
        <extensions>
          <distance>20748</distance>
        </extensions>
      </trkpt>
      <trkpt lat="45.70649125" lon="7.8814737500000005">
        <ele>1031</ele>
        <extensions>
          <distance>20771</distance>
        </extensions>
      </trkpt>
      <trkpt lat="45.7066775" lon="7.8815825">
        <ele>1031</ele>
        <extensions>
          <distance>20793</distance>
        </extensions>
      </trkpt>
      <trkpt lat="45.70686375" lon="7.88169125">
        <ele>1031</ele>
        <extensions>
          <distance>20816</distance>
        </extensions>
      </trkpt>
      <trkpt lat="45.70705" lon="7.8818">
        <ele>1031</ele>
        <extensions>
          <distance>20838</distance>
        </extensions>
      </trkpt>
      <trkpt lat="45.70725875000001" lon="7.8818325">
        <ele>1031</ele>
        <extensions>
          <distance>20861</distance>
        </extensions>
      </trkpt>
      <trkpt lat="45.70746750000001" lon="7.881865">
        <ele>1031</ele>
        <extensions>
          <distance>20885</distance>
        </extensions>
      </trkpt>
      <trkpt lat="45.707676250000006" lon="7.881897500000001">
        <ele>1031</ele>
        <extensions>
          <distance>20908</distance>
        </extensions>
      </trkpt>
      <trkpt lat="45.707885000000005" lon="7.8819300000000005">
        <ele>1031</ele>
        <extensions>
          <distance>20931</distance>
        </extensions>
      </trkpt>
      <trkpt lat="45.70809375" lon="7.8819625">
        <ele>1031</ele>
        <extensions>
          <distance>20955</distance>
        </extensions>
      </trkpt>
      <trkpt lat="45.7083025" lon="7.881995">
        <ele>1031</ele>
        <extensions>
          <distance>20978</distance>
        </extensions>
      </trkpt>
      <trkpt lat="45.70851125" lon="7.8820274999999995">
        <ele>1031</ele>
        <extensions>
          <distance>21001</distance>
        </extensions>
      </trkpt>
      <trkpt lat="45.70872" lon="7.88206">
        <ele>1032</ele>
        <extensions>
          <distance>21025</distance>
        </extensions>
      </trkpt>
      <trkpt lat="45.7089175" lon="7.8821475">
        <ele>1032</ele>
        <extensions>
          <distance>21048</distance>
        </extensions>
      </trkpt>
      <trkpt lat="45.709115" lon="7.882235">
        <ele>1032</ele>
        <extensions>
          <distance>21071</distance>
        </extensions>
      </trkpt>
      <trkpt lat="45.709312499999996" lon="7.8823225">
        <ele>1034</ele>
        <extensions>
          <distance>21094</distance>
        </extensions>
      </trkpt>
      <trkpt lat="45.70951" lon="7.88241">
        <ele>1036</ele>
        <extensions>
          <distance>21117</distance>
        </extensions>
      </trkpt>
      <trkpt lat="45.709694999999996" lon="7.882350000000001">
        <ele>1036</ele>
        <extensions>
          <distance>21138</distance>
        </extensions>
      </trkpt>
      <trkpt lat="45.70988" lon="7.88229">
        <ele>1036</ele>
        <extensions>
          <distance>21159</distance>
        </extensions>
      </trkpt>
      <trkpt lat="45.710065" lon="7.88223">
        <ele>1037</ele>
        <extensions>
          <distance>21180</distance>
        </extensions>
      </trkpt>
      <trkpt lat="45.71025" lon="7.88217">
        <ele>1037</ele>
        <extensions>
          <distance>21201</distance>
        </extensions>
      </trkpt>
      <trkpt lat="45.710465" lon="7.881970000000001">
        <ele>1037</ele>
        <extensions>
          <distance>21229</distance>
        </extensions>
      </trkpt>
      <trkpt lat="45.71068" lon="7.88177">
        <ele>1038</ele>
        <extensions>
          <distance>21258</distance>
        </extensions>
      </trkpt>
      <trkpt lat="45.710840000000005" lon="7.88171">
        <ele>1039</ele>
        <extensions>
          <distance>21276</distance>
        </extensions>
      </trkpt>
      <trkpt lat="45.711" lon="7.88165">
        <ele>1040</ele>
        <extensions>
          <distance>21295</distance>
        </extensions>
      </trkpt>
      <trkpt lat="45.7112575" lon="7.881639999999999">
        <ele>1043</ele>
        <extensions>
          <distance>21324</distance>
        </extensions>
      </trkpt>
      <trkpt lat="45.711515" lon="7.8816299999999995">
        <ele>1045</ele>
        <extensions>
          <distance>21352</distance>
        </extensions>
      </trkpt>
      <trkpt lat="45.711772499999995" lon="7.88162">
        <ele>1046</ele>
        <extensions>
          <distance>21381</distance>
        </extensions>
      </trkpt>
      <trkpt lat="45.71203" lon="7.88161">
        <ele>1046</ele>
        <extensions>
          <distance>21410</distance>
        </extensions>
      </trkpt>
      <trkpt lat="45.7122875" lon="7.881600000000001">
        <ele>1046</ele>
        <extensions>
          <distance>21438</distance>
        </extensions>
      </trkpt>
      <trkpt lat="45.712545" lon="7.88159">
        <ele>1046</ele>
        <extensions>
          <distance>21467</distance>
        </extensions>
      </trkpt>
      <trkpt lat="45.712802499999995" lon="7.88158">
        <ele>1047</ele>
        <extensions>
          <distance>21495</distance>
        </extensions>
      </trkpt>
      <trkpt lat="45.71306" lon="7.88157">
        <ele>1047</ele>
        <extensions>
          <distance>21524</distance>
        </extensions>
      </trkpt>
      <trkpt lat="45.713125" lon="7.8814">
        <ele>1047</ele>
        <extensions>
          <distance>21539</distance>
        </extensions>
      </trkpt>
      <trkpt lat="45.71319" lon="7.88123">
        <ele>1047</ele>
        <extensions>
          <distance>21554</distance>
        </extensions>
      </trkpt>
      <trkpt lat="45.713319999999996" lon="7.881175000000001">
        <ele>1047</ele>
        <extensions>
          <distance>21569</distance>
        </extensions>
      </trkpt>
      <trkpt lat="45.71345" lon="7.88112">
        <ele>1047</ele>
        <extensions>
          <distance>21584</distance>
        </extensions>
      </trkpt>
      <trkpt lat="45.713364999999996" lon="7.88095">
        <ele>1048</ele>
        <extensions>
          <distance>21601</distance>
        </extensions>
      </trkpt>
      <trkpt lat="45.71328" lon="7.88078">
        <ele>1048</ele>
        <extensions>
          <distance>21617</distance>
        </extensions>
      </trkpt>
      <trkpt lat="45.71348" lon="7.88075">
        <ele>1049</ele>
        <extensions>
          <distance>21639</distance>
        </extensions>
      </trkpt>
      <trkpt lat="45.71365" lon="7.88075">
        <ele>1049</ele>
        <extensions>
          <distance>21658</distance>
        </extensions>
      </trkpt>
      <trkpt lat="45.71382" lon="7.88075">
        <ele>1050</ele>
        <extensions>
          <distance>21677</distance>
        </extensions>
      </trkpt>
      <trkpt lat="45.713975" lon="7.88084">
        <ele>1050</ele>
        <extensions>
          <distance>21696</distance>
        </extensions>
      </trkpt>
      <trkpt lat="45.71413" lon="7.88093">
        <ele>1050</ele>
        <extensions>
          <distance>21714</distance>
        </extensions>
      </trkpt>
      <trkpt lat="45.71421" lon="7.8812">
        <ele>1050</ele>
        <extensions>
          <distance>21737</distance>
        </extensions>
      </trkpt>
      <trkpt lat="45.71434000000001" lon="7.8811275">
        <ele>1050</ele>
        <extensions>
          <distance>21753</distance>
        </extensions>
      </trkpt>
      <trkpt lat="45.714470000000006" lon="7.881055">
        <ele>1050</ele>
        <extensions>
          <distance>21768</distance>
        </extensions>
      </trkpt>
      <trkpt lat="45.714600000000004" lon="7.8809825">
        <ele>1050</ele>
        <extensions>
          <distance>21784</distance>
        </extensions>
      </trkpt>
      <trkpt lat="45.71473" lon="7.88091">
        <ele>1050</ele>
        <extensions>
          <distance>21799</distance>
        </extensions>
      </trkpt>
      <trkpt lat="45.71486" lon="7.8808375">
        <ele>1051</ele>
        <extensions>
          <distance>21815</distance>
        </extensions>
      </trkpt>
      <trkpt lat="45.71499" lon="7.880765">
        <ele>1052</ele>
        <extensions>
          <distance>21830</distance>
        </extensions>
      </trkpt>
      <trkpt lat="45.71512" lon="7.8806925">
        <ele>1053</ele>
        <extensions>
          <distance>21846</distance>
        </extensions>
      </trkpt>
      <trkpt lat="45.71525" lon="7.88062">
        <ele>1055</ele>
        <extensions>
          <distance>21861</distance>
        </extensions>
      </trkpt>
      <trkpt lat="45.715464999999995" lon="7.88056">
        <ele>1055</ele>
        <extensions>
          <distance>21886</distance>
        </extensions>
      </trkpt>
      <trkpt lat="45.71568" lon="7.8805">
        <ele>1055</ele>
        <extensions>
          <distance>21910</distance>
        </extensions>
      </trkpt>
      <trkpt lat="45.715895" lon="7.88044">
        <ele>1056</ele>
        <extensions>
          <distance>21934</distance>
        </extensions>
      </trkpt>
      <trkpt lat="45.71611" lon="7.88038">
        <ele>1056</ele>
        <extensions>
          <distance>21959</distance>
        </extensions>
      </trkpt>
      <trkpt lat="45.7162725" lon="7.880685">
        <ele>1058</ele>
        <extensions>
          <distance>21989</distance>
        </extensions>
      </trkpt>
      <trkpt lat="45.716435000000004" lon="7.88099">
        <ele>1060</ele>
        <extensions>
          <distance>22018</distance>
        </extensions>
      </trkpt>
      <trkpt lat="45.716597500000006" lon="7.881295">
        <ele>1064</ele>
        <extensions>
          <distance>22049</distance>
        </extensions>
      </trkpt>
      <trkpt lat="45.71676" lon="7.8816">
        <ele>1071</ele>
        <extensions>
          <distance>22079</distance>
        </extensions>
      </trkpt>
      <trkpt lat="45.71692" lon="7.8816299999999995">
        <ele>1076</ele>
        <extensions>
          <distance>22098</distance>
        </extensions>
      </trkpt>
      <trkpt lat="45.71708" lon="7.88166">
        <ele>1082</ele>
        <extensions>
          <distance>22117</distance>
        </extensions>
      </trkpt>
      <trkpt lat="45.71713" lon="7.8819">
        <ele>1089</ele>
        <extensions>
          <distance>22137</distance>
        </extensions>
      </trkpt>
      <trkpt lat="45.71728" lon="7.88187">
        <ele>1094</ele>
        <extensions>
          <distance>22155</distance>
        </extensions>
      </trkpt>
      <trkpt lat="45.7173" lon="7.88197">
        <ele>1096</ele>
        <extensions>
          <distance>22163</distance>
        </extensions>
      </trkpt>
      <trkpt lat="45.71745250000001" lon="7.881762500000001">
        <ele>1097</ele>
        <extensions>
          <distance>22187</distance>
        </extensions>
      </trkpt>
      <trkpt lat="45.717605000000006" lon="7.8815550000000005">
        <ele>1101</ele>
        <extensions>
          <distance>22210</distance>
        </extensions>
      </trkpt>
      <trkpt lat="45.717757500000005" lon="7.8813475">
        <ele>1107</ele>
        <extensions>
          <distance>22235</distance>
        </extensions>
      </trkpt>
      <trkpt lat="45.71791" lon="7.88114">
        <ele>1109</ele>
        <extensions>
          <distance>22258</distance>
        </extensions>
      </trkpt>
      <trkpt lat="45.7179975" lon="7.8809575">
        <ele>1109</ele>
        <extensions>
          <distance>22275</distance>
        </extensions>
      </trkpt>
      <trkpt lat="45.718085" lon="7.880775">
        <ele>1109</ele>
        <extensions>
          <distance>22292</distance>
        </extensions>
      </trkpt>
      <trkpt lat="45.7181725" lon="7.8805925000000006">
        <ele>1109</ele>
        <extensions>
          <distance>22310</distance>
        </extensions>
      </trkpt>
      <trkpt lat="45.71826" lon="7.88041">
        <ele>1109</ele>
        <extensions>
          <distance>22327</distance>
        </extensions>
      </trkpt>
      <trkpt lat="45.71844" lon="7.8801775">
        <ele>1109</ele>
        <extensions>
          <distance>22354</distance>
        </extensions>
      </trkpt>
      <trkpt lat="45.71862" lon="7.879945">
        <ele>1109</ele>
        <extensions>
          <distance>22381</distance>
        </extensions>
      </trkpt>
      <trkpt lat="45.7188" lon="7.8797125">
        <ele>1109</ele>
        <extensions>
          <distance>22408</distance>
        </extensions>
      </trkpt>
      <trkpt lat="45.71898" lon="7.87948">
        <ele>1109</ele>
        <extensions>
          <distance>22435</distance>
        </extensions>
      </trkpt>
      <trkpt lat="45.719049999999996" lon="7.87925">
        <ele>1109</ele>
        <extensions>
          <distance>22454</distance>
        </extensions>
      </trkpt>
      <trkpt lat="45.71912" lon="7.87902">
        <ele>1109</ele>
        <extensions>
          <distance>22474</distance>
        </extensions>
      </trkpt>
      <trkpt lat="45.7192125" lon="7.8788525">
        <ele>1109</ele>
        <extensions>
          <distance>22490</distance>
        </extensions>
      </trkpt>
      <trkpt lat="45.719305" lon="7.878685">
        <ele>1109</ele>
        <extensions>
          <distance>22507</distance>
        </extensions>
      </trkpt>
      <trkpt lat="45.7193975" lon="7.8785175">
        <ele>1109</ele>
        <extensions>
          <distance>22524</distance>
        </extensions>
      </trkpt>
      <trkpt lat="45.71949" lon="7.87835">
        <ele>1109</ele>
        <extensions>
          <distance>22540</distance>
        </extensions>
      </trkpt>
      <trkpt lat="45.719614375000006" lon="7.8782218749999995">
        <ele>1109</ele>
        <extensions>
          <distance>22557</distance>
        </extensions>
      </trkpt>
      <trkpt lat="45.719738750000005" lon="7.87809375">
        <ele>1110</ele>
        <extensions>
          <distance>22574</distance>
        </extensions>
      </trkpt>
      <trkpt lat="45.719863125" lon="7.877965625">
        <ele>1111</ele>
        <extensions>
          <distance>22591</distance>
        </extensions>
      </trkpt>
      <trkpt lat="45.7199875" lon="7.8778375">
        <ele>1112</ele>
        <extensions>
          <distance>22608</distance>
        </extensions>
      </trkpt>
      <trkpt lat="45.720111875" lon="7.877709375">
        <ele>1113</ele>
        <extensions>
          <distance>22626</distance>
        </extensions>
      </trkpt>
      <trkpt lat="45.72023625" lon="7.87758125">
        <ele>1113</ele>
        <extensions>
          <distance>22643</distance>
        </extensions>
      </trkpt>
      <trkpt lat="45.720360625" lon="7.877453125000001">
        <ele>1113</ele>
        <extensions>
          <distance>22660</distance>
        </extensions>
      </trkpt>
      <trkpt lat="45.720485" lon="7.877325">
        <ele>1113</ele>
        <extensions>
          <distance>22677</distance>
        </extensions>
      </trkpt>
      <trkpt lat="45.720609374999995" lon="7.877196874999999">
        <ele>1113</ele>
        <extensions>
          <distance>22694</distance>
        </extensions>
      </trkpt>
      <trkpt lat="45.720733749999994" lon="7.877068749999999">
        <ele>1113</ele>
        <extensions>
          <distance>22711</distance>
        </extensions>
      </trkpt>
      <trkpt lat="45.72085812499999" lon="7.876940625">
        <ele>1113</ele>
        <extensions>
          <distance>22728</distance>
        </extensions>
      </trkpt>
      <trkpt lat="45.7209825" lon="7.8768125">
        <ele>1113</ele>
        <extensions>
          <distance>22745</distance>
        </extensions>
      </trkpt>
      <trkpt lat="45.721106875000004" lon="7.876684375">
        <ele>1114</ele>
        <extensions>
          <distance>22762</distance>
        </extensions>
      </trkpt>
      <trkpt lat="45.72123125" lon="7.87655625">
        <ele>1115</ele>
        <extensions>
          <distance>22779</distance>
        </extensions>
      </trkpt>
      <trkpt lat="45.721355625" lon="7.876428125">
        <ele>1114</ele>
        <extensions>
          <distance>22796</distance>
        </extensions>
      </trkpt>
      <trkpt lat="45.72148" lon="7.8763">
        <ele>1114</ele>
        <extensions>
          <distance>22813</distance>
        </extensions>
      </trkpt>
      <trkpt lat="45.7215675" lon="7.87611">
        <ele>1114</ele>
        <extensions>
          <distance>22831</distance>
        </extensions>
      </trkpt>
      <trkpt lat="45.721655" lon="7.87592">
        <ele>1114</ele>
        <extensions>
          <distance>22849</distance>
        </extensions>
      </trkpt>
      <trkpt lat="45.7217425" lon="7.87573">
        <ele>1109</ele>
        <extensions>
          <distance>22866</distance>
        </extensions>
      </trkpt>
      <trkpt lat="45.72183" lon="7.87554">
        <ele>1109</ele>
        <extensions>
          <distance>22884</distance>
        </extensions>
      </trkpt>
      <trkpt lat="45.722065" lon="7.87547">
        <ele>1109</ele>
        <extensions>
          <distance>22911</distance>
        </extensions>
      </trkpt>
      <trkpt lat="45.7223" lon="7.8754">
        <ele>1109</ele>
        <extensions>
          <distance>22937</distance>
        </extensions>
      </trkpt>
      <trkpt lat="45.72253499999999" lon="7.87533">
        <ele>1109</ele>
        <extensions>
          <distance>22964</distance>
        </extensions>
      </trkpt>
      <trkpt lat="45.72277" lon="7.87526">
        <ele>1110</ele>
        <extensions>
          <distance>22991</distance>
        </extensions>
      </trkpt>
      <trkpt lat="45.72289875" lon="7.875145">
        <ele>1110</ele>
        <extensions>
          <distance>23008</distance>
        </extensions>
      </trkpt>
      <trkpt lat="45.7230275" lon="7.875030000000001">
        <ele>1110</ele>
        <extensions>
          <distance>23024</distance>
        </extensions>
      </trkpt>
      <trkpt lat="45.72315625" lon="7.8749150000000006">
        <ele>1111</ele>
        <extensions>
          <distance>23041</distance>
        </extensions>
      </trkpt>
      <trkpt lat="45.723285" lon="7.8748000000000005">
        <ele>1111</ele>
        <extensions>
          <distance>23058</distance>
        </extensions>
      </trkpt>
      <trkpt lat="45.72341374999999" lon="7.874685">
        <ele>1112</ele>
        <extensions>
          <distance>23075</distance>
        </extensions>
      </trkpt>
      <trkpt lat="45.72354249999999" lon="7.87457">
        <ele>1115</ele>
        <extensions>
          <distance>23092</distance>
        </extensions>
      </trkpt>
      <trkpt lat="45.723671249999995" lon="7.874455">
        <ele>1116</ele>
        <extensions>
          <distance>23109</distance>
        </extensions>
      </trkpt>
      <trkpt lat="45.7238" lon="7.87434">
        <ele>1117</ele>
        <extensions>
          <distance>23126</distance>
        </extensions>
      </trkpt>
      <trkpt lat="45.7239725" lon="7.8742925">
        <ele>1119</ele>
        <extensions>
          <distance>23146</distance>
        </extensions>
      </trkpt>
      <trkpt lat="45.724145" lon="7.874245">
        <ele>1120</ele>
        <extensions>
          <distance>23165</distance>
        </extensions>
      </trkpt>
      <trkpt lat="45.7243175" lon="7.8741975">
        <ele>1121</ele>
        <extensions>
          <distance>23185</distance>
        </extensions>
      </trkpt>
      <trkpt lat="45.72449" lon="7.87415">
        <ele>1121</ele>
        <extensions>
          <distance>23204</distance>
        </extensions>
      </trkpt>
      <trkpt lat="45.72449" lon="7.87396">
        <ele>1121</ele>
        <extensions>
          <distance>23219</distance>
        </extensions>
      </trkpt>
      <trkpt lat="45.724405000000004" lon="7.8737925">
        <ele>1121</ele>
        <extensions>
          <distance>23235</distance>
        </extensions>
      </trkpt>
      <trkpt lat="45.724320000000006" lon="7.8736250000000005">
        <ele>1117</ele>
        <extensions>
          <distance>23251</distance>
        </extensions>
      </trkpt>
      <trkpt lat="45.72423500000001" lon="7.873457500000001">
        <ele>1115</ele>
        <extensions>
          <distance>23267</distance>
        </extensions>
      </trkpt>
      <trkpt lat="45.72415" lon="7.87329">
        <ele>1115</ele>
        <extensions>
          <distance>23284</distance>
        </extensions>
      </trkpt>
      <trkpt lat="45.72414" lon="7.87303">
        <ele>1115</ele>
        <extensions>
          <distance>23304</distance>
        </extensions>
      </trkpt>
      <trkpt lat="45.724175" lon="7.872795">
        <ele>1115</ele>
        <extensions>
          <distance>23322</distance>
        </extensions>
      </trkpt>
      <trkpt lat="45.72421" lon="7.87256">
        <ele>1115</ele>
        <extensions>
          <distance>23341</distance>
        </extensions>
      </trkpt>
      <trkpt lat="45.724244999999996" lon="7.872325">
        <ele>1115</ele>
        <extensions>
          <distance>23360</distance>
        </extensions>
      </trkpt>
      <trkpt lat="45.72428" lon="7.87209">
        <ele>1117</ele>
        <extensions>
          <distance>23379</distance>
        </extensions>
      </trkpt>
      <trkpt lat="45.724342500000006" lon="7.87189125">
        <ele>1119</ele>
        <extensions>
          <distance>23396</distance>
        </extensions>
      </trkpt>
      <trkpt lat="45.724405000000004" lon="7.8716925">
        <ele>1121</ele>
        <extensions>
          <distance>23413</distance>
        </extensions>
      </trkpt>
      <trkpt lat="45.7244675" lon="7.87149375">
        <ele>1123</ele>
        <extensions>
          <distance>23430</distance>
        </extensions>
      </trkpt>
      <trkpt lat="45.72453" lon="7.871295">
        <ele>1124</ele>
        <extensions>
          <distance>23447</distance>
        </extensions>
      </trkpt>
      <trkpt lat="45.7245925" lon="7.87109625">
        <ele>1124</ele>
        <extensions>
          <distance>23464</distance>
        </extensions>
      </trkpt>
      <trkpt lat="45.724655" lon="7.8708975">
        <ele>1125</ele>
        <extensions>
          <distance>23481</distance>
        </extensions>
      </trkpt>
      <trkpt lat="45.7247175" lon="7.87069875">
        <ele>1127</ele>
        <extensions>
          <distance>23498</distance>
        </extensions>
      </trkpt>
      <trkpt lat="45.72478" lon="7.8705">
        <ele>1128</ele>
        <extensions>
          <distance>23515</distance>
        </extensions>
      </trkpt>
      <trkpt lat="45.7248075" lon="7.8703075">
        <ele>1128</ele>
        <extensions>
          <distance>23530</distance>
        </extensions>
      </trkpt>
      <trkpt lat="45.724835" lon="7.870115">
        <ele>1128</ele>
        <extensions>
          <distance>23545</distance>
        </extensions>
      </trkpt>
      <trkpt lat="45.7248625" lon="7.8699224999999995">
        <ele>1128</ele>
        <extensions>
          <distance>23561</distance>
        </extensions>
      </trkpt>
      <trkpt lat="45.72489" lon="7.86973">
        <ele>1129</ele>
        <extensions>
          <distance>23576</distance>
        </extensions>
      </trkpt>
      <trkpt lat="45.72503375" lon="7.869406249999999">
        <ele>1135</ele>
        <extensions>
          <distance>23606</distance>
        </extensions>
      </trkpt>
      <trkpt lat="45.7251775" lon="7.869082499999999">
        <ele>1135</ele>
        <extensions>
          <distance>23636</distance>
        </extensions>
      </trkpt>
      <trkpt lat="45.72532125" lon="7.86875875">
        <ele>1135</ele>
        <extensions>
          <distance>23666</distance>
        </extensions>
      </trkpt>
      <trkpt lat="45.725465" lon="7.868435">
        <ele>1136</ele>
        <extensions>
          <distance>23696</distance>
        </extensions>
      </trkpt>
      <trkpt lat="45.72560875" lon="7.86811125">
        <ele>1140</ele>
        <extensions>
          <distance>23725</distance>
        </extensions>
      </trkpt>
      <trkpt lat="45.7257525" lon="7.8677875">
        <ele>1142</ele>
        <extensions>
          <distance>23755</distance>
        </extensions>
      </trkpt>
      <trkpt lat="45.72589625" lon="7.867463750000001">
        <ele>1142</ele>
        <extensions>
          <distance>23785</distance>
        </extensions>
      </trkpt>
      <trkpt lat="45.72604" lon="7.86714">
        <ele>1142</ele>
        <extensions>
          <distance>23815</distance>
        </extensions>
      </trkpt>
      <trkpt lat="45.72607875" lon="7.86693">
        <ele>1143</ele>
        <extensions>
          <distance>23832</distance>
        </extensions>
      </trkpt>
      <trkpt lat="45.7261175" lon="7.86672">
        <ele>1143</ele>
        <extensions>
          <distance>23849</distance>
        </extensions>
      </trkpt>
      <trkpt lat="45.72615625" lon="7.86651">
        <ele>1143</ele>
        <extensions>
          <distance>23866</distance>
        </extensions>
      </trkpt>
      <trkpt lat="45.726195" lon="7.8663">
        <ele>1143</ele>
        <extensions>
          <distance>23883</distance>
        </extensions>
      </trkpt>
      <trkpt lat="45.72623374999999" lon="7.86609">
        <ele>1143</ele>
        <extensions>
          <distance>23900</distance>
        </extensions>
      </trkpt>
      <trkpt lat="45.72627249999999" lon="7.86588">
        <ele>1143</ele>
        <extensions>
          <distance>23916</distance>
        </extensions>
      </trkpt>
      <trkpt lat="45.726311249999995" lon="7.86567">
        <ele>1144</ele>
        <extensions>
          <distance>23933</distance>
        </extensions>
      </trkpt>
      <trkpt lat="45.72635" lon="7.86546">
        <ele>1146</ele>
        <extensions>
          <distance>23950</distance>
        </extensions>
      </trkpt>
      <trkpt lat="45.72644" lon="7.8652475">
        <ele>1147</ele>
        <extensions>
          <distance>23970</distance>
        </extensions>
      </trkpt>
      <trkpt lat="45.72653" lon="7.865035">
        <ele>1148</ele>
        <extensions>
          <distance>23989</distance>
        </extensions>
      </trkpt>
      <trkpt lat="45.72662" lon="7.8648225">
        <ele>1149</ele>
        <extensions>
          <distance>24008</distance>
        </extensions>
      </trkpt>
      <trkpt lat="45.72671" lon="7.86461">
        <ele>1150</ele>
        <extensions>
          <distance>24028</distance>
        </extensions>
      </trkpt>
      <trkpt lat="45.7268" lon="7.8643975">
        <ele>1151</ele>
        <extensions>
          <distance>24047</distance>
        </extensions>
      </trkpt>
      <trkpt lat="45.72689" lon="7.864185">
        <ele>1153</ele>
        <extensions>
          <distance>24067</distance>
        </extensions>
      </trkpt>
      <trkpt lat="45.72698" lon="7.8639725">
        <ele>1155</ele>
        <extensions>
          <distance>24086</distance>
        </extensions>
      </trkpt>
      <trkpt lat="45.72707" lon="7.86376">
        <ele>1156</ele>
        <extensions>
          <distance>24105</distance>
        </extensions>
      </trkpt>
      <trkpt lat="45.7272525" lon="7.8634924999999996">
        <ele>1159</ele>
        <extensions>
          <distance>24135</distance>
        </extensions>
      </trkpt>
      <trkpt lat="45.727435" lon="7.863225">
        <ele>1162</ele>
        <extensions>
          <distance>24164</distance>
        </extensions>
      </trkpt>
      <trkpt lat="45.7276175" lon="7.8629575">
        <ele>1162</ele>
        <extensions>
          <distance>24193</distance>
        </extensions>
      </trkpt>
      <trkpt lat="45.7278" lon="7.86269">
        <ele>1162</ele>
        <extensions>
          <distance>24222</distance>
        </extensions>
      </trkpt>
      <trkpt lat="45.727875" lon="7.862465">
        <ele>1162</ele>
        <extensions>
          <distance>24241</distance>
        </extensions>
      </trkpt>
      <trkpt lat="45.72795" lon="7.86224">
        <ele>1163</ele>
        <extensions>
          <distance>24261</distance>
        </extensions>
      </trkpt>
      <trkpt lat="45.7279" lon="7.86193">
        <ele>1163</ele>
        <extensions>
          <distance>24285</distance>
        </extensions>
      </trkpt>
      <trkpt lat="45.72797625" lon="7.8617075">
        <ele>1165</ele>
        <extensions>
          <distance>24305</distance>
        </extensions>
      </trkpt>
      <trkpt lat="45.728052500000004" lon="7.861485">
        <ele>1167</ele>
        <extensions>
          <distance>24324</distance>
        </extensions>
      </trkpt>
      <trkpt lat="45.72812875" lon="7.8612625000000005">
        <ele>1169</ele>
        <extensions>
          <distance>24344</distance>
        </extensions>
      </trkpt>
      <trkpt lat="45.728205" lon="7.86104">
        <ele>1170</ele>
        <extensions>
          <distance>24363</distance>
        </extensions>
      </trkpt>
      <trkpt lat="45.72828125" lon="7.8608175">
        <ele>1170</ele>
        <extensions>
          <distance>24382</distance>
        </extensions>
      </trkpt>
      <trkpt lat="45.7283575" lon="7.860595">
        <ele>1170</ele>
        <extensions>
          <distance>24401</distance>
        </extensions>
      </trkpt>
      <trkpt lat="45.72843375" lon="7.8603725">
        <ele>1171</ele>
        <extensions>
          <distance>24421</distance>
        </extensions>
      </trkpt>
      <trkpt lat="45.72851" lon="7.86015">
        <ele>1173</ele>
        <extensions>
          <distance>24440</distance>
        </extensions>
      </trkpt>
      <trkpt lat="45.72855" lon="7.85993">
        <ele>1175</ele>
        <extensions>
          <distance>24458</distance>
        </extensions>
      </trkpt>
      <trkpt lat="45.72859" lon="7.85971">
        <ele>1179</ele>
        <extensions>
          <distance>24476</distance>
        </extensions>
      </trkpt>
      <trkpt lat="45.72846" lon="7.85964">
        <ele>1184</ele>
        <extensions>
          <distance>24492</distance>
        </extensions>
      </trkpt>
      <trkpt lat="45.72842" lon="7.85939">
        <ele>1190</ele>
        <extensions>
          <distance>24513</distance>
        </extensions>
      </trkpt>
      <trkpt lat="45.72822" lon="7.85931">
        <ele>1199</ele>
        <extensions>
          <distance>24538</distance>
        </extensions>
      </trkpt>
      <trkpt lat="45.72816" lon="7.859014999999999">
        <ele>1208</ele>
        <extensions>
          <distance>24563</distance>
        </extensions>
      </trkpt>
      <trkpt lat="45.7281" lon="7.85872">
        <ele>1213</ele>
        <extensions>
          <distance>24588</distance>
        </extensions>
      </trkpt>
      <trkpt lat="45.72792" lon="7.85868">
        <ele>1218</ele>
        <extensions>
          <distance>24609</distance>
        </extensions>
      </trkpt>
      <trkpt lat="45.72797" lon="7.858325">
        <ele>1220</ele>
        <extensions>
          <distance>24637</distance>
        </extensions>
      </trkpt>
      <trkpt lat="45.72802" lon="7.85797">
        <ele>1223</ele>
        <extensions>
          <distance>24665</distance>
        </extensions>
      </trkpt>
      <trkpt lat="45.727955" lon="7.857635">
        <ele>1233</ele>
        <extensions>
          <distance>24694</distance>
        </extensions>
      </trkpt>
      <trkpt lat="45.72789" lon="7.8573">
        <ele>1240</ele>
        <extensions>
          <distance>24722</distance>
        </extensions>
      </trkpt>
      <trkpt lat="45.72796" lon="7.85705">
        <ele>1240</ele>
        <extensions>
          <distance>24743</distance>
        </extensions>
      </trkpt>
      <trkpt lat="45.72809" lon="7.85698">
        <ele>1240</ele>
        <extensions>
          <distance>24758</distance>
        </extensions>
      </trkpt>
      <trkpt lat="45.728205" lon="7.85712">
        <ele>1242</ele>
        <extensions>
          <distance>24775</distance>
        </extensions>
      </trkpt>
      <trkpt lat="45.72832" lon="7.85726">
        <ele>1243</ele>
        <extensions>
          <distance>24792</distance>
        </extensions>
      </trkpt>
      <trkpt lat="45.72845" lon="7.85723">
        <ele>1243</ele>
        <extensions>
          <distance>24807</distance>
        </extensions>
      </trkpt>
      <trkpt lat="45.728425" lon="7.8570150000000005">
        <ele>1244</ele>
        <extensions>
          <distance>24824</distance>
        </extensions>
      </trkpt>
      <trkpt lat="45.7284" lon="7.8568">
        <ele>1249</ele>
        <extensions>
          <distance>24841</distance>
        </extensions>
      </trkpt>
      <trkpt lat="45.7285" lon="7.85645">
        <ele>1258</ele>
        <extensions>
          <distance>24872</distance>
        </extensions>
      </trkpt>
      <trkpt lat="45.728395" lon="7.856204999999999">
        <ele>1268</ele>
        <extensions>
          <distance>24896</distance>
        </extensions>
      </trkpt>
      <trkpt lat="45.72829" lon="7.85596">
        <ele>1278</ele>
        <extensions>
          <distance>24921</distance>
        </extensions>
      </trkpt>
      <trkpt lat="45.72837" lon="7.85575">
        <ele>1287</ele>
        <extensions>
          <distance>24941</distance>
        </extensions>
      </trkpt>
      <trkpt lat="45.728345" lon="7.85552">
        <ele>1292</ele>
        <extensions>
          <distance>24960</distance>
        </extensions>
      </trkpt>
      <trkpt lat="45.72832" lon="7.85529">
        <ele>1296</ele>
        <extensions>
          <distance>24979</distance>
        </extensions>
      </trkpt>
      <trkpt lat="45.72835" lon="7.85508">
        <ele>1304</ele>
        <extensions>
          <distance>24997</distance>
        </extensions>
      </trkpt>
      <trkpt lat="45.72855" lon="7.855015">
        <ele>1312</ele>
        <extensions>
          <distance>25021</distance>
        </extensions>
      </trkpt>
      <trkpt lat="45.72875" lon="7.85495">
        <ele>1322</ele>
        <extensions>
          <distance>25046</distance>
        </extensions>
      </trkpt>
      <trkpt lat="45.728669999999994" lon="7.854725">
        <ele>1325</ele>
        <extensions>
          <distance>25066</distance>
        </extensions>
      </trkpt>
      <trkpt lat="45.72859" lon="7.8545">
        <ele>1333</ele>
        <extensions>
          <distance>25087</distance>
        </extensions>
      </trkpt>
      <trkpt lat="45.72851" lon="7.8542749999999995">
        <ele>1342</ele>
        <extensions>
          <distance>25109</distance>
        </extensions>
      </trkpt>
      <trkpt lat="45.72843" lon="7.85405">
        <ele>1349</ele>
        <extensions>
          <distance>25130</distance>
        </extensions>
      </trkpt>
      <trkpt lat="45.72858" lon="7.85393">
        <ele>1358</ele>
        <extensions>
          <distance>25151</distance>
        </extensions>
      </trkpt>
      <trkpt lat="45.72861" lon="7.85369">
        <ele>1366</ele>
        <extensions>
          <distance>25172</distance>
        </extensions>
      </trkpt>
      <trkpt lat="45.72874" lon="7.85366">
        <ele>1376</ele>
        <extensions>
          <distance>25189</distance>
        </extensions>
      </trkpt>
      <trkpt lat="45.728925000000004" lon="7.853695">
        <ele>1387</ele>
        <extensions>
          <distance>25213</distance>
        </extensions>
      </trkpt>
      <trkpt lat="45.72911" lon="7.85373">
        <ele>1396</ele>
        <extensions>
          <distance>25235</distance>
        </extensions>
      </trkpt>
      <trkpt lat="45.72922" lon="7.853859999999999">
        <ele>1397</ele>
        <extensions>
          <distance>25251</distance>
        </extensions>
      </trkpt>
      <trkpt lat="45.72933" lon="7.85399">
        <ele>1397</ele>
        <extensions>
          <distance>25267</distance>
        </extensions>
      </trkpt>
      <trkpt lat="45.72936" lon="7.853669999999999">
        <ele>1408</ele>
        <extensions>
          <distance>25294</distance>
        </extensions>
      </trkpt>
      <trkpt lat="45.72939" lon="7.85335">
        <ele>1422</ele>
        <extensions>
          <distance>25322</distance>
        </extensions>
      </trkpt>
      <trkpt lat="45.7295" lon="7.85306">
        <ele>1434</ele>
        <extensions>
          <distance>25351</distance>
        </extensions>
      </trkpt>
      <trkpt lat="45.729675" lon="7.85308">
        <ele>1438</ele>
        <extensions>
          <distance>25371</distance>
        </extensions>
      </trkpt>
      <trkpt lat="45.72985" lon="7.8531">
        <ele>1439</ele>
        <extensions>
          <distance>25390</distance>
        </extensions>
      </trkpt>
      <trkpt lat="45.730035" lon="7.85292">
        <ele>1445</ele>
        <extensions>
          <distance>25415</distance>
        </extensions>
      </trkpt>
      <trkpt lat="45.73022" lon="7.85274">
        <ele>1450</ele>
        <extensions>
          <distance>25441</distance>
        </extensions>
      </trkpt>
      <trkpt lat="45.7300775" lon="7.8526275000000005">
        <ele>1454</ele>
        <extensions>
          <distance>25459</distance>
        </extensions>
      </trkpt>
      <trkpt lat="45.729935" lon="7.852515">
        <ele>1458</ele>
        <extensions>
          <distance>25478</distance>
        </extensions>
      </trkpt>
      <trkpt lat="45.7297925" lon="7.8524025">
        <ele>1463</ele>
        <extensions>
          <distance>25497</distance>
        </extensions>
      </trkpt>
      <trkpt lat="45.72965" lon="7.85229">
        <ele>1467</ele>
        <extensions>
          <distance>25515</distance>
        </extensions>
      </trkpt>
      <trkpt lat="45.72967" lon="7.852035">
        <ele>1477</ele>
        <extensions>
          <distance>25538</distance>
        </extensions>
      </trkpt>
      <trkpt lat="45.72969" lon="7.85178">
        <ele>1486</ele>
        <extensions>
          <distance>25559</distance>
        </extensions>
      </trkpt>
      <trkpt lat="45.72964999999999" lon="7.8515749999999995">
        <ele>1493</ele>
        <extensions>
          <distance>25577</distance>
        </extensions>
      </trkpt>
      <trkpt lat="45.729609999999994" lon="7.851369999999999">
        <ele>1500</ele>
        <extensions>
          <distance>25595</distance>
        </extensions>
      </trkpt>
      <trkpt lat="45.729569999999995" lon="7.851165">
        <ele>1508</ele>
        <extensions>
          <distance>25614</distance>
        </extensions>
      </trkpt>
      <trkpt lat="45.72953" lon="7.85096">
        <ele>1517</ele>
        <extensions>
          <distance>25633</distance>
        </extensions>
      </trkpt>
      <trkpt lat="45.7297" lon="7.85089">
        <ele>1532</ele>
        <extensions>
          <distance>25657</distance>
        </extensions>
      </trkpt>
      <trkpt lat="45.72971" lon="7.85072">
        <ele>1540</ele>
        <extensions>
          <distance>25673</distance>
        </extensions>
      </trkpt>
      <trkpt lat="45.72989" lon="7.85078">
        <ele>1551</ele>
        <extensions>
          <distance>25696</distance>
        </extensions>
      </trkpt>
      <trkpt lat="45.73007" lon="7.85084">
        <ele>1559</ele>
        <extensions>
          <distance>25718</distance>
        </extensions>
      </trkpt>
      <trkpt lat="45.73006" lon="7.85055">
        <ele>1567</ele>
        <extensions>
          <distance>25742</distance>
        </extensions>
      </trkpt>
      <trkpt lat="45.72991" lon="7.85047">
        <ele>1572</ele>
        <extensions>
          <distance>25761</distance>
        </extensions>
      </trkpt>
      <trkpt lat="45.729842500000004" lon="7.8502849999999995">
        <ele>1573</ele>
        <extensions>
          <distance>25777</distance>
        </extensions>
      </trkpt>
      <trkpt lat="45.729775000000004" lon="7.850099999999999">
        <ele>1579</ele>
        <extensions>
          <distance>25794</distance>
        </extensions>
      </trkpt>
      <trkpt lat="45.7297075" lon="7.849914999999999">
        <ele>1585</ele>
        <extensions>
          <distance>25811</distance>
        </extensions>
      </trkpt>
      <trkpt lat="45.72964" lon="7.84973">
        <ele>1588</ele>
        <extensions>
          <distance>25828</distance>
        </extensions>
      </trkpt>
      <trkpt lat="45.729585" lon="7.849355">
        <ele>1596</ele>
        <extensions>
          <distance>25859</distance>
        </extensions>
      </trkpt>
      <trkpt lat="45.72953" lon="7.84898">
        <ele>1600</ele>
        <extensions>
          <distance>25889</distance>
        </extensions>
      </trkpt>
      <trkpt lat="45.72947" lon="7.848789999999999">
        <ele>1600</ele>
        <extensions>
          <distance>25905</distance>
        </extensions>
      </trkpt>
      <trkpt lat="45.72941" lon="7.848599999999999">
        <ele>1601</ele>
        <extensions>
          <distance>25921</distance>
        </extensions>
      </trkpt>
      <trkpt lat="45.72935" lon="7.848409999999999">
        <ele>1602</ele>
        <extensions>
          <distance>25937</distance>
        </extensions>
      </trkpt>
      <trkpt lat="45.72929" lon="7.8482199999999995">
        <ele>1602</ele>
        <extensions>
          <distance>25954</distance>
        </extensions>
      </trkpt>
      <trkpt lat="45.72923" lon="7.84803">
        <ele>1602</ele>
        <extensions>
          <distance>25970</distance>
        </extensions>
      </trkpt>
      <trkpt lat="45.729169999999996" lon="7.84784">
        <ele>1607</ele>
        <extensions>
          <distance>25986</distance>
        </extensions>
      </trkpt>
      <trkpt lat="45.72911" lon="7.84765">
        <ele>1618</ele>
        <extensions>
          <distance>26006</distance>
        </extensions>
      </trkpt>
      <trkpt lat="45.72905" lon="7.84746">
        <ele>1629</ele>
        <extensions>
          <distance>26026</distance>
        </extensions>
      </trkpt>
      <trkpt lat="45.72912" lon="7.84737">
        <ele>1645</ele>
        <extensions>
          <distance>26045</distance>
        </extensions>
      </trkpt>
      <trkpt lat="45.729045" lon="7.84715">
        <ele>1653</ele>
        <extensions>
          <distance>26065</distance>
        </extensions>
      </trkpt>
      <trkpt lat="45.72897" lon="7.84693">
        <ele>1661</ele>
        <extensions>
          <distance>26086</distance>
        </extensions>
      </trkpt>
      <trkpt lat="45.72903" lon="7.8467">
        <ele>1665</ele>
        <extensions>
          <distance>26106</distance>
        </extensions>
      </trkpt>
      <trkpt lat="45.72887" lon="7.84647">
        <ele>1677</ele>
        <extensions>
          <distance>26133</distance>
        </extensions>
      </trkpt>
      <trkpt lat="45.72899" lon="7.84623">
        <ele>1683</ele>
        <extensions>
          <distance>26157</distance>
        </extensions>
      </trkpt>
      <trkpt lat="45.72898875" lon="7.84603375">
        <ele>1684</ele>
        <extensions>
          <distance>26172</distance>
        </extensions>
      </trkpt>
      <trkpt lat="45.7289875" lon="7.8458375">
        <ele>1690</ele>
        <extensions>
          <distance>26189</distance>
        </extensions>
      </trkpt>
      <trkpt lat="45.728986250000005" lon="7.84564125">
        <ele>1695</ele>
        <extensions>
          <distance>26205</distance>
        </extensions>
      </trkpt>
      <trkpt lat="45.728985" lon="7.845445">
        <ele>1700</ele>
        <extensions>
          <distance>26221</distance>
        </extensions>
      </trkpt>
      <trkpt lat="45.72898375" lon="7.84524875">
        <ele>1705</ele>
        <extensions>
          <distance>26237</distance>
        </extensions>
      </trkpt>
      <trkpt lat="45.7289825" lon="7.8450524999999995">
        <ele>1710</ele>
        <extensions>
          <distance>26253</distance>
        </extensions>
      </trkpt>
      <trkpt lat="45.728981250000004" lon="7.844856249999999">
        <ele>1716</ele>
        <extensions>
          <distance>26269</distance>
        </extensions>
      </trkpt>
      <trkpt lat="45.72898" lon="7.84466">
        <ele>1719</ele>
        <extensions>
          <distance>26285</distance>
        </extensions>
      </trkpt>
      <trkpt lat="45.72907" lon="7.8443249999999995">
        <ele>1722</ele>
        <extensions>
          <distance>26313</distance>
        </extensions>
      </trkpt>
      <trkpt lat="45.72916" lon="7.84399">
        <ele>1731</ele>
        <extensions>
          <distance>26342</distance>
        </extensions>
      </trkpt>
      <trkpt lat="45.72936" lon="7.84381">
        <ele>1758</ele>
        <extensions>
          <distance>26380</distance>
        </extensions>
      </trkpt>
      <trkpt lat="45.72935" lon="7.8435">
        <ele>1768</ele>
        <extensions>
          <distance>26406</distance>
        </extensions>
      </trkpt>
      <trkpt lat="45.729265" lon="7.843305">
        <ele>1769</ele>
        <extensions>
          <distance>26424</distance>
        </extensions>
      </trkpt>
      <trkpt lat="45.72918" lon="7.84311">
        <ele>1770</ele>
        <extensions>
          <distance>26442</distance>
        </extensions>
      </trkpt>
      <trkpt lat="45.7291525" lon="7.842907500000001">
        <ele>1770</ele>
        <extensions>
          <distance>26458</distance>
        </extensions>
      </trkpt>
      <trkpt lat="45.729124999999996" lon="7.8427050000000005">
        <ele>1770</ele>
        <extensions>
          <distance>26474</distance>
        </extensions>
      </trkpt>
      <trkpt lat="45.729097499999995" lon="7.8425025">
        <ele>1772</ele>
        <extensions>
          <distance>26490</distance>
        </extensions>
      </trkpt>
      <trkpt lat="45.72907" lon="7.8423">
        <ele>1774</ele>
        <extensions>
          <distance>26506</distance>
        </extensions>
      </trkpt>
      <trkpt lat="45.728944999999996" lon="7.841995">
        <ele>1775</ele>
        <extensions>
          <distance>26534</distance>
        </extensions>
      </trkpt>
      <trkpt lat="45.72882" lon="7.84169">
        <ele>1779</ele>
        <extensions>
          <distance>26562</distance>
        </extensions>
      </trkpt>
      <trkpt lat="45.72883" lon="7.84147">
        <ele>1784</ele>
        <extensions>
          <distance>26579</distance>
        </extensions>
      </trkpt>
      <trkpt lat="45.728765" lon="7.841222500000001">
        <ele>1789</ele>
        <extensions>
          <distance>26601</distance>
        </extensions>
      </trkpt>
      <trkpt lat="45.7287" lon="7.840975">
        <ele>1796</ele>
        <extensions>
          <distance>26622</distance>
        </extensions>
      </trkpt>
      <trkpt lat="45.728635" lon="7.8407275">
        <ele>1807</ele>
        <extensions>
          <distance>26646</distance>
        </extensions>
      </trkpt>
      <trkpt lat="45.72857" lon="7.84048">
        <ele>1820</ele>
        <extensions>
          <distance>26670</distance>
        </extensions>
      </trkpt>
      <trkpt lat="45.728505" lon="7.8403">
        <ele>1824</ele>
        <extensions>
          <distance>26686</distance>
        </extensions>
      </trkpt>
      <trkpt lat="45.72844" lon="7.84012">
        <ele>1824</ele>
        <extensions>
          <distance>26702</distance>
        </extensions>
      </trkpt>
      <trkpt lat="45.728269999999995" lon="7.84002">
        <ele>1826</ele>
        <extensions>
          <distance>26722</distance>
        </extensions>
      </trkpt>
      <trkpt lat="45.7281" lon="7.83992">
        <ele>1829</ele>
        <extensions>
          <distance>26743</distance>
        </extensions>
      </trkpt>
      <trkpt lat="45.7281325" lon="7.8396975">
        <ele>1830</ele>
        <extensions>
          <distance>26761</distance>
        </extensions>
      </trkpt>
      <trkpt lat="45.728165000000004" lon="7.839475">
        <ele>1834</ele>
        <extensions>
          <distance>26779</distance>
        </extensions>
      </trkpt>
      <trkpt lat="45.72819750000001" lon="7.839252500000001">
        <ele>1838</ele>
        <extensions>
          <distance>26797</distance>
        </extensions>
      </trkpt>
      <trkpt lat="45.72823" lon="7.83903">
        <ele>1844</ele>
        <extensions>
          <distance>26816</distance>
        </extensions>
      </trkpt>
      <trkpt lat="45.72819" lon="7.83887">
        <ele>1846</ele>
        <extensions>
          <distance>26829</distance>
        </extensions>
      </trkpt>
      <trkpt lat="45.72804" lon="7.83885">
        <ele>1848</ele>
        <extensions>
          <distance>26846</distance>
        </extensions>
      </trkpt>
      <trkpt lat="45.7281" lon="7.83875">
        <ele>1849</ele>
        <extensions>
          <distance>26856</distance>
        </extensions>
      </trkpt>
      <trkpt lat="45.72801" lon="7.83864">
        <ele>1854</ele>
        <extensions>
          <distance>26870</distance>
        </extensions>
      </trkpt>
      <trkpt lat="45.72815" lon="7.83834">
        <ele>1861</ele>
        <extensions>
          <distance>26899</distance>
        </extensions>
      </trkpt>
      <trkpt lat="45.7281525" lon="7.83804625">
        <ele>1865</ele>
        <extensions>
          <distance>26922</distance>
        </extensions>
      </trkpt>
      <trkpt lat="45.728155" lon="7.8377525">
        <ele>1873</ele>
        <extensions>
          <distance>26946</distance>
        </extensions>
      </trkpt>
      <trkpt lat="45.7281575" lon="7.83745875">
        <ele>1881</ele>
        <extensions>
          <distance>26971</distance>
        </extensions>
      </trkpt>
      <trkpt lat="45.72816" lon="7.837165">
        <ele>1891</ele>
        <extensions>
          <distance>26996</distance>
        </extensions>
      </trkpt>
      <trkpt lat="45.7281625" lon="7.83687125">
        <ele>1896</ele>
        <extensions>
          <distance>27019</distance>
        </extensions>
      </trkpt>
      <trkpt lat="45.728165000000004" lon="7.8365775">
        <ele>1897</ele>
        <extensions>
          <distance>27042</distance>
        </extensions>
      </trkpt>
      <trkpt lat="45.7281675" lon="7.83628375">
        <ele>1899</ele>
        <extensions>
          <distance>27065</distance>
        </extensions>
      </trkpt>
      <trkpt lat="45.72817" lon="7.83599">
        <ele>1901</ele>
        <extensions>
          <distance>27088</distance>
        </extensions>
      </trkpt>
      <trkpt lat="45.72827" lon="7.83567">
        <ele>1907</ele>
        <extensions>
          <distance>27116</distance>
        </extensions>
      </trkpt>
      <trkpt lat="45.72827" lon="7.8354375">
        <ele>1913</ele>
        <extensions>
          <distance>27135</distance>
        </extensions>
      </trkpt>
      <trkpt lat="45.72827" lon="7.835205">
        <ele>1920</ele>
        <extensions>
          <distance>27154</distance>
        </extensions>
      </trkpt>
      <trkpt lat="45.72827" lon="7.8349725">
        <ele>1926</ele>
        <extensions>
          <distance>27173</distance>
        </extensions>
      </trkpt>
      <trkpt lat="45.72827" lon="7.83474">
        <ele>1931</ele>
        <extensions>
          <distance>27192</distance>
        </extensions>
      </trkpt>
      <trkpt lat="45.72839" lon="7.83441">
        <ele>1938</ele>
        <extensions>
          <distance>27222</distance>
        </extensions>
      </trkpt>
      <trkpt lat="45.72840875" lon="7.8342175">
        <ele>1944</ele>
        <extensions>
          <distance>27238</distance>
        </extensions>
      </trkpt>
      <trkpt lat="45.728427499999995" lon="7.8340250000000005">
        <ele>1949</ele>
        <extensions>
          <distance>27254</distance>
        </extensions>
      </trkpt>
      <trkpt lat="45.72844625" lon="7.8338325">
        <ele>1953</ele>
        <extensions>
          <distance>27270</distance>
        </extensions>
      </trkpt>
      <trkpt lat="45.728465" lon="7.83364">
        <ele>1956</ele>
        <extensions>
          <distance>27285</distance>
        </extensions>
      </trkpt>
      <trkpt lat="45.72848375" lon="7.8334475">
        <ele>1958</ele>
        <extensions>
          <distance>27300</distance>
        </extensions>
      </trkpt>
      <trkpt lat="45.728502500000005" lon="7.833254999999999">
        <ele>1964</ele>
        <extensions>
          <distance>27316</distance>
        </extensions>
      </trkpt>
      <trkpt lat="45.72852125" lon="7.8330625">
        <ele>1974</ele>
        <extensions>
          <distance>27334</distance>
        </extensions>
      </trkpt>
      <trkpt lat="45.72854" lon="7.83287">
        <ele>1975</ele>
        <extensions>
          <distance>27350</distance>
        </extensions>
      </trkpt>
      <trkpt lat="45.7286525" lon="7.832705">
        <ele>1977</ele>
        <extensions>
          <distance>27368</distance>
        </extensions>
      </trkpt>
      <trkpt lat="45.728765" lon="7.83254">
        <ele>1981</ele>
        <extensions>
          <distance>27386</distance>
        </extensions>
      </trkpt>
      <trkpt lat="45.7288775" lon="7.832375">
        <ele>1981</ele>
        <extensions>
          <distance>27404</distance>
        </extensions>
      </trkpt>
      <trkpt lat="45.72899" lon="7.83221">
        <ele>1991</ele>
        <extensions>
          <distance>27423</distance>
        </extensions>
      </trkpt>
      <trkpt lat="45.72918" lon="7.83224">
        <ele>2000</ele>
        <extensions>
          <distance>27446</distance>
        </extensions>
      </trkpt>
      <trkpt lat="45.7292" lon="7.83212">
        <ele>2003</ele>
        <extensions>
          <distance>27456</distance>
        </extensions>
      </trkpt>
      <trkpt lat="45.72911" lon="7.83195">
        <ele>2003</ele>
        <extensions>
          <distance>27473</distance>
        </extensions>
      </trkpt>
      <trkpt lat="45.729164999999995" lon="7.83172">
        <ele>2009</ele>
        <extensions>
          <distance>27492</distance>
        </extensions>
      </trkpt>
      <trkpt lat="45.72922" lon="7.83149">
        <ele>2010</ele>
        <extensions>
          <distance>27511</distance>
        </extensions>
      </trkpt>
      <trkpt lat="45.7292125" lon="7.8312325000000005">
        <ele>2012</ele>
        <extensions>
          <distance>27531</distance>
        </extensions>
      </trkpt>
      <trkpt lat="45.729205" lon="7.8309750000000005">
        <ele>2017</ele>
        <extensions>
          <distance>27552</distance>
        </extensions>
      </trkpt>
      <trkpt lat="45.7291975" lon="7.8307175">
        <ele>2021</ele>
        <extensions>
          <distance>27573</distance>
        </extensions>
      </trkpt>
      <trkpt lat="45.72919" lon="7.83046">
        <ele>2027</ele>
        <extensions>
          <distance>27594</distance>
        </extensions>
      </trkpt>
      <trkpt lat="45.729275" lon="7.830185">
        <ele>2037</ele>
        <extensions>
          <distance>27619</distance>
        </extensions>
      </trkpt>
      <trkpt lat="45.72936" lon="7.82991">
        <ele>2049</ele>
        <extensions>
          <distance>27645</distance>
        </extensions>
      </trkpt>
      <trkpt lat="45.72946" lon="7.82984">
        <ele>2052</ele>
        <extensions>
          <distance>27658</distance>
        </extensions>
      </trkpt>
      <trkpt lat="45.729415" lon="7.829505">
        <ele>2063</ele>
        <extensions>
          <distance>27687</distance>
        </extensions>
      </trkpt>
      <trkpt lat="45.72937" lon="7.82917">
        <ele>2073</ele>
        <extensions>
          <distance>27715</distance>
        </extensions>
      </trkpt>
      <trkpt lat="45.72953" lon="7.82899">
        <ele>2078</ele>
        <extensions>
          <distance>27738</distance>
        </extensions>
      </trkpt>
      <trkpt lat="45.72956" lon="7.8286999999999995">
        <ele>2085</ele>
        <extensions>
          <distance>27762</distance>
        </extensions>
      </trkpt>
      <trkpt lat="45.72959" lon="7.82841">
        <ele>2093</ele>
        <extensions>
          <distance>27786</distance>
        </extensions>
      </trkpt>
      <trkpt lat="45.7295" lon="7.8280899999999995">
        <ele>2099</ele>
        <extensions>
          <distance>27814</distance>
        </extensions>
      </trkpt>
      <trkpt lat="45.72941" lon="7.82777">
        <ele>2106</ele>
        <extensions>
          <distance>27842</distance>
        </extensions>
      </trkpt>
      <trkpt lat="45.729545" lon="7.8275500000000005">
        <ele>2114</ele>
        <extensions>
          <distance>27866</distance>
        </extensions>
      </trkpt>
      <trkpt lat="45.72968" lon="7.82733">
        <ele>2121</ele>
        <extensions>
          <distance>27890</distance>
        </extensions>
      </trkpt>
      <trkpt lat="45.7296975" lon="7.8271049999999995">
        <ele>2126</ele>
        <extensions>
          <distance>27908</distance>
        </extensions>
      </trkpt>
      <trkpt lat="45.729715" lon="7.82688">
        <ele>2132</ele>
        <extensions>
          <distance>27926</distance>
        </extensions>
      </trkpt>
      <trkpt lat="45.7297325" lon="7.826655000000001">
        <ele>2141</ele>
        <extensions>
          <distance>27946</distance>
        </extensions>
      </trkpt>
      <trkpt lat="45.72975" lon="7.82643">
        <ele>2146</ele>
        <extensions>
          <distance>27965</distance>
        </extensions>
      </trkpt>
      <trkpt lat="45.72986" lon="7.82628">
        <ele>2152</ele>
        <extensions>
          <distance>27983</distance>
        </extensions>
      </trkpt>
      <trkpt lat="45.72984" lon="7.826">
        <ele>2155</ele>
        <extensions>
          <distance>28005</distance>
        </extensions>
      </trkpt>
      <trkpt lat="45.72999" lon="7.8258">
        <ele>2161</ele>
        <extensions>
          <distance>28028</distance>
        </extensions>
      </trkpt>
      <trkpt lat="45.72992" lon="7.82563">
        <ele>2163</ele>
        <extensions>
          <distance>28044</distance>
        </extensions>
      </trkpt>
      <trkpt lat="45.72985" lon="7.82546">
        <ele>2168</ele>
        <extensions>
          <distance>28060</distance>
        </extensions>
      </trkpt>
      <trkpt lat="45.72994" lon="7.825255">
        <ele>2177</ele>
        <extensions>
          <distance>28081</distance>
        </extensions>
      </trkpt>
      <trkpt lat="45.73003" lon="7.82505">
        <ele>2177</ele>
        <extensions>
          <distance>28099</distance>
        </extensions>
      </trkpt>
      <trkpt lat="45.7300025" lon="7.824797500000001">
        <ele>2179</ele>
        <extensions>
          <distance>28119</distance>
        </extensions>
      </trkpt>
      <trkpt lat="45.729974999999996" lon="7.8245450000000005">
        <ele>2184</ele>
        <extensions>
          <distance>28140</distance>
        </extensions>
      </trkpt>
      <trkpt lat="45.729947499999994" lon="7.8242925">
        <ele>2188</ele>
        <extensions>
          <distance>28160</distance>
        </extensions>
      </trkpt>
      <trkpt lat="45.72992" lon="7.82404">
        <ele>2192</ele>
        <extensions>
          <distance>28180</distance>
        </extensions>
      </trkpt>
      <trkpt lat="45.730000000000004" lon="7.8237875">
        <ele>2198</ele>
        <extensions>
          <distance>28203</distance>
        </extensions>
      </trkpt>
      <trkpt lat="45.73008" lon="7.823535">
        <ele>2205</ele>
        <extensions>
          <distance>28225</distance>
        </extensions>
      </trkpt>
      <trkpt lat="45.73016" lon="7.8232824999999995">
        <ele>2212</ele>
        <extensions>
          <distance>28248</distance>
        </extensions>
      </trkpt>
      <trkpt lat="45.73024" lon="7.82303">
        <ele>2217</ele>
        <extensions>
          <distance>28270</distance>
        </extensions>
      </trkpt>
      <trkpt lat="45.73023" lon="7.82278">
        <ele>2225</ele>
        <extensions>
          <distance>28291</distance>
        </extensions>
      </trkpt>
      <trkpt lat="45.73013" lon="7.82268">
        <ele>2230</ele>
        <extensions>
          <distance>28306</distance>
        </extensions>
      </trkpt>
      <trkpt lat="45.73028" lon="7.82256">
        <ele>2234</ele>
        <extensions>
          <distance>28325</distance>
        </extensions>
      </trkpt>
      <trkpt lat="45.73043" lon="7.82244">
        <ele>2242</ele>
        <extensions>
          <distance>28346</distance>
        </extensions>
      </trkpt>
      <trkpt lat="45.73058" lon="7.8223199999999995">
        <ele>2249</ele>
        <extensions>
          <distance>28366</distance>
        </extensions>
      </trkpt>
      <trkpt lat="45.73073" lon="7.8222">
        <ele>2255</ele>
        <extensions>
          <distance>28386</distance>
        </extensions>
      </trkpt>
      <trkpt lat="45.73052" lon="7.82197">
        <ele>2258</ele>
        <extensions>
          <distance>28416</distance>
        </extensions>
      </trkpt>
      <trkpt lat="45.7306825" lon="7.8217300000000005">
        <ele>2258</ele>
        <extensions>
          <distance>28442</distance>
        </extensions>
      </trkpt>
      <trkpt lat="45.730845" lon="7.821490000000001">
        <ele>2258</ele>
        <extensions>
          <distance>28468</distance>
        </extensions>
      </trkpt>
      <trkpt lat="45.731007500000004" lon="7.821250000000001">
        <ele>2256</ele>
        <extensions>
          <distance>28494</distance>
        </extensions>
      </trkpt>
      <trkpt lat="45.73117" lon="7.82101">
        <ele>2256</ele>
        <extensions>
          <distance>28520</distance>
        </extensions>
      </trkpt>
      <trkpt lat="45.731175" lon="7.820785000000001">
        <ele>2253</ele>
        <extensions>
          <distance>28537</distance>
        </extensions>
      </trkpt>
      <trkpt lat="45.73118" lon="7.82056">
        <ele>2251</ele>
        <extensions>
          <distance>28555</distance>
        </extensions>
      </trkpt>
      <trkpt lat="45.7312725" lon="7.820335">
        <ele>2247</ele>
        <extensions>
          <distance>28576</distance>
        </extensions>
      </trkpt>
      <trkpt lat="45.731365" lon="7.82011">
        <ele>2246</ele>
        <extensions>
          <distance>28596</distance>
        </extensions>
      </trkpt>
      <trkpt lat="45.7314575" lon="7.819884999999999">
        <ele>2245</ele>
        <extensions>
          <distance>28616</distance>
        </extensions>
      </trkpt>
      <trkpt lat="45.73155" lon="7.81966">
        <ele>2245</ele>
        <extensions>
          <distance>28637</distance>
        </extensions>
      </trkpt>
      <trkpt lat="45.73147" lon="7.8194">
        <ele>2245</ele>
        <extensions>
          <distance>28659</distance>
        </extensions>
      </trkpt>
      <trkpt lat="45.73151" lon="7.81905">
        <ele>2245</ele>
        <extensions>
          <distance>28686</distance>
        </extensions>
      </trkpt>
      <trkpt lat="45.731445" lon="7.81887">
        <ele>2245</ele>
        <extensions>
          <distance>28702</distance>
        </extensions>
      </trkpt>
      <trkpt lat="45.73138" lon="7.81869">
        <ele>2245</ele>
        <extensions>
          <distance>28718</distance>
        </extensions>
      </trkpt>
      <trkpt lat="45.731455" lon="7.818465">
        <ele>2245</ele>
        <extensions>
          <distance>28737</distance>
        </extensions>
      </trkpt>
      <trkpt lat="45.73153" lon="7.81824">
        <ele>2244</ele>
        <extensions>
          <distance>28757</distance>
        </extensions>
      </trkpt>
      <trkpt lat="45.73152" lon="7.8180250000000004">
        <ele>2243</ele>
        <extensions>
          <distance>28773</distance>
        </extensions>
      </trkpt>
      <trkpt lat="45.73151" lon="7.81781">
        <ele>2242</ele>
        <extensions>
          <distance>28790</distance>
        </extensions>
      </trkpt>
      <trkpt lat="45.731584999999995" lon="7.817634999999999">
        <ele>2235</ele>
        <extensions>
          <distance>28807</distance>
        </extensions>
      </trkpt>
      <trkpt lat="45.73166" lon="7.81746">
        <ele>2227</ele>
        <extensions>
          <distance>28825</distance>
        </extensions>
      </trkpt>
      <trkpt lat="45.73166499999999" lon="7.8172575">
        <ele>2219</ele>
        <extensions>
          <distance>28843</distance>
        </extensions>
      </trkpt>
      <trkpt lat="45.731669999999994" lon="7.817055">
        <ele>2212</ele>
        <extensions>
          <distance>28860</distance>
        </extensions>
      </trkpt>
      <trkpt lat="45.731674999999996" lon="7.8168524999999995">
        <ele>2205</ele>
        <extensions>
          <distance>28877</distance>
        </extensions>
      </trkpt>
      <trkpt lat="45.73168" lon="7.81665">
        <ele>2197</ele>
        <extensions>
          <distance>28895</distance>
        </extensions>
      </trkpt>
      <trkpt lat="45.731534999999994" lon="7.816535">
        <ele>2196</ele>
        <extensions>
          <distance>28913</distance>
        </extensions>
      </trkpt>
      <trkpt lat="45.73139" lon="7.81642">
        <ele>2196</ele>
        <extensions>
          <distance>28932</distance>
        </extensions>
      </trkpt>
      <trkpt lat="45.73137" lon="7.81621">
        <ele>2188</ele>
        <extensions>
          <distance>28949</distance>
        </extensions>
      </trkpt>
      <trkpt lat="45.73122" lon="7.81617">
        <ele>2187</ele>
        <extensions>
          <distance>28966</distance>
        </extensions>
      </trkpt>
      <trkpt lat="45.73107" lon="7.81613">
        <ele>2186</ele>
        <extensions>
          <distance>28983</distance>
        </extensions>
      </trkpt>
      <trkpt lat="45.73102" lon="7.81594">
        <ele>2174</ele>
        <extensions>
          <distance>29000</distance>
        </extensions>
      </trkpt>
      <trkpt lat="45.73097" lon="7.81575">
        <ele>2164</ele>
        <extensions>
          <distance>29019</distance>
        </extensions>
      </trkpt>
      <trkpt lat="45.730845" lon="7.815675000000001">
        <ele>2164</ele>
        <extensions>
          <distance>29034</distance>
        </extensions>
      </trkpt>
      <trkpt lat="45.73072" lon="7.8156">
        <ele>2163</ele>
        <extensions>
          <distance>29049</distance>
        </extensions>
      </trkpt>
      <trkpt lat="45.73061" lon="7.8153">
        <ele>2162</ele>
        <extensions>
          <distance>29076</distance>
        </extensions>
      </trkpt>
      <trkpt lat="45.73045" lon="7.815155">
        <ele>2162</ele>
        <extensions>
          <distance>29097</distance>
        </extensions>
      </trkpt>
      <trkpt lat="45.73029" lon="7.81501">
        <ele>2162</ele>
        <extensions>
          <distance>29118</distance>
        </extensions>
      </trkpt>
      <trkpt lat="45.73052" lon="7.814970000000001">
        <ele>2155</ele>
        <extensions>
          <distance>29144</distance>
        </extensions>
      </trkpt>
      <trkpt lat="45.73075" lon="7.81493">
        <ele>2147</ele>
        <extensions>
          <distance>29171</distance>
        </extensions>
      </trkpt>
      <trkpt lat="45.7309" lon="7.81478">
        <ele>2139</ele>
        <extensions>
          <distance>29193</distance>
        </extensions>
      </trkpt>
      <trkpt lat="45.73106" lon="7.81485">
        <ele>2137</ele>
        <extensions>
          <distance>29211</distance>
        </extensions>
      </trkpt>
      <trkpt lat="45.73119" lon="7.81472">
        <ele>2128</ele>
        <extensions>
          <distance>29231</distance>
        </extensions>
      </trkpt>
      <trkpt lat="45.73136" lon="7.81475">
        <ele>2124</ele>
        <extensions>
          <distance>29250</distance>
        </extensions>
      </trkpt>
      <trkpt lat="45.73122" lon="7.814525">
        <ele>2117</ele>
        <extensions>
          <distance>29275</distance>
        </extensions>
      </trkpt>
      <trkpt lat="45.73108" lon="7.8143">
        <ele>2109</ele>
        <extensions>
          <distance>29299</distance>
        </extensions>
      </trkpt>
      <trkpt lat="45.730845" lon="7.81414">
        <ele>2101</ele>
        <extensions>
          <distance>29329</distance>
        </extensions>
      </trkpt>
      <trkpt lat="45.73061" lon="7.81398">
        <ele>2096</ele>
        <extensions>
          <distance>29359</distance>
        </extensions>
      </trkpt>
      <trkpt lat="45.7306" lon="7.81381">
        <ele>2087</ele>
        <extensions>
          <distance>29375</distance>
        </extensions>
      </trkpt>
      <trkpt lat="45.730465" lon="7.8136849999999995">
        <ele>2084</ele>
        <extensions>
          <distance>29393</distance>
        </extensions>
      </trkpt>
      <trkpt lat="45.73033" lon="7.81356">
        <ele>2082</ele>
        <extensions>
          <distance>29411</distance>
        </extensions>
      </trkpt>
      <trkpt lat="45.7304" lon="7.81335">
        <ele>2074</ele>
        <extensions>
          <distance>29430</distance>
        </extensions>
      </trkpt>
      <trkpt lat="45.73047" lon="7.81314">
        <ele>2071</ele>
        <extensions>
          <distance>29449</distance>
        </extensions>
      </trkpt>
      <trkpt lat="45.73027" lon="7.8129">
        <ele>2071</ele>
        <extensions>
          <distance>29478</distance>
        </extensions>
      </trkpt>
      <trkpt lat="45.73025" lon="7.812645">
        <ele>2069</ele>
        <extensions>
          <distance>29498</distance>
        </extensions>
      </trkpt>
      <trkpt lat="45.73023" lon="7.81239">
        <ele>2067</ele>
        <extensions>
          <distance>29518</distance>
        </extensions>
      </trkpt>
      <trkpt lat="45.73027999999999" lon="7.8121525">
        <ele>2067</ele>
        <extensions>
          <distance>29537</distance>
        </extensions>
      </trkpt>
      <trkpt lat="45.730329999999995" lon="7.811915">
        <ele>2067</ele>
        <extensions>
          <distance>29556</distance>
        </extensions>
      </trkpt>
      <trkpt lat="45.73038" lon="7.8116775">
        <ele>2066</ele>
        <extensions>
          <distance>29576</distance>
        </extensions>
      </trkpt>
      <trkpt lat="45.73043" lon="7.81144">
        <ele>2065</ele>
        <extensions>
          <distance>29595</distance>
        </extensions>
      </trkpt>
      <trkpt lat="45.7305975" lon="7.811400000000001">
        <ele>2065</ele>
        <extensions>
          <distance>29614</distance>
        </extensions>
      </trkpt>
      <trkpt lat="45.730765" lon="7.8113600000000005">
        <ele>2065</ele>
        <extensions>
          <distance>29633</distance>
        </extensions>
      </trkpt>
      <trkpt lat="45.730932499999994" lon="7.81132">
        <ele>2063</ele>
        <extensions>
          <distance>29652</distance>
        </extensions>
      </trkpt>
      <trkpt lat="45.7311" lon="7.81128">
        <ele>2063</ele>
        <extensions>
          <distance>29670</distance>
        </extensions>
      </trkpt>
      <trkpt lat="45.73124" lon="7.811115">
        <ele>2061</ele>
        <extensions>
          <distance>29691</distance>
        </extensions>
      </trkpt>
      <trkpt lat="45.73138" lon="7.81095">
        <ele>2060</ele>
        <extensions>
          <distance>29711</distance>
        </extensions>
      </trkpt>
      <trkpt lat="45.73159" lon="7.8108900000000006">
        <ele>2056</ele>
        <extensions>
          <distance>29735</distance>
        </extensions>
      </trkpt>
      <trkpt lat="45.7318" lon="7.81083">
        <ele>2051</ele>
        <extensions>
          <distance>29759</distance>
        </extensions>
      </trkpt>
      <trkpt lat="45.731935" lon="7.8106875">
        <ele>2051</ele>
        <extensions>
          <distance>29778</distance>
        </extensions>
      </trkpt>
      <trkpt lat="45.73207" lon="7.810545">
        <ele>2050</ele>
        <extensions>
          <distance>29797</distance>
        </extensions>
      </trkpt>
      <trkpt lat="45.732205" lon="7.8104025">
        <ele>2048</ele>
        <extensions>
          <distance>29815</distance>
        </extensions>
      </trkpt>
      <trkpt lat="45.73234" lon="7.81026">
        <ele>2047</ele>
        <extensions>
          <distance>29834</distance>
        </extensions>
      </trkpt>
      <trkpt lat="45.73254" lon="7.81016">
        <ele>2046</ele>
        <extensions>
          <distance>29858</distance>
        </extensions>
      </trkpt>
      <trkpt lat="45.73274" lon="7.81006">
        <ele>2046</ele>
        <extensions>
          <distance>29881</distance>
        </extensions>
      </trkpt>
      <trkpt lat="45.732995" lon="7.8101400000000005">
        <ele>2041</ele>
        <extensions>
          <distance>29910</distance>
        </extensions>
      </trkpt>
      <trkpt lat="45.73325" lon="7.81022">
        <ele>2039</ele>
        <extensions>
          <distance>29939</distance>
        </extensions>
      </trkpt>
      <trkpt lat="45.733397499999995" lon="7.8103575">
        <ele>2037</ele>
        <extensions>
          <distance>29959</distance>
        </extensions>
      </trkpt>
      <trkpt lat="45.733545" lon="7.8104949999999995">
        <ele>2037</ele>
        <extensions>
          <distance>29979</distance>
        </extensions>
      </trkpt>
      <trkpt lat="45.733692500000004" lon="7.8106325">
        <ele>2037</ele>
        <extensions>
          <distance>29998</distance>
        </extensions>
      </trkpt>
      <trkpt lat="45.73384" lon="7.81077">
        <ele>2037</ele>
        <extensions>
          <distance>30018</distance>
        </extensions>
      </trkpt>
      <trkpt lat="45.73402" lon="7.81077">
        <ele>2036</ele>
        <extensions>
          <distance>30038</distance>
        </extensions>
      </trkpt>
      <trkpt lat="45.7342" lon="7.81077">
        <ele>2036</ele>
        <extensions>
          <distance>30058</distance>
        </extensions>
      </trkpt>
      <trkpt lat="45.734449999999995" lon="7.810874999999999">
        <ele>2036</ele>
        <extensions>
          <distance>30087</distance>
        </extensions>
      </trkpt>
      <trkpt lat="45.7347" lon="7.81098">
        <ele>2036</ele>
        <extensions>
          <distance>30116</distance>
        </extensions>
      </trkpt>
      <trkpt lat="45.7349" lon="7.81122">
        <ele>2034</ele>
        <extensions>
          <distance>30145</distance>
        </extensions>
      </trkpt>
      <trkpt lat="45.73509" lon="7.811135">
        <ele>2033</ele>
        <extensions>
          <distance>30167</distance>
        </extensions>
      </trkpt>
      <trkpt lat="45.73528" lon="7.81105">
        <ele>2032</ele>
        <extensions>
          <distance>30189</distance>
        </extensions>
      </trkpt>
      <trkpt lat="45.73537" lon="7.81081">
        <ele>2032</ele>
        <extensions>
          <distance>30210</distance>
        </extensions>
      </trkpt>
      <trkpt lat="45.73546" lon="7.81057">
        <ele>2031</ele>
        <extensions>
          <distance>30232</distance>
        </extensions>
      </trkpt>
      <trkpt lat="45.73555" lon="7.81033">
        <ele>2031</ele>
        <extensions>
          <distance>30253</distance>
        </extensions>
      </trkpt>
      <trkpt lat="45.73564" lon="7.81009">
        <ele>2030</ele>
        <extensions>
          <distance>30274</distance>
        </extensions>
      </trkpt>
      <trkpt lat="45.73566" lon="7.80992">
        <ele>2028</ele>
        <extensions>
          <distance>30287</distance>
        </extensions>
      </trkpt>
      <trkpt lat="45.73558" lon="7.809725">
        <ele>2025</ele>
        <extensions>
          <distance>30305</distance>
        </extensions>
      </trkpt>
      <trkpt lat="45.7355" lon="7.80953">
        <ele>2024</ele>
        <extensions>
          <distance>30323</distance>
        </extensions>
      </trkpt>
      <trkpt lat="45.735625" lon="7.80926">
        <ele>2024</ele>
        <extensions>
          <distance>30348</distance>
        </extensions>
      </trkpt>
      <trkpt lat="45.73575" lon="7.80899">
        <ele>2021</ele>
        <extensions>
          <distance>30373</distance>
        </extensions>
      </trkpt>
      <trkpt lat="45.73592" lon="7.808885">
        <ele>2016</ele>
        <extensions>
          <distance>30395</distance>
        </extensions>
      </trkpt>
      <trkpt lat="45.73609" lon="7.80878">
        <ele>2013</ele>
        <extensions>
          <distance>30415</distance>
        </extensions>
      </trkpt>
      <trkpt lat="45.736185" lon="7.808455">
        <ele>2007</ele>
        <extensions>
          <distance>30443</distance>
        </extensions>
      </trkpt>
      <trkpt lat="45.73628" lon="7.80813">
        <ele>2000</ele>
        <extensions>
          <distance>30472</distance>
        </extensions>
      </trkpt>
      <trkpt lat="45.736419999999995" lon="7.80799">
        <ele>1991</ele>
        <extensions>
          <distance>30493</distance>
        </extensions>
      </trkpt>
      <trkpt lat="45.73656" lon="7.80785">
        <ele>1988</ele>
        <extensions>
          <distance>30512</distance>
        </extensions>
      </trkpt>
      <trkpt lat="45.7366" lon="7.80757">
        <ele>1985</ele>
        <extensions>
          <distance>30534</distance>
        </extensions>
      </trkpt>
      <trkpt lat="45.736775" lon="7.8073250000000005">
        <ele>1985</ele>
        <extensions>
          <distance>30562</distance>
        </extensions>
      </trkpt>
      <trkpt lat="45.73695" lon="7.80708">
        <ele>1985</ele>
        <extensions>
          <distance>30589</distance>
        </extensions>
      </trkpt>
      <trkpt lat="45.73716" lon="7.8070450000000005">
        <ele>1985</ele>
        <extensions>
          <distance>30612</distance>
        </extensions>
      </trkpt>
      <trkpt lat="45.73737" lon="7.80701">
        <ele>1985</ele>
        <extensions>
          <distance>30636</distance>
        </extensions>
      </trkpt>
      <trkpt lat="45.737455" lon="7.8068">
        <ele>1985</ele>
        <extensions>
          <distance>30655</distance>
        </extensions>
      </trkpt>
      <trkpt lat="45.737539999999996" lon="7.80659">
        <ele>1985</ele>
        <extensions>
          <distance>30674</distance>
        </extensions>
      </trkpt>
      <trkpt lat="45.737624999999994" lon="7.80638">
        <ele>1984</ele>
        <extensions>
          <distance>30693</distance>
        </extensions>
      </trkpt>
      <trkpt lat="45.73771" lon="7.80617">
        <ele>1979</ele>
        <extensions>
          <distance>30712</distance>
        </extensions>
      </trkpt>
      <trkpt lat="45.73774" lon="7.80583">
        <ele>1964</ele>
        <extensions>
          <distance>30742</distance>
        </extensions>
      </trkpt>
      <trkpt lat="45.73777" lon="7.80549">
        <ele>1962</ele>
        <extensions>
          <distance>30769</distance>
        </extensions>
      </trkpt>
      <trkpt lat="45.737880000000004" lon="7.805345">
        <ele>1958</ele>
        <extensions>
          <distance>30786</distance>
        </extensions>
      </trkpt>
      <trkpt lat="45.73799" lon="7.8052">
        <ele>1954</ele>
        <extensions>
          <distance>30803</distance>
        </extensions>
      </trkpt>
      <trkpt lat="45.73786" lon="7.80513">
        <ele>1952</ele>
        <extensions>
          <distance>30818</distance>
        </extensions>
      </trkpt>
      <trkpt lat="45.73779" lon="7.80478">
        <ele>1939</ele>
        <extensions>
          <distance>30849</distance>
        </extensions>
      </trkpt>
      <trkpt lat="45.737925" lon="7.804575">
        <ele>1938</ele>
        <extensions>
          <distance>30871</distance>
        </extensions>
      </trkpt>
      <trkpt lat="45.73806" lon="7.80437">
        <ele>1937</ele>
        <extensions>
          <distance>30893</distance>
        </extensions>
      </trkpt>
      <trkpt lat="45.73808" lon="7.80403">
        <ele>1927</ele>
        <extensions>
          <distance>30921</distance>
        </extensions>
      </trkpt>
      <trkpt lat="45.73815999999999" lon="7.8038050000000005">
        <ele>1926</ele>
        <extensions>
          <distance>30940</distance>
        </extensions>
      </trkpt>
      <trkpt lat="45.73824" lon="7.80358">
        <ele>1924</ele>
        <extensions>
          <distance>30960</distance>
        </extensions>
      </trkpt>
      <trkpt lat="45.73832" lon="7.803355">
        <ele>1920</ele>
        <extensions>
          <distance>30980</distance>
        </extensions>
      </trkpt>
      <trkpt lat="45.7384" lon="7.80313">
        <ele>1917</ele>
        <extensions>
          <distance>31000</distance>
        </extensions>
      </trkpt>
      <trkpt lat="45.738575" lon="7.802910000000001">
        <ele>1914</ele>
        <extensions>
          <distance>31026</distance>
        </extensions>
      </trkpt>
      <trkpt lat="45.73875" lon="7.80269">
        <ele>1911</ele>
        <extensions>
          <distance>31052</distance>
        </extensions>
      </trkpt>
      <trkpt lat="45.73863" lon="7.80253">
        <ele>1909</ele>
        <extensions>
          <distance>31070</distance>
        </extensions>
      </trkpt>
      <trkpt lat="45.7387625" lon="7.802372500000001">
        <ele>1906</ele>
        <extensions>
          <distance>31090</distance>
        </extensions>
      </trkpt>
      <trkpt lat="45.738895" lon="7.802215">
        <ele>1900</ele>
        <extensions>
          <distance>31110</distance>
        </extensions>
      </trkpt>
      <trkpt lat="45.7390275" lon="7.8020575">
        <ele>1899</ele>
        <extensions>
          <distance>31129</distance>
        </extensions>
      </trkpt>
      <trkpt lat="45.73916" lon="7.8019">
        <ele>1895</ele>
        <extensions>
          <distance>31149</distance>
        </extensions>
      </trkpt>
      <trkpt lat="45.7392825" lon="7.8018">
        <ele>1895</ele>
        <extensions>
          <distance>31164</distance>
        </extensions>
      </trkpt>
      <trkpt lat="45.739405" lon="7.8017">
        <ele>1895</ele>
        <extensions>
          <distance>31180</distance>
        </extensions>
      </trkpt>
      <trkpt lat="45.739527499999994" lon="7.8016000000000005">
        <ele>1894</ele>
        <extensions>
          <distance>31196</distance>
        </extensions>
      </trkpt>
      <trkpt lat="45.73965" lon="7.8015">
        <ele>1894</ele>
        <extensions>
          <distance>31211</distance>
        </extensions>
      </trkpt>
      <trkpt lat="45.739689999999996" lon="7.801175">
        <ele>1893</ele>
        <extensions>
          <distance>31237</distance>
        </extensions>
      </trkpt>
      <trkpt lat="45.73973" lon="7.80085">
        <ele>1892</ele>
        <extensions>
          <distance>31263</distance>
        </extensions>
      </trkpt>
      <trkpt lat="45.7397" lon="7.8006125">
        <ele>1891</ele>
        <extensions>
          <distance>31281</distance>
        </extensions>
      </trkpt>
      <trkpt lat="45.739670000000004" lon="7.800375">
        <ele>1891</ele>
        <extensions>
          <distance>31300</distance>
        </extensions>
      </trkpt>
      <trkpt lat="45.73964" lon="7.8001375">
        <ele>1889</ele>
        <extensions>
          <distance>31319</distance>
        </extensions>
      </trkpt>
      <trkpt lat="45.73961" lon="7.7999">
        <ele>1885</ele>
        <extensions>
          <distance>31338</distance>
        </extensions>
      </trkpt>
      <trkpt lat="45.73968" lon="7.79956">
        <ele>1882</ele>
        <extensions>
          <distance>31366</distance>
        </extensions>
      </trkpt>
      <trkpt lat="45.739765" lon="7.79937">
        <ele>1882</ele>
        <extensions>
          <distance>31384</distance>
        </extensions>
      </trkpt>
      <trkpt lat="45.73985" lon="7.79918">
        <ele>1882</ele>
        <extensions>
          <distance>31401</distance>
        </extensions>
      </trkpt>
      <trkpt lat="45.7399" lon="7.79933">
        <ele>1880</ele>
        <extensions>
          <distance>31414</distance>
        </extensions>
      </trkpt>
      <trkpt lat="45.739999999999995" lon="7.799155000000001">
        <ele>1882</ele>
        <extensions>
          <distance>31432</distance>
        </extensions>
      </trkpt>
      <trkpt lat="45.7401" lon="7.79898">
        <ele>1884</ele>
        <extensions>
          <distance>31449</distance>
        </extensions>
      </trkpt>
      <trkpt lat="45.73996" lon="7.79875">
        <ele>1887</ele>
        <extensions>
          <distance>31473</distance>
        </extensions>
      </trkpt>
      <trkpt lat="45.74005" lon="7.7984925">
        <ele>1888</ele>
        <extensions>
          <distance>31495</distance>
        </extensions>
      </trkpt>
      <trkpt lat="45.74014" lon="7.798235">
        <ele>1888</ele>
        <extensions>
          <distance>31518</distance>
        </extensions>
      </trkpt>
      <trkpt lat="45.74023" lon="7.7979775">
        <ele>1888</ele>
        <extensions>
          <distance>31540</distance>
        </extensions>
      </trkpt>
      <trkpt lat="45.74032" lon="7.79772">
        <ele>1888</ele>
        <extensions>
          <distance>31563</distance>
        </extensions>
      </trkpt>
      <trkpt lat="45.740444999999994" lon="7.797515000000001">
        <ele>1888</ele>
        <extensions>
          <distance>31584</distance>
        </extensions>
      </trkpt>
      <trkpt lat="45.74057" lon="7.79731">
        <ele>1887</ele>
        <extensions>
          <distance>31605</distance>
        </extensions>
      </trkpt>
      <trkpt lat="45.740475" lon="7.79713">
        <ele>1881</ele>
        <extensions>
          <distance>31623</distance>
        </extensions>
      </trkpt>
      <trkpt lat="45.74038" lon="7.79695">
        <ele>1875</ele>
        <extensions>
          <distance>31641</distance>
        </extensions>
      </trkpt>
      <trkpt lat="45.7402275" lon="7.7969349999999995">
        <ele>1872</ele>
        <extensions>
          <distance>31658</distance>
        </extensions>
      </trkpt>
      <trkpt lat="45.740075000000004" lon="7.79692">
        <ele>1869</ele>
        <extensions>
          <distance>31676</distance>
        </extensions>
      </trkpt>
      <trkpt lat="45.739922500000006" lon="7.796905000000001">
        <ele>1864</ele>
        <extensions>
          <distance>31693</distance>
        </extensions>
      </trkpt>
      <trkpt lat="45.73977" lon="7.79689">
        <ele>1858</ele>
        <extensions>
          <distance>31711</distance>
        </extensions>
      </trkpt>
      <trkpt lat="45.739785" lon="7.79668">
        <ele>1857</ele>
        <extensions>
          <distance>31728</distance>
        </extensions>
      </trkpt>
      <trkpt lat="45.7398" lon="7.79647">
        <ele>1856</ele>
        <extensions>
          <distance>31744</distance>
        </extensions>
      </trkpt>
      <trkpt lat="45.73971" lon="7.79615">
        <ele>1850</ele>
        <extensions>
          <distance>31772</distance>
        </extensions>
      </trkpt>
      <trkpt lat="45.73962" lon="7.79583">
        <ele>1844</ele>
        <extensions>
          <distance>31799</distance>
        </extensions>
      </trkpt>
      <trkpt lat="45.739630000000005" lon="7.79561">
        <ele>1842</ele>
        <extensions>
          <distance>31816</distance>
        </extensions>
      </trkpt>
      <trkpt lat="45.73964" lon="7.795389999999999">
        <ele>1840</ele>
        <extensions>
          <distance>31834</distance>
        </extensions>
      </trkpt>
      <trkpt lat="45.73965" lon="7.79517">
        <ele>1838</ele>
        <extensions>
          <distance>31851</distance>
        </extensions>
      </trkpt>
      <trkpt lat="45.73966" lon="7.79495">
        <ele>1836</ele>
        <extensions>
          <distance>31868</distance>
        </extensions>
      </trkpt>
      <trkpt lat="45.739595" lon="7.79465">
        <ele>1832</ele>
        <extensions>
          <distance>31893</distance>
        </extensions>
      </trkpt>
      <trkpt lat="45.73953" lon="7.79435">
        <ele>1828</ele>
        <extensions>
          <distance>31918</distance>
        </extensions>
      </trkpt>
      <trkpt lat="45.73952" lon="7.794005">
        <ele>1823</ele>
        <extensions>
          <distance>31945</distance>
        </extensions>
      </trkpt>
      <trkpt lat="45.73951" lon="7.79366">
        <ele>1818</ele>
        <extensions>
          <distance>31972</distance>
        </extensions>
      </trkpt>
      <trkpt lat="45.739415" lon="7.793315">
        <ele>1807</ele>
        <extensions>
          <distance>32003</distance>
        </extensions>
      </trkpt>
      <trkpt lat="45.73932" lon="7.79297">
        <ele>1803</ele>
        <extensions>
          <distance>32032</distance>
        </extensions>
      </trkpt>
      <trkpt lat="45.739445" lon="7.792835">
        <ele>1803</ele>
        <extensions>
          <distance>32050</distance>
        </extensions>
      </trkpt>
      <trkpt lat="45.73957" lon="7.7927">
        <ele>1803</ele>
        <extensions>
          <distance>32067</distance>
        </extensions>
      </trkpt>
      <trkpt lat="45.739695" lon="7.792565">
        <ele>1801</ele>
        <extensions>
          <distance>32085</distance>
        </extensions>
      </trkpt>
      <trkpt lat="45.73982" lon="7.79243">
        <ele>1801</ele>
        <extensions>
          <distance>32102</distance>
        </extensions>
      </trkpt>
      <trkpt lat="45.73990500000001" lon="7.79209">
        <ele>1801</ele>
        <extensions>
          <distance>32130</distance>
        </extensions>
      </trkpt>
      <trkpt lat="45.739990000000006" lon="7.79175">
        <ele>1798</ele>
        <extensions>
          <distance>32158</distance>
        </extensions>
      </trkpt>
      <trkpt lat="45.740075000000004" lon="7.791410000000001">
        <ele>1792</ele>
        <extensions>
          <distance>32187</distance>
        </extensions>
      </trkpt>
      <trkpt lat="45.74016" lon="7.79107">
        <ele>1787</ele>
        <extensions>
          <distance>32216</distance>
        </extensions>
      </trkpt>
      <trkpt lat="45.740145" lon="7.790875">
        <ele>1782</ele>
        <extensions>
          <distance>32232</distance>
        </extensions>
      </trkpt>
      <trkpt lat="45.74013" lon="7.79068">
        <ele>1778</ele>
        <extensions>
          <distance>32247</distance>
        </extensions>
      </trkpt>
      <trkpt lat="45.740195" lon="7.7904625">
        <ele>1778</ele>
        <extensions>
          <distance>32266</distance>
        </extensions>
      </trkpt>
      <trkpt lat="45.74026" lon="7.7902450000000005">
        <ele>1777</ele>
        <extensions>
          <distance>32284</distance>
        </extensions>
      </trkpt>
      <trkpt lat="45.740325" lon="7.790027500000001">
        <ele>1776</ele>
        <extensions>
          <distance>32303</distance>
        </extensions>
      </trkpt>
      <trkpt lat="45.74039" lon="7.78981">
        <ele>1773</ele>
        <extensions>
          <distance>32321</distance>
        </extensions>
      </trkpt>
      <trkpt lat="45.74031" lon="7.78954">
        <ele>1767</ele>
        <extensions>
          <distance>32345</distance>
        </extensions>
      </trkpt>
      <trkpt lat="45.740175" lon="7.789384999999999">
        <ele>1762</ele>
        <extensions>
          <distance>32365</distance>
        </extensions>
      </trkpt>
      <trkpt lat="45.74004" lon="7.78923">
        <ele>1757</ele>
        <extensions>
          <distance>32385</distance>
        </extensions>
      </trkpt>
      <trkpt lat="45.7399025" lon="7.7892075">
        <ele>1754</ele>
        <extensions>
          <distance>32400</distance>
        </extensions>
      </trkpt>
      <trkpt lat="45.739765000000006" lon="7.789185">
        <ele>1753</ele>
        <extensions>
          <distance>32416</distance>
        </extensions>
      </trkpt>
      <trkpt lat="45.739627500000005" lon="7.7891625">
        <ele>1753</ele>
        <extensions>
          <distance>32431</distance>
        </extensions>
      </trkpt>
      <trkpt lat="45.73949" lon="7.78914">
        <ele>1753</ele>
        <extensions>
          <distance>32446</distance>
        </extensions>
      </trkpt>
      <trkpt lat="45.73947" lon="7.78887">
        <ele>1753</ele>
        <extensions>
          <distance>32468</distance>
        </extensions>
      </trkpt>
      <trkpt lat="45.739572499999994" lon="7.7887325">
        <ele>1754</ele>
        <extensions>
          <distance>32483</distance>
        </extensions>
      </trkpt>
      <trkpt lat="45.739675" lon="7.788595">
        <ele>1755</ele>
        <extensions>
          <distance>32499</distance>
        </extensions>
      </trkpt>
      <trkpt lat="45.7397775" lon="7.7884575">
        <ele>1756</ele>
        <extensions>
          <distance>32514</distance>
        </extensions>
      </trkpt>
      <trkpt lat="45.73988" lon="7.78832">
        <ele>1756</ele>
        <extensions>
          <distance>32530</distance>
        </extensions>
      </trkpt>
      <trkpt lat="45.74011" lon="7.7881275">
        <ele>1756</ele>
        <extensions>
          <distance>32560</distance>
        </extensions>
      </trkpt>
      <trkpt lat="45.74034" lon="7.787935">
        <ele>1756</ele>
        <extensions>
          <distance>32589</distance>
        </extensions>
      </trkpt>
      <trkpt lat="45.740570000000005" lon="7.7877425">
        <ele>1756</ele>
        <extensions>
          <distance>32619</distance>
        </extensions>
      </trkpt>
      <trkpt lat="45.7408" lon="7.78755">
        <ele>1756</ele>
        <extensions>
          <distance>32649</distance>
        </extensions>
      </trkpt>
      <trkpt lat="45.74095" lon="7.78746625">
        <ele>1756</ele>
        <extensions>
          <distance>32667</distance>
        </extensions>
      </trkpt>
      <trkpt lat="45.7411" lon="7.7873825">
        <ele>1755</ele>
        <extensions>
          <distance>32684</distance>
        </extensions>
      </trkpt>
      <trkpt lat="45.74125" lon="7.78729875">
        <ele>1755</ele>
        <extensions>
          <distance>32702</distance>
        </extensions>
      </trkpt>
      <trkpt lat="45.7414" lon="7.787215">
        <ele>1755</ele>
        <extensions>
          <distance>32720</distance>
        </extensions>
      </trkpt>
      <trkpt lat="45.74155" lon="7.78713125">
        <ele>1752</ele>
        <extensions>
          <distance>32738</distance>
        </extensions>
      </trkpt>
      <trkpt lat="45.741699999999994" lon="7.7870475">
        <ele>1749</ele>
        <extensions>
          <distance>32756</distance>
        </extensions>
      </trkpt>
      <trkpt lat="45.74185" lon="7.78696375">
        <ele>1748</ele>
        <extensions>
          <distance>32774</distance>
        </extensions>
      </trkpt>
      <trkpt lat="45.742" lon="7.78688">
        <ele>1747</ele>
        <extensions>
          <distance>32792</distance>
        </extensions>
      </trkpt>
      <trkpt lat="45.74217" lon="7.78667">
        <ele>1745</ele>
        <extensions>
          <distance>32817</distance>
        </extensions>
      </trkpt>
      <trkpt lat="45.74234" lon="7.78646">
        <ele>1744</ele>
        <extensions>
          <distance>32842</distance>
        </extensions>
      </trkpt>
      <trkpt lat="45.742525" lon="7.78647">
        <ele>1743</ele>
        <extensions>
          <distance>32863</distance>
        </extensions>
      </trkpt>
      <trkpt lat="45.74271" lon="7.78648">
        <ele>1738</ele>
        <extensions>
          <distance>32884</distance>
        </extensions>
      </trkpt>
      <trkpt lat="45.742955" lon="7.7863325">
        <ele>1734</ele>
        <extensions>
          <distance>32913</distance>
        </extensions>
      </trkpt>
      <trkpt lat="45.7432" lon="7.786185">
        <ele>1731</ele>
        <extensions>
          <distance>32943</distance>
        </extensions>
      </trkpt>
      <trkpt lat="45.743445" lon="7.7860375">
        <ele>1723</ele>
        <extensions>
          <distance>32974</distance>
        </extensions>
      </trkpt>
      <trkpt lat="45.74369" lon="7.78589">
        <ele>1721</ele>
        <extensions>
          <distance>33003</distance>
        </extensions>
      </trkpt>
      <trkpt lat="45.743705000000006" lon="7.7856749999999995">
        <ele>1721</ele>
        <extensions>
          <distance>33020</distance>
        </extensions>
      </trkpt>
      <trkpt lat="45.74372" lon="7.78546">
        <ele>1718</ele>
        <extensions>
          <distance>33037</distance>
        </extensions>
      </trkpt>
      <trkpt lat="45.743615000000005" lon="7.785254999999999">
        <ele>1716</ele>
        <extensions>
          <distance>33057</distance>
        </extensions>
      </trkpt>
      <trkpt lat="45.74351" lon="7.78505">
        <ele>1716</ele>
        <extensions>
          <distance>33077</distance>
        </extensions>
      </trkpt>
      <trkpt lat="45.74347" lon="7.78474">
        <ele>1716</ele>
        <extensions>
          <distance>33101</distance>
        </extensions>
      </trkpt>
      <trkpt lat="45.7435375" lon="7.7844549999999995">
        <ele>1712</ele>
        <extensions>
          <distance>33125</distance>
        </extensions>
      </trkpt>
      <trkpt lat="45.743605" lon="7.78417">
        <ele>1709</ele>
        <extensions>
          <distance>33148</distance>
        </extensions>
      </trkpt>
      <trkpt lat="45.7436725" lon="7.783885">
        <ele>1709</ele>
        <extensions>
          <distance>33172</distance>
        </extensions>
      </trkpt>
      <trkpt lat="45.74374" lon="7.7836">
        <ele>1709</ele>
        <extensions>
          <distance>33195</distance>
        </extensions>
      </trkpt>
      <trkpt lat="45.743840000000006" lon="7.78336">
        <ele>1708</ele>
        <extensions>
          <distance>33217</distance>
        </extensions>
      </trkpt>
      <trkpt lat="45.74394" lon="7.78312">
        <ele>1707</ele>
        <extensions>
          <distance>33239</distance>
        </extensions>
      </trkpt>
      <trkpt lat="45.744172500000005" lon="7.78308">
        <ele>1707</ele>
        <extensions>
          <distance>33265</distance>
        </extensions>
      </trkpt>
      <trkpt lat="45.744405" lon="7.78304">
        <ele>1706</ele>
        <extensions>
          <distance>33291</distance>
        </extensions>
      </trkpt>
      <trkpt lat="45.744637499999996" lon="7.7829999999999995">
        <ele>1705</ele>
        <extensions>
          <distance>33317</distance>
        </extensions>
      </trkpt>
      <trkpt lat="45.74487" lon="7.78296">
        <ele>1705</ele>
        <extensions>
          <distance>33343</distance>
        </extensions>
      </trkpt>
      <trkpt lat="45.744947499999995" lon="7.7827975">
        <ele>1705</ele>
        <extensions>
          <distance>33358</distance>
        </extensions>
      </trkpt>
      <trkpt lat="45.745025" lon="7.782635">
        <ele>1703</ele>
        <extensions>
          <distance>33373</distance>
        </extensions>
      </trkpt>
      <trkpt lat="45.7451025" lon="7.7824725">
        <ele>1703</ele>
        <extensions>
          <distance>33389</distance>
        </extensions>
      </trkpt>
      <trkpt lat="45.74518" lon="7.78231">
        <ele>1703</ele>
        <extensions>
          <distance>33404</distance>
        </extensions>
      </trkpt>
      <trkpt lat="45.74534375" lon="7.782245">
        <ele>1703</ele>
        <extensions>
          <distance>33423</distance>
        </extensions>
      </trkpt>
      <trkpt lat="45.7455075" lon="7.78218">
        <ele>1699</ele>
        <extensions>
          <distance>33442</distance>
        </extensions>
      </trkpt>
      <trkpt lat="45.74567125" lon="7.782115">
        <ele>1696</ele>
        <extensions>
          <distance>33461</distance>
        </extensions>
      </trkpt>
      <trkpt lat="45.745835" lon="7.78205">
        <ele>1694</ele>
        <extensions>
          <distance>33480</distance>
        </extensions>
      </trkpt>
      <trkpt lat="45.74599875" lon="7.781985">
        <ele>1690</ele>
        <extensions>
          <distance>33499</distance>
        </extensions>
      </trkpt>
      <trkpt lat="45.7461625" lon="7.7819199999999995">
        <ele>1686</ele>
        <extensions>
          <distance>33519</distance>
        </extensions>
      </trkpt>
      <trkpt lat="45.746326249999996" lon="7.781855">
        <ele>1683</ele>
        <extensions>
          <distance>33538</distance>
        </extensions>
      </trkpt>
      <trkpt lat="45.74649" lon="7.78179">
        <ele>1683</ele>
        <extensions>
          <distance>33557</distance>
        </extensions>
      </trkpt>
      <trkpt lat="45.7466" lon="7.781665">
        <ele>1683</ele>
        <extensions>
          <distance>33572</distance>
        </extensions>
      </trkpt>
      <trkpt lat="45.74671" lon="7.78154">
        <ele>1682</ele>
        <extensions>
          <distance>33588</distance>
        </extensions>
      </trkpt>
      <trkpt lat="45.74682" lon="7.781415">
        <ele>1681</ele>
        <extensions>
          <distance>33603</distance>
        </extensions>
      </trkpt>
      <trkpt lat="45.74693" lon="7.78129">
        <ele>1681</ele>
        <extensions>
          <distance>33619</distance>
        </extensions>
      </trkpt>
      <trkpt lat="45.74716" lon="7.781175">
        <ele>1670</ele>
        <extensions>
          <distance>33647</distance>
        </extensions>
      </trkpt>
      <trkpt lat="45.74739" lon="7.78106">
        <ele>1663</ele>
        <extensions>
          <distance>33675</distance>
        </extensions>
      </trkpt>
      <trkpt lat="45.747535" lon="7.780835">
        <ele>1660</ele>
        <extensions>
          <distance>33699</distance>
        </extensions>
      </trkpt>
      <trkpt lat="45.74768" lon="7.78061">
        <ele>1659</ele>
        <extensions>
          <distance>33723</distance>
        </extensions>
      </trkpt>
      <trkpt lat="45.747600000000006" lon="7.78045">
        <ele>1659</ele>
        <extensions>
          <distance>33738</distance>
        </extensions>
      </trkpt>
      <trkpt lat="45.74752" lon="7.78029">
        <ele>1659</ele>
        <extensions>
          <distance>33753</distance>
        </extensions>
      </trkpt>
      <trkpt lat="45.74744" lon="7.78013">
        <ele>1657</ele>
        <extensions>
          <distance>33769</distance>
        </extensions>
      </trkpt>
      <trkpt lat="45.74736" lon="7.77997">
        <ele>1657</ele>
        <extensions>
          <distance>33784</distance>
        </extensions>
      </trkpt>
      <trkpt lat="45.74743" lon="7.779615">
        <ele>1651</ele>
        <extensions>
          <distance>33813</distance>
        </extensions>
      </trkpt>
      <trkpt lat="45.7475" lon="7.77926">
        <ele>1648</ele>
        <extensions>
          <distance>33842</distance>
        </extensions>
      </trkpt>
      <trkpt lat="45.747614999999996" lon="7.77905">
        <ele>1646</ele>
        <extensions>
          <distance>33863</distance>
        </extensions>
      </trkpt>
      <trkpt lat="45.74773" lon="7.77884">
        <ele>1643</ele>
        <extensions>
          <distance>33884</distance>
        </extensions>
      </trkpt>
      <trkpt lat="45.74778" lon="7.778535">
        <ele>1643</ele>
        <extensions>
          <distance>33908</distance>
        </extensions>
      </trkpt>
      <trkpt lat="45.74783" lon="7.77823">
        <ele>1641</ele>
        <extensions>
          <distance>33932</distance>
        </extensions>
      </trkpt>
      <trkpt lat="45.747992499999995" lon="7.778029999999999">
        <ele>1636</ele>
        <extensions>
          <distance>33957</distance>
        </extensions>
      </trkpt>
      <trkpt lat="45.748155" lon="7.77783">
        <ele>1633</ele>
        <extensions>
          <distance>33981</distance>
        </extensions>
      </trkpt>
      <trkpt lat="45.7483175" lon="7.77763">
        <ele>1630</ele>
        <extensions>
          <distance>34005</distance>
        </extensions>
      </trkpt>
      <trkpt lat="45.74848" lon="7.77743">
        <ele>1626</ele>
        <extensions>
          <distance>34029</distance>
        </extensions>
      </trkpt>
      <trkpt lat="45.7486425" lon="7.77716">
        <ele>1622</ele>
        <extensions>
          <distance>34057</distance>
        </extensions>
      </trkpt>
      <trkpt lat="45.748805000000004" lon="7.77689">
        <ele>1620</ele>
        <extensions>
          <distance>34085</distance>
        </extensions>
      </trkpt>
      <trkpt lat="45.748967500000006" lon="7.776619999999999">
        <ele>1616</ele>
        <extensions>
          <distance>34113</distance>
        </extensions>
      </trkpt>
      <trkpt lat="45.74913" lon="7.77635">
        <ele>1612</ele>
        <extensions>
          <distance>34141</distance>
        </extensions>
      </trkpt>
      <trkpt lat="45.749359999999996" lon="7.7761949999999995">
        <ele>1607</ele>
        <extensions>
          <distance>34169</distance>
        </extensions>
      </trkpt>
      <trkpt lat="45.74959" lon="7.77604">
        <ele>1601</ele>
        <extensions>
          <distance>34198</distance>
        </extensions>
      </trkpt>
      <trkpt lat="45.74977" lon="7.77623">
        <ele>1597</ele>
        <extensions>
          <distance>34223</distance>
        </extensions>
      </trkpt>
      <trkpt lat="45.74991" lon="7.7761">
        <ele>1592</ele>
        <extensions>
          <distance>34243</distance>
        </extensions>
      </trkpt>
      <trkpt lat="45.749935" lon="7.7759025">
        <ele>1591</ele>
        <extensions>
          <distance>34258</distance>
        </extensions>
      </trkpt>
      <trkpt lat="45.74996" lon="7.775705">
        <ele>1590</ele>
        <extensions>
          <distance>34274</distance>
        </extensions>
      </trkpt>
      <trkpt lat="45.749985" lon="7.7755075">
        <ele>1589</ele>
        <extensions>
          <distance>34290</distance>
        </extensions>
      </trkpt>
      <trkpt lat="45.75001" lon="7.77531">
        <ele>1588</ele>
        <extensions>
          <distance>34305</distance>
        </extensions>
      </trkpt>
      <trkpt lat="45.750082500000005" lon="7.7750775">
        <ele>1585</ele>
        <extensions>
          <distance>34325</distance>
        </extensions>
      </trkpt>
      <trkpt lat="45.75015500000001" lon="7.774845">
        <ele>1580</ele>
        <extensions>
          <distance>34346</distance>
        </extensions>
      </trkpt>
      <trkpt lat="45.75022750000001" lon="7.7746125">
        <ele>1574</ele>
        <extensions>
          <distance>34366</distance>
        </extensions>
      </trkpt>
      <trkpt lat="45.7503" lon="7.77438">
        <ele>1570</ele>
        <extensions>
          <distance>34387</distance>
        </extensions>
      </trkpt>
      <trkpt lat="45.75041625" lon="7.774215">
        <ele>1565</ele>
        <extensions>
          <distance>34405</distance>
        </extensions>
      </trkpt>
      <trkpt lat="45.750532500000006" lon="7.77405">
        <ele>1562</ele>
        <extensions>
          <distance>34424</distance>
        </extensions>
      </trkpt>
      <trkpt lat="45.75064875" lon="7.773885">
        <ele>1557</ele>
        <extensions>
          <distance>34443</distance>
        </extensions>
      </trkpt>
      <trkpt lat="45.750765" lon="7.77372">
        <ele>1554</ele>
        <extensions>
          <distance>34461</distance>
        </extensions>
      </trkpt>
      <trkpt lat="45.75088125" lon="7.773555">
        <ele>1551</ele>
        <extensions>
          <distance>34480</distance>
        </extensions>
      </trkpt>
      <trkpt lat="45.7509975" lon="7.77339">
        <ele>1547</ele>
        <extensions>
          <distance>34498</distance>
        </extensions>
      </trkpt>
      <trkpt lat="45.75111375" lon="7.773225">
        <ele>1544</ele>
        <extensions>
          <distance>34517</distance>
        </extensions>
      </trkpt>
      <trkpt lat="45.75123" lon="7.77306">
        <ele>1540</ele>
        <extensions>
          <distance>34535</distance>
        </extensions>
      </trkpt>
      <trkpt lat="45.75129" lon="7.77281">
        <ele>1539</ele>
        <extensions>
          <distance>34556</distance>
        </extensions>
      </trkpt>
      <trkpt lat="45.75135" lon="7.77256">
        <ele>1536</ele>
        <extensions>
          <distance>34577</distance>
        </extensions>
      </trkpt>
      <trkpt lat="45.75147" lon="7.772325">
        <ele>1532</ele>
        <extensions>
          <distance>34600</distance>
        </extensions>
      </trkpt>
      <trkpt lat="45.75159" lon="7.77209">
        <ele>1526</ele>
        <extensions>
          <distance>34623</distance>
        </extensions>
      </trkpt>
      <trkpt lat="45.751599999999996" lon="7.771865">
        <ele>1524</ele>
        <extensions>
          <distance>34641</distance>
        </extensions>
      </trkpt>
      <trkpt lat="45.75161" lon="7.77164">
        <ele>1521</ele>
        <extensions>
          <distance>34659</distance>
        </extensions>
      </trkpt>
      <trkpt lat="45.75176" lon="7.77149">
        <ele>1515</ele>
        <extensions>
          <distance>34680</distance>
        </extensions>
      </trkpt>
      <trkpt lat="45.751895" lon="7.77151">
        <ele>1513</ele>
        <extensions>
          <distance>34695</distance>
        </extensions>
      </trkpt>
      <trkpt lat="45.75203" lon="7.77153">
        <ele>1513</ele>
        <extensions>
          <distance>34710</distance>
        </extensions>
      </trkpt>
      <trkpt lat="45.75213" lon="7.77135">
        <ele>1513</ele>
        <extensions>
          <distance>34728</distance>
        </extensions>
      </trkpt>
      <trkpt lat="45.752155" lon="7.771125">
        <ele>1512</ele>
        <extensions>
          <distance>34746</distance>
        </extensions>
      </trkpt>
      <trkpt lat="45.752179999999996" lon="7.7709">
        <ele>1511</ele>
        <extensions>
          <distance>34763</distance>
        </extensions>
      </trkpt>
      <trkpt lat="45.752205" lon="7.770675000000001">
        <ele>1510</ele>
        <extensions>
          <distance>34781</distance>
        </extensions>
      </trkpt>
      <trkpt lat="45.75223" lon="7.77045">
        <ele>1508</ele>
        <extensions>
          <distance>34799</distance>
        </extensions>
      </trkpt>
      <trkpt lat="45.75221125" lon="7.770185">
        <ele>1507</ele>
        <extensions>
          <distance>34820</distance>
        </extensions>
      </trkpt>
      <trkpt lat="45.7521925" lon="7.76992">
        <ele>1505</ele>
        <extensions>
          <distance>34841</distance>
        </extensions>
      </trkpt>
      <trkpt lat="45.75217375" lon="7.769655">
        <ele>1505</ele>
        <extensions>
          <distance>34861</distance>
        </extensions>
      </trkpt>
      <trkpt lat="45.752155" lon="7.76939">
        <ele>1505</ele>
        <extensions>
          <distance>34882</distance>
        </extensions>
      </trkpt>
      <trkpt lat="45.75213625" lon="7.769125">
        <ele>1504</ele>
        <extensions>
          <distance>34903</distance>
        </extensions>
      </trkpt>
      <trkpt lat="45.7521175" lon="7.76886">
        <ele>1502</ele>
        <extensions>
          <distance>34924</distance>
        </extensions>
      </trkpt>
      <trkpt lat="45.75209875" lon="7.7685949999999995">
        <ele>1501</ele>
        <extensions>
          <distance>34944</distance>
        </extensions>
      </trkpt>
      <trkpt lat="45.75208" lon="7.76833">
        <ele>1500</ele>
        <extensions>
          <distance>34965</distance>
        </extensions>
      </trkpt>
      <trkpt lat="45.752089999999995" lon="7.7680825">
        <ele>1500</ele>
        <extensions>
          <distance>34984</distance>
        </extensions>
      </trkpt>
      <trkpt lat="45.7521" lon="7.767835">
        <ele>1500</ele>
        <extensions>
          <distance>35004</distance>
        </extensions>
      </trkpt>
      <trkpt lat="45.75211" lon="7.767587499999999">
        <ele>1500</ele>
        <extensions>
          <distance>35023</distance>
        </extensions>
      </trkpt>
      <trkpt lat="45.75212" lon="7.76734">
        <ele>1499</ele>
        <extensions>
          <distance>35042</distance>
        </extensions>
      </trkpt>
      <trkpt lat="45.75205749999999" lon="7.766975">
        <ele>1499</ele>
        <extensions>
          <distance>35071</distance>
        </extensions>
      </trkpt>
      <trkpt lat="45.751994999999994" lon="7.76661">
        <ele>1499</ele>
        <extensions>
          <distance>35101</distance>
        </extensions>
      </trkpt>
      <trkpt lat="45.751932499999995" lon="7.766245">
        <ele>1495</ele>
        <extensions>
          <distance>35130</distance>
        </extensions>
      </trkpt>
      <trkpt lat="45.75187" lon="7.76588">
        <ele>1494</ele>
        <extensions>
          <distance>35159</distance>
        </extensions>
      </trkpt>
      <trkpt lat="45.7518075" lon="7.765515000000001">
        <ele>1491</ele>
        <extensions>
          <distance>35189</distance>
        </extensions>
      </trkpt>
      <trkpt lat="45.751745" lon="7.76515">
        <ele>1488</ele>
        <extensions>
          <distance>35218</distance>
        </extensions>
      </trkpt>
      <trkpt lat="45.7516825" lon="7.764785">
        <ele>1488</ele>
        <extensions>
          <distance>35247</distance>
        </extensions>
      </trkpt>
      <trkpt lat="45.75162" lon="7.76442">
        <ele>1486</ele>
        <extensions>
          <distance>35276</distance>
        </extensions>
      </trkpt>
      <trkpt lat="45.75147" lon="7.764315">
        <ele>1482</ele>
        <extensions>
          <distance>35295</distance>
        </extensions>
      </trkpt>
      <trkpt lat="45.75132" lon="7.76421">
        <ele>1477</ele>
        <extensions>
          <distance>35314</distance>
        </extensions>
      </trkpt>
      <trkpt lat="45.75117" lon="7.764105000000001">
        <ele>1475</ele>
        <extensions>
          <distance>35333</distance>
        </extensions>
      </trkpt>
      <trkpt lat="45.75102" lon="7.764">
        <ele>1474</ele>
        <extensions>
          <distance>35352</distance>
        </extensions>
      </trkpt>
      <trkpt lat="45.7508425" lon="7.7640125">
        <ele>1470</ele>
        <extensions>
          <distance>35372</distance>
        </extensions>
      </trkpt>
      <trkpt lat="45.750665" lon="7.764025">
        <ele>1468</ele>
        <extensions>
          <distance>35392</distance>
        </extensions>
      </trkpt>
      <trkpt lat="45.7504875" lon="7.764037500000001">
        <ele>1468</ele>
        <extensions>
          <distance>35411</distance>
        </extensions>
      </trkpt>
      <trkpt lat="45.75031" lon="7.76405">
        <ele>1467</ele>
        <extensions>
          <distance>35431</distance>
        </extensions>
      </trkpt>
      <trkpt lat="45.75016" lon="7.763975">
        <ele>1466</ele>
        <extensions>
          <distance>35449</distance>
        </extensions>
      </trkpt>
      <trkpt lat="45.75001" lon="7.7639">
        <ele>1466</ele>
        <extensions>
          <distance>35467</distance>
        </extensions>
      </trkpt>
      <trkpt lat="45.74986" lon="7.763825">
        <ele>1465</ele>
        <extensions>
          <distance>35484</distance>
        </extensions>
      </trkpt>
      <trkpt lat="45.74971" lon="7.76375">
        <ele>1464</ele>
        <extensions>
          <distance>35502</distance>
        </extensions>
      </trkpt>
      <trkpt lat="45.74956" lon="7.763675">
        <ele>1460</ele>
        <extensions>
          <distance>35520</distance>
        </extensions>
      </trkpt>
      <trkpt lat="45.74941" lon="7.7636">
        <ele>1456</ele>
        <extensions>
          <distance>35538</distance>
        </extensions>
      </trkpt>
      <trkpt lat="45.74926" lon="7.763525">
        <ele>1453</ele>
        <extensions>
          <distance>35556</distance>
        </extensions>
      </trkpt>
      <trkpt lat="45.74911" lon="7.76345">
        <ele>1448</ele>
        <extensions>
          <distance>35574</distance>
        </extensions>
      </trkpt>
      <trkpt lat="45.7489925" lon="7.763327499999999">
        <ele>1448</ele>
        <extensions>
          <distance>35591</distance>
        </extensions>
      </trkpt>
      <trkpt lat="45.748875" lon="7.763204999999999">
        <ele>1448</ele>
        <extensions>
          <distance>35607</distance>
        </extensions>
      </trkpt>
      <trkpt lat="45.748757499999996" lon="7.763082499999999">
        <ele>1448</ele>
        <extensions>
          <distance>35623</distance>
        </extensions>
      </trkpt>
      <trkpt lat="45.74864" lon="7.76296">
        <ele>1448</ele>
        <extensions>
          <distance>35639</distance>
        </extensions>
      </trkpt>
      <trkpt lat="45.748523750000004" lon="7.762795">
        <ele>1448</ele>
        <extensions>
          <distance>35657</distance>
        </extensions>
      </trkpt>
      <trkpt lat="45.7484075" lon="7.76263">
        <ele>1448</ele>
        <extensions>
          <distance>35676</distance>
        </extensions>
      </trkpt>
      <trkpt lat="45.74829125" lon="7.762465">
        <ele>1448</ele>
        <extensions>
          <distance>35694</distance>
        </extensions>
      </trkpt>
      <trkpt lat="45.748175" lon="7.7623">
        <ele>1444</ele>
        <extensions>
          <distance>35712</distance>
        </extensions>
      </trkpt>
      <trkpt lat="45.74805875" lon="7.762135">
        <ele>1441</ele>
        <extensions>
          <distance>35730</distance>
        </extensions>
      </trkpt>
      <trkpt lat="45.7479425" lon="7.76197">
        <ele>1439</ele>
        <extensions>
          <distance>35749</distance>
        </extensions>
      </trkpt>
      <trkpt lat="45.74782625" lon="7.761805">
        <ele>1439</ele>
        <extensions>
          <distance>35767</distance>
        </extensions>
      </trkpt>
      <trkpt lat="45.74771" lon="7.76164">
        <ele>1438</ele>
        <extensions>
          <distance>35785</distance>
        </extensions>
      </trkpt>
      <trkpt lat="45.747479999999996" lon="7.76149625">
        <ele>1434</ele>
        <extensions>
          <distance>35813</distance>
        </extensions>
      </trkpt>
      <trkpt lat="45.747249999999994" lon="7.7613525">
        <ele>1429</ele>
        <extensions>
          <distance>35842</distance>
        </extensions>
      </trkpt>
      <trkpt lat="45.74701999999999" lon="7.76120875">
        <ele>1425</ele>
        <extensions>
          <distance>35870</distance>
        </extensions>
      </trkpt>
      <trkpt lat="45.74679" lon="7.761065">
        <ele>1419</ele>
        <extensions>
          <distance>35898</distance>
        </extensions>
      </trkpt>
      <trkpt lat="45.74656" lon="7.76092125">
        <ele>1412</ele>
        <extensions>
          <distance>35927</distance>
        </extensions>
      </trkpt>
      <trkpt lat="45.74633" lon="7.7607775">
        <ele>1406</ele>
        <extensions>
          <distance>35956</distance>
        </extensions>
      </trkpt>
      <trkpt lat="45.7461" lon="7.76063375">
        <ele>1402</ele>
        <extensions>
          <distance>35984</distance>
        </extensions>
      </trkpt>
      <trkpt lat="45.74587" lon="7.76049">
        <ele>1401</ele>
        <extensions>
          <distance>36012</distance>
        </extensions>
      </trkpt>
      <trkpt lat="45.7457275" lon="7.760365">
        <ele>1400</ele>
        <extensions>
          <distance>36030</distance>
        </extensions>
      </trkpt>
      <trkpt lat="45.745585" lon="7.76024">
        <ele>1399</ele>
        <extensions>
          <distance>36049</distance>
        </extensions>
      </trkpt>
      <trkpt lat="45.745442499999996" lon="7.760115">
        <ele>1397</ele>
        <extensions>
          <distance>36068</distance>
        </extensions>
      </trkpt>
      <trkpt lat="45.7453" lon="7.75999">
        <ele>1395</ele>
        <extensions>
          <distance>36087</distance>
        </extensions>
      </trkpt>
      <trkpt lat="45.7453" lon="7.75998">
        <ele>1394</ele>
        <extensions>
          <distance>36087</distance>
        </extensions>
      </trkpt>
      <trkpt lat="45.74516" lon="7.75983">
        <ele>1394</ele>
        <extensions>
          <distance>36107</distance>
        </extensions>
      </trkpt>
      <trkpt lat="45.745059999999995" lon="7.759665">
        <ele>1394</ele>
        <extensions>
          <distance>36124</distance>
        </extensions>
      </trkpt>
      <trkpt lat="45.74496" lon="7.7595">
        <ele>1393</ele>
        <extensions>
          <distance>36141</distance>
        </extensions>
      </trkpt>
      <trkpt lat="45.74484" lon="7.75928">
        <ele>1393</ele>
        <extensions>
          <distance>36162</distance>
        </extensions>
      </trkpt>
      <trkpt lat="45.74481" lon="7.75917">
        <ele>1393</ele>
        <extensions>
          <distance>36172</distance>
        </extensions>
      </trkpt>
      <trkpt lat="45.74481" lon="7.75908">
        <ele>1393</ele>
        <extensions>
          <distance>36179</distance>
        </extensions>
      </trkpt>
      <trkpt lat="45.744865000000004" lon="7.758895">
        <ele>1394</ele>
        <extensions>
          <distance>36194</distance>
        </extensions>
      </trkpt>
      <trkpt lat="45.74492" lon="7.75871">
        <ele>1394</ele>
        <extensions>
          <distance>36210</distance>
        </extensions>
      </trkpt>
      <trkpt lat="45.74493" lon="7.75862">
        <ele>1394</ele>
        <extensions>
          <distance>36217</distance>
        </extensions>
      </trkpt>
      <trkpt lat="45.74489" lon="7.75849">
        <ele>1394</ele>
        <extensions>
          <distance>36228</distance>
        </extensions>
      </trkpt>
      <trkpt lat="45.74473" lon="7.75838">
        <ele>1390</ele>
        <extensions>
          <distance>36248</distance>
        </extensions>
      </trkpt>
      <trkpt lat="45.744575" lon="7.758290000000001">
        <ele>1387</ele>
        <extensions>
          <distance>36267</distance>
        </extensions>
      </trkpt>
      <trkpt lat="45.74442" lon="7.7582">
        <ele>1385</ele>
        <extensions>
          <distance>36285</distance>
        </extensions>
      </trkpt>
      <trkpt lat="45.74435" lon="7.75821">
        <ele>1385</ele>
        <extensions>
          <distance>36293</distance>
        </extensions>
      </trkpt>
      <trkpt lat="45.7443" lon="7.75825">
        <ele>1385</ele>
        <extensions>
          <distance>36299</distance>
        </extensions>
      </trkpt>
      <trkpt lat="45.74427" lon="7.75831">
        <ele>1385</ele>
        <extensions>
          <distance>36305</distance>
        </extensions>
      </trkpt>
      <trkpt lat="45.74427" lon="7.7584">
        <ele>1385</ele>
        <extensions>
          <distance>36312</distance>
        </extensions>
      </trkpt>
      <trkpt lat="45.74422" lon="7.75809">
        <ele>1385</ele>
        <extensions>
          <distance>36337</distance>
        </extensions>
      </trkpt>
      <trkpt lat="45.74415" lon="7.75798">
        <ele>1385</ele>
        <extensions>
          <distance>36349</distance>
        </extensions>
      </trkpt>
      <trkpt lat="45.74429" lon="7.75783">
        <ele>1390</ele>
        <extensions>
          <distance>36368</distance>
        </extensions>
      </trkpt>
      <trkpt lat="45.74431" lon="7.7577">
        <ele>1393</ele>
        <extensions>
          <distance>36379</distance>
        </extensions>
      </trkpt>
      <trkpt lat="45.74427" lon="7.75762">
        <ele>1393</ele>
        <extensions>
          <distance>36386</distance>
        </extensions>
      </trkpt>
      <trkpt lat="45.74426" lon="7.75748">
        <ele>1396</ele>
        <extensions>
          <distance>36398</distance>
        </extensions>
      </trkpt>
      <trkpt lat="45.7443" lon="7.75737">
        <ele>1399</ele>
        <extensions>
          <distance>36408</distance>
        </extensions>
      </trkpt>
      <trkpt lat="45.74427" lon="7.75733">
        <ele>1399</ele>
        <extensions>
          <distance>36412</distance>
        </extensions>
      </trkpt>
      <trkpt lat="45.74432" lon="7.75724">
        <ele>1399</ele>
        <extensions>
          <distance>36421</distance>
        </extensions>
      </trkpt>
      <trkpt lat="45.74429" lon="7.75707">
        <ele>1399</ele>
        <extensions>
          <distance>36435</distance>
        </extensions>
      </trkpt>
      <trkpt lat="45.7443" lon="7.75699">
        <ele>1402</ele>
        <extensions>
          <distance>36441</distance>
        </extensions>
      </trkpt>
      <trkpt lat="45.74429" lon="7.75699">
        <ele>1404</ele>
        <extensions>
          <distance>36442</distance>
        </extensions>
      </trkpt>
      <trkpt lat="45.7443" lon="7.75695">
        <ele>1407</ele>
        <extensions>
          <distance>36448</distance>
        </extensions>
      </trkpt>
      <trkpt lat="45.74436" lon="7.75691">
        <ele>1410</ele>
        <extensions>
          <distance>36456</distance>
        </extensions>
      </trkpt>
      <trkpt lat="45.74445" lon="7.75694">
        <ele>1412</ele>
        <extensions>
          <distance>36466</distance>
        </extensions>
      </trkpt>
      <trkpt lat="45.74465" lon="7.75706">
        <ele>1415</ele>
        <extensions>
          <distance>36491</distance>
        </extensions>
      </trkpt>
      <trkpt lat="45.74481" lon="7.75699">
        <ele>1419</ele>
        <extensions>
          <distance>36510</distance>
        </extensions>
      </trkpt>
      <trkpt lat="45.74498" lon="7.757045">
        <ele>1422</ele>
        <extensions>
          <distance>36529</distance>
        </extensions>
      </trkpt>
      <trkpt lat="45.74515" lon="7.7571">
        <ele>1430</ele>
        <extensions>
          <distance>36550</distance>
        </extensions>
      </trkpt>
      <trkpt lat="45.74526" lon="7.75716">
        <ele>1431</ele>
        <extensions>
          <distance>36563</distance>
        </extensions>
      </trkpt>
      <trkpt lat="45.7455" lon="7.75707">
        <ele>1441</ele>
        <extensions>
          <distance>36592</distance>
        </extensions>
      </trkpt>
      <trkpt lat="45.74559" lon="7.75697">
        <ele>1447</ele>
        <extensions>
          <distance>36606</distance>
        </extensions>
      </trkpt>
      <trkpt lat="45.74574" lon="7.75692">
        <ele>1453</ele>
        <extensions>
          <distance>36625</distance>
        </extensions>
      </trkpt>
      <trkpt lat="45.74577" lon="7.75685">
        <ele>1456</ele>
        <extensions>
          <distance>36632</distance>
        </extensions>
      </trkpt>
      <trkpt lat="45.74577" lon="7.7568">
        <ele>1458</ele>
        <extensions>
          <distance>36636</distance>
        </extensions>
      </trkpt>
      <trkpt lat="45.74575" lon="7.7567">
        <ele>1460</ele>
        <extensions>
          <distance>36644</distance>
        </extensions>
      </trkpt>
      <trkpt lat="45.74569" lon="7.75662">
        <ele>1460</ele>
        <extensions>
          <distance>36653</distance>
        </extensions>
      </trkpt>
      <trkpt lat="45.74566" lon="7.75655">
        <ele>1461</ele>
        <extensions>
          <distance>36660</distance>
        </extensions>
      </trkpt>
      <trkpt lat="45.74567" lon="7.75635">
        <ele>1467</ele>
        <extensions>
          <distance>36676</distance>
        </extensions>
      </trkpt>
      <trkpt lat="45.74564" lon="7.75612">
        <ele>1474</ele>
        <extensions>
          <distance>36696</distance>
        </extensions>
      </trkpt>
      <trkpt lat="45.74554" lon="7.75587">
        <ele>1479</ele>
        <extensions>
          <distance>36719</distance>
        </extensions>
      </trkpt>
      <trkpt lat="45.74552" lon="7.75572">
        <ele>1482</ele>
        <extensions>
          <distance>36731</distance>
        </extensions>
      </trkpt>
      <trkpt lat="45.74552" lon="7.75563">
        <ele>1485</ele>
        <extensions>
          <distance>36739</distance>
        </extensions>
      </trkpt>
      <trkpt lat="45.74557" lon="7.75562">
        <ele>1487</ele>
        <extensions>
          <distance>36744</distance>
        </extensions>
      </trkpt>
      <trkpt lat="45.74567" lon="7.75566">
        <ele>1489</ele>
        <extensions>
          <distance>36756</distance>
        </extensions>
      </trkpt>
      <trkpt lat="45.745895" lon="7.755615">
        <ele>1497.5</ele>
        <extensions>
          <distance>36783</distance>
        </extensions>
      </trkpt>
      <trkpt lat="45.74612" lon="7.75557">
        <ele>1502</ele>
        <extensions>
          <distance>36808</distance>
        </extensions>
      </trkpt>
      <trkpt lat="45.74633" lon="7.7555">
        <ele>1504</ele>
        <extensions>
          <distance>36832</distance>
        </extensions>
      </trkpt>
      <trkpt lat="45.74638" lon="7.75553">
        <ele>1506</ele>
        <extensions>
          <distance>36839</distance>
        </extensions>
      </trkpt>
      <trkpt lat="45.74639" lon="7.75548">
        <ele>1508</ele>
        <extensions>
          <distance>36843</distance>
        </extensions>
      </trkpt>
      <trkpt lat="45.7466125" lon="7.7555975">
        <ele>1512</ele>
        <extensions>
          <distance>36870</distance>
        </extensions>
      </trkpt>
      <trkpt lat="45.746835000000004" lon="7.755715">
        <ele>1512</ele>
        <extensions>
          <distance>36896</distance>
        </extensions>
      </trkpt>
      <trkpt lat="45.747057500000004" lon="7.7558325">
        <ele>1513</ele>
        <extensions>
          <distance>36922</distance>
        </extensions>
      </trkpt>
      <trkpt lat="45.74728" lon="7.75595">
        <ele>1514</ele>
        <extensions>
          <distance>36949</distance>
        </extensions>
      </trkpt>
      <trkpt lat="45.747510000000005" lon="7.75587">
        <ele>1526</ele>
        <extensions>
          <distance>36976</distance>
        </extensions>
      </trkpt>
      <trkpt lat="45.74774" lon="7.75579">
        <ele>1535</ele>
        <extensions>
          <distance>37004</distance>
        </extensions>
      </trkpt>
      <trkpt lat="45.747969999999995" lon="7.7557100000000005">
        <ele>1541</ele>
        <extensions>
          <distance>37031</distance>
        </extensions>
      </trkpt>
      <trkpt lat="45.7482" lon="7.75563">
        <ele>1544</ele>
        <extensions>
          <distance>37057</distance>
        </extensions>
      </trkpt>
      <trkpt lat="45.74837" lon="7.75574">
        <ele>1546</ele>
        <extensions>
          <distance>37078</distance>
        </extensions>
      </trkpt>
      <trkpt lat="45.74839" lon="7.75593">
        <ele>1547</ele>
        <extensions>
          <distance>37093</distance>
        </extensions>
      </trkpt>
      <trkpt lat="45.74855" lon="7.756007500000001">
        <ele>1547</ele>
        <extensions>
          <distance>37112</distance>
        </extensions>
      </trkpt>
      <trkpt lat="45.74871" lon="7.756085000000001">
        <ele>1549</ele>
        <extensions>
          <distance>37131</distance>
        </extensions>
      </trkpt>
      <trkpt lat="45.74887" lon="7.7561625">
        <ele>1553</ele>
        <extensions>
          <distance>37150</distance>
        </extensions>
      </trkpt>
      <trkpt lat="45.74903" lon="7.75624">
        <ele>1558</ele>
        <extensions>
          <distance>37169</distance>
        </extensions>
      </trkpt>
      <trkpt lat="45.74905" lon="7.75649">
        <ele>1561</ele>
        <extensions>
          <distance>37189</distance>
        </extensions>
      </trkpt>
      <trkpt lat="45.74917" lon="7.75647">
        <ele>1564</ele>
        <extensions>
          <distance>37203</distance>
        </extensions>
      </trkpt>
      <trkpt lat="45.74938" lon="7.75671">
        <ele>1574</ele>
        <extensions>
          <distance>37234</distance>
        </extensions>
      </trkpt>
      <trkpt lat="45.74938" lon="7.7569">
        <ele>1576</ele>
        <extensions>
          <distance>37249</distance>
        </extensions>
      </trkpt>
      <trkpt lat="45.74953" lon="7.75686">
        <ele>1581</ele>
        <extensions>
          <distance>37267</distance>
        </extensions>
      </trkpt>
      <trkpt lat="45.74967625" lon="7.7569462499999995">
        <ele>1587</ele>
        <extensions>
          <distance>37285</distance>
        </extensions>
      </trkpt>
      <trkpt lat="45.7498225" lon="7.757032499999999">
        <ele>1593</ele>
        <extensions>
          <distance>37304</distance>
        </extensions>
      </trkpt>
      <trkpt lat="45.74996875" lon="7.75711875">
        <ele>1597</ele>
        <extensions>
          <distance>37322</distance>
        </extensions>
      </trkpt>
      <trkpt lat="45.750115" lon="7.757205">
        <ele>1601</ele>
        <extensions>
          <distance>37340</distance>
        </extensions>
      </trkpt>
      <trkpt lat="45.75026125" lon="7.75729125">
        <ele>1605</ele>
        <extensions>
          <distance>37358</distance>
        </extensions>
      </trkpt>
      <trkpt lat="45.7504075" lon="7.7573775000000005">
        <ele>1609</ele>
        <extensions>
          <distance>37376</distance>
        </extensions>
      </trkpt>
      <trkpt lat="45.75055375" lon="7.75746375">
        <ele>1613</ele>
        <extensions>
          <distance>37394</distance>
        </extensions>
      </trkpt>
      <trkpt lat="45.7507" lon="7.75755">
        <ele>1617</ele>
        <extensions>
          <distance>37412</distance>
        </extensions>
      </trkpt>
      <trkpt lat="45.750836250000006" lon="7.7575425">
        <ele>1620</ele>
        <extensions>
          <distance>37428</distance>
        </extensions>
      </trkpt>
      <trkpt lat="45.7509725" lon="7.757535">
        <ele>1622</ele>
        <extensions>
          <distance>37443</distance>
        </extensions>
      </trkpt>
      <trkpt lat="45.75110875" lon="7.7575275">
        <ele>1625</ele>
        <extensions>
          <distance>37458</distance>
        </extensions>
      </trkpt>
      <trkpt lat="45.751245" lon="7.7575199999999995">
        <ele>1628</ele>
        <extensions>
          <distance>37474</distance>
        </extensions>
      </trkpt>
      <trkpt lat="45.751381249999994" lon="7.7575125">
        <ele>1632</ele>
        <extensions>
          <distance>37489</distance>
        </extensions>
      </trkpt>
      <trkpt lat="45.7515175" lon="7.757505">
        <ele>1634</ele>
        <extensions>
          <distance>37505</distance>
        </extensions>
      </trkpt>
      <trkpt lat="45.75165375" lon="7.7574974999999995">
        <ele>1636</ele>
        <extensions>
          <distance>37520</distance>
        </extensions>
      </trkpt>
      <trkpt lat="45.75179" lon="7.75749">
        <ele>1636</ele>
        <extensions>
          <distance>37535</distance>
        </extensions>
      </trkpt>
      <trkpt lat="45.751875" lon="7.7572849999999995">
        <ele>1636</ele>
        <extensions>
          <distance>37554</distance>
        </extensions>
      </trkpt>
      <trkpt lat="45.75196" lon="7.75708">
        <ele>1636</ele>
        <extensions>
          <distance>37572</distance>
        </extensions>
      </trkpt>
      <trkpt lat="45.75189" lon="7.756725">
        <ele>1637</ele>
        <extensions>
          <distance>37601</distance>
        </extensions>
      </trkpt>
      <trkpt lat="45.75182" lon="7.75637">
        <ele>1637</ele>
        <extensions>
          <distance>37630</distance>
        </extensions>
      </trkpt>
      <trkpt lat="45.751885" lon="7.756130000000001">
        <ele>1637</ele>
        <extensions>
          <distance>37650</distance>
        </extensions>
      </trkpt>
      <trkpt lat="45.75195" lon="7.75589">
        <ele>1637</ele>
        <extensions>
          <distance>37670</distance>
        </extensions>
      </trkpt>
      <trkpt lat="45.75174" lon="7.75577">
        <ele>1637</ele>
        <extensions>
          <distance>37695</distance>
        </extensions>
      </trkpt>
      <trkpt lat="45.75153" lon="7.75565">
        <ele>1638</ele>
        <extensions>
          <distance>37720</distance>
        </extensions>
      </trkpt>
      <trkpt lat="45.7514025" lon="7.75549">
        <ele>1640</ele>
        <extensions>
          <distance>37739</distance>
        </extensions>
      </trkpt>
      <trkpt lat="45.751275" lon="7.755330000000001">
        <ele>1640</ele>
        <extensions>
          <distance>37758</distance>
        </extensions>
      </trkpt>
      <trkpt lat="45.7511475" lon="7.755170000000001">
        <ele>1641</ele>
        <extensions>
          <distance>37777</distance>
        </extensions>
      </trkpt>
      <trkpt lat="45.75102" lon="7.75501">
        <ele>1641</ele>
        <extensions>
          <distance>37795</distance>
        </extensions>
      </trkpt>
      <trkpt lat="45.7509375" lon="7.754787500000001">
        <ele>1644</ele>
        <extensions>
          <distance>37815</distance>
        </extensions>
      </trkpt>
      <trkpt lat="45.750855" lon="7.754565">
        <ele>1649</ele>
        <extensions>
          <distance>37835</distance>
        </extensions>
      </trkpt>
      <trkpt lat="45.7507725" lon="7.7543425">
        <ele>1654</ele>
        <extensions>
          <distance>37856</distance>
        </extensions>
      </trkpt>
      <trkpt lat="45.75069" lon="7.75412">
        <ele>1659</ele>
        <extensions>
          <distance>37876</distance>
        </extensions>
      </trkpt>
      <trkpt lat="45.7505775" lon="7.753985">
        <ele>1659</ele>
        <extensions>
          <distance>37892</distance>
        </extensions>
      </trkpt>
      <trkpt lat="45.750465" lon="7.75385">
        <ele>1660</ele>
        <extensions>
          <distance>37908</distance>
        </extensions>
      </trkpt>
      <trkpt lat="45.7503525" lon="7.753715">
        <ele>1660</ele>
        <extensions>
          <distance>37925</distance>
        </extensions>
      </trkpt>
      <trkpt lat="45.75024" lon="7.75358">
        <ele>1660</ele>
        <extensions>
          <distance>37941</distance>
        </extensions>
      </trkpt>
      <trkpt lat="45.75019" lon="7.75321">
        <ele>1660</ele>
        <extensions>
          <distance>37970</distance>
        </extensions>
      </trkpt>
      <trkpt lat="45.75025" lon="7.7528950000000005">
        <ele>1660</ele>
        <extensions>
          <distance>37996</distance>
        </extensions>
      </trkpt>
      <trkpt lat="45.75031" lon="7.75258">
        <ele>1661</ele>
        <extensions>
          <distance>38021</distance>
        </extensions>
      </trkpt>
      <trkpt lat="45.75038875" lon="7.752421875">
        <ele>1661</ele>
        <extensions>
          <distance>38036</distance>
        </extensions>
      </trkpt>
      <trkpt lat="45.7504675" lon="7.75226375">
        <ele>1662</ele>
        <extensions>
          <distance>38052</distance>
        </extensions>
      </trkpt>
      <trkpt lat="45.75054625" lon="7.752105625">
        <ele>1662</ele>
        <extensions>
          <distance>38067</distance>
        </extensions>
      </trkpt>
      <trkpt lat="45.750625" lon="7.7519475">
        <ele>1663</ele>
        <extensions>
          <distance>38082</distance>
        </extensions>
      </trkpt>
      <trkpt lat="45.75070375" lon="7.7517893749999995">
        <ele>1664</ele>
        <extensions>
          <distance>38097</distance>
        </extensions>
      </trkpt>
      <trkpt lat="45.7507825" lon="7.75163125">
        <ele>1665</ele>
        <extensions>
          <distance>38112</distance>
        </extensions>
      </trkpt>
      <trkpt lat="45.75086125" lon="7.751473125">
        <ele>1666</ele>
        <extensions>
          <distance>38127</distance>
        </extensions>
      </trkpt>
      <trkpt lat="45.75094" lon="7.751315">
        <ele>1667</ele>
        <extensions>
          <distance>38142</distance>
        </extensions>
      </trkpt>
      <trkpt lat="45.75101875" lon="7.7511568749999995">
        <ele>1668</ele>
        <extensions>
          <distance>38157</distance>
        </extensions>
      </trkpt>
      <trkpt lat="45.7510975" lon="7.75099875">
        <ele>1670</ele>
        <extensions>
          <distance>38172</distance>
        </extensions>
      </trkpt>
      <trkpt lat="45.75117625" lon="7.750840625">
        <ele>1672</ele>
        <extensions>
          <distance>38188</distance>
        </extensions>
      </trkpt>
      <trkpt lat="45.751255" lon="7.7506825">
        <ele>1674</ele>
        <extensions>
          <distance>38203</distance>
        </extensions>
      </trkpt>
      <trkpt lat="45.75133375" lon="7.7505243749999995">
        <ele>1675</ele>
        <extensions>
          <distance>38218</distance>
        </extensions>
      </trkpt>
      <trkpt lat="45.7514125" lon="7.75036625">
        <ele>1676</ele>
        <extensions>
          <distance>38233</distance>
        </extensions>
      </trkpt>
      <trkpt lat="45.75149125" lon="7.750208125">
        <ele>1676</ele>
        <extensions>
          <distance>38248</distance>
        </extensions>
      </trkpt>
      <trkpt lat="45.75157" lon="7.75005">
        <ele>1676</ele>
        <extensions>
          <distance>38263</distance>
        </extensions>
      </trkpt>
      <trkpt lat="45.75165" lon="7.74984">
        <ele>1677</ele>
        <extensions>
          <distance>38282</distance>
        </extensions>
      </trkpt>
      <trkpt lat="45.75173" lon="7.74963">
        <ele>1677</ele>
        <extensions>
          <distance>38301</distance>
        </extensions>
      </trkpt>
      <trkpt lat="45.751810000000006" lon="7.74942">
        <ele>1677</ele>
        <extensions>
          <distance>38319</distance>
        </extensions>
      </trkpt>
      <trkpt lat="45.75189" lon="7.74921">
        <ele>1677</ele>
        <extensions>
          <distance>38338</distance>
        </extensions>
      </trkpt>
      <trkpt lat="45.751925" lon="7.749015">
        <ele>1678</ele>
        <extensions>
          <distance>38354</distance>
        </extensions>
      </trkpt>
      <trkpt lat="45.75196" lon="7.74882">
        <ele>1681</ele>
        <extensions>
          <distance>38370</distance>
        </extensions>
      </trkpt>
      <trkpt lat="45.751925" lon="7.7484850000000005">
        <ele>1687</ele>
        <extensions>
          <distance>38397</distance>
        </extensions>
      </trkpt>
      <trkpt lat="45.75189" lon="7.74815">
        <ele>1689</ele>
        <extensions>
          <distance>38423</distance>
        </extensions>
      </trkpt>
      <trkpt lat="45.7519025" lon="7.7479075">
        <ele>1689</ele>
        <extensions>
          <distance>38442</distance>
        </extensions>
      </trkpt>
      <trkpt lat="45.751915" lon="7.747665">
        <ele>1689</ele>
        <extensions>
          <distance>38461</distance>
        </extensions>
      </trkpt>
      <trkpt lat="45.751927499999994" lon="7.7474225">
        <ele>1689</ele>
        <extensions>
          <distance>38480</distance>
        </extensions>
      </trkpt>
      <trkpt lat="45.75194" lon="7.74718">
        <ele>1689</ele>
        <extensions>
          <distance>38499</distance>
        </extensions>
      </trkpt>
      <trkpt lat="45.75206" lon="7.74688">
        <ele>1689</ele>
        <extensions>
          <distance>38525</distance>
        </extensions>
      </trkpt>
      <trkpt lat="45.752175" lon="7.74677">
        <ele>1689</ele>
        <extensions>
          <distance>38541</distance>
        </extensions>
      </trkpt>
      <trkpt lat="45.75229" lon="7.74666">
        <ele>1689</ele>
        <extensions>
          <distance>38556</distance>
        </extensions>
      </trkpt>
      <trkpt lat="45.75253" lon="7.74661">
        <ele>1693</ele>
        <extensions>
          <distance>38583</distance>
        </extensions>
      </trkpt>
      <trkpt lat="45.752705" lon="7.746705">
        <ele>1706</ele>
        <extensions>
          <distance>38608</distance>
        </extensions>
      </trkpt>
      <trkpt lat="45.75288" lon="7.7468">
        <ele>1715</ele>
        <extensions>
          <distance>38631</distance>
        </extensions>
      </trkpt>
      <trkpt lat="45.75301999999999" lon="7.7466675">
        <ele>1715</ele>
        <extensions>
          <distance>38649</distance>
        </extensions>
      </trkpt>
      <trkpt lat="45.753159999999994" lon="7.746535">
        <ele>1715</ele>
        <extensions>
          <distance>38668</distance>
        </extensions>
      </trkpt>
      <trkpt lat="45.753299999999996" lon="7.7464025">
        <ele>1715</ele>
        <extensions>
          <distance>38687</distance>
        </extensions>
      </trkpt>
      <trkpt lat="45.75344" lon="7.74627">
        <ele>1712</ele>
        <extensions>
          <distance>38705</distance>
        </extensions>
      </trkpt>
      <trkpt lat="45.75356" lon="7.7459925">
        <ele>1705</ele>
        <extensions>
          <distance>38732</distance>
        </extensions>
      </trkpt>
      <trkpt lat="45.75368" lon="7.745715000000001">
        <ele>1697</ele>
        <extensions>
          <distance>38758</distance>
        </extensions>
      </trkpt>
      <trkpt lat="45.7538" lon="7.7454375">
        <ele>1679</ele>
        <extensions>
          <distance>38789</distance>
        </extensions>
      </trkpt>
      <trkpt lat="45.75392" lon="7.74516">
        <ele>1656</ele>
        <extensions>
          <distance>38824</distance>
        </extensions>
      </trkpt>
      <trkpt lat="45.75386" lon="7.74505">
        <ele>1645</ele>
        <extensions>
          <distance>38839</distance>
        </extensions>
      </trkpt>
      <trkpt lat="45.75401" lon="7.74495">
        <ele>1642</ele>
        <extensions>
          <distance>38858</distance>
        </extensions>
      </trkpt>
      <trkpt lat="45.75381" lon="7.74487">
        <ele>1638</ele>
        <extensions>
          <distance>38881</distance>
        </extensions>
      </trkpt>
      <trkpt lat="45.75384" lon="7.7448">
        <ele>1634</ele>
        <extensions>
          <distance>38889</distance>
        </extensions>
      </trkpt>
      <trkpt lat="45.754" lon="7.744725">
        <ele>1631</ele>
        <extensions>
          <distance>38908</distance>
        </extensions>
      </trkpt>
      <trkpt lat="45.75416" lon="7.74465">
        <ele>1628</ele>
        <extensions>
          <distance>38926</distance>
        </extensions>
      </trkpt>
      <trkpt lat="45.75432" lon="7.744575">
        <ele>1627</ele>
        <extensions>
          <distance>38945</distance>
        </extensions>
      </trkpt>
      <trkpt lat="45.75448" lon="7.7445">
        <ele>1627</ele>
        <extensions>
          <distance>38964</distance>
        </extensions>
      </trkpt>
      <trkpt lat="45.75451" lon="7.74418">
        <ele>1604</ele>
        <extensions>
          <distance>38993</distance>
        </extensions>
      </trkpt>
      <trkpt lat="45.75464" lon="7.74395">
        <ele>1597</ele>
        <extensions>
          <distance>39018</distance>
        </extensions>
      </trkpt>
      <trkpt lat="45.754785" lon="7.744149999999999">
        <ele>1589</ele>
        <extensions>
          <distance>39041</distance>
        </extensions>
      </trkpt>
      <trkpt lat="45.75493" lon="7.74435">
        <ele>1587</ele>
        <extensions>
          <distance>39064</distance>
        </extensions>
      </trkpt>
      <trkpt lat="45.75502" lon="7.74419">
        <ele>1576</ele>
        <extensions>
          <distance>39082</distance>
        </extensions>
      </trkpt>
      <trkpt lat="45.7551" lon="7.74426">
        <ele>1573</ele>
        <extensions>
          <distance>39093</distance>
        </extensions>
      </trkpt>
      <trkpt lat="45.7552" lon="7.74413">
        <ele>1565</ele>
        <extensions>
          <distance>39110</distance>
        </extensions>
      </trkpt>
      <trkpt lat="45.755165000000005" lon="7.7438875">
        <ele>1558</ele>
        <extensions>
          <distance>39130</distance>
        </extensions>
      </trkpt>
      <trkpt lat="45.75513" lon="7.743645">
        <ele>1548</ele>
        <extensions>
          <distance>39152</distance>
        </extensions>
      </trkpt>
      <trkpt lat="45.755095" lon="7.7434025">
        <ele>1538</ele>
        <extensions>
          <distance>39174</distance>
        </extensions>
      </trkpt>
      <trkpt lat="45.75506" lon="7.74316">
        <ele>1527</ele>
        <extensions>
          <distance>39196</distance>
        </extensions>
      </trkpt>
      <trkpt lat="45.75497" lon="7.74305">
        <ele>1521</ele>
        <extensions>
          <distance>39210</distance>
        </extensions>
      </trkpt>
      <trkpt lat="45.7550925" lon="7.74291">
        <ele>1515</ele>
        <extensions>
          <distance>39229</distance>
        </extensions>
      </trkpt>
      <trkpt lat="45.755215" lon="7.74277">
        <ele>1510</ele>
        <extensions>
          <distance>39247</distance>
        </extensions>
      </trkpt>
      <trkpt lat="45.755337499999996" lon="7.74263">
        <ele>1505</ele>
        <extensions>
          <distance>39265</distance>
        </extensions>
      </trkpt>
      <trkpt lat="45.75546" lon="7.74249">
        <ele>1500</ele>
        <extensions>
          <distance>39283</distance>
        </extensions>
      </trkpt>
      <trkpt lat="45.75534" lon="7.74227">
        <ele>1488</ele>
        <extensions>
          <distance>39308</distance>
        </extensions>
      </trkpt>
      <trkpt lat="45.755475" lon="7.742175">
        <ele>1482</ele>
        <extensions>
          <distance>39326</distance>
        </extensions>
      </trkpt>
      <trkpt lat="45.75561" lon="7.74208">
        <ele>1473</ele>
        <extensions>
          <distance>39345</distance>
        </extensions>
      </trkpt>
      <trkpt lat="45.75548" lon="7.74179">
        <ele>1459</ele>
        <extensions>
          <distance>39375</distance>
        </extensions>
      </trkpt>
      <trkpt lat="45.75568" lon="7.74169">
        <ele>1451</ele>
        <extensions>
          <distance>39400</distance>
        </extensions>
      </trkpt>
      <trkpt lat="45.75561" lon="7.74153">
        <ele>1446</ele>
        <extensions>
          <distance>39415</distance>
        </extensions>
      </trkpt>
      <trkpt lat="45.75578" lon="7.741345">
        <ele>1437</ele>
        <extensions>
          <distance>39441</distance>
        </extensions>
      </trkpt>
      <trkpt lat="45.75595" lon="7.74116">
        <ele>1426</ele>
        <extensions>
          <distance>39467</distance>
        </extensions>
      </trkpt>
      <trkpt lat="45.75604" lon="7.7409099999999995">
        <ele>1412</ele>
        <extensions>
          <distance>39493</distance>
        </extensions>
      </trkpt>
      <trkpt lat="45.75613" lon="7.74066">
        <ele>1400</ele>
        <extensions>
          <distance>39518</distance>
        </extensions>
      </trkpt>
      <trkpt lat="45.756285" lon="7.740855">
        <ele>1399</ele>
        <extensions>
          <distance>39541</distance>
        </extensions>
      </trkpt>
      <trkpt lat="45.75644" lon="7.74105">
        <ele>1394</ele>
        <extensions>
          <distance>39564</distance>
        </extensions>
      </trkpt>
      <trkpt lat="45.75659" lon="7.74098">
        <ele>1381</ele>
        <extensions>
          <distance>39586</distance>
        </extensions>
      </trkpt>
      <trkpt lat="45.75674" lon="7.74091">
        <ele>1374</ele>
        <extensions>
          <distance>39605</distance>
        </extensions>
      </trkpt>
      <trkpt lat="45.756825" lon="7.74108">
        <ele>1372</ele>
        <extensions>
          <distance>39621</distance>
        </extensions>
      </trkpt>
      <trkpt lat="45.75691" lon="7.74125">
        <ele>1371</ele>
        <extensions>
          <distance>39637</distance>
        </extensions>
      </trkpt>
      <trkpt lat="45.757054999999994" lon="7.74094">
        <ele>1361</ele>
        <extensions>
          <distance>39668</distance>
        </extensions>
      </trkpt>
      <trkpt lat="45.7572" lon="7.7406299999999995">
        <ele>1352</ele>
        <extensions>
          <distance>39699</distance>
        </extensions>
      </trkpt>
      <trkpt lat="45.757345" lon="7.74032">
        <ele>1347</ele>
        <extensions>
          <distance>39728</distance>
        </extensions>
      </trkpt>
      <trkpt lat="45.75749" lon="7.74001">
        <ele>1341</ele>
        <extensions>
          <distance>39758</distance>
        </extensions>
      </trkpt>
      <trkpt lat="45.7577" lon="7.7399">
        <ele>1337</ele>
        <extensions>
          <distance>39783</distance>
        </extensions>
      </trkpt>
      <trkpt lat="45.75786" lon="7.739929999999999">
        <ele>1336</ele>
        <extensions>
          <distance>39801</distance>
        </extensions>
      </trkpt>
      <trkpt lat="45.75802" lon="7.73996">
        <ele>1333</ele>
        <extensions>
          <distance>39819</distance>
        </extensions>
      </trkpt>
      <trkpt lat="45.7581275" lon="7.7398275">
        <ele>1333</ele>
        <extensions>
          <distance>39835</distance>
        </extensions>
      </trkpt>
      <trkpt lat="45.758235" lon="7.739694999999999">
        <ele>1333</ele>
        <extensions>
          <distance>39850</distance>
        </extensions>
      </trkpt>
      <trkpt lat="45.7583425" lon="7.7395625">
        <ele>1332</ele>
        <extensions>
          <distance>39866</distance>
        </extensions>
      </trkpt>
      <trkpt lat="45.75845" lon="7.73943">
        <ele>1332</ele>
        <extensions>
          <distance>39882</distance>
        </extensions>
      </trkpt>
      <trkpt lat="45.7584425" lon="7.739224999999999">
        <ele>1331</ele>
        <extensions>
          <distance>39898</distance>
        </extensions>
      </trkpt>
      <trkpt lat="45.758435000000006" lon="7.73902">
        <ele>1330</ele>
        <extensions>
          <distance>39914</distance>
        </extensions>
      </trkpt>
      <trkpt lat="45.7584275" lon="7.738815">
        <ele>1328</ele>
        <extensions>
          <distance>39930</distance>
        </extensions>
      </trkpt>
      <trkpt lat="45.75842" lon="7.7386099999999995">
        <ele>1326</ele>
        <extensions>
          <distance>39946</distance>
        </extensions>
      </trkpt>
      <trkpt lat="45.7584125" lon="7.738405">
        <ele>1324</ele>
        <extensions>
          <distance>39962</distance>
        </extensions>
      </trkpt>
      <trkpt lat="45.758404999999996" lon="7.7382">
        <ele>1322</ele>
        <extensions>
          <distance>39978</distance>
        </extensions>
      </trkpt>
      <trkpt lat="45.7583975" lon="7.737995">
        <ele>1320</ele>
        <extensions>
          <distance>39994</distance>
        </extensions>
      </trkpt>
      <trkpt lat="45.75839" lon="7.73779">
        <ele>1320</ele>
        <extensions>
          <distance>40010</distance>
        </extensions>
      </trkpt>
      <trkpt lat="45.75847" lon="7.73755">
        <ele>1320</ele>
        <extensions>
          <distance>40031</distance>
        </extensions>
      </trkpt>
      <trkpt lat="45.758652500000004" lon="7.7374025">
        <ele>1320</ele>
        <extensions>
          <distance>40054</distance>
        </extensions>
      </trkpt>
      <trkpt lat="45.758835000000005" lon="7.737254999999999">
        <ele>1321</ele>
        <extensions>
          <distance>40078</distance>
        </extensions>
      </trkpt>
      <trkpt lat="45.7590175" lon="7.7371075">
        <ele>1324</ele>
        <extensions>
          <distance>40101</distance>
        </extensions>
      </trkpt>
      <trkpt lat="45.7592" lon="7.73696">
        <ele>1326</ele>
        <extensions>
          <distance>40124</distance>
        </extensions>
      </trkpt>
      <trkpt lat="45.759193749999994" lon="7.73675875">
        <ele>1326</ele>
        <extensions>
          <distance>40140</distance>
        </extensions>
      </trkpt>
      <trkpt lat="45.759187499999996" lon="7.7365575">
        <ele>1326</ele>
        <extensions>
          <distance>40156</distance>
        </extensions>
      </trkpt>
      <trkpt lat="45.75918125" lon="7.73635625">
        <ele>1327</ele>
        <extensions>
          <distance>40171</distance>
        </extensions>
      </trkpt>
      <trkpt lat="45.759175" lon="7.736155">
        <ele>1328</ele>
        <extensions>
          <distance>40187</distance>
        </extensions>
      </trkpt>
      <trkpt lat="45.75916875" lon="7.73595375">
        <ele>1329</ele>
        <extensions>
          <distance>40203</distance>
        </extensions>
      </trkpt>
      <trkpt lat="45.7591625" lon="7.7357525">
        <ele>1330</ele>
        <extensions>
          <distance>40218</distance>
        </extensions>
      </trkpt>
      <trkpt lat="45.759156250000004" lon="7.73555125">
        <ele>1330</ele>
        <extensions>
          <distance>40234</distance>
        </extensions>
      </trkpt>
      <trkpt lat="45.75915" lon="7.73535">
        <ele>1331</ele>
        <extensions>
          <distance>40250</distance>
        </extensions>
      </trkpt>
      <trkpt lat="45.759275" lon="7.735195">
        <ele>1334</ele>
        <extensions>
          <distance>40268</distance>
        </extensions>
      </trkpt>
      <trkpt lat="45.7594" lon="7.73504">
        <ele>1337</ele>
        <extensions>
          <distance>40287</distance>
        </extensions>
      </trkpt>
      <trkpt lat="45.7593825" lon="7.7348099999999995">
        <ele>1338</ele>
        <extensions>
          <distance>40305</distance>
        </extensions>
      </trkpt>
      <trkpt lat="45.759365" lon="7.734579999999999">
        <ele>1338</ele>
        <extensions>
          <distance>40323</distance>
        </extensions>
      </trkpt>
      <trkpt lat="45.759347500000004" lon="7.734349999999999">
        <ele>1338</ele>
        <extensions>
          <distance>40341</distance>
        </extensions>
      </trkpt>
      <trkpt lat="45.75933" lon="7.73412">
        <ele>1339</ele>
        <extensions>
          <distance>40359</distance>
        </extensions>
      </trkpt>
      <trkpt lat="45.75941" lon="7.733955">
        <ele>1340</ele>
        <extensions>
          <distance>40375</distance>
        </extensions>
      </trkpt>
      <trkpt lat="45.75949" lon="7.73379">
        <ele>1341</ele>
        <extensions>
          <distance>40390</distance>
        </extensions>
      </trkpt>
      <trkpt lat="45.759515" lon="7.733535">
        <ele>1341</ele>
        <extensions>
          <distance>40410</distance>
        </extensions>
      </trkpt>
      <trkpt lat="45.75954" lon="7.733280000000001">
        <ele>1341</ele>
        <extensions>
          <distance>40430</distance>
        </extensions>
      </trkpt>
      <trkpt lat="45.759565" lon="7.7330250000000005">
        <ele>1342</ele>
        <extensions>
          <distance>40450</distance>
        </extensions>
      </trkpt>
      <trkpt lat="45.75959" lon="7.73277">
        <ele>1344</ele>
        <extensions>
          <distance>40470</distance>
        </extensions>
      </trkpt>
      <trkpt lat="45.75967" lon="7.7325275">
        <ele>1346</ele>
        <extensions>
          <distance>40491</distance>
        </extensions>
      </trkpt>
      <trkpt lat="45.75975" lon="7.732285">
        <ele>1348</ele>
        <extensions>
          <distance>40512</distance>
        </extensions>
      </trkpt>
      <trkpt lat="45.759829999999994" lon="7.7320425">
        <ele>1350</ele>
        <extensions>
          <distance>40533</distance>
        </extensions>
      </trkpt>
      <trkpt lat="45.75991" lon="7.7318">
        <ele>1350</ele>
        <extensions>
          <distance>40554</distance>
        </extensions>
      </trkpt>
      <trkpt lat="45.7599175" lon="7.732067499999999">
        <ele>1350</ele>
        <extensions>
          <distance>40575</distance>
        </extensions>
      </trkpt>
      <trkpt lat="45.759924999999996" lon="7.732335">
        <ele>1350</ele>
        <extensions>
          <distance>40596</distance>
        </extensions>
      </trkpt>
      <trkpt lat="45.7599325" lon="7.7326025000000005">
        <ele>1351</ele>
        <extensions>
          <distance>40617</distance>
        </extensions>
      </trkpt>
      <trkpt lat="45.75994" lon="7.73287">
        <ele>1351</ele>
        <extensions>
          <distance>40637</distance>
        </extensions>
      </trkpt>
      <trkpt lat="45.760065" lon="7.7327449999999995">
        <ele>1352</ele>
        <extensions>
          <distance>40654</distance>
        </extensions>
      </trkpt>
      <trkpt lat="45.76019" lon="7.73262">
        <ele>1354</ele>
        <extensions>
          <distance>40671</distance>
        </extensions>
      </trkpt>
      <trkpt lat="45.76022" lon="7.73226">
        <ele>1354</ele>
        <extensions>
          <distance>40700</distance>
        </extensions>
      </trkpt>
      <trkpt lat="45.760175" lon="7.7319675">
        <ele>1355</ele>
        <extensions>
          <distance>40723</distance>
        </extensions>
      </trkpt>
      <trkpt lat="45.76013" lon="7.731675">
        <ele>1356</ele>
        <extensions>
          <distance>40746</distance>
        </extensions>
      </trkpt>
      <trkpt lat="45.760085" lon="7.7313825000000005">
        <ele>1356</ele>
        <extensions>
          <distance>40769</distance>
        </extensions>
      </trkpt>
      <trkpt lat="45.76004" lon="7.73109">
        <ele>1356</ele>
        <extensions>
          <distance>40793</distance>
        </extensions>
      </trkpt>
      <trkpt lat="45.76013" lon="7.73114">
        <ele>1356</ele>
        <extensions>
          <distance>40803</distance>
        </extensions>
      </trkpt>
      <trkpt lat="45.7601975" lon="7.731389999999999">
        <ele>1357</ele>
        <extensions>
          <distance>40824</distance>
        </extensions>
      </trkpt>
      <trkpt lat="45.760265" lon="7.73164">
        <ele>1357</ele>
        <extensions>
          <distance>40845</distance>
        </extensions>
      </trkpt>
      <trkpt lat="45.7603325" lon="7.73189">
        <ele>1359</ele>
        <extensions>
          <distance>40866</distance>
        </extensions>
      </trkpt>
      <trkpt lat="45.7604" lon="7.732139999999999">
        <ele>1360</ele>
        <extensions>
          <distance>40887</distance>
        </extensions>
      </trkpt>
      <trkpt lat="45.7604675" lon="7.73239">
        <ele>1362</ele>
        <extensions>
          <distance>40908</distance>
        </extensions>
      </trkpt>
      <trkpt lat="45.760535" lon="7.73264">
        <ele>1364</ele>
        <extensions>
          <distance>40929</distance>
        </extensions>
      </trkpt>
      <trkpt lat="45.7606025" lon="7.732889999999999">
        <ele>1365</ele>
        <extensions>
          <distance>40950</distance>
        </extensions>
      </trkpt>
      <trkpt lat="45.76067" lon="7.73314">
        <ele>1366</ele>
        <extensions>
          <distance>40971</distance>
        </extensions>
      </trkpt>
      <trkpt lat="45.7607575" lon="7.7333">
        <ele>1367</ele>
        <extensions>
          <distance>40986</distance>
        </extensions>
      </trkpt>
      <trkpt lat="45.760845" lon="7.733459999999999">
        <ele>1368</ele>
        <extensions>
          <distance>41002</distance>
        </extensions>
      </trkpt>
      <trkpt lat="45.7609325" lon="7.733619999999999">
        <ele>1368</ele>
        <extensions>
          <distance>41018</distance>
        </extensions>
      </trkpt>
      <trkpt lat="45.76102" lon="7.733779999999999">
        <ele>1369</ele>
        <extensions>
          <distance>41034</distance>
        </extensions>
      </trkpt>
      <trkpt lat="45.7611075" lon="7.73394">
        <ele>1370</ele>
        <extensions>
          <distance>41050</distance>
        </extensions>
      </trkpt>
      <trkpt lat="45.761195" lon="7.7341">
        <ele>1371</ele>
        <extensions>
          <distance>41065</distance>
        </extensions>
      </trkpt>
      <trkpt lat="45.7612825" lon="7.73426">
        <ele>1371</ele>
        <extensions>
          <distance>41081</distance>
        </extensions>
      </trkpt>
      <trkpt lat="45.76137" lon="7.73442">
        <ele>1372</ele>
        <extensions>
          <distance>41097</distance>
        </extensions>
      </trkpt>
      <trkpt lat="45.761435" lon="7.734645">
        <ele>1373</ele>
        <extensions>
          <distance>41116</distance>
        </extensions>
      </trkpt>
      <trkpt lat="45.7615" lon="7.73487">
        <ele>1376</ele>
        <extensions>
          <distance>41135</distance>
        </extensions>
      </trkpt>
      <trkpt lat="45.76145125" lon="7.735054999999999">
        <ele>1376</ele>
        <extensions>
          <distance>41151</distance>
        </extensions>
      </trkpt>
      <trkpt lat="45.7614025" lon="7.735239999999999">
        <ele>1376</ele>
        <extensions>
          <distance>41166</distance>
        </extensions>
      </trkpt>
      <trkpt lat="45.76135375" lon="7.735424999999999">
        <ele>1377</ele>
        <extensions>
          <distance>41181</distance>
        </extensions>
      </trkpt>
      <trkpt lat="45.761305" lon="7.735609999999999">
        <ele>1378</ele>
        <extensions>
          <distance>41197</distance>
        </extensions>
      </trkpt>
      <trkpt lat="45.76125625" lon="7.7357949999999995">
        <ele>1380</ele>
        <extensions>
          <distance>41212</distance>
        </extensions>
      </trkpt>
      <trkpt lat="45.7612075" lon="7.73598">
        <ele>1385</ele>
        <extensions>
          <distance>41228</distance>
        </extensions>
      </trkpt>
      <trkpt lat="45.76115875" lon="7.736165">
        <ele>1390</ele>
        <extensions>
          <distance>41245</distance>
        </extensions>
      </trkpt>
      <trkpt lat="45.76111" lon="7.73635">
        <ele>1396</ele>
        <extensions>
          <distance>41261</distance>
        </extensions>
      </trkpt>
      <trkpt lat="45.76111" lon="7.73649">
        <ele>1400</ele>
        <extensions>
          <distance>41273</distance>
        </extensions>
      </trkpt>
      <trkpt lat="45.7612" lon="7.73634">
        <ele>1401</ele>
        <extensions>
          <distance>41288</distance>
        </extensions>
      </trkpt>
      <trkpt lat="45.7612" lon="7.73645">
        <ele>1404</ele>
        <extensions>
          <distance>41297</distance>
        </extensions>
      </trkpt>
      <trkpt lat="45.761120000000005" lon="7.736755">
        <ele>1409</ele>
        <extensions>
          <distance>41323</distance>
        </extensions>
      </trkpt>
      <trkpt lat="45.76104" lon="7.73706">
        <ele>1411</ele>
        <extensions>
          <distance>41348</distance>
        </extensions>
      </trkpt>
      <trkpt lat="45.76096" lon="7.737365">
        <ele>1415</ele>
        <extensions>
          <distance>41374</distance>
        </extensions>
      </trkpt>
      <trkpt lat="45.76088" lon="7.73767">
        <ele>1421</ele>
        <extensions>
          <distance>41400</distance>
        </extensions>
      </trkpt>
      <trkpt lat="45.76093" lon="7.73797">
        <ele>1432</ele>
        <extensions>
          <distance>41426</distance>
        </extensions>
      </trkpt>
      <trkpt lat="45.760835" lon="7.73812">
        <ele>1433</ele>
        <extensions>
          <distance>41442</distance>
        </extensions>
      </trkpt>
      <trkpt lat="45.76074" lon="7.73827">
        <ele>1435</ele>
        <extensions>
          <distance>41458</distance>
        </extensions>
      </trkpt>
      <trkpt lat="45.76077" lon="7.73863">
        <ele>1446</ele>
        <extensions>
          <distance>41488</distance>
        </extensions>
      </trkpt>
      <trkpt lat="45.760595" lon="7.738905">
        <ele>1452</ele>
        <extensions>
          <distance>41518</distance>
        </extensions>
      </trkpt>
      <trkpt lat="45.76042" lon="7.73918">
        <ele>1453</ele>
        <extensions>
          <distance>41547</distance>
        </extensions>
      </trkpt>
      <trkpt lat="45.760435" lon="7.73945">
        <ele>1454</ele>
        <extensions>
          <distance>41568</distance>
        </extensions>
      </trkpt>
      <trkpt lat="45.76045" lon="7.73972">
        <ele>1454</ele>
        <extensions>
          <distance>41589</distance>
        </extensions>
      </trkpt>
      <trkpt lat="45.76056" lon="7.73938">
        <ele>1457</ele>
        <extensions>
          <distance>41618</distance>
        </extensions>
      </trkpt>
      <trkpt lat="45.760695" lon="7.73928">
        <ele>1463</ele>
        <extensions>
          <distance>41636</distance>
        </extensions>
      </trkpt>
      <trkpt lat="45.76083" lon="7.73918">
        <ele>1464</ele>
        <extensions>
          <distance>41653</distance>
        </extensions>
      </trkpt>
      <trkpt lat="45.76075" lon="7.73936">
        <ele>1467</ele>
        <extensions>
          <distance>41670</distance>
        </extensions>
      </trkpt>
      <trkpt lat="45.76067" lon="7.73954">
        <ele>1467</ele>
        <extensions>
          <distance>41686</distance>
        </extensions>
      </trkpt>
      <trkpt lat="45.76072" lon="7.73979">
        <ele>1470</ele>
        <extensions>
          <distance>41707</distance>
        </extensions>
      </trkpt>
      <trkpt lat="45.760850000000005" lon="7.739879999999999">
        <ele>1472</ele>
        <extensions>
          <distance>41723</distance>
        </extensions>
      </trkpt>
      <trkpt lat="45.76098" lon="7.73997">
        <ele>1478</ele>
        <extensions>
          <distance>41740</distance>
        </extensions>
      </trkpt>
      <trkpt lat="45.76111" lon="7.74006">
        <ele>1484</ele>
        <extensions>
          <distance>41757</distance>
        </extensions>
      </trkpt>
      <trkpt lat="45.76124" lon="7.74015">
        <ele>1489</ele>
        <extensions>
          <distance>41774</distance>
        </extensions>
      </trkpt>
      <trkpt lat="45.7613275" lon="7.7402975">
        <ele>1491</ele>
        <extensions>
          <distance>41789</distance>
        </extensions>
      </trkpt>
      <trkpt lat="45.761415" lon="7.740444999999999">
        <ele>1493</ele>
        <extensions>
          <distance>41804</distance>
        </extensions>
      </trkpt>
      <trkpt lat="45.7615025" lon="7.7405925">
        <ele>1495</ele>
        <extensions>
          <distance>41819</distance>
        </extensions>
      </trkpt>
      <trkpt lat="45.76159" lon="7.74074">
        <ele>1497</ele>
        <extensions>
          <distance>41834</distance>
        </extensions>
      </trkpt>
      <trkpt lat="45.7617" lon="7.74109">
        <ele>1498</ele>
        <extensions>
          <distance>41864</distance>
        </extensions>
      </trkpt>
      <trkpt lat="45.761844999999994" lon="7.74128">
        <ele>1501</ele>
        <extensions>
          <distance>41886</distance>
        </extensions>
      </trkpt>
      <trkpt lat="45.76199" lon="7.74147">
        <ele>1503</ele>
        <extensions>
          <distance>41908</distance>
        </extensions>
      </trkpt>
      <trkpt lat="45.76218" lon="7.741585">
        <ele>1511</ele>
        <extensions>
          <distance>41932</distance>
        </extensions>
      </trkpt>
      <trkpt lat="45.76237" lon="7.7417">
        <ele>1519</ele>
        <extensions>
          <distance>41956</distance>
        </extensions>
      </trkpt>
      <trkpt lat="45.76248" lon="7.741827499999999">
        <ele>1520</ele>
        <extensions>
          <distance>41972</distance>
        </extensions>
      </trkpt>
      <trkpt lat="45.76259" lon="7.741955">
        <ele>1520</ele>
        <extensions>
          <distance>41988</distance>
        </extensions>
      </trkpt>
      <trkpt lat="45.7627" lon="7.7420825">
        <ele>1520</ele>
        <extensions>
          <distance>42004</distance>
        </extensions>
      </trkpt>
      <trkpt lat="45.76281" lon="7.74221">
        <ele>1521</ele>
        <extensions>
          <distance>42019</distance>
        </extensions>
      </trkpt>
      <trkpt lat="45.76305" lon="7.742265">
        <ele>1531</ele>
        <extensions>
          <distance>42047</distance>
        </extensions>
      </trkpt>
      <trkpt lat="45.76329" lon="7.74232">
        <ele>1531</ele>
        <extensions>
          <distance>42074</distance>
        </extensions>
      </trkpt>
      <trkpt lat="45.76335" lon="7.7425">
        <ele>1531</ele>
        <extensions>
          <distance>42090</distance>
        </extensions>
      </trkpt>
      <trkpt lat="45.76341" lon="7.74268">
        <ele>1532</ele>
        <extensions>
          <distance>42105</distance>
        </extensions>
      </trkpt>
      <trkpt lat="45.76347" lon="7.74286">
        <ele>1533</ele>
        <extensions>
          <distance>42121</distance>
        </extensions>
      </trkpt>
      <trkpt lat="45.76353" lon="7.74304">
        <ele>1533</ele>
        <extensions>
          <distance>42136</distance>
        </extensions>
      </trkpt>
      <trkpt lat="45.763645000000004" lon="7.7431525">
        <ele>1533</ele>
        <extensions>
          <distance>42152</distance>
        </extensions>
      </trkpt>
      <trkpt lat="45.763760000000005" lon="7.743265">
        <ele>1538</ele>
        <extensions>
          <distance>42167</distance>
        </extensions>
      </trkpt>
      <trkpt lat="45.763875" lon="7.7433775">
        <ele>1543</ele>
        <extensions>
          <distance>42184</distance>
        </extensions>
      </trkpt>
      <trkpt lat="45.76399" lon="7.74349">
        <ele>1545</ele>
        <extensions>
          <distance>42199</distance>
        </extensions>
      </trkpt>
      <trkpt lat="45.76412875" lon="7.7435475">
        <ele>1547</ele>
        <extensions>
          <distance>42216</distance>
        </extensions>
      </trkpt>
      <trkpt lat="45.7642675" lon="7.7436050000000005">
        <ele>1548</ele>
        <extensions>
          <distance>42232</distance>
        </extensions>
      </trkpt>
      <trkpt lat="45.76440625" lon="7.7436625">
        <ele>1548</ele>
        <extensions>
          <distance>42248</distance>
        </extensions>
      </trkpt>
      <trkpt lat="45.764545" lon="7.74372">
        <ele>1550</ele>
        <extensions>
          <distance>42264</distance>
        </extensions>
      </trkpt>
      <trkpt lat="45.764683749999996" lon="7.7437775">
        <ele>1552</ele>
        <extensions>
          <distance>42280</distance>
        </extensions>
      </trkpt>
      <trkpt lat="45.764822499999994" lon="7.743835">
        <ele>1556</ele>
        <extensions>
          <distance>42296</distance>
        </extensions>
      </trkpt>
      <trkpt lat="45.76496125" lon="7.743892499999999">
        <ele>1559</ele>
        <extensions>
          <distance>42313</distance>
        </extensions>
      </trkpt>
      <trkpt lat="45.7651" lon="7.74395">
        <ele>1566</ele>
        <extensions>
          <distance>42330</distance>
        </extensions>
      </trkpt>
      <trkpt lat="45.7652" lon="7.74411">
        <ele>1566</ele>
        <extensions>
          <distance>42347</distance>
        </extensions>
      </trkpt>
      <trkpt lat="45.7653" lon="7.74427">
        <ele>1566</ele>
        <extensions>
          <distance>42364</distance>
        </extensions>
      </trkpt>
      <trkpt lat="45.76538" lon="7.74456">
        <ele>1566</ele>
        <extensions>
          <distance>42388</distance>
        </extensions>
      </trkpt>
      <trkpt lat="45.76546" lon="7.74485">
        <ele>1567</ele>
        <extensions>
          <distance>42412</distance>
        </extensions>
      </trkpt>
      <trkpt lat="45.765598749999995" lon="7.74498625">
        <ele>1568</ele>
        <extensions>
          <distance>42431</distance>
        </extensions>
      </trkpt>
      <trkpt lat="45.7657375" lon="7.7451225">
        <ele>1571</ele>
        <extensions>
          <distance>42450</distance>
        </extensions>
      </trkpt>
      <trkpt lat="45.76587625" lon="7.74525875">
        <ele>1573</ele>
        <extensions>
          <distance>42468</distance>
        </extensions>
      </trkpt>
      <trkpt lat="45.766014999999996" lon="7.745395">
        <ele>1578</ele>
        <extensions>
          <distance>42488</distance>
        </extensions>
      </trkpt>
      <trkpt lat="45.76615375" lon="7.74553125">
        <ele>1583</ele>
        <extensions>
          <distance>42507</distance>
        </extensions>
      </trkpt>
      <trkpt lat="45.7662925" lon="7.7456675">
        <ele>1587</ele>
        <extensions>
          <distance>42526</distance>
        </extensions>
      </trkpt>
      <trkpt lat="45.76643125" lon="7.74580375">
        <ele>1591</ele>
        <extensions>
          <distance>42545</distance>
        </extensions>
      </trkpt>
      <trkpt lat="45.76657" lon="7.74594">
        <ele>1595</ele>
        <extensions>
          <distance>42565</distance>
        </extensions>
      </trkpt>
      <trkpt lat="45.766705" lon="7.7461325">
        <ele>1598</ele>
        <extensions>
          <distance>42586</distance>
        </extensions>
      </trkpt>
      <trkpt lat="45.76684" lon="7.746325000000001">
        <ele>1601</ele>
        <extensions>
          <distance>42607</distance>
        </extensions>
      </trkpt>
      <trkpt lat="45.766975" lon="7.7465175">
        <ele>1604</ele>
        <extensions>
          <distance>42629</distance>
        </extensions>
      </trkpt>
      <trkpt lat="45.76711" lon="7.74671">
        <ele>1606</ele>
        <extensions>
          <distance>42650</distance>
        </extensions>
      </trkpt>
      <trkpt lat="45.76725" lon="7.74669">
        <ele>1612</ele>
        <extensions>
          <distance>42666</distance>
        </extensions>
      </trkpt>
      <trkpt lat="45.7674325" lon="7.7467950000000005">
        <ele>1616</ele>
        <extensions>
          <distance>42689</distance>
        </extensions>
      </trkpt>
      <trkpt lat="45.767615" lon="7.7469">
        <ele>1621</ele>
        <extensions>
          <distance>42711</distance>
        </extensions>
      </trkpt>
      <trkpt lat="45.7677975" lon="7.747005">
        <ele>1626</ele>
        <extensions>
          <distance>42734</distance>
        </extensions>
      </trkpt>
      <trkpt lat="45.76798" lon="7.74711">
        <ele>1632</ele>
        <extensions>
          <distance>42756</distance>
        </extensions>
      </trkpt>
      <trkpt lat="45.768190000000004" lon="7.7471250000000005">
        <ele>1642</ele>
        <extensions>
          <distance>42782</distance>
        </extensions>
      </trkpt>
      <trkpt lat="45.7684" lon="7.74714">
        <ele>1652</ele>
        <extensions>
          <distance>42807</distance>
        </extensions>
      </trkpt>
      <trkpt lat="45.7685325" lon="7.74723875">
        <ele>1656</ele>
        <extensions>
          <distance>42824</distance>
        </extensions>
      </trkpt>
      <trkpt lat="45.768665" lon="7.7473375">
        <ele>1659</ele>
        <extensions>
          <distance>42841</distance>
        </extensions>
      </trkpt>
      <trkpt lat="45.7687975" lon="7.74743625">
        <ele>1661</ele>
        <extensions>
          <distance>42858</distance>
        </extensions>
      </trkpt>
      <trkpt lat="45.76893" lon="7.747535">
        <ele>1664</ele>
        <extensions>
          <distance>42875</distance>
        </extensions>
      </trkpt>
      <trkpt lat="45.7690625" lon="7.74763375">
        <ele>1666</ele>
        <extensions>
          <distance>42891</distance>
        </extensions>
      </trkpt>
      <trkpt lat="45.769194999999996" lon="7.7477325">
        <ele>1670</ele>
        <extensions>
          <distance>42908</distance>
        </extensions>
      </trkpt>
      <trkpt lat="45.7693275" lon="7.74783125">
        <ele>1675</ele>
        <extensions>
          <distance>42926</distance>
        </extensions>
      </trkpt>
      <trkpt lat="45.76946" lon="7.74793">
        <ele>1679</ele>
        <extensions>
          <distance>42943</distance>
        </extensions>
      </trkpt>
      <trkpt lat="45.7696" lon="7.74789">
        <ele>1687</ele>
        <extensions>
          <distance>42961</distance>
        </extensions>
      </trkpt>
      <trkpt lat="45.76979" lon="7.7480150000000005">
        <ele>1692</ele>
        <extensions>
          <distance>42984</distance>
        </extensions>
      </trkpt>
      <trkpt lat="45.76998" lon="7.74814">
        <ele>1695</ele>
        <extensions>
          <distance>43008</distance>
        </extensions>
      </trkpt>
      <trkpt lat="45.770105" lon="7.748285">
        <ele>1695</ele>
        <extensions>
          <distance>43026</distance>
        </extensions>
      </trkpt>
      <trkpt lat="45.77023" lon="7.74843">
        <ele>1696</ele>
        <extensions>
          <distance>43044</distance>
        </extensions>
      </trkpt>
      <trkpt lat="45.770444999999995" lon="7.7484649999999995">
        <ele>1705</ele>
        <extensions>
          <distance>43068</distance>
        </extensions>
      </trkpt>
      <trkpt lat="45.77066" lon="7.7485">
        <ele>1714</ele>
        <extensions>
          <distance>43094</distance>
        </extensions>
      </trkpt>
      <trkpt lat="45.770755" lon="7.74882">
        <ele>1716</ele>
        <extensions>
          <distance>43121</distance>
        </extensions>
      </trkpt>
      <trkpt lat="45.77085" lon="7.74914">
        <ele>1718</ele>
        <extensions>
          <distance>43148</distance>
        </extensions>
      </trkpt>
      <trkpt lat="45.770935" lon="7.74895">
        <ele>1724</ele>
        <extensions>
          <distance>43167</distance>
        </extensions>
      </trkpt>
      <trkpt lat="45.77102" lon="7.74876">
        <ele>1731</ele>
        <extensions>
          <distance>43186</distance>
        </extensions>
      </trkpt>
      <trkpt lat="45.771185" lon="7.7489525">
        <ele>1739</ele>
        <extensions>
          <distance>43211</distance>
        </extensions>
      </trkpt>
      <trkpt lat="45.77135" lon="7.749145">
        <ele>1747</ele>
        <extensions>
          <distance>43236</distance>
        </extensions>
      </trkpt>
      <trkpt lat="45.771515" lon="7.7493375">
        <ele>1758</ele>
        <extensions>
          <distance>43262</distance>
        </extensions>
      </trkpt>
      <trkpt lat="45.77168" lon="7.74953">
        <ele>1770</ele>
        <extensions>
          <distance>43288</distance>
        </extensions>
      </trkpt>
      <trkpt lat="45.771755" lon="7.74971">
        <ele>1773</ele>
        <extensions>
          <distance>43305</distance>
        </extensions>
      </trkpt>
      <trkpt lat="45.77183" lon="7.74989">
        <ele>1777</ele>
        <extensions>
          <distance>43322</distance>
        </extensions>
      </trkpt>
      <trkpt lat="45.771855" lon="7.750135">
        <ele>1777</ele>
        <extensions>
          <distance>43341</distance>
        </extensions>
      </trkpt>
      <trkpt lat="45.77188" lon="7.75038">
        <ele>1778</ele>
        <extensions>
          <distance>43360</distance>
        </extensions>
      </trkpt>
      <trkpt lat="45.772085000000004" lon="7.750579999999999">
        <ele>1789</ele>
        <extensions>
          <distance>43389</distance>
        </extensions>
      </trkpt>
      <trkpt lat="45.77229" lon="7.75078">
        <ele>1802</ele>
        <extensions>
          <distance>43419</distance>
        </extensions>
      </trkpt>
      <trkpt lat="45.77234" lon="7.750985">
        <ele>1805</ele>
        <extensions>
          <distance>43437</distance>
        </extensions>
      </trkpt>
      <trkpt lat="45.77239" lon="7.75119">
        <ele>1808</ele>
        <extensions>
          <distance>43454</distance>
        </extensions>
      </trkpt>
      <trkpt lat="45.77253" lon="7.75108">
        <ele>1815</ele>
        <extensions>
          <distance>43473</distance>
        </extensions>
      </trkpt>
      <trkpt lat="45.77274" lon="7.75112">
        <ele>1825</ele>
        <extensions>
          <distance>43498</distance>
        </extensions>
      </trkpt>
      <trkpt lat="45.772805" lon="7.75136">
        <ele>1829</ele>
        <extensions>
          <distance>43519</distance>
        </extensions>
      </trkpt>
      <trkpt lat="45.77287" lon="7.7516">
        <ele>1843</ele>
        <extensions>
          <distance>43543</distance>
        </extensions>
      </trkpt>
      <trkpt lat="45.77298" lon="7.75139">
        <ele>1846</ele>
        <extensions>
          <distance>43564</distance>
        </extensions>
      </trkpt>
      <trkpt lat="45.77305" lon="7.7515">
        <ele>1856</ele>
        <extensions>
          <distance>43579</distance>
        </extensions>
      </trkpt>
      <trkpt lat="45.77311" lon="7.75182">
        <ele>1870</ele>
        <extensions>
          <distance>43609</distance>
        </extensions>
      </trkpt>
      <trkpt lat="45.77308" lon="7.752165">
        <ele>1882</ele>
        <extensions>
          <distance>43638</distance>
        </extensions>
      </trkpt>
      <trkpt lat="45.77305" lon="7.75251">
        <ele>1886</ele>
        <extensions>
          <distance>43665</distance>
        </extensions>
      </trkpt>
      <trkpt lat="45.77315" lon="7.75246">
        <ele>1891</ele>
        <extensions>
          <distance>43678</distance>
        </extensions>
      </trkpt>
      <trkpt lat="45.773085" lon="7.752695">
        <ele>1892</ele>
        <extensions>
          <distance>43698</distance>
        </extensions>
      </trkpt>
      <trkpt lat="45.77302" lon="7.75293">
        <ele>1894</ele>
        <extensions>
          <distance>43718</distance>
        </extensions>
      </trkpt>
      <trkpt lat="45.77304" lon="7.75331">
        <ele>1905</ele>
        <extensions>
          <distance>43749</distance>
        </extensions>
      </trkpt>
      <trkpt lat="45.7731275" lon="7.7535025">
        <ele>1912</ele>
        <extensions>
          <distance>43768</distance>
        </extensions>
      </trkpt>
      <trkpt lat="45.773215" lon="7.7536950000000004">
        <ele>1918</ele>
        <extensions>
          <distance>43787</distance>
        </extensions>
      </trkpt>
      <trkpt lat="45.7733025" lon="7.7538875">
        <ele>1921</ele>
        <extensions>
          <distance>43805</distance>
        </extensions>
      </trkpt>
      <trkpt lat="45.77339" lon="7.75408">
        <ele>1923</ele>
        <extensions>
          <distance>43823</distance>
        </extensions>
      </trkpt>
      <trkpt lat="45.77323" lon="7.75434">
        <ele>1924</ele>
        <extensions>
          <distance>43850</distance>
        </extensions>
      </trkpt>
      <trkpt lat="45.77307" lon="7.7546">
        <ele>1925</ele>
        <extensions>
          <distance>43877</distance>
        </extensions>
      </trkpt>
      <trkpt lat="45.772885" lon="7.75478">
        <ele>1928</ele>
        <extensions>
          <distance>43902</distance>
        </extensions>
      </trkpt>
      <trkpt lat="45.7727" lon="7.75496">
        <ele>1929</ele>
        <extensions>
          <distance>43927</distance>
        </extensions>
      </trkpt>
      <trkpt lat="45.77259" lon="7.75529">
        <ele>1937</ele>
        <extensions>
          <distance>43956</distance>
        </extensions>
      </trkpt>
      <trkpt lat="45.772545" lon="7.7556449999999995">
        <ele>1944</ele>
        <extensions>
          <distance>43985</distance>
        </extensions>
      </trkpt>
      <trkpt lat="45.7725" lon="7.756">
        <ele>1950</ele>
        <extensions>
          <distance>44014</distance>
        </extensions>
      </trkpt>
      <trkpt lat="45.772545" lon="7.7562175">
        <ele>1956</ele>
        <extensions>
          <distance>44033</distance>
        </extensions>
      </trkpt>
      <trkpt lat="45.77259" lon="7.756435">
        <ele>1959</ele>
        <extensions>
          <distance>44050</distance>
        </extensions>
      </trkpt>
      <trkpt lat="45.772635" lon="7.7566524999999995">
        <ele>1961</ele>
        <extensions>
          <distance>44068</distance>
        </extensions>
      </trkpt>
      <trkpt lat="45.77268" lon="7.75687">
        <ele>1962</ele>
        <extensions>
          <distance>44086</distance>
        </extensions>
      </trkpt>
      <trkpt lat="45.77275" lon="7.75687">
        <ele>1964</ele>
        <extensions>
          <distance>44094</distance>
        </extensions>
      </trkpt>
      <trkpt lat="45.772725" lon="7.757115000000001">
        <ele>1964</ele>
        <extensions>
          <distance>44113</distance>
        </extensions>
      </trkpt>
      <trkpt lat="45.7727" lon="7.75736">
        <ele>1966</ele>
        <extensions>
          <distance>44132</distance>
        </extensions>
      </trkpt>
      <trkpt lat="45.77286125" lon="7.7575075">
        <ele>1969</ele>
        <extensions>
          <distance>44154</distance>
        </extensions>
      </trkpt>
      <trkpt lat="45.773022499999996" lon="7.757655">
        <ele>1971</ele>
        <extensions>
          <distance>44175</distance>
        </extensions>
      </trkpt>
      <trkpt lat="45.77318375" lon="7.7578025">
        <ele>1972</ele>
        <extensions>
          <distance>44196</distance>
        </extensions>
      </trkpt>
      <trkpt lat="45.773345" lon="7.75795">
        <ele>1973</ele>
        <extensions>
          <distance>44218</distance>
        </extensions>
      </trkpt>
      <trkpt lat="45.77350625" lon="7.7580975">
        <ele>1975</ele>
        <extensions>
          <distance>44239</distance>
        </extensions>
      </trkpt>
      <trkpt lat="45.7736675" lon="7.7582450000000005">
        <ele>1978</ele>
        <extensions>
          <distance>44261</distance>
        </extensions>
      </trkpt>
      <trkpt lat="45.77382875" lon="7.7583925">
        <ele>1982</ele>
        <extensions>
          <distance>44282</distance>
        </extensions>
      </trkpt>
      <trkpt lat="45.77399" lon="7.75854">
        <ele>1986</ele>
        <extensions>
          <distance>44304</distance>
        </extensions>
      </trkpt>
      <trkpt lat="45.77421" lon="7.758525000000001">
        <ele>1992</ele>
        <extensions>
          <distance>44329</distance>
        </extensions>
      </trkpt>
      <trkpt lat="45.77443" lon="7.75851">
        <ele>1999</ele>
        <extensions>
          <distance>44355</distance>
        </extensions>
      </trkpt>
      <trkpt lat="45.77461" lon="7.75868">
        <ele>2005</ele>
        <extensions>
          <distance>44379</distance>
        </extensions>
      </trkpt>
      <trkpt lat="45.77471" lon="7.75898">
        <ele>2007</ele>
        <extensions>
          <distance>44405</distance>
        </extensions>
      </trkpt>
      <trkpt lat="45.77481" lon="7.75928">
        <ele>2012</ele>
        <extensions>
          <distance>44431</distance>
        </extensions>
      </trkpt>
      <trkpt lat="45.774831250000005" lon="7.759515">
        <ele>2015</ele>
        <extensions>
          <distance>44450</distance>
        </extensions>
      </trkpt>
      <trkpt lat="45.7748525" lon="7.75975">
        <ele>2016</ele>
        <extensions>
          <distance>44469</distance>
        </extensions>
      </trkpt>
      <trkpt lat="45.77487375" lon="7.759985">
        <ele>2016</ele>
        <extensions>
          <distance>44487</distance>
        </extensions>
      </trkpt>
      <trkpt lat="45.774895" lon="7.76022">
        <ele>2016</ele>
        <extensions>
          <distance>44505</distance>
        </extensions>
      </trkpt>
      <trkpt lat="45.774916250000004" lon="7.760455">
        <ele>2016</ele>
        <extensions>
          <distance>44524</distance>
        </extensions>
      </trkpt>
      <trkpt lat="45.7749375" lon="7.76069">
        <ele>2014</ele>
        <extensions>
          <distance>44542</distance>
        </extensions>
      </trkpt>
      <trkpt lat="45.774958749999996" lon="7.760925">
        <ele>2012</ele>
        <extensions>
          <distance>44561</distance>
        </extensions>
      </trkpt>
      <trkpt lat="45.77498" lon="7.76116">
        <ele>2012</ele>
        <extensions>
          <distance>44579</distance>
        </extensions>
      </trkpt>
      <trkpt lat="45.77494" lon="7.76117">
        <ele>2011</ele>
        <extensions>
          <distance>44584</distance>
        </extensions>
      </trkpt>
      <trkpt lat="45.77495" lon="7.76124">
        <ele>2011</ele>
        <extensions>
          <distance>44589</distance>
        </extensions>
      </trkpt>
      <trkpt lat="45.77492" lon="7.76129">
        <ele>2011</ele>
        <extensions>
          <distance>44594</distance>
        </extensions>
      </trkpt>
      <trkpt lat="45.77483" lon="7.76133">
        <ele>2011</ele>
        <extensions>
          <distance>44605</distance>
        </extensions>
      </trkpt>
      <trkpt lat="45.77468" lon="7.76134">
        <ele>2011</ele>
        <extensions>
          <distance>44622</distance>
        </extensions>
      </trkpt>
      <trkpt lat="45.77455" lon="7.76124">
        <ele>2009.5</ele>
        <extensions>
          <distance>44638</distance>
        </extensions>
      </trkpt>
      <trkpt lat="45.77442" lon="7.76114">
        <ele>2009.5</ele>
        <extensions>
          <distance>44654</distance>
        </extensions>
      </trkpt>
      <trkpt lat="45.77432" lon="7.76109">
        <ele>2009.5</ele>
        <extensions>
          <distance>44666</distance>
        </extensions>
      </trkpt>
      <trkpt lat="45.774190000000004" lon="7.761010000000001">
        <ele>2009.5</ele>
        <extensions>
          <distance>44682</distance>
        </extensions>
      </trkpt>
      <trkpt lat="45.77406" lon="7.76093">
        <ele>2010</ele>
        <extensions>
          <distance>44698</distance>
        </extensions>
      </trkpt>
      <trkpt lat="45.7739" lon="7.760915000000001">
        <ele>2013</ele>
        <extensions>
          <distance>44715</distance>
        </extensions>
      </trkpt>
      <trkpt lat="45.77374" lon="7.7609">
        <ele>2016</ele>
        <extensions>
          <distance>44733</distance>
        </extensions>
      </trkpt>
      <trkpt lat="45.77356" lon="7.76093">
        <ele>2020</ele>
        <extensions>
          <distance>44754</distance>
        </extensions>
      </trkpt>
      <trkpt lat="45.77335" lon="7.76093">
        <ele>2028</ele>
        <extensions>
          <distance>44779</distance>
        </extensions>
      </trkpt>
      <trkpt lat="45.7732" lon="7.7608999999999995">
        <ele>2040</ele>
        <extensions>
          <distance>44799</distance>
        </extensions>
      </trkpt>
      <trkpt lat="45.77305" lon="7.76087">
        <ele>2040</ele>
        <extensions>
          <distance>44816</distance>
        </extensions>
      </trkpt>
      <trkpt lat="45.77286" lon="7.76072">
        <ele>2040</ele>
        <extensions>
          <distance>44840</distance>
        </extensions>
      </trkpt>
      <trkpt lat="45.7727" lon="7.76052">
        <ele>2040</ele>
        <extensions>
          <distance>44864</distance>
        </extensions>
      </trkpt>
      <trkpt lat="45.77262" lon="7.76036">
        <ele>2041</ele>
        <extensions>
          <distance>44879</distance>
        </extensions>
      </trkpt>
      <trkpt lat="45.77246" lon="7.76019">
        <ele>2046</ele>
        <extensions>
          <distance>44901</distance>
        </extensions>
      </trkpt>
      <trkpt lat="45.7723" lon="7.7601">
        <ele>2046</ele>
        <extensions>
          <distance>44921</distance>
        </extensions>
      </trkpt>
      <trkpt lat="45.77217" lon="7.75996">
        <ele>2051</ele>
        <extensions>
          <distance>44939</distance>
        </extensions>
      </trkpt>
      <trkpt lat="45.77207" lon="7.759795">
        <ele>2053.5</ele>
        <extensions>
          <distance>44956</distance>
        </extensions>
      </trkpt>
      <trkpt lat="45.77197" lon="7.75963">
        <ele>2055</ele>
        <extensions>
          <distance>44973</distance>
        </extensions>
      </trkpt>
      <trkpt lat="45.77187" lon="7.75938">
        <ele>2055</ele>
        <extensions>
          <distance>44996</distance>
        </extensions>
      </trkpt>
      <trkpt lat="45.77182" lon="7.7592">
        <ele>2055</ele>
        <extensions>
          <distance>45011</distance>
        </extensions>
      </trkpt>
      <trkpt lat="45.77177" lon="7.75902">
        <ele>2056</ele>
        <extensions>
          <distance>45026</distance>
        </extensions>
      </trkpt>
      <trkpt lat="45.77166" lon="7.75887">
        <ele>2056.5</ele>
        <extensions>
          <distance>45043</distance>
        </extensions>
      </trkpt>
      <trkpt lat="45.77154" lon="7.75876">
        <ele>2056.5</ele>
        <extensions>
          <distance>45058</distance>
        </extensions>
      </trkpt>
      <trkpt lat="45.77138" lon="7.75866">
        <ele>2057</ele>
        <extensions>
          <distance>45078</distance>
        </extensions>
      </trkpt>
      <trkpt lat="45.77132" lon="7.75858">
        <ele>2057</ele>
        <extensions>
          <distance>45087</distance>
        </extensions>
      </trkpt>
      <trkpt lat="45.771195000000006" lon="7.7585049999999995">
        <ele>2060.5</ele>
        <extensions>
          <distance>45102</distance>
        </extensions>
      </trkpt>
      <trkpt lat="45.77107" lon="7.75843">
        <ele>2064</ele>
        <extensions>
          <distance>45118</distance>
        </extensions>
      </trkpt>
      <trkpt lat="45.77101" lon="7.75842">
        <ele>2075</ele>
        <extensions>
          <distance>45130</distance>
        </extensions>
      </trkpt>
      <trkpt lat="45.77095" lon="7.75854">
        <ele>2078</ele>
        <extensions>
          <distance>45142</distance>
        </extensions>
      </trkpt>
      <trkpt lat="45.77094" lon="7.75884">
        <ele>2086</ele>
        <extensions>
          <distance>45167</distance>
        </extensions>
      </trkpt>
      <trkpt lat="45.77089" lon="7.75913">
        <ele>2092</ele>
        <extensions>
          <distance>45191</distance>
        </extensions>
      </trkpt>
      <trkpt lat="45.77084" lon="7.7593250000000005">
        <ele>2092</ele>
        <extensions>
          <distance>45207</distance>
        </extensions>
      </trkpt>
      <trkpt lat="45.77079" lon="7.75952">
        <ele>2092</ele>
        <extensions>
          <distance>45223</distance>
        </extensions>
      </trkpt>
      <trkpt lat="45.770889999999994" lon="7.759795">
        <ele>2092</ele>
        <extensions>
          <distance>45247</distance>
        </extensions>
      </trkpt>
      <trkpt lat="45.77099" lon="7.76007">
        <ele>2093</ele>
        <extensions>
          <distance>45272</distance>
        </extensions>
      </trkpt>
      <trkpt lat="45.771105" lon="7.760244999999999">
        <ele>2093</ele>
        <extensions>
          <distance>45290</distance>
        </extensions>
      </trkpt>
      <trkpt lat="45.77122" lon="7.76042">
        <ele>2093</ele>
        <extensions>
          <distance>45309</distance>
        </extensions>
      </trkpt>
      <trkpt lat="45.77132" lon="7.760642499999999">
        <ele>2095</ele>
        <extensions>
          <distance>45329</distance>
        </extensions>
      </trkpt>
      <trkpt lat="45.77142" lon="7.760865">
        <ele>2098</ele>
        <extensions>
          <distance>45350</distance>
        </extensions>
      </trkpt>
      <trkpt lat="45.771519999999995" lon="7.7610875">
        <ele>2100</ele>
        <extensions>
          <distance>45371</distance>
        </extensions>
      </trkpt>
      <trkpt lat="45.77162" lon="7.76131">
        <ele>2103</ele>
        <extensions>
          <distance>45392</distance>
        </extensions>
      </trkpt>
      <trkpt lat="45.77178" lon="7.76152">
        <ele>2105</ele>
        <extensions>
          <distance>45416</distance>
        </extensions>
      </trkpt>
      <trkpt lat="45.77189" lon="7.76171">
        <ele>2107</ele>
        <extensions>
          <distance>45435</distance>
        </extensions>
      </trkpt>
      <trkpt lat="45.77194" lon="7.76187">
        <ele>2108</ele>
        <extensions>
          <distance>45449</distance>
        </extensions>
      </trkpt>
      <trkpt lat="45.77201" lon="7.76185">
        <ele>2108</ele>
        <extensions>
          <distance>45457</distance>
        </extensions>
      </trkpt>
      <trkpt lat="45.7721" lon="7.76193">
        <ele>2108</ele>
        <extensions>
          <distance>45469</distance>
        </extensions>
      </trkpt>
      <trkpt lat="45.7722" lon="7.76206">
        <ele>2109</ele>
        <extensions>
          <distance>45484</distance>
        </extensions>
      </trkpt>
      <trkpt lat="45.77226" lon="7.76218">
        <ele>2109</ele>
        <extensions>
          <distance>45495</distance>
        </extensions>
      </trkpt>
      <trkpt lat="45.77233" lon="7.76239">
        <ele>2109</ele>
        <extensions>
          <distance>45513</distance>
        </extensions>
      </trkpt>
      <trkpt lat="45.77241" lon="7.7625">
        <ele>2109</ele>
        <extensions>
          <distance>45525</distance>
        </extensions>
      </trkpt>
      <trkpt lat="45.77254" lon="7.76255">
        <ele>2109</ele>
        <extensions>
          <distance>45540</distance>
        </extensions>
      </trkpt>
      <trkpt lat="45.77269" lon="7.76265">
        <ele>2109</ele>
        <extensions>
          <distance>45559</distance>
        </extensions>
      </trkpt>
      <trkpt lat="45.77278" lon="7.76274">
        <ele>2108</ele>
        <extensions>
          <distance>45571</distance>
        </extensions>
      </trkpt>
      <trkpt lat="45.77293" lon="7.76299">
        <ele>2108</ele>
        <extensions>
          <distance>45597</distance>
        </extensions>
      </trkpt>
      <trkpt lat="45.77308" lon="7.7633">
        <ele>2108</ele>
        <extensions>
          <distance>45626</distance>
        </extensions>
      </trkpt>
      <trkpt lat="45.77312" lon="7.76349">
        <ele>2108</ele>
        <extensions>
          <distance>45641</distance>
        </extensions>
      </trkpt>
      <trkpt lat="45.77314" lon="7.76373">
        <ele>2112</ele>
        <extensions>
          <distance>45660</distance>
        </extensions>
      </trkpt>
      <trkpt lat="45.7732" lon="7.76386">
        <ele>2113</ele>
        <extensions>
          <distance>45672</distance>
        </extensions>
      </trkpt>
      <trkpt lat="45.773325" lon="7.76408">
        <ele>2115</ele>
        <extensions>
          <distance>45695</distance>
        </extensions>
      </trkpt>
      <trkpt lat="45.77345" lon="7.7643">
        <ele>2115</ele>
        <extensions>
          <distance>45717</distance>
        </extensions>
      </trkpt>
      <trkpt lat="45.77355" lon="7.76451">
        <ele>2115</ele>
        <extensions>
          <distance>45736</distance>
        </extensions>
      </trkpt>
      <trkpt lat="45.7736525" lon="7.7646875">
        <ele>2115</ele>
        <extensions>
          <distance>45754</distance>
        </extensions>
      </trkpt>
      <trkpt lat="45.773755" lon="7.764865">
        <ele>2112</ele>
        <extensions>
          <distance>45772</distance>
        </extensions>
      </trkpt>
      <trkpt lat="45.773857500000005" lon="7.7650425">
        <ele>2112</ele>
        <extensions>
          <distance>45790</distance>
        </extensions>
      </trkpt>
      <trkpt lat="45.77396" lon="7.76522">
        <ele>2112</ele>
        <extensions>
          <distance>45808</distance>
        </extensions>
      </trkpt>
      <trkpt lat="45.774060000000006" lon="7.765420000000001">
        <ele>2112</ele>
        <extensions>
          <distance>45827</distance>
        </extensions>
      </trkpt>
      <trkpt lat="45.77416" lon="7.76562">
        <ele>2113</ele>
        <extensions>
          <distance>45846</distance>
        </extensions>
      </trkpt>
      <trkpt lat="45.774262500000006" lon="7.765772500000001">
        <ele>2115</ele>
        <extensions>
          <distance>45863</distance>
        </extensions>
      </trkpt>
      <trkpt lat="45.774365" lon="7.765925">
        <ele>2117</ele>
        <extensions>
          <distance>45879</distance>
        </extensions>
      </trkpt>
      <trkpt lat="45.7744675" lon="7.7660775">
        <ele>2117</ele>
        <extensions>
          <distance>45896</distance>
        </extensions>
      </trkpt>
      <trkpt lat="45.77457" lon="7.76623">
        <ele>2119</ele>
        <extensions>
          <distance>45912</distance>
        </extensions>
      </trkpt>
      <trkpt lat="45.77471" lon="7.76646">
        <ele>2119</ele>
        <extensions>
          <distance>45936</distance>
        </extensions>
      </trkpt>
      <trkpt lat="45.774855" lon="7.766655">
        <ele>2119</ele>
        <extensions>
          <distance>45958</distance>
        </extensions>
      </trkpt>
      <trkpt lat="45.775" lon="7.76685">
        <ele>2119</ele>
        <extensions>
          <distance>45980</distance>
        </extensions>
      </trkpt>
      <trkpt lat="45.775144999999995" lon="7.7670449999999995">
        <ele>2119</ele>
        <extensions>
          <distance>46002</distance>
        </extensions>
      </trkpt>
      <trkpt lat="45.77529" lon="7.76724">
        <ele>2119</ele>
        <extensions>
          <distance>46024</distance>
        </extensions>
      </trkpt>
      <trkpt lat="45.7754" lon="7.76757">
        <ele>2119</ele>
        <extensions>
          <distance>46053</distance>
        </extensions>
      </trkpt>
      <trkpt lat="45.77551" lon="7.76782">
        <ele>2119</ele>
        <extensions>
          <distance>46076</distance>
        </extensions>
      </trkpt>
      <trkpt lat="45.77563" lon="7.76805">
        <ele>2120</ele>
        <extensions>
          <distance>46098</distance>
        </extensions>
      </trkpt>
      <trkpt lat="45.775795" lon="7.768305">
        <ele>2120</ele>
        <extensions>
          <distance>46125</distance>
        </extensions>
      </trkpt>
      <trkpt lat="45.77596" lon="7.76856">
        <ele>2123</ele>
        <extensions>
          <distance>46152</distance>
        </extensions>
      </trkpt>
      <trkpt lat="45.77608" lon="7.76876">
        <ele>2125</ele>
        <extensions>
          <distance>46173</distance>
        </extensions>
      </trkpt>
      <trkpt lat="45.7762" lon="7.76896">
        <ele>2126</ele>
        <extensions>
          <distance>46193</distance>
        </extensions>
      </trkpt>
      <trkpt lat="45.77627" lon="7.76912">
        <ele>2126</ele>
        <extensions>
          <distance>46208</distance>
        </extensions>
      </trkpt>
      <trkpt lat="45.77636" lon="7.769285">
        <ele>2126</ele>
        <extensions>
          <distance>46224</distance>
        </extensions>
      </trkpt>
      <trkpt lat="45.77645" lon="7.76945">
        <ele>2126</ele>
        <extensions>
          <distance>46241</distance>
        </extensions>
      </trkpt>
      <trkpt lat="45.77665" lon="7.7696">
        <ele>2123</ele>
        <extensions>
          <distance>46266</distance>
        </extensions>
      </trkpt>
      <trkpt lat="45.77679" lon="7.76964">
        <ele>2123</ele>
        <extensions>
          <distance>46282</distance>
        </extensions>
      </trkpt>
      <trkpt lat="45.7769" lon="7.76977">
        <ele>2123</ele>
        <extensions>
          <distance>46297</distance>
        </extensions>
      </trkpt>
      <trkpt lat="45.77695" lon="7.76989">
        <ele>2123</ele>
        <extensions>
          <distance>46308</distance>
        </extensions>
      </trkpt>
      <trkpt lat="45.77696" lon="7.76999">
        <ele>2125</ele>
        <extensions>
          <distance>46316</distance>
        </extensions>
      </trkpt>
      <trkpt lat="45.77699" lon="7.77007">
        <ele>2126</ele>
        <extensions>
          <distance>46323</distance>
        </extensions>
      </trkpt>
      <trkpt lat="45.77704" lon="7.7701">
        <ele>2126</ele>
        <extensions>
          <distance>46329</distance>
        </extensions>
      </trkpt>
      <trkpt lat="45.77708" lon="7.77019">
        <ele>2127</ele>
        <extensions>
          <distance>46338</distance>
        </extensions>
      </trkpt>
      <trkpt lat="45.77711" lon="7.77042">
        <ele>2127</ele>
        <extensions>
          <distance>46356</distance>
        </extensions>
      </trkpt>
      <trkpt lat="45.77714" lon="7.77052">
        <ele>2127</ele>
        <extensions>
          <distance>46364</distance>
        </extensions>
      </trkpt>
      <trkpt lat="45.77717" lon="7.77054">
        <ele>2127</ele>
        <extensions>
          <distance>46368</distance>
        </extensions>
      </trkpt>
      <trkpt lat="45.77729" lon="7.77043">
        <ele>2128</ele>
        <extensions>
          <distance>46384</distance>
        </extensions>
      </trkpt>
      <trkpt lat="45.77744" lon="7.7704450000000005">
        <ele>2128</ele>
        <extensions>
          <distance>46401</distance>
        </extensions>
      </trkpt>
      <trkpt lat="45.77759" lon="7.77046">
        <ele>2128</ele>
        <extensions>
          <distance>46417</distance>
        </extensions>
      </trkpt>
      <trkpt lat="45.77768" lon="7.77053">
        <ele>2128</ele>
        <extensions>
          <distance>46429</distance>
        </extensions>
      </trkpt>
      <trkpt lat="45.77771" lon="7.77058">
        <ele>2129</ele>
        <extensions>
          <distance>46434</distance>
        </extensions>
      </trkpt>
      <trkpt lat="45.77791" lon="7.77067">
        <ele>2132</ele>
        <extensions>
          <distance>46457</distance>
        </extensions>
      </trkpt>
      <trkpt lat="45.77802" lon="7.77068">
        <ele>2134</ele>
        <extensions>
          <distance>46470</distance>
        </extensions>
      </trkpt>
      <trkpt lat="45.77805" lon="7.7707">
        <ele>2135</ele>
        <extensions>
          <distance>46473</distance>
        </extensions>
      </trkpt>
      <trkpt lat="45.77812" lon="7.77081">
        <ele>2137</ele>
        <extensions>
          <distance>46485</distance>
        </extensions>
      </trkpt>
      <trkpt lat="45.77821" lon="7.77115">
        <ele>2143</ele>
        <extensions>
          <distance>46514</distance>
        </extensions>
      </trkpt>
      <trkpt lat="45.77825" lon="7.77123">
        <ele>2144</ele>
        <extensions>
          <distance>46522</distance>
        </extensions>
      </trkpt>
      <trkpt lat="45.77826" lon="7.77129">
        <ele>2144</ele>
        <extensions>
          <distance>46527</distance>
        </extensions>
      </trkpt>
      <trkpt lat="45.77836" lon="7.7714">
        <ele>2147</ele>
        <extensions>
          <distance>46541</distance>
        </extensions>
      </trkpt>
      <trkpt lat="45.77837" lon="7.77149">
        <ele>2148</ele>
        <extensions>
          <distance>46548</distance>
        </extensions>
      </trkpt>
      <trkpt lat="45.7784" lon="7.77156">
        <ele>2150</ele>
        <extensions>
          <distance>46555</distance>
        </extensions>
      </trkpt>
      <trkpt lat="45.77844" lon="7.77158">
        <ele>2152</ele>
        <extensions>
          <distance>46559</distance>
        </extensions>
      </trkpt>
      <trkpt lat="45.77849" lon="7.77164">
        <ele>2154</ele>
        <extensions>
          <distance>46567</distance>
        </extensions>
      </trkpt>
      <trkpt lat="45.77858" lon="7.77165">
        <ele>2157</ele>
        <extensions>
          <distance>46578</distance>
        </extensions>
      </trkpt>
      <trkpt lat="45.77863" lon="7.7716">
        <ele>2159</ele>
        <extensions>
          <distance>46585</distance>
        </extensions>
      </trkpt>
      <trkpt lat="45.77866" lon="7.77151">
        <ele>2161</ele>
        <extensions>
          <distance>46593</distance>
        </extensions>
      </trkpt>
      <trkpt lat="45.7787" lon="7.7712">
        <ele>2162</ele>
        <extensions>
          <distance>46617</distance>
        </extensions>
      </trkpt>
      <trkpt lat="45.77874" lon="7.77114">
        <ele>2164</ele>
        <extensions>
          <distance>46624</distance>
        </extensions>
      </trkpt>
      <trkpt lat="45.77889" lon="7.77116">
        <ele>2171</ele>
        <extensions>
          <distance>46642</distance>
        </extensions>
      </trkpt>
      <trkpt lat="45.77896" lon="7.77112">
        <ele>2173</ele>
        <extensions>
          <distance>46651</distance>
        </extensions>
      </trkpt>
      <trkpt lat="45.77906" lon="7.77114">
        <ele>2177</ele>
        <extensions>
          <distance>46663</distance>
        </extensions>
      </trkpt>
      <trkpt lat="45.77911" lon="7.77117">
        <ele>2179</ele>
        <extensions>
          <distance>46669</distance>
        </extensions>
      </trkpt>
      <trkpt lat="45.7792" lon="7.77119">
        <ele>2182</ele>
        <extensions>
          <distance>46680</distance>
        </extensions>
      </trkpt>
      <trkpt lat="45.77927" lon="7.77127">
        <ele>2185</ele>
        <extensions>
          <distance>46690</distance>
        </extensions>
      </trkpt>
      <trkpt lat="45.7794" lon="7.77151">
        <ele>2191</ele>
        <extensions>
          <distance>46714</distance>
        </extensions>
      </trkpt>
      <trkpt lat="45.77943" lon="7.77152">
        <ele>2192</ele>
        <extensions>
          <distance>46718</distance>
        </extensions>
      </trkpt>
      <trkpt lat="45.77947" lon="7.77146">
        <ele>2193</ele>
        <extensions>
          <distance>46724</distance>
        </extensions>
      </trkpt>
      <trkpt lat="45.77952" lon="7.77146">
        <ele>2195</ele>
        <extensions>
          <distance>46730</distance>
        </extensions>
      </trkpt>
      <trkpt lat="45.77958" lon="7.77151">
        <ele>2198</ele>
        <extensions>
          <distance>46739</distance>
        </extensions>
      </trkpt>
      <trkpt lat="45.77967" lon="7.7717">
        <ele>2205</ele>
        <extensions>
          <distance>46758</distance>
        </extensions>
      </trkpt>
      <trkpt lat="45.77969" lon="7.77179">
        <ele>2207</ele>
        <extensions>
          <distance>46765</distance>
        </extensions>
      </trkpt>
      <trkpt lat="45.77969" lon="7.77184">
        <ele>2208</ele>
        <extensions>
          <distance>46769</distance>
        </extensions>
      </trkpt>
      <trkpt lat="45.77964" lon="7.77194">
        <ele>2208</ele>
        <extensions>
          <distance>46779</distance>
        </extensions>
      </trkpt>
      <trkpt lat="45.77964" lon="7.77226">
        <ele>2209</ele>
        <extensions>
          <distance>46804</distance>
        </extensions>
      </trkpt>
      <trkpt lat="45.7796" lon="7.77251">
        <ele>2209</ele>
        <extensions>
          <distance>46824</distance>
        </extensions>
      </trkpt>
      <trkpt lat="45.7796" lon="7.77261">
        <ele>2209</ele>
        <extensions>
          <distance>46831</distance>
        </extensions>
      </trkpt>
      <trkpt lat="45.77962" lon="7.77267">
        <ele>2210</ele>
        <extensions>
          <distance>46837</distance>
        </extensions>
      </trkpt>
      <trkpt lat="45.77978" lon="7.77295">
        <ele>2215</ele>
        <extensions>
          <distance>46865</distance>
        </extensions>
      </trkpt>
      <trkpt lat="45.77988" lon="7.773">
        <ele>2217</ele>
        <extensions>
          <distance>46877</distance>
        </extensions>
      </trkpt>
      <trkpt lat="45.779995" lon="7.77317">
        <ele>2220</ele>
        <extensions>
          <distance>46896</distance>
        </extensions>
      </trkpt>
      <trkpt lat="45.78011" lon="7.77334">
        <ele>2224</ele>
        <extensions>
          <distance>46914</distance>
        </extensions>
      </trkpt>
      <trkpt lat="45.7802" lon="7.77369">
        <ele>2230</ele>
        <extensions>
          <distance>46944</distance>
        </extensions>
      </trkpt>
      <trkpt lat="45.78037" lon="7.77393">
        <ele>2234</ele>
        <extensions>
          <distance>46971</distance>
        </extensions>
      </trkpt>
      <trkpt lat="45.78043" lon="7.77409">
        <ele>2234</ele>
        <extensions>
          <distance>46985</distance>
        </extensions>
      </trkpt>
      <trkpt lat="45.78043" lon="7.77423">
        <ele>2234</ele>
        <extensions>
          <distance>46996</distance>
        </extensions>
      </trkpt>
      <trkpt lat="45.78035" lon="7.77447">
        <ele>2234.5</ele>
        <extensions>
          <distance>47017</distance>
        </extensions>
      </trkpt>
      <trkpt lat="45.78039" lon="7.77467">
        <ele>2234.5</ele>
        <extensions>
          <distance>47033</distance>
        </extensions>
      </trkpt>
      <trkpt lat="45.78022" lon="7.77475">
        <ele>2234.5</ele>
        <extensions>
          <distance>47053</distance>
        </extensions>
      </trkpt>
      <trkpt lat="45.780384999999995" lon="7.77484">
        <ele>2234.5</ele>
        <extensions>
          <distance>47072</distance>
        </extensions>
      </trkpt>
      <trkpt lat="45.78055" lon="7.77493">
        <ele>2238</ele>
        <extensions>
          <distance>47092</distance>
        </extensions>
      </trkpt>
      <trkpt lat="45.78063" lon="7.77518">
        <ele>2239</ele>
        <extensions>
          <distance>47113</distance>
        </extensions>
      </trkpt>
      <trkpt lat="45.78075" lon="7.7754">
        <ele>2239</ele>
        <extensions>
          <distance>47135</distance>
        </extensions>
      </trkpt>
      <trkpt lat="45.78088" lon="7.77561">
        <ele>2240</ele>
        <extensions>
          <distance>47157</distance>
        </extensions>
      </trkpt>
      <trkpt lat="45.78112" lon="7.77576">
        <ele>2243</ele>
        <extensions>
          <distance>47186</distance>
        </extensions>
      </trkpt>
      <trkpt lat="45.781295" lon="7.775905">
        <ele>2243</ele>
        <extensions>
          <distance>47209</distance>
        </extensions>
      </trkpt>
      <trkpt lat="45.78147" lon="7.77605">
        <ele>2243.5</ele>
        <extensions>
          <distance>47231</distance>
        </extensions>
      </trkpt>
      <trkpt lat="45.781645" lon="7.776135">
        <ele>2244</ele>
        <extensions>
          <distance>47252</distance>
        </extensions>
      </trkpt>
      <trkpt lat="45.78182" lon="7.77622">
        <ele>2245</ele>
        <extensions>
          <distance>47272</distance>
        </extensions>
      </trkpt>
      <trkpt lat="45.781985000000006" lon="7.77633">
        <ele>2245</ele>
        <extensions>
          <distance>47292</distance>
        </extensions>
      </trkpt>
      <trkpt lat="45.78215" lon="7.77644">
        <ele>2243.5</ele>
        <extensions>
          <distance>47313</distance>
        </extensions>
      </trkpt>
      <trkpt lat="45.78225" lon="7.77655">
        <ele>2244</ele>
        <extensions>
          <distance>47327</distance>
        </extensions>
      </trkpt>
      <trkpt lat="45.78233" lon="7.7767">
        <ele>2245</ele>
        <extensions>
          <distance>47341</distance>
        </extensions>
      </trkpt>
      <trkpt lat="45.78235" lon="7.77669">
        <ele>2245</ele>
        <extensions>
          <distance>47344</distance>
        </extensions>
      </trkpt>
      <trkpt lat="45.78243500000001" lon="7.776853750000001">
        <ele>2245</ele>
        <extensions>
          <distance>47360</distance>
        </extensions>
      </trkpt>
      <trkpt lat="45.782520000000005" lon="7.7770175">
        <ele>2245</ele>
        <extensions>
          <distance>47375</distance>
        </extensions>
      </trkpt>
      <trkpt lat="45.782605000000004" lon="7.77718125">
        <ele>2246</ele>
        <extensions>
          <distance>47391</distance>
        </extensions>
      </trkpt>
      <trkpt lat="45.78269" lon="7.777345">
        <ele>2246</ele>
        <extensions>
          <distance>47407</distance>
        </extensions>
      </trkpt>
      <trkpt lat="45.782775" lon="7.77750875">
        <ele>2246</ele>
        <extensions>
          <distance>47423</distance>
        </extensions>
      </trkpt>
      <trkpt lat="45.78286" lon="7.7776724999999995">
        <ele>2246</ele>
        <extensions>
          <distance>47439</distance>
        </extensions>
      </trkpt>
      <trkpt lat="45.782945" lon="7.77783625">
        <ele>2247</ele>
        <extensions>
          <distance>47455</distance>
        </extensions>
      </trkpt>
      <trkpt lat="45.78303" lon="7.778">
        <ele>2247</ele>
        <extensions>
          <distance>47471</distance>
        </extensions>
      </trkpt>
      <trkpt lat="45.78303" lon="7.7782">
        <ele>2249</ele>
        <extensions>
          <distance>47486</distance>
        </extensions>
      </trkpt>
      <trkpt lat="45.78303" lon="7.7783999999999995">
        <ele>2251</ele>
        <extensions>
          <distance>47502</distance>
        </extensions>
      </trkpt>
      <trkpt lat="45.78303" lon="7.7786">
        <ele>2255</ele>
        <extensions>
          <distance>47518</distance>
        </extensions>
      </trkpt>
      <trkpt lat="45.78303" lon="7.7788">
        <ele>2259</ele>
        <extensions>
          <distance>47534</distance>
        </extensions>
      </trkpt>
      <trkpt lat="45.783085" lon="7.7791">
        <ele>2263</ele>
        <extensions>
          <distance>47558</distance>
        </extensions>
      </trkpt>
      <trkpt lat="45.78314" lon="7.7794">
        <ele>2267</ele>
        <extensions>
          <distance>47583</distance>
        </extensions>
      </trkpt>
      <trkpt lat="45.783305" lon="7.779484999999999">
        <ele>2269</ele>
        <extensions>
          <distance>47602</distance>
        </extensions>
      </trkpt>
      <trkpt lat="45.78347" lon="7.77957">
        <ele>2270</ele>
        <extensions>
          <distance>47622</distance>
        </extensions>
      </trkpt>
      <trkpt lat="45.78354" lon="7.77994">
        <ele>2276</ele>
        <extensions>
          <distance>47652</distance>
        </extensions>
      </trkpt>
      <trkpt lat="45.7836975" lon="7.780165">
        <ele>2279</ele>
        <extensions>
          <distance>47677</distance>
        </extensions>
      </trkpt>
      <trkpt lat="45.783855" lon="7.780390000000001">
        <ele>2285</ele>
        <extensions>
          <distance>47703</distance>
        </extensions>
      </trkpt>
      <trkpt lat="45.7840125" lon="7.780615000000001">
        <ele>2293</ele>
        <extensions>
          <distance>47729</distance>
        </extensions>
      </trkpt>
      <trkpt lat="45.78417" lon="7.78084">
        <ele>2301</ele>
        <extensions>
          <distance>47755</distance>
        </extensions>
      </trkpt>
      <trkpt lat="45.7840575" lon="7.7810325">
        <ele>2303</ele>
        <extensions>
          <distance>47774</distance>
        </extensions>
      </trkpt>
      <trkpt lat="45.783945" lon="7.781225">
        <ele>2307</ele>
        <extensions>
          <distance>47794</distance>
        </extensions>
      </trkpt>
      <trkpt lat="45.7838325" lon="7.7814175">
        <ele>2313</ele>
        <extensions>
          <distance>47815</distance>
        </extensions>
      </trkpt>
      <trkpt lat="45.78372" lon="7.78161">
        <ele>2322</ele>
        <extensions>
          <distance>47836</distance>
        </extensions>
      </trkpt>
      <trkpt lat="45.783585" lon="7.78171">
        <ele>2325</ele>
        <extensions>
          <distance>47853</distance>
        </extensions>
      </trkpt>
      <trkpt lat="45.78345" lon="7.78181">
        <ele>2328</ele>
        <extensions>
          <distance>47870</distance>
        </extensions>
      </trkpt>
      <trkpt lat="45.783315" lon="7.78191">
        <ele>2332</ele>
        <extensions>
          <distance>47888</distance>
        </extensions>
      </trkpt>
      <trkpt lat="45.78318" lon="7.78201">
        <ele>2334</ele>
        <extensions>
          <distance>47905</distance>
        </extensions>
      </trkpt>
      <trkpt lat="45.78332" lon="7.78209">
        <ele>2339</ele>
        <extensions>
          <distance>47922</distance>
        </extensions>
      </trkpt>
      <trkpt lat="45.78346" lon="7.78217">
        <ele>2343</ele>
        <extensions>
          <distance>47939</distance>
        </extensions>
      </trkpt>
      <trkpt lat="45.78371249999999" lon="7.782102500000001">
        <ele>2343</ele>
        <extensions>
          <distance>47968</distance>
        </extensions>
      </trkpt>
      <trkpt lat="45.783964999999995" lon="7.7820350000000005">
        <ele>2343</ele>
        <extensions>
          <distance>47996</distance>
        </extensions>
      </trkpt>
      <trkpt lat="45.7842175" lon="7.7819675">
        <ele>2343</ele>
        <extensions>
          <distance>48025</distance>
        </extensions>
      </trkpt>
      <trkpt lat="45.78447" lon="7.7819">
        <ele>2344</ele>
        <extensions>
          <distance>48054</distance>
        </extensions>
      </trkpt>
      <trkpt lat="45.784617499999996" lon="7.7819225">
        <ele>2349</ele>
        <extensions>
          <distance>48070</distance>
        </extensions>
      </trkpt>
      <trkpt lat="45.784765" lon="7.781945">
        <ele>2354</ele>
        <extensions>
          <distance>48087</distance>
        </extensions>
      </trkpt>
      <trkpt lat="45.784912500000004" lon="7.7819675">
        <ele>2361</ele>
        <extensions>
          <distance>48105</distance>
        </extensions>
      </trkpt>
      <trkpt lat="45.78506" lon="7.78199">
        <ele>2367</ele>
        <extensions>
          <distance>48123</distance>
        </extensions>
      </trkpt>
      <trkpt lat="45.78522" lon="7.78191">
        <ele>2369</ele>
        <extensions>
          <distance>48142</distance>
        </extensions>
      </trkpt>
      <trkpt lat="45.785315" lon="7.7817675">
        <ele>2371</ele>
        <extensions>
          <distance>48157</distance>
        </extensions>
      </trkpt>
      <trkpt lat="45.78541" lon="7.781625">
        <ele>2376</ele>
        <extensions>
          <distance>48173</distance>
        </extensions>
      </trkpt>
      <trkpt lat="45.785505" lon="7.7814825">
        <ele>2382</ele>
        <extensions>
          <distance>48190</distance>
        </extensions>
      </trkpt>
      <trkpt lat="45.7856" lon="7.78134">
        <ele>2384</ele>
        <extensions>
          <distance>48205</distance>
        </extensions>
      </trkpt>
      <trkpt lat="45.785672500000004" lon="7.781115">
        <ele>2384</ele>
        <extensions>
          <distance>48224</distance>
        </extensions>
      </trkpt>
      <trkpt lat="45.785745000000006" lon="7.780889999999999">
        <ele>2387</ele>
        <extensions>
          <distance>48244</distance>
        </extensions>
      </trkpt>
      <trkpt lat="45.78581750000001" lon="7.780664999999999">
        <ele>2388</ele>
        <extensions>
          <distance>48263</distance>
        </extensions>
      </trkpt>
      <trkpt lat="45.78589" lon="7.78044">
        <ele>2387</ele>
        <extensions>
          <distance>48282</distance>
        </extensions>
      </trkpt>
      <trkpt lat="45.78594" lon="7.7801849999999995">
        <ele>2384</ele>
        <extensions>
          <distance>48303</distance>
        </extensions>
      </trkpt>
      <trkpt lat="45.78599" lon="7.77993">
        <ele>2384</ele>
        <extensions>
          <distance>48324</distance>
        </extensions>
      </trkpt>
      <trkpt lat="45.785965" lon="7.779615">
        <ele>2384</ele>
        <extensions>
          <distance>48348</distance>
        </extensions>
      </trkpt>
      <trkpt lat="45.78594" lon="7.7793">
        <ele>2384</ele>
        <extensions>
          <distance>48373</distance>
        </extensions>
      </trkpt>
      <trkpt lat="45.785995" lon="7.779055">
        <ele>2384</ele>
        <extensions>
          <distance>48393</distance>
        </extensions>
      </trkpt>
      <trkpt lat="45.78605" lon="7.77881">
        <ele>2384</ele>
        <extensions>
          <distance>48413</distance>
        </extensions>
      </trkpt>
      <trkpt lat="45.786215" lon="7.7785675">
        <ele>2394</ele>
        <extensions>
          <distance>48440</distance>
        </extensions>
      </trkpt>
      <trkpt lat="45.78638" lon="7.778325000000001">
        <ele>2411</ele>
        <extensions>
          <distance>48471</distance>
        </extensions>
      </trkpt>
      <trkpt lat="45.786545000000004" lon="7.7780825">
        <ele>2412</ele>
        <extensions>
          <distance>48497</distance>
        </extensions>
      </trkpt>
      <trkpt lat="45.78671" lon="7.77784">
        <ele>2413</ele>
        <extensions>
          <distance>48524</distance>
        </extensions>
      </trkpt>
      <trkpt lat="45.786895" lon="7.777665000000001">
        <ele>2418</ele>
        <extensions>
          <distance>48549</distance>
        </extensions>
      </trkpt>
      <trkpt lat="45.78708" lon="7.77749">
        <ele>2423</ele>
        <extensions>
          <distance>48574</distance>
        </extensions>
      </trkpt>
      <trkpt lat="45.78713" lon="7.7772">
        <ele>2424</ele>
        <extensions>
          <distance>48597</distance>
        </extensions>
      </trkpt>
      <trkpt lat="45.7872" lon="7.77716">
        <ele>2424</ele>
        <extensions>
          <distance>48605</distance>
        </extensions>
      </trkpt>
      <trkpt lat="45.78722" lon="7.77725">
        <ele>2424</ele>
        <extensions>
          <distance>48613</distance>
        </extensions>
      </trkpt>
      <trkpt lat="45.78724" lon="7.777055000000001">
        <ele>2423</ele>
        <extensions>
          <distance>48628</distance>
        </extensions>
      </trkpt>
      <trkpt lat="45.78726" lon="7.77686">
        <ele>2420</ele>
        <extensions>
          <distance>48643</distance>
        </extensions>
      </trkpt>
      <trkpt lat="45.787375" lon="7.776590000000001">
        <ele>2416</ele>
        <extensions>
          <distance>48668</distance>
        </extensions>
      </trkpt>
      <trkpt lat="45.78749" lon="7.77632">
        <ele>2416</ele>
        <extensions>
          <distance>48693</distance>
        </extensions>
      </trkpt>
      <trkpt lat="45.787620000000004" lon="7.776265">
        <ele>2416</ele>
        <extensions>
          <distance>48708</distance>
        </extensions>
      </trkpt>
      <trkpt lat="45.78775" lon="7.77621">
        <ele>2416</ele>
        <extensions>
          <distance>48723</distance>
        </extensions>
      </trkpt>
      <trkpt lat="45.78788" lon="7.776154999999999">
        <ele>2417</ele>
        <extensions>
          <distance>48738</distance>
        </extensions>
      </trkpt>
      <trkpt lat="45.78801" lon="7.7761">
        <ele>2418</ele>
        <extensions>
          <distance>48753</distance>
        </extensions>
      </trkpt>
      <trkpt lat="45.78814" lon="7.776045">
        <ele>2419</ele>
        <extensions>
          <distance>48768</distance>
        </extensions>
      </trkpt>
      <trkpt lat="45.78827" lon="7.77599">
        <ele>2421</ele>
        <extensions>
          <distance>48783</distance>
        </extensions>
      </trkpt>
      <trkpt lat="45.788399999999996" lon="7.7759350000000005">
        <ele>2424</ele>
        <extensions>
          <distance>48799</distance>
        </extensions>
      </trkpt>
      <trkpt lat="45.78853" lon="7.77588">
        <ele>2425</ele>
        <extensions>
          <distance>48814</distance>
        </extensions>
      </trkpt>
      <trkpt lat="45.7885" lon="7.77562">
        <ele>2425</ele>
        <extensions>
          <distance>48834</distance>
        </extensions>
      </trkpt>
      <trkpt lat="45.78847" lon="7.77536">
        <ele>2425</ele>
        <extensions>
          <distance>48855</distance>
        </extensions>
      </trkpt>
      <trkpt lat="45.788507499999994" lon="7.77506">
        <ele>2425</ele>
        <extensions>
          <distance>48879</distance>
        </extensions>
      </trkpt>
      <trkpt lat="45.788545" lon="7.774760000000001">
        <ele>2423</ele>
        <extensions>
          <distance>48902</distance>
        </extensions>
      </trkpt>
      <trkpt lat="45.788582500000004" lon="7.77446">
        <ele>2419</ele>
        <extensions>
          <distance>48926</distance>
        </extensions>
      </trkpt>
      <trkpt lat="45.78862" lon="7.77416">
        <ele>2417</ele>
        <extensions>
          <distance>48950</distance>
        </extensions>
      </trkpt>
      <trkpt lat="45.788560000000004" lon="7.77398">
        <ele>2414</ele>
        <extensions>
          <distance>48966</distance>
        </extensions>
      </trkpt>
      <trkpt lat="45.7885" lon="7.7738">
        <ele>2414</ele>
        <extensions>
          <distance>48981</distance>
        </extensions>
      </trkpt>
      <trkpt lat="45.788439999999994" lon="7.773619999999999">
        <ele>2414</ele>
        <extensions>
          <distance>48997</distance>
        </extensions>
      </trkpt>
      <trkpt lat="45.78838" lon="7.77344">
        <ele>2413</ele>
        <extensions>
          <distance>49012</distance>
        </extensions>
      </trkpt>
      <trkpt lat="45.78818" lon="7.773194999999999">
        <ele>2410</ele>
        <extensions>
          <distance>49041</distance>
        </extensions>
      </trkpt>
      <trkpt lat="45.78798" lon="7.77295">
        <ele>2409</ele>
        <extensions>
          <distance>49071</distance>
        </extensions>
      </trkpt>
      <trkpt lat="45.78778" lon="7.772705">
        <ele>2409</ele>
        <extensions>
          <distance>49100</distance>
        </extensions>
      </trkpt>
      <trkpt lat="45.78758" lon="7.77246">
        <ele>2409</ele>
        <extensions>
          <distance>49129</distance>
        </extensions>
      </trkpt>
      <trkpt lat="45.7875125" lon="7.7722675">
        <ele>2409</ele>
        <extensions>
          <distance>49146</distance>
        </extensions>
      </trkpt>
      <trkpt lat="45.787445" lon="7.772075">
        <ele>2409</ele>
        <extensions>
          <distance>49163</distance>
        </extensions>
      </trkpt>
      <trkpt lat="45.7873775" lon="7.7718825">
        <ele>2411</ele>
        <extensions>
          <distance>49179</distance>
        </extensions>
      </trkpt>
      <trkpt lat="45.78731" lon="7.77169">
        <ele>2411</ele>
        <extensions>
          <distance>49196</distance>
        </extensions>
      </trkpt>
      <trkpt lat="45.7871925" lon="7.77154">
        <ele>2412</ele>
        <extensions>
          <distance>49214</distance>
        </extensions>
      </trkpt>
      <trkpt lat="45.787075" lon="7.77139">
        <ele>2412</ele>
        <extensions>
          <distance>49231</distance>
        </extensions>
      </trkpt>
      <trkpt lat="45.7869575" lon="7.771240000000001">
        <ele>2412</ele>
        <extensions>
          <distance>49249</distance>
        </extensions>
      </trkpt>
      <trkpt lat="45.78684" lon="7.77109">
        <ele>2411</ele>
        <extensions>
          <distance>49266</distance>
        </extensions>
      </trkpt>
      <trkpt lat="45.786575" lon="7.771145000000001">
        <ele>2409</ele>
        <extensions>
          <distance>49296</distance>
        </extensions>
      </trkpt>
      <trkpt lat="45.78631" lon="7.7712">
        <ele>2408</ele>
        <extensions>
          <distance>49326</distance>
        </extensions>
      </trkpt>
      <trkpt lat="45.78609" lon="7.771145000000001">
        <ele>2408</ele>
        <extensions>
          <distance>49351</distance>
        </extensions>
      </trkpt>
      <trkpt lat="45.78587" lon="7.77109">
        <ele>2406</ele>
        <extensions>
          <distance>49375</distance>
        </extensions>
      </trkpt>
      <trkpt lat="45.78578" lon="7.77098">
        <ele>2406</ele>
        <extensions>
          <distance>49389</distance>
        </extensions>
      </trkpt>
      <trkpt lat="45.78571" lon="7.770685">
        <ele>2406</ele>
        <extensions>
          <distance>49413</distance>
        </extensions>
      </trkpt>
      <trkpt lat="45.78564" lon="7.77039">
        <ele>2406</ele>
        <extensions>
          <distance>49437</distance>
        </extensions>
      </trkpt>
      <trkpt lat="45.78567" lon="7.77003">
        <ele>2408</ele>
        <extensions>
          <distance>49465</distance>
        </extensions>
      </trkpt>
      <trkpt lat="45.7857775" lon="7.769762500000001">
        <ele>2410</ele>
        <extensions>
          <distance>49489</distance>
        </extensions>
      </trkpt>
      <trkpt lat="45.785885" lon="7.769495">
        <ele>2413</ele>
        <extensions>
          <distance>49513</distance>
        </extensions>
      </trkpt>
      <trkpt lat="45.7859925" lon="7.7692274999999995">
        <ele>2414</ele>
        <extensions>
          <distance>49537</distance>
        </extensions>
      </trkpt>
      <trkpt lat="45.7861" lon="7.76896">
        <ele>2415</ele>
        <extensions>
          <distance>49561</distance>
        </extensions>
      </trkpt>
      <trkpt lat="45.786154999999994" lon="7.768675">
        <ele>2417</ele>
        <extensions>
          <distance>49585</distance>
        </extensions>
      </trkpt>
      <trkpt lat="45.78621" lon="7.76839">
        <ele>2418</ele>
        <extensions>
          <distance>49608</distance>
        </extensions>
      </trkpt>
      <trkpt lat="45.786199999999994" lon="7.7681275">
        <ele>2419</ele>
        <extensions>
          <distance>49628</distance>
        </extensions>
      </trkpt>
      <trkpt lat="45.78619" lon="7.7678650000000005">
        <ele>2421</ele>
        <extensions>
          <distance>49649</distance>
        </extensions>
      </trkpt>
      <trkpt lat="45.78618" lon="7.767602500000001">
        <ele>2422</ele>
        <extensions>
          <distance>49669</distance>
        </extensions>
      </trkpt>
      <trkpt lat="45.78617" lon="7.76734">
        <ele>2423</ele>
        <extensions>
          <distance>49689</distance>
        </extensions>
      </trkpt>
      <trkpt lat="45.786069999999995" lon="7.7671399999999995">
        <ele>2424</ele>
        <extensions>
          <distance>49709</distance>
        </extensions>
      </trkpt>
      <trkpt lat="45.78597" lon="7.76694">
        <ele>2424</ele>
        <extensions>
          <distance>49728</distance>
        </extensions>
      </trkpt>
      <trkpt lat="45.786095" lon="7.7666775">
        <ele>2427</ele>
        <extensions>
          <distance>49753</distance>
        </extensions>
      </trkpt>
      <trkpt lat="45.78622" lon="7.766415">
        <ele>2429</ele>
        <extensions>
          <distance>49777</distance>
        </extensions>
      </trkpt>
      <trkpt lat="45.786345" lon="7.7661525000000005">
        <ele>2433</ele>
        <extensions>
          <distance>49802</distance>
        </extensions>
      </trkpt>
      <trkpt lat="45.78647" lon="7.76589">
        <ele>2438</ele>
        <extensions>
          <distance>49827</distance>
        </extensions>
      </trkpt>
      <trkpt lat="45.786675" lon="7.7657">
        <ele>2439</ele>
        <extensions>
          <distance>49855</distance>
        </extensions>
      </trkpt>
      <trkpt lat="45.78688" lon="7.76551">
        <ele>2439</ele>
        <extensions>
          <distance>49882</distance>
        </extensions>
      </trkpt>
      <trkpt lat="45.78698" lon="7.7652149999999995">
        <ele>2440</ele>
        <extensions>
          <distance>49907</distance>
        </extensions>
      </trkpt>
      <trkpt lat="45.78708" lon="7.76492">
        <ele>2440</ele>
        <extensions>
          <distance>49933</distance>
        </extensions>
      </trkpt>
      <trkpt lat="45.787105" lon="7.764715">
        <ele>2441</ele>
        <extensions>
          <distance>49949</distance>
        </extensions>
      </trkpt>
      <trkpt lat="45.78713" lon="7.76451">
        <ele>2443</ele>
        <extensions>
          <distance>49965</distance>
        </extensions>
      </trkpt>
      <trkpt lat="45.78712125" lon="7.7643081249999994">
        <ele>2447</ele>
        <extensions>
          <distance>49981</distance>
        </extensions>
      </trkpt>
      <trkpt lat="45.78711249999999" lon="7.764106249999999">
        <ele>2450</ele>
        <extensions>
          <distance>49997</distance>
        </extensions>
      </trkpt>
      <trkpt lat="45.78710374999999" lon="7.763904374999999">
        <ele>2453</ele>
        <extensions>
          <distance>50013</distance>
        </extensions>
      </trkpt>
      <trkpt lat="45.787094999999994" lon="7.7637025">
        <ele>2456</ele>
        <extensions>
          <distance>50030</distance>
        </extensions>
      </trkpt>
      <trkpt lat="45.787086249999994" lon="7.763500625000001">
        <ele>2459</ele>
        <extensions>
          <distance>50046</distance>
        </extensions>
      </trkpt>
      <trkpt lat="45.787077499999995" lon="7.763298750000001">
        <ele>2463</ele>
        <extensions>
          <distance>50062</distance>
        </extensions>
      </trkpt>
      <trkpt lat="45.787068749999996" lon="7.7630968750000005">
        <ele>2468</ele>
        <extensions>
          <distance>50078</distance>
        </extensions>
      </trkpt>
      <trkpt lat="45.78706" lon="7.762895">
        <ele>2472</ele>
        <extensions>
          <distance>50094</distance>
        </extensions>
      </trkpt>
      <trkpt lat="45.78705125" lon="7.762693125">
        <ele>2476</ele>
        <extensions>
          <distance>50111</distance>
        </extensions>
      </trkpt>
      <trkpt lat="45.7870425" lon="7.76249125">
        <ele>2480</ele>
        <extensions>
          <distance>50127</distance>
        </extensions>
      </trkpt>
      <trkpt lat="45.78703375" lon="7.762289375">
        <ele>2483</ele>
        <extensions>
          <distance>50143</distance>
        </extensions>
      </trkpt>
      <trkpt lat="45.787025" lon="7.7620875">
        <ele>2485</ele>
        <extensions>
          <distance>50159</distance>
        </extensions>
      </trkpt>
      <trkpt lat="45.78701625" lon="7.761885625">
        <ele>2487</ele>
        <extensions>
          <distance>50175</distance>
        </extensions>
      </trkpt>
      <trkpt lat="45.7870075" lon="7.7616837499999995">
        <ele>2489</ele>
        <extensions>
          <distance>50190</distance>
        </extensions>
      </trkpt>
      <trkpt lat="45.78699875" lon="7.761481874999999">
        <ele>2490</ele>
        <extensions>
          <distance>50206</distance>
        </extensions>
      </trkpt>
      <trkpt lat="45.78699" lon="7.76128">
        <ele>2490</ele>
        <extensions>
          <distance>50222</distance>
        </extensions>
      </trkpt>
      <trkpt lat="45.7871" lon="7.76111">
        <ele>2490</ele>
        <extensions>
          <distance>50240</distance>
        </extensions>
      </trkpt>
      <trkpt lat="45.78724187500001" lon="7.760976875000001">
        <ele>2490</ele>
        <extensions>
          <distance>50259</distance>
        </extensions>
      </trkpt>
      <trkpt lat="45.787383750000004" lon="7.76084375">
        <ele>2490</ele>
        <extensions>
          <distance>50278</distance>
        </extensions>
      </trkpt>
      <trkpt lat="45.787525625" lon="7.760710625">
        <ele>2489</ele>
        <extensions>
          <distance>50297</distance>
        </extensions>
      </trkpt>
      <trkpt lat="45.7876675" lon="7.7605775">
        <ele>2488</ele>
        <extensions>
          <distance>50315</distance>
        </extensions>
      </trkpt>
      <trkpt lat="45.787809374999995" lon="7.7604443750000005">
        <ele>2488</ele>
        <extensions>
          <distance>50334</distance>
        </extensions>
      </trkpt>
      <trkpt lat="45.78795125" lon="7.76031125">
        <ele>2488</ele>
        <extensions>
          <distance>50353</distance>
        </extensions>
      </trkpt>
      <trkpt lat="45.788093125" lon="7.7601781249999995">
        <ele>2488</ele>
        <extensions>
          <distance>50372</distance>
        </extensions>
      </trkpt>
      <trkpt lat="45.788235" lon="7.760045">
        <ele>2488</ele>
        <extensions>
          <distance>50391</distance>
        </extensions>
      </trkpt>
      <trkpt lat="45.788376875" lon="7.759911875">
        <ele>2488</ele>
        <extensions>
          <distance>50410</distance>
        </extensions>
      </trkpt>
      <trkpt lat="45.78851875" lon="7.75977875">
        <ele>2493</ele>
        <extensions>
          <distance>50429</distance>
        </extensions>
      </trkpt>
      <trkpt lat="45.788660625000006" lon="7.759645624999999">
        <ele>2496</ele>
        <extensions>
          <distance>50448</distance>
        </extensions>
      </trkpt>
      <trkpt lat="45.7888025" lon="7.7595125">
        <ele>2496</ele>
        <extensions>
          <distance>50467</distance>
        </extensions>
      </trkpt>
      <trkpt lat="45.788944375" lon="7.759379375">
        <ele>2497</ele>
        <extensions>
          <distance>50485</distance>
        </extensions>
      </trkpt>
      <trkpt lat="45.78908625" lon="7.75924625">
        <ele>2497</ele>
        <extensions>
          <distance>50504</distance>
        </extensions>
      </trkpt>
      <trkpt lat="45.789228124999994" lon="7.759113125000001">
        <ele>2501</ele>
        <extensions>
          <distance>50523</distance>
        </extensions>
      </trkpt>
      <trkpt lat="45.78937" lon="7.75898">
        <ele>2507</ele>
        <extensions>
          <distance>50543</distance>
        </extensions>
      </trkpt>
      <trkpt lat="45.789435" lon="7.7587150000000005">
        <ele>2509</ele>
        <extensions>
          <distance>50565</distance>
        </extensions>
      </trkpt>
      <trkpt lat="45.7895" lon="7.75845">
        <ele>2513</ele>
        <extensions>
          <distance>50587</distance>
        </extensions>
      </trkpt>
      <trkpt lat="45.78971" lon="7.75847">
        <ele>2526</ele>
        <extensions>
          <distance>50614</distance>
        </extensions>
      </trkpt>
      <trkpt lat="45.7898075" lon="7.758255">
        <ele>2533</ele>
        <extensions>
          <distance>50635</distance>
        </extensions>
      </trkpt>
      <trkpt lat="45.789905000000005" lon="7.758039999999999">
        <ele>2540</ele>
        <extensions>
          <distance>50656</distance>
        </extensions>
      </trkpt>
      <trkpt lat="45.7900025" lon="7.7578249999999995">
        <ele>2544</ele>
        <extensions>
          <distance>50677</distance>
        </extensions>
      </trkpt>
      <trkpt lat="45.7901" lon="7.75761">
        <ele>2548</ele>
        <extensions>
          <distance>50697</distance>
        </extensions>
      </trkpt>
      <trkpt lat="45.7902575" lon="7.75746">
        <ele>2555</ele>
        <extensions>
          <distance>50719</distance>
        </extensions>
      </trkpt>
      <trkpt lat="45.790415" lon="7.75731">
        <ele>2559</ele>
        <extensions>
          <distance>50740</distance>
        </extensions>
      </trkpt>
      <trkpt lat="45.7905725" lon="7.757160000000001">
        <ele>2563</ele>
        <extensions>
          <distance>50762</distance>
        </extensions>
      </trkpt>
      <trkpt lat="45.79073" lon="7.75701">
        <ele>2567</ele>
        <extensions>
          <distance>50783</distance>
        </extensions>
      </trkpt>
      <trkpt lat="45.790855" lon="7.75713">
        <ele>2570</ele>
        <extensions>
          <distance>50800</distance>
        </extensions>
      </trkpt>
      <trkpt lat="45.79098" lon="7.75725">
        <ele>2574</ele>
        <extensions>
          <distance>50817</distance>
        </extensions>
      </trkpt>
      <trkpt lat="45.791225" lon="7.757295">
        <ele>2585</ele>
        <extensions>
          <distance>50847</distance>
        </extensions>
      </trkpt>
      <trkpt lat="45.79147" lon="7.75734">
        <ele>2601</ele>
        <extensions>
          <distance>50879</distance>
        </extensions>
      </trkpt>
      <trkpt lat="45.791399999999996" lon="7.75758">
        <ele>2603</ele>
        <extensions>
          <distance>50899</distance>
        </extensions>
      </trkpt>
      <trkpt lat="45.79133" lon="7.75782">
        <ele>2603</ele>
        <extensions>
          <distance>50919</distance>
        </extensions>
      </trkpt>
      <trkpt lat="45.79141" lon="7.75813">
        <ele>2610</ele>
        <extensions>
          <distance>50946</distance>
        </extensions>
      </trkpt>
      <trkpt lat="45.791579999999996" lon="7.7581500000000005">
        <ele>2619</ele>
        <extensions>
          <distance>50967</distance>
        </extensions>
      </trkpt>
      <trkpt lat="45.79175" lon="7.75817">
        <ele>2625</ele>
        <extensions>
          <distance>50986</distance>
        </extensions>
      </trkpt>
      <trkpt lat="45.791865" lon="7.7583850000000005">
        <ele>2626</ele>
        <extensions>
          <distance>51007</distance>
        </extensions>
      </trkpt>
      <trkpt lat="45.79198" lon="7.7586">
        <ele>2626</ele>
        <extensions>
          <distance>51029</distance>
        </extensions>
      </trkpt>
      <trkpt lat="45.792125" lon="7.758335000000001">
        <ele>2633</ele>
        <extensions>
          <distance>51055</distance>
        </extensions>
      </trkpt>
      <trkpt lat="45.79227" lon="7.75807">
        <ele>2643</ele>
        <extensions>
          <distance>51083</distance>
        </extensions>
      </trkpt>
      <trkpt lat="45.792429999999996" lon="7.75803">
        <ele>2650</ele>
        <extensions>
          <distance>51103</distance>
        </extensions>
      </trkpt>
      <trkpt lat="45.79259" lon="7.75799">
        <ele>2656</ele>
        <extensions>
          <distance>51122</distance>
        </extensions>
      </trkpt>
      <trkpt lat="45.79272374999999" lon="7.7580475">
        <ele>2657</ele>
        <extensions>
          <distance>51137</distance>
        </extensions>
      </trkpt>
      <trkpt lat="45.7928575" lon="7.7581050000000005">
        <ele>2661</ele>
        <extensions>
          <distance>51153</distance>
        </extensions>
      </trkpt>
      <trkpt lat="45.79299125" lon="7.7581625">
        <ele>2665</ele>
        <extensions>
          <distance>51169</distance>
        </extensions>
      </trkpt>
      <trkpt lat="45.793125" lon="7.75822">
        <ele>2669</ele>
        <extensions>
          <distance>51185</distance>
        </extensions>
      </trkpt>
      <trkpt lat="45.79325875000001" lon="7.7582775">
        <ele>2671</ele>
        <extensions>
          <distance>51201</distance>
        </extensions>
      </trkpt>
      <trkpt lat="45.7933925" lon="7.758335">
        <ele>2671</ele>
        <extensions>
          <distance>51216</distance>
        </extensions>
      </trkpt>
      <trkpt lat="45.79352625" lon="7.758392499999999">
        <ele>2671</ele>
        <extensions>
          <distance>51232</distance>
        </extensions>
      </trkpt>
      <trkpt lat="45.79366" lon="7.75845">
        <ele>2671</ele>
        <extensions>
          <distance>51247</distance>
        </extensions>
      </trkpt>
      <trkpt lat="45.79379125" lon="7.758565">
        <ele>2665</ele>
        <extensions>
          <distance>51264</distance>
        </extensions>
      </trkpt>
      <trkpt lat="45.7939225" lon="7.75868">
        <ele>2659</ele>
        <extensions>
          <distance>51283</distance>
        </extensions>
      </trkpt>
      <trkpt lat="45.79405375" lon="7.758795">
        <ele>2655</ele>
        <extensions>
          <distance>51300</distance>
        </extensions>
      </trkpt>
      <trkpt lat="45.794185" lon="7.75891">
        <ele>2649</ele>
        <extensions>
          <distance>51318</distance>
        </extensions>
      </trkpt>
      <trkpt lat="45.79431625" lon="7.759025">
        <ele>2645</ele>
        <extensions>
          <distance>51336</distance>
        </extensions>
      </trkpt>
      <trkpt lat="45.794447500000004" lon="7.75914">
        <ele>2639</ele>
        <extensions>
          <distance>51354</distance>
        </extensions>
      </trkpt>
      <trkpt lat="45.79457875" lon="7.759255">
        <ele>2632</ele>
        <extensions>
          <distance>51372</distance>
        </extensions>
      </trkpt>
      <trkpt lat="45.79471" lon="7.75937">
        <ele>2625</ele>
        <extensions>
          <distance>51391</distance>
        </extensions>
      </trkpt>
      <trkpt lat="45.79484" lon="7.75969">
        <ele>2613</ele>
        <extensions>
          <distance>51422</distance>
        </extensions>
      </trkpt>
      <trkpt lat="45.79497" lon="7.76001">
        <ele>2605</ele>
        <extensions>
          <distance>51452</distance>
        </extensions>
      </trkpt>
      <trkpt lat="45.79518" lon="7.76016">
        <ele>2603</ele>
        <extensions>
          <distance>51478</distance>
        </extensions>
      </trkpt>
      <trkpt lat="45.7952425" lon="7.760367499999999">
        <ele>2601</ele>
        <extensions>
          <distance>51496</distance>
        </extensions>
      </trkpt>
      <trkpt lat="45.795305" lon="7.760574999999999">
        <ele>2596</ele>
        <extensions>
          <distance>51514</distance>
        </extensions>
      </trkpt>
      <trkpt lat="45.7953675" lon="7.7607824999999995">
        <ele>2592</ele>
        <extensions>
          <distance>51532</distance>
        </extensions>
      </trkpt>
      <trkpt lat="45.795429999999996" lon="7.76099">
        <ele>2587</ele>
        <extensions>
          <distance>51550</distance>
        </extensions>
      </trkpt>
      <trkpt lat="45.795492499999995" lon="7.7611975">
        <ele>2581</ele>
        <extensions>
          <distance>51569</distance>
        </extensions>
      </trkpt>
      <trkpt lat="45.79555499999999" lon="7.761405">
        <ele>2575</ele>
        <extensions>
          <distance>51587</distance>
        </extensions>
      </trkpt>
      <trkpt lat="45.79561749999999" lon="7.7616125">
        <ele>2567</ele>
        <extensions>
          <distance>51607</distance>
        </extensions>
      </trkpt>
      <trkpt lat="45.79568" lon="7.76182">
        <ele>2560</ele>
        <extensions>
          <distance>51626</distance>
        </extensions>
      </trkpt>
      <trkpt lat="45.79585" lon="7.761965">
        <ele>2554</ele>
        <extensions>
          <distance>51648</distance>
        </extensions>
      </trkpt>
      <trkpt lat="45.79602" lon="7.76211">
        <ele>2547</ele>
        <extensions>
          <distance>51672</distance>
        </extensions>
      </trkpt>
      <trkpt lat="45.796099999999996" lon="7.762275">
        <ele>2538</ele>
        <extensions>
          <distance>51690</distance>
        </extensions>
      </trkpt>
      <trkpt lat="45.79618" lon="7.76244">
        <ele>2527</ele>
        <extensions>
          <distance>51709</distance>
        </extensions>
      </trkpt>
      <trkpt lat="45.79604" lon="7.76262">
        <ele>2527</ele>
        <extensions>
          <distance>51730</distance>
        </extensions>
      </trkpt>
      <trkpt lat="45.796049999999994" lon="7.762875">
        <ele>2513</ele>
        <extensions>
          <distance>51752</distance>
        </extensions>
      </trkpt>
      <trkpt lat="45.79606" lon="7.76313">
        <ele>2504</ele>
        <extensions>
          <distance>51774</distance>
        </extensions>
      </trkpt>
      <trkpt lat="45.7961875" lon="7.7632475">
        <ele>2494</ele>
        <extensions>
          <distance>51793</distance>
        </extensions>
      </trkpt>
      <trkpt lat="45.796315" lon="7.763365">
        <ele>2482</ele>
        <extensions>
          <distance>51814</distance>
        </extensions>
      </trkpt>
      <trkpt lat="45.7964425" lon="7.7634825">
        <ele>2470</ele>
        <extensions>
          <distance>51835</distance>
        </extensions>
      </trkpt>
      <trkpt lat="45.79657" lon="7.7636">
        <ele>2462</ele>
        <extensions>
          <distance>51853</distance>
        </extensions>
      </trkpt>
      <trkpt lat="45.796760000000006" lon="7.76352">
        <ele>2456</ele>
        <extensions>
          <distance>51876</distance>
        </extensions>
      </trkpt>
      <trkpt lat="45.79695" lon="7.76344">
        <ele>2449</ele>
        <extensions>
          <distance>51899</distance>
        </extensions>
      </trkpt>
      <trkpt lat="45.79714" lon="7.76366">
        <ele>2435</ele>
        <extensions>
          <distance>51930</distance>
        </extensions>
      </trkpt>
      <trkpt lat="45.79727" lon="7.7635925">
        <ele>2428</ele>
        <extensions>
          <distance>51947</distance>
        </extensions>
      </trkpt>
      <trkpt lat="45.797399999999996" lon="7.763525">
        <ele>2421</ele>
        <extensions>
          <distance>51963</distance>
        </extensions>
      </trkpt>
      <trkpt lat="45.797529999999995" lon="7.7634574999999995">
        <ele>2415</ele>
        <extensions>
          <distance>51980</distance>
        </extensions>
      </trkpt>
      <trkpt lat="45.79766" lon="7.76339">
        <ele>2410</ele>
        <extensions>
          <distance>51996</distance>
        </extensions>
      </trkpt>
      <trkpt lat="45.797825" lon="7.76344125">
        <ele>2405</ele>
        <extensions>
          <distance>52016</distance>
        </extensions>
      </trkpt>
      <trkpt lat="45.79799" lon="7.7634925">
        <ele>2402</ele>
        <extensions>
          <distance>52035</distance>
        </extensions>
      </trkpt>
      <trkpt lat="45.798155" lon="7.76354375">
        <ele>2399</ele>
        <extensions>
          <distance>52054</distance>
        </extensions>
      </trkpt>
      <trkpt lat="45.798320000000004" lon="7.7635950000000005">
        <ele>2395</ele>
        <extensions>
          <distance>52073</distance>
        </extensions>
      </trkpt>
      <trkpt lat="45.798485" lon="7.763646250000001">
        <ele>2391</ele>
        <extensions>
          <distance>52092</distance>
        </extensions>
      </trkpt>
      <trkpt lat="45.79865" lon="7.7636975">
        <ele>2386</ele>
        <extensions>
          <distance>52111</distance>
        </extensions>
      </trkpt>
      <trkpt lat="45.798815000000005" lon="7.7637487499999995">
        <ele>2383</ele>
        <extensions>
          <distance>52130</distance>
        </extensions>
      </trkpt>
      <trkpt lat="45.79898" lon="7.7638">
        <ele>2380</ele>
        <extensions>
          <distance>52149</distance>
        </extensions>
      </trkpt>
      <trkpt lat="45.799105" lon="7.76372">
        <ele>2377</ele>
        <extensions>
          <distance>52165</distance>
        </extensions>
      </trkpt>
      <trkpt lat="45.79923" lon="7.7636400000000005">
        <ele>2376</ele>
        <extensions>
          <distance>52180</distance>
        </extensions>
      </trkpt>
      <trkpt lat="45.799355000000006" lon="7.76356">
        <ele>2374</ele>
        <extensions>
          <distance>52196</distance>
        </extensions>
      </trkpt>
      <trkpt lat="45.79948" lon="7.76348">
        <ele>2372</ele>
        <extensions>
          <distance>52211</distance>
        </extensions>
      </trkpt>
      <trkpt lat="45.799655" lon="7.76327">
        <ele>2372</ele>
        <extensions>
          <distance>52236</distance>
        </extensions>
      </trkpt>
      <trkpt lat="45.79983" lon="7.76306">
        <ele>2371</ele>
        <extensions>
          <distance>52262</distance>
        </extensions>
      </trkpt>
      <trkpt lat="45.79999" lon="7.76327">
        <ele>2367</ele>
        <extensions>
          <distance>52286</distance>
        </extensions>
      </trkpt>
      <trkpt lat="45.800145" lon="7.7632650000000005">
        <ele>2364</ele>
        <extensions>
          <distance>52304</distance>
        </extensions>
      </trkpt>
      <trkpt lat="45.8003" lon="7.76326">
        <ele>2361</ele>
        <extensions>
          <distance>52321</distance>
        </extensions>
      </trkpt>
      <trkpt lat="45.80052" lon="7.7631250000000005">
        <ele>2351</ele>
        <extensions>
          <distance>52349</distance>
        </extensions>
      </trkpt>
      <trkpt lat="45.80074" lon="7.76299">
        <ele>2347</ele>
        <extensions>
          <distance>52376</distance>
        </extensions>
      </trkpt>
      <trkpt lat="45.800905" lon="7.7629600000000005">
        <ele>2347</ele>
        <extensions>
          <distance>52395</distance>
        </extensions>
      </trkpt>
      <trkpt lat="45.801069999999996" lon="7.762930000000001">
        <ele>2346</ele>
        <extensions>
          <distance>52413</distance>
        </extensions>
      </trkpt>
      <trkpt lat="45.801235" lon="7.7629">
        <ele>2345</ele>
        <extensions>
          <distance>52432</distance>
        </extensions>
      </trkpt>
      <trkpt lat="45.8014" lon="7.76287">
        <ele>2343</ele>
        <extensions>
          <distance>52450</distance>
        </extensions>
      </trkpt>
      <trkpt lat="45.80154" lon="7.76257">
        <ele>2343</ele>
        <extensions>
          <distance>52478</distance>
        </extensions>
      </trkpt>
      <trkpt lat="45.801677500000004" lon="7.7625575">
        <ele>2343</ele>
        <extensions>
          <distance>52494</distance>
        </extensions>
      </trkpt>
      <trkpt lat="45.801815000000005" lon="7.762545">
        <ele>2343</ele>
        <extensions>
          <distance>52509</distance>
        </extensions>
      </trkpt>
      <trkpt lat="45.8019525" lon="7.762532500000001">
        <ele>2343</ele>
        <extensions>
          <distance>52524</distance>
        </extensions>
      </trkpt>
      <trkpt lat="45.80209" lon="7.76252">
        <ele>2350</ele>
        <extensions>
          <distance>52540</distance>
        </extensions>
      </trkpt>
      <trkpt lat="45.80224" lon="7.7624225000000004">
        <ele>2351</ele>
        <extensions>
          <distance>52558</distance>
        </extensions>
      </trkpt>
      <trkpt lat="45.80239" lon="7.762325000000001">
        <ele>2351</ele>
        <extensions>
          <distance>52577</distance>
        </extensions>
      </trkpt>
      <trkpt lat="45.80254" lon="7.7622275">
        <ele>2351</ele>
        <extensions>
          <distance>52595</distance>
        </extensions>
      </trkpt>
      <trkpt lat="45.80269" lon="7.76213">
        <ele>2351</ele>
        <extensions>
          <distance>52613</distance>
        </extensions>
      </trkpt>
      <trkpt lat="45.80285" lon="7.761965">
        <ele>2350</ele>
        <extensions>
          <distance>52635</distance>
        </extensions>
      </trkpt>
      <trkpt lat="45.80301" lon="7.7618">
        <ele>2349</ele>
        <extensions>
          <distance>52657</distance>
        </extensions>
      </trkpt>
      <trkpt lat="45.803105" lon="7.76159">
        <ele>2348</ele>
        <extensions>
          <distance>52677</distance>
        </extensions>
      </trkpt>
      <trkpt lat="45.8032" lon="7.76138">
        <ele>2348</ele>
        <extensions>
          <distance>52696</distance>
        </extensions>
      </trkpt>
      <trkpt lat="45.803335" lon="7.7612725000000005">
        <ele>2348</ele>
        <extensions>
          <distance>52713</distance>
        </extensions>
      </trkpt>
      <trkpt lat="45.80347" lon="7.761165">
        <ele>2347</ele>
        <extensions>
          <distance>52730</distance>
        </extensions>
      </trkpt>
      <trkpt lat="45.803605" lon="7.7610575">
        <ele>2347</ele>
        <extensions>
          <distance>52748</distance>
        </extensions>
      </trkpt>
      <trkpt lat="45.80374" lon="7.76095">
        <ele>2347</ele>
        <extensions>
          <distance>52765</distance>
        </extensions>
      </trkpt>
      <trkpt lat="45.803754999999995" lon="7.7606925">
        <ele>2347</ele>
        <extensions>
          <distance>52785</distance>
        </extensions>
      </trkpt>
      <trkpt lat="45.80377" lon="7.760435">
        <ele>2345</ele>
        <extensions>
          <distance>52805</distance>
        </extensions>
      </trkpt>
      <trkpt lat="45.803785000000005" lon="7.7601775">
        <ele>2345</ele>
        <extensions>
          <distance>52825</distance>
        </extensions>
      </trkpt>
      <trkpt lat="45.8038" lon="7.75992">
        <ele>2345</ele>
        <extensions>
          <distance>52845</distance>
        </extensions>
      </trkpt>
      <trkpt lat="45.803995" lon="7.759965">
        <ele>2344</ele>
        <extensions>
          <distance>52867</distance>
        </extensions>
      </trkpt>
      <trkpt lat="45.80419" lon="7.76001">
        <ele>2341</ele>
        <extensions>
          <distance>52889</distance>
        </extensions>
      </trkpt>
      <trkpt lat="45.8041875" lon="7.7597475">
        <ele>2340</ele>
        <extensions>
          <distance>52910</distance>
        </extensions>
      </trkpt>
      <trkpt lat="45.804185000000004" lon="7.759485">
        <ele>2340</ele>
        <extensions>
          <distance>52930</distance>
        </extensions>
      </trkpt>
      <trkpt lat="45.8041825" lon="7.7592225">
        <ele>2332</ele>
        <extensions>
          <distance>52951</distance>
        </extensions>
      </trkpt>
      <trkpt lat="45.80418" lon="7.75896">
        <ele>2324</ele>
        <extensions>
          <distance>52973</distance>
        </extensions>
      </trkpt>
      <trkpt lat="45.8042225" lon="7.758635">
        <ele>2319</ele>
        <extensions>
          <distance>52999</distance>
        </extensions>
      </trkpt>
      <trkpt lat="45.804265" lon="7.75831">
        <ele>2315</ele>
        <extensions>
          <distance>53025</distance>
        </extensions>
      </trkpt>
      <trkpt lat="45.8043075" lon="7.757985">
        <ele>2311</ele>
        <extensions>
          <distance>53051</distance>
        </extensions>
      </trkpt>
      <trkpt lat="45.80435" lon="7.75766">
        <ele>2309</ele>
        <extensions>
          <distance>53077</distance>
        </extensions>
      </trkpt>
      <trkpt lat="45.80431875" lon="7.75747125">
        <ele>2306</ele>
        <extensions>
          <distance>53092</distance>
        </extensions>
      </trkpt>
      <trkpt lat="45.8042875" lon="7.7572825">
        <ele>2303</ele>
        <extensions>
          <distance>53108</distance>
        </extensions>
      </trkpt>
      <trkpt lat="45.80425625" lon="7.757093749999999">
        <ele>2300</ele>
        <extensions>
          <distance>53123</distance>
        </extensions>
      </trkpt>
      <trkpt lat="45.804225" lon="7.756905">
        <ele>2297</ele>
        <extensions>
          <distance>53138</distance>
        </extensions>
      </trkpt>
      <trkpt lat="45.80419375" lon="7.75671625">
        <ele>2296</ele>
        <extensions>
          <distance>53153</distance>
        </extensions>
      </trkpt>
      <trkpt lat="45.804162500000004" lon="7.7565275">
        <ele>2296</ele>
        <extensions>
          <distance>53169</distance>
        </extensions>
      </trkpt>
      <trkpt lat="45.80413125" lon="7.756338749999999">
        <ele>2296</ele>
        <extensions>
          <distance>53184</distance>
        </extensions>
      </trkpt>
      <trkpt lat="45.8041" lon="7.75615">
        <ele>2294</ele>
        <extensions>
          <distance>53199</distance>
        </extensions>
      </trkpt>
      <trkpt lat="45.804002499999996" lon="7.7558625">
        <ele>2287</ele>
        <extensions>
          <distance>53225</distance>
        </extensions>
      </trkpt>
      <trkpt lat="45.803905" lon="7.755575">
        <ele>2284</ele>
        <extensions>
          <distance>53250</distance>
        </extensions>
      </trkpt>
      <trkpt lat="45.803807500000005" lon="7.7552875">
        <ele>2281</ele>
        <extensions>
          <distance>53275</distance>
        </extensions>
      </trkpt>
      <trkpt lat="45.80371" lon="7.755">
        <ele>2278</ele>
        <extensions>
          <distance>53300</distance>
        </extensions>
      </trkpt>
      <trkpt lat="45.80370125" lon="7.754747500000001">
        <ele>2278</ele>
        <extensions>
          <distance>53319</distance>
        </extensions>
      </trkpt>
      <trkpt lat="45.8036925" lon="7.754495">
        <ele>2278</ele>
        <extensions>
          <distance>53339</distance>
        </extensions>
      </trkpt>
      <trkpt lat="45.80368375" lon="7.7542425">
        <ele>2277</ele>
        <extensions>
          <distance>53359</distance>
        </extensions>
      </trkpt>
      <trkpt lat="45.803675" lon="7.75399">
        <ele>2273</ele>
        <extensions>
          <distance>53378</distance>
        </extensions>
      </trkpt>
      <trkpt lat="45.80366625" lon="7.7537375">
        <ele>2269</ele>
        <extensions>
          <distance>53398</distance>
        </extensions>
      </trkpt>
      <trkpt lat="45.8036575" lon="7.7534849999999995">
        <ele>2265</ele>
        <extensions>
          <distance>53419</distance>
        </extensions>
      </trkpt>
      <trkpt lat="45.80364875" lon="7.753232499999999">
        <ele>2259</ele>
        <extensions>
          <distance>53439</distance>
        </extensions>
      </trkpt>
      <trkpt lat="45.80364" lon="7.75298">
        <ele>2252</ele>
        <extensions>
          <distance>53460</distance>
        </extensions>
      </trkpt>
      <trkpt lat="45.803695000000005" lon="7.7527">
        <ele>2245</ele>
        <extensions>
          <distance>53484</distance>
        </extensions>
      </trkpt>
      <trkpt lat="45.80375" lon="7.75242">
        <ele>2240</ele>
        <extensions>
          <distance>53507</distance>
        </extensions>
      </trkpt>
      <trkpt lat="45.803805" lon="7.75214">
        <ele>2236</ele>
        <extensions>
          <distance>53530</distance>
        </extensions>
      </trkpt>
      <trkpt lat="45.80386" lon="7.75186">
        <ele>2229</ele>
        <extensions>
          <distance>53553</distance>
        </extensions>
      </trkpt>
      <trkpt lat="45.804036249999996" lon="7.751595">
        <ele>2228</ele>
        <extensions>
          <distance>53582</distance>
        </extensions>
      </trkpt>
      <trkpt lat="45.8042125" lon="7.751329999999999">
        <ele>2227</ele>
        <extensions>
          <distance>53610</distance>
        </extensions>
      </trkpt>
      <trkpt lat="45.80438875" lon="7.751065">
        <ele>2226</ele>
        <extensions>
          <distance>53639</distance>
        </extensions>
      </trkpt>
      <trkpt lat="45.804565" lon="7.7508">
        <ele>2222</ele>
        <extensions>
          <distance>53667</distance>
        </extensions>
      </trkpt>
      <trkpt lat="45.80474125" lon="7.750535">
        <ele>2216</ele>
        <extensions>
          <distance>53696</distance>
        </extensions>
      </trkpt>
      <trkpt lat="45.8049175" lon="7.75027">
        <ele>2210</ele>
        <extensions>
          <distance>53726</distance>
        </extensions>
      </trkpt>
      <trkpt lat="45.80509375" lon="7.750005">
        <ele>2208</ele>
        <extensions>
          <distance>53754</distance>
        </extensions>
      </trkpt>
      <trkpt lat="45.80527" lon="7.74974">
        <ele>2206</ele>
        <extensions>
          <distance>53783</distance>
        </extensions>
      </trkpt>
      <trkpt lat="45.80528" lon="7.74964">
        <ele>2203</ele>
        <extensions>
          <distance>53791</distance>
        </extensions>
      </trkpt>
      <trkpt lat="45.80517" lon="7.74961">
        <ele>2197</ele>
        <extensions>
          <distance>53805</distance>
        </extensions>
      </trkpt>
      <trkpt lat="45.80525" lon="7.749445">
        <ele>2195</ele>
        <extensions>
          <distance>53820</distance>
        </extensions>
      </trkpt>
      <trkpt lat="45.80533" lon="7.74928">
        <ele>2193</ele>
        <extensions>
          <distance>53836</distance>
        </extensions>
      </trkpt>
      <trkpt lat="45.80521" lon="7.74928">
        <ele>2188</ele>
        <extensions>
          <distance>53850</distance>
        </extensions>
      </trkpt>
      <trkpt lat="45.80528" lon="7.74898">
        <ele>2182</ele>
        <extensions>
          <distance>53876</distance>
        </extensions>
      </trkpt>
      <trkpt lat="45.805095" lon="7.749065">
        <ele>2177</ele>
        <extensions>
          <distance>53898</distance>
        </extensions>
      </trkpt>
      <trkpt lat="45.80491" lon="7.74915">
        <ele>2171</ele>
        <extensions>
          <distance>53920</distance>
        </extensions>
      </trkpt>
      <trkpt lat="45.805009999999996" lon="7.7488">
        <ele>2169</ele>
        <extensions>
          <distance>53950</distance>
        </extensions>
      </trkpt>
      <trkpt lat="45.80511" lon="7.74845">
        <ele>2163</ele>
        <extensions>
          <distance>53980</distance>
        </extensions>
      </trkpt>
      <trkpt lat="45.80529" lon="7.7482299999999995">
        <ele>2159</ele>
        <extensions>
          <distance>54006</distance>
        </extensions>
      </trkpt>
      <trkpt lat="45.80547" lon="7.74801">
        <ele>2154</ele>
        <extensions>
          <distance>54033</distance>
        </extensions>
      </trkpt>
      <trkpt lat="45.80561875" lon="7.74794125">
        <ele>2154</ele>
        <extensions>
          <distance>54050</distance>
        </extensions>
      </trkpt>
      <trkpt lat="45.8057675" lon="7.7478725">
        <ele>2154</ele>
        <extensions>
          <distance>54068</distance>
        </extensions>
      </trkpt>
      <trkpt lat="45.80591625" lon="7.74780375">
        <ele>2153</ele>
        <extensions>
          <distance>54085</distance>
        </extensions>
      </trkpt>
      <trkpt lat="45.806065000000004" lon="7.7477350000000005">
        <ele>2153</ele>
        <extensions>
          <distance>54103</distance>
        </extensions>
      </trkpt>
      <trkpt lat="45.806213750000005" lon="7.74766625">
        <ele>2152</ele>
        <extensions>
          <distance>54120</distance>
        </extensions>
      </trkpt>
      <trkpt lat="45.806362500000006" lon="7.7475975">
        <ele>2147</ele>
        <extensions>
          <distance>54138</distance>
        </extensions>
      </trkpt>
      <trkpt lat="45.80651125" lon="7.747528750000001">
        <ele>2142</ele>
        <extensions>
          <distance>54156</distance>
        </extensions>
      </trkpt>
      <trkpt lat="45.80666" lon="7.74746">
        <ele>2138</ele>
        <extensions>
          <distance>54174</distance>
        </extensions>
      </trkpt>
      <trkpt lat="45.80675" lon="7.74719">
        <ele>2133</ele>
        <extensions>
          <distance>54197</distance>
        </extensions>
      </trkpt>
      <trkpt lat="45.80675" lon="7.74685">
        <ele>2128</ele>
        <extensions>
          <distance>54224</distance>
        </extensions>
      </trkpt>
      <trkpt lat="45.80675" lon="7.74651">
        <ele>2123</ele>
        <extensions>
          <distance>54251</distance>
        </extensions>
      </trkpt>
      <trkpt lat="45.806937500000004" lon="7.74639">
        <ele>2119</ele>
        <extensions>
          <distance>54274</distance>
        </extensions>
      </trkpt>
      <trkpt lat="45.807125" lon="7.74627">
        <ele>2115</ele>
        <extensions>
          <distance>54297</distance>
        </extensions>
      </trkpt>
      <trkpt lat="45.807312499999995" lon="7.74615">
        <ele>2110</ele>
        <extensions>
          <distance>54321</distance>
        </extensions>
      </trkpt>
      <trkpt lat="45.8075" lon="7.74603">
        <ele>2105</ele>
        <extensions>
          <distance>54344</distance>
        </extensions>
      </trkpt>
      <trkpt lat="45.80759499999999" lon="7.745815">
        <ele>2102</ele>
        <extensions>
          <distance>54364</distance>
        </extensions>
      </trkpt>
      <trkpt lat="45.807689999999994" lon="7.7456">
        <ele>2099</ele>
        <extensions>
          <distance>54384</distance>
        </extensions>
      </trkpt>
      <trkpt lat="45.807784999999996" lon="7.745385">
        <ele>2098</ele>
        <extensions>
          <distance>54404</distance>
        </extensions>
      </trkpt>
      <trkpt lat="45.80788" lon="7.74517">
        <ele>2097</ele>
        <extensions>
          <distance>54424</distance>
        </extensions>
      </trkpt>
      <trkpt lat="45.807975" lon="7.744955">
        <ele>2097</ele>
        <extensions>
          <distance>54443</distance>
        </extensions>
      </trkpt>
      <trkpt lat="45.80807" lon="7.74474">
        <ele>2097</ele>
        <extensions>
          <distance>54463</distance>
        </extensions>
      </trkpt>
      <trkpt lat="45.808165" lon="7.744524999999999">
        <ele>2093</ele>
        <extensions>
          <distance>54483</distance>
        </extensions>
      </trkpt>
      <trkpt lat="45.80826" lon="7.74431">
        <ele>2087</ele>
        <extensions>
          <distance>54504</distance>
        </extensions>
      </trkpt>
      <trkpt lat="45.80842" lon="7.7442899999999995">
        <ele>2084</ele>
        <extensions>
          <distance>54522</distance>
        </extensions>
      </trkpt>
      <trkpt lat="45.80858" lon="7.74427">
        <ele>2081</ele>
        <extensions>
          <distance>54540</distance>
        </extensions>
      </trkpt>
      <trkpt lat="45.80878" lon="7.744385">
        <ele>2078</ele>
        <extensions>
          <distance>54564</distance>
        </extensions>
      </trkpt>
      <trkpt lat="45.80898" lon="7.7445">
        <ele>2074</ele>
        <extensions>
          <distance>54589</distance>
        </extensions>
      </trkpt>
      <trkpt lat="45.8091275" lon="7.7447175">
        <ele>2069</ele>
        <extensions>
          <distance>54613</distance>
        </extensions>
      </trkpt>
      <trkpt lat="45.809275" lon="7.744935">
        <ele>2067</ele>
        <extensions>
          <distance>54636</distance>
        </extensions>
      </trkpt>
      <trkpt lat="45.8094225" lon="7.7451525">
        <ele>2066</ele>
        <extensions>
          <distance>54660</distance>
        </extensions>
      </trkpt>
      <trkpt lat="45.80957" lon="7.74537">
        <ele>2063</ele>
        <extensions>
          <distance>54684</distance>
        </extensions>
      </trkpt>
      <trkpt lat="45.8097275" lon="7.7452875">
        <ele>2058</ele>
        <extensions>
          <distance>54703</distance>
        </extensions>
      </trkpt>
      <trkpt lat="45.809885" lon="7.745205">
        <ele>2052</ele>
        <extensions>
          <distance>54722</distance>
        </extensions>
      </trkpt>
      <trkpt lat="45.8100425" lon="7.745122500000001">
        <ele>2049</ele>
        <extensions>
          <distance>54741</distance>
        </extensions>
      </trkpt>
      <trkpt lat="45.8102" lon="7.74504">
        <ele>2049</ele>
        <extensions>
          <distance>54760</distance>
        </extensions>
      </trkpt>
      <trkpt lat="45.8103175" lon="7.744925">
        <ele>2047</ele>
        <extensions>
          <distance>54776</distance>
        </extensions>
      </trkpt>
      <trkpt lat="45.810435" lon="7.74481">
        <ele>2046</ele>
        <extensions>
          <distance>54792</distance>
        </extensions>
      </trkpt>
      <trkpt lat="45.8105525" lon="7.744695">
        <ele>2046</ele>
        <extensions>
          <distance>54807</distance>
        </extensions>
      </trkpt>
      <trkpt lat="45.81067" lon="7.74458">
        <ele>2045</ele>
        <extensions>
          <distance>54823</distance>
        </extensions>
      </trkpt>
      <trkpt lat="45.8108125" lon="7.744265">
        <ele>2039</ele>
        <extensions>
          <distance>54853</distance>
        </extensions>
      </trkpt>
      <trkpt lat="45.810955" lon="7.74395">
        <ele>2033</ele>
        <extensions>
          <distance>54883</distance>
        </extensions>
      </trkpt>
      <trkpt lat="45.8110975" lon="7.743634999999999">
        <ele>2027</ele>
        <extensions>
          <distance>54912</distance>
        </extensions>
      </trkpt>
      <trkpt lat="45.81124" lon="7.74332">
        <ele>2021</ele>
        <extensions>
          <distance>54942</distance>
        </extensions>
      </trkpt>
      <trkpt lat="45.81104" lon="7.74331">
        <ele>2021</ele>
        <extensions>
          <distance>54964</distance>
        </extensions>
      </trkpt>
      <trkpt lat="45.811099999999996" lon="7.7430900000000005">
        <ele>2016</ele>
        <extensions>
          <distance>54983</distance>
        </extensions>
      </trkpt>
      <trkpt lat="45.81116" lon="7.74287">
        <ele>2011</ele>
        <extensions>
          <distance>55002</distance>
        </extensions>
      </trkpt>
      <trkpt lat="45.811165" lon="7.74252">
        <ele>2004</ele>
        <extensions>
          <distance>55030</distance>
        </extensions>
      </trkpt>
      <trkpt lat="45.81117" lon="7.74217">
        <ele>2002</ele>
        <extensions>
          <distance>55057</distance>
        </extensions>
      </trkpt>
      <trkpt lat="45.811295" lon="7.7419899999999995">
        <ele>2001</ele>
        <extensions>
          <distance>55077</distance>
        </extensions>
      </trkpt>
      <trkpt lat="45.81142" lon="7.74181">
        <ele>1999</ele>
        <extensions>
          <distance>55097</distance>
        </extensions>
      </trkpt>
      <trkpt lat="45.81164" lon="7.741705">
        <ele>1996</ele>
        <extensions>
          <distance>55123</distance>
        </extensions>
      </trkpt>
      <trkpt lat="45.81186" lon="7.7416">
        <ele>1994</ele>
        <extensions>
          <distance>55149</distance>
        </extensions>
      </trkpt>
      <trkpt lat="45.81204" lon="7.74136">
        <ele>1992</ele>
        <extensions>
          <distance>55176</distance>
        </extensions>
      </trkpt>
      <trkpt lat="45.81222" lon="7.74112">
        <ele>1990</ele>
        <extensions>
          <distance>55204</distance>
        </extensions>
      </trkpt>
      <trkpt lat="45.81233" lon="7.740774999999999">
        <ele>1986</ele>
        <extensions>
          <distance>55233</distance>
        </extensions>
      </trkpt>
      <trkpt lat="45.81244" lon="7.74043">
        <ele>1984</ele>
        <extensions>
          <distance>55263</distance>
        </extensions>
      </trkpt>
      <trkpt lat="45.812542500000006" lon="7.74027">
        <ele>1984</ele>
        <extensions>
          <distance>55280</distance>
        </extensions>
      </trkpt>
      <trkpt lat="45.812645" lon="7.74011">
        <ele>1982</ele>
        <extensions>
          <distance>55297</distance>
        </extensions>
      </trkpt>
      <trkpt lat="45.8127475" lon="7.73995">
        <ele>1980</ele>
        <extensions>
          <distance>55314</distance>
        </extensions>
      </trkpt>
      <trkpt lat="45.81285" lon="7.73979">
        <ele>1978</ele>
        <extensions>
          <distance>55331</distance>
        </extensions>
      </trkpt>
      <trkpt lat="45.8129425" lon="7.7395975">
        <ele>1976</ele>
        <extensions>
          <distance>55349</distance>
        </extensions>
      </trkpt>
      <trkpt lat="45.813035" lon="7.739405">
        <ele>1973</ele>
        <extensions>
          <distance>55367</distance>
        </extensions>
      </trkpt>
      <trkpt lat="45.8131275" lon="7.7392125">
        <ele>1973</ele>
        <extensions>
          <distance>55386</distance>
        </extensions>
      </trkpt>
      <trkpt lat="45.81322" lon="7.73902">
        <ele>1971</ele>
        <extensions>
          <distance>55404</distance>
        </extensions>
      </trkpt>
      <trkpt lat="45.8133125" lon="7.7388275">
        <ele>1969</ele>
        <extensions>
          <distance>55422</distance>
        </extensions>
      </trkpt>
      <trkpt lat="45.813405" lon="7.738635">
        <ele>1965</ele>
        <extensions>
          <distance>55441</distance>
        </extensions>
      </trkpt>
      <trkpt lat="45.8134975" lon="7.7384425">
        <ele>1963</ele>
        <extensions>
          <distance>55459</distance>
        </extensions>
      </trkpt>
      <trkpt lat="45.81359" lon="7.73825">
        <ele>1960</ele>
        <extensions>
          <distance>55477</distance>
        </extensions>
      </trkpt>
      <trkpt lat="45.813725" lon="7.738085">
        <ele>1958</ele>
        <extensions>
          <distance>55497</distance>
        </extensions>
      </trkpt>
      <trkpt lat="45.81386" lon="7.73792">
        <ele>1957</ele>
        <extensions>
          <distance>55517</distance>
        </extensions>
      </trkpt>
      <trkpt lat="45.814072499999995" lon="7.7377725">
        <ele>1954</ele>
        <extensions>
          <distance>55543</distance>
        </extensions>
      </trkpt>
      <trkpt lat="45.814285" lon="7.7376249999999995">
        <ele>1952</ele>
        <extensions>
          <distance>55569</distance>
        </extensions>
      </trkpt>
      <trkpt lat="45.8144975" lon="7.7374775">
        <ele>1948</ele>
        <extensions>
          <distance>55596</distance>
        </extensions>
      </trkpt>
      <trkpt lat="45.81471" lon="7.73733">
        <ele>1947</ele>
        <extensions>
          <distance>55622</distance>
        </extensions>
      </trkpt>
      <trkpt lat="45.814866249999994" lon="7.7371575">
        <ele>1946</ele>
        <extensions>
          <distance>55644</distance>
        </extensions>
      </trkpt>
      <trkpt lat="45.8150225" lon="7.736985">
        <ele>1945</ele>
        <extensions>
          <distance>55666</distance>
        </extensions>
      </trkpt>
      <trkpt lat="45.81517875" lon="7.736812499999999">
        <ele>1942</ele>
        <extensions>
          <distance>55688</distance>
        </extensions>
      </trkpt>
      <trkpt lat="45.815335" lon="7.7366399999999995">
        <ele>1940</ele>
        <extensions>
          <distance>55710</distance>
        </extensions>
      </trkpt>
      <trkpt lat="45.815491249999994" lon="7.7364675">
        <ele>1940</ele>
        <extensions>
          <distance>55732</distance>
        </extensions>
      </trkpt>
      <trkpt lat="45.8156475" lon="7.736295">
        <ele>1939</ele>
        <extensions>
          <distance>55754</distance>
        </extensions>
      </trkpt>
      <trkpt lat="45.81580375" lon="7.7361225000000005">
        <ele>1939</ele>
        <extensions>
          <distance>55776</distance>
        </extensions>
      </trkpt>
      <trkpt lat="45.81596" lon="7.73595">
        <ele>1939</ele>
        <extensions>
          <distance>55798</distance>
        </extensions>
      </trkpt>
      <trkpt lat="45.816165" lon="7.735799999999999">
        <ele>1939</ele>
        <extensions>
          <distance>55824</distance>
        </extensions>
      </trkpt>
      <trkpt lat="45.81637" lon="7.73565">
        <ele>1939</ele>
        <extensions>
          <distance>55849</distance>
        </extensions>
      </trkpt>
      <trkpt lat="45.816475" lon="7.73535">
        <ele>1938</ele>
        <extensions>
          <distance>55875</distance>
        </extensions>
      </trkpt>
      <trkpt lat="45.81658" lon="7.73505">
        <ele>1937</ele>
        <extensions>
          <distance>55902</distance>
        </extensions>
      </trkpt>
      <trkpt lat="45.816736250000005" lon="7.73496875">
        <ele>1936</ele>
        <extensions>
          <distance>55920</distance>
        </extensions>
      </trkpt>
      <trkpt lat="45.8168925" lon="7.7348875">
        <ele>1936</ele>
        <extensions>
          <distance>55939</distance>
        </extensions>
      </trkpt>
      <trkpt lat="45.81704875" lon="7.73480625">
        <ele>1936</ele>
        <extensions>
          <distance>55957</distance>
        </extensions>
      </trkpt>
      <trkpt lat="45.817205" lon="7.734725">
        <ele>1935</ele>
        <extensions>
          <distance>55975</distance>
        </extensions>
      </trkpt>
      <trkpt lat="45.817361250000005" lon="7.73464375">
        <ele>1934</ele>
        <extensions>
          <distance>55994</distance>
        </extensions>
      </trkpt>
      <trkpt lat="45.8175175" lon="7.7345625">
        <ele>1933</ele>
        <extensions>
          <distance>56012</distance>
        </extensions>
      </trkpt>
      <trkpt lat="45.81767375" lon="7.73448125">
        <ele>1931</ele>
        <extensions>
          <distance>56031</distance>
        </extensions>
      </trkpt>
      <trkpt lat="45.81783" lon="7.7344">
        <ele>1928</ele>
        <extensions>
          <distance>56050</distance>
        </extensions>
      </trkpt>
      <trkpt lat="45.8179425" lon="7.734285">
        <ele>1927</ele>
        <extensions>
          <distance>56065</distance>
        </extensions>
      </trkpt>
      <trkpt lat="45.818055" lon="7.73417">
        <ele>1926</ele>
        <extensions>
          <distance>56081</distance>
        </extensions>
      </trkpt>
      <trkpt lat="45.8181675" lon="7.734055">
        <ele>1924</ele>
        <extensions>
          <distance>56096</distance>
        </extensions>
      </trkpt>
      <trkpt lat="45.81828" lon="7.73394">
        <ele>1921</ele>
        <extensions>
          <distance>56112</distance>
        </extensions>
      </trkpt>
      <trkpt lat="45.81848" lon="7.733879999999999">
        <ele>1916</ele>
        <extensions>
          <distance>56135</distance>
        </extensions>
      </trkpt>
      <trkpt lat="45.81868" lon="7.73382">
        <ele>1912</ele>
        <extensions>
          <distance>56158</distance>
        </extensions>
      </trkpt>
      <trkpt lat="45.8188175" lon="7.73361">
        <ele>1910</ele>
        <extensions>
          <distance>56180</distance>
        </extensions>
      </trkpt>
      <trkpt lat="45.818955" lon="7.7334">
        <ele>1909</ele>
        <extensions>
          <distance>56203</distance>
        </extensions>
      </trkpt>
      <trkpt lat="45.8190925" lon="7.7331900000000005">
        <ele>1907</ele>
        <extensions>
          <distance>56225</distance>
        </extensions>
      </trkpt>
      <trkpt lat="45.81923" lon="7.73298">
        <ele>1904</ele>
        <extensions>
          <distance>56248</distance>
        </extensions>
      </trkpt>
      <trkpt lat="45.819295" lon="7.73274625">
        <ele>1902</ele>
        <extensions>
          <distance>56267</distance>
        </extensions>
      </trkpt>
      <trkpt lat="45.81936" lon="7.7325125">
        <ele>1899</ele>
        <extensions>
          <distance>56287</distance>
        </extensions>
      </trkpt>
      <trkpt lat="45.819425" lon="7.732278750000001">
        <ele>1895</ele>
        <extensions>
          <distance>56307</distance>
        </extensions>
      </trkpt>
      <trkpt lat="45.81949" lon="7.732045">
        <ele>1893</ele>
        <extensions>
          <distance>56327</distance>
        </extensions>
      </trkpt>
      <trkpt lat="45.819555" lon="7.73181125">
        <ele>1892</ele>
        <extensions>
          <distance>56346</distance>
        </extensions>
      </trkpt>
      <trkpt lat="45.81962" lon="7.7315775">
        <ele>1891</ele>
        <extensions>
          <distance>56366</distance>
        </extensions>
      </trkpt>
      <trkpt lat="45.819685" lon="7.731343750000001">
        <ele>1890</ele>
        <extensions>
          <distance>56386</distance>
        </extensions>
      </trkpt>
      <trkpt lat="45.81975" lon="7.73111">
        <ele>1887</ele>
        <extensions>
          <distance>56405</distance>
        </extensions>
      </trkpt>
      <trkpt lat="45.819897499999996" lon="7.730955">
        <ele>1884</ele>
        <extensions>
          <distance>56426</distance>
        </extensions>
      </trkpt>
      <trkpt lat="45.820045" lon="7.7308">
        <ele>1881</ele>
        <extensions>
          <distance>56446</distance>
        </extensions>
      </trkpt>
      <trkpt lat="45.820192500000005" lon="7.730645">
        <ele>1879</ele>
        <extensions>
          <distance>56467</distance>
        </extensions>
      </trkpt>
      <trkpt lat="45.82034" lon="7.73049">
        <ele>1878</ele>
        <extensions>
          <distance>56487</distance>
        </extensions>
      </trkpt>
      <trkpt lat="45.820605" lon="7.73043">
        <ele>1875</ele>
        <extensions>
          <distance>56517</distance>
        </extensions>
      </trkpt>
      <trkpt lat="45.82087" lon="7.73037">
        <ele>1870</ele>
        <extensions>
          <distance>56547</distance>
        </extensions>
      </trkpt>
      <trkpt lat="45.821135" lon="7.730309999999999">
        <ele>1864</ele>
        <extensions>
          <distance>56578</distance>
        </extensions>
      </trkpt>
      <trkpt lat="45.8214" lon="7.73025">
        <ele>1858</ele>
        <extensions>
          <distance>56608</distance>
        </extensions>
      </trkpt>
      <trkpt lat="45.8216075" lon="7.7301375">
        <ele>1855</ele>
        <extensions>
          <distance>56633</distance>
        </extensions>
      </trkpt>
      <trkpt lat="45.821815" lon="7.7300249999999995">
        <ele>1852</ele>
        <extensions>
          <distance>56658</distance>
        </extensions>
      </trkpt>
      <trkpt lat="45.8220225" lon="7.729912499999999">
        <ele>1849</ele>
        <extensions>
          <distance>56683</distance>
        </extensions>
      </trkpt>
      <trkpt lat="45.82223" lon="7.7298">
        <ele>1845</ele>
        <extensions>
          <distance>56708</distance>
        </extensions>
      </trkpt>
      <trkpt lat="45.82234749999999" lon="7.729699999999999">
        <ele>1843</ele>
        <extensions>
          <distance>56723</distance>
        </extensions>
      </trkpt>
      <trkpt lat="45.822464999999994" lon="7.7296">
        <ele>1840</ele>
        <extensions>
          <distance>56739</distance>
        </extensions>
      </trkpt>
      <trkpt lat="45.822582499999996" lon="7.7295">
        <ele>1838</ele>
        <extensions>
          <distance>56754</distance>
        </extensions>
      </trkpt>
      <trkpt lat="45.8227" lon="7.7294">
        <ele>1836</ele>
        <extensions>
          <distance>56769</distance>
        </extensions>
      </trkpt>
      <trkpt lat="45.82276" lon="7.72947">
        <ele>1834</ele>
        <extensions>
          <distance>56778</distance>
        </extensions>
      </trkpt>
      <trkpt lat="45.82272" lon="7.72985">
        <ele>1830</ele>
        <extensions>
          <distance>56808</distance>
        </extensions>
      </trkpt>
      <trkpt lat="45.82295" lon="7.72979">
        <ele>1826</ele>
        <extensions>
          <distance>56834</distance>
        </extensions>
      </trkpt>
      <trkpt lat="45.82301" lon="7.72989">
        <ele>1823</ele>
        <extensions>
          <distance>56845</distance>
        </extensions>
      </trkpt>
      <trkpt lat="45.822945" lon="7.730125">
        <ele>1821</ele>
        <extensions>
          <distance>56865</distance>
        </extensions>
      </trkpt>
      <trkpt lat="45.82288" lon="7.73036">
        <ele>1819</ele>
        <extensions>
          <distance>56885</distance>
        </extensions>
      </trkpt>
      <trkpt lat="45.82298" lon="7.73061">
        <ele>1819</ele>
        <extensions>
          <distance>56907</distance>
        </extensions>
      </trkpt>
      <trkpt lat="45.823155" lon="7.7305850000000005">
        <ele>1819</ele>
        <extensions>
          <distance>56927</distance>
        </extensions>
      </trkpt>
      <trkpt lat="45.82333" lon="7.7305600000000005">
        <ele>1819</ele>
        <extensions>
          <distance>56946</distance>
        </extensions>
      </trkpt>
      <trkpt lat="45.823505" lon="7.730535">
        <ele>1819</ele>
        <extensions>
          <distance>56966</distance>
        </extensions>
      </trkpt>
      <trkpt lat="45.82368" lon="7.73051">
        <ele>1819</ele>
        <extensions>
          <distance>56985</distance>
        </extensions>
      </trkpt>
      <trkpt lat="45.82383875000001" lon="7.7305375000000005">
        <ele>1821</ele>
        <extensions>
          <distance>57003</distance>
        </extensions>
      </trkpt>
      <trkpt lat="45.823997500000004" lon="7.730565">
        <ele>1822</ele>
        <extensions>
          <distance>57021</distance>
        </extensions>
      </trkpt>
      <trkpt lat="45.82415625" lon="7.7305925">
        <ele>1823</ele>
        <extensions>
          <distance>57039</distance>
        </extensions>
      </trkpt>
      <trkpt lat="45.824315" lon="7.73062">
        <ele>1824</ele>
        <extensions>
          <distance>57056</distance>
        </extensions>
      </trkpt>
      <trkpt lat="45.824473749999996" lon="7.7306475">
        <ele>1826</ele>
        <extensions>
          <distance>57074</distance>
        </extensions>
      </trkpt>
      <trkpt lat="45.8246325" lon="7.730675">
        <ele>1828</ele>
        <extensions>
          <distance>57092</distance>
        </extensions>
      </trkpt>
      <trkpt lat="45.824791250000004" lon="7.7307025">
        <ele>1831</ele>
        <extensions>
          <distance>57110</distance>
        </extensions>
      </trkpt>
      <trkpt lat="45.82495" lon="7.73073">
        <ele>1834</ele>
        <extensions>
          <distance>57128</distance>
        </extensions>
      </trkpt>
      <trkpt lat="45.82513" lon="7.730715">
        <ele>1838</ele>
        <extensions>
          <distance>57149</distance>
        </extensions>
      </trkpt>
      <trkpt lat="45.82531" lon="7.730700000000001">
        <ele>1843</ele>
        <extensions>
          <distance>57169</distance>
        </extensions>
      </trkpt>
      <trkpt lat="45.82549" lon="7.730685">
        <ele>1847</ele>
        <extensions>
          <distance>57190</distance>
        </extensions>
      </trkpt>
      <trkpt lat="45.82567" lon="7.73067">
        <ele>1847</ele>
        <extensions>
          <distance>57210</distance>
        </extensions>
      </trkpt>
      <trkpt lat="45.82573" lon="7.730995">
        <ele>1859</ele>
        <extensions>
          <distance>57237</distance>
        </extensions>
      </trkpt>
      <trkpt lat="45.82579" lon="7.73132">
        <ele>1867</ele>
        <extensions>
          <distance>57265</distance>
        </extensions>
      </trkpt>
      <trkpt lat="45.825895" lon="7.73151">
        <ele>1873</ele>
        <extensions>
          <distance>57284</distance>
        </extensions>
      </trkpt>
      <trkpt lat="45.826" lon="7.7317">
        <ele>1878</ele>
        <extensions>
          <distance>57304</distance>
        </extensions>
      </trkpt>
      <trkpt lat="45.826105" lon="7.73189">
        <ele>1883</ele>
        <extensions>
          <distance>57323</distance>
        </extensions>
      </trkpt>
      <trkpt lat="45.82621" lon="7.73208">
        <ele>1888</ele>
        <extensions>
          <distance>57343</distance>
        </extensions>
      </trkpt>
      <trkpt lat="45.82636" lon="7.73224">
        <ele>1889</ele>
        <extensions>
          <distance>57364</distance>
        </extensions>
      </trkpt>
      <trkpt lat="45.82651" lon="7.7324">
        <ele>1889</ele>
        <extensions>
          <distance>57384</distance>
        </extensions>
      </trkpt>
      <trkpt lat="45.8266475" lon="7.73246">
        <ele>1889</ele>
        <extensions>
          <distance>57400</distance>
        </extensions>
      </trkpt>
      <trkpt lat="45.826785" lon="7.73252">
        <ele>1889</ele>
        <extensions>
          <distance>57416</distance>
        </extensions>
      </trkpt>
      <trkpt lat="45.8269225" lon="7.7325800000000005">
        <ele>1889</ele>
        <extensions>
          <distance>57432</distance>
        </extensions>
      </trkpt>
      <trkpt lat="45.82706" lon="7.73264">
        <ele>1889</ele>
        <extensions>
          <distance>57448</distance>
        </extensions>
      </trkpt>
      <trkpt lat="45.827185" lon="7.7328075">
        <ele>1889</ele>
        <extensions>
          <distance>57467</distance>
        </extensions>
      </trkpt>
      <trkpt lat="45.82731" lon="7.732975">
        <ele>1889</ele>
        <extensions>
          <distance>57486</distance>
        </extensions>
      </trkpt>
      <trkpt lat="45.827434999999994" lon="7.7331425">
        <ele>1891</ele>
        <extensions>
          <distance>57506</distance>
        </extensions>
      </trkpt>
      <trkpt lat="45.82756" lon="7.73331">
        <ele>1891</ele>
        <extensions>
          <distance>57525</distance>
        </extensions>
      </trkpt>
      <trkpt lat="45.827545" lon="7.73364">
        <ele>1898</ele>
        <extensions>
          <distance>57551</distance>
        </extensions>
      </trkpt>
      <trkpt lat="45.827529999999996" lon="7.73397">
        <ele>1904</ele>
        <extensions>
          <distance>57577</distance>
        </extensions>
      </trkpt>
      <trkpt lat="45.827515" lon="7.7343">
        <ele>1909</ele>
        <extensions>
          <distance>57603</distance>
        </extensions>
      </trkpt>
      <trkpt lat="45.8275" lon="7.73463">
        <ele>1913</ele>
        <extensions>
          <distance>57629</distance>
        </extensions>
      </trkpt>
      <trkpt lat="45.827585" lon="7.73484">
        <ele>1913</ele>
        <extensions>
          <distance>57648</distance>
        </extensions>
      </trkpt>
      <trkpt lat="45.82767" lon="7.73505">
        <ele>1914</ele>
        <extensions>
          <distance>57667</distance>
        </extensions>
      </trkpt>
      <trkpt lat="45.827754999999996" lon="7.73526">
        <ele>1914</ele>
        <extensions>
          <distance>57686</distance>
        </extensions>
      </trkpt>
      <trkpt lat="45.82784" lon="7.73547">
        <ele>1916</ele>
        <extensions>
          <distance>57705</distance>
        </extensions>
      </trkpt>
      <trkpt lat="45.8279525" lon="7.7355875">
        <ele>1916</ele>
        <extensions>
          <distance>57720</distance>
        </extensions>
      </trkpt>
      <trkpt lat="45.828065" lon="7.735705">
        <ele>1916</ele>
        <extensions>
          <distance>57736</distance>
        </extensions>
      </trkpt>
      <trkpt lat="45.8281775" lon="7.7358225">
        <ele>1917</ele>
        <extensions>
          <distance>57751</distance>
        </extensions>
      </trkpt>
      <trkpt lat="45.82829" lon="7.73594">
        <ele>1917</ele>
        <extensions>
          <distance>57767</distance>
        </extensions>
      </trkpt>
      <trkpt lat="45.828230000000005" lon="7.736140000000001">
        <ele>1921</ele>
        <extensions>
          <distance>57784</distance>
        </extensions>
      </trkpt>
      <trkpt lat="45.82817" lon="7.73634">
        <ele>1927</ele>
        <extensions>
          <distance>57802</distance>
        </extensions>
      </trkpt>
      <trkpt lat="45.828195" lon="7.7365425000000005">
        <ele>1930</ele>
        <extensions>
          <distance>57818</distance>
        </extensions>
      </trkpt>
      <trkpt lat="45.82822" lon="7.736745">
        <ele>1934</ele>
        <extensions>
          <distance>57835</distance>
        </extensions>
      </trkpt>
      <trkpt lat="45.828245" lon="7.736947499999999">
        <ele>1937</ele>
        <extensions>
          <distance>57851</distance>
        </extensions>
      </trkpt>
      <trkpt lat="45.82827" lon="7.73715">
        <ele>1940</ele>
        <extensions>
          <distance>57867</distance>
        </extensions>
      </trkpt>
      <trkpt lat="45.8283775" lon="7.737322499999999">
        <ele>1940</ele>
        <extensions>
          <distance>57885</distance>
        </extensions>
      </trkpt>
      <trkpt lat="45.828485" lon="7.737495">
        <ele>1942</ele>
        <extensions>
          <distance>57903</distance>
        </extensions>
      </trkpt>
      <trkpt lat="45.8285925" lon="7.737667500000001">
        <ele>1944</ele>
        <extensions>
          <distance>57921</distance>
        </extensions>
      </trkpt>
      <trkpt lat="45.8287" lon="7.73784">
        <ele>1946</ele>
        <extensions>
          <distance>57939</distance>
        </extensions>
      </trkpt>
      <trkpt lat="45.828807499999996" lon="7.7380125">
        <ele>1946</ele>
        <extensions>
          <distance>57957</distance>
        </extensions>
      </trkpt>
      <trkpt lat="45.828914999999995" lon="7.738185">
        <ele>1946</ele>
        <extensions>
          <distance>57975</distance>
        </extensions>
      </trkpt>
      <trkpt lat="45.829022499999994" lon="7.738357499999999">
        <ele>1946</ele>
        <extensions>
          <distance>57993</distance>
        </extensions>
      </trkpt>
      <trkpt lat="45.82913" lon="7.73853">
        <ele>1944</ele>
        <extensions>
          <distance>58011</distance>
        </extensions>
      </trkpt>
      <trkpt lat="45.8292125" lon="7.7387225">
        <ele>1942</ele>
        <extensions>
          <distance>58028</distance>
        </extensions>
      </trkpt>
      <trkpt lat="45.829295" lon="7.738915">
        <ele>1941</ele>
        <extensions>
          <distance>58046</distance>
        </extensions>
      </trkpt>
      <trkpt lat="45.8293775" lon="7.7391075">
        <ele>1940</ele>
        <extensions>
          <distance>58064</distance>
        </extensions>
      </trkpt>
      <trkpt lat="45.82946" lon="7.7393">
        <ele>1940</ele>
        <extensions>
          <distance>58081</distance>
        </extensions>
      </trkpt>
      <trkpt lat="45.8295125" lon="7.739605">
        <ele>1940</ele>
        <extensions>
          <distance>58105</distance>
        </extensions>
      </trkpt>
      <trkpt lat="45.829565" lon="7.73991">
        <ele>1939</ele>
        <extensions>
          <distance>58130</distance>
        </extensions>
      </trkpt>
      <trkpt lat="45.8296175" lon="7.740215">
        <ele>1937</ele>
        <extensions>
          <distance>58154</distance>
        </extensions>
      </trkpt>
      <trkpt lat="45.82967" lon="7.74052">
        <ele>1935</ele>
        <extensions>
          <distance>58179</distance>
        </extensions>
      </trkpt>
      <trkpt lat="45.829665" lon="7.740845">
        <ele>1935</ele>
        <extensions>
          <distance>58204</distance>
        </extensions>
      </trkpt>
      <trkpt lat="45.82966" lon="7.74117">
        <ele>1934</ele>
        <extensions>
          <distance>58229</distance>
        </extensions>
      </trkpt>
      <trkpt lat="45.829795" lon="7.741335">
        <ele>1932</ele>
        <extensions>
          <distance>58249</distance>
        </extensions>
      </trkpt>
      <trkpt lat="45.82993" lon="7.7415">
        <ele>1930</ele>
        <extensions>
          <distance>58269</distance>
        </extensions>
      </trkpt>
      <trkpt lat="45.83007" lon="7.741455">
        <ele>1929</ele>
        <extensions>
          <distance>58285</distance>
        </extensions>
      </trkpt>
      <trkpt lat="45.83021" lon="7.74141">
        <ele>1928</ele>
        <extensions>
          <distance>58301</distance>
        </extensions>
      </trkpt>
      <trkpt lat="45.83031" lon="7.74153">
        <ele>1928</ele>
        <extensions>
          <distance>58315</distance>
        </extensions>
      </trkpt>
      <trkpt lat="45.830375000000004" lon="7.7417300000000004">
        <ele>1928</ele>
        <extensions>
          <distance>58333</distance>
        </extensions>
      </trkpt>
      <trkpt lat="45.83044" lon="7.74193">
        <ele>1928</ele>
        <extensions>
          <distance>58350</distance>
        </extensions>
      </trkpt>
      <trkpt lat="45.83039" lon="7.7422">
        <ele>1930</ele>
        <extensions>
          <distance>58371</distance>
        </extensions>
      </trkpt>
      <trkpt lat="45.83034" lon="7.74247">
        <ele>1930</ele>
        <extensions>
          <distance>58393</distance>
        </extensions>
      </trkpt>
      <trkpt lat="45.83039" lon="7.74259">
        <ele>1930</ele>
        <extensions>
          <distance>58404</distance>
        </extensions>
      </trkpt>
      <trkpt lat="45.830560000000006" lon="7.7423649999999995">
        <ele>1930</ele>
        <extensions>
          <distance>58430</distance>
        </extensions>
      </trkpt>
      <trkpt lat="45.83073" lon="7.74214">
        <ele>1927</ele>
        <extensions>
          <distance>58455</distance>
        </extensions>
      </trkpt>
      <trkpt lat="45.8309" lon="7.7419150000000005">
        <ele>1923</ele>
        <extensions>
          <distance>58482</distance>
        </extensions>
      </trkpt>
      <trkpt lat="45.83107" lon="7.74169">
        <ele>1920</ele>
        <extensions>
          <distance>58507</distance>
        </extensions>
      </trkpt>
      <trkpt lat="45.83121" lon="7.74142">
        <ele>1916</ele>
        <extensions>
          <distance>58534</distance>
        </extensions>
      </trkpt>
      <trkpt lat="45.83135" lon="7.74115">
        <ele>1911</ele>
        <extensions>
          <distance>58560</distance>
        </extensions>
      </trkpt>
      <trkpt lat="45.831405000000004" lon="7.740970000000001">
        <ele>1907</ele>
        <extensions>
          <distance>58576</distance>
        </extensions>
      </trkpt>
      <trkpt lat="45.83146" lon="7.7407900000000005">
        <ele>1903</ele>
        <extensions>
          <distance>58592</distance>
        </extensions>
      </trkpt>
      <trkpt lat="45.831514999999996" lon="7.74061">
        <ele>1900</ele>
        <extensions>
          <distance>58608</distance>
        </extensions>
      </trkpt>
      <trkpt lat="45.83157" lon="7.74043">
        <ele>1896</ele>
        <extensions>
          <distance>58623</distance>
        </extensions>
      </trkpt>
      <trkpt lat="45.831625" lon="7.74025">
        <ele>1893</ele>
        <extensions>
          <distance>58639</distance>
        </extensions>
      </trkpt>
      <trkpt lat="45.83168" lon="7.740069999999999">
        <ele>1891</ele>
        <extensions>
          <distance>58654</distance>
        </extensions>
      </trkpt>
      <trkpt lat="45.831734999999995" lon="7.739889999999999">
        <ele>1891</ele>
        <extensions>
          <distance>58669</distance>
        </extensions>
      </trkpt>
      <trkpt lat="45.83179" lon="7.73971">
        <ele>1890</ele>
        <extensions>
          <distance>58685</distance>
        </extensions>
      </trkpt>
      <trkpt lat="45.831905" lon="7.739515">
        <ele>1890</ele>
        <extensions>
          <distance>58705</distance>
        </extensions>
      </trkpt>
      <trkpt lat="45.83202" lon="7.73932">
        <ele>1890</ele>
        <extensions>
          <distance>58724</distance>
        </extensions>
      </trkpt>
      <trkpt lat="45.8320275" lon="7.7391075">
        <ele>1887</ele>
        <extensions>
          <distance>58741</distance>
        </extensions>
      </trkpt>
      <trkpt lat="45.832035000000005" lon="7.738895">
        <ele>1883</ele>
        <extensions>
          <distance>58758</distance>
        </extensions>
      </trkpt>
      <trkpt lat="45.8320425" lon="7.7386825">
        <ele>1879</ele>
        <extensions>
          <distance>58775</distance>
        </extensions>
      </trkpt>
      <trkpt lat="45.83205" lon="7.73847">
        <ele>1874</ele>
        <extensions>
          <distance>58792</distance>
        </extensions>
      </trkpt>
      <trkpt lat="45.832012500000005" lon="7.7382475">
        <ele>1869</ele>
        <extensions>
          <distance>58811</distance>
        </extensions>
      </trkpt>
      <trkpt lat="45.831975" lon="7.738025">
        <ele>1864</ele>
        <extensions>
          <distance>58829</distance>
        </extensions>
      </trkpt>
      <trkpt lat="45.831937499999995" lon="7.737802500000001">
        <ele>1860</ele>
        <extensions>
          <distance>58848</distance>
        </extensions>
      </trkpt>
      <trkpt lat="45.8319" lon="7.73758">
        <ele>1856</ele>
        <extensions>
          <distance>58866</distance>
        </extensions>
      </trkpt>
      <trkpt lat="45.831975" lon="7.7374125">
        <ele>1853</ele>
        <extensions>
          <distance>58881</distance>
        </extensions>
      </trkpt>
      <trkpt lat="45.832049999999995" lon="7.737245">
        <ele>1850</ele>
        <extensions>
          <distance>58897</distance>
        </extensions>
      </trkpt>
      <trkpt lat="45.832125" lon="7.7370775">
        <ele>1847</ele>
        <extensions>
          <distance>58913</distance>
        </extensions>
      </trkpt>
      <trkpt lat="45.8322" lon="7.73691">
        <ele>1845</ele>
        <extensions>
          <distance>58928</distance>
        </extensions>
      </trkpt>
      <trkpt lat="45.832322500000004" lon="7.7367375">
        <ele>1840</ele>
        <extensions>
          <distance>58948</distance>
        </extensions>
      </trkpt>
      <trkpt lat="45.832445" lon="7.736565000000001">
        <ele>1836</ele>
        <extensions>
          <distance>58968</distance>
        </extensions>
      </trkpt>
      <trkpt lat="45.832567499999996" lon="7.736392500000001">
        <ele>1834</ele>
        <extensions>
          <distance>58987</distance>
        </extensions>
      </trkpt>
      <trkpt lat="45.83269" lon="7.73622">
        <ele>1832</ele>
        <extensions>
          <distance>59006</distance>
        </extensions>
      </trkpt>
      <trkpt lat="45.8326" lon="7.73594">
        <ele>1821</ele>
        <extensions>
          <distance>59033</distance>
        </extensions>
      </trkpt>
      <trkpt lat="45.83273" lon="7.73577">
        <ele>1819</ele>
        <extensions>
          <distance>59052</distance>
        </extensions>
      </trkpt>
      <trkpt lat="45.83264" lon="7.73569">
        <ele>1814</ele>
        <extensions>
          <distance>59065</distance>
        </extensions>
      </trkpt>
      <trkpt lat="45.83268" lon="7.73556">
        <ele>1810</ele>
        <extensions>
          <distance>59076</distance>
        </extensions>
      </trkpt>
      <trkpt lat="45.83255" lon="7.73542">
        <ele>1802</ele>
        <extensions>
          <distance>59096</distance>
        </extensions>
      </trkpt>
      <trkpt lat="45.83248" lon="7.73547">
        <ele>1802</ele>
        <extensions>
          <distance>59105</distance>
        </extensions>
      </trkpt>
      <trkpt lat="45.83262" lon="7.73516">
        <ele>1791</ele>
        <extensions>
          <distance>59135</distance>
        </extensions>
      </trkpt>
      <trkpt lat="45.832449999999994" lon="7.735284999999999">
        <ele>1790</ele>
        <extensions>
          <distance>59156</distance>
        </extensions>
      </trkpt>
      <trkpt lat="45.83228" lon="7.73541">
        <ele>1790</ele>
        <extensions>
          <distance>59178</distance>
        </extensions>
      </trkpt>
      <trkpt lat="45.832364999999996" lon="7.735205">
        <ele>1785</ele>
        <extensions>
          <distance>59196</distance>
        </extensions>
      </trkpt>
      <trkpt lat="45.832449999999994" lon="7.734999999999999">
        <ele>1777</ele>
        <extensions>
          <distance>59217</distance>
        </extensions>
      </trkpt>
      <trkpt lat="45.83253499999999" lon="7.734795">
        <ele>1774</ele>
        <extensions>
          <distance>59235</distance>
        </extensions>
      </trkpt>
      <trkpt lat="45.83262" lon="7.73459">
        <ele>1769</ele>
        <extensions>
          <distance>59255</distance>
        </extensions>
      </trkpt>
      <trkpt lat="45.83242" lon="7.734719999999999">
        <ele>1769</ele>
        <extensions>
          <distance>59279</distance>
        </extensions>
      </trkpt>
      <trkpt lat="45.83222" lon="7.73485">
        <ele>1768</ele>
        <extensions>
          <distance>59303</distance>
        </extensions>
      </trkpt>
      <trkpt lat="45.8323" lon="7.73461">
        <ele>1763</ele>
        <extensions>
          <distance>59324</distance>
        </extensions>
      </trkpt>
      <trkpt lat="45.83204" lon="7.73466">
        <ele>1758</ele>
        <extensions>
          <distance>59354</distance>
        </extensions>
      </trkpt>
      <trkpt lat="45.83198" lon="7.73448">
        <ele>1752</ele>
        <extensions>
          <distance>59370</distance>
        </extensions>
      </trkpt>
      <trkpt lat="45.83202" lon="7.73421">
        <ele>1746</ele>
        <extensions>
          <distance>59393</distance>
        </extensions>
      </trkpt>
      <trkpt lat="45.8321175" lon="7.734">
        <ele>1742</ele>
        <extensions>
          <distance>59413</distance>
        </extensions>
      </trkpt>
      <trkpt lat="45.832215000000005" lon="7.73379">
        <ele>1736</ele>
        <extensions>
          <distance>59433</distance>
        </extensions>
      </trkpt>
      <trkpt lat="45.8323125" lon="7.73358">
        <ele>1728</ele>
        <extensions>
          <distance>59454</distance>
        </extensions>
      </trkpt>
      <trkpt lat="45.83241" lon="7.73337">
        <ele>1718</ele>
        <extensions>
          <distance>59476</distance>
        </extensions>
      </trkpt>
      <trkpt lat="45.83241625000001" lon="7.73317625">
        <ele>1712</ele>
        <extensions>
          <distance>59493</distance>
        </extensions>
      </trkpt>
      <trkpt lat="45.83242250000001" lon="7.7329825">
        <ele>1707</ele>
        <extensions>
          <distance>59508</distance>
        </extensions>
      </trkpt>
      <trkpt lat="45.832428750000005" lon="7.73278875">
        <ele>1703</ele>
        <extensions>
          <distance>59524</distance>
        </extensions>
      </trkpt>
      <trkpt lat="45.832435000000004" lon="7.732595">
        <ele>1700</ele>
        <extensions>
          <distance>59539</distance>
        </extensions>
      </trkpt>
      <trkpt lat="45.83244125" lon="7.73240125">
        <ele>1697</ele>
        <extensions>
          <distance>59555</distance>
        </extensions>
      </trkpt>
      <trkpt lat="45.8324475" lon="7.7322074999999995">
        <ele>1694</ele>
        <extensions>
          <distance>59570</distance>
        </extensions>
      </trkpt>
      <trkpt lat="45.83245375" lon="7.73201375">
        <ele>1690</ele>
        <extensions>
          <distance>59586</distance>
        </extensions>
      </trkpt>
      <trkpt lat="45.83246" lon="7.73182">
        <ele>1686</ele>
        <extensions>
          <distance>59601</distance>
        </extensions>
      </trkpt>
      <trkpt lat="45.832589999999996" lon="7.73174">
        <ele>1681</ele>
        <extensions>
          <distance>59618</distance>
        </extensions>
      </trkpt>
      <trkpt lat="45.83272" lon="7.73166">
        <ele>1675</ele>
        <extensions>
          <distance>59635</distance>
        </extensions>
      </trkpt>
      <trkpt lat="45.8328775" lon="7.731764999999999">
        <ele>1671</ele>
        <extensions>
          <distance>59654</distance>
        </extensions>
      </trkpt>
      <trkpt lat="45.833035" lon="7.73187">
        <ele>1667</ele>
        <extensions>
          <distance>59674</distance>
        </extensions>
      </trkpt>
      <trkpt lat="45.8331925" lon="7.731975">
        <ele>1663</ele>
        <extensions>
          <distance>59694</distance>
        </extensions>
      </trkpt>
      <trkpt lat="45.83335" lon="7.73208">
        <ele>1659</ele>
        <extensions>
          <distance>59714</distance>
        </extensions>
      </trkpt>
      <trkpt lat="45.833435" lon="7.73229">
        <ele>1659</ele>
        <extensions>
          <distance>59732</distance>
        </extensions>
      </trkpt>
      <trkpt lat="45.83352" lon="7.7325">
        <ele>1658</ele>
        <extensions>
          <distance>59751</distance>
        </extensions>
      </trkpt>
      <trkpt lat="45.833661250000006" lon="7.732505">
        <ele>1655</ele>
        <extensions>
          <distance>59767</distance>
        </extensions>
      </trkpt>
      <trkpt lat="45.833802500000004" lon="7.7325099999999996">
        <ele>1652</ele>
        <extensions>
          <distance>59783</distance>
        </extensions>
      </trkpt>
      <trkpt lat="45.83394375" lon="7.732514999999999">
        <ele>1648</ele>
        <extensions>
          <distance>59799</distance>
        </extensions>
      </trkpt>
      <trkpt lat="45.834085" lon="7.73252">
        <ele>1644</ele>
        <extensions>
          <distance>59816</distance>
        </extensions>
      </trkpt>
      <trkpt lat="45.83422625" lon="7.732525000000001">
        <ele>1641</ele>
        <extensions>
          <distance>59832</distance>
        </extensions>
      </trkpt>
      <trkpt lat="45.8343675" lon="7.732530000000001">
        <ele>1639</ele>
        <extensions>
          <distance>59847</distance>
        </extensions>
      </trkpt>
      <trkpt lat="45.83450875" lon="7.732535">
        <ele>1639</ele>
        <extensions>
          <distance>59863</distance>
        </extensions>
      </trkpt>
      <trkpt lat="45.83465" lon="7.73254">
        <ele>1638</ele>
        <extensions>
          <distance>59879</distance>
        </extensions>
      </trkpt>
      <trkpt lat="45.834860000000006" lon="7.73265">
        <ele>1637</ele>
        <extensions>
          <distance>59904</distance>
        </extensions>
      </trkpt>
      <trkpt lat="45.83507" lon="7.73276">
        <ele>1637</ele>
        <extensions>
          <distance>59928</distance>
        </extensions>
      </trkpt>
      <trkpt lat="45.835275" lon="7.732735">
        <ele>1637</ele>
        <extensions>
          <distance>59951</distance>
        </extensions>
      </trkpt>
      <trkpt lat="45.835480000000004" lon="7.73271">
        <ele>1632</ele>
        <extensions>
          <distance>59974</distance>
        </extensions>
      </trkpt>
      <trkpt lat="45.835685" lon="7.732685">
        <ele>1628</ele>
        <extensions>
          <distance>59998</distance>
        </extensions>
      </trkpt>
      <trkpt lat="45.83589" lon="7.73266">
        <ele>1623</ele>
        <extensions>
          <distance>60021</distance>
        </extensions>
      </trkpt>
      <trkpt lat="45.836145" lon="7.7327200000000005">
        <ele>1619</ele>
        <extensions>
          <distance>60050</distance>
        </extensions>
      </trkpt>
      <trkpt lat="45.8364" lon="7.73278">
        <ele>1614</ele>
        <extensions>
          <distance>60079</distance>
        </extensions>
      </trkpt>
      <trkpt lat="45.83655" lon="7.73285375">
        <ele>1613</ele>
        <extensions>
          <distance>60097</distance>
        </extensions>
      </trkpt>
      <trkpt lat="45.8367" lon="7.7329275">
        <ele>1610</ele>
        <extensions>
          <distance>60115</distance>
        </extensions>
      </trkpt>
      <trkpt lat="45.83685" lon="7.733001249999999">
        <ele>1609</ele>
        <extensions>
          <distance>60132</distance>
        </extensions>
      </trkpt>
      <trkpt lat="45.837" lon="7.7330749999999995">
        <ele>1608</ele>
        <extensions>
          <distance>60150</distance>
        </extensions>
      </trkpt>
      <trkpt lat="45.83715" lon="7.73314875">
        <ele>1608</ele>
        <extensions>
          <distance>60168</distance>
        </extensions>
      </trkpt>
      <trkpt lat="45.8373" lon="7.7332225">
        <ele>1607</ele>
        <extensions>
          <distance>60185</distance>
        </extensions>
      </trkpt>
      <trkpt lat="45.837450000000004" lon="7.73329625">
        <ele>1606</ele>
        <extensions>
          <distance>60203</distance>
        </extensions>
      </trkpt>
      <trkpt lat="45.8376" lon="7.73337">
        <ele>1606</ele>
        <extensions>
          <distance>60220</distance>
        </extensions>
      </trkpt>
      <trkpt lat="45.8378025" lon="7.733287499999999">
        <ele>1600</ele>
        <extensions>
          <distance>60244</distance>
        </extensions>
      </trkpt>
      <trkpt lat="45.838005" lon="7.733205">
        <ele>1595</ele>
        <extensions>
          <distance>60268</distance>
        </extensions>
      </trkpt>
      <trkpt lat="45.8382075" lon="7.7331225">
        <ele>1592</ele>
        <extensions>
          <distance>60292</distance>
        </extensions>
      </trkpt>
      <trkpt lat="45.83841" lon="7.73304">
        <ele>1589</ele>
        <extensions>
          <distance>60315</distance>
        </extensions>
      </trkpt>
      <trkpt lat="45.838570000000004" lon="7.733065">
        <ele>1588</ele>
        <extensions>
          <distance>60333</distance>
        </extensions>
      </trkpt>
      <trkpt lat="45.83873" lon="7.73309">
        <ele>1588</ele>
        <extensions>
          <distance>60351</distance>
        </extensions>
      </trkpt>
      <trkpt lat="45.8388125" lon="7.732889999999999">
        <ele>1582</ele>
        <extensions>
          <distance>60370</distance>
        </extensions>
      </trkpt>
      <trkpt lat="45.838895" lon="7.73269">
        <ele>1577</ele>
        <extensions>
          <distance>60388</distance>
        </extensions>
      </trkpt>
      <trkpt lat="45.8389775" lon="7.73249">
        <ele>1574</ele>
        <extensions>
          <distance>60407</distance>
        </extensions>
      </trkpt>
      <trkpt lat="45.83906" lon="7.73229">
        <ele>1574</ele>
        <extensions>
          <distance>60425</distance>
        </extensions>
      </trkpt>
      <trkpt lat="45.8391425" lon="7.7320899999999995">
        <ele>1574</ele>
        <extensions>
          <distance>60443</distance>
        </extensions>
      </trkpt>
      <trkpt lat="45.839225" lon="7.73189">
        <ele>1574</ele>
        <extensions>
          <distance>60461</distance>
        </extensions>
      </trkpt>
      <trkpt lat="45.839307500000004" lon="7.73169">
        <ele>1574</ele>
        <extensions>
          <distance>60479</distance>
        </extensions>
      </trkpt>
      <trkpt lat="45.83939" lon="7.73149">
        <ele>1574</ele>
        <extensions>
          <distance>60497</distance>
        </extensions>
      </trkpt>
      <trkpt lat="45.839655" lon="7.731425">
        <ele>1574</ele>
        <extensions>
          <distance>60527</distance>
        </extensions>
      </trkpt>
      <trkpt lat="45.83992" lon="7.73136">
        <ele>1574</ele>
        <extensions>
          <distance>60557</distance>
        </extensions>
      </trkpt>
      <trkpt lat="45.84005" lon="7.73145">
        <ele>1574</ele>
        <extensions>
          <distance>60573</distance>
        </extensions>
      </trkpt>
      <trkpt lat="45.8401175" lon="7.731655">
        <ele>1575</ele>
        <extensions>
          <distance>60590</distance>
        </extensions>
      </trkpt>
      <trkpt lat="45.840185" lon="7.731859999999999">
        <ele>1576</ele>
        <extensions>
          <distance>60608</distance>
        </extensions>
      </trkpt>
      <trkpt lat="45.8402525" lon="7.7320649999999995">
        <ele>1576</ele>
        <extensions>
          <distance>60626</distance>
        </extensions>
      </trkpt>
      <trkpt lat="45.84032" lon="7.73227">
        <ele>1578</ele>
        <extensions>
          <distance>60643</distance>
        </extensions>
      </trkpt>
      <trkpt lat="45.84054999999999" lon="7.732184999999999">
        <ele>1579</ele>
        <extensions>
          <distance>60670</distance>
        </extensions>
      </trkpt>
      <trkpt lat="45.840779999999995" lon="7.7321">
        <ele>1579</ele>
        <extensions>
          <distance>60696</distance>
        </extensions>
      </trkpt>
      <trkpt lat="45.84101" lon="7.7320150000000005">
        <ele>1579</ele>
        <extensions>
          <distance>60722</distance>
        </extensions>
      </trkpt>
      <trkpt lat="45.84124" lon="7.73193">
        <ele>1579</ele>
        <extensions>
          <distance>60749</distance>
        </extensions>
      </trkpt>
      <trkpt lat="45.841387499999996" lon="7.73199">
        <ele>1579</ele>
        <extensions>
          <distance>60766</distance>
        </extensions>
      </trkpt>
      <trkpt lat="45.841535" lon="7.73205">
        <ele>1580</ele>
        <extensions>
          <distance>60783</distance>
        </extensions>
      </trkpt>
      <trkpt lat="45.841682500000005" lon="7.7321100000000005">
        <ele>1580</ele>
        <extensions>
          <distance>60800</distance>
        </extensions>
      </trkpt>
      <trkpt lat="45.84183" lon="7.73217">
        <ele>1582</ele>
        <extensions>
          <distance>60817</distance>
        </extensions>
      </trkpt>
      <trkpt lat="45.842015" lon="7.732125">
        <ele>1583</ele>
        <extensions>
          <distance>60838</distance>
        </extensions>
      </trkpt>
      <trkpt lat="45.8422" lon="7.73208">
        <ele>1583</ele>
        <extensions>
          <distance>60859</distance>
        </extensions>
      </trkpt>
      <trkpt lat="45.842365" lon="7.732165">
        <ele>1583</ele>
        <extensions>
          <distance>60878</distance>
        </extensions>
      </trkpt>
      <trkpt lat="45.84253" lon="7.7322500000000005">
        <ele>1583</ele>
        <extensions>
          <distance>60898</distance>
        </extensions>
      </trkpt>
      <trkpt lat="45.842695" lon="7.732335000000001">
        <ele>1583</ele>
        <extensions>
          <distance>60917</distance>
        </extensions>
      </trkpt>
      <trkpt lat="45.84286" lon="7.73242">
        <ele>1583</ele>
        <extensions>
          <distance>60937</distance>
        </extensions>
      </trkpt>
      <trkpt lat="45.843035" lon="7.7323450000000005">
        <ele>1583</ele>
        <extensions>
          <distance>60957</distance>
        </extensions>
      </trkpt>
      <trkpt lat="45.84321" lon="7.73227">
        <ele>1583</ele>
        <extensions>
          <distance>60977</distance>
        </extensions>
      </trkpt>
      <trkpt lat="45.843385" lon="7.732195">
        <ele>1584</ele>
        <extensions>
          <distance>60998</distance>
        </extensions>
      </trkpt>
      <trkpt lat="45.84356" lon="7.73212">
        <ele>1585</ele>
        <extensions>
          <distance>61018</distance>
        </extensions>
      </trkpt>
      <trkpt lat="45.8437025" lon="7.7322500000000005">
        <ele>1586</ele>
        <extensions>
          <distance>61037</distance>
        </extensions>
      </trkpt>
      <trkpt lat="45.843845" lon="7.73238">
        <ele>1587</ele>
        <extensions>
          <distance>61056</distance>
        </extensions>
      </trkpt>
      <trkpt lat="45.8439875" lon="7.7325099999999996">
        <ele>1587</ele>
        <extensions>
          <distance>61074</distance>
        </extensions>
      </trkpt>
      <trkpt lat="45.84413" lon="7.73264">
        <ele>1587</ele>
        <extensions>
          <distance>61093</distance>
        </extensions>
      </trkpt>
      <trkpt lat="45.844325" lon="7.732665">
        <ele>1589</ele>
        <extensions>
          <distance>61115</distance>
        </extensions>
      </trkpt>
      <trkpt lat="45.84452" lon="7.73269">
        <ele>1590</ele>
        <extensions>
          <distance>61137</distance>
        </extensions>
      </trkpt>
      <trkpt lat="45.8446725" lon="7.7327925">
        <ele>1590</ele>
        <extensions>
          <distance>61155</distance>
        </extensions>
      </trkpt>
      <trkpt lat="45.844825" lon="7.732895">
        <ele>1590</ele>
        <extensions>
          <distance>61174</distance>
        </extensions>
      </trkpt>
      <trkpt lat="45.8449775" lon="7.7329975">
        <ele>1590</ele>
        <extensions>
          <distance>61193</distance>
        </extensions>
      </trkpt>
      <trkpt lat="45.84513" lon="7.7331">
        <ele>1590</ele>
        <extensions>
          <distance>61212</distance>
        </extensions>
      </trkpt>
      <trkpt lat="45.845335" lon="7.7331075">
        <ele>1590</ele>
        <extensions>
          <distance>61234</distance>
        </extensions>
      </trkpt>
      <trkpt lat="45.84554" lon="7.733115">
        <ele>1590</ele>
        <extensions>
          <distance>61257</distance>
        </extensions>
      </trkpt>
      <trkpt lat="45.845745" lon="7.7331225">
        <ele>1591</ele>
        <extensions>
          <distance>61280</distance>
        </extensions>
      </trkpt>
      <trkpt lat="45.84595" lon="7.73313">
        <ele>1593</ele>
        <extensions>
          <distance>61303</distance>
        </extensions>
      </trkpt>
      <trkpt lat="45.846095000000005" lon="7.73309875">
        <ele>1593</ele>
        <extensions>
          <distance>61319</distance>
        </extensions>
      </trkpt>
      <trkpt lat="45.84624" lon="7.733067500000001">
        <ele>1594</ele>
        <extensions>
          <distance>61335</distance>
        </extensions>
      </trkpt>
      <trkpt lat="45.846385" lon="7.7330362500000005">
        <ele>1594</ele>
        <extensions>
          <distance>61352</distance>
        </extensions>
      </trkpt>
      <trkpt lat="45.84653" lon="7.733005">
        <ele>1594</ele>
        <extensions>
          <distance>61368</distance>
        </extensions>
      </trkpt>
      <trkpt lat="45.846675000000005" lon="7.73297375">
        <ele>1594</ele>
        <extensions>
          <distance>61384</distance>
        </extensions>
      </trkpt>
      <trkpt lat="45.84682" lon="7.7329425">
        <ele>1595</ele>
        <extensions>
          <distance>61401</distance>
        </extensions>
      </trkpt>
      <trkpt lat="45.846965" lon="7.73291125">
        <ele>1595</ele>
        <extensions>
          <distance>61417</distance>
        </extensions>
      </trkpt>
      <trkpt lat="45.84711" lon="7.73288">
        <ele>1595</ele>
        <extensions>
          <distance>61433</distance>
        </extensions>
      </trkpt>
      <trkpt lat="45.847335" lon="7.732975">
        <ele>1597</ele>
        <extensions>
          <distance>61459</distance>
        </extensions>
      </trkpt>
      <trkpt lat="45.84756" lon="7.73307">
        <ele>1599</ele>
        <extensions>
          <distance>61485</distance>
        </extensions>
      </trkpt>
      <trkpt lat="45.8477" lon="7.733285">
        <ele>1599</ele>
        <extensions>
          <distance>61508</distance>
        </extensions>
      </trkpt>
      <trkpt lat="45.84784" lon="7.7335">
        <ele>1599</ele>
        <extensions>
          <distance>61531</distance>
        </extensions>
      </trkpt>
      <trkpt lat="45.848034999999996" lon="7.73366">
        <ele>1599</ele>
        <extensions>
          <distance>61556</distance>
        </extensions>
      </trkpt>
      <trkpt lat="45.84823" lon="7.73382">
        <ele>1599</ele>
        <extensions>
          <distance>61581</distance>
        </extensions>
      </trkpt>
      <trkpt lat="45.848425" lon="7.73398">
        <ele>1599</ele>
        <extensions>
          <distance>61606</distance>
        </extensions>
      </trkpt>
      <trkpt lat="45.84862" lon="7.73414">
        <ele>1599</ele>
        <extensions>
          <distance>61631</distance>
        </extensions>
      </trkpt>
      <trkpt lat="45.84866" lon="7.73449">
        <ele>1599</ele>
        <extensions>
          <distance>61659</distance>
        </extensions>
      </trkpt>
      <trkpt lat="45.848455" lon="7.73461">
        <ele>1600</ele>
        <extensions>
          <distance>61683</distance>
        </extensions>
      </trkpt>
      <trkpt lat="45.84825" lon="7.73473">
        <ele>1602</ele>
        <extensions>
          <distance>61708</distance>
        </extensions>
      </trkpt>
      <trkpt lat="45.848245000000006" lon="7.7349499999999995">
        <ele>1606</ele>
        <extensions>
          <distance>61725</distance>
        </extensions>
      </trkpt>
      <trkpt lat="45.848240000000004" lon="7.73517">
        <ele>1610</ele>
        <extensions>
          <distance>61743</distance>
        </extensions>
      </trkpt>
      <trkpt lat="45.848235" lon="7.735390000000001">
        <ele>1614</ele>
        <extensions>
          <distance>61760</distance>
        </extensions>
      </trkpt>
      <trkpt lat="45.84823" lon="7.73561">
        <ele>1618</ele>
        <extensions>
          <distance>61778</distance>
        </extensions>
      </trkpt>
      <trkpt lat="45.84845" lon="7.73583">
        <ele>1619</ele>
        <extensions>
          <distance>61808</distance>
        </extensions>
      </trkpt>
      <trkpt lat="45.84853" lon="7.736034999999999">
        <ele>1622</ele>
        <extensions>
          <distance>61826</distance>
        </extensions>
      </trkpt>
      <trkpt lat="45.84861" lon="7.73624">
        <ele>1627</ele>
        <extensions>
          <distance>61845</distance>
        </extensions>
      </trkpt>
      <trkpt lat="45.84867" lon="7.73644">
        <ele>1631</ele>
        <extensions>
          <distance>61863</distance>
        </extensions>
      </trkpt>
      <trkpt lat="45.84862" lon="7.73671">
        <ele>1640</ele>
        <extensions>
          <distance>61886</distance>
        </extensions>
      </trkpt>
      <trkpt lat="45.84873" lon="7.73682">
        <ele>1645</ele>
        <extensions>
          <distance>61902</distance>
        </extensions>
      </trkpt>
      <trkpt lat="45.84868" lon="7.73689">
        <ele>1647</ele>
        <extensions>
          <distance>61910</distance>
        </extensions>
      </trkpt>
      <trkpt lat="45.8488275" lon="7.7369575">
        <ele>1650</ele>
        <extensions>
          <distance>61927</distance>
        </extensions>
      </trkpt>
      <trkpt lat="45.848974999999996" lon="7.737025">
        <ele>1654</ele>
        <extensions>
          <distance>61945</distance>
        </extensions>
      </trkpt>
      <trkpt lat="45.84912249999999" lon="7.7370925">
        <ele>1658</ele>
        <extensions>
          <distance>61963</distance>
        </extensions>
      </trkpt>
      <trkpt lat="45.84927" lon="7.73716">
        <ele>1661</ele>
        <extensions>
          <distance>61980</distance>
        </extensions>
      </trkpt>
      <trkpt lat="45.84913" lon="7.73729">
        <ele>1668</ele>
        <extensions>
          <distance>62000</distance>
        </extensions>
      </trkpt>
      <trkpt lat="45.84936" lon="7.73747">
        <ele>1678</ele>
        <extensions>
          <distance>62031</distance>
        </extensions>
      </trkpt>
      <trkpt lat="45.849175" lon="7.737615">
        <ele>1685</ele>
        <extensions>
          <distance>62055</distance>
        </extensions>
      </trkpt>
      <trkpt lat="45.84899" lon="7.73776">
        <ele>1690</ele>
        <extensions>
          <distance>62079</distance>
        </extensions>
      </trkpt>
      <trkpt lat="45.8491075" lon="7.7378675">
        <ele>1698</ele>
        <extensions>
          <distance>62097</distance>
        </extensions>
      </trkpt>
      <trkpt lat="45.849225000000004" lon="7.7379750000000005">
        <ele>1706</ele>
        <extensions>
          <distance>62114</distance>
        </extensions>
      </trkpt>
      <trkpt lat="45.849342500000006" lon="7.738082500000001">
        <ele>1714</ele>
        <extensions>
          <distance>62131</distance>
        </extensions>
      </trkpt>
      <trkpt lat="45.84946" lon="7.73819">
        <ele>1721</ele>
        <extensions>
          <distance>62148</distance>
        </extensions>
      </trkpt>
      <trkpt lat="45.84966" lon="7.73822">
        <ele>1723</ele>
        <extensions>
          <distance>62171</distance>
        </extensions>
      </trkpt>
      <trkpt lat="45.849455" lon="7.7383299999999995">
        <ele>1728</ele>
        <extensions>
          <distance>62196</distance>
        </extensions>
      </trkpt>
      <trkpt lat="45.84925" lon="7.73844">
        <ele>1731</ele>
        <extensions>
          <distance>62220</distance>
        </extensions>
      </trkpt>
      <trkpt lat="45.84929" lon="7.73872">
        <ele>1749</ele>
        <extensions>
          <distance>62249</distance>
        </extensions>
      </trkpt>
      <trkpt lat="45.84946" lon="7.7387">
        <ele>1750</ele>
        <extensions>
          <distance>62268</distance>
        </extensions>
      </trkpt>
      <trkpt lat="45.84949" lon="7.73895">
        <ele>1765</ele>
        <extensions>
          <distance>62291</distance>
        </extensions>
      </trkpt>
      <trkpt lat="45.84937" lon="7.7391">
        <ele>1774</ele>
        <extensions>
          <distance>62310</distance>
        </extensions>
      </trkpt>
      <trkpt lat="45.84956" lon="7.73916">
        <ele>1778</ele>
        <extensions>
          <distance>62332</distance>
        </extensions>
      </trkpt>
      <trkpt lat="45.84943" lon="7.7393">
        <ele>1785</ele>
        <extensions>
          <distance>62352</distance>
        </extensions>
      </trkpt>
      <trkpt lat="45.84958" lon="7.73944">
        <ele>1793</ele>
        <extensions>
          <distance>62373</distance>
        </extensions>
      </trkpt>
      <trkpt lat="45.84938" lon="7.73957">
        <ele>1801</ele>
        <extensions>
          <distance>62399</distance>
        </extensions>
      </trkpt>
      <trkpt lat="45.84959" lon="7.7398">
        <ele>1815</ele>
        <extensions>
          <distance>62432</distance>
        </extensions>
      </trkpt>
      <trkpt lat="45.84938" lon="7.73985">
        <ele>1819</ele>
        <extensions>
          <distance>62456</distance>
        </extensions>
      </trkpt>
      <trkpt lat="45.8495" lon="7.74005">
        <ele>1830</ele>
        <extensions>
          <distance>62479</distance>
        </extensions>
      </trkpt>
      <trkpt lat="45.8494" lon="7.74016">
        <ele>1836</ele>
        <extensions>
          <distance>62494</distance>
        </extensions>
      </trkpt>
      <trkpt lat="45.84953" lon="7.74023">
        <ele>1841</ele>
        <extensions>
          <distance>62510</distance>
        </extensions>
      </trkpt>
      <trkpt lat="45.84935" lon="7.74043">
        <ele>1851</ele>
        <extensions>
          <distance>62537</distance>
        </extensions>
      </trkpt>
      <trkpt lat="45.8495" lon="7.74049">
        <ele>1855</ele>
        <extensions>
          <distance>62555</distance>
        </extensions>
      </trkpt>
      <trkpt lat="45.84936" lon="7.74056">
        <ele>1858</ele>
        <extensions>
          <distance>62572</distance>
        </extensions>
      </trkpt>
      <trkpt lat="45.84942" lon="7.7406">
        <ele>1860</ele>
        <extensions>
          <distance>62579</distance>
        </extensions>
      </trkpt>
      <trkpt lat="45.84934" lon="7.74073">
        <ele>1868</ele>
        <extensions>
          <distance>62595</distance>
        </extensions>
      </trkpt>
      <trkpt lat="45.84946" lon="7.74074">
        <ele>1870</ele>
        <extensions>
          <distance>62608</distance>
        </extensions>
      </trkpt>
      <trkpt lat="45.8494" lon="7.74091">
        <ele>1879</ele>
        <extensions>
          <distance>62625</distance>
        </extensions>
      </trkpt>
      <trkpt lat="45.84952" lon="7.74087">
        <ele>1880</ele>
        <extensions>
          <distance>62639</distance>
        </extensions>
      </trkpt>
      <trkpt lat="45.84944" lon="7.74108">
        <ele>1888</ele>
        <extensions>
          <distance>62659</distance>
        </extensions>
      </trkpt>
      <trkpt lat="45.84965" lon="7.74094">
        <ele>1889</ele>
        <extensions>
          <distance>62685</distance>
        </extensions>
      </trkpt>
      <trkpt lat="45.849515" lon="7.741235">
        <ele>1898</ele>
        <extensions>
          <distance>62713</distance>
        </extensions>
      </trkpt>
      <trkpt lat="45.84938" lon="7.74153">
        <ele>1903</ele>
        <extensions>
          <distance>62741</distance>
        </extensions>
      </trkpt>
      <trkpt lat="45.84949" lon="7.74148">
        <ele>1905</ele>
        <extensions>
          <distance>62754</distance>
        </extensions>
      </trkpt>
      <trkpt lat="45.84953" lon="7.74181">
        <ele>1913</ele>
        <extensions>
          <distance>62781</distance>
        </extensions>
      </trkpt>
      <trkpt lat="45.849505" lon="7.7420575">
        <ele>1918</ele>
        <extensions>
          <distance>62801</distance>
        </extensions>
      </trkpt>
      <trkpt lat="45.84948" lon="7.742305">
        <ele>1923</ele>
        <extensions>
          <distance>62821</distance>
        </extensions>
      </trkpt>
      <trkpt lat="45.849455" lon="7.7425525">
        <ele>1927</ele>
        <extensions>
          <distance>62841</distance>
        </extensions>
      </trkpt>
      <trkpt lat="45.84943" lon="7.7428">
        <ele>1932</ele>
        <extensions>
          <distance>62861</distance>
        </extensions>
      </trkpt>
      <trkpt lat="45.849475" lon="7.7430900000000005">
        <ele>1941</ele>
        <extensions>
          <distance>62886</distance>
        </extensions>
      </trkpt>
      <trkpt lat="45.84952" lon="7.74338">
        <ele>1948</ele>
        <extensions>
          <distance>62910</distance>
        </extensions>
      </trkpt>
      <trkpt lat="45.849565" lon="7.74367">
        <ele>1952</ele>
        <extensions>
          <distance>62933</distance>
        </extensions>
      </trkpt>
      <trkpt lat="45.84961" lon="7.74396">
        <ele>1956</ele>
        <extensions>
          <distance>62957</distance>
        </extensions>
      </trkpt>
      <trkpt lat="45.84949" lon="7.74429">
        <ele>1956</ele>
        <extensions>
          <distance>62985</distance>
        </extensions>
      </trkpt>
      <trkpt lat="45.8493525" lon="7.744375">
        <ele>1956</ele>
        <extensions>
          <distance>63002</distance>
        </extensions>
      </trkpt>
      <trkpt lat="45.849215" lon="7.74446">
        <ele>1956</ele>
        <extensions>
          <distance>63019</distance>
        </extensions>
      </trkpt>
      <trkpt lat="45.8490775" lon="7.7445450000000005">
        <ele>1956</ele>
        <extensions>
          <distance>63035</distance>
        </extensions>
      </trkpt>
      <trkpt lat="45.84894" lon="7.74463">
        <ele>1956</ele>
        <extensions>
          <distance>63052</distance>
        </extensions>
      </trkpt>
      <trkpt lat="45.849055" lon="7.74474">
        <ele>1958</ele>
        <extensions>
          <distance>63067</distance>
        </extensions>
      </trkpt>
      <trkpt lat="45.84917" lon="7.74485">
        <ele>1962</ele>
        <extensions>
          <distance>63083</distance>
        </extensions>
      </trkpt>
      <trkpt lat="45.8494" lon="7.74488">
        <ele>1967</ele>
        <extensions>
          <distance>63109</distance>
        </extensions>
      </trkpt>
      <trkpt lat="45.84947" lon="7.74503">
        <ele>1971</ele>
        <extensions>
          <distance>63124</distance>
        </extensions>
      </trkpt>
      <trkpt lat="45.849705" lon="7.744905">
        <ele>1974</ele>
        <extensions>
          <distance>63152</distance>
        </extensions>
      </trkpt>
      <trkpt lat="45.84994" lon="7.74478">
        <ele>1979</ele>
        <extensions>
          <distance>63180</distance>
        </extensions>
      </trkpt>
      <trkpt lat="45.85019" lon="7.74479">
        <ele>1986</ele>
        <extensions>
          <distance>63209</distance>
        </extensions>
      </trkpt>
      <trkpt lat="45.85039" lon="7.74456">
        <ele>1987</ele>
        <extensions>
          <distance>63237</distance>
        </extensions>
      </trkpt>
      <trkpt lat="45.85044499999999" lon="7.74421">
        <ele>1987</ele>
        <extensions>
          <distance>63265</distance>
        </extensions>
      </trkpt>
      <trkpt lat="45.8505" lon="7.74386">
        <ele>1990</ele>
        <extensions>
          <distance>63293</distance>
        </extensions>
      </trkpt>
      <trkpt lat="45.8506725" lon="7.74363">
        <ele>1991</ele>
        <extensions>
          <distance>63319</distance>
        </extensions>
      </trkpt>
      <trkpt lat="45.850845" lon="7.743399999999999">
        <ele>1997</ele>
        <extensions>
          <distance>63346</distance>
        </extensions>
      </trkpt>
      <trkpt lat="45.8510175" lon="7.743169999999999">
        <ele>2004</ele>
        <extensions>
          <distance>63373</distance>
        </extensions>
      </trkpt>
      <trkpt lat="45.85119" lon="7.74294">
        <ele>2007</ele>
        <extensions>
          <distance>63399</distance>
        </extensions>
      </trkpt>
      <trkpt lat="45.85143" lon="7.7429">
        <ele>2012</ele>
        <extensions>
          <distance>63427</distance>
        </extensions>
      </trkpt>
      <trkpt lat="45.85167" lon="7.74305">
        <ele>2020</ele>
        <extensions>
          <distance>63457</distance>
        </extensions>
      </trkpt>
      <trkpt lat="45.851815" lon="7.743025">
        <ele>2020</ele>
        <extensions>
          <distance>63473</distance>
        </extensions>
      </trkpt>
      <trkpt lat="45.85196" lon="7.743">
        <ele>2020</ele>
        <extensions>
          <distance>63489</distance>
        </extensions>
      </trkpt>
      <trkpt lat="45.852104999999995" lon="7.742975">
        <ele>2021</ele>
        <extensions>
          <distance>63506</distance>
        </extensions>
      </trkpt>
      <trkpt lat="45.85225" lon="7.74295">
        <ele>2021</ele>
        <extensions>
          <distance>63522</distance>
        </extensions>
      </trkpt>
      <trkpt lat="45.852154999999996" lon="7.743095">
        <ele>2023</ele>
        <extensions>
          <distance>63537</distance>
        </extensions>
      </trkpt>
      <trkpt lat="45.852059999999994" lon="7.74324">
        <ele>2027</ele>
        <extensions>
          <distance>63553</distance>
        </extensions>
      </trkpt>
      <trkpt lat="45.85196499999999" lon="7.743385">
        <ele>2031</ele>
        <extensions>
          <distance>63569</distance>
        </extensions>
      </trkpt>
      <trkpt lat="45.85187" lon="7.74353">
        <ele>2034</ele>
        <extensions>
          <distance>63585</distance>
        </extensions>
      </trkpt>
      <trkpt lat="45.851775" lon="7.743675">
        <ele>2037</ele>
        <extensions>
          <distance>63601</distance>
        </extensions>
      </trkpt>
      <trkpt lat="45.85168" lon="7.7438199999999995">
        <ele>2038</ele>
        <extensions>
          <distance>63616</distance>
        </extensions>
      </trkpt>
      <trkpt lat="45.851585" lon="7.743964999999999">
        <ele>2039</ele>
        <extensions>
          <distance>63632</distance>
        </extensions>
      </trkpt>
      <trkpt lat="45.85149" lon="7.74411">
        <ele>2039</ele>
        <extensions>
          <distance>63647</distance>
        </extensions>
      </trkpt>
      <trkpt lat="45.85155" lon="7.74435">
        <ele>2042</ele>
        <extensions>
          <distance>63667</distance>
        </extensions>
      </trkpt>
      <trkpt lat="45.8517" lon="7.744375">
        <ele>2045.5</ele>
        <extensions>
          <distance>63684</distance>
        </extensions>
      </trkpt>
      <trkpt lat="45.85185" lon="7.7444">
        <ele>2047</ele>
        <extensions>
          <distance>63701</distance>
        </extensions>
      </trkpt>
      <trkpt lat="45.852000000000004" lon="7.744425">
        <ele>2051</ele>
        <extensions>
          <distance>63718</distance>
        </extensions>
      </trkpt>
      <trkpt lat="45.85215" lon="7.74445">
        <ele>2053</ele>
        <extensions>
          <distance>63735</distance>
        </extensions>
      </trkpt>
      <trkpt lat="45.85207" lon="7.7446675">
        <ele>2056</ele>
        <extensions>
          <distance>63754</distance>
        </extensions>
      </trkpt>
      <trkpt lat="45.85199" lon="7.744885">
        <ele>2059</ele>
        <extensions>
          <distance>63774</distance>
        </extensions>
      </trkpt>
      <trkpt lat="45.851910000000004" lon="7.7451025">
        <ele>2062</ele>
        <extensions>
          <distance>63793</distance>
        </extensions>
      </trkpt>
      <trkpt lat="45.85183" lon="7.74532">
        <ele>2064</ele>
        <extensions>
          <distance>63812</distance>
        </extensions>
      </trkpt>
      <trkpt lat="45.851952499999996" lon="7.74549">
        <ele>2070</ele>
        <extensions>
          <distance>63832</distance>
        </extensions>
      </trkpt>
      <trkpt lat="45.852075" lon="7.745660000000001">
        <ele>2075</ele>
        <extensions>
          <distance>63852</distance>
        </extensions>
      </trkpt>
      <trkpt lat="45.8521975" lon="7.745830000000001">
        <ele>2080</ele>
        <extensions>
          <distance>63871</distance>
        </extensions>
      </trkpt>
      <trkpt lat="45.85232" lon="7.746">
        <ele>2083</ele>
        <extensions>
          <distance>63890</distance>
        </extensions>
      </trkpt>
      <trkpt lat="45.85235" lon="7.74628">
        <ele>2088</ele>
        <extensions>
          <distance>63913</distance>
        </extensions>
      </trkpt>
      <trkpt lat="45.85232" lon="7.74654">
        <ele>2093</ele>
        <extensions>
          <distance>63934</distance>
        </extensions>
      </trkpt>
      <trkpt lat="45.85216" lon="7.746735">
        <ele>2097</ele>
        <extensions>
          <distance>63958</distance>
        </extensions>
      </trkpt>
      <trkpt lat="45.852" lon="7.74693">
        <ele>2101</ele>
        <extensions>
          <distance>63981</distance>
        </extensions>
      </trkpt>
      <trkpt lat="45.851895" lon="7.747175">
        <ele>2103</ele>
        <extensions>
          <distance>64004</distance>
        </extensions>
      </trkpt>
      <trkpt lat="45.85179" lon="7.74742">
        <ele>2105</ele>
        <extensions>
          <distance>64026</distance>
        </extensions>
      </trkpt>
      <trkpt lat="45.851835" lon="7.7477149999999995">
        <ele>2111</ele>
        <extensions>
          <distance>64050</distance>
        </extensions>
      </trkpt>
      <trkpt lat="45.85188" lon="7.74801">
        <ele>2119</ele>
        <extensions>
          <distance>64075</distance>
        </extensions>
      </trkpt>
      <trkpt lat="45.851820000000004" lon="7.748245">
        <ele>2121</ele>
        <extensions>
          <distance>64095</distance>
        </extensions>
      </trkpt>
      <trkpt lat="45.85176" lon="7.74848">
        <ele>2123</ele>
        <extensions>
          <distance>64114</distance>
        </extensions>
      </trkpt>
      <trkpt lat="45.85173" lon="7.748844999999999">
        <ele>2128</ele>
        <extensions>
          <distance>64143</distance>
        </extensions>
      </trkpt>
      <trkpt lat="45.8517" lon="7.74921">
        <ele>2133</ele>
        <extensions>
          <distance>64172</distance>
        </extensions>
      </trkpt>
      <trkpt lat="45.85167" lon="7.749575">
        <ele>2140</ele>
        <extensions>
          <distance>64202</distance>
        </extensions>
      </trkpt>
      <trkpt lat="45.85164" lon="7.74994">
        <ele>2151</ele>
        <extensions>
          <distance>64232</distance>
        </extensions>
      </trkpt>
      <trkpt lat="45.85150875" lon="7.750095">
        <ele>2151</ele>
        <extensions>
          <distance>64251</distance>
        </extensions>
      </trkpt>
      <trkpt lat="45.8513775" lon="7.750249999999999">
        <ele>2152</ele>
        <extensions>
          <distance>64270</distance>
        </extensions>
      </trkpt>
      <trkpt lat="45.85124625" lon="7.750405">
        <ele>2155</ele>
        <extensions>
          <distance>64289</distance>
        </extensions>
      </trkpt>
      <trkpt lat="45.851115" lon="7.75056">
        <ele>2157</ele>
        <extensions>
          <distance>64308</distance>
        </extensions>
      </trkpt>
      <trkpt lat="45.85098375" lon="7.750715">
        <ele>2160</ele>
        <extensions>
          <distance>64327</distance>
        </extensions>
      </trkpt>
      <trkpt lat="45.8508525" lon="7.75087">
        <ele>2164</ele>
        <extensions>
          <distance>64347</distance>
        </extensions>
      </trkpt>
      <trkpt lat="45.85072125" lon="7.751025">
        <ele>2168</ele>
        <extensions>
          <distance>64366</distance>
        </extensions>
      </trkpt>
      <trkpt lat="45.85059" lon="7.75118">
        <ele>2173</ele>
        <extensions>
          <distance>64385</distance>
        </extensions>
      </trkpt>
      <trkpt lat="45.8505" lon="7.751415">
        <ele>2185</ele>
        <extensions>
          <distance>64409</distance>
        </extensions>
      </trkpt>
      <trkpt lat="45.85041" lon="7.75165">
        <ele>2196</ele>
        <extensions>
          <distance>64433</distance>
        </extensions>
      </trkpt>
      <trkpt lat="45.85045" lon="7.75171">
        <ele>2202</ele>
        <extensions>
          <distance>64442</distance>
        </extensions>
      </trkpt>
      <trkpt lat="45.85035" lon="7.7518">
        <ele>2205</ele>
        <extensions>
          <distance>64455</distance>
        </extensions>
      </trkpt>
      <trkpt lat="45.85042" lon="7.75192">
        <ele>2205</ele>
        <extensions>
          <distance>64467</distance>
        </extensions>
      </trkpt>
      <trkpt lat="45.850210000000004" lon="7.7520500000000006">
        <ele>2205</ele>
        <extensions>
          <distance>64493</distance>
        </extensions>
      </trkpt>
      <trkpt lat="45.85" lon="7.75218">
        <ele>2209</ele>
        <extensions>
          <distance>64518</distance>
        </extensions>
      </trkpt>
      <trkpt lat="45.84979" lon="7.75204">
        <ele>2212</ele>
        <extensions>
          <distance>64544</distance>
        </extensions>
      </trkpt>
      <trkpt lat="45.84972" lon="7.7521">
        <ele>2212</ele>
        <extensions>
          <distance>64553</distance>
        </extensions>
      </trkpt>
      <trkpt lat="45.849684999999994" lon="7.752295">
        <ele>2212</ele>
        <extensions>
          <distance>64569</distance>
        </extensions>
      </trkpt>
      <trkpt lat="45.84965" lon="7.75249">
        <ele>2211</ele>
        <extensions>
          <distance>64585</distance>
        </extensions>
      </trkpt>
      <trkpt lat="45.8495425" lon="7.75267">
        <ele>2211</ele>
        <extensions>
          <distance>64603</distance>
        </extensions>
      </trkpt>
      <trkpt lat="45.849435" lon="7.7528500000000005">
        <ele>2212</ele>
        <extensions>
          <distance>64621</distance>
        </extensions>
      </trkpt>
      <trkpt lat="45.8493275" lon="7.753030000000001">
        <ele>2213</ele>
        <extensions>
          <distance>64640</distance>
        </extensions>
      </trkpt>
      <trkpt lat="45.84922" lon="7.75321">
        <ele>2214</ele>
        <extensions>
          <distance>64658</distance>
        </extensions>
      </trkpt>
      <trkpt lat="45.849265" lon="7.753500000000001">
        <ele>2216</ele>
        <extensions>
          <distance>64681</distance>
        </extensions>
      </trkpt>
      <trkpt lat="45.84931" lon="7.75379">
        <ele>2219</ele>
        <extensions>
          <distance>64705</distance>
        </extensions>
      </trkpt>
      <trkpt lat="45.849355" lon="7.75408">
        <ele>2220</ele>
        <extensions>
          <distance>64728</distance>
        </extensions>
      </trkpt>
      <trkpt lat="45.8494" lon="7.75437">
        <ele>2223</ele>
        <extensions>
          <distance>64751</distance>
        </extensions>
      </trkpt>
      <trkpt lat="45.84929" lon="7.7546975">
        <ele>2224</ele>
        <extensions>
          <distance>64779</distance>
        </extensions>
      </trkpt>
      <trkpt lat="45.849180000000004" lon="7.755025">
        <ele>2225</ele>
        <extensions>
          <distance>64807</distance>
        </extensions>
      </trkpt>
      <trkpt lat="45.84907" lon="7.7553525">
        <ele>2226</ele>
        <extensions>
          <distance>64836</distance>
        </extensions>
      </trkpt>
      <trkpt lat="45.84896" lon="7.75568">
        <ele>2227</ele>
        <extensions>
          <distance>64864</distance>
        </extensions>
      </trkpt>
      <trkpt lat="45.84901375" lon="7.75598125">
        <ele>2229</ele>
        <extensions>
          <distance>64888</distance>
        </extensions>
      </trkpt>
      <trkpt lat="45.849067500000004" lon="7.7562825">
        <ele>2229</ele>
        <extensions>
          <distance>64912</distance>
        </extensions>
      </trkpt>
      <trkpt lat="45.84912125" lon="7.756583750000001">
        <ele>2231</ele>
        <extensions>
          <distance>64936</distance>
        </extensions>
      </trkpt>
      <trkpt lat="45.849175" lon="7.7568850000000005">
        <ele>2233</ele>
        <extensions>
          <distance>64961</distance>
        </extensions>
      </trkpt>
      <trkpt lat="45.84922875" lon="7.75718625">
        <ele>2235</ele>
        <extensions>
          <distance>64985</distance>
        </extensions>
      </trkpt>
      <trkpt lat="45.8492825" lon="7.7574875">
        <ele>2237</ele>
        <extensions>
          <distance>65009</distance>
        </extensions>
      </trkpt>
      <trkpt lat="45.84933625" lon="7.75778875">
        <ele>2238</ele>
        <extensions>
          <distance>65033</distance>
        </extensions>
      </trkpt>
      <trkpt lat="45.84939" lon="7.75809">
        <ele>2241</ele>
        <extensions>
          <distance>65058</distance>
        </extensions>
      </trkpt>
      <trkpt lat="45.84934" lon="7.758352500000001">
        <ele>2245</ele>
        <extensions>
          <distance>65079</distance>
        </extensions>
      </trkpt>
      <trkpt lat="45.849289999999996" lon="7.758615000000001">
        <ele>2248</ele>
        <extensions>
          <distance>65101</distance>
        </extensions>
      </trkpt>
      <trkpt lat="45.849239999999995" lon="7.7588775000000005">
        <ele>2249</ele>
        <extensions>
          <distance>65122</distance>
        </extensions>
      </trkpt>
      <trkpt lat="45.84919" lon="7.75914">
        <ele>2251</ele>
        <extensions>
          <distance>65143</distance>
        </extensions>
      </trkpt>
      <trkpt lat="45.8492875" lon="7.7594725">
        <ele>2257</ele>
        <extensions>
          <distance>65172</distance>
        </extensions>
      </trkpt>
      <trkpt lat="45.849385" lon="7.759805">
        <ele>2263</ele>
        <extensions>
          <distance>65200</distance>
        </extensions>
      </trkpt>
      <trkpt lat="45.8494825" lon="7.7601375">
        <ele>2268</ele>
        <extensions>
          <distance>65229</distance>
        </extensions>
      </trkpt>
      <trkpt lat="45.84958" lon="7.76047">
        <ele>2273</ele>
        <extensions>
          <distance>65257</distance>
        </extensions>
      </trkpt>
      <trkpt lat="45.849562500000005" lon="7.7607725">
        <ele>2276</ele>
        <extensions>
          <distance>65281</distance>
        </extensions>
      </trkpt>
      <trkpt lat="45.849545000000006" lon="7.761075">
        <ele>2280</ele>
        <extensions>
          <distance>65305</distance>
        </extensions>
      </trkpt>
      <trkpt lat="45.84952750000001" lon="7.7613775">
        <ele>2282</ele>
        <extensions>
          <distance>65328</distance>
        </extensions>
      </trkpt>
      <trkpt lat="45.84951" lon="7.76168">
        <ele>2286</ele>
        <extensions>
          <distance>65352</distance>
        </extensions>
      </trkpt>
      <trkpt lat="45.84951625000001" lon="7.76188">
        <ele>2290</ele>
        <extensions>
          <distance>65368</distance>
        </extensions>
      </trkpt>
      <trkpt lat="45.849522500000006" lon="7.76208">
        <ele>2294</ele>
        <extensions>
          <distance>65384</distance>
        </extensions>
      </trkpt>
      <trkpt lat="45.849528750000005" lon="7.7622800000000005">
        <ele>2299</ele>
        <extensions>
          <distance>65401</distance>
        </extensions>
      </trkpt>
      <trkpt lat="45.849535" lon="7.76248">
        <ele>2302</ele>
        <extensions>
          <distance>65417</distance>
        </extensions>
      </trkpt>
      <trkpt lat="45.84954125" lon="7.76268">
        <ele>2305</ele>
        <extensions>
          <distance>65432</distance>
        </extensions>
      </trkpt>
      <trkpt lat="45.8495475" lon="7.76288">
        <ele>2307</ele>
        <extensions>
          <distance>65448</distance>
        </extensions>
      </trkpt>
      <trkpt lat="45.84955375" lon="7.76308">
        <ele>2309</ele>
        <extensions>
          <distance>65464</distance>
        </extensions>
      </trkpt>
      <trkpt lat="45.84956" lon="7.76328">
        <ele>2312</ele>
        <extensions>
          <distance>65480</distance>
        </extensions>
      </trkpt>
      <trkpt lat="45.849729999999994" lon="7.76344">
        <ele>2314</ele>
        <extensions>
          <distance>65502</distance>
        </extensions>
      </trkpt>
      <trkpt lat="45.8499" lon="7.7636">
        <ele>2318</ele>
        <extensions>
          <distance>65525</distance>
        </extensions>
      </trkpt>
      <trkpt lat="45.850030000000004" lon="7.7638825">
        <ele>2321</ele>
        <extensions>
          <distance>65552</distance>
        </extensions>
      </trkpt>
      <trkpt lat="45.85016" lon="7.764165">
        <ele>2326</ele>
        <extensions>
          <distance>65578</distance>
        </extensions>
      </trkpt>
      <trkpt lat="45.85029" lon="7.7644475">
        <ele>2330</ele>
        <extensions>
          <distance>65605</distance>
        </extensions>
      </trkpt>
      <trkpt lat="45.85042" lon="7.76473">
        <ele>2336</ele>
        <extensions>
          <distance>65632</distance>
        </extensions>
      </trkpt>
      <trkpt lat="45.850404999999995" lon="7.765005">
        <ele>2339</ele>
        <extensions>
          <distance>65654</distance>
        </extensions>
      </trkpt>
      <trkpt lat="45.85039" lon="7.76528">
        <ele>2340</ele>
        <extensions>
          <distance>65675</distance>
        </extensions>
      </trkpt>
      <trkpt lat="45.850534999999994" lon="7.7654499999999995">
        <ele>2345</ele>
        <extensions>
          <distance>65696</distance>
        </extensions>
      </trkpt>
      <trkpt lat="45.85068" lon="7.76562">
        <ele>2349</ele>
        <extensions>
          <distance>65717</distance>
        </extensions>
      </trkpt>
      <trkpt lat="45.850775" lon="7.76586">
        <ele>2358</ele>
        <extensions>
          <distance>65741</distance>
        </extensions>
      </trkpt>
      <trkpt lat="45.85087" lon="7.7661">
        <ele>2365</ele>
        <extensions>
          <distance>65763</distance>
        </extensions>
      </trkpt>
      <trkpt lat="45.85095" lon="7.76645">
        <ele>2369</ele>
        <extensions>
          <distance>65792</distance>
        </extensions>
      </trkpt>
      <trkpt lat="45.85088" lon="7.76675">
        <ele>2371</ele>
        <extensions>
          <distance>65817</distance>
        </extensions>
      </trkpt>
      <trkpt lat="45.85097" lon="7.76695">
        <ele>2374</ele>
        <extensions>
          <distance>65835</distance>
        </extensions>
      </trkpt>
      <trkpt lat="45.85106" lon="7.76715">
        <ele>2377</ele>
        <extensions>
          <distance>65854</distance>
        </extensions>
      </trkpt>
      <trkpt lat="45.85115" lon="7.76735">
        <ele>2381</ele>
        <extensions>
          <distance>65873</distance>
        </extensions>
      </trkpt>
      <trkpt lat="45.85124" lon="7.76755">
        <ele>2386</ele>
        <extensions>
          <distance>65892</distance>
        </extensions>
      </trkpt>
      <trkpt lat="45.851254999999995" lon="7.767745">
        <ele>2388</ele>
        <extensions>
          <distance>65907</distance>
        </extensions>
      </trkpt>
      <trkpt lat="45.85127" lon="7.76794">
        <ele>2388</ele>
        <extensions>
          <distance>65923</distance>
        </extensions>
      </trkpt>
      <trkpt lat="45.851245" lon="7.768215">
        <ele>2389</ele>
        <extensions>
          <distance>65944</distance>
        </extensions>
      </trkpt>
      <trkpt lat="45.85122" lon="7.76849">
        <ele>2394</ele>
        <extensions>
          <distance>65966</distance>
        </extensions>
      </trkpt>
      <trkpt lat="45.85102" lon="7.76854">
        <ele>2400</ele>
        <extensions>
          <distance>65990</distance>
        </extensions>
      </trkpt>
      <trkpt lat="45.85106" lon="7.76881">
        <ele>2411</ele>
        <extensions>
          <distance>66014</distance>
        </extensions>
      </trkpt>
      <trkpt lat="45.85091" lon="7.76886">
        <ele>2419</ele>
        <extensions>
          <distance>66033</distance>
        </extensions>
      </trkpt>
      <trkpt lat="45.850989999999996" lon="7.76903">
        <ele>2421</ele>
        <extensions>
          <distance>66049</distance>
        </extensions>
      </trkpt>
      <trkpt lat="45.85107" lon="7.7692">
        <ele>2423</ele>
        <extensions>
          <distance>66065</distance>
        </extensions>
      </trkpt>
      <trkpt lat="45.85101" lon="7.76948">
        <ele>2430</ele>
        <extensions>
          <distance>66089</distance>
        </extensions>
      </trkpt>
      <trkpt lat="45.85083" lon="7.76961">
        <ele>2442</ele>
        <extensions>
          <distance>66114</distance>
        </extensions>
      </trkpt>
      <trkpt lat="45.8508975" lon="7.7698325">
        <ele>2448</ele>
        <extensions>
          <distance>66134</distance>
        </extensions>
      </trkpt>
      <trkpt lat="45.850965" lon="7.770055">
        <ele>2452</ele>
        <extensions>
          <distance>66153</distance>
        </extensions>
      </trkpt>
      <trkpt lat="45.8510325" lon="7.770277500000001">
        <ele>2455</ele>
        <extensions>
          <distance>66172</distance>
        </extensions>
      </trkpt>
      <trkpt lat="45.8511" lon="7.7705">
        <ele>2459</ele>
        <extensions>
          <distance>66191</distance>
        </extensions>
      </trkpt>
      <trkpt lat="45.851085" lon="7.770845">
        <ele>2471</ele>
        <extensions>
          <distance>66221</distance>
        </extensions>
      </trkpt>
      <trkpt lat="45.85107" lon="7.77119">
        <ele>2476</ele>
        <extensions>
          <distance>66248</distance>
        </extensions>
      </trkpt>
      <trkpt lat="45.85111" lon="7.7714">
        <ele>2477</ele>
        <extensions>
          <distance>66265</distance>
        </extensions>
      </trkpt>
      <trkpt lat="45.85115" lon="7.77161">
        <ele>2478</ele>
        <extensions>
          <distance>66282</distance>
        </extensions>
      </trkpt>
      <trkpt lat="45.85126" lon="7.77174">
        <ele>2479</ele>
        <extensions>
          <distance>66298</distance>
        </extensions>
      </trkpt>
      <trkpt lat="45.851240000000004" lon="7.771980000000001">
        <ele>2480</ele>
        <extensions>
          <distance>66317</distance>
        </extensions>
      </trkpt>
      <trkpt lat="45.85122" lon="7.772220000000001">
        <ele>2481</ele>
        <extensions>
          <distance>66335</distance>
        </extensions>
      </trkpt>
      <trkpt lat="45.8512" lon="7.772460000000001">
        <ele>2482</ele>
        <extensions>
          <distance>66354</distance>
        </extensions>
      </trkpt>
      <trkpt lat="45.85118" lon="7.7727">
        <ele>2484</ele>
        <extensions>
          <distance>66373</distance>
        </extensions>
      </trkpt>
      <trkpt lat="45.851065" lon="7.7728850000000005">
        <ele>2487</ele>
        <extensions>
          <distance>66393</distance>
        </extensions>
      </trkpt>
      <trkpt lat="45.85095" lon="7.77307">
        <ele>2492</ele>
        <extensions>
          <distance>66413</distance>
        </extensions>
      </trkpt>
      <trkpt lat="45.850975" lon="7.77336">
        <ele>2494</ele>
        <extensions>
          <distance>66435</distance>
        </extensions>
      </trkpt>
      <trkpt lat="45.851" lon="7.77365">
        <ele>2499</ele>
        <extensions>
          <distance>66458</distance>
        </extensions>
      </trkpt>
      <trkpt lat="45.85094" lon="7.77367">
        <ele>2500</ele>
        <extensions>
          <distance>66465</distance>
        </extensions>
      </trkpt>
      <trkpt lat="45.850935" lon="7.7738700000000005">
        <ele>2504</ele>
        <extensions>
          <distance>66481</distance>
        </extensions>
      </trkpt>
      <trkpt lat="45.85093" lon="7.77407">
        <ele>2508</ele>
        <extensions>
          <distance>66497</distance>
        </extensions>
      </trkpt>
      <trkpt lat="45.85078" lon="7.77408">
        <ele>2511</ele>
        <extensions>
          <distance>66514</distance>
        </extensions>
      </trkpt>
      <trkpt lat="45.850674999999995" lon="7.774274999999999">
        <ele>2517</ele>
        <extensions>
          <distance>66534</distance>
        </extensions>
      </trkpt>
      <trkpt lat="45.85057" lon="7.77447">
        <ele>2522</ele>
        <extensions>
          <distance>66554</distance>
        </extensions>
      </trkpt>
      <trkpt lat="45.850494999999995" lon="7.7748">
        <ele>2525</ele>
        <extensions>
          <distance>66581</distance>
        </extensions>
      </trkpt>
      <trkpt lat="45.85042" lon="7.77513">
        <ele>2531</ele>
        <extensions>
          <distance>66609</distance>
        </extensions>
      </trkpt>
      <trkpt lat="45.850415" lon="7.775375">
        <ele>2536</ele>
        <extensions>
          <distance>66629</distance>
        </extensions>
      </trkpt>
      <trkpt lat="45.85041" lon="7.77562">
        <ele>2541</ele>
        <extensions>
          <distance>66648</distance>
        </extensions>
      </trkpt>
      <trkpt lat="45.85053" lon="7.77586">
        <ele>2544</ele>
        <extensions>
          <distance>66671</distance>
        </extensions>
      </trkpt>
      <trkpt lat="45.85065" lon="7.7761">
        <ele>2546</ele>
        <extensions>
          <distance>66694</distance>
        </extensions>
      </trkpt>
      <trkpt lat="45.85077" lon="7.776339999999999">
        <ele>2551</ele>
        <extensions>
          <distance>66718</distance>
        </extensions>
      </trkpt>
      <trkpt lat="45.85089" lon="7.77658">
        <ele>2559</ele>
        <extensions>
          <distance>66742</distance>
        </extensions>
      </trkpt>
      <trkpt lat="45.85076" lon="7.77674">
        <ele>2562</ele>
        <extensions>
          <distance>66761</distance>
        </extensions>
      </trkpt>
      <trkpt lat="45.8506625" lon="7.7770225">
        <ele>2568</ele>
        <extensions>
          <distance>66787</distance>
        </extensions>
      </trkpt>
      <trkpt lat="45.850565" lon="7.777305">
        <ele>2573</ele>
        <extensions>
          <distance>66812</distance>
        </extensions>
      </trkpt>
      <trkpt lat="45.8504675" lon="7.7775875">
        <ele>2578</ele>
        <extensions>
          <distance>66837</distance>
        </extensions>
      </trkpt>
      <trkpt lat="45.85037" lon="7.77787">
        <ele>2583</ele>
        <extensions>
          <distance>66862</distance>
        </extensions>
      </trkpt>
      <trkpt lat="45.850395" lon="7.778205">
        <ele>2589</ele>
        <extensions>
          <distance>66888</distance>
        </extensions>
      </trkpt>
      <trkpt lat="45.85042" lon="7.77854">
        <ele>2594</ele>
        <extensions>
          <distance>66915</distance>
        </extensions>
      </trkpt>
      <trkpt lat="45.850445" lon="7.778874999999999">
        <ele>2600</ele>
        <extensions>
          <distance>66942</distance>
        </extensions>
      </trkpt>
      <trkpt lat="45.85047" lon="7.77921">
        <ele>2607</ele>
        <extensions>
          <distance>66969</distance>
        </extensions>
      </trkpt>
      <trkpt lat="45.85053" lon="7.779405000000001">
        <ele>2611</ele>
        <extensions>
          <distance>66986</distance>
        </extensions>
      </trkpt>
      <trkpt lat="45.85059" lon="7.7796">
        <ele>2613</ele>
        <extensions>
          <distance>67003</distance>
        </extensions>
      </trkpt>
      <trkpt lat="45.85046" lon="7.779885">
        <ele>2620</ele>
        <extensions>
          <distance>67030</distance>
        </extensions>
      </trkpt>
      <trkpt lat="45.85033" lon="7.78017">
        <ele>2626</ele>
        <extensions>
          <distance>67057</distance>
        </extensions>
      </trkpt>
      <trkpt lat="45.85015" lon="7.78029">
        <ele>2630</ele>
        <extensions>
          <distance>67079</distance>
        </extensions>
      </trkpt>
      <trkpt lat="45.85009" lon="7.7804775">
        <ele>2634</ele>
        <extensions>
          <distance>67096</distance>
        </extensions>
      </trkpt>
      <trkpt lat="45.850030000000004" lon="7.780665">
        <ele>2639</ele>
        <extensions>
          <distance>67113</distance>
        </extensions>
      </trkpt>
      <trkpt lat="45.84997" lon="7.7808525">
        <ele>2644</ele>
        <extensions>
          <distance>67129</distance>
        </extensions>
      </trkpt>
      <trkpt lat="45.84991" lon="7.78104">
        <ele>2650</ele>
        <extensions>
          <distance>67147</distance>
        </extensions>
      </trkpt>
      <trkpt lat="45.849940000000004" lon="7.781337499999999">
        <ele>2660</ele>
        <extensions>
          <distance>67172</distance>
        </extensions>
      </trkpt>
      <trkpt lat="45.84997" lon="7.781635">
        <ele>2669</ele>
        <extensions>
          <distance>67197</distance>
        </extensions>
      </trkpt>
      <trkpt lat="45.849999999999994" lon="7.7819325">
        <ele>2677</ele>
        <extensions>
          <distance>67222</distance>
        </extensions>
      </trkpt>
      <trkpt lat="45.85003" lon="7.78223">
        <ele>2681</ele>
        <extensions>
          <distance>67245</distance>
        </extensions>
      </trkpt>
      <trkpt lat="45.850015" lon="7.78244">
        <ele>2681</ele>
        <extensions>
          <distance>67262</distance>
        </extensions>
      </trkpt>
      <trkpt lat="45.849999999999994" lon="7.78265">
        <ele>2681</ele>
        <extensions>
          <distance>67278</distance>
        </extensions>
      </trkpt>
      <trkpt lat="45.849985" lon="7.78286">
        <ele>2681</ele>
        <extensions>
          <distance>67295</distance>
        </extensions>
      </trkpt>
      <trkpt lat="45.84997" lon="7.78307">
        <ele>2675</ele>
        <extensions>
          <distance>67311</distance>
        </extensions>
      </trkpt>
      <trkpt lat="45.850089999999994" lon="7.7833000000000006">
        <ele>2666</ele>
        <extensions>
          <distance>67335</distance>
        </extensions>
      </trkpt>
      <trkpt lat="45.85021" lon="7.78353">
        <ele>2658</ele>
        <extensions>
          <distance>67359</distance>
        </extensions>
      </trkpt>
      <trkpt lat="45.85014" lon="7.78372">
        <ele>2650</ele>
        <extensions>
          <distance>67377</distance>
        </extensions>
      </trkpt>
      <trkpt lat="45.850274999999996" lon="7.783955">
        <ele>2644</ele>
        <extensions>
          <distance>67402</distance>
        </extensions>
      </trkpt>
      <trkpt lat="45.85041" lon="7.78419">
        <ele>2641</ele>
        <extensions>
          <distance>67426</distance>
        </extensions>
      </trkpt>
      <trkpt lat="45.8504575" lon="7.7845425">
        <ele>2641</ele>
        <extensions>
          <distance>67454</distance>
        </extensions>
      </trkpt>
      <trkpt lat="45.850505" lon="7.784895">
        <ele>2640</ele>
        <extensions>
          <distance>67481</distance>
        </extensions>
      </trkpt>
      <trkpt lat="45.8505525" lon="7.7852475">
        <ele>2640</ele>
        <extensions>
          <distance>67509</distance>
        </extensions>
      </trkpt>
      <trkpt lat="45.8506" lon="7.7856">
        <ele>2640</ele>
        <extensions>
          <distance>67537</distance>
        </extensions>
      </trkpt>
      <trkpt lat="45.85058" lon="7.78591">
        <ele>2639</ele>
        <extensions>
          <distance>67561</distance>
        </extensions>
      </trkpt>
      <trkpt lat="45.85042" lon="7.786175">
        <ele>2634</ele>
        <extensions>
          <distance>67589</distance>
        </extensions>
      </trkpt>
      <trkpt lat="45.85026" lon="7.78644">
        <ele>2628</ele>
        <extensions>
          <distance>67617</distance>
        </extensions>
      </trkpt>
      <trkpt lat="45.8503725" lon="7.78658875">
        <ele>2627</ele>
        <extensions>
          <distance>67634</distance>
        </extensions>
      </trkpt>
      <trkpt lat="45.850485" lon="7.786737499999999">
        <ele>2627</ele>
        <extensions>
          <distance>67651</distance>
        </extensions>
      </trkpt>
      <trkpt lat="45.8505975" lon="7.786886249999999">
        <ele>2626</ele>
        <extensions>
          <distance>67668</distance>
        </extensions>
      </trkpt>
      <trkpt lat="45.85071" lon="7.7870349999999995">
        <ele>2623</ele>
        <extensions>
          <distance>67685</distance>
        </extensions>
      </trkpt>
      <trkpt lat="45.8508225" lon="7.78718375">
        <ele>2617</ele>
        <extensions>
          <distance>67703</distance>
        </extensions>
      </trkpt>
      <trkpt lat="45.850935" lon="7.7873325">
        <ele>2611</ele>
        <extensions>
          <distance>67721</distance>
        </extensions>
      </trkpt>
      <trkpt lat="45.8510475" lon="7.78748125">
        <ele>2606</ele>
        <extensions>
          <distance>67739</distance>
        </extensions>
      </trkpt>
      <trkpt lat="45.85116" lon="7.78763">
        <ele>2602</ele>
        <extensions>
          <distance>67756</distance>
        </extensions>
      </trkpt>
      <trkpt lat="45.851304999999996" lon="7.7879000000000005">
        <ele>2593</ele>
        <extensions>
          <distance>67784</distance>
        </extensions>
      </trkpt>
      <trkpt lat="45.85145" lon="7.78817">
        <ele>2588</ele>
        <extensions>
          <distance>67811</distance>
        </extensions>
      </trkpt>
      <trkpt lat="45.851505" lon="7.78845">
        <ele>2583</ele>
        <extensions>
          <distance>67834</distance>
        </extensions>
      </trkpt>
      <trkpt lat="45.85156" lon="7.78873">
        <ele>2582</ele>
        <extensions>
          <distance>67857</distance>
        </extensions>
      </trkpt>
      <trkpt lat="45.8515075" lon="7.78892">
        <ele>2579</ele>
        <extensions>
          <distance>67873</distance>
        </extensions>
      </trkpt>
      <trkpt lat="45.851455" lon="7.78911">
        <ele>2575</ele>
        <extensions>
          <distance>67889</distance>
        </extensions>
      </trkpt>
      <trkpt lat="45.8514025" lon="7.7893">
        <ele>2570</ele>
        <extensions>
          <distance>67906</distance>
        </extensions>
      </trkpt>
      <trkpt lat="45.85135" lon="7.78949">
        <ele>2565</ele>
        <extensions>
          <distance>67922</distance>
        </extensions>
      </trkpt>
      <trkpt lat="45.851375" lon="7.789685">
        <ele>2561</ele>
        <extensions>
          <distance>67938</distance>
        </extensions>
      </trkpt>
      <trkpt lat="45.8514" lon="7.78988">
        <ele>2552</ele>
        <extensions>
          <distance>67956</distance>
        </extensions>
      </trkpt>
      <trkpt lat="45.851505" lon="7.790095">
        <ele>2545</ele>
        <extensions>
          <distance>67978</distance>
        </extensions>
      </trkpt>
      <trkpt lat="45.85161" lon="7.79031">
        <ele>2538</ele>
        <extensions>
          <distance>67999</distance>
        </extensions>
      </trkpt>
      <trkpt lat="45.851815" lon="7.790525000000001">
        <ele>2529</ele>
        <extensions>
          <distance>68029</distance>
        </extensions>
      </trkpt>
      <trkpt lat="45.85202" lon="7.79074">
        <ele>2515</ele>
        <extensions>
          <distance>68061</distance>
        </extensions>
      </trkpt>
      <trkpt lat="45.85222" lon="7.7908375">
        <ele>2515</ele>
        <extensions>
          <distance>68084</distance>
        </extensions>
      </trkpt>
      <trkpt lat="45.85242" lon="7.790935">
        <ele>2513</ele>
        <extensions>
          <distance>68107</distance>
        </extensions>
      </trkpt>
      <trkpt lat="45.85262" lon="7.7910325">
        <ele>2511</ele>
        <extensions>
          <distance>68131</distance>
        </extensions>
      </trkpt>
      <trkpt lat="45.85282" lon="7.79113">
        <ele>2511</ele>
        <extensions>
          <distance>68155</distance>
        </extensions>
      </trkpt>
      <trkpt lat="45.853035000000006" lon="7.79136">
        <ele>2511</ele>
        <extensions>
          <distance>68184</distance>
        </extensions>
      </trkpt>
      <trkpt lat="45.85325" lon="7.79159">
        <ele>2509</ele>
        <extensions>
          <distance>68214</distance>
        </extensions>
      </trkpt>
      <trkpt lat="45.85328" lon="7.791785">
        <ele>2506</ele>
        <extensions>
          <distance>68230</distance>
        </extensions>
      </trkpt>
      <trkpt lat="45.85331" lon="7.79198">
        <ele>2504</ele>
        <extensions>
          <distance>68245</distance>
        </extensions>
      </trkpt>
      <trkpt lat="45.853282500000006" lon="7.792185">
        <ele>2499</ele>
        <extensions>
          <distance>68262</distance>
        </extensions>
      </trkpt>
      <trkpt lat="45.853255000000004" lon="7.792389999999999">
        <ele>2495</ele>
        <extensions>
          <distance>68279</distance>
        </extensions>
      </trkpt>
      <trkpt lat="45.8532275" lon="7.7925949999999995">
        <ele>2493</ele>
        <extensions>
          <distance>68295</distance>
        </extensions>
      </trkpt>
      <trkpt lat="45.8532" lon="7.7928">
        <ele>2491</ele>
        <extensions>
          <distance>68312</distance>
        </extensions>
      </trkpt>
      <trkpt lat="45.85332" lon="7.79296">
        <ele>2482</ele>
        <extensions>
          <distance>68332</distance>
        </extensions>
      </trkpt>
      <trkpt lat="45.8535" lon="7.792965000000001">
        <ele>2480</ele>
        <extensions>
          <distance>68352</distance>
        </extensions>
      </trkpt>
      <trkpt lat="45.85368" lon="7.79297">
        <ele>2476</ele>
        <extensions>
          <distance>68373</distance>
        </extensions>
      </trkpt>
      <trkpt lat="45.853635" lon="7.793195000000001">
        <ele>2469</ele>
        <extensions>
          <distance>68392</distance>
        </extensions>
      </trkpt>
      <trkpt lat="45.85359" lon="7.79342">
        <ele>2464</ele>
        <extensions>
          <distance>68411</distance>
        </extensions>
      </trkpt>
      <trkpt lat="45.853795" lon="7.7933900000000005">
        <ele>2456</ele>
        <extensions>
          <distance>68435</distance>
        </extensions>
      </trkpt>
      <trkpt lat="45.854" lon="7.79336">
        <ele>2447</ele>
        <extensions>
          <distance>68460</distance>
        </extensions>
      </trkpt>
      <trkpt lat="45.854135" lon="7.793255">
        <ele>2446</ele>
        <extensions>
          <distance>68477</distance>
        </extensions>
      </trkpt>
      <trkpt lat="45.85427" lon="7.79315">
        <ele>2446</ele>
        <extensions>
          <distance>68494</distance>
        </extensions>
      </trkpt>
      <trkpt lat="45.85451" lon="7.79318">
        <ele>2434</ele>
        <extensions>
          <distance>68522</distance>
        </extensions>
      </trkpt>
      <trkpt lat="45.854665" lon="7.793075">
        <ele>2432</ele>
        <extensions>
          <distance>68541</distance>
        </extensions>
      </trkpt>
      <trkpt lat="45.854820000000004" lon="7.79297">
        <ele>2430</ele>
        <extensions>
          <distance>68560</distance>
        </extensions>
      </trkpt>
      <trkpt lat="45.854975" lon="7.792865000000001">
        <ele>2429</ele>
        <extensions>
          <distance>68579</distance>
        </extensions>
      </trkpt>
      <trkpt lat="45.85513" lon="7.79276">
        <ele>2429</ele>
        <extensions>
          <distance>68598</distance>
        </extensions>
      </trkpt>
      <trkpt lat="45.855285" lon="7.79274">
        <ele>2425</ele>
        <extensions>
          <distance>68616</distance>
        </extensions>
      </trkpt>
      <trkpt lat="45.85544" lon="7.79272">
        <ele>2416</ele>
        <extensions>
          <distance>68635</distance>
        </extensions>
      </trkpt>
      <trkpt lat="45.85568" lon="7.7927800000000005">
        <ele>2406</ele>
        <extensions>
          <distance>68664</distance>
        </extensions>
      </trkpt>
      <trkpt lat="45.85592" lon="7.79284">
        <ele>2400</ele>
        <extensions>
          <distance>68692</distance>
        </extensions>
      </trkpt>
      <trkpt lat="45.856145" lon="7.793044999999999">
        <ele>2396</ele>
        <extensions>
          <distance>68722</distance>
        </extensions>
      </trkpt>
      <trkpt lat="45.85637" lon="7.79325">
        <ele>2387</ele>
        <extensions>
          <distance>68753</distance>
        </extensions>
      </trkpt>
      <trkpt lat="45.85644" lon="7.79335">
        <ele>2380</ele>
        <extensions>
          <distance>68766</distance>
        </extensions>
      </trkpt>
      <trkpt lat="45.85641" lon="7.793645">
        <ele>2370</ele>
        <extensions>
          <distance>68791</distance>
        </extensions>
      </trkpt>
      <trkpt lat="45.85638" lon="7.79394">
        <ele>2359</ele>
        <extensions>
          <distance>68817</distance>
        </extensions>
      </trkpt>
      <trkpt lat="45.85655" lon="7.79375">
        <ele>2359</ele>
        <extensions>
          <distance>68841</distance>
        </extensions>
      </trkpt>
      <trkpt lat="45.85672" lon="7.79356">
        <ele>2358</ele>
        <extensions>
          <distance>68865</distance>
        </extensions>
      </trkpt>
      <trkpt lat="45.856750000000005" lon="7.793865">
        <ele>2346</ele>
        <extensions>
          <distance>68890</distance>
        </extensions>
      </trkpt>
      <trkpt lat="45.85678" lon="7.79417">
        <ele>2335</ele>
        <extensions>
          <distance>68916</distance>
        </extensions>
      </trkpt>
      <trkpt lat="45.856700000000004" lon="7.794335">
        <ele>2330</ele>
        <extensions>
          <distance>68933</distance>
        </extensions>
      </trkpt>
      <trkpt lat="45.85662" lon="7.7945">
        <ele>2327</ele>
        <extensions>
          <distance>68949</distance>
        </extensions>
      </trkpt>
      <trkpt lat="45.856539999999995" lon="7.794665">
        <ele>2324</ele>
        <extensions>
          <distance>68964</distance>
        </extensions>
      </trkpt>
      <trkpt lat="45.85646" lon="7.79483">
        <ele>2320</ele>
        <extensions>
          <distance>68980</distance>
        </extensions>
      </trkpt>
      <trkpt lat="45.85654" lon="7.7949">
        <ele>2314</ele>
        <extensions>
          <distance>68993</distance>
        </extensions>
      </trkpt>
      <trkpt lat="45.8564" lon="7.7952">
        <ele>2306</ele>
        <extensions>
          <distance>69022</distance>
        </extensions>
      </trkpt>
      <trkpt lat="45.85664" lon="7.79518">
        <ele>2303</ele>
        <extensions>
          <distance>69049</distance>
        </extensions>
      </trkpt>
      <trkpt lat="45.856835000000004" lon="7.795310000000001">
        <ele>2299</ele>
        <extensions>
          <distance>69073</distance>
        </extensions>
      </trkpt>
      <trkpt lat="45.85703" lon="7.79544">
        <ele>2293</ele>
        <extensions>
          <distance>69097</distance>
        </extensions>
      </trkpt>
      <trkpt lat="45.85718" lon="7.79543">
        <ele>2292</ele>
        <extensions>
          <distance>69114</distance>
        </extensions>
      </trkpt>
      <trkpt lat="45.85724" lon="7.79548">
        <ele>2290</ele>
        <extensions>
          <distance>69122</distance>
        </extensions>
      </trkpt>
      <trkpt lat="45.85719" lon="7.79572">
        <ele>2287</ele>
        <extensions>
          <distance>69142</distance>
        </extensions>
      </trkpt>
      <trkpt lat="45.85742" lon="7.79556">
        <ele>2286</ele>
        <extensions>
          <distance>69170</distance>
        </extensions>
      </trkpt>
      <trkpt lat="45.85756" lon="7.79559">
        <ele>2283</ele>
        <extensions>
          <distance>69186</distance>
        </extensions>
      </trkpt>
      <trkpt lat="45.85769" lon="7.79585">
        <ele>2281</ele>
        <extensions>
          <distance>69211</distance>
        </extensions>
      </trkpt>
      <trkpt lat="45.857699999999994" lon="7.79612">
        <ele>2278</ele>
        <extensions>
          <distance>69232</distance>
        </extensions>
      </trkpt>
      <trkpt lat="45.85771" lon="7.79639">
        <ele>2278</ele>
        <extensions>
          <distance>69253</distance>
        </extensions>
      </trkpt>
      <trkpt lat="45.85772" lon="7.796659999999999">
        <ele>2278</ele>
        <extensions>
          <distance>69274</distance>
        </extensions>
      </trkpt>
      <trkpt lat="45.85773" lon="7.79693">
        <ele>2278</ele>
        <extensions>
          <distance>69295</distance>
        </extensions>
      </trkpt>
      <trkpt lat="45.85791" lon="7.79719">
        <ele>2280</ele>
        <extensions>
          <distance>69324</distance>
        </extensions>
      </trkpt>
      <trkpt lat="45.857952499999996" lon="7.797435">
        <ele>2281</ele>
        <extensions>
          <distance>69343</distance>
        </extensions>
      </trkpt>
      <trkpt lat="45.857995" lon="7.79768">
        <ele>2283</ele>
        <extensions>
          <distance>69363</distance>
        </extensions>
      </trkpt>
      <trkpt lat="45.8580375" lon="7.797924999999999">
        <ele>2287</ele>
        <extensions>
          <distance>69383</distance>
        </extensions>
      </trkpt>
      <trkpt lat="45.85808" lon="7.79817">
        <ele>2289</ele>
        <extensions>
          <distance>69402</distance>
        </extensions>
      </trkpt>
      <trkpt lat="45.85805" lon="7.79852">
        <ele>2289</ele>
        <extensions>
          <distance>69430</distance>
        </extensions>
      </trkpt>
      <trkpt lat="45.85796" lon="7.79876">
        <ele>2289</ele>
        <extensions>
          <distance>69451</distance>
        </extensions>
      </trkpt>
      <trkpt lat="45.85787" lon="7.799">
        <ele>2289</ele>
        <extensions>
          <distance>69472</distance>
        </extensions>
      </trkpt>
      <trkpt lat="45.857895" lon="7.79927">
        <ele>2288</ele>
        <extensions>
          <distance>69493</distance>
        </extensions>
      </trkpt>
      <trkpt lat="45.85792" lon="7.79954">
        <ele>2286</ele>
        <extensions>
          <distance>69514</distance>
        </extensions>
      </trkpt>
      <trkpt lat="45.85784" lon="7.7998">
        <ele>2280</ele>
        <extensions>
          <distance>69537</distance>
        </extensions>
      </trkpt>
      <trkpt lat="45.8579625" lon="7.800112500000001">
        <ele>2270</ele>
        <extensions>
          <distance>69566</distance>
        </extensions>
      </trkpt>
      <trkpt lat="45.858085" lon="7.800425000000001">
        <ele>2256</ele>
        <extensions>
          <distance>69597</distance>
        </extensions>
      </trkpt>
      <trkpt lat="45.858207500000006" lon="7.8007375">
        <ele>2245</ele>
        <extensions>
          <distance>69627</distance>
        </extensions>
      </trkpt>
      <trkpt lat="45.85833" lon="7.80105">
        <ele>2237</ele>
        <extensions>
          <distance>69656</distance>
        </extensions>
      </trkpt>
      <trkpt lat="45.858265" lon="7.80135">
        <ele>2234</ele>
        <extensions>
          <distance>69681</distance>
        </extensions>
      </trkpt>
      <trkpt lat="45.8582" lon="7.80165">
        <ele>2229</ele>
        <extensions>
          <distance>69706</distance>
        </extensions>
      </trkpt>
      <trkpt lat="45.85822" lon="7.80199">
        <ele>2222</ele>
        <extensions>
          <distance>69733</distance>
        </extensions>
      </trkpt>
      <trkpt lat="45.85801" lon="7.8020925">
        <ele>2221</ele>
        <extensions>
          <distance>69758</distance>
        </extensions>
      </trkpt>
      <trkpt lat="45.8578" lon="7.802194999999999">
        <ele>2221</ele>
        <extensions>
          <distance>69783</distance>
        </extensions>
      </trkpt>
      <trkpt lat="45.85759" lon="7.8022975">
        <ele>2217</ele>
        <extensions>
          <distance>69807</distance>
        </extensions>
      </trkpt>
      <trkpt lat="45.85738" lon="7.8024">
        <ele>2214</ele>
        <extensions>
          <distance>69832</distance>
        </extensions>
      </trkpt>
      <trkpt lat="45.85727249999999" lon="7.802272499999999">
        <ele>2214</ele>
        <extensions>
          <distance>69848</distance>
        </extensions>
      </trkpt>
      <trkpt lat="45.857164999999995" lon="7.802144999999999">
        <ele>2214</ele>
        <extensions>
          <distance>69863</distance>
        </extensions>
      </trkpt>
      <trkpt lat="45.857057499999996" lon="7.8020175">
        <ele>2213</ele>
        <extensions>
          <distance>69879</distance>
        </extensions>
      </trkpt>
      <trkpt lat="45.85695" lon="7.80189">
        <ele>2213</ele>
        <extensions>
          <distance>69894</distance>
        </extensions>
      </trkpt>
      <trkpt lat="45.856877499999996" lon="7.8017225">
        <ele>2212</ele>
        <extensions>
          <distance>69910</distance>
        </extensions>
      </trkpt>
      <trkpt lat="45.856804999999994" lon="7.8015550000000005">
        <ele>2211</ele>
        <extensions>
          <distance>69925</distance>
        </extensions>
      </trkpt>
      <trkpt lat="45.85673249999999" lon="7.801387500000001">
        <ele>2210</ele>
        <extensions>
          <distance>69940</distance>
        </extensions>
      </trkpt>
      <trkpt lat="45.85666" lon="7.80122">
        <ele>2209</ele>
        <extensions>
          <distance>69956</distance>
        </extensions>
      </trkpt>
      <trkpt lat="45.856505" lon="7.801522499999999">
        <ele>2201</ele>
        <extensions>
          <distance>69985</distance>
        </extensions>
      </trkpt>
      <trkpt lat="45.85635" lon="7.801824999999999">
        <ele>2193</ele>
        <extensions>
          <distance>70016</distance>
        </extensions>
      </trkpt>
      <trkpt lat="45.856195" lon="7.802127499999999">
        <ele>2187</ele>
        <extensions>
          <distance>70045</distance>
        </extensions>
      </trkpt>
      <trkpt lat="45.85604" lon="7.802429999999999">
        <ele>2183</ele>
        <extensions>
          <distance>70075</distance>
        </extensions>
      </trkpt>
      <trkpt lat="45.855885" lon="7.802732499999999">
        <ele>2178</ele>
        <extensions>
          <distance>70104</distance>
        </extensions>
      </trkpt>
      <trkpt lat="45.85573" lon="7.8030349999999995">
        <ele>2174</ele>
        <extensions>
          <distance>70134</distance>
        </extensions>
      </trkpt>
      <trkpt lat="45.855575" lon="7.8033375">
        <ele>2170</ele>
        <extensions>
          <distance>70163</distance>
        </extensions>
      </trkpt>
      <trkpt lat="45.85542" lon="7.80364">
        <ele>2169</ele>
        <extensions>
          <distance>70192</distance>
        </extensions>
      </trkpt>
      <trkpt lat="45.85531" lon="7.80373">
        <ele>2169</ele>
        <extensions>
          <distance>70206</distance>
        </extensions>
      </trkpt>
      <trkpt lat="45.855162500000006" lon="7.803717499999999">
        <ele>2169</ele>
        <extensions>
          <distance>70223</distance>
        </extensions>
      </trkpt>
      <trkpt lat="45.855015" lon="7.803705">
        <ele>2170</ele>
        <extensions>
          <distance>70239</distance>
        </extensions>
      </trkpt>
      <trkpt lat="45.8548675" lon="7.8036925">
        <ele>2170</ele>
        <extensions>
          <distance>70256</distance>
        </extensions>
      </trkpt>
      <trkpt lat="45.85472" lon="7.80368">
        <ele>2170</ele>
        <extensions>
          <distance>70272</distance>
        </extensions>
      </trkpt>
      <trkpt lat="45.854600000000005" lon="7.80359">
        <ele>2170</ele>
        <extensions>
          <distance>70287</distance>
        </extensions>
      </trkpt>
      <trkpt lat="45.85448" lon="7.8035">
        <ele>2170</ele>
        <extensions>
          <distance>70302</distance>
        </extensions>
      </trkpt>
      <trkpt lat="45.854312500000006" lon="7.803615">
        <ele>2170</ele>
        <extensions>
          <distance>70323</distance>
        </extensions>
      </trkpt>
      <trkpt lat="45.854145" lon="7.80373">
        <ele>2170</ele>
        <extensions>
          <distance>70344</distance>
        </extensions>
      </trkpt>
      <trkpt lat="45.8539775" lon="7.803845">
        <ele>2170</ele>
        <extensions>
          <distance>70364</distance>
        </extensions>
      </trkpt>
      <trkpt lat="45.85381" lon="7.80396">
        <ele>2169</ele>
        <extensions>
          <distance>70385</distance>
        </extensions>
      </trkpt>
      <trkpt lat="45.853695" lon="7.80419">
        <ele>2169</ele>
        <extensions>
          <distance>70407</distance>
        </extensions>
      </trkpt>
      <trkpt lat="45.85358" lon="7.80442">
        <ele>2169</ele>
        <extensions>
          <distance>70429</distance>
        </extensions>
      </trkpt>
      <trkpt lat="45.8534" lon="7.804600000000001">
        <ele>2167</ele>
        <extensions>
          <distance>70453</distance>
        </extensions>
      </trkpt>
      <trkpt lat="45.85322" lon="7.80478">
        <ele>2164</ele>
        <extensions>
          <distance>70478</distance>
        </extensions>
      </trkpt>
      <trkpt lat="45.85311" lon="7.805035">
        <ele>2161</ele>
        <extensions>
          <distance>70501</distance>
        </extensions>
      </trkpt>
      <trkpt lat="45.853" lon="7.80529">
        <ele>2158</ele>
        <extensions>
          <distance>70525</distance>
        </extensions>
      </trkpt>
      <trkpt lat="45.852850000000004" lon="7.8054725000000005">
        <ele>2153</ele>
        <extensions>
          <distance>70547</distance>
        </extensions>
      </trkpt>
      <trkpt lat="45.8527" lon="7.805655">
        <ele>2147</ele>
        <extensions>
          <distance>70570</distance>
        </extensions>
      </trkpt>
      <trkpt lat="45.85255" lon="7.8058375">
        <ele>2140</ele>
        <extensions>
          <distance>70593</distance>
        </extensions>
      </trkpt>
      <trkpt lat="45.8524" lon="7.80602">
        <ele>2134</ele>
        <extensions>
          <distance>70616</distance>
        </extensions>
      </trkpt>
      <trkpt lat="45.852342500000006" lon="7.806215">
        <ele>2131</ele>
        <extensions>
          <distance>70632</distance>
        </extensions>
      </trkpt>
      <trkpt lat="45.852285" lon="7.80641">
        <ele>2127</ele>
        <extensions>
          <distance>70649</distance>
        </extensions>
      </trkpt>
      <trkpt lat="45.8522275" lon="7.806604999999999">
        <ele>2123</ele>
        <extensions>
          <distance>70666</distance>
        </extensions>
      </trkpt>
      <trkpt lat="45.85217" lon="7.8068">
        <ele>2117</ele>
        <extensions>
          <distance>70684</distance>
        </extensions>
      </trkpt>
      <trkpt lat="45.85195" lon="7.80682">
        <ele>2110</ele>
        <extensions>
          <distance>70709</distance>
        </extensions>
      </trkpt>
      <trkpt lat="45.85173" lon="7.80684">
        <ele>2104</ele>
        <extensions>
          <distance>70734</distance>
        </extensions>
      </trkpt>
      <trkpt lat="45.85163" lon="7.80663">
        <ele>2102</ele>
        <extensions>
          <distance>70754</distance>
        </extensions>
      </trkpt>
      <trkpt lat="45.85146" lon="7.806505">
        <ele>2100</ele>
        <extensions>
          <distance>70775</distance>
        </extensions>
      </trkpt>
      <trkpt lat="45.85129" lon="7.80638">
        <ele>2095</ele>
        <extensions>
          <distance>70797</distance>
        </extensions>
      </trkpt>
      <trkpt lat="45.851195000000004" lon="7.80654">
        <ele>2088</ele>
        <extensions>
          <distance>70815</distance>
        </extensions>
      </trkpt>
      <trkpt lat="45.8511" lon="7.8067">
        <ele>2082</ele>
        <extensions>
          <distance>70832</distance>
        </extensions>
      </trkpt>
      <trkpt lat="45.850935" lon="7.8068">
        <ele>2072</ele>
        <extensions>
          <distance>70855</distance>
        </extensions>
      </trkpt>
      <trkpt lat="45.85077" lon="7.8069">
        <ele>2065</ele>
        <extensions>
          <distance>70876</distance>
        </extensions>
      </trkpt>
      <trkpt lat="45.8507" lon="7.80667">
        <ele>2063</ele>
        <extensions>
          <distance>70895</distance>
        </extensions>
      </trkpt>
      <trkpt lat="45.85062" lon="7.8066">
        <ele>2063</ele>
        <extensions>
          <distance>70906</distance>
        </extensions>
      </trkpt>
      <trkpt lat="45.85057" lon="7.80671">
        <ele>2059</ele>
        <extensions>
          <distance>70916</distance>
        </extensions>
      </trkpt>
      <trkpt lat="45.85046" lon="7.80654">
        <ele>2058</ele>
        <extensions>
          <distance>70934</distance>
        </extensions>
      </trkpt>
      <trkpt lat="45.850355" lon="7.806725">
        <ele>2048</ele>
        <extensions>
          <distance>70954</distance>
        </extensions>
      </trkpt>
      <trkpt lat="45.85025" lon="7.80691">
        <ele>2038</ele>
        <extensions>
          <distance>70975</distance>
        </extensions>
      </trkpt>
      <trkpt lat="45.85007" lon="7.80694">
        <ele>2028</ele>
        <extensions>
          <distance>70998</distance>
        </extensions>
      </trkpt>
      <trkpt lat="45.84989" lon="7.80697">
        <ele>2024</ele>
        <extensions>
          <distance>71019</distance>
        </extensions>
      </trkpt>
      <trkpt lat="45.849775" lon="7.80725">
        <ele>2015</ele>
        <extensions>
          <distance>71045</distance>
        </extensions>
      </trkpt>
      <trkpt lat="45.84966" lon="7.80753">
        <ele>2009</ele>
        <extensions>
          <distance>71071</distance>
        </extensions>
      </trkpt>
      <trkpt lat="45.84966" lon="7.80777">
        <ele>2004</ele>
        <extensions>
          <distance>71091</distance>
        </extensions>
      </trkpt>
      <trkpt lat="45.84948" lon="7.80803">
        <ele>2001</ele>
        <extensions>
          <distance>71119</distance>
        </extensions>
      </trkpt>
      <trkpt lat="45.849305" lon="7.808104999999999">
        <ele>1996</ele>
        <extensions>
          <distance>71140</distance>
        </extensions>
      </trkpt>
      <trkpt lat="45.84913" lon="7.80818">
        <ele>1988</ele>
        <extensions>
          <distance>71162</distance>
        </extensions>
      </trkpt>
      <trkpt lat="45.84899" lon="7.80804">
        <ele>1987</ele>
        <extensions>
          <distance>71181</distance>
        </extensions>
      </trkpt>
      <trkpt lat="45.848825000000005" lon="7.8080300000000005">
        <ele>1981</ele>
        <extensions>
          <distance>71200</distance>
        </extensions>
      </trkpt>
      <trkpt lat="45.84866" lon="7.80802">
        <ele>1977</ele>
        <extensions>
          <distance>71219</distance>
        </extensions>
      </trkpt>
      <trkpt lat="45.84845" lon="7.80817">
        <ele>1965</ele>
        <extensions>
          <distance>71247</distance>
        </extensions>
      </trkpt>
      <trkpt lat="45.84857" lon="7.80824">
        <ele>1964</ele>
        <extensions>
          <distance>71262</distance>
        </extensions>
      </trkpt>
      <trkpt lat="45.84849" lon="7.80832">
        <ele>1959</ele>
        <extensions>
          <distance>71273</distance>
        </extensions>
      </trkpt>
      <trkpt lat="45.84832" lon="7.8083625">
        <ele>1954</ele>
        <extensions>
          <distance>71293</distance>
        </extensions>
      </trkpt>
      <trkpt lat="45.848150000000004" lon="7.8084050000000005">
        <ele>1948</ele>
        <extensions>
          <distance>71313</distance>
        </extensions>
      </trkpt>
      <trkpt lat="45.84798000000001" lon="7.8084475">
        <ele>1943</ele>
        <extensions>
          <distance>71333</distance>
        </extensions>
      </trkpt>
      <trkpt lat="45.84781" lon="7.80849">
        <ele>1940</ele>
        <extensions>
          <distance>71352</distance>
        </extensions>
      </trkpt>
      <trkpt lat="45.84799" lon="7.808705">
        <ele>1931</ele>
        <extensions>
          <distance>71380</distance>
        </extensions>
      </trkpt>
      <trkpt lat="45.84817" lon="7.80892">
        <ele>1923</ele>
        <extensions>
          <distance>71407</distance>
        </extensions>
      </trkpt>
      <trkpt lat="45.84825" lon="7.80912">
        <ele>1912</ele>
        <extensions>
          <distance>71428</distance>
        </extensions>
      </trkpt>
      <trkpt lat="45.84833" lon="7.80932">
        <ele>1905</ele>
        <extensions>
          <distance>71448</distance>
        </extensions>
      </trkpt>
      <trkpt lat="45.848205" lon="7.80941">
        <ele>1898</ele>
        <extensions>
          <distance>71465</distance>
        </extensions>
      </trkpt>
      <trkpt lat="45.84808" lon="7.8095">
        <ele>1892</ele>
        <extensions>
          <distance>71481</distance>
        </extensions>
      </trkpt>
      <trkpt lat="45.84807" lon="7.80978">
        <ele>1885</ele>
        <extensions>
          <distance>71504</distance>
        </extensions>
      </trkpt>
      <trkpt lat="45.84797" lon="7.80986">
        <ele>1880</ele>
        <extensions>
          <distance>71518</distance>
        </extensions>
      </trkpt>
      <trkpt lat="45.847804999999994" lon="7.8098375">
        <ele>1877</ele>
        <extensions>
          <distance>71536</distance>
        </extensions>
      </trkpt>
      <trkpt lat="45.84764" lon="7.809815">
        <ele>1875</ele>
        <extensions>
          <distance>71555</distance>
        </extensions>
      </trkpt>
      <trkpt lat="45.847475" lon="7.8097925">
        <ele>1873</ele>
        <extensions>
          <distance>71574</distance>
        </extensions>
      </trkpt>
      <trkpt lat="45.84731" lon="7.80977">
        <ele>1870</ele>
        <extensions>
          <distance>71592</distance>
        </extensions>
      </trkpt>
      <trkpt lat="45.84743" lon="7.810005">
        <ele>1866</ele>
        <extensions>
          <distance>71615</distance>
        </extensions>
      </trkpt>
      <trkpt lat="45.84755" lon="7.81024">
        <ele>1864</ele>
        <extensions>
          <distance>71638</distance>
        </extensions>
      </trkpt>
      <trkpt lat="45.8474125" lon="7.8102775">
        <ele>1858</ele>
        <extensions>
          <distance>71654</distance>
        </extensions>
      </trkpt>
      <trkpt lat="45.847274999999996" lon="7.810315">
        <ele>1850</ele>
        <extensions>
          <distance>71672</distance>
        </extensions>
      </trkpt>
      <trkpt lat="45.8471375" lon="7.8103525000000005">
        <ele>1844</ele>
        <extensions>
          <distance>71688</distance>
        </extensions>
      </trkpt>
      <trkpt lat="45.847" lon="7.81039">
        <ele>1839</ele>
        <extensions>
          <distance>71705</distance>
        </extensions>
      </trkpt>
      <trkpt lat="45.8469" lon="7.81061">
        <ele>1829</ele>
        <extensions>
          <distance>71727</distance>
        </extensions>
      </trkpt>
      <trkpt lat="45.8467025" lon="7.8106425">
        <ele>1824</ele>
        <extensions>
          <distance>71750</distance>
        </extensions>
      </trkpt>
      <trkpt lat="45.846505" lon="7.810675">
        <ele>1819</ele>
        <extensions>
          <distance>71773</distance>
        </extensions>
      </trkpt>
      <trkpt lat="45.8463075" lon="7.8107074999999995">
        <ele>1812</ele>
        <extensions>
          <distance>71796</distance>
        </extensions>
      </trkpt>
      <trkpt lat="45.84611" lon="7.81074">
        <ele>1804</ele>
        <extensions>
          <distance>71819</distance>
        </extensions>
      </trkpt>
      <trkpt lat="45.845945" lon="7.810695">
        <ele>1801</ele>
        <extensions>
          <distance>71838</distance>
        </extensions>
      </trkpt>
      <trkpt lat="45.84578" lon="7.81065">
        <ele>1801</ele>
        <extensions>
          <distance>71857</distance>
        </extensions>
      </trkpt>
      <trkpt lat="45.84558" lon="7.810765">
        <ele>1792</ele>
        <extensions>
          <distance>71882</distance>
        </extensions>
      </trkpt>
      <trkpt lat="45.84538" lon="7.81088">
        <ele>1786</ele>
        <extensions>
          <distance>71907</distance>
        </extensions>
      </trkpt>
      <trkpt lat="45.84517" lon="7.81083">
        <ele>1783</ele>
        <extensions>
          <distance>71930</distance>
        </extensions>
      </trkpt>
      <trkpt lat="45.84506625" lon="7.810981249999999">
        <ele>1781</ele>
        <extensions>
          <distance>71947</distance>
        </extensions>
      </trkpt>
      <trkpt lat="45.84496250000001" lon="7.811132499999999">
        <ele>1776</ele>
        <extensions>
          <distance>71964</distance>
        </extensions>
      </trkpt>
      <trkpt lat="45.84485875000001" lon="7.811283749999999">
        <ele>1773</ele>
        <extensions>
          <distance>71981</distance>
        </extensions>
      </trkpt>
      <trkpt lat="45.844755000000006" lon="7.8114349999999995">
        <ele>1768</ele>
        <extensions>
          <distance>71998</distance>
        </extensions>
      </trkpt>
      <trkpt lat="45.844651250000005" lon="7.8115862499999995">
        <ele>1761</ele>
        <extensions>
          <distance>72016</distance>
        </extensions>
      </trkpt>
      <trkpt lat="45.844547500000004" lon="7.8117375">
        <ele>1753</ele>
        <extensions>
          <distance>72034</distance>
        </extensions>
      </trkpt>
      <trkpt lat="45.84444375" lon="7.81188875">
        <ele>1747</ele>
        <extensions>
          <distance>72052</distance>
        </extensions>
      </trkpt>
      <trkpt lat="45.84434" lon="7.81204">
        <ele>1744</ele>
        <extensions>
          <distance>72068</distance>
        </extensions>
      </trkpt>
      <trkpt lat="45.844120000000004" lon="7.812105">
        <ele>1744</ele>
        <extensions>
          <distance>72093</distance>
        </extensions>
      </trkpt>
      <trkpt lat="45.843900000000005" lon="7.81217">
        <ele>1740</ele>
        <extensions>
          <distance>72119</distance>
        </extensions>
      </trkpt>
      <trkpt lat="45.843680000000006" lon="7.812234999999999">
        <ele>1737</ele>
        <extensions>
          <distance>72144</distance>
        </extensions>
      </trkpt>
      <trkpt lat="45.84346" lon="7.8123">
        <ele>1734</ele>
        <extensions>
          <distance>72169</distance>
        </extensions>
      </trkpt>
      <trkpt lat="45.843337500000004" lon="7.81246">
        <ele>1730</ele>
        <extensions>
          <distance>72188</distance>
        </extensions>
      </trkpt>
      <trkpt lat="45.843215" lon="7.81262">
        <ele>1727</ele>
        <extensions>
          <distance>72206</distance>
        </extensions>
      </trkpt>
      <trkpt lat="45.8430925" lon="7.81278">
        <ele>1723</ele>
        <extensions>
          <distance>72225</distance>
        </extensions>
      </trkpt>
      <trkpt lat="45.84297" lon="7.81294">
        <ele>1720</ele>
        <extensions>
          <distance>72244</distance>
        </extensions>
      </trkpt>
      <trkpt lat="45.842755" lon="7.81301">
        <ele>1718</ele>
        <extensions>
          <distance>72268</distance>
        </extensions>
      </trkpt>
      <trkpt lat="45.84254" lon="7.81308">
        <ele>1716</ele>
        <extensions>
          <distance>72293</distance>
        </extensions>
      </trkpt>
      <trkpt lat="45.84228" lon="7.813062500000001">
        <ele>1715</ele>
        <extensions>
          <distance>72322</distance>
        </extensions>
      </trkpt>
      <trkpt lat="45.842020000000005" lon="7.813045000000001">
        <ele>1713</ele>
        <extensions>
          <distance>72351</distance>
        </extensions>
      </trkpt>
      <trkpt lat="45.84176000000001" lon="7.8130275000000005">
        <ele>1711</ele>
        <extensions>
          <distance>72380</distance>
        </extensions>
      </trkpt>
      <trkpt lat="45.8415" lon="7.81301">
        <ele>1711</ele>
        <extensions>
          <distance>72409</distance>
        </extensions>
      </trkpt>
      <trkpt lat="45.841260000000005" lon="7.813105">
        <ele>1710</ele>
        <extensions>
          <distance>72437</distance>
        </extensions>
      </trkpt>
      <trkpt lat="45.84102" lon="7.8132">
        <ele>1710</ele>
        <extensions>
          <distance>72464</distance>
        </extensions>
      </trkpt>
      <trkpt lat="45.840795" lon="7.8134">
        <ele>1709</ele>
        <extensions>
          <distance>72494</distance>
        </extensions>
      </trkpt>
      <trkpt lat="45.84057" lon="7.8136">
        <ele>1707</ele>
        <extensions>
          <distance>72523</distance>
        </extensions>
      </trkpt>
      <trkpt lat="45.84035" lon="7.813525">
        <ele>1707</ele>
        <extensions>
          <distance>72548</distance>
        </extensions>
      </trkpt>
      <trkpt lat="45.84013" lon="7.81345">
        <ele>1707</ele>
        <extensions>
          <distance>72574</distance>
        </extensions>
      </trkpt>
      <trkpt lat="45.83991" lon="7.813375">
        <ele>1705</ele>
        <extensions>
          <distance>72599</distance>
        </extensions>
      </trkpt>
      <trkpt lat="45.83969" lon="7.8133">
        <ele>1705</ele>
        <extensions>
          <distance>72624</distance>
        </extensions>
      </trkpt>
      <trkpt lat="45.8394725" lon="7.813375">
        <ele>1703</ele>
        <extensions>
          <distance>72649</distance>
        </extensions>
      </trkpt>
      <trkpt lat="45.839254999999994" lon="7.81345">
        <ele>1703</ele>
        <extensions>
          <distance>72674</distance>
        </extensions>
      </trkpt>
      <trkpt lat="45.839037499999996" lon="7.813525">
        <ele>1703</ele>
        <extensions>
          <distance>72698</distance>
        </extensions>
      </trkpt>
      <trkpt lat="45.83882" lon="7.8136">
        <ele>1703</ele>
        <extensions>
          <distance>72723</distance>
        </extensions>
      </trkpt>
      <trkpt lat="45.838645" lon="7.813784999999999">
        <ele>1702</ele>
        <extensions>
          <distance>72747</distance>
        </extensions>
      </trkpt>
      <trkpt lat="45.83847" lon="7.813969999999999">
        <ele>1696</ele>
        <extensions>
          <distance>72772</distance>
        </extensions>
      </trkpt>
      <trkpt lat="45.838295" lon="7.8141549999999995">
        <ele>1687</ele>
        <extensions>
          <distance>72798</distance>
        </extensions>
      </trkpt>
      <trkpt lat="45.83812" lon="7.81434">
        <ele>1687</ele>
        <extensions>
          <distance>72822</distance>
        </extensions>
      </trkpt>
      <trkpt lat="45.8379775" lon="7.814444999999999">
        <ele>1685</ele>
        <extensions>
          <distance>72840</distance>
        </extensions>
      </trkpt>
      <trkpt lat="45.837835" lon="7.81455">
        <ele>1684</ele>
        <extensions>
          <distance>72858</distance>
        </extensions>
      </trkpt>
      <trkpt lat="45.8376925" lon="7.814655">
        <ele>1684</ele>
        <extensions>
          <distance>72875</distance>
        </extensions>
      </trkpt>
      <trkpt lat="45.83755" lon="7.81476">
        <ele>1684</ele>
        <extensions>
          <distance>72893</distance>
        </extensions>
      </trkpt>
      <trkpt lat="45.83746" lon="7.8149125">
        <ele>1684</ele>
        <extensions>
          <distance>72909</distance>
        </extensions>
      </trkpt>
      <trkpt lat="45.83737" lon="7.815065">
        <ele>1684</ele>
        <extensions>
          <distance>72924</distance>
        </extensions>
      </trkpt>
      <trkpt lat="45.83728" lon="7.815217499999999">
        <ele>1683</ele>
        <extensions>
          <distance>72940</distance>
        </extensions>
      </trkpt>
      <trkpt lat="45.83719" lon="7.81537">
        <ele>1681</ele>
        <extensions>
          <distance>72955</distance>
        </extensions>
      </trkpt>
      <trkpt lat="45.837050000000005" lon="7.8155225">
        <ele>1678</ele>
        <extensions>
          <distance>72975</distance>
        </extensions>
      </trkpt>
      <trkpt lat="45.83691" lon="7.815675">
        <ele>1674</ele>
        <extensions>
          <distance>72995</distance>
        </extensions>
      </trkpt>
      <trkpt lat="45.83677" lon="7.815827499999999">
        <ele>1671</ele>
        <extensions>
          <distance>73015</distance>
        </extensions>
      </trkpt>
      <trkpt lat="45.83663" lon="7.81598">
        <ele>1668</ele>
        <extensions>
          <distance>73035</distance>
        </extensions>
      </trkpt>
      <trkpt lat="45.8365475" lon="7.8161499999999995">
        <ele>1668</ele>
        <extensions>
          <distance>73051</distance>
        </extensions>
      </trkpt>
      <trkpt lat="45.836465000000004" lon="7.816319999999999">
        <ele>1668</ele>
        <extensions>
          <distance>73067</distance>
        </extensions>
      </trkpt>
      <trkpt lat="45.8363825" lon="7.81649">
        <ele>1667</ele>
        <extensions>
          <distance>73083</distance>
        </extensions>
      </trkpt>
      <trkpt lat="45.8363" lon="7.81666">
        <ele>1666</ele>
        <extensions>
          <distance>73099</distance>
        </extensions>
      </trkpt>
      <trkpt lat="45.836135" lon="7.81684">
        <ele>1666</ele>
        <extensions>
          <distance>73122</distance>
        </extensions>
      </trkpt>
      <trkpt lat="45.83597" lon="7.81702">
        <ele>1666</ele>
        <extensions>
          <distance>73145</distance>
        </extensions>
      </trkpt>
      <trkpt lat="45.835837500000004" lon="7.817086250000001">
        <ele>1665</ele>
        <extensions>
          <distance>73161</distance>
        </extensions>
      </trkpt>
      <trkpt lat="45.835705000000004" lon="7.817152500000001">
        <ele>1665</ele>
        <extensions>
          <distance>73176</distance>
        </extensions>
      </trkpt>
      <trkpt lat="45.835572500000005" lon="7.81721875">
        <ele>1664</ele>
        <extensions>
          <distance>73192</distance>
        </extensions>
      </trkpt>
      <trkpt lat="45.835440000000006" lon="7.817285">
        <ele>1663</ele>
        <extensions>
          <distance>73207</distance>
        </extensions>
      </trkpt>
      <trkpt lat="45.835307500000006" lon="7.81735125">
        <ele>1661</ele>
        <extensions>
          <distance>73223</distance>
        </extensions>
      </trkpt>
      <trkpt lat="45.83517500000001" lon="7.8174174999999995">
        <ele>1660</ele>
        <extensions>
          <distance>73239</distance>
        </extensions>
      </trkpt>
      <trkpt lat="45.8350425" lon="7.817483749999999">
        <ele>1660</ele>
        <extensions>
          <distance>73254</distance>
        </extensions>
      </trkpt>
      <trkpt lat="45.83491" lon="7.81755">
        <ele>1660</ele>
        <extensions>
          <distance>73270</distance>
        </extensions>
      </trkpt>
      <trkpt lat="45.834734999999995" lon="7.8175275">
        <ele>1660</ele>
        <extensions>
          <distance>73290</distance>
        </extensions>
      </trkpt>
      <trkpt lat="45.834559999999996" lon="7.817505">
        <ele>1660</ele>
        <extensions>
          <distance>73309</distance>
        </extensions>
      </trkpt>
      <trkpt lat="45.834385" lon="7.8174825">
        <ele>1660</ele>
        <extensions>
          <distance>73329</distance>
        </extensions>
      </trkpt>
      <trkpt lat="45.83421" lon="7.81746">
        <ele>1660</ele>
        <extensions>
          <distance>73348</distance>
        </extensions>
      </trkpt>
      <trkpt lat="45.8340775" lon="7.8175349999999995">
        <ele>1660</ele>
        <extensions>
          <distance>73364</distance>
        </extensions>
      </trkpt>
      <trkpt lat="45.833945" lon="7.81761">
        <ele>1660</ele>
        <extensions>
          <distance>73380</distance>
        </extensions>
      </trkpt>
      <trkpt lat="45.8338125" lon="7.817685">
        <ele>1659</ele>
        <extensions>
          <distance>73396</distance>
        </extensions>
      </trkpt>
      <trkpt lat="45.83368" lon="7.81776">
        <ele>1658</ele>
        <extensions>
          <distance>73412</distance>
        </extensions>
      </trkpt>
      <trkpt lat="45.833529999999996" lon="7.81801">
        <ele>1658</ele>
        <extensions>
          <distance>73437</distance>
        </extensions>
      </trkpt>
      <trkpt lat="45.83338" lon="7.81826">
        <ele>1657</ele>
        <extensions>
          <distance>73463</distance>
        </extensions>
      </trkpt>
      <trkpt lat="45.83332" lon="7.8185225">
        <ele>1653</ele>
        <extensions>
          <distance>73484</distance>
        </extensions>
      </trkpt>
      <trkpt lat="45.833259999999996" lon="7.818785">
        <ele>1651</ele>
        <extensions>
          <distance>73506</distance>
        </extensions>
      </trkpt>
      <trkpt lat="45.8332" lon="7.8190475">
        <ele>1649</ele>
        <extensions>
          <distance>73527</distance>
        </extensions>
      </trkpt>
      <trkpt lat="45.83314" lon="7.81931">
        <ele>1647</ele>
        <extensions>
          <distance>73549</distance>
        </extensions>
      </trkpt>
      <trkpt lat="45.833046249999995" lon="7.81953">
        <ele>1647</ele>
        <extensions>
          <distance>73569</distance>
        </extensions>
      </trkpt>
      <trkpt lat="45.8329525" lon="7.81975">
        <ele>1647</ele>
        <extensions>
          <distance>73589</distance>
        </extensions>
      </trkpt>
      <trkpt lat="45.83285875" lon="7.81997">
        <ele>1647</ele>
        <extensions>
          <distance>73609</distance>
        </extensions>
      </trkpt>
      <trkpt lat="45.832764999999995" lon="7.82019">
        <ele>1647</ele>
        <extensions>
          <distance>73629</distance>
        </extensions>
      </trkpt>
      <trkpt lat="45.83267125" lon="7.82041">
        <ele>1647</ele>
        <extensions>
          <distance>73649</distance>
        </extensions>
      </trkpt>
      <trkpt lat="45.8325775" lon="7.8206299999999995">
        <ele>1646</ele>
        <extensions>
          <distance>73669</distance>
        </extensions>
      </trkpt>
      <trkpt lat="45.832483749999994" lon="7.82085">
        <ele>1644</ele>
        <extensions>
          <distance>73689</distance>
        </extensions>
      </trkpt>
      <trkpt lat="45.83239" lon="7.82107">
        <ele>1642</ele>
        <extensions>
          <distance>73709</distance>
        </extensions>
      </trkpt>
      <trkpt lat="45.832245" lon="7.821127499999999">
        <ele>1642</ele>
        <extensions>
          <distance>73726</distance>
        </extensions>
      </trkpt>
      <trkpt lat="45.8321" lon="7.821185">
        <ele>1640</ele>
        <extensions>
          <distance>73743</distance>
        </extensions>
      </trkpt>
      <trkpt lat="45.831954999999994" lon="7.8212425">
        <ele>1638</ele>
        <extensions>
          <distance>73760</distance>
        </extensions>
      </trkpt>
      <trkpt lat="45.83181" lon="7.8213">
        <ele>1638</ele>
        <extensions>
          <distance>73776</distance>
        </extensions>
      </trkpt>
      <trkpt lat="45.83169" lon="7.82142">
        <ele>1637</ele>
        <extensions>
          <distance>73793</distance>
        </extensions>
      </trkpt>
      <trkpt lat="45.831635000000006" lon="7.821664999999999">
        <ele>1637</ele>
        <extensions>
          <distance>73813</distance>
        </extensions>
      </trkpt>
      <trkpt lat="45.83158" lon="7.82191">
        <ele>1637</ele>
        <extensions>
          <distance>73833</distance>
        </extensions>
      </trkpt>
      <trkpt lat="45.831382500000004" lon="7.8220875">
        <ele>1637</ele>
        <extensions>
          <distance>73859</distance>
        </extensions>
      </trkpt>
      <trkpt lat="45.831185000000005" lon="7.822265">
        <ele>1637</ele>
        <extensions>
          <distance>73884</distance>
        </extensions>
      </trkpt>
      <trkpt lat="45.830987500000006" lon="7.822442499999999">
        <ele>1637</ele>
        <extensions>
          <distance>73910</distance>
        </extensions>
      </trkpt>
      <trkpt lat="45.83079" lon="7.82262">
        <ele>1637</ele>
        <extensions>
          <distance>73936</distance>
        </extensions>
      </trkpt>
      <trkpt lat="45.830529999999996" lon="7.82272">
        <ele>1637</ele>
        <extensions>
          <distance>73966</distance>
        </extensions>
      </trkpt>
      <trkpt lat="45.83027" lon="7.82282">
        <ele>1635</ele>
        <extensions>
          <distance>73996</distance>
        </extensions>
      </trkpt>
      <trkpt lat="45.83007875" lon="7.822782500000001">
        <ele>1634</ele>
        <extensions>
          <distance>74018</distance>
        </extensions>
      </trkpt>
      <trkpt lat="45.8298875" lon="7.822745">
        <ele>1634</ele>
        <extensions>
          <distance>74039</distance>
        </extensions>
      </trkpt>
      <trkpt lat="45.82969625" lon="7.8227075">
        <ele>1634</ele>
        <extensions>
          <distance>74061</distance>
        </extensions>
      </trkpt>
      <trkpt lat="45.829505" lon="7.8226700000000005">
        <ele>1633</ele>
        <extensions>
          <distance>74082</distance>
        </extensions>
      </trkpt>
      <trkpt lat="45.82931375" lon="7.8226325">
        <ele>1633</ele>
        <extensions>
          <distance>74103</distance>
        </extensions>
      </trkpt>
      <trkpt lat="45.8291225" lon="7.822595">
        <ele>1633</ele>
        <extensions>
          <distance>74125</distance>
        </extensions>
      </trkpt>
      <trkpt lat="45.82893125" lon="7.8225575">
        <ele>1633</ele>
        <extensions>
          <distance>74146</distance>
        </extensions>
      </trkpt>
      <trkpt lat="45.82874" lon="7.82252">
        <ele>1633</ele>
        <extensions>
          <distance>74168</distance>
        </extensions>
      </trkpt>
      <trkpt lat="45.828601250000006" lon="7.822535">
        <ele>1633</ele>
        <extensions>
          <distance>74183</distance>
        </extensions>
      </trkpt>
      <trkpt lat="45.8284625" lon="7.82255">
        <ele>1632</ele>
        <extensions>
          <distance>74199</distance>
        </extensions>
      </trkpt>
      <trkpt lat="45.82832375" lon="7.822565">
        <ele>1631</ele>
        <extensions>
          <distance>74214</distance>
        </extensions>
      </trkpt>
      <trkpt lat="45.828185000000005" lon="7.82258">
        <ele>1631</ele>
        <extensions>
          <distance>74230</distance>
        </extensions>
      </trkpt>
      <trkpt lat="45.82804625" lon="7.822595">
        <ele>1631</ele>
        <extensions>
          <distance>74245</distance>
        </extensions>
      </trkpt>
      <trkpt lat="45.8279075" lon="7.82261">
        <ele>1630</ele>
        <extensions>
          <distance>74261</distance>
        </extensions>
      </trkpt>
      <trkpt lat="45.827768750000004" lon="7.822625">
        <ele>1630</ele>
        <extensions>
          <distance>74276</distance>
        </extensions>
      </trkpt>
      <trkpt lat="45.82763" lon="7.82264">
        <ele>1629</ele>
        <extensions>
          <distance>74292</distance>
        </extensions>
      </trkpt>
      <trkpt lat="45.82738" lon="7.82271625">
        <ele>1628</ele>
        <extensions>
          <distance>74320</distance>
        </extensions>
      </trkpt>
      <trkpt lat="45.82713" lon="7.8227925">
        <ele>1628</ele>
        <extensions>
          <distance>74348</distance>
        </extensions>
      </trkpt>
      <trkpt lat="45.826879999999996" lon="7.82286875">
        <ele>1627</ele>
        <extensions>
          <distance>74377</distance>
        </extensions>
      </trkpt>
      <trkpt lat="45.826629999999994" lon="7.822945">
        <ele>1626</ele>
        <extensions>
          <distance>74405</distance>
        </extensions>
      </trkpt>
      <trkpt lat="45.82637999999999" lon="7.82302125">
        <ele>1625</ele>
        <extensions>
          <distance>74434</distance>
        </extensions>
      </trkpt>
      <trkpt lat="45.82612999999999" lon="7.823097499999999">
        <ele>1623</ele>
        <extensions>
          <distance>74462</distance>
        </extensions>
      </trkpt>
      <trkpt lat="45.82588" lon="7.82317375">
        <ele>1623</ele>
        <extensions>
          <distance>74491</distance>
        </extensions>
      </trkpt>
      <trkpt lat="45.82563" lon="7.82325">
        <ele>1623</ele>
        <extensions>
          <distance>74519</distance>
        </extensions>
      </trkpt>
      <trkpt lat="45.825415" lon="7.8232">
        <ele>1623</ele>
        <extensions>
          <distance>74543</distance>
        </extensions>
      </trkpt>
      <trkpt lat="45.8252" lon="7.82315">
        <ele>1623</ele>
        <extensions>
          <distance>74567</distance>
        </extensions>
      </trkpt>
      <trkpt lat="45.82499" lon="7.82298">
        <ele>1624</ele>
        <extensions>
          <distance>74594</distance>
        </extensions>
      </trkpt>
      <trkpt lat="45.824795" lon="7.823017500000001">
        <ele>1624</ele>
        <extensions>
          <distance>74616</distance>
        </extensions>
      </trkpt>
      <trkpt lat="45.824600000000004" lon="7.823055">
        <ele>1625</ele>
        <extensions>
          <distance>74638</distance>
        </extensions>
      </trkpt>
      <trkpt lat="45.824405" lon="7.8230925">
        <ele>1626</ele>
        <extensions>
          <distance>74660</distance>
        </extensions>
      </trkpt>
      <trkpt lat="45.82421" lon="7.82313">
        <ele>1626</ele>
        <extensions>
          <distance>74682</distance>
        </extensions>
      </trkpt>
      <trkpt lat="45.824047500000006" lon="7.8229775">
        <ele>1628</ele>
        <extensions>
          <distance>74703</distance>
        </extensions>
      </trkpt>
      <trkpt lat="45.823885000000004" lon="7.822825">
        <ele>1633</ele>
        <extensions>
          <distance>74725</distance>
        </extensions>
      </trkpt>
      <trkpt lat="45.8237225" lon="7.8226724999999995">
        <ele>1639</ele>
        <extensions>
          <distance>74748</distance>
        </extensions>
      </trkpt>
      <trkpt lat="45.82356" lon="7.82252">
        <ele>1644</ele>
        <extensions>
          <distance>74770</distance>
        </extensions>
      </trkpt>
      <trkpt lat="45.8234125" lon="7.8225324999999994">
        <ele>1645</ele>
        <extensions>
          <distance>74786</distance>
        </extensions>
      </trkpt>
      <trkpt lat="45.823265" lon="7.822545">
        <ele>1647</ele>
        <extensions>
          <distance>74803</distance>
        </extensions>
      </trkpt>
      <trkpt lat="45.823117499999995" lon="7.8225575">
        <ele>1648</ele>
        <extensions>
          <distance>74819</distance>
        </extensions>
      </trkpt>
      <trkpt lat="45.82297" lon="7.82257">
        <ele>1650</ele>
        <extensions>
          <distance>74836</distance>
        </extensions>
      </trkpt>
      <trkpt lat="45.8228225" lon="7.822582499999999">
        <ele>1652</ele>
        <extensions>
          <distance>74852</distance>
        </extensions>
      </trkpt>
      <trkpt lat="45.822675000000004" lon="7.822595">
        <ele>1655</ele>
        <extensions>
          <distance>74869</distance>
        </extensions>
      </trkpt>
      <trkpt lat="45.82252750000001" lon="7.8226075">
        <ele>1658</ele>
        <extensions>
          <distance>74886</distance>
        </extensions>
      </trkpt>
      <trkpt lat="45.82238" lon="7.82262">
        <ele>1660</ele>
        <extensions>
          <distance>74902</distance>
        </extensions>
      </trkpt>
      <trkpt lat="45.82224" lon="7.82258">
        <ele>1664</ele>
        <extensions>
          <distance>74919</distance>
        </extensions>
      </trkpt>
      <trkpt lat="45.8221" lon="7.82254">
        <ele>1669</ele>
        <extensions>
          <distance>74935</distance>
        </extensions>
      </trkpt>
      <trkpt lat="45.82198" lon="7.82233">
        <ele>1681</ele>
        <extensions>
          <distance>74960</distance>
        </extensions>
      </trkpt>
      <trkpt lat="45.8218" lon="7.822215">
        <ele>1688</ele>
        <extensions>
          <distance>74983</distance>
        </extensions>
      </trkpt>
      <trkpt lat="45.82162" lon="7.8221">
        <ele>1694</ele>
        <extensions>
          <distance>75005</distance>
        </extensions>
      </trkpt>
      <trkpt lat="45.8214225" lon="7.822055000000001">
        <ele>1697</ele>
        <extensions>
          <distance>75028</distance>
        </extensions>
      </trkpt>
      <trkpt lat="45.821225" lon="7.822010000000001">
        <ele>1704</ele>
        <extensions>
          <distance>75051</distance>
        </extensions>
      </trkpt>
      <trkpt lat="45.8210275" lon="7.8219650000000005">
        <ele>1713</ele>
        <extensions>
          <distance>75075</distance>
        </extensions>
      </trkpt>
      <trkpt lat="45.82083" lon="7.82192">
        <ele>1722</ele>
        <extensions>
          <distance>75099</distance>
        </extensions>
      </trkpt>
      <trkpt lat="45.820595" lon="7.821935">
        <ele>1724</ele>
        <extensions>
          <distance>75125</distance>
        </extensions>
      </trkpt>
      <trkpt lat="45.82036" lon="7.82195">
        <ele>1725</ele>
        <extensions>
          <distance>75151</distance>
        </extensions>
      </trkpt>
      <trkpt lat="45.820220000000006" lon="7.821842500000001">
        <ele>1729</ele>
        <extensions>
          <distance>75169</distance>
        </extensions>
      </trkpt>
      <trkpt lat="45.820080000000004" lon="7.821735">
        <ele>1731</ele>
        <extensions>
          <distance>75187</distance>
        </extensions>
      </trkpt>
      <trkpt lat="45.81994" lon="7.8216275">
        <ele>1735</ele>
        <extensions>
          <distance>75205</distance>
        </extensions>
      </trkpt>
      <trkpt lat="45.8198" lon="7.82152">
        <ele>1743</ele>
        <extensions>
          <distance>75225</distance>
        </extensions>
      </trkpt>
      <trkpt lat="45.8196475" lon="7.821495">
        <ele>1748</ele>
        <extensions>
          <distance>75242</distance>
        </extensions>
      </trkpt>
      <trkpt lat="45.819495" lon="7.82147">
        <ele>1753</ele>
        <extensions>
          <distance>75260</distance>
        </extensions>
      </trkpt>
      <trkpt lat="45.819342500000005" lon="7.821445">
        <ele>1753</ele>
        <extensions>
          <distance>75277</distance>
        </extensions>
      </trkpt>
      <trkpt lat="45.81919" lon="7.82142">
        <ele>1755</ele>
        <extensions>
          <distance>75294</distance>
        </extensions>
      </trkpt>
      <trkpt lat="45.819050000000004" lon="7.821515">
        <ele>1757</ele>
        <extensions>
          <distance>75312</distance>
        </extensions>
      </trkpt>
      <trkpt lat="45.81891" lon="7.82161">
        <ele>1760</ele>
        <extensions>
          <distance>75329</distance>
        </extensions>
      </trkpt>
      <trkpt lat="45.818685" lon="7.821574999999999">
        <ele>1760</ele>
        <extensions>
          <distance>75354</distance>
        </extensions>
      </trkpt>
      <trkpt lat="45.81846" lon="7.82154">
        <ele>1765</ele>
        <extensions>
          <distance>75380</distance>
        </extensions>
      </trkpt>
      <trkpt lat="45.81835" lon="7.82131">
        <ele>1775</ele>
        <extensions>
          <distance>75404</distance>
        </extensions>
      </trkpt>
      <trkpt lat="45.81824" lon="7.82108">
        <ele>1783</ele>
        <extensions>
          <distance>75427</distance>
        </extensions>
      </trkpt>
      <trkpt lat="45.818087500000004" lon="7.820935">
        <ele>1787</ele>
        <extensions>
          <distance>75447</distance>
        </extensions>
      </trkpt>
      <trkpt lat="45.817935000000006" lon="7.820790000000001">
        <ele>1790</ele>
        <extensions>
          <distance>75468</distance>
        </extensions>
      </trkpt>
      <trkpt lat="45.81778250000001" lon="7.820645000000001">
        <ele>1792</ele>
        <extensions>
          <distance>75488</distance>
        </extensions>
      </trkpt>
      <trkpt lat="45.81763" lon="7.8205">
        <ele>1792</ele>
        <extensions>
          <distance>75509</distance>
        </extensions>
      </trkpt>
      <trkpt lat="45.8175475" lon="7.8202774999999995">
        <ele>1793</ele>
        <extensions>
          <distance>75528</distance>
        </extensions>
      </trkpt>
      <trkpt lat="45.817465" lon="7.820055">
        <ele>1794</ele>
        <extensions>
          <distance>75548</distance>
        </extensions>
      </trkpt>
      <trkpt lat="45.8173825" lon="7.8198325">
        <ele>1797</ele>
        <extensions>
          <distance>75568</distance>
        </extensions>
      </trkpt>
      <trkpt lat="45.8173" lon="7.81961">
        <ele>1802</ele>
        <extensions>
          <distance>75588</distance>
        </extensions>
      </trkpt>
      <trkpt lat="45.81715" lon="7.8195250000000005">
        <ele>1804</ele>
        <extensions>
          <distance>75606</distance>
        </extensions>
      </trkpt>
      <trkpt lat="45.817" lon="7.81944">
        <ele>1808</ele>
        <extensions>
          <distance>75624</distance>
        </extensions>
      </trkpt>
      <trkpt lat="45.816792500000005" lon="7.8194175">
        <ele>1814</ele>
        <extensions>
          <distance>75648</distance>
        </extensions>
      </trkpt>
      <trkpt lat="45.816585" lon="7.819395">
        <ele>1820</ele>
        <extensions>
          <distance>75672</distance>
        </extensions>
      </trkpt>
      <trkpt lat="45.8163775" lon="7.8193725">
        <ele>1825</ele>
        <extensions>
          <distance>75696</distance>
        </extensions>
      </trkpt>
      <trkpt lat="45.81617" lon="7.81935">
        <ele>1825</ele>
        <extensions>
          <distance>75719</distance>
        </extensions>
      </trkpt>
      <trkpt lat="45.816075" lon="7.8191875">
        <ele>1832</ele>
        <extensions>
          <distance>75736</distance>
        </extensions>
      </trkpt>
      <trkpt lat="45.815979999999996" lon="7.819025">
        <ele>1836</ele>
        <extensions>
          <distance>75753</distance>
        </extensions>
      </trkpt>
      <trkpt lat="45.815884999999994" lon="7.8188625">
        <ele>1836</ele>
        <extensions>
          <distance>75769</distance>
        </extensions>
      </trkpt>
      <trkpt lat="45.81579" lon="7.8187">
        <ele>1836</ele>
        <extensions>
          <distance>75786</distance>
        </extensions>
      </trkpt>
      <trkpt lat="45.81561" lon="7.8189">
        <ele>1836</ele>
        <extensions>
          <distance>75811</distance>
        </extensions>
      </trkpt>
      <trkpt lat="45.81546" lon="7.8189150000000005">
        <ele>1834</ele>
        <extensions>
          <distance>75828</distance>
        </extensions>
      </trkpt>
      <trkpt lat="45.81531" lon="7.81893">
        <ele>1834</ele>
        <extensions>
          <distance>75845</distance>
        </extensions>
      </trkpt>
      <trkpt lat="45.815185" lon="7.819125">
        <ele>1829</ele>
        <extensions>
          <distance>75865</distance>
        </extensions>
      </trkpt>
      <trkpt lat="45.81506" lon="7.81932">
        <ele>1829</ele>
        <extensions>
          <distance>75886</distance>
        </extensions>
      </trkpt>
      <trkpt lat="45.8149225" lon="7.81932">
        <ele>1829</ele>
        <extensions>
          <distance>75901</distance>
        </extensions>
      </trkpt>
      <trkpt lat="45.814785" lon="7.81932">
        <ele>1829</ele>
        <extensions>
          <distance>75916</distance>
        </extensions>
      </trkpt>
      <trkpt lat="45.8146475" lon="7.81932">
        <ele>1828</ele>
        <extensions>
          <distance>75932</distance>
        </extensions>
      </trkpt>
      <trkpt lat="45.81451" lon="7.81932">
        <ele>1830</ele>
        <extensions>
          <distance>75947</distance>
        </extensions>
      </trkpt>
      <trkpt lat="45.814260000000004" lon="7.81942">
        <ele>1831</ele>
        <extensions>
          <distance>75976</distance>
        </extensions>
      </trkpt>
      <trkpt lat="45.81401" lon="7.81952">
        <ele>1831</ele>
        <extensions>
          <distance>76005</distance>
        </extensions>
      </trkpt>
      <trkpt lat="45.813855000000004" lon="7.81945">
        <ele>1830</ele>
        <extensions>
          <distance>76023</distance>
        </extensions>
      </trkpt>
      <trkpt lat="45.8137" lon="7.81938">
        <ele>1829</ele>
        <extensions>
          <distance>76041</distance>
        </extensions>
      </trkpt>
      <trkpt lat="45.8135" lon="7.819397499999999">
        <ele>1827</ele>
        <extensions>
          <distance>76063</distance>
        </extensions>
      </trkpt>
      <trkpt lat="45.8133" lon="7.819414999999999">
        <ele>1826</ele>
        <extensions>
          <distance>76085</distance>
        </extensions>
      </trkpt>
      <trkpt lat="45.8131" lon="7.8194325">
        <ele>1824</ele>
        <extensions>
          <distance>76108</distance>
        </extensions>
      </trkpt>
      <trkpt lat="45.8129" lon="7.81945">
        <ele>1816</ele>
        <extensions>
          <distance>76131</distance>
        </extensions>
      </trkpt>
      <trkpt lat="45.812775" lon="7.8193475">
        <ele>1813</ele>
        <extensions>
          <distance>76147</distance>
        </extensions>
      </trkpt>
      <trkpt lat="45.81265" lon="7.8192450000000004">
        <ele>1812</ele>
        <extensions>
          <distance>76163</distance>
        </extensions>
      </trkpt>
      <trkpt lat="45.812524999999994" lon="7.8191425">
        <ele>1811</ele>
        <extensions>
          <distance>76179</distance>
        </extensions>
      </trkpt>
      <trkpt lat="45.8124" lon="7.81904">
        <ele>1810</ele>
        <extensions>
          <distance>76196</distance>
        </extensions>
      </trkpt>
      <trkpt lat="45.81225" lon="7.8190175">
        <ele>1810</ele>
        <extensions>
          <distance>76212</distance>
        </extensions>
      </trkpt>
      <trkpt lat="45.8121" lon="7.818995">
        <ele>1807</ele>
        <extensions>
          <distance>76229</distance>
        </extensions>
      </trkpt>
      <trkpt lat="45.811949999999996" lon="7.8189725">
        <ele>1804</ele>
        <extensions>
          <distance>76246</distance>
        </extensions>
      </trkpt>
      <trkpt lat="45.8118" lon="7.81895">
        <ele>1801</ele>
        <extensions>
          <distance>76263</distance>
        </extensions>
      </trkpt>
      <trkpt lat="45.811575" lon="7.81883">
        <ele>1799</ele>
        <extensions>
          <distance>76290</distance>
        </extensions>
      </trkpt>
      <trkpt lat="45.81135" lon="7.81871">
        <ele>1799</ele>
        <extensions>
          <distance>76317</distance>
        </extensions>
      </trkpt>
      <trkpt lat="45.81126" lon="7.818552500000001">
        <ele>1799</ele>
        <extensions>
          <distance>76332</distance>
        </extensions>
      </trkpt>
      <trkpt lat="45.81117" lon="7.818395000000001">
        <ele>1799</ele>
        <extensions>
          <distance>76348</distance>
        </extensions>
      </trkpt>
      <trkpt lat="45.81108" lon="7.8182375">
        <ele>1799</ele>
        <extensions>
          <distance>76364</distance>
        </extensions>
      </trkpt>
      <trkpt lat="45.81099" lon="7.81808">
        <ele>1799</ele>
        <extensions>
          <distance>76380</distance>
        </extensions>
      </trkpt>
      <trkpt lat="45.81075" lon="7.8179300000000005">
        <ele>1799</ele>
        <extensions>
          <distance>76409</distance>
        </extensions>
      </trkpt>
      <trkpt lat="45.81051" lon="7.81778">
        <ele>1802</ele>
        <extensions>
          <distance>76438</distance>
        </extensions>
      </trkpt>
      <trkpt lat="45.810375" lon="7.817444999999999">
        <ele>1804</ele>
        <extensions>
          <distance>76468</distance>
        </extensions>
      </trkpt>
      <trkpt lat="45.81024" lon="7.81711">
        <ele>1805</ele>
        <extensions>
          <distance>76498</distance>
        </extensions>
      </trkpt>
      <trkpt lat="45.810024999999996" lon="7.8169325">
        <ele>1805</ele>
        <extensions>
          <distance>76526</distance>
        </extensions>
      </trkpt>
      <trkpt lat="45.80981" lon="7.816755">
        <ele>1808</ele>
        <extensions>
          <distance>76554</distance>
        </extensions>
      </trkpt>
      <trkpt lat="45.809595" lon="7.816577499999999">
        <ele>1809</ele>
        <extensions>
          <distance>76581</distance>
        </extensions>
      </trkpt>
      <trkpt lat="45.80938" lon="7.8164">
        <ele>1809</ele>
        <extensions>
          <distance>76609</distance>
        </extensions>
      </trkpt>
      <trkpt lat="45.80945" lon="7.81606">
        <ele>1828</ele>
        <extensions>
          <distance>76639</distance>
        </extensions>
      </trkpt>
      <trkpt lat="45.809309999999996" lon="7.81602">
        <ele>1830</ele>
        <extensions>
          <distance>76654</distance>
        </extensions>
      </trkpt>
      <trkpt lat="45.80917" lon="7.81598">
        <ele>1831</ele>
        <extensions>
          <distance>76671</distance>
        </extensions>
      </trkpt>
      <trkpt lat="45.80906" lon="7.815835">
        <ele>1835</ele>
        <extensions>
          <distance>76688</distance>
        </extensions>
      </trkpt>
      <trkpt lat="45.80895" lon="7.81569">
        <ele>1841</ele>
        <extensions>
          <distance>76705</distance>
        </extensions>
      </trkpt>
      <trkpt lat="45.80875" lon="7.81569">
        <ele>1842</ele>
        <extensions>
          <distance>76728</distance>
        </extensions>
      </trkpt>
      <trkpt lat="45.80856" lon="7.81559">
        <ele>1847</ele>
        <extensions>
          <distance>76750</distance>
        </extensions>
      </trkpt>
      <trkpt lat="45.80837" lon="7.8154900000000005">
        <ele>1849</ele>
        <extensions>
          <distance>76773</distance>
        </extensions>
      </trkpt>
      <trkpt lat="45.80817999999999" lon="7.815390000000001">
        <ele>1850</ele>
        <extensions>
          <distance>76796</distance>
        </extensions>
      </trkpt>
      <trkpt lat="45.80799" lon="7.81529">
        <ele>1850</ele>
        <extensions>
          <distance>76818</distance>
        </extensions>
      </trkpt>
      <trkpt lat="45.80786499999999" lon="7.8150625">
        <ele>1854</ele>
        <extensions>
          <distance>76841</distance>
        </extensions>
      </trkpt>
      <trkpt lat="45.807739999999995" lon="7.814835">
        <ele>1860</ele>
        <extensions>
          <distance>76864</distance>
        </extensions>
      </trkpt>
      <trkpt lat="45.807615" lon="7.8146075">
        <ele>1866</ele>
        <extensions>
          <distance>76887</distance>
        </extensions>
      </trkpt>
      <trkpt lat="45.80749" lon="7.81438">
        <ele>1870</ele>
        <extensions>
          <distance>76910</distance>
        </extensions>
      </trkpt>
      <trkpt lat="45.80751" lon="7.814">
        <ele>1872</ele>
        <extensions>
          <distance>76940</distance>
        </extensions>
      </trkpt>
      <trkpt lat="45.80743" lon="7.81382">
        <ele>1872</ele>
        <extensions>
          <distance>76956</distance>
        </extensions>
      </trkpt>
      <trkpt lat="45.807317499999996" lon="7.8140075">
        <ele>1872</ele>
        <extensions>
          <distance>76975</distance>
        </extensions>
      </trkpt>
      <trkpt lat="45.807204999999996" lon="7.814195">
        <ele>1872</ele>
        <extensions>
          <distance>76995</distance>
        </extensions>
      </trkpt>
      <trkpt lat="45.807092499999996" lon="7.8143825">
        <ele>1867</ele>
        <extensions>
          <distance>77014</distance>
        </extensions>
      </trkpt>
      <trkpt lat="45.80698" lon="7.81457">
        <ele>1866</ele>
        <extensions>
          <distance>77033</distance>
        </extensions>
      </trkpt>
      <trkpt lat="45.80677" lon="7.8146">
        <ele>1865</ele>
        <extensions>
          <distance>77057</distance>
        </extensions>
      </trkpt>
      <trkpt lat="45.80671" lon="7.81477">
        <ele>1865</ele>
        <extensions>
          <distance>77071</distance>
        </extensions>
      </trkpt>
      <trkpt lat="45.80655" lon="7.81489">
        <ele>1863</ele>
        <extensions>
          <distance>77092</distance>
        </extensions>
      </trkpt>
      <trkpt lat="45.80639" lon="7.81501">
        <ele>1863</ele>
        <extensions>
          <distance>77112</distance>
        </extensions>
      </trkpt>
      <trkpt lat="45.80623" lon="7.81513">
        <ele>1863</ele>
        <extensions>
          <distance>77132</distance>
        </extensions>
      </trkpt>
      <trkpt lat="45.80607" lon="7.81525">
        <ele>1863</ele>
        <extensions>
          <distance>77152</distance>
        </extensions>
      </trkpt>
      <trkpt lat="45.806020000000004" lon="7.815535000000001">
        <ele>1858</ele>
        <extensions>
          <distance>77175</distance>
        </extensions>
      </trkpt>
      <trkpt lat="45.80597" lon="7.81582">
        <ele>1852</ele>
        <extensions>
          <distance>77198</distance>
        </extensions>
      </trkpt>
      <trkpt lat="45.80599" lon="7.816035">
        <ele>1850</ele>
        <extensions>
          <distance>77215</distance>
        </extensions>
      </trkpt>
      <trkpt lat="45.80601" lon="7.81625">
        <ele>1844</ele>
        <extensions>
          <distance>77233</distance>
        </extensions>
      </trkpt>
      <trkpt lat="45.805895" lon="7.816515">
        <ele>1843</ele>
        <extensions>
          <distance>77257</distance>
        </extensions>
      </trkpt>
      <trkpt lat="45.80578" lon="7.81678">
        <ele>1832</ele>
        <extensions>
          <distance>77283</distance>
        </extensions>
      </trkpt>
      <trkpt lat="45.80587" lon="7.817">
        <ele>1815</ele>
        <extensions>
          <distance>77309</distance>
        </extensions>
      </trkpt>
      <trkpt lat="45.80565" lon="7.81709">
        <ele>1814</ele>
        <extensions>
          <distance>77335</distance>
        </extensions>
      </trkpt>
      <trkpt lat="45.80552" lon="7.81727">
        <ele>1807</ele>
        <extensions>
          <distance>77355</distance>
        </extensions>
      </trkpt>
      <trkpt lat="45.80559" lon="7.81738">
        <ele>1802</ele>
        <extensions>
          <distance>77368</distance>
        </extensions>
      </trkpt>
      <trkpt lat="45.80546" lon="7.81747">
        <ele>1802</ele>
        <extensions>
          <distance>77384</distance>
        </extensions>
      </trkpt>
      <trkpt lat="45.80533" lon="7.81756">
        <ele>1802</ele>
        <extensions>
          <distance>77400</distance>
        </extensions>
      </trkpt>
      <trkpt lat="45.8052" lon="7.8175">
        <ele>1802</ele>
        <extensions>
          <distance>77415</distance>
        </extensions>
      </trkpt>
      <trkpt lat="45.80509" lon="7.81721">
        <ele>1813</ele>
        <extensions>
          <distance>77442</distance>
        </extensions>
      </trkpt>
      <trkpt lat="45.804950000000005" lon="7.81715">
        <ele>1819</ele>
        <extensions>
          <distance>77459</distance>
        </extensions>
      </trkpt>
      <trkpt lat="45.80481" lon="7.81709">
        <ele>1827</ele>
        <extensions>
          <distance>77477</distance>
        </extensions>
      </trkpt>
      <trkpt lat="45.8046425" lon="7.817130000000001">
        <ele>1827</ele>
        <extensions>
          <distance>77496</distance>
        </extensions>
      </trkpt>
      <trkpt lat="45.804475" lon="7.81717">
        <ele>1827</ele>
        <extensions>
          <distance>77515</distance>
        </extensions>
      </trkpt>
      <trkpt lat="45.80430749999999" lon="7.817209999999999">
        <ele>1827</ele>
        <extensions>
          <distance>77534</distance>
        </extensions>
      </trkpt>
      <trkpt lat="45.80414" lon="7.81725">
        <ele>1827</ele>
        <extensions>
          <distance>77553</distance>
        </extensions>
      </trkpt>
      <trkpt lat="45.803974999999994" lon="7.81738">
        <ele>1819</ele>
        <extensions>
          <distance>77574</distance>
        </extensions>
      </trkpt>
      <trkpt lat="45.80381" lon="7.81751">
        <ele>1810</ele>
        <extensions>
          <distance>77597</distance>
        </extensions>
      </trkpt>
      <trkpt lat="45.80365" lon="7.81752">
        <ele>1807</ele>
        <extensions>
          <distance>77615</distance>
        </extensions>
      </trkpt>
      <trkpt lat="45.80349" lon="7.81753">
        <ele>1804</ele>
        <extensions>
          <distance>77633</distance>
        </extensions>
      </trkpt>
      <trkpt lat="45.80325499999999" lon="7.8174375">
        <ele>1802</ele>
        <extensions>
          <distance>77660</distance>
        </extensions>
      </trkpt>
      <trkpt lat="45.80302" lon="7.8173449999999995">
        <ele>1801</ele>
        <extensions>
          <distance>77687</distance>
        </extensions>
      </trkpt>
      <trkpt lat="45.802785" lon="7.8172525">
        <ele>1801</ele>
        <extensions>
          <distance>77714</distance>
        </extensions>
      </trkpt>
      <trkpt lat="45.80255" lon="7.81716">
        <ele>1798</ele>
        <extensions>
          <distance>77741</distance>
        </extensions>
      </trkpt>
      <trkpt lat="45.80229" lon="7.8172049999999995">
        <ele>1782</ele>
        <extensions>
          <distance>77775</distance>
        </extensions>
      </trkpt>
      <trkpt lat="45.80203" lon="7.81725">
        <ele>1774</ele>
        <extensions>
          <distance>77805</distance>
        </extensions>
      </trkpt>
      <trkpt lat="45.801860000000005" lon="7.8171824999999995">
        <ele>1772</ele>
        <extensions>
          <distance>77824</distance>
        </extensions>
      </trkpt>
      <trkpt lat="45.80169" lon="7.817114999999999">
        <ele>1772</ele>
        <extensions>
          <distance>77844</distance>
        </extensions>
      </trkpt>
      <trkpt lat="45.80152" lon="7.817047499999999">
        <ele>1772</ele>
        <extensions>
          <distance>77864</distance>
        </extensions>
      </trkpt>
      <trkpt lat="45.80135" lon="7.816979999999999">
        <ele>1772</ele>
        <extensions>
          <distance>77883</distance>
        </extensions>
      </trkpt>
      <trkpt lat="45.80118" lon="7.816912499999999">
        <ele>1772</ele>
        <extensions>
          <distance>77903</distance>
        </extensions>
      </trkpt>
      <trkpt lat="45.80101" lon="7.816844999999999">
        <ele>1776</ele>
        <extensions>
          <distance>77922</distance>
        </extensions>
      </trkpt>
      <trkpt lat="45.800839999999994" lon="7.816777499999999">
        <ele>1776</ele>
        <extensions>
          <distance>77942</distance>
        </extensions>
      </trkpt>
      <trkpt lat="45.80067" lon="7.81671">
        <ele>1776</ele>
        <extensions>
          <distance>77962</distance>
        </extensions>
      </trkpt>
      <trkpt lat="45.8004825" lon="7.8166875000000005">
        <ele>1776</ele>
        <extensions>
          <distance>77983</distance>
        </extensions>
      </trkpt>
      <trkpt lat="45.800295" lon="7.816665">
        <ele>1777</ele>
        <extensions>
          <distance>78004</distance>
        </extensions>
      </trkpt>
      <trkpt lat="45.800107499999996" lon="7.8166425">
        <ele>1777</ele>
        <extensions>
          <distance>78024</distance>
        </extensions>
      </trkpt>
      <trkpt lat="45.79992" lon="7.81662">
        <ele>1777</ele>
        <extensions>
          <distance>78045</distance>
        </extensions>
      </trkpt>
      <trkpt lat="45.799705" lon="7.81639">
        <ele>1777</ele>
        <extensions>
          <distance>78075</distance>
        </extensions>
      </trkpt>
      <trkpt lat="45.79949" lon="7.81616">
        <ele>1777</ele>
        <extensions>
          <distance>78105</distance>
        </extensions>
      </trkpt>
      <trkpt lat="45.799265" lon="7.81623">
        <ele>1777</ele>
        <extensions>
          <distance>78131</distance>
        </extensions>
      </trkpt>
      <trkpt lat="45.79904" lon="7.8163">
        <ele>1777</ele>
        <extensions>
          <distance>78156</distance>
        </extensions>
      </trkpt>
      <trkpt lat="45.79885" lon="7.81622">
        <ele>1774</ele>
        <extensions>
          <distance>78178</distance>
        </extensions>
      </trkpt>
      <trkpt lat="45.798770000000005" lon="7.81604">
        <ele>1774</ele>
        <extensions>
          <distance>78195</distance>
        </extensions>
      </trkpt>
      <trkpt lat="45.79869" lon="7.81586">
        <ele>1773</ele>
        <extensions>
          <distance>78211</distance>
        </extensions>
      </trkpt>
      <trkpt lat="45.7985575" lon="7.8158224999999995">
        <ele>1770</ele>
        <extensions>
          <distance>78227</distance>
        </extensions>
      </trkpt>
      <trkpt lat="45.798425" lon="7.815785">
        <ele>1766</ele>
        <extensions>
          <distance>78242</distance>
        </extensions>
      </trkpt>
      <trkpt lat="45.7982925" lon="7.8157475000000005">
        <ele>1762</ele>
        <extensions>
          <distance>78258</distance>
        </extensions>
      </trkpt>
      <trkpt lat="45.79816" lon="7.81571">
        <ele>1757</ele>
        <extensions>
          <distance>78273</distance>
        </extensions>
      </trkpt>
      <trkpt lat="45.79825" lon="7.81595">
        <ele>1754</ele>
        <extensions>
          <distance>78295</distance>
        </extensions>
      </trkpt>
      <trkpt lat="45.79834" lon="7.81619">
        <ele>1752</ele>
        <extensions>
          <distance>78316</distance>
        </extensions>
      </trkpt>
      <trkpt lat="45.798355" lon="7.816395">
        <ele>1748</ele>
        <extensions>
          <distance>78333</distance>
        </extensions>
      </trkpt>
      <trkpt lat="45.79837" lon="7.8166">
        <ele>1742</ele>
        <extensions>
          <distance>78350</distance>
        </extensions>
      </trkpt>
      <trkpt lat="45.79816" lon="7.81657">
        <ele>1729</ele>
        <extensions>
          <distance>78376</distance>
        </extensions>
      </trkpt>
      <trkpt lat="45.79815" lon="7.81674">
        <ele>1720</ele>
        <extensions>
          <distance>78393</distance>
        </extensions>
      </trkpt>
      <trkpt lat="45.7981" lon="7.81668">
        <ele>1720</ele>
        <extensions>
          <distance>78400</distance>
        </extensions>
      </trkpt>
      <trkpt lat="45.79808" lon="7.8169">
        <ele>1708</ele>
        <extensions>
          <distance>78420</distance>
        </extensions>
      </trkpt>
      <trkpt lat="45.798" lon="7.81692">
        <ele>1704</ele>
        <extensions>
          <distance>78430</distance>
        </extensions>
      </trkpt>
      <trkpt lat="45.7981" lon="7.81711">
        <ele>1697</ele>
        <extensions>
          <distance>78449</distance>
        </extensions>
      </trkpt>
      <trkpt lat="45.79786" lon="7.81718">
        <ele>1685</ele>
        <extensions>
          <distance>78479</distance>
        </extensions>
      </trkpt>
      <trkpt lat="45.79783" lon="7.81732">
        <ele>1678</ele>
        <extensions>
          <distance>78493</distance>
        </extensions>
      </trkpt>
      <trkpt lat="45.79771" lon="7.81713">
        <ele>1671</ele>
        <extensions>
          <distance>78514</distance>
        </extensions>
      </trkpt>
      <trkpt lat="45.79767" lon="7.81747">
        <ele>1669</ele>
        <extensions>
          <distance>78540</distance>
        </extensions>
      </trkpt>
      <trkpt lat="45.79758" lon="7.81735">
        <ele>1666</ele>
        <extensions>
          <distance>78554</distance>
        </extensions>
      </trkpt>
      <trkpt lat="45.79751" lon="7.81745">
        <ele>1663</ele>
        <extensions>
          <distance>78566</distance>
        </extensions>
      </trkpt>
      <trkpt lat="45.79757" lon="7.817635">
        <ele>1655</ele>
        <extensions>
          <distance>78584</distance>
        </extensions>
      </trkpt>
      <trkpt lat="45.79763" lon="7.81782">
        <ele>1645</ele>
        <extensions>
          <distance>78602</distance>
        </extensions>
      </trkpt>
      <trkpt lat="45.79749" lon="7.81789">
        <ele>1638</ele>
        <extensions>
          <distance>78620</distance>
        </extensions>
      </trkpt>
      <trkpt lat="45.79752" lon="7.81804">
        <ele>1630</ele>
        <extensions>
          <distance>78635</distance>
        </extensions>
      </trkpt>
      <trkpt lat="45.79738" lon="7.818">
        <ele>1630</ele>
        <extensions>
          <distance>78651</distance>
        </extensions>
      </trkpt>
      <trkpt lat="45.79732" lon="7.81826">
        <ele>1616</ele>
        <extensions>
          <distance>78674</distance>
        </extensions>
      </trkpt>
      <trkpt lat="45.79745" lon="7.81857">
        <ele>1605</ele>
        <extensions>
          <distance>78705</distance>
        </extensions>
      </trkpt>
      <trkpt lat="45.79748" lon="7.818805">
        <ele>1598</ele>
        <extensions>
          <distance>78725</distance>
        </extensions>
      </trkpt>
      <trkpt lat="45.79751" lon="7.81904">
        <ele>1591</ele>
        <extensions>
          <distance>78744</distance>
        </extensions>
      </trkpt>
      <trkpt lat="45.79772" lon="7.819205">
        <ele>1587</ele>
        <extensions>
          <distance>78771</distance>
        </extensions>
      </trkpt>
      <trkpt lat="45.79793" lon="7.81937">
        <ele>1583</ele>
        <extensions>
          <distance>78798</distance>
        </extensions>
      </trkpt>
      <trkpt lat="45.79797" lon="7.819565">
        <ele>1575</ele>
        <extensions>
          <distance>78816</distance>
        </extensions>
      </trkpt>
      <trkpt lat="45.79801" lon="7.81976">
        <ele>1568</ele>
        <extensions>
          <distance>78833</distance>
        </extensions>
      </trkpt>
      <trkpt lat="45.79826" lon="7.81964">
        <ele>1564</ele>
        <extensions>
          <distance>78863</distance>
        </extensions>
      </trkpt>
      <trkpt lat="45.79827" lon="7.81996">
        <ele>1554</ele>
        <extensions>
          <distance>78890</distance>
        </extensions>
      </trkpt>
      <trkpt lat="45.79837" lon="7.81987">
        <ele>1548</ele>
        <extensions>
          <distance>78904</distance>
        </extensions>
      </trkpt>
      <trkpt lat="45.79836" lon="7.82004">
        <ele>1546</ele>
        <extensions>
          <distance>78917</distance>
        </extensions>
      </trkpt>
      <trkpt lat="45.79848" lon="7.81996">
        <ele>1543</ele>
        <extensions>
          <distance>78932</distance>
        </extensions>
      </trkpt>
      <trkpt lat="45.79851" lon="7.8201">
        <ele>1536</ele>
        <extensions>
          <distance>78946</distance>
        </extensions>
      </trkpt>
      <trkpt lat="45.79864" lon="7.82011">
        <ele>1533</ele>
        <extensions>
          <distance>78961</distance>
        </extensions>
      </trkpt>
      <trkpt lat="45.79849" lon="7.82036">
        <ele>1518</ele>
        <extensions>
          <distance>78990</distance>
        </extensions>
      </trkpt>
      <trkpt lat="45.79866" lon="7.82051">
        <ele>1507</ele>
        <extensions>
          <distance>79015</distance>
        </extensions>
      </trkpt>
      <trkpt lat="45.79857" lon="7.82058">
        <ele>1504</ele>
        <extensions>
          <distance>79027</distance>
        </extensions>
      </trkpt>
      <trkpt lat="45.79864" lon="7.82071">
        <ele>1495</ele>
        <extensions>
          <distance>79042</distance>
        </extensions>
      </trkpt>
      <trkpt lat="45.7984" lon="7.82076">
        <ele>1489</ele>
        <extensions>
          <distance>79070</distance>
        </extensions>
      </trkpt>
      <trkpt lat="45.79816" lon="7.82081">
        <ele>1477</ele>
        <extensions>
          <distance>79100</distance>
        </extensions>
      </trkpt>
      <trkpt lat="45.79806" lon="7.82099">
        <ele>1464</ele>
        <extensions>
          <distance>79122</distance>
        </extensions>
      </trkpt>
      <trkpt lat="45.79786" lon="7.82103">
        <ele>1456</ele>
        <extensions>
          <distance>79146</distance>
        </extensions>
      </trkpt>
      <trkpt lat="45.79794" lon="7.82117">
        <ele>1452</ele>
        <extensions>
          <distance>79160</distance>
        </extensions>
      </trkpt>
      <trkpt lat="45.79772" lon="7.82114">
        <ele>1445</ele>
        <extensions>
          <distance>79186</distance>
        </extensions>
      </trkpt>
      <trkpt lat="45.79771" lon="7.82152">
        <ele>1436</ele>
        <extensions>
          <distance>79217</distance>
        </extensions>
      </trkpt>
      <trkpt lat="45.7975" lon="7.82151">
        <ele>1432</ele>
        <extensions>
          <distance>79240</distance>
        </extensions>
      </trkpt>
      <trkpt lat="45.7974475" lon="7.8217025">
        <ele>1426</ele>
        <extensions>
          <distance>79257</distance>
        </extensions>
      </trkpt>
      <trkpt lat="45.797394999999995" lon="7.821895">
        <ele>1423</ele>
        <extensions>
          <distance>79274</distance>
        </extensions>
      </trkpt>
      <trkpt lat="45.7973425" lon="7.8220875">
        <ele>1421</ele>
        <extensions>
          <distance>79290</distance>
        </extensions>
      </trkpt>
      <trkpt lat="45.79729" lon="7.82228">
        <ele>1421</ele>
        <extensions>
          <distance>79306</distance>
        </extensions>
      </trkpt>
      <trkpt lat="45.79715" lon="7.822405">
        <ele>1420</ele>
        <extensions>
          <distance>79324</distance>
        </extensions>
      </trkpt>
      <trkpt lat="45.79701" lon="7.82253">
        <ele>1418</ele>
        <extensions>
          <distance>79343</distance>
        </extensions>
      </trkpt>
      <trkpt lat="45.796856250000005" lon="7.82249">
        <ele>1417</ele>
        <extensions>
          <distance>79360</distance>
        </extensions>
      </trkpt>
      <trkpt lat="45.7967025" lon="7.82245">
        <ele>1416</ele>
        <extensions>
          <distance>79378</distance>
        </extensions>
      </trkpt>
      <trkpt lat="45.79654875" lon="7.82241">
        <ele>1416</ele>
        <extensions>
          <distance>79395</distance>
        </extensions>
      </trkpt>
      <trkpt lat="45.796395000000004" lon="7.82237">
        <ele>1416</ele>
        <extensions>
          <distance>79412</distance>
        </extensions>
      </trkpt>
      <trkpt lat="45.79624125" lon="7.822330000000001">
        <ele>1416</ele>
        <extensions>
          <distance>79430</distance>
        </extensions>
      </trkpt>
      <trkpt lat="45.7960875" lon="7.822290000000001">
        <ele>1416</ele>
        <extensions>
          <distance>79447</distance>
        </extensions>
      </trkpt>
      <trkpt lat="45.79593375" lon="7.82225">
        <ele>1416</ele>
        <extensions>
          <distance>79464</distance>
        </extensions>
      </trkpt>
      <trkpt lat="45.79578" lon="7.82221">
        <ele>1416</ele>
        <extensions>
          <distance>79482</distance>
        </extensions>
      </trkpt>
      <trkpt lat="45.7955925" lon="7.8221975">
        <ele>1415</ele>
        <extensions>
          <distance>79503</distance>
        </extensions>
      </trkpt>
      <trkpt lat="45.795405" lon="7.822185">
        <ele>1414</ele>
        <extensions>
          <distance>79524</distance>
        </extensions>
      </trkpt>
      <trkpt lat="45.7952175" lon="7.822172500000001">
        <ele>1413</ele>
        <extensions>
          <distance>79544</distance>
        </extensions>
      </trkpt>
      <trkpt lat="45.79503" lon="7.82216">
        <ele>1413</ele>
        <extensions>
          <distance>79565</distance>
        </extensions>
      </trkpt>
      <trkpt lat="45.794856249999995" lon="7.82218125">
        <ele>1413</ele>
        <extensions>
          <distance>79585</distance>
        </extensions>
      </trkpt>
      <trkpt lat="45.7946825" lon="7.8222025">
        <ele>1413</ele>
        <extensions>
          <distance>79604</distance>
        </extensions>
      </trkpt>
      <trkpt lat="45.794508750000006" lon="7.822223750000001">
        <ele>1413</ele>
        <extensions>
          <distance>79623</distance>
        </extensions>
      </trkpt>
      <trkpt lat="45.794335000000004" lon="7.822245000000001">
        <ele>1412</ele>
        <extensions>
          <distance>79643</distance>
        </extensions>
      </trkpt>
      <trkpt lat="45.79416125" lon="7.82226625">
        <ele>1412</ele>
        <extensions>
          <distance>79662</distance>
        </extensions>
      </trkpt>
      <trkpt lat="45.7939875" lon="7.8222875">
        <ele>1412</ele>
        <extensions>
          <distance>79682</distance>
        </extensions>
      </trkpt>
      <trkpt lat="45.79381375" lon="7.8223087499999995">
        <ele>1412</ele>
        <extensions>
          <distance>79701</distance>
        </extensions>
      </trkpt>
      <trkpt lat="45.79364" lon="7.82233">
        <ele>1412</ele>
        <extensions>
          <distance>79720</distance>
        </extensions>
      </trkpt>
      <trkpt lat="45.793575000000004" lon="7.822125">
        <ele>1412</ele>
        <extensions>
          <distance>79738</distance>
        </extensions>
      </trkpt>
      <trkpt lat="45.79351" lon="7.82192">
        <ele>1412</ele>
        <extensions>
          <distance>79755</distance>
        </extensions>
      </trkpt>
      <trkpt lat="45.793555" lon="7.821655">
        <ele>1412</ele>
        <extensions>
          <distance>79776</distance>
        </extensions>
      </trkpt>
      <trkpt lat="45.7936" lon="7.82139">
        <ele>1412</ele>
        <extensions>
          <distance>79798</distance>
        </extensions>
      </trkpt>
      <trkpt lat="45.79355" lon="7.82121">
        <ele>1415</ele>
        <extensions>
          <distance>79813</distance>
        </extensions>
      </trkpt>
      <trkpt lat="45.793335" lon="7.821125">
        <ele>1417</ele>
        <extensions>
          <distance>79838</distance>
        </extensions>
      </trkpt>
      <trkpt lat="45.79312" lon="7.82104">
        <ele>1423</ele>
        <extensions>
          <distance>79863</distance>
        </extensions>
      </trkpt>
      <trkpt lat="45.792985" lon="7.820975">
        <ele>1426</ele>
        <extensions>
          <distance>79879</distance>
        </extensions>
      </trkpt>
      <trkpt lat="45.79285" lon="7.82091">
        <ele>1429</ele>
        <extensions>
          <distance>79895</distance>
        </extensions>
      </trkpt>
      <trkpt lat="45.79266" lon="7.82078">
        <ele>1436</ele>
        <extensions>
          <distance>79920</distance>
        </extensions>
      </trkpt>
      <trkpt lat="45.7924325" lon="7.820740000000001">
        <ele>1436</ele>
        <extensions>
          <distance>79945</distance>
        </extensions>
      </trkpt>
      <trkpt lat="45.792204999999996" lon="7.8207">
        <ele>1437</ele>
        <extensions>
          <distance>79971</distance>
        </extensions>
      </trkpt>
      <trkpt lat="45.7919775" lon="7.82066">
        <ele>1438</ele>
        <extensions>
          <distance>79996</distance>
        </extensions>
      </trkpt>
      <trkpt lat="45.79175" lon="7.82062">
        <ele>1438</ele>
        <extensions>
          <distance>80022</distance>
        </extensions>
      </trkpt>
      <trkpt lat="45.791568749999996" lon="7.82068375">
        <ele>1437</ele>
        <extensions>
          <distance>80042</distance>
        </extensions>
      </trkpt>
      <trkpt lat="45.7913875" lon="7.8207474999999995">
        <ele>1436</ele>
        <extensions>
          <distance>80063</distance>
        </extensions>
      </trkpt>
      <trkpt lat="45.79120625" lon="7.82081125">
        <ele>1436</ele>
        <extensions>
          <distance>80084</distance>
        </extensions>
      </trkpt>
      <trkpt lat="45.791025000000005" lon="7.820875">
        <ele>1434</ele>
        <extensions>
          <distance>80105</distance>
        </extensions>
      </trkpt>
      <trkpt lat="45.79084375000001" lon="7.82093875">
        <ele>1433</ele>
        <extensions>
          <distance>80125</distance>
        </extensions>
      </trkpt>
      <trkpt lat="45.7906625" lon="7.8210025000000005">
        <ele>1433</ele>
        <extensions>
          <distance>80146</distance>
        </extensions>
      </trkpt>
      <trkpt lat="45.79048125" lon="7.82106625">
        <ele>1433</ele>
        <extensions>
          <distance>80167</distance>
        </extensions>
      </trkpt>
      <trkpt lat="45.7903" lon="7.82113">
        <ele>1433</ele>
        <extensions>
          <distance>80188</distance>
        </extensions>
      </trkpt>
      <trkpt lat="45.7901625" lon="7.821095">
        <ele>1434</ele>
        <extensions>
          <distance>80203</distance>
        </extensions>
      </trkpt>
      <trkpt lat="45.790025" lon="7.82106">
        <ele>1436</ele>
        <extensions>
          <distance>80219</distance>
        </extensions>
      </trkpt>
      <trkpt lat="45.7898875" lon="7.821025000000001">
        <ele>1441</ele>
        <extensions>
          <distance>80235</distance>
        </extensions>
      </trkpt>
      <trkpt lat="45.78975" lon="7.82099">
        <ele>1445</ele>
        <extensions>
          <distance>80251</distance>
        </extensions>
      </trkpt>
      <trkpt lat="45.78962" lon="7.82109">
        <ele>1445</ele>
        <extensions>
          <distance>80267</distance>
        </extensions>
      </trkpt>
      <trkpt lat="45.78949" lon="7.82119">
        <ele>1445</ele>
        <extensions>
          <distance>80284</distance>
        </extensions>
      </trkpt>
      <trkpt lat="45.78936" lon="7.821289999999999">
        <ele>1446</ele>
        <extensions>
          <distance>80300</distance>
        </extensions>
      </trkpt>
      <trkpt lat="45.78923" lon="7.82139">
        <ele>1446</ele>
        <extensions>
          <distance>80317</distance>
        </extensions>
      </trkpt>
      <trkpt lat="45.78899" lon="7.82143">
        <ele>1445</ele>
        <extensions>
          <distance>80344</distance>
        </extensions>
      </trkpt>
      <trkpt lat="45.78878" lon="7.8213574999999995">
        <ele>1445</ele>
        <extensions>
          <distance>80368</distance>
        </extensions>
      </trkpt>
      <trkpt lat="45.78857" lon="7.821285">
        <ele>1446</ele>
        <extensions>
          <distance>80392</distance>
        </extensions>
      </trkpt>
      <trkpt lat="45.78836" lon="7.8212125">
        <ele>1447</ele>
        <extensions>
          <distance>80416</distance>
        </extensions>
      </trkpt>
      <trkpt lat="45.78815" lon="7.82114">
        <ele>1449</ele>
        <extensions>
          <distance>80440</distance>
        </extensions>
      </trkpt>
      <trkpt lat="45.7879675" lon="7.8211125">
        <ele>1451</ele>
        <extensions>
          <distance>80460</distance>
        </extensions>
      </trkpt>
      <trkpt lat="45.787785" lon="7.821085">
        <ele>1451</ele>
        <extensions>
          <distance>80480</distance>
        </extensions>
      </trkpt>
      <trkpt lat="45.7876025" lon="7.8210575">
        <ele>1451</ele>
        <extensions>
          <distance>80501</distance>
        </extensions>
      </trkpt>
      <trkpt lat="45.78742" lon="7.82103">
        <ele>1451</ele>
        <extensions>
          <distance>80521</distance>
        </extensions>
      </trkpt>
      <trkpt lat="45.787265" lon="7.8210575">
        <ele>1447</ele>
        <extensions>
          <distance>80539</distance>
        </extensions>
      </trkpt>
      <trkpt lat="45.78711" lon="7.821085">
        <ele>1447</ele>
        <extensions>
          <distance>80556</distance>
        </extensions>
      </trkpt>
      <trkpt lat="45.786955" lon="7.8211125">
        <ele>1447</ele>
        <extensions>
          <distance>80573</distance>
        </extensions>
      </trkpt>
      <trkpt lat="45.7868" lon="7.82114">
        <ele>1447</ele>
        <extensions>
          <distance>80591</distance>
        </extensions>
      </trkpt>
      <trkpt lat="45.786625" lon="7.8210749999999996">
        <ele>1448</ele>
        <extensions>
          <distance>80611</distance>
        </extensions>
      </trkpt>
      <trkpt lat="45.78645" lon="7.821009999999999">
        <ele>1451</ele>
        <extensions>
          <distance>80631</distance>
        </extensions>
      </trkpt>
      <trkpt lat="45.786275" lon="7.820945">
        <ele>1451</ele>
        <extensions>
          <distance>80651</distance>
        </extensions>
      </trkpt>
      <trkpt lat="45.7861" lon="7.82088">
        <ele>1451</ele>
        <extensions>
          <distance>80671</distance>
        </extensions>
      </trkpt>
      <trkpt lat="45.785835" lon="7.820855">
        <ele>1451</ele>
        <extensions>
          <distance>80701</distance>
        </extensions>
      </trkpt>
      <trkpt lat="45.78557" lon="7.82083">
        <ele>1449</ele>
        <extensions>
          <distance>80730</distance>
        </extensions>
      </trkpt>
      <trkpt lat="45.7853975" lon="7.820707499999999">
        <ele>1445</ele>
        <extensions>
          <distance>80752</distance>
        </extensions>
      </trkpt>
      <trkpt lat="45.785225" lon="7.8205849999999995">
        <ele>1442</ele>
        <extensions>
          <distance>80773</distance>
        </extensions>
      </trkpt>
      <trkpt lat="45.7850525" lon="7.8204625">
        <ele>1438</ele>
        <extensions>
          <distance>80795</distance>
        </extensions>
      </trkpt>
      <trkpt lat="45.78488" lon="7.82034">
        <ele>1436</ele>
        <extensions>
          <distance>80816</distance>
        </extensions>
      </trkpt>
      <trkpt lat="45.7847075" lon="7.8202175">
        <ele>1436</ele>
        <extensions>
          <distance>80838</distance>
        </extensions>
      </trkpt>
      <trkpt lat="45.784535000000005" lon="7.820095">
        <ele>1435</ele>
        <extensions>
          <distance>80859</distance>
        </extensions>
      </trkpt>
      <trkpt lat="45.7843625" lon="7.8199725">
        <ele>1435</ele>
        <extensions>
          <distance>80881</distance>
        </extensions>
      </trkpt>
      <trkpt lat="45.78419" lon="7.81985">
        <ele>1434</ele>
        <extensions>
          <distance>80902</distance>
        </extensions>
      </trkpt>
      <trkpt lat="45.784040000000005" lon="7.81987">
        <ele>1435</ele>
        <extensions>
          <distance>80919</distance>
        </extensions>
      </trkpt>
      <trkpt lat="45.78389" lon="7.81989">
        <ele>1434</ele>
        <extensions>
          <distance>80936</distance>
        </extensions>
      </trkpt>
      <trkpt lat="45.783715" lon="7.8198">
        <ele>1434</ele>
        <extensions>
          <distance>80956</distance>
        </extensions>
      </trkpt>
      <trkpt lat="45.78354" lon="7.81971">
        <ele>1434</ele>
        <extensions>
          <distance>80977</distance>
        </extensions>
      </trkpt>
      <trkpt lat="45.783375" lon="7.81977">
        <ele>1433</ele>
        <extensions>
          <distance>80996</distance>
        </extensions>
      </trkpt>
      <trkpt lat="45.78321" lon="7.81983">
        <ele>1433</ele>
        <extensions>
          <distance>81015</distance>
        </extensions>
      </trkpt>
      <trkpt lat="45.783055" lon="7.820065">
        <ele>1433</ele>
        <extensions>
          <distance>81040</distance>
        </extensions>
      </trkpt>
      <trkpt lat="45.7829" lon="7.8203">
        <ele>1433</ele>
        <extensions>
          <distance>81065</distance>
        </extensions>
      </trkpt>
      <trkpt lat="45.78269" lon="7.820435">
        <ele>1433</ele>
        <extensions>
          <distance>81091</distance>
        </extensions>
      </trkpt>
      <trkpt lat="45.78248" lon="7.82057">
        <ele>1433</ele>
        <extensions>
          <distance>81116</distance>
        </extensions>
      </trkpt>
      <trkpt lat="45.782335" lon="7.820595">
        <ele>1434</ele>
        <extensions>
          <distance>81132</distance>
        </extensions>
      </trkpt>
      <trkpt lat="45.78219" lon="7.82062">
        <ele>1434</ele>
        <extensions>
          <distance>81149</distance>
        </extensions>
      </trkpt>
      <trkpt lat="45.782045" lon="7.820645">
        <ele>1434</ele>
        <extensions>
          <distance>81165</distance>
        </extensions>
      </trkpt>
      <trkpt lat="45.7819" lon="7.82067">
        <ele>1434</ele>
        <extensions>
          <distance>81181</distance>
        </extensions>
      </trkpt>
      <trkpt lat="45.781795" lon="7.82089">
        <ele>1433</ele>
        <extensions>
          <distance>81202</distance>
        </extensions>
      </trkpt>
      <trkpt lat="45.78169" lon="7.82111">
        <ele>1432</ele>
        <extensions>
          <distance>81223</distance>
        </extensions>
      </trkpt>
      <trkpt lat="45.781567499999994" lon="7.82122">
        <ele>1431</ele>
        <extensions>
          <distance>81239</distance>
        </extensions>
      </trkpt>
      <trkpt lat="45.781445" lon="7.82133">
        <ele>1431</ele>
        <extensions>
          <distance>81255</distance>
        </extensions>
      </trkpt>
      <trkpt lat="45.7813225" lon="7.82144">
        <ele>1430</ele>
        <extensions>
          <distance>81271</distance>
        </extensions>
      </trkpt>
      <trkpt lat="45.7812" lon="7.82155">
        <ele>1428</ele>
        <extensions>
          <distance>81287</distance>
        </extensions>
      </trkpt>
      <trkpt lat="45.781025" lon="7.82162">
        <ele>1427</ele>
        <extensions>
          <distance>81307</distance>
        </extensions>
      </trkpt>
      <trkpt lat="45.78085" lon="7.82169">
        <ele>1426</ele>
        <extensions>
          <distance>81327</distance>
        </extensions>
      </trkpt>
      <trkpt lat="45.78075" lon="7.82192">
        <ele>1419</ele>
        <extensions>
          <distance>81349</distance>
        </extensions>
      </trkpt>
      <trkpt lat="45.780559999999994" lon="7.8219650000000005">
        <ele>1416</ele>
        <extensions>
          <distance>81371</distance>
        </extensions>
      </trkpt>
      <trkpt lat="45.78037" lon="7.822010000000001">
        <ele>1412</ele>
        <extensions>
          <distance>81392</distance>
        </extensions>
      </trkpt>
      <trkpt lat="45.78018" lon="7.822055000000001">
        <ele>1408</ele>
        <extensions>
          <distance>81414</distance>
        </extensions>
      </trkpt>
      <trkpt lat="45.77999" lon="7.8221">
        <ele>1404</ele>
        <extensions>
          <distance>81436</distance>
        </extensions>
      </trkpt>
      <trkpt lat="45.779795" lon="7.82225">
        <ele>1400</ele>
        <extensions>
          <distance>81461</distance>
        </extensions>
      </trkpt>
      <trkpt lat="45.7796" lon="7.8224">
        <ele>1397</ele>
        <extensions>
          <distance>81486</distance>
        </extensions>
      </trkpt>
      <trkpt lat="45.7795" lon="7.822265">
        <ele>1396</ele>
        <extensions>
          <distance>81501</distance>
        </extensions>
      </trkpt>
      <trkpt lat="45.7794" lon="7.82213">
        <ele>1396</ele>
        <extensions>
          <distance>81516</distance>
        </extensions>
      </trkpt>
      <trkpt lat="45.7791325" lon="7.8220849999999995">
        <ele>1395</ele>
        <extensions>
          <distance>81546</distance>
        </extensions>
      </trkpt>
      <trkpt lat="45.778864999999996" lon="7.822039999999999">
        <ele>1393</ele>
        <extensions>
          <distance>81576</distance>
        </extensions>
      </trkpt>
      <trkpt lat="45.7785975" lon="7.821994999999999">
        <ele>1390</ele>
        <extensions>
          <distance>81606</distance>
        </extensions>
      </trkpt>
      <trkpt lat="45.77833" lon="7.82195">
        <ele>1387</ele>
        <extensions>
          <distance>81636</distance>
        </extensions>
      </trkpt>
      <trkpt lat="45.7781" lon="7.8218">
        <ele>1385</ele>
        <extensions>
          <distance>81665</distance>
        </extensions>
      </trkpt>
      <trkpt lat="45.77807250000001" lon="7.8220575">
        <ele>1383</ele>
        <extensions>
          <distance>81685</distance>
        </extensions>
      </trkpt>
      <trkpt lat="45.778045000000006" lon="7.822315">
        <ele>1382</ele>
        <extensions>
          <distance>81705</distance>
        </extensions>
      </trkpt>
      <trkpt lat="45.778017500000004" lon="7.8225725">
        <ele>1382</ele>
        <extensions>
          <distance>81725</distance>
        </extensions>
      </trkpt>
      <trkpt lat="45.77799" lon="7.82283">
        <ele>1382</ele>
        <extensions>
          <distance>81746</distance>
        </extensions>
      </trkpt>
      <trkpt lat="45.777765" lon="7.823035">
        <ele>1382</ele>
        <extensions>
          <distance>81775</distance>
        </extensions>
      </trkpt>
      <trkpt lat="45.77754" lon="7.82324">
        <ele>1382.5</ele>
        <extensions>
          <distance>81805</distance>
        </extensions>
      </trkpt>
      <trkpt lat="45.777305" lon="7.82336">
        <ele>1383</ele>
        <extensions>
          <distance>81833</distance>
        </extensions>
      </trkpt>
      <trkpt lat="45.77707" lon="7.82348">
        <ele>1383.5</ele>
        <extensions>
          <distance>81861</distance>
        </extensions>
      </trkpt>
    </trkseg>
  </trk>
</gpx>