<?xml version="1.0" encoding="UTF-8"?>
<gpx
  creator="LiveTrail"
  version="1.1"
  xmlns="http://www.topografix.com/GPX/1/1"
  xmlns:xsi="http://www.w3.org/2001/XMLSchema-instance"
  xsi:schemaLocation="http://www.topografix.com/GPX/1/1 https://www.topografix.com/GPX/1/1/gpx.xsd">
  <metadata>
    <name>LiveTrail Race</name>
    <bounds maxlat="46.09611" maxlon="7.09546" minlat="45.86752" minlon="7.30765"></bounds>
    <copyright author="LiveTrail®"></copyright>
    <link href="https://livetrail.run"></link>
  </metadata>
  <wpt lat="45.93211" lon="7.09862">
    <ele>1608</ele>
    <name>La Fouly départ</name>
    <extensions>
      <distance>0</distance>
    </extensions>
  </wpt>
  <wpt lat="45.87599" lon="7.1453">
    <ele>2695</ele>
    <name>Col Fenêtre</name>
    <extensions>
      <distance>9450</distance>
    </extensions>
  </wpt>
  <wpt lat="45.86865" lon="7.17072">
    <ele>2471</ele>
    <name>Grd St-Bernard</name>
    <extensions>
      <distance>12670</distance>
    </extensions>
  </wpt>
  <wpt lat="45.9517" lon="7.20778">
    <ele>1621</ele>
    <name>Bourg St Pierre</name>
    <extensions>
      <distance>27010</distance>
    </extensions>
  </wpt>
  <wpt lat="46.01405" lon="7.20749">
    <ele>2460</ele>
    <name>Mille</name>
    <extensions>
      <distance>38750</distance>
    </extensions>
  </wpt>
  <wpt lat="46.03024" lon="7.2743">
    <ele>2101</ele>
    <name>Brunet</name>
    <extensions>
      <distance>46350</distance>
    </extensions>
  </wpt>
  <wpt lat="45.99853" lon="7.30004">
    <ele>2637</ele>
    <name>C Panossière</name>
    <extensions>
      <distance>53180</distance>
    </extensions>
  </wpt>
  <wpt lat="46.05092" lon="7.26436">
    <ele>1084</ele>
    <name>Lourtier entrée</name>
    <extensions>
      <distance>64400</distance>
    </extensions>
  </wpt>
  <wpt lat="46.05092" lon="7.26436">
    <ele>1084</ele>
    <name>Lourtier sortie</name>
    <extensions>
      <distance>64400</distance>
    </extensions>
  </wpt>
  <wpt lat="46.08016" lon="7.26842">
    <ele>2255</ele>
    <name>La Chaux</name>
    <extensions>
      <distance>70420</distance>
    </extensions>
  </wpt>
  <wpt lat="46.09599" lon="7.2275">
    <ele>1487</ele>
    <name>Verbier</name>
    <extensions>
      <distance>76890</distance>
    </extensions>
  </wpt>
  <trk>
    <trkseg>
      <trkpt lat="45.93211" lon="7.09862">
        <ele>1608</ele>
        <extensions>
          <distance>0</distance>
        </extensions>
      </trkpt>
      <trkpt lat="45.932" lon="7.09865">
        <ele>1609</ele>
        <extensions>
          <distance>12</distance>
        </extensions>
      </trkpt>
      <trkpt lat="45.93178" lon="7.09856">
        <ele>1609</ele>
        <extensions>
          <distance>38</distance>
        </extensions>
      </trkpt>
      <trkpt lat="45.93164" lon="7.098325">
        <ele>1609</ele>
        <extensions>
          <distance>62</distance>
        </extensions>
      </trkpt>
      <trkpt lat="45.9315" lon="7.09809">
        <ele>1611</ele>
        <extensions>
          <distance>86</distance>
        </extensions>
      </trkpt>
      <trkpt lat="45.931335000000004" lon="7.09787">
        <ele>1613</ele>
        <extensions>
          <distance>111</distance>
        </extensions>
      </trkpt>
      <trkpt lat="45.93117" lon="7.09765">
        <ele>1615</ele>
        <extensions>
          <distance>136</distance>
        </extensions>
      </trkpt>
      <trkpt lat="45.931025000000005" lon="7.097497499999999">
        <ele>1615</ele>
        <extensions>
          <distance>156</distance>
        </extensions>
      </trkpt>
      <trkpt lat="45.93088" lon="7.097345">
        <ele>1616</ele>
        <extensions>
          <distance>176</distance>
        </extensions>
      </trkpt>
      <trkpt lat="45.930735" lon="7.0971925">
        <ele>1617</ele>
        <extensions>
          <distance>196</distance>
        </extensions>
      </trkpt>
      <trkpt lat="45.93059" lon="7.09704">
        <ele>1618</ele>
        <extensions>
          <distance>216</distance>
        </extensions>
      </trkpt>
      <trkpt lat="45.930455" lon="7.096925">
        <ele>1619</ele>
        <extensions>
          <distance>234</distance>
        </extensions>
      </trkpt>
      <trkpt lat="45.93032" lon="7.09681">
        <ele>1620</ele>
        <extensions>
          <distance>251</distance>
        </extensions>
      </trkpt>
      <trkpt lat="45.93015" lon="7.0966000000000005">
        <ele>1620</ele>
        <extensions>
          <distance>276</distance>
        </extensions>
      </trkpt>
      <trkpt lat="45.92998" lon="7.09639">
        <ele>1620</ele>
        <extensions>
          <distance>301</distance>
        </extensions>
      </trkpt>
      <trkpt lat="45.929865" lon="7.096185">
        <ele>1620</ele>
        <extensions>
          <distance>321</distance>
        </extensions>
      </trkpt>
      <trkpt lat="45.92975" lon="7.09598">
        <ele>1620</ele>
        <extensions>
          <distance>342</distance>
        </extensions>
      </trkpt>
      <trkpt lat="45.9296" lon="7.09584">
        <ele>1620</ele>
        <extensions>
          <distance>362</distance>
        </extensions>
      </trkpt>
      <trkpt lat="45.92939" lon="7.09562">
        <ele>1621</ele>
        <extensions>
          <distance>391</distance>
        </extensions>
      </trkpt>
      <trkpt lat="45.929185000000004" lon="7.09554">
        <ele>1624</ele>
        <extensions>
          <distance>414</distance>
        </extensions>
      </trkpt>
      <trkpt lat="45.92898" lon="7.09546">
        <ele>1624</ele>
        <extensions>
          <distance>438</distance>
        </extensions>
      </trkpt>
      <trkpt lat="45.92882" lon="7.0954999999999995">
        <ele>1624</ele>
        <extensions>
          <distance>456</distance>
        </extensions>
      </trkpt>
      <trkpt lat="45.92866" lon="7.09554">
        <ele>1624</ele>
        <extensions>
          <distance>474</distance>
        </extensions>
      </trkpt>
      <trkpt lat="45.92858" lon="7.09561">
        <ele>1624</ele>
        <extensions>
          <distance>485</distance>
        </extensions>
      </trkpt>
      <trkpt lat="45.9284675" lon="7.095725">
        <ele>1626</ele>
        <extensions>
          <distance>500</distance>
        </extensions>
      </trkpt>
      <trkpt lat="45.928354999999996" lon="7.09584">
        <ele>1628</ele>
        <extensions>
          <distance>515</distance>
        </extensions>
      </trkpt>
      <trkpt lat="45.928242499999996" lon="7.095955">
        <ele>1630</ele>
        <extensions>
          <distance>531</distance>
        </extensions>
      </trkpt>
      <trkpt lat="45.92813" lon="7.09607">
        <ele>1632</ele>
        <extensions>
          <distance>546</distance>
        </extensions>
      </trkpt>
      <trkpt lat="45.92797" lon="7.0962">
        <ele>1634</ele>
        <extensions>
          <distance>567</distance>
        </extensions>
      </trkpt>
      <trkpt lat="45.9279" lon="7.09627">
        <ele>1634</ele>
        <extensions>
          <distance>576</distance>
        </extensions>
      </trkpt>
      <trkpt lat="45.92778" lon="7.09637">
        <ele>1635</ele>
        <extensions>
          <distance>592</distance>
        </extensions>
      </trkpt>
      <trkpt lat="45.927634999999995" lon="7.09646">
        <ele>1635</ele>
        <extensions>
          <distance>609</distance>
        </extensions>
      </trkpt>
      <trkpt lat="45.92749" lon="7.09655">
        <ele>1635</ele>
        <extensions>
          <distance>627</distance>
        </extensions>
      </trkpt>
      <trkpt lat="45.92732" lon="7.09663">
        <ele>1635</ele>
        <extensions>
          <distance>647</distance>
        </extensions>
      </trkpt>
      <trkpt lat="45.92723" lon="7.09666">
        <ele>1635</ele>
        <extensions>
          <distance>657</distance>
        </extensions>
      </trkpt>
      <trkpt lat="45.92716" lon="7.0967">
        <ele>1635</ele>
        <extensions>
          <distance>665</distance>
        </extensions>
      </trkpt>
      <trkpt lat="45.9269675" lon="7.0967325">
        <ele>1635</ele>
        <extensions>
          <distance>687</distance>
        </extensions>
      </trkpt>
      <trkpt lat="45.926775" lon="7.0967649999999995">
        <ele>1635</ele>
        <extensions>
          <distance>709</distance>
        </extensions>
      </trkpt>
      <trkpt lat="45.926582499999995" lon="7.096797499999999">
        <ele>1633</ele>
        <extensions>
          <distance>730</distance>
        </extensions>
      </trkpt>
      <trkpt lat="45.92639" lon="7.09683">
        <ele>1632</ele>
        <extensions>
          <distance>752</distance>
        </extensions>
      </trkpt>
      <trkpt lat="45.926244999999994" lon="7.096935">
        <ele>1631</ele>
        <extensions>
          <distance>770</distance>
        </extensions>
      </trkpt>
      <trkpt lat="45.9261" lon="7.09704">
        <ele>1631</ele>
        <extensions>
          <distance>788</distance>
        </extensions>
      </trkpt>
      <trkpt lat="45.92596" lon="7.097205">
        <ele>1631</ele>
        <extensions>
          <distance>808</distance>
        </extensions>
      </trkpt>
      <trkpt lat="45.92582" lon="7.09737">
        <ele>1631</ele>
        <extensions>
          <distance>828</distance>
        </extensions>
      </trkpt>
      <trkpt lat="45.92569" lon="7.09754">
        <ele>1632</ele>
        <extensions>
          <distance>848</distance>
        </extensions>
      </trkpt>
      <trkpt lat="45.92555" lon="7.097705">
        <ele>1634</ele>
        <extensions>
          <distance>868</distance>
        </extensions>
      </trkpt>
      <trkpt lat="45.92541" lon="7.09787">
        <ele>1636</ele>
        <extensions>
          <distance>888</distance>
        </extensions>
      </trkpt>
      <trkpt lat="45.92535" lon="7.09796">
        <ele>1636</ele>
        <extensions>
          <distance>898</distance>
        </extensions>
      </trkpt>
      <trkpt lat="45.925174999999996" lon="7.098165">
        <ele>1637</ele>
        <extensions>
          <distance>923</distance>
        </extensions>
      </trkpt>
      <trkpt lat="45.925" lon="7.09837">
        <ele>1637</ele>
        <extensions>
          <distance>948</distance>
        </extensions>
      </trkpt>
      <trkpt lat="45.924817499999996" lon="7.0985949999999995">
        <ele>1639</ele>
        <extensions>
          <distance>975</distance>
        </extensions>
      </trkpt>
      <trkpt lat="45.924634999999995" lon="7.09882">
        <ele>1641</ele>
        <extensions>
          <distance>1001</distance>
        </extensions>
      </trkpt>
      <trkpt lat="45.9244525" lon="7.099045">
        <ele>1642</ele>
        <extensions>
          <distance>1028</distance>
        </extensions>
      </trkpt>
      <trkpt lat="45.92427" lon="7.09927">
        <ele>1642</ele>
        <extensions>
          <distance>1055</distance>
        </extensions>
      </trkpt>
      <trkpt lat="45.92415" lon="7.09936">
        <ele>1643</ele>
        <extensions>
          <distance>1070</distance>
        </extensions>
      </trkpt>
      <trkpt lat="45.92403" lon="7.09945">
        <ele>1643</ele>
        <extensions>
          <distance>1085</distance>
        </extensions>
      </trkpt>
      <trkpt lat="45.92396" lon="7.09952">
        <ele>1642</ele>
        <extensions>
          <distance>1095</distance>
        </extensions>
      </trkpt>
      <trkpt lat="45.92389" lon="7.09957">
        <ele>1642</ele>
        <extensions>
          <distance>1103</distance>
        </extensions>
      </trkpt>
      <trkpt lat="45.92366" lon="7.09961">
        <ele>1644</ele>
        <extensions>
          <distance>1129</distance>
        </extensions>
      </trkpt>
      <trkpt lat="45.92346" lon="7.09971">
        <ele>1644</ele>
        <extensions>
          <distance>1153</distance>
        </extensions>
      </trkpt>
      <trkpt lat="45.92327" lon="7.09988">
        <ele>1644</ele>
        <extensions>
          <distance>1178</distance>
        </extensions>
      </trkpt>
      <trkpt lat="45.92308" lon="7.1000499999999995">
        <ele>1644</ele>
        <extensions>
          <distance>1202</distance>
        </extensions>
      </trkpt>
      <trkpt lat="45.922889999999995" lon="7.10022">
        <ele>1645</ele>
        <extensions>
          <distance>1227</distance>
        </extensions>
      </trkpt>
      <trkpt lat="45.9227" lon="7.10039">
        <ele>1647</ele>
        <extensions>
          <distance>1252</distance>
        </extensions>
      </trkpt>
      <trkpt lat="45.92253" lon="7.10051">
        <ele>1647</ele>
        <extensions>
          <distance>1273</distance>
        </extensions>
      </trkpt>
      <trkpt lat="45.92232" lon="7.10063">
        <ele>1647</ele>
        <extensions>
          <distance>1298</distance>
        </extensions>
      </trkpt>
      <trkpt lat="45.92211" lon="7.10075">
        <ele>1647</ele>
        <extensions>
          <distance>1324</distance>
        </extensions>
      </trkpt>
      <trkpt lat="45.92199" lon="7.1008425">
        <ele>1648</ele>
        <extensions>
          <distance>1339</distance>
        </extensions>
      </trkpt>
      <trkpt lat="45.92187" lon="7.100935">
        <ele>1648</ele>
        <extensions>
          <distance>1354</distance>
        </extensions>
      </trkpt>
      <trkpt lat="45.92175" lon="7.1010275">
        <ele>1648</ele>
        <extensions>
          <distance>1369</distance>
        </extensions>
      </trkpt>
      <trkpt lat="45.92163" lon="7.10112">
        <ele>1649</ele>
        <extensions>
          <distance>1384</distance>
        </extensions>
      </trkpt>
      <trkpt lat="45.92156" lon="7.10119">
        <ele>1649</ele>
        <extensions>
          <distance>1394</distance>
        </extensions>
      </trkpt>
      <trkpt lat="45.92134" lon="7.10136">
        <ele>1650</ele>
        <extensions>
          <distance>1421</distance>
        </extensions>
      </trkpt>
      <trkpt lat="45.92127" lon="7.10145">
        <ele>1651</ele>
        <extensions>
          <distance>1432</distance>
        </extensions>
      </trkpt>
      <trkpt lat="45.9211" lon="7.10171">
        <ele>1652</ele>
        <extensions>
          <distance>1460</distance>
        </extensions>
      </trkpt>
      <trkpt lat="45.92103" lon="7.10191">
        <ele>1653</ele>
        <extensions>
          <distance>1477</distance>
        </extensions>
      </trkpt>
      <trkpt lat="45.92096" lon="7.10211">
        <ele>1655</ele>
        <extensions>
          <distance>1494</distance>
        </extensions>
      </trkpt>
      <trkpt lat="45.92086" lon="7.10232">
        <ele>1656</ele>
        <extensions>
          <distance>1514</distance>
        </extensions>
      </trkpt>
      <trkpt lat="45.9208" lon="7.10242">
        <ele>1657</ele>
        <extensions>
          <distance>1524</distance>
        </extensions>
      </trkpt>
      <trkpt lat="45.92072" lon="7.10259">
        <ele>1658</ele>
        <extensions>
          <distance>1540</distance>
        </extensions>
      </trkpt>
      <trkpt lat="45.92064" lon="7.10276">
        <ele>1659</ele>
        <extensions>
          <distance>1556</distance>
        </extensions>
      </trkpt>
      <trkpt lat="45.92045" lon="7.10295">
        <ele>1661</ele>
        <extensions>
          <distance>1582</distance>
        </extensions>
      </trkpt>
      <trkpt lat="45.920295" lon="7.10308">
        <ele>1662</ele>
        <extensions>
          <distance>1602</distance>
        </extensions>
      </trkpt>
      <trkpt lat="45.92014" lon="7.10321">
        <ele>1663</ele>
        <extensions>
          <distance>1622</distance>
        </extensions>
      </trkpt>
      <trkpt lat="45.919975" lon="7.1033349999999995">
        <ele>1664</ele>
        <extensions>
          <distance>1643</distance>
        </extensions>
      </trkpt>
      <trkpt lat="45.91981" lon="7.10346">
        <ele>1667</ele>
        <extensions>
          <distance>1664</distance>
        </extensions>
      </trkpt>
      <trkpt lat="45.91968375" lon="7.1035375">
        <ele>1668</ele>
        <extensions>
          <distance>1679</distance>
        </extensions>
      </trkpt>
      <trkpt lat="45.919557499999996" lon="7.103615">
        <ele>1670</ele>
        <extensions>
          <distance>1695</distance>
        </extensions>
      </trkpt>
      <trkpt lat="45.919431249999995" lon="7.103692499999999">
        <ele>1671</ele>
        <extensions>
          <distance>1710</distance>
        </extensions>
      </trkpt>
      <trkpt lat="45.919304999999994" lon="7.10377">
        <ele>1672</ele>
        <extensions>
          <distance>1725</distance>
        </extensions>
      </trkpt>
      <trkpt lat="45.91917874999999" lon="7.1038475000000005">
        <ele>1673</ele>
        <extensions>
          <distance>1740</distance>
        </extensions>
      </trkpt>
      <trkpt lat="45.91905249999999" lon="7.103925">
        <ele>1675</ele>
        <extensions>
          <distance>1756</distance>
        </extensions>
      </trkpt>
      <trkpt lat="45.91892625" lon="7.1040025">
        <ele>1677</ele>
        <extensions>
          <distance>1771</distance>
        </extensions>
      </trkpt>
      <trkpt lat="45.9188" lon="7.10408">
        <ele>1679</ele>
        <extensions>
          <distance>1786</distance>
        </extensions>
      </trkpt>
      <trkpt lat="45.91865" lon="7.104145">
        <ele>1680</ele>
        <extensions>
          <distance>1804</distance>
        </extensions>
      </trkpt>
      <trkpt lat="45.9185" lon="7.10421">
        <ele>1682</ele>
        <extensions>
          <distance>1821</distance>
        </extensions>
      </trkpt>
      <trkpt lat="45.91828" lon="7.10425">
        <ele>1684</ele>
        <extensions>
          <distance>1846</distance>
        </extensions>
      </trkpt>
      <trkpt lat="45.9181225" lon="7.104312500000001">
        <ele>1686</ele>
        <extensions>
          <distance>1864</distance>
        </extensions>
      </trkpt>
      <trkpt lat="45.917965" lon="7.104375">
        <ele>1688</ele>
        <extensions>
          <distance>1883</distance>
        </extensions>
      </trkpt>
      <trkpt lat="45.9178075" lon="7.1044374999999995">
        <ele>1690</ele>
        <extensions>
          <distance>1901</distance>
        </extensions>
      </trkpt>
      <trkpt lat="45.91765" lon="7.1045">
        <ele>1692</ele>
        <extensions>
          <distance>1919</distance>
        </extensions>
      </trkpt>
      <trkpt lat="45.91747" lon="7.104509999999999">
        <ele>1695</ele>
        <extensions>
          <distance>1940</distance>
        </extensions>
      </trkpt>
      <trkpt lat="45.91729" lon="7.10452">
        <ele>1695</ele>
        <extensions>
          <distance>1960</distance>
        </extensions>
      </trkpt>
      <trkpt lat="45.91711" lon="7.10454">
        <ele>1696</ele>
        <extensions>
          <distance>1980</distance>
        </extensions>
      </trkpt>
      <trkpt lat="45.91698" lon="7.10454">
        <ele>1696</ele>
        <extensions>
          <distance>1994</distance>
        </extensions>
      </trkpt>
      <trkpt lat="45.916765" lon="7.10463">
        <ele>1698</ele>
        <extensions>
          <distance>2019</distance>
        </extensions>
      </trkpt>
      <trkpt lat="45.91655" lon="7.10472">
        <ele>1701</ele>
        <extensions>
          <distance>2044</distance>
        </extensions>
      </trkpt>
      <trkpt lat="45.91635" lon="7.10478">
        <ele>1702</ele>
        <extensions>
          <distance>2067</distance>
        </extensions>
      </trkpt>
      <trkpt lat="45.91615" lon="7.10484">
        <ele>1703</ele>
        <extensions>
          <distance>2090</distance>
        </extensions>
      </trkpt>
      <trkpt lat="45.91595" lon="7.104900000000001">
        <ele>1704</ele>
        <extensions>
          <distance>2112</distance>
        </extensions>
      </trkpt>
      <trkpt lat="45.91575" lon="7.10496">
        <ele>1706</ele>
        <extensions>
          <distance>2135</distance>
        </extensions>
      </trkpt>
      <trkpt lat="45.91558" lon="7.105">
        <ele>1707</ele>
        <extensions>
          <distance>2154</distance>
        </extensions>
      </trkpt>
      <trkpt lat="45.915409999999994" lon="7.105085000000001">
        <ele>1710</ele>
        <extensions>
          <distance>2175</distance>
        </extensions>
      </trkpt>
      <trkpt lat="45.91524" lon="7.10517">
        <ele>1713</ele>
        <extensions>
          <distance>2195</distance>
        </extensions>
      </trkpt>
      <trkpt lat="45.9150675" lon="7.105230000000001">
        <ele>1715</ele>
        <extensions>
          <distance>2215</distance>
        </extensions>
      </trkpt>
      <trkpt lat="45.914895" lon="7.10529">
        <ele>1718</ele>
        <extensions>
          <distance>2235</distance>
        </extensions>
      </trkpt>
      <trkpt lat="45.914722499999996" lon="7.10535">
        <ele>1718</ele>
        <extensions>
          <distance>2254</distance>
        </extensions>
      </trkpt>
      <trkpt lat="45.91455" lon="7.10541">
        <ele>1719</ele>
        <extensions>
          <distance>2274</distance>
        </extensions>
      </trkpt>
      <trkpt lat="45.91442" lon="7.10547">
        <ele>1720</ele>
        <extensions>
          <distance>2289</distance>
        </extensions>
      </trkpt>
      <trkpt lat="45.914225" lon="7.10563">
        <ele>1722</ele>
        <extensions>
          <distance>2314</distance>
        </extensions>
      </trkpt>
      <trkpt lat="45.91403" lon="7.10579">
        <ele>1723</ele>
        <extensions>
          <distance>2339</distance>
        </extensions>
      </trkpt>
      <trkpt lat="45.91387" lon="7.10591">
        <ele>1725</ele>
        <extensions>
          <distance>2360</distance>
        </extensions>
      </trkpt>
      <trkpt lat="45.91371" lon="7.10603">
        <ele>1727</ele>
        <extensions>
          <distance>2380</distance>
        </extensions>
      </trkpt>
      <trkpt lat="45.91359250000001" lon="7.1061274999999995">
        <ele>1729</ele>
        <extensions>
          <distance>2395</distance>
        </extensions>
      </trkpt>
      <trkpt lat="45.913475000000005" lon="7.106225">
        <ele>1731</ele>
        <extensions>
          <distance>2410</distance>
        </extensions>
      </trkpt>
      <trkpt lat="45.913357500000004" lon="7.1063225">
        <ele>1734</ele>
        <extensions>
          <distance>2425</distance>
        </extensions>
      </trkpt>
      <trkpt lat="45.91324" lon="7.10642">
        <ele>1735</ele>
        <extensions>
          <distance>2441</distance>
        </extensions>
      </trkpt>
      <trkpt lat="45.91312" lon="7.106535">
        <ele>1737</ele>
        <extensions>
          <distance>2457</distance>
        </extensions>
      </trkpt>
      <trkpt lat="45.913" lon="7.10665">
        <ele>1739</ele>
        <extensions>
          <distance>2473</distance>
        </extensions>
      </trkpt>
      <trkpt lat="45.91288" lon="7.106765">
        <ele>1741</ele>
        <extensions>
          <distance>2489</distance>
        </extensions>
      </trkpt>
      <trkpt lat="45.91276" lon="7.10688">
        <ele>1743</ele>
        <extensions>
          <distance>2505</distance>
        </extensions>
      </trkpt>
      <trkpt lat="45.91265" lon="7.10702">
        <ele>1745</ele>
        <extensions>
          <distance>2522</distance>
        </extensions>
      </trkpt>
      <trkpt lat="45.91254" lon="7.10716">
        <ele>1747</ele>
        <extensions>
          <distance>2538</distance>
        </extensions>
      </trkpt>
      <trkpt lat="45.912405" lon="7.107285">
        <ele>1748</ele>
        <extensions>
          <distance>2556</distance>
        </extensions>
      </trkpt>
      <trkpt lat="45.91227" lon="7.10741">
        <ele>1749</ele>
        <extensions>
          <distance>2574</distance>
        </extensions>
      </trkpt>
      <trkpt lat="45.91216" lon="7.10749">
        <ele>1749</ele>
        <extensions>
          <distance>2588</distance>
        </extensions>
      </trkpt>
      <trkpt lat="45.91207" lon="7.10751">
        <ele>1749</ele>
        <extensions>
          <distance>2598</distance>
        </extensions>
      </trkpt>
      <trkpt lat="45.911845" lon="7.107585">
        <ele>1749</ele>
        <extensions>
          <distance>2624</distance>
        </extensions>
      </trkpt>
      <trkpt lat="45.91162" lon="7.10766">
        <ele>1750</ele>
        <extensions>
          <distance>2649</distance>
        </extensions>
      </trkpt>
      <trkpt lat="45.91146" lon="7.10781">
        <ele>1750</ele>
        <extensions>
          <distance>2670</distance>
        </extensions>
      </trkpt>
      <trkpt lat="45.911375" lon="7.108">
        <ele>1753</ele>
        <extensions>
          <distance>2688</distance>
        </extensions>
      </trkpt>
      <trkpt lat="45.91129" lon="7.10819">
        <ele>1754</ele>
        <extensions>
          <distance>2706</distance>
        </extensions>
      </trkpt>
      <trkpt lat="45.9112" lon="7.10848">
        <ele>1757</ele>
        <extensions>
          <distance>2730</distance>
        </extensions>
      </trkpt>
      <trkpt lat="45.91105" lon="7.108695">
        <ele>1759</ele>
        <extensions>
          <distance>2754</distance>
        </extensions>
      </trkpt>
      <trkpt lat="45.9109" lon="7.10891">
        <ele>1760</ele>
        <extensions>
          <distance>2778</distance>
        </extensions>
      </trkpt>
      <trkpt lat="45.910765" lon="7.109075">
        <ele>1761</ele>
        <extensions>
          <distance>2797</distance>
        </extensions>
      </trkpt>
      <trkpt lat="45.91063" lon="7.10924">
        <ele>1763</ele>
        <extensions>
          <distance>2817</distance>
        </extensions>
      </trkpt>
      <trkpt lat="45.91046" lon="7.10934">
        <ele>1763</ele>
        <extensions>
          <distance>2838</distance>
        </extensions>
      </trkpt>
      <trkpt lat="45.910309999999996" lon="7.109445">
        <ele>1764</ele>
        <extensions>
          <distance>2856</distance>
        </extensions>
      </trkpt>
      <trkpt lat="45.91016" lon="7.10955">
        <ele>1765</ele>
        <extensions>
          <distance>2875</distance>
        </extensions>
      </trkpt>
      <trkpt lat="45.91001" lon="7.10969">
        <ele>1766</ele>
        <extensions>
          <distance>2895</distance>
        </extensions>
      </trkpt>
      <trkpt lat="45.90981" lon="7.1099">
        <ele>1767</ele>
        <extensions>
          <distance>2922</distance>
        </extensions>
      </trkpt>
      <trkpt lat="45.90970125" lon="7.11004">
        <ele>1768</ele>
        <extensions>
          <distance>2938</distance>
        </extensions>
      </trkpt>
      <trkpt lat="45.9095925" lon="7.11018">
        <ele>1769</ele>
        <extensions>
          <distance>2955</distance>
        </extensions>
      </trkpt>
      <trkpt lat="45.90948375" lon="7.11032">
        <ele>1769</ele>
        <extensions>
          <distance>2971</distance>
        </extensions>
      </trkpt>
      <trkpt lat="45.909375" lon="7.11046">
        <ele>1769</ele>
        <extensions>
          <distance>2987</distance>
        </extensions>
      </trkpt>
      <trkpt lat="45.90926625" lon="7.1106">
        <ele>1770</ele>
        <extensions>
          <distance>3004</distance>
        </extensions>
      </trkpt>
      <trkpt lat="45.9091575" lon="7.11074">
        <ele>1771</ele>
        <extensions>
          <distance>3020</distance>
        </extensions>
      </trkpt>
      <trkpt lat="45.90904875" lon="7.11088">
        <ele>1773</ele>
        <extensions>
          <distance>3036</distance>
        </extensions>
      </trkpt>
      <trkpt lat="45.90894" lon="7.11102">
        <ele>1774</ele>
        <extensions>
          <distance>3052</distance>
        </extensions>
      </trkpt>
      <trkpt lat="45.90888" lon="7.11111">
        <ele>1775</ele>
        <extensions>
          <distance>3062</distance>
        </extensions>
      </trkpt>
      <trkpt lat="45.90874" lon="7.11128">
        <ele>1775</ele>
        <extensions>
          <distance>3082</distance>
        </extensions>
      </trkpt>
      <trkpt lat="45.90868" lon="7.11137">
        <ele>1776</ele>
        <extensions>
          <distance>3092</distance>
        </extensions>
      </trkpt>
      <trkpt lat="45.90854" lon="7.11154">
        <ele>1776</ele>
        <extensions>
          <distance>3113</distance>
        </extensions>
      </trkpt>
      <trkpt lat="45.90848" lon="7.11163">
        <ele>1776</ele>
        <extensions>
          <distance>3122</distance>
        </extensions>
      </trkpt>
      <trkpt lat="45.9084" lon="7.111855">
        <ele>1776</ele>
        <extensions>
          <distance>3142</distance>
        </extensions>
      </trkpt>
      <trkpt lat="45.90832" lon="7.11208">
        <ele>1778</ele>
        <extensions>
          <distance>3161</distance>
        </extensions>
      </trkpt>
      <trkpt lat="45.9083" lon="7.11221">
        <ele>1779</ele>
        <extensions>
          <distance>3172</distance>
        </extensions>
      </trkpt>
      <trkpt lat="45.90824" lon="7.11245">
        <ele>1781</ele>
        <extensions>
          <distance>3192</distance>
        </extensions>
      </trkpt>
      <trkpt lat="45.9082075" lon="7.1126775">
        <ele>1782</ele>
        <extensions>
          <distance>3210</distance>
        </extensions>
      </trkpt>
      <trkpt lat="45.908175" lon="7.112905">
        <ele>1784</ele>
        <extensions>
          <distance>3228</distance>
        </extensions>
      </trkpt>
      <trkpt lat="45.9081425" lon="7.1131325">
        <ele>1785</ele>
        <extensions>
          <distance>3246</distance>
        </extensions>
      </trkpt>
      <trkpt lat="45.90811" lon="7.11336">
        <ele>1788</ele>
        <extensions>
          <distance>3264</distance>
        </extensions>
      </trkpt>
      <trkpt lat="45.90796" lon="7.11361">
        <ele>1788</ele>
        <extensions>
          <distance>3290</distance>
        </extensions>
      </trkpt>
      <trkpt lat="45.90789" lon="7.1137775">
        <ele>1788</ele>
        <extensions>
          <distance>3305</distance>
        </extensions>
      </trkpt>
      <trkpt lat="45.90782" lon="7.113945">
        <ele>1788</ele>
        <extensions>
          <distance>3320</distance>
        </extensions>
      </trkpt>
      <trkpt lat="45.90775" lon="7.1141125">
        <ele>1789</ele>
        <extensions>
          <distance>3335</distance>
        </extensions>
      </trkpt>
      <trkpt lat="45.90768" lon="7.11428">
        <ele>1790</ele>
        <extensions>
          <distance>3350</distance>
        </extensions>
      </trkpt>
      <trkpt lat="45.907555" lon="7.1144675">
        <ele>1792</ele>
        <extensions>
          <distance>3371</distance>
        </extensions>
      </trkpt>
      <trkpt lat="45.90743" lon="7.114655">
        <ele>1792</ele>
        <extensions>
          <distance>3391</distance>
        </extensions>
      </trkpt>
      <trkpt lat="45.907304999999994" lon="7.1148425">
        <ele>1794</ele>
        <extensions>
          <distance>3411</distance>
        </extensions>
      </trkpt>
      <trkpt lat="45.90718" lon="7.11503">
        <ele>1795</ele>
        <extensions>
          <distance>3431</distance>
        </extensions>
      </trkpt>
      <trkpt lat="45.9070775" lon="7.11524">
        <ele>1797</ele>
        <extensions>
          <distance>3451</distance>
        </extensions>
      </trkpt>
      <trkpt lat="45.906975" lon="7.11545">
        <ele>1799</ele>
        <extensions>
          <distance>3471</distance>
        </extensions>
      </trkpt>
      <trkpt lat="45.906872500000006" lon="7.11566">
        <ele>1800</ele>
        <extensions>
          <distance>3491</distance>
        </extensions>
      </trkpt>
      <trkpt lat="45.90677" lon="7.11587">
        <ele>1802</ele>
        <extensions>
          <distance>3511</distance>
        </extensions>
      </trkpt>
      <trkpt lat="45.906655" lon="7.1160675">
        <ele>1802</ele>
        <extensions>
          <distance>3531</distance>
        </extensions>
      </trkpt>
      <trkpt lat="45.90654" lon="7.116265">
        <ele>1803</ele>
        <extensions>
          <distance>3551</distance>
        </extensions>
      </trkpt>
      <trkpt lat="45.906425" lon="7.116462500000001">
        <ele>1804</ele>
        <extensions>
          <distance>3571</distance>
        </extensions>
      </trkpt>
      <trkpt lat="45.90631" lon="7.11666">
        <ele>1805</ele>
        <extensions>
          <distance>3591</distance>
        </extensions>
      </trkpt>
      <trkpt lat="45.906189999999995" lon="7.116755">
        <ele>1805</ele>
        <extensions>
          <distance>3606</distance>
        </extensions>
      </trkpt>
      <trkpt lat="45.90607" lon="7.11685">
        <ele>1805</ele>
        <extensions>
          <distance>3621</distance>
        </extensions>
      </trkpt>
      <trkpt lat="45.90596" lon="7.117005000000001">
        <ele>1809</ele>
        <extensions>
          <distance>3638</distance>
        </extensions>
      </trkpt>
      <trkpt lat="45.90585" lon="7.11716">
        <ele>1809</ele>
        <extensions>
          <distance>3656</distance>
        </extensions>
      </trkpt>
      <trkpt lat="45.90578" lon="7.11733">
        <ele>1812</ele>
        <extensions>
          <distance>3671</distance>
        </extensions>
      </trkpt>
      <trkpt lat="45.90571" lon="7.1175">
        <ele>1816</ele>
        <extensions>
          <distance>3687</distance>
        </extensions>
      </trkpt>
      <trkpt lat="45.905545000000004" lon="7.117699999999999">
        <ele>1816</ele>
        <extensions>
          <distance>3711</distance>
        </extensions>
      </trkpt>
      <trkpt lat="45.90538" lon="7.1179">
        <ele>1816</ele>
        <extensions>
          <distance>3735</distance>
        </extensions>
      </trkpt>
      <trkpt lat="45.90522" lon="7.11806">
        <ele>1816</ele>
        <extensions>
          <distance>3757</distance>
        </extensions>
      </trkpt>
      <trkpt lat="45.90506" lon="7.11822">
        <ele>1816</ele>
        <extensions>
          <distance>3778</distance>
        </extensions>
      </trkpt>
      <trkpt lat="45.905" lon="7.11834">
        <ele>1816</ele>
        <extensions>
          <distance>3790</distance>
        </extensions>
      </trkpt>
      <trkpt lat="45.904935" lon="7.118634999999999">
        <ele>1820</ele>
        <extensions>
          <distance>3814</distance>
        </extensions>
      </trkpt>
      <trkpt lat="45.90487" lon="7.11893">
        <ele>1827</ele>
        <extensions>
          <distance>3839</distance>
        </extensions>
      </trkpt>
      <trkpt lat="45.9048" lon="7.11906">
        <ele>1828</ele>
        <extensions>
          <distance>3852</distance>
        </extensions>
      </trkpt>
      <trkpt lat="45.90465" lon="7.1192">
        <ele>1828</ele>
        <extensions>
          <distance>3872</distance>
        </extensions>
      </trkpt>
      <trkpt lat="45.90456" lon="7.11927">
        <ele>1829</ele>
        <extensions>
          <distance>3883</distance>
        </extensions>
      </trkpt>
      <trkpt lat="45.90441" lon="7.11948">
        <ele>1830</ele>
        <extensions>
          <distance>3906</distance>
        </extensions>
      </trkpt>
      <trkpt lat="45.90437" lon="7.1196">
        <ele>1831</ele>
        <extensions>
          <distance>3917</distance>
        </extensions>
      </trkpt>
      <trkpt lat="45.90431" lon="7.11985">
        <ele>1836</ele>
        <extensions>
          <distance>3938</distance>
        </extensions>
      </trkpt>
      <trkpt lat="45.9041" lon="7.120065">
        <ele>1840</ele>
        <extensions>
          <distance>3967</distance>
        </extensions>
      </trkpt>
      <trkpt lat="45.90389" lon="7.12028">
        <ele>1843</ele>
        <extensions>
          <distance>3996</distance>
        </extensions>
      </trkpt>
      <trkpt lat="45.90382" lon="7.12055">
        <ele>1852</ele>
        <extensions>
          <distance>4020</distance>
        </extensions>
      </trkpt>
      <trkpt lat="45.90376" lon="7.12069">
        <ele>1852</ele>
        <extensions>
          <distance>4032</distance>
        </extensions>
      </trkpt>
      <trkpt lat="45.90367" lon="7.12074">
        <ele>1852</ele>
        <extensions>
          <distance>4043</distance>
        </extensions>
      </trkpt>
      <trkpt lat="45.90356" lon="7.12073">
        <ele>1852</ele>
        <extensions>
          <distance>4055</distance>
        </extensions>
      </trkpt>
      <trkpt lat="45.90337" lon="7.12062">
        <ele>1851</ele>
        <extensions>
          <distance>4078</distance>
        </extensions>
      </trkpt>
      <trkpt lat="45.90327" lon="7.12064">
        <ele>1851</ele>
        <extensions>
          <distance>4089</distance>
        </extensions>
      </trkpt>
      <trkpt lat="45.90316" lon="7.1207">
        <ele>1851</ele>
        <extensions>
          <distance>4102</distance>
        </extensions>
      </trkpt>
      <trkpt lat="45.90308" lon="7.12076">
        <ele>1851</ele>
        <extensions>
          <distance>4112</distance>
        </extensions>
      </trkpt>
      <trkpt lat="45.902879999999996" lon="7.1209299999999995">
        <ele>1858</ele>
        <extensions>
          <distance>4138</distance>
        </extensions>
      </trkpt>
      <trkpt lat="45.90268" lon="7.1211">
        <ele>1865</ele>
        <extensions>
          <distance>4165</distance>
        </extensions>
      </trkpt>
      <trkpt lat="45.90247" lon="7.1211">
        <ele>1866</ele>
        <extensions>
          <distance>4189</distance>
        </extensions>
      </trkpt>
      <trkpt lat="45.902315" lon="7.1211425">
        <ele>1869</ele>
        <extensions>
          <distance>4206</distance>
        </extensions>
      </trkpt>
      <trkpt lat="45.90216" lon="7.1211850000000005">
        <ele>1870</ele>
        <extensions>
          <distance>4224</distance>
        </extensions>
      </trkpt>
      <trkpt lat="45.902005" lon="7.1212275">
        <ele>1873</ele>
        <extensions>
          <distance>4242</distance>
        </extensions>
      </trkpt>
      <trkpt lat="45.90185" lon="7.12127">
        <ele>1876</ele>
        <extensions>
          <distance>4259</distance>
        </extensions>
      </trkpt>
      <trkpt lat="45.901625" lon="7.12125">
        <ele>1878</ele>
        <extensions>
          <distance>4284</distance>
        </extensions>
      </trkpt>
      <trkpt lat="45.9014" lon="7.12123">
        <ele>1882</ele>
        <extensions>
          <distance>4310</distance>
        </extensions>
      </trkpt>
      <trkpt lat="45.90133" lon="7.12121">
        <ele>1882</ele>
        <extensions>
          <distance>4318</distance>
        </extensions>
      </trkpt>
      <trkpt lat="45.90121" lon="7.12103">
        <ele>1883</ele>
        <extensions>
          <distance>4337</distance>
        </extensions>
      </trkpt>
      <trkpt lat="45.90117" lon="7.12115">
        <ele>1885</ele>
        <extensions>
          <distance>4348</distance>
        </extensions>
      </trkpt>
      <trkpt lat="45.90102" lon="7.12117">
        <ele>1890</ele>
        <extensions>
          <distance>4365</distance>
        </extensions>
      </trkpt>
      <trkpt lat="45.900815" lon="7.121065">
        <ele>1890</ele>
        <extensions>
          <distance>4389</distance>
        </extensions>
      </trkpt>
      <trkpt lat="45.90061" lon="7.12096">
        <ele>1891</ele>
        <extensions>
          <distance>4413</distance>
        </extensions>
      </trkpt>
      <trkpt lat="45.90053" lon="7.12087">
        <ele>1892</ele>
        <extensions>
          <distance>4425</distance>
        </extensions>
      </trkpt>
      <trkpt lat="45.9005" lon="7.121">
        <ele>1895</ele>
        <extensions>
          <distance>4436</distance>
        </extensions>
      </trkpt>
      <trkpt lat="45.90054" lon="7.12121">
        <ele>1901</ele>
        <extensions>
          <distance>4453</distance>
        </extensions>
      </trkpt>
      <trkpt lat="45.90046" lon="7.12138">
        <ele>1909</ele>
        <extensions>
          <distance>4471</distance>
        </extensions>
      </trkpt>
      <trkpt lat="45.90037" lon="7.12143">
        <ele>1911</ele>
        <extensions>
          <distance>4482</distance>
        </extensions>
      </trkpt>
      <trkpt lat="45.90031" lon="7.12153">
        <ele>1917</ele>
        <extensions>
          <distance>4494</distance>
        </extensions>
      </trkpt>
      <trkpt lat="45.90026" lon="7.12163">
        <ele>1922</ele>
        <extensions>
          <distance>4504</distance>
        </extensions>
      </trkpt>
      <trkpt lat="45.90025" lon="7.12174">
        <ele>1924</ele>
        <extensions>
          <distance>4513</distance>
        </extensions>
      </trkpt>
      <trkpt lat="45.90016" lon="7.12173">
        <ele>1924</ele>
        <extensions>
          <distance>4523</distance>
        </extensions>
      </trkpt>
      <trkpt lat="45.90005" lon="7.12156">
        <ele>1926</ele>
        <extensions>
          <distance>4541</distance>
        </extensions>
      </trkpt>
      <trkpt lat="45.89991" lon="7.121589999999999">
        <ele>1929</ele>
        <extensions>
          <distance>4557</distance>
        </extensions>
      </trkpt>
      <trkpt lat="45.89977" lon="7.12162">
        <ele>1930</ele>
        <extensions>
          <distance>4573</distance>
        </extensions>
      </trkpt>
      <trkpt lat="45.89973" lon="7.12172">
        <ele>1934</ele>
        <extensions>
          <distance>4583</distance>
        </extensions>
      </trkpt>
      <trkpt lat="45.89975" lon="7.12208">
        <ele>1942</ele>
        <extensions>
          <distance>4612</distance>
        </extensions>
      </trkpt>
      <trkpt lat="45.89982" lon="7.1223">
        <ele>1946</ele>
        <extensions>
          <distance>4631</distance>
        </extensions>
      </trkpt>
      <trkpt lat="45.89981" lon="7.12243">
        <ele>1950</ele>
        <extensions>
          <distance>4642</distance>
        </extensions>
      </trkpt>
      <trkpt lat="45.8997" lon="7.12246">
        <ele>1951</ele>
        <extensions>
          <distance>4654</distance>
        </extensions>
      </trkpt>
      <trkpt lat="45.89962" lon="7.12239">
        <ele>1952</ele>
        <extensions>
          <distance>4665</distance>
        </extensions>
      </trkpt>
      <trkpt lat="45.8994" lon="7.12223">
        <ele>1952</ele>
        <extensions>
          <distance>4692</distance>
        </extensions>
      </trkpt>
      <trkpt lat="45.89931" lon="7.12222">
        <ele>1953</ele>
        <extensions>
          <distance>4702</distance>
        </extensions>
      </trkpt>
      <trkpt lat="45.89913" lon="7.12222">
        <ele>1954</ele>
        <extensions>
          <distance>4722</distance>
        </extensions>
      </trkpt>
      <trkpt lat="45.89895" lon="7.12222">
        <ele>1956</ele>
        <extensions>
          <distance>4742</distance>
        </extensions>
      </trkpt>
      <trkpt lat="45.89886" lon="7.12221">
        <ele>1958</ele>
        <extensions>
          <distance>4752</distance>
        </extensions>
      </trkpt>
      <trkpt lat="45.89866" lon="7.12221">
        <ele>1960</ele>
        <extensions>
          <distance>4775</distance>
        </extensions>
      </trkpt>
      <trkpt lat="45.89846" lon="7.12221">
        <ele>1964</ele>
        <extensions>
          <distance>4797</distance>
        </extensions>
      </trkpt>
      <trkpt lat="45.898325" lon="7.12229">
        <ele>1967</ele>
        <extensions>
          <distance>4814</distance>
        </extensions>
      </trkpt>
      <trkpt lat="45.89819" lon="7.12237">
        <ele>1971</ele>
        <extensions>
          <distance>4831</distance>
        </extensions>
      </trkpt>
      <trkpt lat="45.8981" lon="7.1224">
        <ele>1972</ele>
        <extensions>
          <distance>4841</distance>
        </extensions>
      </trkpt>
      <trkpt lat="45.89788" lon="7.12245">
        <ele>1974</ele>
        <extensions>
          <distance>4866</distance>
        </extensions>
      </trkpt>
      <trkpt lat="45.89766" lon="7.1224525">
        <ele>1975.5</ele>
        <extensions>
          <distance>4890</distance>
        </extensions>
      </trkpt>
      <trkpt lat="45.89744" lon="7.122455">
        <ele>1977</ele>
        <extensions>
          <distance>4915</distance>
        </extensions>
      </trkpt>
      <trkpt lat="45.897220000000004" lon="7.1224575">
        <ele>1979</ele>
        <extensions>
          <distance>4939</distance>
        </extensions>
      </trkpt>
      <trkpt lat="45.897" lon="7.12246">
        <ele>1980</ele>
        <extensions>
          <distance>4964</distance>
        </extensions>
      </trkpt>
      <trkpt lat="45.89682" lon="7.1225">
        <ele>1982</ele>
        <extensions>
          <distance>4984</distance>
        </extensions>
      </trkpt>
      <trkpt lat="45.89673" lon="7.12251">
        <ele>1983</ele>
        <extensions>
          <distance>4994</distance>
        </extensions>
      </trkpt>
      <trkpt lat="45.89662" lon="7.12254">
        <ele>1985</ele>
        <extensions>
          <distance>5007</distance>
        </extensions>
      </trkpt>
      <trkpt lat="45.89637" lon="7.12265">
        <ele>1989</ele>
        <extensions>
          <distance>5036</distance>
        </extensions>
      </trkpt>
      <trkpt lat="45.89628" lon="7.12268">
        <ele>1990</ele>
        <extensions>
          <distance>5046</distance>
        </extensions>
      </trkpt>
      <trkpt lat="45.896119999999996" lon="7.122675">
        <ele>1990</ele>
        <extensions>
          <distance>5064</distance>
        </extensions>
      </trkpt>
      <trkpt lat="45.89596" lon="7.12267">
        <ele>1991</ele>
        <extensions>
          <distance>5082</distance>
        </extensions>
      </trkpt>
      <trkpt lat="45.8959" lon="7.12271">
        <ele>1992</ele>
        <extensions>
          <distance>5089</distance>
        </extensions>
      </trkpt>
      <trkpt lat="45.89591" lon="7.12283">
        <ele>1994</ele>
        <extensions>
          <distance>5099</distance>
        </extensions>
      </trkpt>
      <trkpt lat="45.89597" lon="7.12292">
        <ele>1998</ele>
        <extensions>
          <distance>5109</distance>
        </extensions>
      </trkpt>
      <trkpt lat="45.89621" lon="7.12308">
        <ele>2002</ele>
        <extensions>
          <distance>5139</distance>
        </extensions>
      </trkpt>
      <trkpt lat="45.896425" lon="7.12318">
        <ele>2003</ele>
        <extensions>
          <distance>5164</distance>
        </extensions>
      </trkpt>
      <trkpt lat="45.89664" lon="7.12328">
        <ele>2005</ele>
        <extensions>
          <distance>5189</distance>
        </extensions>
      </trkpt>
      <trkpt lat="45.89654" lon="7.12343">
        <ele>2010</ele>
        <extensions>
          <distance>5206</distance>
        </extensions>
      </trkpt>
      <trkpt lat="45.89636" lon="7.12354">
        <ele>2014</ele>
        <extensions>
          <distance>5228</distance>
        </extensions>
      </trkpt>
      <trkpt lat="45.89618" lon="7.12365">
        <ele>2018</ele>
        <extensions>
          <distance>5251</distance>
        </extensions>
      </trkpt>
      <trkpt lat="45.895965000000004" lon="7.1237449999999995">
        <ele>2022</ele>
        <extensions>
          <distance>5276</distance>
        </extensions>
      </trkpt>
      <trkpt lat="45.89575" lon="7.12384">
        <ele>2024</ele>
        <extensions>
          <distance>5301</distance>
        </extensions>
      </trkpt>
      <trkpt lat="45.89566" lon="7.12387">
        <ele>2026</ele>
        <extensions>
          <distance>5311</distance>
        </extensions>
      </trkpt>
      <trkpt lat="45.89552" lon="7.12394">
        <ele>2029</ele>
        <extensions>
          <distance>5328</distance>
        </extensions>
      </trkpt>
      <trkpt lat="45.89528" lon="7.12396">
        <ele>2031</ele>
        <extensions>
          <distance>5355</distance>
        </extensions>
      </trkpt>
      <trkpt lat="45.89515" lon="7.12392">
        <ele>2032</ele>
        <extensions>
          <distance>5370</distance>
        </extensions>
      </trkpt>
      <trkpt lat="45.895005" lon="7.123950000000001">
        <ele>2033</ele>
        <extensions>
          <distance>5386</distance>
        </extensions>
      </trkpt>
      <trkpt lat="45.89486" lon="7.12398">
        <ele>2034</ele>
        <extensions>
          <distance>5402</distance>
        </extensions>
      </trkpt>
      <trkpt lat="45.894662499999995" lon="7.12397">
        <ele>2034</ele>
        <extensions>
          <distance>5424</distance>
        </extensions>
      </trkpt>
      <trkpt lat="45.894465" lon="7.12396">
        <ele>2035</ele>
        <extensions>
          <distance>5446</distance>
        </extensions>
      </trkpt>
      <trkpt lat="45.8942675" lon="7.123950000000001">
        <ele>2037</ele>
        <extensions>
          <distance>5468</distance>
        </extensions>
      </trkpt>
      <trkpt lat="45.89407" lon="7.12394">
        <ele>2037</ele>
        <extensions>
          <distance>5490</distance>
        </extensions>
      </trkpt>
      <trkpt lat="45.894" lon="7.12398">
        <ele>2037</ele>
        <extensions>
          <distance>5499</distance>
        </extensions>
      </trkpt>
      <trkpt lat="45.89395" lon="7.12411">
        <ele>2041</ele>
        <extensions>
          <distance>5510</distance>
        </extensions>
      </trkpt>
      <trkpt lat="45.89378" lon="7.12429">
        <ele>2047</ele>
        <extensions>
          <distance>5535</distance>
        </extensions>
      </trkpt>
      <trkpt lat="45.89361" lon="7.12447">
        <ele>2054</ele>
        <extensions>
          <distance>5559</distance>
        </extensions>
      </trkpt>
      <trkpt lat="45.89354" lon="7.12458">
        <ele>2055</ele>
        <extensions>
          <distance>5571</distance>
        </extensions>
      </trkpt>
      <trkpt lat="45.89354" lon="7.12469">
        <ele>2059</ele>
        <extensions>
          <distance>5580</distance>
        </extensions>
      </trkpt>
      <trkpt lat="45.893744999999996" lon="7.1247799999999994">
        <ele>2063</ele>
        <extensions>
          <distance>5604</distance>
        </extensions>
      </trkpt>
      <trkpt lat="45.89395" lon="7.12487">
        <ele>2068</ele>
        <extensions>
          <distance>5628</distance>
        </extensions>
      </trkpt>
      <trkpt lat="45.89402" lon="7.12495">
        <ele>2071</ele>
        <extensions>
          <distance>5639</distance>
        </extensions>
      </trkpt>
      <trkpt lat="45.89417" lon="7.12509">
        <ele>2078</ele>
        <extensions>
          <distance>5660</distance>
        </extensions>
      </trkpt>
      <trkpt lat="45.89415" lon="7.12523">
        <ele>2083</ele>
        <extensions>
          <distance>5672</distance>
        </extensions>
      </trkpt>
      <trkpt lat="45.89401" lon="7.12532">
        <ele>2085</ele>
        <extensions>
          <distance>5689</distance>
        </extensions>
      </trkpt>
      <trkpt lat="45.89395" lon="7.12543">
        <ele>2088</ele>
        <extensions>
          <distance>5700</distance>
        </extensions>
      </trkpt>
      <trkpt lat="45.89387" lon="7.12544">
        <ele>2090</ele>
        <extensions>
          <distance>5709</distance>
        </extensions>
      </trkpt>
      <trkpt lat="45.89374" lon="7.12557">
        <ele>2092</ele>
        <extensions>
          <distance>5727</distance>
        </extensions>
      </trkpt>
      <trkpt lat="45.89368" lon="7.1257">
        <ele>2097</ele>
        <extensions>
          <distance>5740</distance>
        </extensions>
      </trkpt>
      <trkpt lat="45.89367" lon="7.12581">
        <ele>2101</ele>
        <extensions>
          <distance>5750</distance>
        </extensions>
      </trkpt>
      <trkpt lat="45.89347" lon="7.12606">
        <ele>2106</ele>
        <extensions>
          <distance>5780</distance>
        </extensions>
      </trkpt>
      <trkpt lat="45.89342" lon="7.12617">
        <ele>2109</ele>
        <extensions>
          <distance>5790</distance>
        </extensions>
      </trkpt>
      <trkpt lat="45.89334" lon="7.12638">
        <ele>2114</ele>
        <extensions>
          <distance>5810</distance>
        </extensions>
      </trkpt>
      <trkpt lat="45.89325" lon="7.126665">
        <ele>2122</ele>
        <extensions>
          <distance>5835</distance>
        </extensions>
      </trkpt>
      <trkpt lat="45.89316" lon="7.12695">
        <ele>2126</ele>
        <extensions>
          <distance>5860</distance>
        </extensions>
      </trkpt>
      <trkpt lat="45.89308" lon="7.12703">
        <ele>2127</ele>
        <extensions>
          <distance>5871</distance>
        </extensions>
      </trkpt>
      <trkpt lat="45.89295" lon="7.12726">
        <ele>2130</ele>
        <extensions>
          <distance>5894</distance>
        </extensions>
      </trkpt>
      <trkpt lat="45.89286" lon="7.12745">
        <ele>2133</ele>
        <extensions>
          <distance>5912</distance>
        </extensions>
      </trkpt>
      <trkpt lat="45.89277" lon="7.12764">
        <ele>2136</ele>
        <extensions>
          <distance>5930</distance>
        </extensions>
      </trkpt>
      <trkpt lat="45.89257" lon="7.12777">
        <ele>2137</ele>
        <extensions>
          <distance>5954</distance>
        </extensions>
      </trkpt>
      <trkpt lat="45.8925" lon="7.12788">
        <ele>2137</ele>
        <extensions>
          <distance>5966</distance>
        </extensions>
      </trkpt>
      <trkpt lat="45.89243" lon="7.128080000000001">
        <ele>2138</ele>
        <extensions>
          <distance>5983</distance>
        </extensions>
      </trkpt>
      <trkpt lat="45.89236" lon="7.12828">
        <ele>2139</ele>
        <extensions>
          <distance>6001</distance>
        </extensions>
      </trkpt>
      <trkpt lat="45.892255" lon="7.12845">
        <ele>2140</ele>
        <extensions>
          <distance>6018</distance>
        </extensions>
      </trkpt>
      <trkpt lat="45.89215" lon="7.12862">
        <ele>2140</ele>
        <extensions>
          <distance>6036</distance>
        </extensions>
      </trkpt>
      <trkpt lat="45.892179999999996" lon="7.128895">
        <ele>2145</ele>
        <extensions>
          <distance>6058</distance>
        </extensions>
      </trkpt>
      <trkpt lat="45.89221" lon="7.12917">
        <ele>2150</ele>
        <extensions>
          <distance>6080</distance>
        </extensions>
      </trkpt>
      <trkpt lat="45.89216" lon="7.1293">
        <ele>2152</ele>
        <extensions>
          <distance>6092</distance>
        </extensions>
      </trkpt>
      <trkpt lat="45.89214" lon="7.12957">
        <ele>2162</ele>
        <extensions>
          <distance>6115</distance>
        </extensions>
      </trkpt>
      <trkpt lat="45.89205" lon="7.12986">
        <ele>2167</ele>
        <extensions>
          <distance>6140</distance>
        </extensions>
      </trkpt>
      <trkpt lat="45.89197" lon="7.13">
        <ele>2171</ele>
        <extensions>
          <distance>6154</distance>
        </extensions>
      </trkpt>
      <trkpt lat="45.891845" lon="7.13012">
        <ele>2173</ele>
        <extensions>
          <distance>6171</distance>
        </extensions>
      </trkpt>
      <trkpt lat="45.89172" lon="7.13024">
        <ele>2175</ele>
        <extensions>
          <distance>6188</distance>
        </extensions>
      </trkpt>
      <trkpt lat="45.89163" lon="7.13024">
        <ele>2176</ele>
        <extensions>
          <distance>6198</distance>
        </extensions>
      </trkpt>
      <trkpt lat="45.89154" lon="7.13034">
        <ele>2177</ele>
        <extensions>
          <distance>6211</distance>
        </extensions>
      </trkpt>
      <trkpt lat="45.89134" lon="7.13044">
        <ele>2177</ele>
        <extensions>
          <distance>6234</distance>
        </extensions>
      </trkpt>
      <trkpt lat="45.89113" lon="7.13045">
        <ele>2178</ele>
        <extensions>
          <distance>6258</distance>
        </extensions>
      </trkpt>
      <trkpt lat="45.89107" lon="7.13036">
        <ele>2182</ele>
        <extensions>
          <distance>6268</distance>
        </extensions>
      </trkpt>
      <trkpt lat="45.89096" lon="7.13038">
        <ele>2182</ele>
        <extensions>
          <distance>6281</distance>
        </extensions>
      </trkpt>
      <trkpt lat="45.8908" lon="7.13055">
        <ele>2182</ele>
        <extensions>
          <distance>6303</distance>
        </extensions>
      </trkpt>
      <trkpt lat="45.89064" lon="7.13064">
        <ele>2182</ele>
        <extensions>
          <distance>6322</distance>
        </extensions>
      </trkpt>
      <trkpt lat="45.89057" lon="7.13074">
        <ele>2185</ele>
        <extensions>
          <distance>6333</distance>
        </extensions>
      </trkpt>
      <trkpt lat="45.89047" lon="7.13078">
        <ele>2187</ele>
        <extensions>
          <distance>6344</distance>
        </extensions>
      </trkpt>
      <trkpt lat="45.890365" lon="7.130955">
        <ele>2193</ele>
        <extensions>
          <distance>6363</distance>
        </extensions>
      </trkpt>
      <trkpt lat="45.89026" lon="7.13113">
        <ele>2193</ele>
        <extensions>
          <distance>6381</distance>
        </extensions>
      </trkpt>
      <trkpt lat="45.890185" lon="7.1313125">
        <ele>2197</ele>
        <extensions>
          <distance>6398</distance>
        </extensions>
      </trkpt>
      <trkpt lat="45.89011" lon="7.131494999999999">
        <ele>2202</ele>
        <extensions>
          <distance>6415</distance>
        </extensions>
      </trkpt>
      <trkpt lat="45.890035" lon="7.1316774999999994">
        <ele>2206</ele>
        <extensions>
          <distance>6432</distance>
        </extensions>
      </trkpt>
      <trkpt lat="45.88996" lon="7.13186">
        <ele>2206</ele>
        <extensions>
          <distance>6449</distance>
        </extensions>
      </trkpt>
      <trkpt lat="45.89005" lon="7.13199">
        <ele>2215</ele>
        <extensions>
          <distance>6464</distance>
        </extensions>
      </trkpt>
      <trkpt lat="45.89005" lon="7.13213">
        <ele>2219</ele>
        <extensions>
          <distance>6476</distance>
        </extensions>
      </trkpt>
      <trkpt lat="45.89011" lon="7.13226">
        <ele>2227</ele>
        <extensions>
          <distance>6490</distance>
        </extensions>
      </trkpt>
      <trkpt lat="45.89019" lon="7.13219">
        <ele>2227</ele>
        <extensions>
          <distance>6501</distance>
        </extensions>
      </trkpt>
      <trkpt lat="45.89028" lon="7.13209">
        <ele>2231</ele>
        <extensions>
          <distance>6514</distance>
        </extensions>
      </trkpt>
      <trkpt lat="45.89051499999999" lon="7.1320049999999995">
        <ele>2237</ele>
        <extensions>
          <distance>6541</distance>
        </extensions>
      </trkpt>
      <trkpt lat="45.89075" lon="7.13192">
        <ele>2247</ele>
        <extensions>
          <distance>6570</distance>
        </extensions>
      </trkpt>
      <trkpt lat="45.8908" lon="7.13203">
        <ele>2253</ele>
        <extensions>
          <distance>6582</distance>
        </extensions>
      </trkpt>
      <trkpt lat="45.89075" lon="7.13221">
        <ele>2253</ele>
        <extensions>
          <distance>6597</distance>
        </extensions>
      </trkpt>
      <trkpt lat="45.89076" lon="7.13228">
        <ele>2256</ele>
        <extensions>
          <distance>6602</distance>
        </extensions>
      </trkpt>
      <trkpt lat="45.89096" lon="7.132289999999999">
        <ele>2263</ele>
        <extensions>
          <distance>6626</distance>
        </extensions>
      </trkpt>
      <trkpt lat="45.89116" lon="7.1323">
        <ele>2270</ele>
        <extensions>
          <distance>6649</distance>
        </extensions>
      </trkpt>
      <trkpt lat="45.8913" lon="7.132334999999999">
        <ele>2277</ele>
        <extensions>
          <distance>6666</distance>
        </extensions>
      </trkpt>
      <trkpt lat="45.89144" lon="7.13237">
        <ele>2284</ele>
        <extensions>
          <distance>6684</distance>
        </extensions>
      </trkpt>
      <trkpt lat="45.89151" lon="7.13234">
        <ele>2286</ele>
        <extensions>
          <distance>6692</distance>
        </extensions>
      </trkpt>
      <trkpt lat="45.89157" lon="7.1324">
        <ele>2290</ele>
        <extensions>
          <distance>6701</distance>
        </extensions>
      </trkpt>
      <trkpt lat="45.89182" lon="7.13246">
        <ele>2299</ele>
        <extensions>
          <distance>6731</distance>
        </extensions>
      </trkpt>
      <trkpt lat="45.89191" lon="7.13255">
        <ele>2306</ele>
        <extensions>
          <distance>6745</distance>
        </extensions>
      </trkpt>
      <trkpt lat="45.89174" lon="7.1326925">
        <ele>2306</ele>
        <extensions>
          <distance>6767</distance>
        </extensions>
      </trkpt>
      <trkpt lat="45.89157" lon="7.132835">
        <ele>2306</ele>
        <extensions>
          <distance>6788</distance>
        </extensions>
      </trkpt>
      <trkpt lat="45.891400000000004" lon="7.1329775">
        <ele>2307</ele>
        <extensions>
          <distance>6810</distance>
        </extensions>
      </trkpt>
      <trkpt lat="45.89123" lon="7.13312">
        <ele>2309</ele>
        <extensions>
          <distance>6832</distance>
        </extensions>
      </trkpt>
      <trkpt lat="45.891155" lon="7.133335">
        <ele>2309</ele>
        <extensions>
          <distance>6851</distance>
        </extensions>
      </trkpt>
      <trkpt lat="45.89108" lon="7.13355">
        <ele>2310</ele>
        <extensions>
          <distance>6870</distance>
        </extensions>
      </trkpt>
      <trkpt lat="45.891095" lon="7.13378">
        <ele>2323</ele>
        <extensions>
          <distance>6889</distance>
        </extensions>
      </trkpt>
      <trkpt lat="45.89111" lon="7.13401">
        <ele>2330</ele>
        <extensions>
          <distance>6908</distance>
        </extensions>
      </trkpt>
      <trkpt lat="45.891035" lon="7.134315">
        <ele>2337</ele>
        <extensions>
          <distance>6935</distance>
        </extensions>
      </trkpt>
      <trkpt lat="45.89096" lon="7.13462">
        <ele>2338</ele>
        <extensions>
          <distance>6960</distance>
        </extensions>
      </trkpt>
      <trkpt lat="45.890985" lon="7.134875">
        <ele>2348</ele>
        <extensions>
          <distance>6981</distance>
        </extensions>
      </trkpt>
      <trkpt lat="45.89101" lon="7.13513">
        <ele>2358</ele>
        <extensions>
          <distance>7003</distance>
        </extensions>
      </trkpt>
      <trkpt lat="45.891005" lon="7.13536">
        <ele>2367</ele>
        <extensions>
          <distance>7023</distance>
        </extensions>
      </trkpt>
      <trkpt lat="45.891" lon="7.13559">
        <ele>2368</ele>
        <extensions>
          <distance>7041</distance>
        </extensions>
      </trkpt>
      <trkpt lat="45.89094" lon="7.13567">
        <ele>2368</ele>
        <extensions>
          <distance>7050</distance>
        </extensions>
      </trkpt>
      <trkpt lat="45.89077" lon="7.13566">
        <ele>2368</ele>
        <extensions>
          <distance>7069</distance>
        </extensions>
      </trkpt>
      <trkpt lat="45.89066" lon="7.135815">
        <ele>2368</ele>
        <extensions>
          <distance>7086</distance>
        </extensions>
      </trkpt>
      <trkpt lat="45.89055" lon="7.13597">
        <ele>2368</ele>
        <extensions>
          <distance>7103</distance>
        </extensions>
      </trkpt>
      <trkpt lat="45.890395" lon="7.13595">
        <ele>2368</ele>
        <extensions>
          <distance>7121</distance>
        </extensions>
      </trkpt>
      <trkpt lat="45.89024" lon="7.13593">
        <ele>2368</ele>
        <extensions>
          <distance>7138</distance>
        </extensions>
      </trkpt>
      <trkpt lat="45.89018" lon="7.13598">
        <ele>2370</ele>
        <extensions>
          <distance>7146</distance>
        </extensions>
      </trkpt>
      <trkpt lat="45.89025" lon="7.13611">
        <ele>2370</ele>
        <extensions>
          <distance>7159</distance>
        </extensions>
      </trkpt>
      <trkpt lat="45.8904" lon="7.13621">
        <ele>2377</ele>
        <extensions>
          <distance>7178</distance>
        </extensions>
      </trkpt>
      <trkpt lat="45.89055" lon="7.13631">
        <ele>2387</ele>
        <extensions>
          <distance>7199</distance>
        </extensions>
      </trkpt>
      <trkpt lat="45.890815" lon="7.136285">
        <ele>2393</ele>
        <extensions>
          <distance>7229</distance>
        </extensions>
      </trkpt>
      <trkpt lat="45.89108" lon="7.13626">
        <ele>2401</ele>
        <extensions>
          <distance>7259</distance>
        </extensions>
      </trkpt>
      <trkpt lat="45.89112" lon="7.13633">
        <ele>2403</ele>
        <extensions>
          <distance>7266</distance>
        </extensions>
      </trkpt>
      <trkpt lat="45.89103" lon="7.1365300000000005">
        <ele>2403</ele>
        <extensions>
          <distance>7285</distance>
        </extensions>
      </trkpt>
      <trkpt lat="45.89094" lon="7.13673">
        <ele>2403</ele>
        <extensions>
          <distance>7303</distance>
        </extensions>
      </trkpt>
      <trkpt lat="45.890715" lon="7.13669">
        <ele>2403</ele>
        <extensions>
          <distance>7329</distance>
        </extensions>
      </trkpt>
      <trkpt lat="45.89049" lon="7.13665">
        <ele>2402</ele>
        <extensions>
          <distance>7354</distance>
        </extensions>
      </trkpt>
      <trkpt lat="45.89029" lon="7.13671">
        <ele>2402</ele>
        <extensions>
          <distance>7376</distance>
        </extensions>
      </trkpt>
      <trkpt lat="45.89021" lon="7.13683">
        <ele>2402</ele>
        <extensions>
          <distance>7389</distance>
        </extensions>
      </trkpt>
      <trkpt lat="45.89025" lon="7.13692">
        <ele>2402</ele>
        <extensions>
          <distance>7398</distance>
        </extensions>
      </trkpt>
      <trkpt lat="45.89034" lon="7.137">
        <ele>2406</ele>
        <extensions>
          <distance>7409</distance>
        </extensions>
      </trkpt>
      <trkpt lat="45.8903" lon="7.13704">
        <ele>2408</ele>
        <extensions>
          <distance>7415</distance>
        </extensions>
      </trkpt>
      <trkpt lat="45.89038" lon="7.13728">
        <ele>2417</ele>
        <extensions>
          <distance>7438</distance>
        </extensions>
      </trkpt>
      <trkpt lat="45.890425" lon="7.13749">
        <ele>2428</ele>
        <extensions>
          <distance>7458</distance>
        </extensions>
      </trkpt>
      <trkpt lat="45.89047" lon="7.1377">
        <ele>2436</ele>
        <extensions>
          <distance>7477</distance>
        </extensions>
      </trkpt>
      <trkpt lat="45.89041" lon="7.13775">
        <ele>2438</ele>
        <extensions>
          <distance>7485</distance>
        </extensions>
      </trkpt>
      <trkpt lat="45.89038" lon="7.13786">
        <ele>2443</ele>
        <extensions>
          <distance>7495</distance>
        </extensions>
      </trkpt>
      <trkpt lat="45.890254999999996" lon="7.138005">
        <ele>2447</ele>
        <extensions>
          <distance>7513</distance>
        </extensions>
      </trkpt>
      <trkpt lat="45.89013" lon="7.13815">
        <ele>2451</ele>
        <extensions>
          <distance>7532</distance>
        </extensions>
      </trkpt>
      <trkpt lat="45.88997" lon="7.13825">
        <ele>2457</ele>
        <extensions>
          <distance>7552</distance>
        </extensions>
      </trkpt>
      <trkpt lat="45.88985" lon="7.13838">
        <ele>2462</ele>
        <extensions>
          <distance>7570</distance>
        </extensions>
      </trkpt>
      <trkpt lat="45.88977" lon="7.13841">
        <ele>2464</ele>
        <extensions>
          <distance>7579</distance>
        </extensions>
      </trkpt>
      <trkpt lat="45.8897" lon="7.138585000000001">
        <ele>2466</ele>
        <extensions>
          <distance>7595</distance>
        </extensions>
      </trkpt>
      <trkpt lat="45.88963" lon="7.13876">
        <ele>2468</ele>
        <extensions>
          <distance>7610</distance>
        </extensions>
      </trkpt>
      <trkpt lat="45.88949" lon="7.13894">
        <ele>2469</ele>
        <extensions>
          <distance>7631</distance>
        </extensions>
      </trkpt>
      <trkpt lat="45.88942" lon="7.13896">
        <ele>2469</ele>
        <extensions>
          <distance>7639</distance>
        </extensions>
      </trkpt>
      <trkpt lat="45.88937" lon="7.13903">
        <ele>2469</ele>
        <extensions>
          <distance>7647</distance>
        </extensions>
      </trkpt>
      <trkpt lat="45.88919" lon="7.13907">
        <ele>2469</ele>
        <extensions>
          <distance>7667</distance>
        </extensions>
      </trkpt>
      <trkpt lat="45.88913" lon="7.13912">
        <ele>2468</ele>
        <extensions>
          <distance>7675</distance>
        </extensions>
      </trkpt>
      <trkpt lat="45.888985000000005" lon="7.13913">
        <ele>2467</ele>
        <extensions>
          <distance>7691</distance>
        </extensions>
      </trkpt>
      <trkpt lat="45.88884" lon="7.13914">
        <ele>2464</ele>
        <extensions>
          <distance>7708</distance>
        </extensions>
      </trkpt>
      <trkpt lat="45.88858" lon="7.13924">
        <ele>2463</ele>
        <extensions>
          <distance>7737</distance>
        </extensions>
      </trkpt>
      <trkpt lat="45.88848" lon="7.13923">
        <ele>2463</ele>
        <extensions>
          <distance>7749</distance>
        </extensions>
      </trkpt>
      <trkpt lat="45.88841" lon="7.13916">
        <ele>2463</ele>
        <extensions>
          <distance>7758</distance>
        </extensions>
      </trkpt>
      <trkpt lat="45.88826" lon="7.13895">
        <ele>2463</ele>
        <extensions>
          <distance>7781</distance>
        </extensions>
      </trkpt>
      <trkpt lat="45.88806" lon="7.13893">
        <ele>2463</ele>
        <extensions>
          <distance>7804</distance>
        </extensions>
      </trkpt>
      <trkpt lat="45.88794" lon="7.13899">
        <ele>2463</ele>
        <extensions>
          <distance>7818</distance>
        </extensions>
      </trkpt>
      <trkpt lat="45.88781" lon="7.13931">
        <ele>2466</ele>
        <extensions>
          <distance>7847</distance>
        </extensions>
      </trkpt>
      <trkpt lat="45.8878" lon="7.13942">
        <ele>2468</ele>
        <extensions>
          <distance>7855</distance>
        </extensions>
      </trkpt>
      <trkpt lat="45.88789" lon="7.13966">
        <ele>2468</ele>
        <extensions>
          <distance>7876</distance>
        </extensions>
      </trkpt>
      <trkpt lat="45.8879" lon="7.13978">
        <ele>2468</ele>
        <extensions>
          <distance>7886</distance>
        </extensions>
      </trkpt>
      <trkpt lat="45.8879" lon="7.13987">
        <ele>2469</ele>
        <extensions>
          <distance>7893</distance>
        </extensions>
      </trkpt>
      <trkpt lat="45.88783" lon="7.14009">
        <ele>2470</ele>
        <extensions>
          <distance>7911</distance>
        </extensions>
      </trkpt>
      <trkpt lat="45.88772" lon="7.14023">
        <ele>2471</ele>
        <extensions>
          <distance>7928</distance>
        </extensions>
      </trkpt>
      <trkpt lat="45.88761" lon="7.14037">
        <ele>2471</ele>
        <extensions>
          <distance>7944</distance>
        </extensions>
      </trkpt>
      <trkpt lat="45.88736" lon="7.14048">
        <ele>2473</ele>
        <extensions>
          <distance>7973</distance>
        </extensions>
      </trkpt>
      <trkpt lat="45.8873" lon="7.14057">
        <ele>2474</ele>
        <extensions>
          <distance>7983</distance>
        </extensions>
      </trkpt>
      <trkpt lat="45.88721" lon="7.14084">
        <ele>2474</ele>
        <extensions>
          <distance>8006</distance>
        </extensions>
      </trkpt>
      <trkpt lat="45.886995" lon="7.140955">
        <ele>2476</ele>
        <extensions>
          <distance>8032</distance>
        </extensions>
      </trkpt>
      <trkpt lat="45.88678" lon="7.14107">
        <ele>2479</ele>
        <extensions>
          <distance>8057</distance>
        </extensions>
      </trkpt>
      <trkpt lat="45.88664" lon="7.1410800000000005">
        <ele>2482</ele>
        <extensions>
          <distance>8073</distance>
        </extensions>
      </trkpt>
      <trkpt lat="45.8865" lon="7.14109">
        <ele>2484</ele>
        <extensions>
          <distance>8089</distance>
        </extensions>
      </trkpt>
      <trkpt lat="45.88631" lon="7.14102">
        <ele>2487</ele>
        <extensions>
          <distance>8111</distance>
        </extensions>
      </trkpt>
      <trkpt lat="45.88606" lon="7.14106">
        <ele>2490</ele>
        <extensions>
          <distance>8139</distance>
        </extensions>
      </trkpt>
      <trkpt lat="45.885945" lon="7.141170000000001">
        <ele>2491</ele>
        <extensions>
          <distance>8155</distance>
        </extensions>
      </trkpt>
      <trkpt lat="45.88583" lon="7.14128">
        <ele>2492</ele>
        <extensions>
          <distance>8170</distance>
        </extensions>
      </trkpt>
      <trkpt lat="45.885675" lon="7.141325">
        <ele>2495</ele>
        <extensions>
          <distance>8188</distance>
        </extensions>
      </trkpt>
      <trkpt lat="45.88552" lon="7.14137">
        <ele>2496</ele>
        <extensions>
          <distance>8205</distance>
        </extensions>
      </trkpt>
      <trkpt lat="45.8853" lon="7.14149">
        <ele>2499</ele>
        <extensions>
          <distance>8232</distance>
        </extensions>
      </trkpt>
      <trkpt lat="45.88521" lon="7.14148">
        <ele>2500</ele>
        <extensions>
          <distance>8242</distance>
        </extensions>
      </trkpt>
      <trkpt lat="45.88505" lon="7.14148">
        <ele>2502</ele>
        <extensions>
          <distance>8260</distance>
        </extensions>
      </trkpt>
      <trkpt lat="45.88489" lon="7.14148">
        <ele>2503</ele>
        <extensions>
          <distance>8277</distance>
        </extensions>
      </trkpt>
      <trkpt lat="45.884767499999995" lon="7.141595">
        <ele>2503</ele>
        <extensions>
          <distance>8294</distance>
        </extensions>
      </trkpt>
      <trkpt lat="45.884645" lon="7.14171">
        <ele>2504</ele>
        <extensions>
          <distance>8310</distance>
        </extensions>
      </trkpt>
      <trkpt lat="45.8845225" lon="7.141825">
        <ele>2505</ele>
        <extensions>
          <distance>8326</distance>
        </extensions>
      </trkpt>
      <trkpt lat="45.8844" lon="7.14194">
        <ele>2506</ele>
        <extensions>
          <distance>8343</distance>
        </extensions>
      </trkpt>
      <trkpt lat="45.88429" lon="7.14213">
        <ele>2509</ele>
        <extensions>
          <distance>8362</distance>
        </extensions>
      </trkpt>
      <trkpt lat="45.88418" lon="7.14232">
        <ele>2511</ele>
        <extensions>
          <distance>8381</distance>
        </extensions>
      </trkpt>
      <trkpt lat="45.88402" lon="7.14249">
        <ele>2513</ele>
        <extensions>
          <distance>8404</distance>
        </extensions>
      </trkpt>
      <trkpt lat="45.883925000000005" lon="7.142645">
        <ele>2515</ele>
        <extensions>
          <distance>8420</distance>
        </extensions>
      </trkpt>
      <trkpt lat="45.88383" lon="7.1428">
        <ele>2518</ele>
        <extensions>
          <distance>8436</distance>
        </extensions>
      </trkpt>
      <trkpt lat="45.88363" lon="7.143000000000001">
        <ele>2521</ele>
        <extensions>
          <distance>8463</distance>
        </extensions>
      </trkpt>
      <trkpt lat="45.88343" lon="7.1432">
        <ele>2525</ele>
        <extensions>
          <distance>8491</distance>
        </extensions>
      </trkpt>
      <trkpt lat="45.8832" lon="7.14333">
        <ele>2528</ele>
        <extensions>
          <distance>8518</distance>
        </extensions>
      </trkpt>
      <trkpt lat="45.883055" lon="7.143515">
        <ele>2530</ele>
        <extensions>
          <distance>8540</distance>
        </extensions>
      </trkpt>
      <trkpt lat="45.88291" lon="7.1437">
        <ele>2532</ele>
        <extensions>
          <distance>8562</distance>
        </extensions>
      </trkpt>
      <trkpt lat="45.88283" lon="7.14374">
        <ele>2533</ele>
        <extensions>
          <distance>8571</distance>
        </extensions>
      </trkpt>
      <trkpt lat="45.882575" lon="7.143805">
        <ele>2538</ele>
        <extensions>
          <distance>8600</distance>
        </extensions>
      </trkpt>
      <trkpt lat="45.88232" lon="7.14387">
        <ele>2546</ele>
        <extensions>
          <distance>8630</distance>
        </extensions>
      </trkpt>
      <trkpt lat="45.88209" lon="7.1438">
        <ele>2554</ele>
        <extensions>
          <distance>8658</distance>
        </extensions>
      </trkpt>
      <trkpt lat="45.88195" lon="7.14382">
        <ele>2558</ele>
        <extensions>
          <distance>8674</distance>
        </extensions>
      </trkpt>
      <trkpt lat="45.88173" lon="7.14373">
        <ele>2567</ele>
        <extensions>
          <distance>8701</distance>
        </extensions>
      </trkpt>
      <trkpt lat="45.88153" lon="7.143739999999999">
        <ele>2572</ele>
        <extensions>
          <distance>8723</distance>
        </extensions>
      </trkpt>
      <trkpt lat="45.88133" lon="7.14375">
        <ele>2578</ele>
        <extensions>
          <distance>8746</distance>
        </extensions>
      </trkpt>
      <trkpt lat="45.88111" lon="7.14384">
        <ele>2582</ele>
        <extensions>
          <distance>8772</distance>
        </extensions>
      </trkpt>
      <trkpt lat="45.88105" lon="7.14393">
        <ele>2584</ele>
        <extensions>
          <distance>8782</distance>
        </extensions>
      </trkpt>
      <trkpt lat="45.88092" lon="7.14409">
        <ele>2587</ele>
        <extensions>
          <distance>8801</distance>
        </extensions>
      </trkpt>
      <trkpt lat="45.880685" lon="7.144145">
        <ele>2591</ele>
        <extensions>
          <distance>8828</distance>
        </extensions>
      </trkpt>
      <trkpt lat="45.88045" lon="7.1442">
        <ele>2595</ele>
        <extensions>
          <distance>8855</distance>
        </extensions>
      </trkpt>
      <trkpt lat="45.88036" lon="7.14421">
        <ele>2596</ele>
        <extensions>
          <distance>8865</distance>
        </extensions>
      </trkpt>
      <trkpt lat="45.880135" lon="7.144215000000001">
        <ele>2600</ele>
        <extensions>
          <distance>8890</distance>
        </extensions>
      </trkpt>
      <trkpt lat="45.87991" lon="7.144220000000001">
        <ele>2604</ele>
        <extensions>
          <distance>8916</distance>
        </extensions>
      </trkpt>
      <trkpt lat="45.879685" lon="7.1442250000000005">
        <ele>2607</ele>
        <extensions>
          <distance>8941</distance>
        </extensions>
      </trkpt>
      <trkpt lat="45.87946" lon="7.14423">
        <ele>2613</ele>
        <extensions>
          <distance>8967</distance>
        </extensions>
      </trkpt>
      <trkpt lat="45.8794" lon="7.14424">
        <ele>2614</ele>
        <extensions>
          <distance>8973</distance>
        </extensions>
      </trkpt>
      <trkpt lat="45.87916" lon="7.14416">
        <ele>2619</ele>
        <extensions>
          <distance>9001</distance>
        </extensions>
      </trkpt>
      <trkpt lat="45.87895" lon="7.14429">
        <ele>2624</ele>
        <extensions>
          <distance>9027</distance>
        </extensions>
      </trkpt>
      <trkpt lat="45.87886" lon="7.14426">
        <ele>2626</ele>
        <extensions>
          <distance>9037</distance>
        </extensions>
      </trkpt>
      <trkpt lat="45.87879" lon="7.1443">
        <ele>2628</ele>
        <extensions>
          <distance>9046</distance>
        </extensions>
      </trkpt>
      <trkpt lat="45.878655" lon="7.144285">
        <ele>2632</ele>
        <extensions>
          <distance>9062</distance>
        </extensions>
      </trkpt>
      <trkpt lat="45.87852" lon="7.14427">
        <ele>2634</ele>
        <extensions>
          <distance>9077</distance>
        </extensions>
      </trkpt>
      <trkpt lat="45.87845" lon="7.14425">
        <ele>2635</ele>
        <extensions>
          <distance>9085</distance>
        </extensions>
      </trkpt>
      <trkpt lat="45.87836" lon="7.14429">
        <ele>2637</ele>
        <extensions>
          <distance>9095</distance>
        </extensions>
      </trkpt>
      <trkpt lat="45.8783" lon="7.14425">
        <ele>2638</ele>
        <extensions>
          <distance>9103</distance>
        </extensions>
      </trkpt>
      <trkpt lat="45.87805" lon="7.14429">
        <ele>2644</ele>
        <extensions>
          <distance>9132</distance>
        </extensions>
      </trkpt>
      <trkpt lat="45.877895" lon="7.1442499999999995">
        <ele>2648</ele>
        <extensions>
          <distance>9150</distance>
        </extensions>
      </trkpt>
      <trkpt lat="45.87774" lon="7.14421">
        <ele>2653</ele>
        <extensions>
          <distance>9168</distance>
        </extensions>
      </trkpt>
      <trkpt lat="45.87765" lon="7.14423">
        <ele>2656</ele>
        <extensions>
          <distance>9178</distance>
        </extensions>
      </trkpt>
      <trkpt lat="45.87759" lon="7.14425">
        <ele>2657</ele>
        <extensions>
          <distance>9185</distance>
        </extensions>
      </trkpt>
      <trkpt lat="45.87743" lon="7.14444">
        <ele>2660</ele>
        <extensions>
          <distance>9209</distance>
        </extensions>
      </trkpt>
      <trkpt lat="45.87724" lon="7.144575">
        <ele>2662</ele>
        <extensions>
          <distance>9232</distance>
        </extensions>
      </trkpt>
      <trkpt lat="45.87705" lon="7.14471">
        <ele>2666</ele>
        <extensions>
          <distance>9256</distance>
        </extensions>
      </trkpt>
      <trkpt lat="45.876909999999995" lon="7.1447625">
        <ele>2669</ele>
        <extensions>
          <distance>9272</distance>
        </extensions>
      </trkpt>
      <trkpt lat="45.87676999999999" lon="7.1448149999999995">
        <ele>2674</ele>
        <extensions>
          <distance>9289</distance>
        </extensions>
      </trkpt>
      <trkpt lat="45.87662999999999" lon="7.1448675">
        <ele>2680</ele>
        <extensions>
          <distance>9306</distance>
        </extensions>
      </trkpt>
      <trkpt lat="45.87649" lon="7.14492">
        <ele>2685</ele>
        <extensions>
          <distance>9323</distance>
        </extensions>
      </trkpt>
      <trkpt lat="45.87634" lon="7.145065">
        <ele>2691</ele>
        <extensions>
          <distance>9344</distance>
        </extensions>
      </trkpt>
      <trkpt lat="45.87619" lon="7.14521">
        <ele>2695</ele>
        <extensions>
          <distance>9365</distance>
        </extensions>
      </trkpt>
      <trkpt lat="45.87599" lon="7.145295">
        <ele>2695</ele>
        <extensions>
          <distance>9388</distance>
        </extensions>
      </trkpt>
      <trkpt lat="45.87579" lon="7.14538">
        <ele>2695</ele>
        <extensions>
          <distance>9411</distance>
        </extensions>
      </trkpt>
      <trkpt lat="45.8757" lon="7.14536">
        <ele>2695</ele>
        <extensions>
          <distance>9421</distance>
        </extensions>
      </trkpt>
      <trkpt lat="45.875465000000005" lon="7.1453299999999995">
        <ele>2690</ele>
        <extensions>
          <distance>9448</distance>
        </extensions>
      </trkpt>
      <trkpt lat="45.87523" lon="7.1453">
        <ele>2681</ele>
        <extensions>
          <distance>9475</distance>
        </extensions>
      </trkpt>
      <trkpt lat="45.87507" lon="7.1454">
        <ele>2672</ele>
        <extensions>
          <distance>9497</distance>
        </extensions>
      </trkpt>
      <trkpt lat="45.87486" lon="7.14551">
        <ele>2660</ele>
        <extensions>
          <distance>9524</distance>
        </extensions>
      </trkpt>
      <trkpt lat="45.87477" lon="7.14552">
        <ele>2656</ele>
        <extensions>
          <distance>9535</distance>
        </extensions>
      </trkpt>
      <trkpt lat="45.87472" lon="7.14543">
        <ele>2655</ele>
        <extensions>
          <distance>9544</distance>
        </extensions>
      </trkpt>
      <trkpt lat="45.8747" lon="7.14532">
        <ele>2655</ele>
        <extensions>
          <distance>9553</distance>
        </extensions>
      </trkpt>
      <trkpt lat="45.87452" lon="7.14506">
        <ele>2650</ele>
        <extensions>
          <distance>9582</distance>
        </extensions>
      </trkpt>
      <trkpt lat="45.87445" lon="7.14498">
        <ele>2647</ele>
        <extensions>
          <distance>9592</distance>
        </extensions>
      </trkpt>
      <trkpt lat="45.87432" lon="7.144920000000001">
        <ele>2640</ele>
        <extensions>
          <distance>9609</distance>
        </extensions>
      </trkpt>
      <trkpt lat="45.87419" lon="7.14486">
        <ele>2634</ele>
        <extensions>
          <distance>9625</distance>
        </extensions>
      </trkpt>
      <trkpt lat="45.87409" lon="7.14487">
        <ele>2628</ele>
        <extensions>
          <distance>9638</distance>
        </extensions>
      </trkpt>
      <trkpt lat="45.87406" lon="7.14502">
        <ele>2624</ele>
        <extensions>
          <distance>9651</distance>
        </extensions>
      </trkpt>
      <trkpt lat="45.874" lon="7.14514">
        <ele>2619</ele>
        <extensions>
          <distance>9663</distance>
        </extensions>
      </trkpt>
      <trkpt lat="45.87382" lon="7.14515">
        <ele>2609</ele>
        <extensions>
          <distance>9685</distance>
        </extensions>
      </trkpt>
      <trkpt lat="45.87374" lon="7.1451">
        <ele>2606</ele>
        <extensions>
          <distance>9696</distance>
        </extensions>
      </trkpt>
      <trkpt lat="45.87369" lon="7.14519">
        <ele>2603</ele>
        <extensions>
          <distance>9705</distance>
        </extensions>
      </trkpt>
      <trkpt lat="45.87369" lon="7.14546">
        <ele>2600</ele>
        <extensions>
          <distance>9726</distance>
        </extensions>
      </trkpt>
      <trkpt lat="45.87363" lon="7.14556">
        <ele>2595</ele>
        <extensions>
          <distance>9738</distance>
        </extensions>
      </trkpt>
      <trkpt lat="45.87341" lon="7.145695">
        <ele>2585</ele>
        <extensions>
          <distance>9766</distance>
        </extensions>
      </trkpt>
      <trkpt lat="45.87319" lon="7.14583">
        <ele>2576</ele>
        <extensions>
          <distance>9794</distance>
        </extensions>
      </trkpt>
      <trkpt lat="45.87311" lon="7.14606">
        <ele>2572</ele>
        <extensions>
          <distance>9814</distance>
        </extensions>
      </trkpt>
      <trkpt lat="45.873009999999994" lon="7.1464">
        <ele>2566</ele>
        <extensions>
          <distance>9844</distance>
        </extensions>
      </trkpt>
      <trkpt lat="45.87291" lon="7.14674">
        <ele>2561</ele>
        <extensions>
          <distance>9873</distance>
        </extensions>
      </trkpt>
      <trkpt lat="45.872805" lon="7.147025">
        <ele>2555</ele>
        <extensions>
          <distance>9899</distance>
        </extensions>
      </trkpt>
      <trkpt lat="45.8727" lon="7.14731">
        <ele>2550</ele>
        <extensions>
          <distance>9924</distance>
        </extensions>
      </trkpt>
      <trkpt lat="45.87265" lon="7.14742">
        <ele>2549</ele>
        <extensions>
          <distance>9934</distance>
        </extensions>
      </trkpt>
      <trkpt lat="45.872577500000006" lon="7.14762">
        <ele>2546</ele>
        <extensions>
          <distance>9952</distance>
        </extensions>
      </trkpt>
      <trkpt lat="45.872505000000004" lon="7.14782">
        <ele>2542</ele>
        <extensions>
          <distance>9970</distance>
        </extensions>
      </trkpt>
      <trkpt lat="45.8724325" lon="7.148020000000001">
        <ele>2537</ele>
        <extensions>
          <distance>9988</distance>
        </extensions>
      </trkpt>
      <trkpt lat="45.87236" lon="7.14822">
        <ele>2533</ele>
        <extensions>
          <distance>10006</distance>
        </extensions>
      </trkpt>
      <trkpt lat="45.87231" lon="7.14833">
        <ele>2530</ele>
        <extensions>
          <distance>10017</distance>
        </extensions>
      </trkpt>
      <trkpt lat="45.87228" lon="7.14843">
        <ele>2529</ele>
        <extensions>
          <distance>10025</distance>
        </extensions>
      </trkpt>
      <trkpt lat="45.87216" lon="7.148565">
        <ele>2527</ele>
        <extensions>
          <distance>10042</distance>
        </extensions>
      </trkpt>
      <trkpt lat="45.87204" lon="7.1487">
        <ele>2524</ele>
        <extensions>
          <distance>10060</distance>
        </extensions>
      </trkpt>
      <trkpt lat="45.87192" lon="7.148835">
        <ele>2521</ele>
        <extensions>
          <distance>10077</distance>
        </extensions>
      </trkpt>
      <trkpt lat="45.8718" lon="7.14897">
        <ele>2518</ele>
        <extensions>
          <distance>10094</distance>
        </extensions>
      </trkpt>
      <trkpt lat="45.87161" lon="7.14924">
        <ele>2511</ele>
        <extensions>
          <distance>10125</distance>
        </extensions>
      </trkpt>
      <trkpt lat="45.871489999999994" lon="7.14943">
        <ele>2505</ele>
        <extensions>
          <distance>10145</distance>
        </extensions>
      </trkpt>
      <trkpt lat="45.87137" lon="7.14962">
        <ele>2500</ele>
        <extensions>
          <distance>10166</distance>
        </extensions>
      </trkpt>
      <trkpt lat="45.87124" lon="7.1498">
        <ele>2494</ele>
        <extensions>
          <distance>10187</distance>
        </extensions>
      </trkpt>
      <trkpt lat="45.87131" lon="7.15017">
        <ele>2489</ele>
        <extensions>
          <distance>10217</distance>
        </extensions>
      </trkpt>
      <trkpt lat="45.87137" lon="7.15042">
        <ele>2484</ele>
        <extensions>
          <distance>10238</distance>
        </extensions>
      </trkpt>
      <trkpt lat="45.87138" lon="7.15051">
        <ele>2482</ele>
        <extensions>
          <distance>10245</distance>
        </extensions>
      </trkpt>
      <trkpt lat="45.87124" lon="7.150662499999999">
        <ele>2475</ele>
        <extensions>
          <distance>10266</distance>
        </extensions>
      </trkpt>
      <trkpt lat="45.8711" lon="7.150815">
        <ele>2469</ele>
        <extensions>
          <distance>10287</distance>
        </extensions>
      </trkpt>
      <trkpt lat="45.87096" lon="7.1509675">
        <ele>2462</ele>
        <extensions>
          <distance>10307</distance>
        </extensions>
      </trkpt>
      <trkpt lat="45.87082" lon="7.15112">
        <ele>2456</ele>
        <extensions>
          <distance>10328</distance>
        </extensions>
      </trkpt>
      <trkpt lat="45.87066" lon="7.15124">
        <ele>2449</ele>
        <extensions>
          <distance>10349</distance>
        </extensions>
      </trkpt>
      <trkpt lat="45.87059" lon="7.15131">
        <ele>2445</ele>
        <extensions>
          <distance>10359</distance>
        </extensions>
      </trkpt>
      <trkpt lat="45.870425" lon="7.15144">
        <ele>2436</ele>
        <extensions>
          <distance>10382</distance>
        </extensions>
      </trkpt>
      <trkpt lat="45.87026" lon="7.15157">
        <ele>2436</ele>
        <extensions>
          <distance>10403</distance>
        </extensions>
      </trkpt>
      <trkpt lat="45.87032" lon="7.15166">
        <ele>2433</ele>
        <extensions>
          <distance>10413</distance>
        </extensions>
      </trkpt>
      <trkpt lat="45.87044" lon="7.1518049999999995">
        <ele>2431</ele>
        <extensions>
          <distance>10430</distance>
        </extensions>
      </trkpt>
      <trkpt lat="45.87056" lon="7.15195">
        <ele>2429</ele>
        <extensions>
          <distance>10448</distance>
        </extensions>
      </trkpt>
      <trkpt lat="45.87041" lon="7.152122500000001">
        <ele>2429</ele>
        <extensions>
          <distance>10470</distance>
        </extensions>
      </trkpt>
      <trkpt lat="45.87026" lon="7.1522950000000005">
        <ele>2421</ele>
        <extensions>
          <distance>10492</distance>
        </extensions>
      </trkpt>
      <trkpt lat="45.87011" lon="7.1524675">
        <ele>2417</ele>
        <extensions>
          <distance>10513</distance>
        </extensions>
      </trkpt>
      <trkpt lat="45.86996" lon="7.15264">
        <ele>2417</ele>
        <extensions>
          <distance>10535</distance>
        </extensions>
      </trkpt>
      <trkpt lat="45.870165" lon="7.152865">
        <ele>2417</ele>
        <extensions>
          <distance>10563</distance>
        </extensions>
      </trkpt>
      <trkpt lat="45.87037" lon="7.15309">
        <ele>2417</ele>
        <extensions>
          <distance>10592</distance>
        </extensions>
      </trkpt>
      <trkpt lat="45.87052" lon="7.153342499999999">
        <ele>2419</ele>
        <extensions>
          <distance>10618</distance>
        </extensions>
      </trkpt>
      <trkpt lat="45.870670000000004" lon="7.153594999999999">
        <ele>2421</ele>
        <extensions>
          <distance>10644</distance>
        </extensions>
      </trkpt>
      <trkpt lat="45.87082" lon="7.1538474999999995">
        <ele>2422</ele>
        <extensions>
          <distance>10669</distance>
        </extensions>
      </trkpt>
      <trkpt lat="45.87097" lon="7.1541">
        <ele>2423</ele>
        <extensions>
          <distance>10695</distance>
        </extensions>
      </trkpt>
      <trkpt lat="45.87105" lon="7.15414">
        <ele>2427</ele>
        <extensions>
          <distance>10705</distance>
        </extensions>
      </trkpt>
      <trkpt lat="45.87113" lon="7.1542">
        <ele>2431</ele>
        <extensions>
          <distance>10716</distance>
        </extensions>
      </trkpt>
      <trkpt lat="45.87134" lon="7.15432">
        <ele>2437</ele>
        <extensions>
          <distance>10742</distance>
        </extensions>
      </trkpt>
      <trkpt lat="45.871399999999994" lon="7.1545625">
        <ele>2437</ele>
        <extensions>
          <distance>10762</distance>
        </extensions>
      </trkpt>
      <trkpt lat="45.87146" lon="7.154805">
        <ele>2438</ele>
        <extensions>
          <distance>10782</distance>
        </extensions>
      </trkpt>
      <trkpt lat="45.871520000000004" lon="7.1550475">
        <ele>2438</ele>
        <extensions>
          <distance>10801</distance>
        </extensions>
      </trkpt>
      <trkpt lat="45.87158" lon="7.15529">
        <ele>2439</ele>
        <extensions>
          <distance>10821</distance>
        </extensions>
      </trkpt>
      <trkpt lat="45.87161" lon="7.15538">
        <ele>2440</ele>
        <extensions>
          <distance>10829</distance>
        </extensions>
      </trkpt>
      <trkpt lat="45.87168749999999" lon="7.155581250000001">
        <ele>2440</ele>
        <extensions>
          <distance>10847</distance>
        </extensions>
      </trkpt>
      <trkpt lat="45.871764999999996" lon="7.155782500000001">
        <ele>2440</ele>
        <extensions>
          <distance>10865</distance>
        </extensions>
      </trkpt>
      <trkpt lat="45.8718425" lon="7.155983750000001">
        <ele>2440</ele>
        <extensions>
          <distance>10883</distance>
        </extensions>
      </trkpt>
      <trkpt lat="45.87192" lon="7.156185000000001">
        <ele>2440</ele>
        <extensions>
          <distance>10901</distance>
        </extensions>
      </trkpt>
      <trkpt lat="45.871997500000006" lon="7.156386250000001">
        <ele>2440</ele>
        <extensions>
          <distance>10918</distance>
        </extensions>
      </trkpt>
      <trkpt lat="45.872075" lon="7.1565875000000005">
        <ele>2440</ele>
        <extensions>
          <distance>10936</distance>
        </extensions>
      </trkpt>
      <trkpt lat="45.8721525" lon="7.1567887500000005">
        <ele>2440</ele>
        <extensions>
          <distance>10954</distance>
        </extensions>
      </trkpt>
      <trkpt lat="45.87223" lon="7.15699">
        <ele>2446</ele>
        <extensions>
          <distance>10972</distance>
        </extensions>
      </trkpt>
      <trkpt lat="45.8722125" lon="7.157275">
        <ele>2452</ele>
        <extensions>
          <distance>10995</distance>
        </extensions>
      </trkpt>
      <trkpt lat="45.872195000000005" lon="7.15756">
        <ele>2457</ele>
        <extensions>
          <distance>11018</distance>
        </extensions>
      </trkpt>
      <trkpt lat="45.87217750000001" lon="7.157845">
        <ele>2457</ele>
        <extensions>
          <distance>11040</distance>
        </extensions>
      </trkpt>
      <trkpt lat="45.87216" lon="7.15813">
        <ele>2457</ele>
        <extensions>
          <distance>11062</distance>
        </extensions>
      </trkpt>
      <trkpt lat="45.8720275" lon="7.1582175">
        <ele>2457</ele>
        <extensions>
          <distance>11079</distance>
        </extensions>
      </trkpt>
      <trkpt lat="45.871895" lon="7.158305">
        <ele>2456</ele>
        <extensions>
          <distance>11095</distance>
        </extensions>
      </trkpt>
      <trkpt lat="45.8717625" lon="7.1583925">
        <ele>2456</ele>
        <extensions>
          <distance>11111</distance>
        </extensions>
      </trkpt>
      <trkpt lat="45.87163" lon="7.15848">
        <ele>2456</ele>
        <extensions>
          <distance>11127</distance>
        </extensions>
      </trkpt>
      <trkpt lat="45.87164" lon="7.15871">
        <ele>2456</ele>
        <extensions>
          <distance>11145</distance>
        </extensions>
      </trkpt>
      <trkpt lat="45.87165" lon="7.15894">
        <ele>2464</ele>
        <extensions>
          <distance>11163</distance>
        </extensions>
      </trkpt>
      <trkpt lat="45.87153" lon="7.15918">
        <ele>2472</ele>
        <extensions>
          <distance>11187</distance>
        </extensions>
      </trkpt>
      <trkpt lat="45.87141" lon="7.15942">
        <ele>2481</ele>
        <extensions>
          <distance>11212</distance>
        </extensions>
      </trkpt>
      <trkpt lat="45.871219999999994" lon="7.1595949999999995">
        <ele>2481</ele>
        <extensions>
          <distance>11237</distance>
        </extensions>
      </trkpt>
      <trkpt lat="45.87103" lon="7.15977">
        <ele>2481</ele>
        <extensions>
          <distance>11262</distance>
        </extensions>
      </trkpt>
      <trkpt lat="45.87084" lon="7.1599450000000004">
        <ele>2481</ele>
        <extensions>
          <distance>11287</distance>
        </extensions>
      </trkpt>
      <trkpt lat="45.87065" lon="7.16012">
        <ele>2473</ele>
        <extensions>
          <distance>11313</distance>
        </extensions>
      </trkpt>
      <trkpt lat="45.87051" lon="7.16026">
        <ele>2468</ele>
        <extensions>
          <distance>11332</distance>
        </extensions>
      </trkpt>
      <trkpt lat="45.8703075" lon="7.160405000000001">
        <ele>2460</ele>
        <extensions>
          <distance>11359</distance>
        </extensions>
      </trkpt>
      <trkpt lat="45.870105" lon="7.160550000000001">
        <ele>2451</ele>
        <extensions>
          <distance>11386</distance>
        </extensions>
      </trkpt>
      <trkpt lat="45.8699025" lon="7.1606950000000005">
        <ele>2449</ele>
        <extensions>
          <distance>11411</distance>
        </extensions>
      </trkpt>
      <trkpt lat="45.8697" lon="7.16084">
        <ele>2449</ele>
        <extensions>
          <distance>11436</distance>
        </extensions>
      </trkpt>
      <trkpt lat="45.8695625" lon="7.161075">
        <ele>2449</ele>
        <extensions>
          <distance>11460</distance>
        </extensions>
      </trkpt>
      <trkpt lat="45.869425" lon="7.16131">
        <ele>2448</ele>
        <extensions>
          <distance>11484</distance>
        </extensions>
      </trkpt>
      <trkpt lat="45.8692875" lon="7.161545">
        <ele>2448</ele>
        <extensions>
          <distance>11507</distance>
        </extensions>
      </trkpt>
      <trkpt lat="45.86915" lon="7.16178">
        <ele>2448</ele>
        <extensions>
          <distance>11531</distance>
        </extensions>
      </trkpt>
      <trkpt lat="45.868945" lon="7.1618175">
        <ele>2446</ele>
        <extensions>
          <distance>11554</distance>
        </extensions>
      </trkpt>
      <trkpt lat="45.86874" lon="7.161855">
        <ele>2442</ele>
        <extensions>
          <distance>11577</distance>
        </extensions>
      </trkpt>
      <trkpt lat="45.868535" lon="7.1618925">
        <ele>2440</ele>
        <extensions>
          <distance>11600</distance>
        </extensions>
      </trkpt>
      <trkpt lat="45.86833" lon="7.16193">
        <ele>2439</ele>
        <extensions>
          <distance>11623</distance>
        </extensions>
      </trkpt>
      <trkpt lat="45.86824" lon="7.16198">
        <ele>2439</ele>
        <extensions>
          <distance>11634</distance>
        </extensions>
      </trkpt>
      <trkpt lat="45.86816" lon="7.16204">
        <ele>2439</ele>
        <extensions>
          <distance>11644</distance>
        </extensions>
      </trkpt>
      <trkpt lat="45.86796" lon="7.16216">
        <ele>2439</ele>
        <extensions>
          <distance>11668</distance>
        </extensions>
      </trkpt>
      <trkpt lat="45.867819999999995" lon="7.16244">
        <ele>2439</ele>
        <extensions>
          <distance>11695</distance>
        </extensions>
      </trkpt>
      <trkpt lat="45.86768" lon="7.16272">
        <ele>2440</ele>
        <extensions>
          <distance>11722</distance>
        </extensions>
      </trkpt>
      <trkpt lat="45.867845" lon="7.162795">
        <ele>2448</ele>
        <extensions>
          <distance>11741</distance>
        </extensions>
      </trkpt>
      <trkpt lat="45.86801" lon="7.16287">
        <ele>2456</ele>
        <extensions>
          <distance>11762</distance>
        </extensions>
      </trkpt>
      <trkpt lat="45.868055" lon="7.163135">
        <ele>2458</ele>
        <extensions>
          <distance>11783</distance>
        </extensions>
      </trkpt>
      <trkpt lat="45.8681" lon="7.163399999999999">
        <ele>2459</ele>
        <extensions>
          <distance>11805</distance>
        </extensions>
      </trkpt>
      <trkpt lat="45.868145" lon="7.163665">
        <ele>2459</ele>
        <extensions>
          <distance>11826</distance>
        </extensions>
      </trkpt>
      <trkpt lat="45.86819" lon="7.16393">
        <ele>2459</ele>
        <extensions>
          <distance>11847</distance>
        </extensions>
      </trkpt>
      <trkpt lat="45.86831" lon="7.16403">
        <ele>2459</ele>
        <extensions>
          <distance>11862</distance>
        </extensions>
      </trkpt>
      <trkpt lat="45.868430000000004" lon="7.16413">
        <ele>2460</ele>
        <extensions>
          <distance>11878</distance>
        </extensions>
      </trkpt>
      <trkpt lat="45.86855" lon="7.16423">
        <ele>2460</ele>
        <extensions>
          <distance>11893</distance>
        </extensions>
      </trkpt>
      <trkpt lat="45.86867" lon="7.16433">
        <ele>2460</ele>
        <extensions>
          <distance>11909</distance>
        </extensions>
      </trkpt>
      <trkpt lat="45.868629999999996" lon="7.164645">
        <ele>2460</ele>
        <extensions>
          <distance>11934</distance>
        </extensions>
      </trkpt>
      <trkpt lat="45.86859" lon="7.16496">
        <ele>2456</ele>
        <extensions>
          <distance>11958</distance>
        </extensions>
      </trkpt>
      <trkpt lat="45.86857" lon="7.16516">
        <ele>2455</ele>
        <extensions>
          <distance>11974</distance>
        </extensions>
      </trkpt>
      <trkpt lat="45.86855" lon="7.16536">
        <ele>2454</ele>
        <extensions>
          <distance>11990</distance>
        </extensions>
      </trkpt>
      <trkpt lat="45.868415" lon="7.16533">
        <ele>2454</ele>
        <extensions>
          <distance>12005</distance>
        </extensions>
      </trkpt>
      <trkpt lat="45.86828" lon="7.1653">
        <ele>2454</ele>
        <extensions>
          <distance>12020</distance>
        </extensions>
      </trkpt>
      <trkpt lat="45.86813" lon="7.16526">
        <ele>2454</ele>
        <extensions>
          <distance>12037</distance>
        </extensions>
      </trkpt>
      <trkpt lat="45.86798" lon="7.16522">
        <ele>2454</ele>
        <extensions>
          <distance>12054</distance>
        </extensions>
      </trkpt>
      <trkpt lat="45.86783" lon="7.165179999999999">
        <ele>2454</ele>
        <extensions>
          <distance>12071</distance>
        </extensions>
      </trkpt>
      <trkpt lat="45.86768" lon="7.16514">
        <ele>2454</ele>
        <extensions>
          <distance>12088</distance>
        </extensions>
      </trkpt>
      <trkpt lat="45.86765" lon="7.1654275">
        <ele>2454</ele>
        <extensions>
          <distance>12111</distance>
        </extensions>
      </trkpt>
      <trkpt lat="45.86762" lon="7.1657150000000005">
        <ele>2454</ele>
        <extensions>
          <distance>12133</distance>
        </extensions>
      </trkpt>
      <trkpt lat="45.86759" lon="7.1660025">
        <ele>2453</ele>
        <extensions>
          <distance>12156</distance>
        </extensions>
      </trkpt>
      <trkpt lat="45.86756" lon="7.16629">
        <ele>2453</ele>
        <extensions>
          <distance>12178</distance>
        </extensions>
      </trkpt>
      <trkpt lat="45.86754" lon="7.16643">
        <ele>2452</ele>
        <extensions>
          <distance>12189</distance>
        </extensions>
      </trkpt>
      <trkpt lat="45.86752" lon="7.16642">
        <ele>2452</ele>
        <extensions>
          <distance>12192</distance>
        </extensions>
      </trkpt>
      <trkpt lat="45.86752" lon="7.16644">
        <ele>2452</ele>
        <extensions>
          <distance>12193</distance>
        </extensions>
      </trkpt>
      <trkpt lat="45.86755" lon="7.16656">
        <ele>2453</ele>
        <extensions>
          <distance>12203</distance>
        </extensions>
      </trkpt>
      <trkpt lat="45.86761" lon="7.16668">
        <ele>2453</ele>
        <extensions>
          <distance>12215</distance>
        </extensions>
      </trkpt>
      <trkpt lat="45.86762" lon="7.16675">
        <ele>2452</ele>
        <extensions>
          <distance>12220</distance>
        </extensions>
      </trkpt>
      <trkpt lat="45.86764" lon="7.16678">
        <ele>2451</ele>
        <extensions>
          <distance>12223</distance>
        </extensions>
      </trkpt>
      <trkpt lat="45.86766" lon="7.16687">
        <ele>2451</ele>
        <extensions>
          <distance>12231</distance>
        </extensions>
      </trkpt>
      <trkpt lat="45.86768" lon="7.1669">
        <ele>2451</ele>
        <extensions>
          <distance>12234</distance>
        </extensions>
      </trkpt>
      <trkpt lat="45.86773" lon="7.16693">
        <ele>2450</ele>
        <extensions>
          <distance>12240</distance>
        </extensions>
      </trkpt>
      <trkpt lat="45.86774" lon="7.167">
        <ele>2450</ele>
        <extensions>
          <distance>12246</distance>
        </extensions>
      </trkpt>
      <trkpt lat="45.86782" lon="7.16711">
        <ele>2450</ele>
        <extensions>
          <distance>12258</distance>
        </extensions>
      </trkpt>
      <trkpt lat="45.86785" lon="7.16721">
        <ele>2450</ele>
        <extensions>
          <distance>12266</distance>
        </extensions>
      </trkpt>
      <trkpt lat="45.86783" lon="7.16725">
        <ele>2450</ele>
        <extensions>
          <distance>12270</distance>
        </extensions>
      </trkpt>
      <trkpt lat="45.86782" lon="7.16743">
        <ele>2451</ele>
        <extensions>
          <distance>12284</distance>
        </extensions>
      </trkpt>
      <trkpt lat="45.8678" lon="7.16749">
        <ele>2451</ele>
        <extensions>
          <distance>12289</distance>
        </extensions>
      </trkpt>
      <trkpt lat="45.8678" lon="7.16752">
        <ele>2451</ele>
        <extensions>
          <distance>12292</distance>
        </extensions>
      </trkpt>
      <trkpt lat="45.86786" lon="7.16765">
        <ele>2451</ele>
        <extensions>
          <distance>12304</distance>
        </extensions>
      </trkpt>
      <trkpt lat="45.86792" lon="7.16774">
        <ele>2451</ele>
        <extensions>
          <distance>12313</distance>
        </extensions>
      </trkpt>
      <trkpt lat="45.86792" lon="7.16782">
        <ele>2451</ele>
        <extensions>
          <distance>12320</distance>
        </extensions>
      </trkpt>
      <trkpt lat="45.86794" lon="7.16792">
        <ele>2451</ele>
        <extensions>
          <distance>12328</distance>
        </extensions>
      </trkpt>
      <trkpt lat="45.86793" lon="7.1681">
        <ele>2453</ele>
        <extensions>
          <distance>12342</distance>
        </extensions>
      </trkpt>
      <trkpt lat="45.8679" lon="7.16819">
        <ele>2454</ele>
        <extensions>
          <distance>12350</distance>
        </extensions>
      </trkpt>
      <trkpt lat="45.86789" lon="7.16828">
        <ele>2455</ele>
        <extensions>
          <distance>12357</distance>
        </extensions>
      </trkpt>
      <trkpt lat="45.86793" lon="7.16834">
        <ele>2455</ele>
        <extensions>
          <distance>12363</distance>
        </extensions>
      </trkpt>
      <trkpt lat="45.86793" lon="7.16838">
        <ele>2455</ele>
        <extensions>
          <distance>12366</distance>
        </extensions>
      </trkpt>
      <trkpt lat="45.86795" lon="7.16841">
        <ele>2455</ele>
        <extensions>
          <distance>12369</distance>
        </extensions>
      </trkpt>
      <trkpt lat="45.86796" lon="7.16863">
        <ele>2457</ele>
        <extensions>
          <distance>12387</distance>
        </extensions>
      </trkpt>
      <trkpt lat="45.86792" lon="7.16867">
        <ele>2458</ele>
        <extensions>
          <distance>12392</distance>
        </extensions>
      </trkpt>
      <trkpt lat="45.86792" lon="7.16872">
        <ele>2458</ele>
        <extensions>
          <distance>12396</distance>
        </extensions>
      </trkpt>
      <trkpt lat="45.86796" lon="7.16894">
        <ele>2458</ele>
        <extensions>
          <distance>12414</distance>
        </extensions>
      </trkpt>
      <trkpt lat="45.86796" lon="7.16904">
        <ele>2459</ele>
        <extensions>
          <distance>12421</distance>
        </extensions>
      </trkpt>
      <trkpt lat="45.86795" lon="7.16915">
        <ele>2460</ele>
        <extensions>
          <distance>12430</distance>
        </extensions>
      </trkpt>
      <trkpt lat="45.86793" lon="7.16918">
        <ele>2461</ele>
        <extensions>
          <distance>12433</distance>
        </extensions>
      </trkpt>
      <trkpt lat="45.86793" lon="7.16928">
        <ele>2463</ele>
        <extensions>
          <distance>12442</distance>
        </extensions>
      </trkpt>
      <trkpt lat="45.8679" lon="7.16932">
        <ele>2464</ele>
        <extensions>
          <distance>12446</distance>
        </extensions>
      </trkpt>
      <trkpt lat="45.86802" lon="7.16961">
        <ele>2464</ele>
        <extensions>
          <distance>12472</distance>
        </extensions>
      </trkpt>
      <trkpt lat="45.86807" lon="7.16969">
        <ele>2464</ele>
        <extensions>
          <distance>12481</distance>
        </extensions>
      </trkpt>
      <trkpt lat="45.86812" lon="7.16974">
        <ele>2465</ele>
        <extensions>
          <distance>12487</distance>
        </extensions>
      </trkpt>
      <trkpt lat="45.86817" lon="7.16986">
        <ele>2465</ele>
        <extensions>
          <distance>12498</distance>
        </extensions>
      </trkpt>
      <trkpt lat="45.86824" lon="7.16988">
        <ele>2465</ele>
        <extensions>
          <distance>12506</distance>
        </extensions>
      </trkpt>
      <trkpt lat="45.86828" lon="7.16994">
        <ele>2468</ele>
        <extensions>
          <distance>12513</distance>
        </extensions>
      </trkpt>
      <trkpt lat="45.86832" lon="7.16997">
        <ele>2469</ele>
        <extensions>
          <distance>12518</distance>
        </extensions>
      </trkpt>
      <trkpt lat="45.8685" lon="7.17003">
        <ele>2469</ele>
        <extensions>
          <distance>12538</distance>
        </extensions>
      </trkpt>
      <trkpt lat="45.86857" lon="7.17009">
        <ele>2469</ele>
        <extensions>
          <distance>12547</distance>
        </extensions>
      </trkpt>
      <trkpt lat="45.86852" lon="7.17013">
        <ele>2469</ele>
        <extensions>
          <distance>12554</distance>
        </extensions>
      </trkpt>
      <trkpt lat="45.86849" lon="7.17018">
        <ele>2469</ele>
        <extensions>
          <distance>12559</distance>
        </extensions>
      </trkpt>
      <trkpt lat="45.86849" lon="7.17025">
        <ele>2470</ele>
        <extensions>
          <distance>12564</distance>
        </extensions>
      </trkpt>
      <trkpt lat="45.86861" lon="7.17049">
        <ele>2470</ele>
        <extensions>
          <distance>12587</distance>
        </extensions>
      </trkpt>
      <trkpt lat="45.86864" lon="7.17059">
        <ele>2470</ele>
        <extensions>
          <distance>12596</distance>
        </extensions>
      </trkpt>
      <trkpt lat="45.86865" lon="7.17072">
        <ele>2471</ele>
        <extensions>
          <distance>12606</distance>
        </extensions>
      </trkpt>
      <trkpt lat="45.86863" lon="7.171">
        <ele>2471</ele>
        <extensions>
          <distance>12628</distance>
        </extensions>
      </trkpt>
      <trkpt lat="45.86864" lon="7.17125">
        <ele>2471</ele>
        <extensions>
          <distance>12647</distance>
        </extensions>
      </trkpt>
      <trkpt lat="45.86866" lon="7.17133">
        <ele>2471</ele>
        <extensions>
          <distance>12654</distance>
        </extensions>
      </trkpt>
      <trkpt lat="45.86869" lon="7.17137">
        <ele>2472</ele>
        <extensions>
          <distance>12658</distance>
        </extensions>
      </trkpt>
      <trkpt lat="45.86871" lon="7.17133">
        <ele>2472</ele>
        <extensions>
          <distance>12662</distance>
        </extensions>
      </trkpt>
      <trkpt lat="45.86877" lon="7.17108">
        <ele>2473</ele>
        <extensions>
          <distance>12683</distance>
        </extensions>
      </trkpt>
      <trkpt lat="45.86882" lon="7.17098">
        <ele>2474</ele>
        <extensions>
          <distance>12692</distance>
        </extensions>
      </trkpt>
      <trkpt lat="45.86885" lon="7.17095">
        <ele>2475</ele>
        <extensions>
          <distance>12696</distance>
        </extensions>
      </trkpt>
      <trkpt lat="45.86892" lon="7.17093">
        <ele>2476</ele>
        <extensions>
          <distance>12704</distance>
        </extensions>
      </trkpt>
      <trkpt lat="45.86892" lon="7.17099">
        <ele>2476</ele>
        <extensions>
          <distance>12709</distance>
        </extensions>
      </trkpt>
      <trkpt lat="45.86894" lon="7.17108">
        <ele>2476</ele>
        <extensions>
          <distance>12716</distance>
        </extensions>
      </trkpt>
      <trkpt lat="45.869" lon="7.171305">
        <ele>2476</ele>
        <extensions>
          <distance>12735</distance>
        </extensions>
      </trkpt>
      <trkpt lat="45.86906" lon="7.17153">
        <ele>2475</ele>
        <extensions>
          <distance>12754</distance>
        </extensions>
      </trkpt>
      <trkpt lat="45.86914" lon="7.17172">
        <ele>2475</ele>
        <extensions>
          <distance>12771</distance>
        </extensions>
      </trkpt>
      <trkpt lat="45.86924" lon="7.17188">
        <ele>2474</ele>
        <extensions>
          <distance>12788</distance>
        </extensions>
      </trkpt>
      <trkpt lat="45.86933" lon="7.17205">
        <ele>2474</ele>
        <extensions>
          <distance>12804</distance>
        </extensions>
      </trkpt>
      <trkpt lat="45.86938" lon="7.17219">
        <ele>2473</ele>
        <extensions>
          <distance>12816</distance>
        </extensions>
      </trkpt>
      <trkpt lat="45.8694" lon="7.17229">
        <ele>2473</ele>
        <extensions>
          <distance>12824</distance>
        </extensions>
      </trkpt>
      <trkpt lat="45.86941" lon="7.17242">
        <ele>2473</ele>
        <extensions>
          <distance>12835</distance>
        </extensions>
      </trkpt>
      <trkpt lat="45.86939" lon="7.17268">
        <ele>2465</ele>
        <extensions>
          <distance>12855</distance>
        </extensions>
      </trkpt>
      <trkpt lat="45.86937" lon="7.17294">
        <ele>2458</ele>
        <extensions>
          <distance>12877</distance>
        </extensions>
      </trkpt>
      <trkpt lat="45.8694" lon="7.17294">
        <ele>2458</ele>
        <extensions>
          <distance>12880</distance>
        </extensions>
      </trkpt>
      <trkpt lat="45.86943" lon="7.17299">
        <ele>2458</ele>
        <extensions>
          <distance>12885</distance>
        </extensions>
      </trkpt>
      <trkpt lat="45.86943" lon="7.17303">
        <ele>2458</ele>
        <extensions>
          <distance>12888</distance>
        </extensions>
      </trkpt>
      <trkpt lat="45.86945" lon="7.17311">
        <ele>2458</ele>
        <extensions>
          <distance>12895</distance>
        </extensions>
      </trkpt>
      <trkpt lat="45.86949" lon="7.17306">
        <ele>2461</ele>
        <extensions>
          <distance>12901</distance>
        </extensions>
      </trkpt>
      <trkpt lat="45.86963" lon="7.17325">
        <ele>2465</ele>
        <extensions>
          <distance>12923</distance>
        </extensions>
      </trkpt>
      <trkpt lat="45.86979" lon="7.17335">
        <ele>2470</ele>
        <extensions>
          <distance>12943</distance>
        </extensions>
      </trkpt>
      <trkpt lat="45.86988" lon="7.17339">
        <ele>2472</ele>
        <extensions>
          <distance>12953</distance>
        </extensions>
      </trkpt>
      <trkpt lat="45.87001" lon="7.1735">
        <ele>2476</ele>
        <extensions>
          <distance>12971</distance>
        </extensions>
      </trkpt>
      <trkpt lat="45.87007" lon="7.17357">
        <ele>2478</ele>
        <extensions>
          <distance>12979</distance>
        </extensions>
      </trkpt>
      <trkpt lat="45.87009" lon="7.17354">
        <ele>2480</ele>
        <extensions>
          <distance>12983</distance>
        </extensions>
      </trkpt>
      <trkpt lat="45.87006" lon="7.17339">
        <ele>2484</ele>
        <extensions>
          <distance>12996</distance>
        </extensions>
      </trkpt>
      <trkpt lat="45.87012" lon="7.17348">
        <ele>2484</ele>
        <extensions>
          <distance>13006</distance>
        </extensions>
      </trkpt>
      <trkpt lat="45.87014" lon="7.17368">
        <ele>2484</ele>
        <extensions>
          <distance>13021</distance>
        </extensions>
      </trkpt>
      <trkpt lat="45.870235" lon="7.1739">
        <ele>2484</ele>
        <extensions>
          <distance>13041</distance>
        </extensions>
      </trkpt>
      <trkpt lat="45.87033" lon="7.17412">
        <ele>2484</ele>
        <extensions>
          <distance>13061</distance>
        </extensions>
      </trkpt>
      <trkpt lat="45.87047" lon="7.17434">
        <ele>2483</ele>
        <extensions>
          <distance>13084</distance>
        </extensions>
      </trkpt>
      <trkpt lat="45.87057" lon="7.17443">
        <ele>2483</ele>
        <extensions>
          <distance>13098</distance>
        </extensions>
      </trkpt>
      <trkpt lat="45.87065" lon="7.17456">
        <ele>2483</ele>
        <extensions>
          <distance>13111</distance>
        </extensions>
      </trkpt>
      <trkpt lat="45.87072" lon="7.17478">
        <ele>2483</ele>
        <extensions>
          <distance>13130</distance>
        </extensions>
      </trkpt>
      <trkpt lat="45.87085" lon="7.17499">
        <ele>2484</ele>
        <extensions>
          <distance>13152</distance>
        </extensions>
      </trkpt>
      <trkpt lat="45.87099" lon="7.17506">
        <ele>2484</ele>
        <extensions>
          <distance>13168</distance>
        </extensions>
      </trkpt>
      <trkpt lat="45.87114" lon="7.175215">
        <ele>2484</ele>
        <extensions>
          <distance>13189</distance>
        </extensions>
      </trkpt>
      <trkpt lat="45.87129" lon="7.17537">
        <ele>2484.5</ele>
        <extensions>
          <distance>13209</distance>
        </extensions>
      </trkpt>
      <trkpt lat="45.8715" lon="7.17548">
        <ele>2486</ele>
        <extensions>
          <distance>13234</distance>
        </extensions>
      </trkpt>
      <trkpt lat="45.87175" lon="7.17543">
        <ele>2495</ele>
        <extensions>
          <distance>13262</distance>
        </extensions>
      </trkpt>
      <trkpt lat="45.8718" lon="7.17534">
        <ele>2496</ele>
        <extensions>
          <distance>13271</distance>
        </extensions>
      </trkpt>
      <trkpt lat="45.87187" lon="7.17526">
        <ele>2497</ele>
        <extensions>
          <distance>13281</distance>
        </extensions>
      </trkpt>
      <trkpt lat="45.87201" lon="7.17513">
        <ele>2497</ele>
        <extensions>
          <distance>13300</distance>
        </extensions>
      </trkpt>
      <trkpt lat="45.871970000000005" lon="7.174905000000001">
        <ele>2498.5</ele>
        <extensions>
          <distance>13318</distance>
        </extensions>
      </trkpt>
      <trkpt lat="45.87193" lon="7.17468">
        <ele>2500</ele>
        <extensions>
          <distance>13336</distance>
        </extensions>
      </trkpt>
      <trkpt lat="45.87199" lon="7.17461">
        <ele>2502</ele>
        <extensions>
          <distance>13345</distance>
        </extensions>
      </trkpt>
      <trkpt lat="45.87221" lon="7.17461">
        <ele>2505</ele>
        <extensions>
          <distance>13369</distance>
        </extensions>
      </trkpt>
      <trkpt lat="45.872375000000005" lon="7.1747">
        <ele>2508.5</ele>
        <extensions>
          <distance>13389</distance>
        </extensions>
      </trkpt>
      <trkpt lat="45.87254" lon="7.17479">
        <ele>2512</ele>
        <extensions>
          <distance>13409</distance>
        </extensions>
      </trkpt>
      <trkpt lat="45.872675" lon="7.174785">
        <ele>2514.5</ele>
        <extensions>
          <distance>13424</distance>
        </extensions>
      </trkpt>
      <trkpt lat="45.87281" lon="7.17478">
        <ele>2517</ele>
        <extensions>
          <distance>13440</distance>
        </extensions>
      </trkpt>
      <trkpt lat="45.87303" lon="7.17471">
        <ele>2520</ele>
        <extensions>
          <distance>13465</distance>
        </extensions>
      </trkpt>
      <trkpt lat="45.87304" lon="7.17466">
        <ele>2523</ele>
        <extensions>
          <distance>13470</distance>
        </extensions>
      </trkpt>
      <trkpt lat="45.87314" lon="7.17457">
        <ele>2525</ele>
        <extensions>
          <distance>13483</distance>
        </extensions>
      </trkpt>
      <trkpt lat="45.87333" lon="7.17453">
        <ele>2526</ele>
        <extensions>
          <distance>13505</distance>
        </extensions>
      </trkpt>
      <trkpt lat="45.87345" lon="7.17435">
        <ele>2527</ele>
        <extensions>
          <distance>13524</distance>
        </extensions>
      </trkpt>
      <trkpt lat="45.87355" lon="7.17431">
        <ele>2528</ele>
        <extensions>
          <distance>13535</distance>
        </extensions>
      </trkpt>
      <trkpt lat="45.87374" lon="7.17446">
        <ele>2534</ele>
        <extensions>
          <distance>13560</distance>
        </extensions>
      </trkpt>
      <trkpt lat="45.87377" lon="7.17443">
        <ele>2537</ele>
        <extensions>
          <distance>13565</distance>
        </extensions>
      </trkpt>
      <trkpt lat="45.87375" lon="7.17435">
        <ele>2538</ele>
        <extensions>
          <distance>13572</distance>
        </extensions>
      </trkpt>
      <trkpt lat="45.87388" lon="7.17446">
        <ele>2542</ele>
        <extensions>
          <distance>13589</distance>
        </extensions>
      </trkpt>
      <trkpt lat="45.874055" lon="7.17453">
        <ele>2544</ele>
        <extensions>
          <distance>13609</distance>
        </extensions>
      </trkpt>
      <trkpt lat="45.87423" lon="7.1746">
        <ele>2545.5</ele>
        <extensions>
          <distance>13630</distance>
        </extensions>
      </trkpt>
      <trkpt lat="45.87427" lon="7.17467">
        <ele>2549</ele>
        <extensions>
          <distance>13637</distance>
        </extensions>
      </trkpt>
      <trkpt lat="45.87439" lon="7.17468">
        <ele>2549</ele>
        <extensions>
          <distance>13651</distance>
        </extensions>
      </trkpt>
      <trkpt lat="45.87458" lon="7.17462">
        <ele>2554</ele>
        <extensions>
          <distance>13673</distance>
        </extensions>
      </trkpt>
      <trkpt lat="45.87452" lon="7.17449">
        <ele>2557</ele>
        <extensions>
          <distance>13685</distance>
        </extensions>
      </trkpt>
      <trkpt lat="45.87454" lon="7.17442">
        <ele>2560</ele>
        <extensions>
          <distance>13692</distance>
        </extensions>
      </trkpt>
      <trkpt lat="45.874719999999996" lon="7.17446">
        <ele>2563.5</ele>
        <extensions>
          <distance>13712</distance>
        </extensions>
      </trkpt>
      <trkpt lat="45.8749" lon="7.1745">
        <ele>2567</ele>
        <extensions>
          <distance>13733</distance>
        </extensions>
      </trkpt>
      <trkpt lat="45.87516" lon="7.17448">
        <ele>2567</ele>
        <extensions>
          <distance>13762</distance>
        </extensions>
      </trkpt>
      <trkpt lat="45.8754" lon="7.17437">
        <ele>2568</ele>
        <extensions>
          <distance>13790</distance>
        </extensions>
      </trkpt>
      <trkpt lat="45.87563" lon="7.17438">
        <ele>2568</ele>
        <extensions>
          <distance>13816</distance>
        </extensions>
      </trkpt>
      <trkpt lat="45.875765" lon="7.174425">
        <ele>2569</ele>
        <extensions>
          <distance>13831</distance>
        </extensions>
      </trkpt>
      <trkpt lat="45.8759" lon="7.17447">
        <ele>2570</ele>
        <extensions>
          <distance>13846</distance>
        </extensions>
      </trkpt>
      <trkpt lat="45.87603" lon="7.17466">
        <ele>2570.5</ele>
        <extensions>
          <distance>13867</distance>
        </extensions>
      </trkpt>
      <trkpt lat="45.87616" lon="7.17485">
        <ele>2571</ele>
        <extensions>
          <distance>13888</distance>
        </extensions>
      </trkpt>
      <trkpt lat="45.87625" lon="7.17486">
        <ele>2571</ele>
        <extensions>
          <distance>13898</distance>
        </extensions>
      </trkpt>
      <trkpt lat="45.87633" lon="7.17479">
        <ele>2571</ele>
        <extensions>
          <distance>13908</distance>
        </extensions>
      </trkpt>
      <trkpt lat="45.87641" lon="7.17458">
        <ele>2571</ele>
        <extensions>
          <distance>13927</distance>
        </extensions>
      </trkpt>
      <trkpt lat="45.87653" lon="7.17448">
        <ele>2573</ele>
        <extensions>
          <distance>13942</distance>
        </extensions>
      </trkpt>
      <trkpt lat="45.87653" lon="7.17443">
        <ele>2573</ele>
        <extensions>
          <distance>13946</distance>
        </extensions>
      </trkpt>
      <trkpt lat="45.87668" lon="7.17431">
        <ele>2573</ele>
        <extensions>
          <distance>13965</distance>
        </extensions>
      </trkpt>
      <trkpt lat="45.87679" lon="7.17415">
        <ele>2574</ele>
        <extensions>
          <distance>13983</distance>
        </extensions>
      </trkpt>
      <trkpt lat="45.87691" lon="7.17393">
        <ele>2574</ele>
        <extensions>
          <distance>14004</distance>
        </extensions>
      </trkpt>
      <trkpt lat="45.87698" lon="7.17368">
        <ele>2576</ele>
        <extensions>
          <distance>14025</distance>
        </extensions>
      </trkpt>
      <trkpt lat="45.87707" lon="7.17352">
        <ele>2577</ele>
        <extensions>
          <distance>14041</distance>
        </extensions>
      </trkpt>
      <trkpt lat="45.877142500000005" lon="7.173215">
        <ele>2579.5</ele>
        <extensions>
          <distance>14066</distance>
        </extensions>
      </trkpt>
      <trkpt lat="45.87721500000001" lon="7.17291">
        <ele>2583</ele>
        <extensions>
          <distance>14092</distance>
        </extensions>
      </trkpt>
      <trkpt lat="45.87728750000001" lon="7.172605">
        <ele>2586.5</ele>
        <extensions>
          <distance>14117</distance>
        </extensions>
      </trkpt>
      <trkpt lat="45.87736" lon="7.1723">
        <ele>2589</ele>
        <extensions>
          <distance>14142</distance>
        </extensions>
      </trkpt>
      <trkpt lat="45.877375" lon="7.172079999999999">
        <ele>2589.5</ele>
        <extensions>
          <distance>14159</distance>
        </extensions>
      </trkpt>
      <trkpt lat="45.87739" lon="7.17186">
        <ele>2590</ele>
        <extensions>
          <distance>14176</distance>
        </extensions>
      </trkpt>
      <trkpt lat="45.87737" lon="7.17169">
        <ele>2590</ele>
        <extensions>
          <distance>14190</distance>
        </extensions>
      </trkpt>
      <trkpt lat="45.87742" lon="7.17148">
        <ele>2592</ele>
        <extensions>
          <distance>14207</distance>
        </extensions>
      </trkpt>
      <trkpt lat="45.877545" lon="7.171279999999999">
        <ele>2594</ele>
        <extensions>
          <distance>14228</distance>
        </extensions>
      </trkpt>
      <trkpt lat="45.87767" lon="7.17108">
        <ele>2596</ele>
        <extensions>
          <distance>14249</distance>
        </extensions>
      </trkpt>
      <trkpt lat="45.877865" lon="7.17094">
        <ele>2605</ele>
        <extensions>
          <distance>14274</distance>
        </extensions>
      </trkpt>
      <trkpt lat="45.87806" lon="7.1708">
        <ele>2607</ele>
        <extensions>
          <distance>14299</distance>
        </extensions>
      </trkpt>
      <trkpt lat="45.87788" lon="7.17065">
        <ele>2614</ele>
        <extensions>
          <distance>14323</distance>
        </extensions>
      </trkpt>
      <trkpt lat="45.878035" lon="7.17054">
        <ele>2617.5</ele>
        <extensions>
          <distance>14342</distance>
        </extensions>
      </trkpt>
      <trkpt lat="45.87819" lon="7.17043">
        <ele>2621</ele>
        <extensions>
          <distance>14362</distance>
        </extensions>
      </trkpt>
      <trkpt lat="45.87827" lon="7.17042">
        <ele>2623</ele>
        <extensions>
          <distance>14371</distance>
        </extensions>
      </trkpt>
      <trkpt lat="45.87843" lon="7.17019">
        <ele>2628</ele>
        <extensions>
          <distance>14396</distance>
        </extensions>
      </trkpt>
      <trkpt lat="45.8786" lon="7.17013">
        <ele>2629</ele>
        <extensions>
          <distance>14416</distance>
        </extensions>
      </trkpt>
      <trkpt lat="45.87876" lon="7.170165000000001">
        <ele>2631</ele>
        <extensions>
          <distance>14434</distance>
        </extensions>
      </trkpt>
      <trkpt lat="45.87892" lon="7.1702">
        <ele>2634</ele>
        <extensions>
          <distance>14452</distance>
        </extensions>
      </trkpt>
      <trkpt lat="45.87903" lon="7.170070000000001">
        <ele>2637</ele>
        <extensions>
          <distance>14468</distance>
        </extensions>
      </trkpt>
      <trkpt lat="45.87914" lon="7.16994">
        <ele>2644</ele>
        <extensions>
          <distance>14486</distance>
        </extensions>
      </trkpt>
      <trkpt lat="45.87923" lon="7.16974">
        <ele>2649</ele>
        <extensions>
          <distance>14505</distance>
        </extensions>
      </trkpt>
      <trkpt lat="45.87933" lon="7.16966">
        <ele>2651</ele>
        <extensions>
          <distance>14518</distance>
        </extensions>
      </trkpt>
      <trkpt lat="45.87951" lon="7.16961">
        <ele>2653</ele>
        <extensions>
          <distance>14538</distance>
        </extensions>
      </trkpt>
      <trkpt lat="45.87961" lon="7.16966">
        <ele>2655</ele>
        <extensions>
          <distance>14550</distance>
        </extensions>
      </trkpt>
      <trkpt lat="45.87979" lon="7.16959">
        <ele>2659</ele>
        <extensions>
          <distance>14571</distance>
        </extensions>
      </trkpt>
      <trkpt lat="45.87981" lon="7.16963">
        <ele>2661</ele>
        <extensions>
          <distance>14575</distance>
        </extensions>
      </trkpt>
      <trkpt lat="45.87994" lon="7.16964">
        <ele>2663</ele>
        <extensions>
          <distance>14590</distance>
        </extensions>
      </trkpt>
      <trkpt lat="45.88019" lon="7.16958">
        <ele>2669</ele>
        <extensions>
          <distance>14619</distance>
        </extensions>
      </trkpt>
      <trkpt lat="45.880415" lon="7.16967">
        <ele>2672.5</ele>
        <extensions>
          <distance>14645</distance>
        </extensions>
      </trkpt>
      <trkpt lat="45.88064" lon="7.16976">
        <ele>2676</ele>
        <extensions>
          <distance>14671</distance>
        </extensions>
      </trkpt>
      <trkpt lat="45.88086" lon="7.16996">
        <ele>2679</ele>
        <extensions>
          <distance>14700</distance>
        </extensions>
      </trkpt>
      <trkpt lat="45.88091" lon="7.17008">
        <ele>2679</ele>
        <extensions>
          <distance>14711</distance>
        </extensions>
      </trkpt>
      <trkpt lat="45.88096" lon="7.17009">
        <ele>2679</ele>
        <extensions>
          <distance>14717</distance>
        </extensions>
      </trkpt>
      <trkpt lat="45.88102" lon="7.17021">
        <ele>2680</ele>
        <extensions>
          <distance>14728</distance>
        </extensions>
      </trkpt>
      <trkpt lat="45.88109" lon="7.17028">
        <ele>2683</ele>
        <extensions>
          <distance>14738</distance>
        </extensions>
      </trkpt>
      <trkpt lat="45.88126" lon="7.1704">
        <ele>2687</ele>
        <extensions>
          <distance>14759</distance>
        </extensions>
      </trkpt>
      <trkpt lat="45.88137" lon="7.1704">
        <ele>2689</ele>
        <extensions>
          <distance>14772</distance>
        </extensions>
      </trkpt>
      <trkpt lat="45.88148" lon="7.17049">
        <ele>2692</ele>
        <extensions>
          <distance>14786</distance>
        </extensions>
      </trkpt>
      <trkpt lat="45.88154" lon="7.17059">
        <ele>2694</ele>
        <extensions>
          <distance>14796</distance>
        </extensions>
      </trkpt>
      <trkpt lat="45.8816" lon="7.17072">
        <ele>2696</ele>
        <extensions>
          <distance>14809</distance>
        </extensions>
      </trkpt>
      <trkpt lat="45.88166" lon="7.17049">
        <ele>2701</ele>
        <extensions>
          <distance>14829</distance>
        </extensions>
      </trkpt>
      <trkpt lat="45.88162" lon="7.17011">
        <ele>2707</ele>
        <extensions>
          <distance>14859</distance>
        </extensions>
      </trkpt>
      <trkpt lat="45.88153" lon="7.16978">
        <ele>2711</ele>
        <extensions>
          <distance>14887</distance>
        </extensions>
      </trkpt>
      <trkpt lat="45.88146" lon="7.16964">
        <ele>2711</ele>
        <extensions>
          <distance>14900</distance>
        </extensions>
      </trkpt>
      <trkpt lat="45.88155999999999" lon="7.1695">
        <ele>2711</ele>
        <extensions>
          <distance>14916</distance>
        </extensions>
      </trkpt>
      <trkpt lat="45.88166" lon="7.16936">
        <ele>2711</ele>
        <extensions>
          <distance>14931</distance>
        </extensions>
      </trkpt>
      <trkpt lat="45.88179" lon="7.16943">
        <ele>2708</ele>
        <extensions>
          <distance>14947</distance>
        </extensions>
      </trkpt>
      <trkpt lat="45.88179" lon="7.16938">
        <ele>2706</ele>
        <extensions>
          <distance>14951</distance>
        </extensions>
      </trkpt>
      <trkpt lat="45.88171" lon="7.16925">
        <ele>2704</ele>
        <extensions>
          <distance>14965</distance>
        </extensions>
      </trkpt>
      <trkpt lat="45.881495" lon="7.169145">
        <ele>2698.5</ele>
        <extensions>
          <distance>14990</distance>
        </extensions>
      </trkpt>
      <trkpt lat="45.88128" lon="7.16904">
        <ele>2693</ele>
        <extensions>
          <distance>15016</distance>
        </extensions>
      </trkpt>
      <trkpt lat="45.881434999999996" lon="7.169005">
        <ele>2688.5</ele>
        <extensions>
          <distance>15034</distance>
        </extensions>
      </trkpt>
      <trkpt lat="45.88159" lon="7.16897">
        <ele>2684</ele>
        <extensions>
          <distance>15052</distance>
        </extensions>
      </trkpt>
      <trkpt lat="45.8818" lon="7.1688">
        <ele>2674</ele>
        <extensions>
          <distance>15081</distance>
        </extensions>
      </trkpt>
      <trkpt lat="45.88189" lon="7.16882">
        <ele>2672</ele>
        <extensions>
          <distance>15091</distance>
        </extensions>
      </trkpt>
      <trkpt lat="45.8821" lon="7.16889">
        <ele>2665</ele>
        <extensions>
          <distance>15116</distance>
        </extensions>
      </trkpt>
      <trkpt lat="45.88232" lon="7.16905">
        <ele>2656</ele>
        <extensions>
          <distance>15145</distance>
        </extensions>
      </trkpt>
      <trkpt lat="45.882245" lon="7.16874">
        <ele>2650.5</ele>
        <extensions>
          <distance>15171</distance>
        </extensions>
      </trkpt>
      <trkpt lat="45.88217" lon="7.16843">
        <ele>2645</ele>
        <extensions>
          <distance>15197</distance>
        </extensions>
      </trkpt>
      <trkpt lat="45.882365" lon="7.1686">
        <ele>2638.5</ele>
        <extensions>
          <distance>15223</distance>
        </extensions>
      </trkpt>
      <trkpt lat="45.88256" lon="7.16877">
        <ele>2632</ele>
        <extensions>
          <distance>15249</distance>
        </extensions>
      </trkpt>
      <trkpt lat="45.88266" lon="7.16899">
        <ele>2626</ele>
        <extensions>
          <distance>15271</distance>
        </extensions>
      </trkpt>
      <trkpt lat="45.88273" lon="7.16906">
        <ele>2623</ele>
        <extensions>
          <distance>15281</distance>
        </extensions>
      </trkpt>
      <trkpt lat="45.88282" lon="7.16909">
        <ele>2619</ele>
        <extensions>
          <distance>15292</distance>
        </extensions>
      </trkpt>
      <trkpt lat="45.8829" lon="7.16922">
        <ele>2616</ele>
        <extensions>
          <distance>15305</distance>
        </extensions>
      </trkpt>
      <trkpt lat="45.88293" lon="7.16913">
        <ele>2609</ele>
        <extensions>
          <distance>15316</distance>
        </extensions>
      </trkpt>
      <trkpt lat="45.88293" lon="7.16889">
        <ele>2606</ele>
        <extensions>
          <distance>15335</distance>
        </extensions>
      </trkpt>
      <trkpt lat="45.88305" lon="7.16864">
        <ele>2603</ele>
        <extensions>
          <distance>15359</distance>
        </extensions>
      </trkpt>
      <trkpt lat="45.88308" lon="7.16876">
        <ele>2600</ele>
        <extensions>
          <distance>15369</distance>
        </extensions>
      </trkpt>
      <trkpt lat="45.8831" lon="7.16891">
        <ele>2598</ele>
        <extensions>
          <distance>15381</distance>
        </extensions>
      </trkpt>
      <trkpt lat="45.883195" lon="7.169065">
        <ele>2593</ele>
        <extensions>
          <distance>15398</distance>
        </extensions>
      </trkpt>
      <trkpt lat="45.88329" lon="7.16922">
        <ele>2588</ele>
        <extensions>
          <distance>15414</distance>
        </extensions>
      </trkpt>
      <trkpt lat="45.88333" lon="7.168975">
        <ele>2584</ele>
        <extensions>
          <distance>15434</distance>
        </extensions>
      </trkpt>
      <trkpt lat="45.88337" lon="7.16873">
        <ele>2580</ele>
        <extensions>
          <distance>15454</distance>
        </extensions>
      </trkpt>
      <trkpt lat="45.8834" lon="7.16889">
        <ele>2578</ele>
        <extensions>
          <distance>15467</distance>
        </extensions>
      </trkpt>
      <trkpt lat="45.88346" lon="7.169">
        <ele>2575</ele>
        <extensions>
          <distance>15478</distance>
        </extensions>
      </trkpt>
      <trkpt lat="45.88351" lon="7.16899">
        <ele>2573</ele>
        <extensions>
          <distance>15484</distance>
        </extensions>
      </trkpt>
      <trkpt lat="45.88351" lon="7.16881">
        <ele>2570</ele>
        <extensions>
          <distance>15499</distance>
        </extensions>
      </trkpt>
      <trkpt lat="45.88372" lon="7.16903">
        <ele>2562</ele>
        <extensions>
          <distance>15529</distance>
        </extensions>
      </trkpt>
      <trkpt lat="45.8836" lon="7.168685">
        <ele>2555</ele>
        <extensions>
          <distance>15559</distance>
        </extensions>
      </trkpt>
      <trkpt lat="45.88348" lon="7.16834">
        <ele>2548</ele>
        <extensions>
          <distance>15590</distance>
        </extensions>
      </trkpt>
      <trkpt lat="45.88348" lon="7.16829">
        <ele>2547</ele>
        <extensions>
          <distance>15594</distance>
        </extensions>
      </trkpt>
      <trkpt lat="45.88358" lon="7.16835">
        <ele>2545</ele>
        <extensions>
          <distance>15606</distance>
        </extensions>
      </trkpt>
      <trkpt lat="45.88357" lon="7.16829">
        <ele>2544</ele>
        <extensions>
          <distance>15611</distance>
        </extensions>
      </trkpt>
      <trkpt lat="45.88346" lon="7.168145">
        <ele>2540</ele>
        <extensions>
          <distance>15628</distance>
        </extensions>
      </trkpt>
      <trkpt lat="45.88335" lon="7.168">
        <ele>2536</ele>
        <extensions>
          <distance>15645</distance>
        </extensions>
      </trkpt>
      <trkpt lat="45.88326" lon="7.16775">
        <ele>2531</ele>
        <extensions>
          <distance>15668</distance>
        </extensions>
      </trkpt>
      <trkpt lat="45.88348" lon="7.1679">
        <ele>2524</ele>
        <extensions>
          <distance>15696</distance>
        </extensions>
      </trkpt>
      <trkpt lat="45.88347" lon="7.16782">
        <ele>2523</ele>
        <extensions>
          <distance>15702</distance>
        </extensions>
      </trkpt>
      <trkpt lat="45.88337" lon="7.16763">
        <ele>2520</ele>
        <extensions>
          <distance>15721</distance>
        </extensions>
      </trkpt>
      <trkpt lat="45.883505" lon="7.167705">
        <ele>2515.5</ele>
        <extensions>
          <distance>15738</distance>
        </extensions>
      </trkpt>
      <trkpt lat="45.88364" lon="7.16778">
        <ele>2511</ele>
        <extensions>
          <distance>15754</distance>
        </extensions>
      </trkpt>
      <trkpt lat="45.88361" lon="7.16767">
        <ele>2509</ele>
        <extensions>
          <distance>15763</distance>
        </extensions>
      </trkpt>
      <trkpt lat="45.883725" lon="7.1678049999999995">
        <ele>2506</ele>
        <extensions>
          <distance>15780</distance>
        </extensions>
      </trkpt>
      <trkpt lat="45.88384" lon="7.16794">
        <ele>2506</ele>
        <extensions>
          <distance>15797</distance>
        </extensions>
      </trkpt>
      <trkpt lat="45.88386" lon="7.16791">
        <ele>2504</ele>
        <extensions>
          <distance>15800</distance>
        </extensions>
      </trkpt>
      <trkpt lat="45.88393" lon="7.16799">
        <ele>2503</ele>
        <extensions>
          <distance>15810</distance>
        </extensions>
      </trkpt>
      <trkpt lat="45.88399" lon="7.16804">
        <ele>2501</ele>
        <extensions>
          <distance>15818</distance>
        </extensions>
      </trkpt>
      <trkpt lat="45.883905" lon="7.167735">
        <ele>2498</ele>
        <extensions>
          <distance>15844</distance>
        </extensions>
      </trkpt>
      <trkpt lat="45.88382" lon="7.16743">
        <ele>2484</ele>
        <extensions>
          <distance>15873</distance>
        </extensions>
      </trkpt>
      <trkpt lat="45.88367" lon="7.16729">
        <ele>2483</ele>
        <extensions>
          <distance>15893</distance>
        </extensions>
      </trkpt>
      <trkpt lat="45.88366" lon="7.16704">
        <ele>2483</ele>
        <extensions>
          <distance>15912</distance>
        </extensions>
      </trkpt>
      <trkpt lat="45.88381" lon="7.1668">
        <ele>2480</ele>
        <extensions>
          <distance>15937</distance>
        </extensions>
      </trkpt>
      <trkpt lat="45.883849999999995" lon="7.166600000000001">
        <ele>2479.5</ele>
        <extensions>
          <distance>15954</distance>
        </extensions>
      </trkpt>
      <trkpt lat="45.88389" lon="7.1664">
        <ele>2479</ele>
        <extensions>
          <distance>15970</distance>
        </extensions>
      </trkpt>
      <trkpt lat="45.88393" lon="7.16642">
        <ele>2478</ele>
        <extensions>
          <distance>15974</distance>
        </extensions>
      </trkpt>
      <trkpt lat="45.88393" lon="7.16669">
        <ele>2472</ele>
        <extensions>
          <distance>15996</distance>
        </extensions>
      </trkpt>
      <trkpt lat="45.88396" lon="7.16665">
        <ele>2471</ele>
        <extensions>
          <distance>16001</distance>
        </extensions>
      </trkpt>
      <trkpt lat="45.884" lon="7.16646">
        <ele>2471</ele>
        <extensions>
          <distance>16016</distance>
        </extensions>
      </trkpt>
      <trkpt lat="45.88402" lon="7.16611">
        <ele>2467</ele>
        <extensions>
          <distance>16043</distance>
        </extensions>
      </trkpt>
      <trkpt lat="45.88406" lon="7.16599">
        <ele>2464</ele>
        <extensions>
          <distance>16054</distance>
        </extensions>
      </trkpt>
      <trkpt lat="45.8842" lon="7.1658100000000005">
        <ele>2459</ele>
        <extensions>
          <distance>16076</distance>
        </extensions>
      </trkpt>
      <trkpt lat="45.88434" lon="7.16563">
        <ele>2454</ele>
        <extensions>
          <distance>16097</distance>
        </extensions>
      </trkpt>
      <trkpt lat="45.884434999999996" lon="7.165315">
        <ele>2448.5</ele>
        <extensions>
          <distance>16124</distance>
        </extensions>
      </trkpt>
      <trkpt lat="45.88453" lon="7.165">
        <ele>2443</ele>
        <extensions>
          <distance>16152</distance>
        </extensions>
      </trkpt>
      <trkpt lat="45.88453" lon="7.16487">
        <ele>2441</ele>
        <extensions>
          <distance>16162</distance>
        </extensions>
      </trkpt>
      <trkpt lat="45.8846" lon="7.16473">
        <ele>2439</ele>
        <extensions>
          <distance>16175</distance>
        </extensions>
      </trkpt>
      <trkpt lat="45.88467" lon="7.16469">
        <ele>2436</ele>
        <extensions>
          <distance>16184</distance>
        </extensions>
      </trkpt>
      <trkpt lat="45.88474" lon="7.16455">
        <ele>2434</ele>
        <extensions>
          <distance>16198</distance>
        </extensions>
      </trkpt>
      <trkpt lat="45.88468" lon="7.16439">
        <ele>2433</ele>
        <extensions>
          <distance>16212</distance>
        </extensions>
      </trkpt>
      <trkpt lat="45.88469" lon="7.1643">
        <ele>2432</ele>
        <extensions>
          <distance>16219</distance>
        </extensions>
      </trkpt>
      <trkpt lat="45.88476" lon="7.16417">
        <ele>2431</ele>
        <extensions>
          <distance>16232</distance>
        </extensions>
      </trkpt>
      <trkpt lat="45.88475" lon="7.16408">
        <ele>2431</ele>
        <extensions>
          <distance>16239</distance>
        </extensions>
      </trkpt>
      <trkpt lat="45.88482" lon="7.16387">
        <ele>2430</ele>
        <extensions>
          <distance>16257</distance>
        </extensions>
      </trkpt>
      <trkpt lat="45.88482" lon="7.16366">
        <ele>2428</ele>
        <extensions>
          <distance>16273</distance>
        </extensions>
      </trkpt>
      <trkpt lat="45.88482" lon="7.16345">
        <ele>2426</ele>
        <extensions>
          <distance>16290</distance>
        </extensions>
      </trkpt>
      <trkpt lat="45.884915" lon="7.163225000000001">
        <ele>2423</ele>
        <extensions>
          <distance>16310</distance>
        </extensions>
      </trkpt>
      <trkpt lat="45.88501" lon="7.163">
        <ele>2420</ele>
        <extensions>
          <distance>16331</distance>
        </extensions>
      </trkpt>
      <trkpt lat="45.88514" lon="7.16282">
        <ele>2420</ele>
        <extensions>
          <distance>16351</distance>
        </extensions>
      </trkpt>
      <trkpt lat="45.885257499999994" lon="7.16266875">
        <ele>2418.625</ele>
        <extensions>
          <distance>16369</distance>
        </extensions>
      </trkpt>
      <trkpt lat="45.885374999999996" lon="7.1625175">
        <ele>2417.25</ele>
        <extensions>
          <distance>16386</distance>
        </extensions>
      </trkpt>
      <trkpt lat="45.8854925" lon="7.16236625">
        <ele>2415.875</ele>
        <extensions>
          <distance>16404</distance>
        </extensions>
      </trkpt>
      <trkpt lat="45.88561" lon="7.162215">
        <ele>2414.5</ele>
        <extensions>
          <distance>16422</distance>
        </extensions>
      </trkpt>
      <trkpt lat="45.8857275" lon="7.16206375">
        <ele>2413.125</ele>
        <extensions>
          <distance>16439</distance>
        </extensions>
      </trkpt>
      <trkpt lat="45.885845" lon="7.1619125">
        <ele>2411.75</ele>
        <extensions>
          <distance>16457</distance>
        </extensions>
      </trkpt>
      <trkpt lat="45.885962500000005" lon="7.16176125">
        <ele>2410.375</ele>
        <extensions>
          <distance>16474</distance>
        </extensions>
      </trkpt>
      <trkpt lat="45.88608" lon="7.16161">
        <ele>2409</ele>
        <extensions>
          <distance>16492</distance>
        </extensions>
      </trkpt>
      <trkpt lat="45.886165" lon="7.16144">
        <ele>2409</ele>
        <extensions>
          <distance>16508</distance>
        </extensions>
      </trkpt>
      <trkpt lat="45.88625" lon="7.16127">
        <ele>2408.5</ele>
        <extensions>
          <distance>16524</distance>
        </extensions>
      </trkpt>
      <trkpt lat="45.88631" lon="7.161">
        <ele>2408.5</ele>
        <extensions>
          <distance>16546</distance>
        </extensions>
      </trkpt>
      <trkpt lat="45.886390000000006" lon="7.161175">
        <ele>2408</ele>
        <extensions>
          <distance>16563</distance>
        </extensions>
      </trkpt>
      <trkpt lat="45.88647" lon="7.16135">
        <ele>2406.5</ele>
        <extensions>
          <distance>16579</distance>
        </extensions>
      </trkpt>
      <trkpt lat="45.886455" lon="7.16167">
        <ele>2404</ele>
        <extensions>
          <distance>16604</distance>
        </extensions>
      </trkpt>
      <trkpt lat="45.88644" lon="7.16199">
        <ele>2404</ele>
        <extensions>
          <distance>16629</distance>
        </extensions>
      </trkpt>
      <trkpt lat="45.88653" lon="7.16208">
        <ele>2393</ele>
        <extensions>
          <distance>16643</distance>
        </extensions>
      </trkpt>
      <trkpt lat="45.88655" lon="7.16226">
        <ele>2391</ele>
        <extensions>
          <distance>16657</distance>
        </extensions>
      </trkpt>
      <trkpt lat="45.886534999999995" lon="7.162475">
        <ele>2388.5</ele>
        <extensions>
          <distance>16674</distance>
        </extensions>
      </trkpt>
      <trkpt lat="45.88652" lon="7.16269">
        <ele>2386</ele>
        <extensions>
          <distance>16691</distance>
        </extensions>
      </trkpt>
      <trkpt lat="45.88657499999999" lon="7.16287">
        <ele>2382.5</ele>
        <extensions>
          <distance>16706</distance>
        </extensions>
      </trkpt>
      <trkpt lat="45.88663" lon="7.16305">
        <ele>2379</ele>
        <extensions>
          <distance>16722</distance>
        </extensions>
      </trkpt>
      <trkpt lat="45.88672" lon="7.1632">
        <ele>2376</ele>
        <extensions>
          <distance>16738</distance>
        </extensions>
      </trkpt>
      <trkpt lat="45.8867" lon="7.16339">
        <ele>2374</ele>
        <extensions>
          <distance>16753</distance>
        </extensions>
      </trkpt>
      <trkpt lat="45.88677" lon="7.16363">
        <ele>2370</ele>
        <extensions>
          <distance>16773</distance>
        </extensions>
      </trkpt>
      <trkpt lat="45.88686" lon="7.16375">
        <ele>2367</ele>
        <extensions>
          <distance>16787</distance>
        </extensions>
      </trkpt>
      <trkpt lat="45.88689" lon="7.16404">
        <ele>2364</ele>
        <extensions>
          <distance>16810</distance>
        </extensions>
      </trkpt>
      <trkpt lat="45.88697" lon="7.1642">
        <ele>2362</ele>
        <extensions>
          <distance>16826</distance>
        </extensions>
      </trkpt>
      <trkpt lat="45.88701" lon="7.16435">
        <ele>2362</ele>
        <extensions>
          <distance>16838</distance>
        </extensions>
      </trkpt>
      <trkpt lat="45.88713" lon="7.16455">
        <ele>2360</ele>
        <extensions>
          <distance>16859</distance>
        </extensions>
      </trkpt>
      <trkpt lat="45.8871" lon="7.16493">
        <ele>2355</ele>
        <extensions>
          <distance>16889</distance>
        </extensions>
      </trkpt>
      <trkpt lat="45.887159999999994" lon="7.165134999999999">
        <ele>2353.5</ele>
        <extensions>
          <distance>16906</distance>
        </extensions>
      </trkpt>
      <trkpt lat="45.88722" lon="7.16534">
        <ele>2352</ele>
        <extensions>
          <distance>16923</distance>
        </extensions>
      </trkpt>
      <trkpt lat="45.88731" lon="7.16547">
        <ele>2351</ele>
        <extensions>
          <distance>16938</distance>
        </extensions>
      </trkpt>
      <trkpt lat="45.887519999999995" lon="7.165665000000001">
        <ele>2348.5</ele>
        <extensions>
          <distance>16966</distance>
        </extensions>
      </trkpt>
      <trkpt lat="45.88773" lon="7.16586">
        <ele>2346</ele>
        <extensions>
          <distance>16993</distance>
        </extensions>
      </trkpt>
      <trkpt lat="45.88782" lon="7.16601">
        <ele>2345</ele>
        <extensions>
          <distance>17009</distance>
        </extensions>
      </trkpt>
      <trkpt lat="45.88797" lon="7.16615">
        <ele>2344</ele>
        <extensions>
          <distance>17029</distance>
        </extensions>
      </trkpt>
      <trkpt lat="45.88805" lon="7.16638">
        <ele>2342</ele>
        <extensions>
          <distance>17049</distance>
        </extensions>
      </trkpt>
      <trkpt lat="45.88809" lon="7.16646">
        <ele>2340</ele>
        <extensions>
          <distance>17057</distance>
        </extensions>
      </trkpt>
      <trkpt lat="45.88817" lon="7.16656">
        <ele>2338</ele>
        <extensions>
          <distance>17069</distance>
        </extensions>
      </trkpt>
      <trkpt lat="45.88822" lon="7.1667">
        <ele>2336</ele>
        <extensions>
          <distance>17081</distance>
        </extensions>
      </trkpt>
      <trkpt lat="45.88837" lon="7.16682">
        <ele>2333</ele>
        <extensions>
          <distance>17100</distance>
        </extensions>
      </trkpt>
      <trkpt lat="45.88843" lon="7.16695">
        <ele>2331</ele>
        <extensions>
          <distance>17113</distance>
        </extensions>
      </trkpt>
      <trkpt lat="45.88846" lon="7.16722">
        <ele>2327</ele>
        <extensions>
          <distance>17134</distance>
        </extensions>
      </trkpt>
      <trkpt lat="45.888565" lon="7.167385">
        <ele>2325</ele>
        <extensions>
          <distance>17152</distance>
        </extensions>
      </trkpt>
      <trkpt lat="45.88867" lon="7.16755">
        <ele>2323</ele>
        <extensions>
          <distance>17169</distance>
        </extensions>
      </trkpt>
      <trkpt lat="45.888825" lon="7.167725000000001">
        <ele>2321</ele>
        <extensions>
          <distance>17191</distance>
        </extensions>
      </trkpt>
      <trkpt lat="45.88898" lon="7.1679">
        <ele>2319</ele>
        <extensions>
          <distance>17213</distance>
        </extensions>
      </trkpt>
      <trkpt lat="45.889165" lon="7.16804">
        <ele>2309</ele>
        <extensions>
          <distance>17239</distance>
        </extensions>
      </trkpt>
      <trkpt lat="45.88935" lon="7.16818">
        <ele>2306</ele>
        <extensions>
          <distance>17262</distance>
        </extensions>
      </trkpt>
      <trkpt lat="45.889525000000006" lon="7.16835">
        <ele>2304</ele>
        <extensions>
          <distance>17285</distance>
        </extensions>
      </trkpt>
      <trkpt lat="45.889700000000005" lon="7.16852">
        <ele>2302</ele>
        <extensions>
          <distance>17309</distance>
        </extensions>
      </trkpt>
      <trkpt lat="45.889875" lon="7.16869">
        <ele>2301.5</ele>
        <extensions>
          <distance>17333</distance>
        </extensions>
      </trkpt>
      <trkpt lat="45.89005" lon="7.16886">
        <ele>2301</ele>
        <extensions>
          <distance>17356</distance>
        </extensions>
      </trkpt>
      <trkpt lat="45.890195000000006" lon="7.16896">
        <ele>2299</ele>
        <extensions>
          <distance>17374</distance>
        </extensions>
      </trkpt>
      <trkpt lat="45.89034" lon="7.16906">
        <ele>2299</ele>
        <extensions>
          <distance>17392</distance>
        </extensions>
      </trkpt>
      <trkpt lat="45.89044" lon="7.16926">
        <ele>2296</ele>
        <extensions>
          <distance>17411</distance>
        </extensions>
      </trkpt>
      <trkpt lat="45.89056" lon="7.16936">
        <ele>2294</ele>
        <extensions>
          <distance>17427</distance>
        </extensions>
      </trkpt>
      <trkpt lat="45.89068" lon="7.16946">
        <ele>2292</ele>
        <extensions>
          <distance>17442</distance>
        </extensions>
      </trkpt>
      <trkpt lat="45.89088" lon="7.16969">
        <ele>2287</ele>
        <extensions>
          <distance>17471</distance>
        </extensions>
      </trkpt>
      <trkpt lat="45.89106" lon="7.16979">
        <ele>2286</ele>
        <extensions>
          <distance>17493</distance>
        </extensions>
      </trkpt>
      <trkpt lat="45.89119" lon="7.17">
        <ele>2284</ele>
        <extensions>
          <distance>17515</distance>
        </extensions>
      </trkpt>
      <trkpt lat="45.89132" lon="7.17021">
        <ele>2282</ele>
        <extensions>
          <distance>17536</distance>
        </extensions>
      </trkpt>
      <trkpt lat="45.89141" lon="7.1703">
        <ele>2281</ele>
        <extensions>
          <distance>17549</distance>
        </extensions>
      </trkpt>
      <trkpt lat="45.89146" lon="7.17041">
        <ele>2280</ele>
        <extensions>
          <distance>17559</distance>
        </extensions>
      </trkpt>
      <trkpt lat="45.89153" lon="7.17062">
        <ele>2279</ele>
        <extensions>
          <distance>17577</distance>
        </extensions>
      </trkpt>
      <trkpt lat="45.89162" lon="7.170765">
        <ele>2278.5</ele>
        <extensions>
          <distance>17592</distance>
        </extensions>
      </trkpt>
      <trkpt lat="45.89171" lon="7.17091">
        <ele>2278</ele>
        <extensions>
          <distance>17607</distance>
        </extensions>
      </trkpt>
      <trkpt lat="45.891845" lon="7.17115">
        <ele>2277</ele>
        <extensions>
          <distance>17631</distance>
        </extensions>
      </trkpt>
      <trkpt lat="45.89198" lon="7.17139">
        <ele>2277</ele>
        <extensions>
          <distance>17655</distance>
        </extensions>
      </trkpt>
      <trkpt lat="45.89213" lon="7.17144">
        <ele>2276</ele>
        <extensions>
          <distance>17672</distance>
        </extensions>
      </trkpt>
      <trkpt lat="45.89225" lon="7.17162">
        <ele>2275</ele>
        <extensions>
          <distance>17692</distance>
        </extensions>
      </trkpt>
      <trkpt lat="45.89236" lon="7.17182">
        <ele>2272</ele>
        <extensions>
          <distance>17712</distance>
        </extensions>
      </trkpt>
      <trkpt lat="45.89247" lon="7.17202">
        <ele>2267</ele>
        <extensions>
          <distance>17732</distance>
        </extensions>
      </trkpt>
      <trkpt lat="45.89258" lon="7.1723">
        <ele>2263.5</ele>
        <extensions>
          <distance>17757</distance>
        </extensions>
      </trkpt>
      <trkpt lat="45.89269" lon="7.17258">
        <ele>2260</ele>
        <extensions>
          <distance>17782</distance>
        </extensions>
      </trkpt>
      <trkpt lat="45.892735" lon="7.1728950000000005">
        <ele>2256.5</ele>
        <extensions>
          <distance>17807</distance>
        </extensions>
      </trkpt>
      <trkpt lat="45.89278" lon="7.17321">
        <ele>2253</ele>
        <extensions>
          <distance>17833</distance>
        </extensions>
      </trkpt>
      <trkpt lat="45.89283" lon="7.17329">
        <ele>2251</ele>
        <extensions>
          <distance>17841</distance>
        </extensions>
      </trkpt>
      <trkpt lat="45.89283" lon="7.17353">
        <ele>2247</ele>
        <extensions>
          <distance>17860</distance>
        </extensions>
      </trkpt>
      <trkpt lat="45.89286" lon="7.17355">
        <ele>2245</ele>
        <extensions>
          <distance>17864</distance>
        </extensions>
      </trkpt>
      <trkpt lat="45.89285" lon="7.17359">
        <ele>2244</ele>
        <extensions>
          <distance>17868</distance>
        </extensions>
      </trkpt>
      <trkpt lat="45.8929" lon="7.17365">
        <ele>2243</ele>
        <extensions>
          <distance>17875</distance>
        </extensions>
      </trkpt>
      <trkpt lat="45.89296" lon="7.17388">
        <ele>2239</ele>
        <extensions>
          <distance>17895</distance>
        </extensions>
      </trkpt>
      <trkpt lat="45.89292" lon="7.17404">
        <ele>2236</ele>
        <extensions>
          <distance>17908</distance>
        </extensions>
      </trkpt>
      <trkpt lat="45.89295" lon="7.1741">
        <ele>2234</ele>
        <extensions>
          <distance>17914</distance>
        </extensions>
      </trkpt>
      <trkpt lat="45.8929" lon="7.17418">
        <ele>2232</ele>
        <extensions>
          <distance>17923</distance>
        </extensions>
      </trkpt>
      <trkpt lat="45.89294" lon="7.17422">
        <ele>2231</ele>
        <extensions>
          <distance>17928</distance>
        </extensions>
      </trkpt>
      <trkpt lat="45.89301" lon="7.17455">
        <ele>2225</ele>
        <extensions>
          <distance>17956</distance>
        </extensions>
      </trkpt>
      <trkpt lat="45.89309" lon="7.17472">
        <ele>2221</ele>
        <extensions>
          <distance>17972</distance>
        </extensions>
      </trkpt>
      <trkpt lat="45.893100000000004" lon="7.1750050000000005">
        <ele>2216</ele>
        <extensions>
          <distance>17995</distance>
        </extensions>
      </trkpt>
      <trkpt lat="45.89311" lon="7.17529">
        <ele>2211</ele>
        <extensions>
          <distance>18018</distance>
        </extensions>
      </trkpt>
      <trkpt lat="45.89315" lon="7.17556">
        <ele>2207</ele>
        <extensions>
          <distance>18039</distance>
        </extensions>
      </trkpt>
      <trkpt lat="45.89319" lon="7.17556">
        <ele>2207</ele>
        <extensions>
          <distance>18044</distance>
        </extensions>
      </trkpt>
      <trkpt lat="45.89323" lon="7.17548">
        <ele>2205</ele>
        <extensions>
          <distance>18051</distance>
        </extensions>
      </trkpt>
      <trkpt lat="45.89326" lon="7.17525">
        <ele>2204</ele>
        <extensions>
          <distance>18070</distance>
        </extensions>
      </trkpt>
      <trkpt lat="45.89335" lon="7.17527">
        <ele>2204</ele>
        <extensions>
          <distance>18080</distance>
        </extensions>
      </trkpt>
      <trkpt lat="45.89336" lon="7.17546">
        <ele>2203</ele>
        <extensions>
          <distance>18095</distance>
        </extensions>
      </trkpt>
      <trkpt lat="45.89341" lon="7.175655">
        <ele>2200</ele>
        <extensions>
          <distance>18111</distance>
        </extensions>
      </trkpt>
      <trkpt lat="45.89346" lon="7.17585">
        <ele>2200</ele>
        <extensions>
          <distance>18127</distance>
        </extensions>
      </trkpt>
      <trkpt lat="45.8935" lon="7.17622">
        <ele>2192</ele>
        <extensions>
          <distance>18157</distance>
        </extensions>
      </trkpt>
      <trkpt lat="45.89367" lon="7.17633">
        <ele>2189</ele>
        <extensions>
          <distance>18178</distance>
        </extensions>
      </trkpt>
      <trkpt lat="45.89371" lon="7.17646">
        <ele>2188</ele>
        <extensions>
          <distance>18189</distance>
        </extensions>
      </trkpt>
      <trkpt lat="45.89373" lon="7.1767">
        <ele>2186</ele>
        <extensions>
          <distance>18208</distance>
        </extensions>
      </trkpt>
      <trkpt lat="45.89378" lon="7.17681">
        <ele>2184</ele>
        <extensions>
          <distance>18218</distance>
        </extensions>
      </trkpt>
      <trkpt lat="45.893895" lon="7.17713">
        <ele>2180</ele>
        <extensions>
          <distance>18246</distance>
        </extensions>
      </trkpt>
      <trkpt lat="45.89401" lon="7.17745">
        <ele>2171</ele>
        <extensions>
          <distance>18276</distance>
        </extensions>
      </trkpt>
      <trkpt lat="45.89403" lon="7.17755">
        <ele>2168</ele>
        <extensions>
          <distance>18284</distance>
        </extensions>
      </trkpt>
      <trkpt lat="45.893985" lon="7.177805">
        <ele>2162.5</ele>
        <extensions>
          <distance>18305</distance>
        </extensions>
      </trkpt>
      <trkpt lat="45.89394" lon="7.17806">
        <ele>2157</ele>
        <extensions>
          <distance>18327</distance>
        </extensions>
      </trkpt>
      <trkpt lat="45.89395" lon="7.17817">
        <ele>2154</ele>
        <extensions>
          <distance>18336</distance>
        </extensions>
      </trkpt>
      <trkpt lat="45.89401" lon="7.17826">
        <ele>2152</ele>
        <extensions>
          <distance>18345</distance>
        </extensions>
      </trkpt>
      <trkpt lat="45.89407" lon="7.17851">
        <ele>2149</ele>
        <extensions>
          <distance>18366</distance>
        </extensions>
      </trkpt>
      <trkpt lat="45.89413" lon="7.17862">
        <ele>2148</ele>
        <extensions>
          <distance>18377</distance>
        </extensions>
      </trkpt>
      <trkpt lat="45.89422" lon="7.17866">
        <ele>2147</ele>
        <extensions>
          <distance>18388</distance>
        </extensions>
      </trkpt>
      <trkpt lat="45.8943" lon="7.17871">
        <ele>2145</ele>
        <extensions>
          <distance>18398</distance>
        </extensions>
      </trkpt>
      <trkpt lat="45.89431" lon="7.17882">
        <ele>2144</ele>
        <extensions>
          <distance>18406</distance>
        </extensions>
      </trkpt>
      <trkpt lat="45.89444" lon="7.17898">
        <ele>2141</ele>
        <extensions>
          <distance>18425</distance>
        </extensions>
      </trkpt>
      <trkpt lat="45.89441" lon="7.17908">
        <ele>2139</ele>
        <extensions>
          <distance>18434</distance>
        </extensions>
      </trkpt>
      <trkpt lat="45.89449" lon="7.17925">
        <ele>2136</ele>
        <extensions>
          <distance>18450</distance>
        </extensions>
      </trkpt>
      <trkpt lat="45.89446" lon="7.17932">
        <ele>2134</ele>
        <extensions>
          <distance>18457</distance>
        </extensions>
      </trkpt>
      <trkpt lat="45.89431" lon="7.17938">
        <ele>2130</ele>
        <extensions>
          <distance>18475</distance>
        </extensions>
      </trkpt>
      <trkpt lat="45.89416" lon="7.17962">
        <ele>2127</ele>
        <extensions>
          <distance>18500</distance>
        </extensions>
      </trkpt>
      <trkpt lat="45.89423" lon="7.17981">
        <ele>2122</ele>
        <extensions>
          <distance>18517</distance>
        </extensions>
      </trkpt>
      <trkpt lat="45.89421" lon="7.17988">
        <ele>2119</ele>
        <extensions>
          <distance>18524</distance>
        </extensions>
      </trkpt>
      <trkpt lat="45.89434" lon="7.17999">
        <ele>2113</ele>
        <extensions>
          <distance>18542</distance>
        </extensions>
      </trkpt>
      <trkpt lat="45.89427" lon="7.18023">
        <ele>2109</ele>
        <extensions>
          <distance>18562</distance>
        </extensions>
      </trkpt>
      <trkpt lat="45.89429" lon="7.18032">
        <ele>2108</ele>
        <extensions>
          <distance>18570</distance>
        </extensions>
      </trkpt>
      <trkpt lat="45.89444" lon="7.18028">
        <ele>2104</ele>
        <extensions>
          <distance>18587</distance>
        </extensions>
      </trkpt>
      <trkpt lat="45.8944" lon="7.18041">
        <ele>2100</ele>
        <extensions>
          <distance>18599</distance>
        </extensions>
      </trkpt>
      <trkpt lat="45.89442" lon="7.18045">
        <ele>2098</ele>
        <extensions>
          <distance>18603</distance>
        </extensions>
      </trkpt>
      <trkpt lat="45.89452" lon="7.18042">
        <ele>2098</ele>
        <extensions>
          <distance>18614</distance>
        </extensions>
      </trkpt>
      <trkpt lat="45.89468" lon="7.18029">
        <ele>2096</ele>
        <extensions>
          <distance>18635</distance>
        </extensions>
      </trkpt>
      <trkpt lat="45.89478" lon="7.18037">
        <ele>2095</ele>
        <extensions>
          <distance>18647</distance>
        </extensions>
      </trkpt>
      <trkpt lat="45.89491" lon="7.18038">
        <ele>2094</ele>
        <extensions>
          <distance>18662</distance>
        </extensions>
      </trkpt>
      <trkpt lat="45.89485" lon="7.18049">
        <ele>2091</ele>
        <extensions>
          <distance>18673</distance>
        </extensions>
      </trkpt>
      <trkpt lat="45.89506" lon="7.18061">
        <ele>2084</ele>
        <extensions>
          <distance>18699</distance>
        </extensions>
      </trkpt>
      <trkpt lat="45.89511" lon="7.18072">
        <ele>2082</ele>
        <extensions>
          <distance>18709</distance>
        </extensions>
      </trkpt>
      <trkpt lat="45.89516" lon="7.18088">
        <ele>2079</ele>
        <extensions>
          <distance>18723</distance>
        </extensions>
      </trkpt>
      <trkpt lat="45.89534999999999" lon="7.18108">
        <ele>2079</ele>
        <extensions>
          <distance>18750</distance>
        </extensions>
      </trkpt>
      <trkpt lat="45.89554" lon="7.18128">
        <ele>2070</ele>
        <extensions>
          <distance>18777</distance>
        </extensions>
      </trkpt>
      <trkpt lat="45.89559" lon="7.18125">
        <ele>2070</ele>
        <extensions>
          <distance>18783</distance>
        </extensions>
      </trkpt>
      <trkpt lat="45.89568" lon="7.18129">
        <ele>2070</ele>
        <extensions>
          <distance>18793</distance>
        </extensions>
      </trkpt>
      <trkpt lat="45.895849999999996" lon="7.1815549999999995">
        <ele>2064</ele>
        <extensions>
          <distance>18821</distance>
        </extensions>
      </trkpt>
      <trkpt lat="45.89602" lon="7.18182">
        <ele>2058</ele>
        <extensions>
          <distance>18850</distance>
        </extensions>
      </trkpt>
      <trkpt lat="45.89606" lon="7.18193">
        <ele>2055</ele>
        <extensions>
          <distance>18860</distance>
        </extensions>
      </trkpt>
      <trkpt lat="45.896119999999996" lon="7.182145">
        <ele>2051.5</ele>
        <extensions>
          <distance>18878</distance>
        </extensions>
      </trkpt>
      <trkpt lat="45.89618" lon="7.18236">
        <ele>2048</ele>
        <extensions>
          <distance>18897</distance>
        </extensions>
      </trkpt>
      <trkpt lat="45.8961" lon="7.18233">
        <ele>2045</ele>
        <extensions>
          <distance>18906</distance>
        </extensions>
      </trkpt>
      <trkpt lat="45.89599" lon="7.18231">
        <ele>2044</ele>
        <extensions>
          <distance>18919</distance>
        </extensions>
      </trkpt>
      <trkpt lat="45.89594" lon="7.18241">
        <ele>2044</ele>
        <extensions>
          <distance>18928</distance>
        </extensions>
      </trkpt>
      <trkpt lat="45.896085" lon="7.182577500000001">
        <ele>2044</ele>
        <extensions>
          <distance>18949</distance>
        </extensions>
      </trkpt>
      <trkpt lat="45.89623" lon="7.182745000000001">
        <ele>2044</ele>
        <extensions>
          <distance>18970</distance>
        </extensions>
      </trkpt>
      <trkpt lat="45.896375000000006" lon="7.1829125000000005">
        <ele>2046</ele>
        <extensions>
          <distance>18990</distance>
        </extensions>
      </trkpt>
      <trkpt lat="45.89652" lon="7.18308">
        <ele>2048</ele>
        <extensions>
          <distance>19011</distance>
        </extensions>
      </trkpt>
      <trkpt lat="45.89664" lon="7.18315">
        <ele>2049</ele>
        <extensions>
          <distance>19026</distance>
        </extensions>
      </trkpt>
      <trkpt lat="45.89682" lon="7.183355000000001">
        <ele>2051</ele>
        <extensions>
          <distance>19051</distance>
        </extensions>
      </trkpt>
      <trkpt lat="45.897" lon="7.18356">
        <ele>2051</ele>
        <extensions>
          <distance>19077</distance>
        </extensions>
      </trkpt>
      <trkpt lat="45.8972" lon="7.18382">
        <ele>2051</ele>
        <extensions>
          <distance>19107</distance>
        </extensions>
      </trkpt>
      <trkpt lat="45.89733" lon="7.183975">
        <ele>2051</ele>
        <extensions>
          <distance>19126</distance>
        </extensions>
      </trkpt>
      <trkpt lat="45.89746" lon="7.18413">
        <ele>2049</ele>
        <extensions>
          <distance>19144</distance>
        </extensions>
      </trkpt>
      <trkpt lat="45.89755" lon="7.18435">
        <ele>2046</ele>
        <extensions>
          <distance>19164</distance>
        </extensions>
      </trkpt>
      <trkpt lat="45.89764" lon="7.18457">
        <ele>2044</ele>
        <extensions>
          <distance>19184</distance>
        </extensions>
      </trkpt>
      <trkpt lat="45.897755000000004" lon="7.18476">
        <ele>2043</ele>
        <extensions>
          <distance>19204</distance>
        </extensions>
      </trkpt>
      <trkpt lat="45.89787" lon="7.18495">
        <ele>2035</ele>
        <extensions>
          <distance>19225</distance>
        </extensions>
      </trkpt>
      <trkpt lat="45.89796" lon="7.1853">
        <ele>2034</ele>
        <extensions>
          <distance>19254</distance>
        </extensions>
      </trkpt>
      <trkpt lat="45.89798" lon="7.18552">
        <ele>2028</ele>
        <extensions>
          <distance>19272</distance>
        </extensions>
      </trkpt>
      <trkpt lat="45.89813" lon="7.18577">
        <ele>2025</ele>
        <extensions>
          <distance>19297</distance>
        </extensions>
      </trkpt>
      <trkpt lat="45.89819" lon="7.18583">
        <ele>2024</ele>
        <extensions>
          <distance>19305</distance>
        </extensions>
      </trkpt>
      <trkpt lat="45.89824" lon="7.18608">
        <ele>2020</ele>
        <extensions>
          <distance>19326</distance>
        </extensions>
      </trkpt>
      <trkpt lat="45.89819" lon="7.18613">
        <ele>2018</ele>
        <extensions>
          <distance>19333</distance>
        </extensions>
      </trkpt>
      <trkpt lat="45.89819" lon="7.1862">
        <ele>2017</ele>
        <extensions>
          <distance>19339</distance>
        </extensions>
      </trkpt>
      <trkpt lat="45.89826" lon="7.18626">
        <ele>2015</ele>
        <extensions>
          <distance>19348</distance>
        </extensions>
      </trkpt>
      <trkpt lat="45.89831" lon="7.18637">
        <ele>2012</ele>
        <extensions>
          <distance>19358</distance>
        </extensions>
      </trkpt>
      <trkpt lat="45.89836" lon="7.18638">
        <ele>2011</ele>
        <extensions>
          <distance>19364</distance>
        </extensions>
      </trkpt>
      <trkpt lat="45.89846" lon="7.1865950000000005">
        <ele>2008</ele>
        <extensions>
          <distance>19384</distance>
        </extensions>
      </trkpt>
      <trkpt lat="45.89856" lon="7.18681">
        <ele>2005</ele>
        <extensions>
          <distance>19405</distance>
        </extensions>
      </trkpt>
      <trkpt lat="45.89864" lon="7.18703">
        <ele>2002</ele>
        <extensions>
          <distance>19424</distance>
        </extensions>
      </trkpt>
      <trkpt lat="45.89867" lon="7.18715">
        <ele>2000</ele>
        <extensions>
          <distance>19434</distance>
        </extensions>
      </trkpt>
      <trkpt lat="45.898805" lon="7.187329999999999">
        <ele>1997.5</ele>
        <extensions>
          <distance>19455</distance>
        </extensions>
      </trkpt>
      <trkpt lat="45.89894" lon="7.18751">
        <ele>1995</ele>
        <extensions>
          <distance>19475</distance>
        </extensions>
      </trkpt>
      <trkpt lat="45.89889" lon="7.18763">
        <ele>1992</ele>
        <extensions>
          <distance>19487</distance>
        </extensions>
      </trkpt>
      <trkpt lat="45.89904" lon="7.18784">
        <ele>1989</ele>
        <extensions>
          <distance>19510</distance>
        </extensions>
      </trkpt>
      <trkpt lat="45.89918" lon="7.18801">
        <ele>1987</ele>
        <extensions>
          <distance>19531</distance>
        </extensions>
      </trkpt>
      <trkpt lat="45.89926" lon="7.18813">
        <ele>1985</ele>
        <extensions>
          <distance>19544</distance>
        </extensions>
      </trkpt>
      <trkpt lat="45.89938" lon="7.18818">
        <ele>1984</ele>
        <extensions>
          <distance>19558</distance>
        </extensions>
      </trkpt>
      <trkpt lat="45.89945" lon="7.18853">
        <ele>1983</ele>
        <extensions>
          <distance>19586</distance>
        </extensions>
      </trkpt>
      <trkpt lat="45.89961" lon="7.18873">
        <ele>1983</ele>
        <extensions>
          <distance>19610</distance>
        </extensions>
      </trkpt>
      <trkpt lat="45.89963" lon="7.18872">
        <ele>1983</ele>
        <extensions>
          <distance>19612</distance>
        </extensions>
      </trkpt>
      <trkpt lat="45.89977" lon="7.18905">
        <ele>1979</ele>
        <extensions>
          <distance>19642</distance>
        </extensions>
      </trkpt>
      <trkpt lat="45.899845" lon="7.1892499999999995">
        <ele>1978</ele>
        <extensions>
          <distance>19660</distance>
        </extensions>
      </trkpt>
      <trkpt lat="45.89992" lon="7.18945">
        <ele>1977</ele>
        <extensions>
          <distance>19677</distance>
        </extensions>
      </trkpt>
      <trkpt lat="45.90002750000001" lon="7.189665">
        <ele>1975</ele>
        <extensions>
          <distance>19698</distance>
        </extensions>
      </trkpt>
      <trkpt lat="45.900135000000006" lon="7.1898800000000005">
        <ele>1973</ele>
        <extensions>
          <distance>19718</distance>
        </extensions>
      </trkpt>
      <trkpt lat="45.900242500000004" lon="7.190095">
        <ele>1970</ele>
        <extensions>
          <distance>19739</distance>
        </extensions>
      </trkpt>
      <trkpt lat="45.90035" lon="7.19031">
        <ele>1967</ele>
        <extensions>
          <distance>19760</distance>
        </extensions>
      </trkpt>
      <trkpt lat="45.90051" lon="7.19041">
        <ele>1966</ele>
        <extensions>
          <distance>19779</distance>
        </extensions>
      </trkpt>
      <trkpt lat="45.90064" lon="7.19048">
        <ele>1966</ele>
        <extensions>
          <distance>19795</distance>
        </extensions>
      </trkpt>
      <trkpt lat="45.90072" lon="7.19051">
        <ele>1966</ele>
        <extensions>
          <distance>19804</distance>
        </extensions>
      </trkpt>
      <trkpt lat="45.90088" lon="7.19055">
        <ele>1966</ele>
        <extensions>
          <distance>19822</distance>
        </extensions>
      </trkpt>
      <trkpt lat="45.90098" lon="7.19053">
        <ele>1967</ele>
        <extensions>
          <distance>19833</distance>
        </extensions>
      </trkpt>
      <trkpt lat="45.90115" lon="7.19059">
        <ele>1967</ele>
        <extensions>
          <distance>19853</distance>
        </extensions>
      </trkpt>
      <trkpt lat="45.90121" lon="7.19062">
        <ele>1967</ele>
        <extensions>
          <distance>19860</distance>
        </extensions>
      </trkpt>
      <trkpt lat="45.90129" lon="7.19072">
        <ele>1967</ele>
        <extensions>
          <distance>19872</distance>
        </extensions>
      </trkpt>
      <trkpt lat="45.9014" lon="7.19073">
        <ele>1967</ele>
        <extensions>
          <distance>19884</distance>
        </extensions>
      </trkpt>
      <trkpt lat="45.90151" lon="7.19082">
        <ele>1966</ele>
        <extensions>
          <distance>19898</distance>
        </extensions>
      </trkpt>
      <trkpt lat="45.901615" lon="7.1911000000000005">
        <ele>1959</ele>
        <extensions>
          <distance>19923</distance>
        </extensions>
      </trkpt>
      <trkpt lat="45.90172" lon="7.19138">
        <ele>1953</ele>
        <extensions>
          <distance>19948</distance>
        </extensions>
      </trkpt>
      <trkpt lat="45.90177" lon="7.19148">
        <ele>1952</ele>
        <extensions>
          <distance>19958</distance>
        </extensions>
      </trkpt>
      <trkpt lat="45.90192" lon="7.19172">
        <ele>1950</ele>
        <extensions>
          <distance>19983</distance>
        </extensions>
      </trkpt>
      <trkpt lat="45.90199749999999" lon="7.191895000000001">
        <ele>1946</ele>
        <extensions>
          <distance>19999</distance>
        </extensions>
      </trkpt>
      <trkpt lat="45.902074999999996" lon="7.19207">
        <ele>1944</ele>
        <extensions>
          <distance>20016</distance>
        </extensions>
      </trkpt>
      <trkpt lat="45.9021525" lon="7.192245">
        <ele>1939</ele>
        <extensions>
          <distance>20032</distance>
        </extensions>
      </trkpt>
      <trkpt lat="45.90223" lon="7.19242">
        <ele>1937</ele>
        <extensions>
          <distance>20048</distance>
        </extensions>
      </trkpt>
      <trkpt lat="45.90231" lon="7.1927">
        <ele>1928</ele>
        <extensions>
          <distance>20073</distance>
        </extensions>
      </trkpt>
      <trkpt lat="45.90231" lon="7.19285">
        <ele>1924</ele>
        <extensions>
          <distance>20086</distance>
        </extensions>
      </trkpt>
      <trkpt lat="45.902405" lon="7.19312">
        <ele>1917</ele>
        <extensions>
          <distance>20110</distance>
        </extensions>
      </trkpt>
      <trkpt lat="45.9025" lon="7.19339">
        <ele>1917</ele>
        <extensions>
          <distance>20134</distance>
        </extensions>
      </trkpt>
      <trkpt lat="45.90266" lon="7.19351">
        <ele>1914</ele>
        <extensions>
          <distance>20154</distance>
        </extensions>
      </trkpt>
      <trkpt lat="45.90282" lon="7.19363">
        <ele>1913</ele>
        <extensions>
          <distance>20174</distance>
        </extensions>
      </trkpt>
      <trkpt lat="45.902964999999995" lon="7.19378">
        <ele>1912</ele>
        <extensions>
          <distance>20194</distance>
        </extensions>
      </trkpt>
      <trkpt lat="45.90311" lon="7.19393">
        <ele>1912</ele>
        <extensions>
          <distance>20214</distance>
        </extensions>
      </trkpt>
      <trkpt lat="45.90325" lon="7.19409">
        <ele>1911</ele>
        <extensions>
          <distance>20234</distance>
        </extensions>
      </trkpt>
      <trkpt lat="45.90333" lon="7.19416">
        <ele>1909</ele>
        <extensions>
          <distance>20244</distance>
        </extensions>
      </trkpt>
      <trkpt lat="45.90345" lon="7.19435">
        <ele>1905</ele>
        <extensions>
          <distance>20265</distance>
        </extensions>
      </trkpt>
      <trkpt lat="45.90354" lon="7.19447">
        <ele>1904</ele>
        <extensions>
          <distance>20278</distance>
        </extensions>
      </trkpt>
      <trkpt lat="45.90372" lon="7.1946200000000005">
        <ele>1902</ele>
        <extensions>
          <distance>20302</distance>
        </extensions>
      </trkpt>
      <trkpt lat="45.9039" lon="7.19477">
        <ele>1898</ele>
        <extensions>
          <distance>20325</distance>
        </extensions>
      </trkpt>
      <trkpt lat="45.90408" lon="7.19492">
        <ele>1893</ele>
        <extensions>
          <distance>20349</distance>
        </extensions>
      </trkpt>
      <trkpt lat="45.90426" lon="7.19507">
        <ele>1889</ele>
        <extensions>
          <distance>20372</distance>
        </extensions>
      </trkpt>
      <trkpt lat="45.904395" lon="7.19522">
        <ele>1888</ele>
        <extensions>
          <distance>20391</distance>
        </extensions>
      </trkpt>
      <trkpt lat="45.90453" lon="7.19537">
        <ele>1886</ele>
        <extensions>
          <distance>20410</distance>
        </extensions>
      </trkpt>
      <trkpt lat="45.904722500000005" lon="7.1954625">
        <ele>1884</ele>
        <extensions>
          <distance>20433</distance>
        </extensions>
      </trkpt>
      <trkpt lat="45.904915" lon="7.195555">
        <ele>1882</ele>
        <extensions>
          <distance>20456</distance>
        </extensions>
      </trkpt>
      <trkpt lat="45.9051075" lon="7.1956475">
        <ele>1879</ele>
        <extensions>
          <distance>20478</distance>
        </extensions>
      </trkpt>
      <trkpt lat="45.9053" lon="7.19574">
        <ele>1875</ele>
        <extensions>
          <distance>20501</distance>
        </extensions>
      </trkpt>
      <trkpt lat="45.90538" lon="7.19579">
        <ele>1874</ele>
        <extensions>
          <distance>20511</distance>
        </extensions>
      </trkpt>
      <trkpt lat="45.905535" lon="7.19586">
        <ele>1871</ele>
        <extensions>
          <distance>20529</distance>
        </extensions>
      </trkpt>
      <trkpt lat="45.90569" lon="7.19593">
        <ele>1868</ele>
        <extensions>
          <distance>20548</distance>
        </extensions>
      </trkpt>
      <trkpt lat="45.905857499999996" lon="7.1959975">
        <ele>1867</ele>
        <extensions>
          <distance>20567</distance>
        </extensions>
      </trkpt>
      <trkpt lat="45.906025" lon="7.196065">
        <ele>1864</ele>
        <extensions>
          <distance>20587</distance>
        </extensions>
      </trkpt>
      <trkpt lat="45.9061925" lon="7.1961325">
        <ele>1863</ele>
        <extensions>
          <distance>20606</distance>
        </extensions>
      </trkpt>
      <trkpt lat="45.90636" lon="7.1962">
        <ele>1863</ele>
        <extensions>
          <distance>20625</distance>
        </extensions>
      </trkpt>
      <trkpt lat="45.906495" lon="7.1962399999999995">
        <ele>1861</ele>
        <extensions>
          <distance>20641</distance>
        </extensions>
      </trkpt>
      <trkpt lat="45.90663" lon="7.19628">
        <ele>1860</ele>
        <extensions>
          <distance>20656</distance>
        </extensions>
      </trkpt>
      <trkpt lat="45.906765" lon="7.19632">
        <ele>1858</ele>
        <extensions>
          <distance>20671</distance>
        </extensions>
      </trkpt>
      <trkpt lat="45.9069" lon="7.19636">
        <ele>1857</ele>
        <extensions>
          <distance>20687</distance>
        </extensions>
      </trkpt>
      <trkpt lat="45.90712" lon="7.19632">
        <ele>1857</ele>
        <extensions>
          <distance>20711</distance>
        </extensions>
      </trkpt>
      <trkpt lat="45.90733" lon="7.19636">
        <ele>1857</ele>
        <extensions>
          <distance>20735</distance>
        </extensions>
      </trkpt>
      <trkpt lat="45.90744" lon="7.19632">
        <ele>1857</ele>
        <extensions>
          <distance>20748</distance>
        </extensions>
      </trkpt>
      <trkpt lat="45.90753" lon="7.19633">
        <ele>1857</ele>
        <extensions>
          <distance>20758</distance>
        </extensions>
      </trkpt>
      <trkpt lat="45.907755" lon="7.1963349999999995">
        <ele>1856</ele>
        <extensions>
          <distance>20783</distance>
        </extensions>
      </trkpt>
      <trkpt lat="45.90798" lon="7.19634">
        <ele>1856</ele>
        <extensions>
          <distance>20808</distance>
        </extensions>
      </trkpt>
      <trkpt lat="45.90808" lon="7.19635">
        <ele>1854</ele>
        <extensions>
          <distance>20819</distance>
        </extensions>
      </trkpt>
      <trkpt lat="45.908297499999996" lon="7.196400000000001">
        <ele>1852</ele>
        <extensions>
          <distance>20843</distance>
        </extensions>
      </trkpt>
      <trkpt lat="45.908514999999994" lon="7.1964500000000005">
        <ele>1847</ele>
        <extensions>
          <distance>20868</distance>
        </extensions>
      </trkpt>
      <trkpt lat="45.9087325" lon="7.1965">
        <ele>1844</ele>
        <extensions>
          <distance>20893</distance>
        </extensions>
      </trkpt>
      <trkpt lat="45.90895" lon="7.19655">
        <ele>1843</ele>
        <extensions>
          <distance>20917</distance>
        </extensions>
      </trkpt>
      <trkpt lat="45.90913" lon="7.19654">
        <ele>1841</ele>
        <extensions>
          <distance>20938</distance>
        </extensions>
      </trkpt>
      <trkpt lat="45.9092875" lon="7.19654">
        <ele>1840</ele>
        <extensions>
          <distance>20955</distance>
        </extensions>
      </trkpt>
      <trkpt lat="45.909445" lon="7.19654">
        <ele>1839</ele>
        <extensions>
          <distance>20973</distance>
        </extensions>
      </trkpt>
      <trkpt lat="45.9096025" lon="7.19654">
        <ele>1838</ele>
        <extensions>
          <distance>20990</distance>
        </extensions>
      </trkpt>
      <trkpt lat="45.90976" lon="7.19654">
        <ele>1838</ele>
        <extensions>
          <distance>21008</distance>
        </extensions>
      </trkpt>
      <trkpt lat="45.90985" lon="7.19653">
        <ele>1837</ele>
        <extensions>
          <distance>21018</distance>
        </extensions>
      </trkpt>
      <trkpt lat="45.91009" lon="7.19653">
        <ele>1836</ele>
        <extensions>
          <distance>21044</distance>
        </extensions>
      </trkpt>
      <trkpt lat="45.91035" lon="7.19656">
        <ele>1836</ele>
        <extensions>
          <distance>21073</distance>
        </extensions>
      </trkpt>
      <trkpt lat="45.91044" lon="7.19656">
        <ele>1835</ele>
        <extensions>
          <distance>21083</distance>
        </extensions>
      </trkpt>
      <trkpt lat="45.9106" lon="7.196574999999999">
        <ele>1835</ele>
        <extensions>
          <distance>21101</distance>
        </extensions>
      </trkpt>
      <trkpt lat="45.91076" lon="7.19659">
        <ele>1834</ele>
        <extensions>
          <distance>21119</distance>
        </extensions>
      </trkpt>
      <trkpt lat="45.91085" lon="7.19659">
        <ele>1834</ele>
        <extensions>
          <distance>21129</distance>
        </extensions>
      </trkpt>
      <trkpt lat="45.91107" lon="7.1965699999999995">
        <ele>1833</ele>
        <extensions>
          <distance>21154</distance>
        </extensions>
      </trkpt>
      <trkpt lat="45.91129" lon="7.19655">
        <ele>1833</ele>
        <extensions>
          <distance>21178</distance>
        </extensions>
      </trkpt>
      <trkpt lat="45.911485" lon="7.196555">
        <ele>1832</ele>
        <extensions>
          <distance>21200</distance>
        </extensions>
      </trkpt>
      <trkpt lat="45.911680000000004" lon="7.19656">
        <ele>1829</ele>
        <extensions>
          <distance>21222</distance>
        </extensions>
      </trkpt>
      <trkpt lat="45.911875" lon="7.196565">
        <ele>1828</ele>
        <extensions>
          <distance>21243</distance>
        </extensions>
      </trkpt>
      <trkpt lat="45.91207" lon="7.19657">
        <ele>1828</ele>
        <extensions>
          <distance>21265</distance>
        </extensions>
      </trkpt>
      <trkpt lat="45.912205" lon="7.196525">
        <ele>1828</ele>
        <extensions>
          <distance>21280</distance>
        </extensions>
      </trkpt>
      <trkpt lat="45.91234" lon="7.19648">
        <ele>1828</ele>
        <extensions>
          <distance>21296</distance>
        </extensions>
      </trkpt>
      <trkpt lat="45.91242" lon="7.19644">
        <ele>1832</ele>
        <extensions>
          <distance>21305</distance>
        </extensions>
      </trkpt>
      <trkpt lat="45.9125" lon="7.19642">
        <ele>1832</ele>
        <extensions>
          <distance>21314</distance>
        </extensions>
      </trkpt>
      <trkpt lat="45.912635" lon="7.196405">
        <ele>1832</ele>
        <extensions>
          <distance>21329</distance>
        </extensions>
      </trkpt>
      <trkpt lat="45.91277" lon="7.19639">
        <ele>1832</ele>
        <extensions>
          <distance>21344</distance>
        </extensions>
      </trkpt>
      <trkpt lat="45.91295" lon="7.1963799999999996">
        <ele>1834</ele>
        <extensions>
          <distance>21364</distance>
        </extensions>
      </trkpt>
      <trkpt lat="45.91313" lon="7.19637">
        <ele>1832</ele>
        <extensions>
          <distance>21384</distance>
        </extensions>
      </trkpt>
      <trkpt lat="45.9132675" lon="7.1963574999999995">
        <ele>1832</ele>
        <extensions>
          <distance>21400</distance>
        </extensions>
      </trkpt>
      <trkpt lat="45.913405" lon="7.196345">
        <ele>1832</ele>
        <extensions>
          <distance>21415</distance>
        </extensions>
      </trkpt>
      <trkpt lat="45.9135425" lon="7.1963325000000005">
        <ele>1832</ele>
        <extensions>
          <distance>21430</distance>
        </extensions>
      </trkpt>
      <trkpt lat="45.91368" lon="7.19632">
        <ele>1834</ele>
        <extensions>
          <distance>21446</distance>
        </extensions>
      </trkpt>
      <trkpt lat="45.91389" lon="7.19626">
        <ele>1835</ele>
        <extensions>
          <distance>21470</distance>
        </extensions>
      </trkpt>
      <trkpt lat="45.91409" lon="7.19611">
        <ele>1842</ele>
        <extensions>
          <distance>21496</distance>
        </extensions>
      </trkpt>
      <trkpt lat="45.914255" lon="7.19609">
        <ele>1843</ele>
        <extensions>
          <distance>21514</distance>
        </extensions>
      </trkpt>
      <trkpt lat="45.91442" lon="7.19607">
        <ele>1844</ele>
        <extensions>
          <distance>21532</distance>
        </extensions>
      </trkpt>
      <trkpt lat="45.914572500000006" lon="7.1960225">
        <ele>1847</ele>
        <extensions>
          <distance>21550</distance>
        </extensions>
      </trkpt>
      <trkpt lat="45.914725000000004" lon="7.195975">
        <ele>1850</ele>
        <extensions>
          <distance>21568</distance>
        </extensions>
      </trkpt>
      <trkpt lat="45.9148775" lon="7.1959275">
        <ele>1854</ele>
        <extensions>
          <distance>21585</distance>
        </extensions>
      </trkpt>
      <trkpt lat="45.91503" lon="7.19588">
        <ele>1857</ele>
        <extensions>
          <distance>21603</distance>
        </extensions>
      </trkpt>
      <trkpt lat="45.915195" lon="7.195895">
        <ele>1857</ele>
        <extensions>
          <distance>21621</distance>
        </extensions>
      </trkpt>
      <trkpt lat="45.91536" lon="7.19591">
        <ele>1857</ele>
        <extensions>
          <distance>21640</distance>
        </extensions>
      </trkpt>
      <trkpt lat="45.91545" lon="7.19585">
        <ele>1861</ele>
        <extensions>
          <distance>21651</distance>
        </extensions>
      </trkpt>
      <trkpt lat="45.91566" lon="7.19586">
        <ele>1861</ele>
        <extensions>
          <distance>21674</distance>
        </extensions>
      </trkpt>
      <trkpt lat="45.915815" lon="7.195815">
        <ele>1865</ele>
        <extensions>
          <distance>21692</distance>
        </extensions>
      </trkpt>
      <trkpt lat="45.91597" lon="7.19577">
        <ele>1865</ele>
        <extensions>
          <distance>21710</distance>
        </extensions>
      </trkpt>
      <trkpt lat="45.916135" lon="7.195775">
        <ele>1867</ele>
        <extensions>
          <distance>21728</distance>
        </extensions>
      </trkpt>
      <trkpt lat="45.9163" lon="7.19578">
        <ele>1869</ele>
        <extensions>
          <distance>21746</distance>
        </extensions>
      </trkpt>
      <trkpt lat="45.91638" lon="7.19573">
        <ele>1869</ele>
        <extensions>
          <distance>21756</distance>
        </extensions>
      </trkpt>
      <trkpt lat="45.91649" lon="7.19568">
        <ele>1869</ele>
        <extensions>
          <distance>21769</distance>
        </extensions>
      </trkpt>
      <trkpt lat="45.9166" lon="7.19566">
        <ele>1869</ele>
        <extensions>
          <distance>21781</distance>
        </extensions>
      </trkpt>
      <trkpt lat="45.91669" lon="7.19567">
        <ele>1869</ele>
        <extensions>
          <distance>21791</distance>
        </extensions>
      </trkpt>
      <trkpt lat="45.916865" lon="7.19567">
        <ele>1869</ele>
        <extensions>
          <distance>21811</distance>
        </extensions>
      </trkpt>
      <trkpt lat="45.91704" lon="7.19567">
        <ele>1869</ele>
        <extensions>
          <distance>21830</distance>
        </extensions>
      </trkpt>
      <trkpt lat="45.91727" lon="7.195729999999999">
        <ele>1869</ele>
        <extensions>
          <distance>21856</distance>
        </extensions>
      </trkpt>
      <trkpt lat="45.9175" lon="7.19579">
        <ele>1869</ele>
        <extensions>
          <distance>21882</distance>
        </extensions>
      </trkpt>
      <trkpt lat="45.917665" lon="7.195735">
        <ele>1869</ele>
        <extensions>
          <distance>21901</distance>
        </extensions>
      </trkpt>
      <trkpt lat="45.91783" lon="7.19568">
        <ele>1870</ele>
        <extensions>
          <distance>21920</distance>
        </extensions>
      </trkpt>
      <trkpt lat="45.91807" lon="7.19571">
        <ele>1871</ele>
        <extensions>
          <distance>21947</distance>
        </extensions>
      </trkpt>
      <trkpt lat="45.9182" lon="7.195595">
        <ele>1873</ele>
        <extensions>
          <distance>21964</distance>
        </extensions>
      </trkpt>
      <trkpt lat="45.91833" lon="7.19548">
        <ele>1876</ele>
        <extensions>
          <distance>21981</distance>
        </extensions>
      </trkpt>
      <trkpt lat="45.91849" lon="7.19538">
        <ele>1876</ele>
        <extensions>
          <distance>22000</distance>
        </extensions>
      </trkpt>
      <trkpt lat="45.91856" lon="7.19528">
        <ele>1876</ele>
        <extensions>
          <distance>22011</distance>
        </extensions>
      </trkpt>
      <trkpt lat="45.918745" lon="7.1951">
        <ele>1876</ele>
        <extensions>
          <distance>22036</distance>
        </extensions>
      </trkpt>
      <trkpt lat="45.91893" lon="7.19492">
        <ele>1876</ele>
        <extensions>
          <distance>22061</distance>
        </extensions>
      </trkpt>
      <trkpt lat="45.91912000000001" lon="7.194775">
        <ele>1871</ele>
        <extensions>
          <distance>22085</distance>
        </extensions>
      </trkpt>
      <trkpt lat="45.91931" lon="7.19463">
        <ele>1869</ele>
        <extensions>
          <distance>22109</distance>
        </extensions>
      </trkpt>
      <trkpt lat="45.919445" lon="7.194535">
        <ele>1868</ele>
        <extensions>
          <distance>22126</distance>
        </extensions>
      </trkpt>
      <trkpt lat="45.91958" lon="7.19444">
        <ele>1868</ele>
        <extensions>
          <distance>22143</distance>
        </extensions>
      </trkpt>
      <trkpt lat="45.9197375" lon="7.1944475">
        <ele>1863</ele>
        <extensions>
          <distance>22160</distance>
        </extensions>
      </trkpt>
      <trkpt lat="45.919895" lon="7.194455">
        <ele>1860</ele>
        <extensions>
          <distance>22178</distance>
        </extensions>
      </trkpt>
      <trkpt lat="45.9200525" lon="7.1944625">
        <ele>1856</ele>
        <extensions>
          <distance>22196</distance>
        </extensions>
      </trkpt>
      <trkpt lat="45.92021" lon="7.19447">
        <ele>1853</ele>
        <extensions>
          <distance>22214</distance>
        </extensions>
      </trkpt>
      <trkpt lat="45.92043" lon="7.19449">
        <ele>1848</ele>
        <extensions>
          <distance>22239</distance>
        </extensions>
      </trkpt>
      <trkpt lat="45.92055" lon="7.19456">
        <ele>1845</ele>
        <extensions>
          <distance>22254</distance>
        </extensions>
      </trkpt>
      <trkpt lat="45.920675" lon="7.194710000000001">
        <ele>1841</ele>
        <extensions>
          <distance>22272</distance>
        </extensions>
      </trkpt>
      <trkpt lat="45.9208" lon="7.19486">
        <ele>1837</ele>
        <extensions>
          <distance>22291</distance>
        </extensions>
      </trkpt>
      <trkpt lat="45.9209" lon="7.19494">
        <ele>1834</ele>
        <extensions>
          <distance>22304</distance>
        </extensions>
      </trkpt>
      <trkpt lat="45.92099" lon="7.19495">
        <ele>1832</ele>
        <extensions>
          <distance>22314</distance>
        </extensions>
      </trkpt>
      <trkpt lat="45.92122" lon="7.195">
        <ele>1827</ele>
        <extensions>
          <distance>22340</distance>
        </extensions>
      </trkpt>
      <trkpt lat="45.92139" lon="7.194975">
        <ele>1826</ele>
        <extensions>
          <distance>22359</distance>
        </extensions>
      </trkpt>
      <trkpt lat="45.92156" lon="7.19495">
        <ele>1826</ele>
        <extensions>
          <distance>22378</distance>
        </extensions>
      </trkpt>
      <trkpt lat="45.92158" lon="7.19465">
        <ele>1824</ele>
        <extensions>
          <distance>22402</distance>
        </extensions>
      </trkpt>
      <trkpt lat="45.92168" lon="7.19461">
        <ele>1824</ele>
        <extensions>
          <distance>22413</distance>
        </extensions>
      </trkpt>
      <trkpt lat="45.92178" lon="7.19465">
        <ele>1826</ele>
        <extensions>
          <distance>22425</distance>
        </extensions>
      </trkpt>
      <trkpt lat="45.92199" lon="7.19463">
        <ele>1826</ele>
        <extensions>
          <distance>22448</distance>
        </extensions>
      </trkpt>
      <trkpt lat="45.92207" lon="7.19456">
        <ele>1826</ele>
        <extensions>
          <distance>22459</distance>
        </extensions>
      </trkpt>
      <trkpt lat="45.92217" lon="7.19453">
        <ele>1824</ele>
        <extensions>
          <distance>22470</distance>
        </extensions>
      </trkpt>
      <trkpt lat="45.92229" lon="7.19456">
        <ele>1823</ele>
        <extensions>
          <distance>22484</distance>
        </extensions>
      </trkpt>
      <trkpt lat="45.9225" lon="7.19465">
        <ele>1823</ele>
        <extensions>
          <distance>22508</distance>
        </extensions>
      </trkpt>
      <trkpt lat="45.92264" lon="7.194755000000001">
        <ele>1822</ele>
        <extensions>
          <distance>22526</distance>
        </extensions>
      </trkpt>
      <trkpt lat="45.92278" lon="7.19486">
        <ele>1822</ele>
        <extensions>
          <distance>22543</distance>
        </extensions>
      </trkpt>
      <trkpt lat="45.92289" lon="7.19491">
        <ele>1822</ele>
        <extensions>
          <distance>22556</distance>
        </extensions>
      </trkpt>
      <trkpt lat="45.92298" lon="7.19493">
        <ele>1821</ele>
        <extensions>
          <distance>22566</distance>
        </extensions>
      </trkpt>
      <trkpt lat="45.92323" lon="7.19496">
        <ele>1821</ele>
        <extensions>
          <distance>22594</distance>
        </extensions>
      </trkpt>
      <trkpt lat="45.92342" lon="7.19513">
        <ele>1822</ele>
        <extensions>
          <distance>22619</distance>
        </extensions>
      </trkpt>
      <trkpt lat="45.9235575" lon="7.195187499999999">
        <ele>1823</ele>
        <extensions>
          <distance>22635</distance>
        </extensions>
      </trkpt>
      <trkpt lat="45.923694999999995" lon="7.195245">
        <ele>1824</ele>
        <extensions>
          <distance>22651</distance>
        </extensions>
      </trkpt>
      <trkpt lat="45.923832499999996" lon="7.1953025">
        <ele>1825</ele>
        <extensions>
          <distance>22667</distance>
        </extensions>
      </trkpt>
      <trkpt lat="45.92397" lon="7.19536">
        <ele>1825</ele>
        <extensions>
          <distance>22683</distance>
        </extensions>
      </trkpt>
      <trkpt lat="45.92406" lon="7.19544">
        <ele>1825</ele>
        <extensions>
          <distance>22694</distance>
        </extensions>
      </trkpt>
      <trkpt lat="45.92412" lon="7.19554">
        <ele>1825</ele>
        <extensions>
          <distance>22705</distance>
        </extensions>
      </trkpt>
      <trkpt lat="45.924225" lon="7.19575">
        <ele>1823</ele>
        <extensions>
          <distance>22725</distance>
        </extensions>
      </trkpt>
      <trkpt lat="45.92433" lon="7.19596">
        <ele>1823</ele>
        <extensions>
          <distance>22745</distance>
        </extensions>
      </trkpt>
      <trkpt lat="45.92453" lon="7.19616">
        <ele>1823</ele>
        <extensions>
          <distance>22772</distance>
        </extensions>
      </trkpt>
      <trkpt lat="45.92463" lon="7.1962">
        <ele>1822</ele>
        <extensions>
          <distance>22783</distance>
        </extensions>
      </trkpt>
      <trkpt lat="45.92485" lon="7.19619">
        <ele>1822</ele>
        <extensions>
          <distance>22808</distance>
        </extensions>
      </trkpt>
      <trkpt lat="45.92507" lon="7.1964">
        <ele>1823</ele>
        <extensions>
          <distance>22837</distance>
        </extensions>
      </trkpt>
      <trkpt lat="45.9253" lon="7.1966">
        <ele>1824</ele>
        <extensions>
          <distance>22867</distance>
        </extensions>
      </trkpt>
      <trkpt lat="45.92555" lon="7.19672">
        <ele>1825</ele>
        <extensions>
          <distance>22896</distance>
        </extensions>
      </trkpt>
      <trkpt lat="45.925785000000005" lon="7.196820000000001">
        <ele>1826</ele>
        <extensions>
          <distance>22924</distance>
        </extensions>
      </trkpt>
      <trkpt lat="45.92602" lon="7.19692">
        <ele>1826</ele>
        <extensions>
          <distance>22951</distance>
        </extensions>
      </trkpt>
      <trkpt lat="45.926175" lon="7.197050000000001">
        <ele>1826</ele>
        <extensions>
          <distance>22971</distance>
        </extensions>
      </trkpt>
      <trkpt lat="45.92633" lon="7.19718">
        <ele>1826</ele>
        <extensions>
          <distance>22991</distance>
        </extensions>
      </trkpt>
      <trkpt lat="45.926474999999996" lon="7.19727">
        <ele>1826</ele>
        <extensions>
          <distance>23008</distance>
        </extensions>
      </trkpt>
      <trkpt lat="45.92662" lon="7.19736">
        <ele>1825</ele>
        <extensions>
          <distance>23026</distance>
        </extensions>
      </trkpt>
      <trkpt lat="45.92682" lon="7.19753">
        <ele>1824</ele>
        <extensions>
          <distance>23052</distance>
        </extensions>
      </trkpt>
      <trkpt lat="45.92698" lon="7.19779">
        <ele>1822</ele>
        <extensions>
          <distance>23079</distance>
        </extensions>
      </trkpt>
      <trkpt lat="45.92714" lon="7.19805">
        <ele>1817</ele>
        <extensions>
          <distance>23106</distance>
        </extensions>
      </trkpt>
      <trkpt lat="45.92722" lon="7.19812">
        <ele>1817</ele>
        <extensions>
          <distance>23116</distance>
        </extensions>
      </trkpt>
      <trkpt lat="45.92729" lon="7.1982">
        <ele>1817</ele>
        <extensions>
          <distance>23126</distance>
        </extensions>
      </trkpt>
      <trkpt lat="45.92739" lon="7.19828">
        <ele>1817</ele>
        <extensions>
          <distance>23139</distance>
        </extensions>
      </trkpt>
      <trkpt lat="45.92751" lon="7.19832">
        <ele>1817</ele>
        <extensions>
          <distance>23152</distance>
        </extensions>
      </trkpt>
      <trkpt lat="45.927769999999995" lon="7.198275">
        <ele>1819</ele>
        <extensions>
          <distance>23182</distance>
        </extensions>
      </trkpt>
      <trkpt lat="45.92803" lon="7.19823">
        <ele>1822</ele>
        <extensions>
          <distance>23211</distance>
        </extensions>
      </trkpt>
      <trkpt lat="45.92825" lon="7.19825">
        <ele>1822</ele>
        <extensions>
          <distance>23235</distance>
        </extensions>
      </trkpt>
      <trkpt lat="45.92841" lon="7.19832">
        <ele>1822</ele>
        <extensions>
          <distance>23254</distance>
        </extensions>
      </trkpt>
      <trkpt lat="45.92857" lon="7.19839">
        <ele>1822</ele>
        <extensions>
          <distance>23272</distance>
        </extensions>
      </trkpt>
      <trkpt lat="45.92878" lon="7.19859">
        <ele>1821</ele>
        <extensions>
          <distance>23300</distance>
        </extensions>
      </trkpt>
      <trkpt lat="45.92891" lon="7.19877">
        <ele>1820</ele>
        <extensions>
          <distance>23321</distance>
        </extensions>
      </trkpt>
      <trkpt lat="45.92898" lon="7.19885">
        <ele>1817</ele>
        <extensions>
          <distance>23331</distance>
        </extensions>
      </trkpt>
      <trkpt lat="45.92917" lon="7.199115">
        <ele>1815</ele>
        <extensions>
          <distance>23360</distance>
        </extensions>
      </trkpt>
      <trkpt lat="45.92936" lon="7.19938">
        <ele>1809</ele>
        <extensions>
          <distance>23390</distance>
        </extensions>
      </trkpt>
      <trkpt lat="45.929460000000006" lon="7.199615">
        <ele>1801</ele>
        <extensions>
          <distance>23413</distance>
        </extensions>
      </trkpt>
      <trkpt lat="45.92956" lon="7.19985">
        <ele>1799</ele>
        <extensions>
          <distance>23434</distance>
        </extensions>
      </trkpt>
      <trkpt lat="45.92966" lon="7.19992">
        <ele>1799</ele>
        <extensions>
          <distance>23447</distance>
        </extensions>
      </trkpt>
      <trkpt lat="45.92988" lon="7.19991">
        <ele>1799</ele>
        <extensions>
          <distance>23471</distance>
        </extensions>
      </trkpt>
      <trkpt lat="45.930049999999994" lon="7.19986">
        <ele>1799</ele>
        <extensions>
          <distance>23490</distance>
        </extensions>
      </trkpt>
      <trkpt lat="45.93022" lon="7.19981">
        <ele>1800</ele>
        <extensions>
          <distance>23510</distance>
        </extensions>
      </trkpt>
      <trkpt lat="45.93044" lon="7.1998">
        <ele>1800</ele>
        <extensions>
          <distance>23534</distance>
        </extensions>
      </trkpt>
      <trkpt lat="45.930589999999995" lon="7.1998625">
        <ele>1800</ele>
        <extensions>
          <distance>23552</distance>
        </extensions>
      </trkpt>
      <trkpt lat="45.93074" lon="7.199925">
        <ele>1800</ele>
        <extensions>
          <distance>23569</distance>
        </extensions>
      </trkpt>
      <trkpt lat="45.930890000000005" lon="7.199987500000001">
        <ele>1800</ele>
        <extensions>
          <distance>23586</distance>
        </extensions>
      </trkpt>
      <trkpt lat="45.93104" lon="7.20005">
        <ele>1799</ele>
        <extensions>
          <distance>23604</distance>
        </extensions>
      </trkpt>
      <trkpt lat="45.93109" lon="7.20018">
        <ele>1796</ele>
        <extensions>
          <distance>23615</distance>
        </extensions>
      </trkpt>
      <trkpt lat="45.93091" lon="7.20027">
        <ele>1788</ele>
        <extensions>
          <distance>23638</distance>
        </extensions>
      </trkpt>
      <trkpt lat="45.93075" lon="7.20022">
        <ele>1787</ele>
        <extensions>
          <distance>23656</distance>
        </extensions>
      </trkpt>
      <trkpt lat="45.93057" lon="7.20024">
        <ele>1786</ele>
        <extensions>
          <distance>23676</distance>
        </extensions>
      </trkpt>
      <trkpt lat="45.93042" lon="7.20027">
        <ele>1784</ele>
        <extensions>
          <distance>23693</distance>
        </extensions>
      </trkpt>
      <trkpt lat="45.930285" lon="7.200329999999999">
        <ele>1781</ele>
        <extensions>
          <distance>23709</distance>
        </extensions>
      </trkpt>
      <trkpt lat="45.93015" lon="7.20039">
        <ele>1778</ele>
        <extensions>
          <distance>23725</distance>
        </extensions>
      </trkpt>
      <trkpt lat="45.92992" lon="7.20058">
        <ele>1770</ele>
        <extensions>
          <distance>23756</distance>
        </extensions>
      </trkpt>
      <trkpt lat="45.92985" lon="7.20065">
        <ele>1767</ele>
        <extensions>
          <distance>23766</distance>
        </extensions>
      </trkpt>
      <trkpt lat="45.92967" lon="7.20071">
        <ele>1764</ele>
        <extensions>
          <distance>23786</distance>
        </extensions>
      </trkpt>
      <trkpt lat="45.929505000000006" lon="7.200645">
        <ele>1763</ele>
        <extensions>
          <distance>23805</distance>
        </extensions>
      </trkpt>
      <trkpt lat="45.92934" lon="7.20058">
        <ele>1762</ele>
        <extensions>
          <distance>23824</distance>
        </extensions>
      </trkpt>
      <trkpt lat="45.92933" lon="7.2008">
        <ele>1758</ele>
        <extensions>
          <distance>23842</distance>
        </extensions>
      </trkpt>
      <trkpt lat="45.92949" lon="7.20111">
        <ele>1748</ele>
        <extensions>
          <distance>23873</distance>
        </extensions>
      </trkpt>
      <trkpt lat="45.9296" lon="7.2013">
        <ele>1743</ele>
        <extensions>
          <distance>23893</distance>
        </extensions>
      </trkpt>
      <trkpt lat="45.92976" lon="7.201454999999999">
        <ele>1741</ele>
        <extensions>
          <distance>23915</distance>
        </extensions>
      </trkpt>
      <trkpt lat="45.92992" lon="7.20161">
        <ele>1739</ele>
        <extensions>
          <distance>23936</distance>
        </extensions>
      </trkpt>
      <trkpt lat="45.93011" lon="7.201745">
        <ele>1736</ele>
        <extensions>
          <distance>23960</distance>
        </extensions>
      </trkpt>
      <trkpt lat="45.9303" lon="7.20188">
        <ele>1733</ele>
        <extensions>
          <distance>23984</distance>
        </extensions>
      </trkpt>
      <trkpt lat="45.93039" lon="7.20192">
        <ele>1733</ele>
        <extensions>
          <distance>23994</distance>
        </extensions>
      </trkpt>
      <trkpt lat="45.93047" lon="7.20197">
        <ele>1731</ele>
        <extensions>
          <distance>24004</distance>
        </extensions>
      </trkpt>
      <trkpt lat="45.93061" lon="7.20203">
        <ele>1729</ele>
        <extensions>
          <distance>24020</distance>
        </extensions>
      </trkpt>
      <trkpt lat="45.930765" lon="7.202045">
        <ele>1729</ele>
        <extensions>
          <distance>24038</distance>
        </extensions>
      </trkpt>
      <trkpt lat="45.93092" lon="7.20206">
        <ele>1728</ele>
        <extensions>
          <distance>24055</distance>
        </extensions>
      </trkpt>
      <trkpt lat="45.931065000000004" lon="7.20211">
        <ele>1725</ele>
        <extensions>
          <distance>24072</distance>
        </extensions>
      </trkpt>
      <trkpt lat="45.93121" lon="7.20216">
        <ele>1724</ele>
        <extensions>
          <distance>24088</distance>
        </extensions>
      </trkpt>
      <trkpt lat="45.931385" lon="7.202115">
        <ele>1724</ele>
        <extensions>
          <distance>24108</distance>
        </extensions>
      </trkpt>
      <trkpt lat="45.93156" lon="7.20207">
        <ele>1724</ele>
        <extensions>
          <distance>24128</distance>
        </extensions>
      </trkpt>
      <trkpt lat="45.931745" lon="7.202215">
        <ele>1720</ele>
        <extensions>
          <distance>24151</distance>
        </extensions>
      </trkpt>
      <trkpt lat="45.93193" lon="7.20236">
        <ele>1715</ele>
        <extensions>
          <distance>24175</distance>
        </extensions>
      </trkpt>
      <trkpt lat="45.9321" lon="7.20244">
        <ele>1715</ele>
        <extensions>
          <distance>24195</distance>
        </extensions>
      </trkpt>
      <trkpt lat="45.932345" lon="7.20254">
        <ele>1715</ele>
        <extensions>
          <distance>24224</distance>
        </extensions>
      </trkpt>
      <trkpt lat="45.93259" lon="7.20264">
        <ele>1715</ele>
        <extensions>
          <distance>24252</distance>
        </extensions>
      </trkpt>
      <trkpt lat="45.93283" lon="7.20281">
        <ele>1715</ele>
        <extensions>
          <distance>24282</distance>
        </extensions>
      </trkpt>
      <trkpt lat="45.93296" lon="7.20292">
        <ele>1715</ele>
        <extensions>
          <distance>24298</distance>
        </extensions>
      </trkpt>
      <trkpt lat="45.93311" lon="7.203075">
        <ele>1717</ele>
        <extensions>
          <distance>24319</distance>
        </extensions>
      </trkpt>
      <trkpt lat="45.93326" lon="7.20323">
        <ele>1717</ele>
        <extensions>
          <distance>24339</distance>
        </extensions>
      </trkpt>
      <trkpt lat="45.9334125" lon="7.2033625">
        <ele>1717</ele>
        <extensions>
          <distance>24359</distance>
        </extensions>
      </trkpt>
      <trkpt lat="45.933565" lon="7.203495">
        <ele>1715</ele>
        <extensions>
          <distance>24379</distance>
        </extensions>
      </trkpt>
      <trkpt lat="45.9337175" lon="7.2036275">
        <ele>1715</ele>
        <extensions>
          <distance>24399</distance>
        </extensions>
      </trkpt>
      <trkpt lat="45.93387" lon="7.20376">
        <ele>1715</ele>
        <extensions>
          <distance>24419</distance>
        </extensions>
      </trkpt>
      <trkpt lat="45.9340225" lon="7.2038925">
        <ele>1714</ele>
        <extensions>
          <distance>24439</distance>
        </extensions>
      </trkpt>
      <trkpt lat="45.934174999999996" lon="7.204025">
        <ele>1711</ele>
        <extensions>
          <distance>24458</distance>
        </extensions>
      </trkpt>
      <trkpt lat="45.934327499999995" lon="7.2041575">
        <ele>1708</ele>
        <extensions>
          <distance>24479</distance>
        </extensions>
      </trkpt>
      <trkpt lat="45.93448" lon="7.20429">
        <ele>1708</ele>
        <extensions>
          <distance>24498</distance>
        </extensions>
      </trkpt>
      <trkpt lat="45.93455" lon="7.20437">
        <ele>1708</ele>
        <extensions>
          <distance>24508</distance>
        </extensions>
      </trkpt>
      <trkpt lat="45.93462" lon="7.20448">
        <ele>1706</ele>
        <extensions>
          <distance>24520</distance>
        </extensions>
      </trkpt>
      <trkpt lat="45.93471" lon="7.20463">
        <ele>1705</ele>
        <extensions>
          <distance>24535</distance>
        </extensions>
      </trkpt>
      <trkpt lat="45.9348" lon="7.20478">
        <ele>1703</ele>
        <extensions>
          <distance>24551</distance>
        </extensions>
      </trkpt>
      <trkpt lat="45.93485" lon="7.20488">
        <ele>1701</ele>
        <extensions>
          <distance>24560</distance>
        </extensions>
      </trkpt>
      <trkpt lat="45.93494" lon="7.205025">
        <ele>1699</ele>
        <extensions>
          <distance>24575</distance>
        </extensions>
      </trkpt>
      <trkpt lat="45.93503" lon="7.20517">
        <ele>1697</ele>
        <extensions>
          <distance>24591</distance>
        </extensions>
      </trkpt>
      <trkpt lat="45.93509" lon="7.20529">
        <ele>1697</ele>
        <extensions>
          <distance>24602</distance>
        </extensions>
      </trkpt>
      <trkpt lat="45.93529" lon="7.205405">
        <ele>1695</ele>
        <extensions>
          <distance>24626</distance>
        </extensions>
      </trkpt>
      <trkpt lat="45.93549" lon="7.20552">
        <ele>1693</ele>
        <extensions>
          <distance>24650</distance>
        </extensions>
      </trkpt>
      <trkpt lat="45.93568" lon="7.20557">
        <ele>1692</ele>
        <extensions>
          <distance>24672</distance>
        </extensions>
      </trkpt>
      <trkpt lat="45.93588" lon="7.20554">
        <ele>1691</ele>
        <extensions>
          <distance>24694</distance>
        </extensions>
      </trkpt>
      <trkpt lat="45.9361" lon="7.20559">
        <ele>1691</ele>
        <extensions>
          <distance>24719</distance>
        </extensions>
      </trkpt>
      <trkpt lat="45.936255" lon="7.205705">
        <ele>1691</ele>
        <extensions>
          <distance>24738</distance>
        </extensions>
      </trkpt>
      <trkpt lat="45.93641" lon="7.20582">
        <ele>1692</ele>
        <extensions>
          <distance>24758</distance>
        </extensions>
      </trkpt>
      <trkpt lat="45.936580000000006" lon="7.2059">
        <ele>1693</ele>
        <extensions>
          <distance>24778</distance>
        </extensions>
      </trkpt>
      <trkpt lat="45.93675" lon="7.20598">
        <ele>1694</ele>
        <extensions>
          <distance>24797</distance>
        </extensions>
      </trkpt>
      <trkpt lat="45.936885000000004" lon="7.206035">
        <ele>1694</ele>
        <extensions>
          <distance>24813</distance>
        </extensions>
      </trkpt>
      <trkpt lat="45.93702" lon="7.20609">
        <ele>1694</ele>
        <extensions>
          <distance>24829</distance>
        </extensions>
      </trkpt>
      <trkpt lat="45.9372" lon="7.20621">
        <ele>1695</ele>
        <extensions>
          <distance>24851</distance>
        </extensions>
      </trkpt>
      <trkpt lat="45.93738" lon="7.206205">
        <ele>1695</ele>
        <extensions>
          <distance>24871</distance>
        </extensions>
      </trkpt>
      <trkpt lat="45.93756" lon="7.2062">
        <ele>1695</ele>
        <extensions>
          <distance>24891</distance>
        </extensions>
      </trkpt>
      <trkpt lat="45.93762" lon="7.20619">
        <ele>1696</ele>
        <extensions>
          <distance>24897</distance>
        </extensions>
      </trkpt>
      <trkpt lat="45.9377475" lon="7.2062625">
        <ele>1697</ele>
        <extensions>
          <distance>24913</distance>
        </extensions>
      </trkpt>
      <trkpt lat="45.937875000000005" lon="7.206335">
        <ele>1698</ele>
        <extensions>
          <distance>24928</distance>
        </extensions>
      </trkpt>
      <trkpt lat="45.9380025" lon="7.2064075">
        <ele>1698</ele>
        <extensions>
          <distance>24943</distance>
        </extensions>
      </trkpt>
      <trkpt lat="45.93813" lon="7.20648">
        <ele>1698</ele>
        <extensions>
          <distance>24958</distance>
        </extensions>
      </trkpt>
      <trkpt lat="45.938335" lon="7.20653">
        <ele>1699</ele>
        <extensions>
          <distance>24982</distance>
        </extensions>
      </trkpt>
      <trkpt lat="45.93854" lon="7.20658">
        <ele>1700</ele>
        <extensions>
          <distance>25005</distance>
        </extensions>
      </trkpt>
      <trkpt lat="45.93874" lon="7.20658">
        <ele>1701</ele>
        <extensions>
          <distance>25027</distance>
        </extensions>
      </trkpt>
      <trkpt lat="45.93884" lon="7.20652">
        <ele>1702</ele>
        <extensions>
          <distance>25039</distance>
        </extensions>
      </trkpt>
      <trkpt lat="45.93905" lon="7.2065">
        <ele>1704</ele>
        <extensions>
          <distance>25062</distance>
        </extensions>
      </trkpt>
      <trkpt lat="45.9392075" lon="7.2064275">
        <ele>1707</ele>
        <extensions>
          <distance>25081</distance>
        </extensions>
      </trkpt>
      <trkpt lat="45.939365" lon="7.206355">
        <ele>1707</ele>
        <extensions>
          <distance>25100</distance>
        </extensions>
      </trkpt>
      <trkpt lat="45.9395225" lon="7.2062825">
        <ele>1708</ele>
        <extensions>
          <distance>25118</distance>
        </extensions>
      </trkpt>
      <trkpt lat="45.93968" lon="7.20621">
        <ele>1708</ele>
        <extensions>
          <distance>25136</distance>
        </extensions>
      </trkpt>
      <trkpt lat="45.939837499999996" lon="7.206227499999999">
        <ele>1708</ele>
        <extensions>
          <distance>25154</distance>
        </extensions>
      </trkpt>
      <trkpt lat="45.939994999999996" lon="7.206244999999999">
        <ele>1708</ele>
        <extensions>
          <distance>25171</distance>
        </extensions>
      </trkpt>
      <trkpt lat="45.940152499999996" lon="7.206262499999999">
        <ele>1706</ele>
        <extensions>
          <distance>25189</distance>
        </extensions>
      </trkpt>
      <trkpt lat="45.94031" lon="7.20628">
        <ele>1703</ele>
        <extensions>
          <distance>25207</distance>
        </extensions>
      </trkpt>
      <trkpt lat="45.9404" lon="7.20628">
        <ele>1701</ele>
        <extensions>
          <distance>25217</distance>
        </extensions>
      </trkpt>
      <trkpt lat="45.9405375" lon="7.2062475">
        <ele>1700</ele>
        <extensions>
          <distance>25232</distance>
        </extensions>
      </trkpt>
      <trkpt lat="45.940675" lon="7.206215">
        <ele>1699</ele>
        <extensions>
          <distance>25248</distance>
        </extensions>
      </trkpt>
      <trkpt lat="45.9408125" lon="7.206182500000001">
        <ele>1696</ele>
        <extensions>
          <distance>25264</distance>
        </extensions>
      </trkpt>
      <trkpt lat="45.94095" lon="7.20615">
        <ele>1695</ele>
        <extensions>
          <distance>25279</distance>
        </extensions>
      </trkpt>
      <trkpt lat="45.94105" lon="7.20608">
        <ele>1695</ele>
        <extensions>
          <distance>25291</distance>
        </extensions>
      </trkpt>
      <trkpt lat="45.94126" lon="7.2061">
        <ele>1692</ele>
        <extensions>
          <distance>25315</distance>
        </extensions>
      </trkpt>
      <trkpt lat="45.94149" lon="7.20605">
        <ele>1688</ele>
        <extensions>
          <distance>25341</distance>
        </extensions>
      </trkpt>
      <trkpt lat="45.94172" lon="7.206">
        <ele>1685</ele>
        <extensions>
          <distance>25367</distance>
        </extensions>
      </trkpt>
      <trkpt lat="45.94191" lon="7.20585">
        <ele>1685</ele>
        <extensions>
          <distance>25391</distance>
        </extensions>
      </trkpt>
      <trkpt lat="45.942145" lon="7.20589">
        <ele>1680</ele>
        <extensions>
          <distance>25418</distance>
        </extensions>
      </trkpt>
      <trkpt lat="45.94238" lon="7.20593">
        <ele>1674</ele>
        <extensions>
          <distance>25445</distance>
        </extensions>
      </trkpt>
      <trkpt lat="45.94256" lon="7.20589">
        <ele>1672</ele>
        <extensions>
          <distance>25465</distance>
        </extensions>
      </trkpt>
      <trkpt lat="45.94265" lon="7.20588">
        <ele>1670</ele>
        <extensions>
          <distance>25475</distance>
        </extensions>
      </trkpt>
      <trkpt lat="45.94272" lon="7.20586">
        <ele>1668</ele>
        <extensions>
          <distance>25483</distance>
        </extensions>
      </trkpt>
      <trkpt lat="45.9428" lon="7.20581">
        <ele>1667</ele>
        <extensions>
          <distance>25493</distance>
        </extensions>
      </trkpt>
      <trkpt lat="45.942925" lon="7.205724999999999">
        <ele>1666</ele>
        <extensions>
          <distance>25509</distance>
        </extensions>
      </trkpt>
      <trkpt lat="45.94305" lon="7.20564">
        <ele>1664</ele>
        <extensions>
          <distance>25524</distance>
        </extensions>
      </trkpt>
      <trkpt lat="45.94315" lon="7.20556">
        <ele>1663</ele>
        <extensions>
          <distance>25537</distance>
        </extensions>
      </trkpt>
      <trkpt lat="45.94338" lon="7.20558">
        <ele>1655</ele>
        <extensions>
          <distance>25564</distance>
        </extensions>
      </trkpt>
      <trkpt lat="45.94349" lon="7.20563">
        <ele>1651</ele>
        <extensions>
          <distance>25577</distance>
        </extensions>
      </trkpt>
      <trkpt lat="45.94367" lon="7.20562">
        <ele>1643</ele>
        <extensions>
          <distance>25598</distance>
        </extensions>
      </trkpt>
      <trkpt lat="45.94385" lon="7.20561">
        <ele>1639</ele>
        <extensions>
          <distance>25619</distance>
        </extensions>
      </trkpt>
      <trkpt lat="45.94403" lon="7.2056000000000004">
        <ele>1632</ele>
        <extensions>
          <distance>25640</distance>
        </extensions>
      </trkpt>
      <trkpt lat="45.94421" lon="7.20559">
        <ele>1627</ele>
        <extensions>
          <distance>25661</distance>
        </extensions>
      </trkpt>
      <trkpt lat="45.94445" lon="7.20552">
        <ele>1627</ele>
        <extensions>
          <distance>25688</distance>
        </extensions>
      </trkpt>
      <trkpt lat="45.94469" lon="7.20545">
        <ele>1622</ele>
        <extensions>
          <distance>25715</distance>
        </extensions>
      </trkpt>
      <trkpt lat="45.94493" lon="7.20545">
        <ele>1619</ele>
        <extensions>
          <distance>25742</distance>
        </extensions>
      </trkpt>
      <trkpt lat="45.945105" lon="7.205385">
        <ele>1619</ele>
        <extensions>
          <distance>25762</distance>
        </extensions>
      </trkpt>
      <trkpt lat="45.94528" lon="7.20532">
        <ele>1618</ele>
        <extensions>
          <distance>25782</distance>
        </extensions>
      </trkpt>
      <trkpt lat="45.94516" lon="7.20559">
        <ele>1610</ele>
        <extensions>
          <distance>25808</distance>
        </extensions>
      </trkpt>
      <trkpt lat="45.94508" lon="7.20566">
        <ele>1609</ele>
        <extensions>
          <distance>25818</distance>
        </extensions>
      </trkpt>
      <trkpt lat="45.945" lon="7.20571">
        <ele>1608</ele>
        <extensions>
          <distance>25828</distance>
        </extensions>
      </trkpt>
      <trkpt lat="45.94482" lon="7.20585">
        <ele>1608</ele>
        <extensions>
          <distance>25851</distance>
        </extensions>
      </trkpt>
      <trkpt lat="45.94466" lon="7.20606">
        <ele>1607</ele>
        <extensions>
          <distance>25875</distance>
        </extensions>
      </trkpt>
      <trkpt lat="45.94471" lon="7.20615">
        <ele>1605</ele>
        <extensions>
          <distance>25884</distance>
        </extensions>
      </trkpt>
      <trkpt lat="45.9448" lon="7.20618">
        <ele>1604</ele>
        <extensions>
          <distance>25894</distance>
        </extensions>
      </trkpt>
      <trkpt lat="45.94489" lon="7.20609">
        <ele>1604</ele>
        <extensions>
          <distance>25907</distance>
        </extensions>
      </trkpt>
      <trkpt lat="45.94498" lon="7.20612">
        <ele>1604</ele>
        <extensions>
          <distance>25917</distance>
        </extensions>
      </trkpt>
      <trkpt lat="45.945095" lon="7.20631">
        <ele>1604</ele>
        <extensions>
          <distance>25936</distance>
        </extensions>
      </trkpt>
      <trkpt lat="45.94521" lon="7.2065">
        <ele>1605</ele>
        <extensions>
          <distance>25956</distance>
        </extensions>
      </trkpt>
      <trkpt lat="45.94542" lon="7.20662">
        <ele>1609</ele>
        <extensions>
          <distance>25981</distance>
        </extensions>
      </trkpt>
      <trkpt lat="45.94563" lon="7.20674">
        <ele>1612</ele>
        <extensions>
          <distance>26006</distance>
        </extensions>
      </trkpt>
      <trkpt lat="45.945814999999996" lon="7.2067125">
        <ele>1612</ele>
        <extensions>
          <distance>26027</distance>
        </extensions>
      </trkpt>
      <trkpt lat="45.946" lon="7.206685">
        <ele>1612</ele>
        <extensions>
          <distance>26048</distance>
        </extensions>
      </trkpt>
      <trkpt lat="45.946185" lon="7.2066575">
        <ele>1615</ele>
        <extensions>
          <distance>26069</distance>
        </extensions>
      </trkpt>
      <trkpt lat="45.94637" lon="7.20663">
        <ele>1621</ele>
        <extensions>
          <distance>26090</distance>
        </extensions>
      </trkpt>
      <trkpt lat="45.9465275" lon="7.206574999999999">
        <ele>1621</ele>
        <extensions>
          <distance>26108</distance>
        </extensions>
      </trkpt>
      <trkpt lat="45.946685" lon="7.206519999999999">
        <ele>1621</ele>
        <extensions>
          <distance>26126</distance>
        </extensions>
      </trkpt>
      <trkpt lat="45.9468425" lon="7.206465">
        <ele>1621</ele>
        <extensions>
          <distance>26144</distance>
        </extensions>
      </trkpt>
      <trkpt lat="45.947" lon="7.20641">
        <ele>1621</ele>
        <extensions>
          <distance>26162</distance>
        </extensions>
      </trkpt>
      <trkpt lat="45.94718" lon="7.2064">
        <ele>1621</ele>
        <extensions>
          <distance>26182</distance>
        </extensions>
      </trkpt>
      <trkpt lat="45.94736" lon="7.2064">
        <ele>1621</ele>
        <extensions>
          <distance>26202</distance>
        </extensions>
      </trkpt>
      <trkpt lat="45.94745" lon="7.20641">
        <ele>1623</ele>
        <extensions>
          <distance>26212</distance>
        </extensions>
      </trkpt>
      <trkpt lat="45.947610000000005" lon="7.206445">
        <ele>1623</ele>
        <extensions>
          <distance>26230</distance>
        </extensions>
      </trkpt>
      <trkpt lat="45.947770000000006" lon="7.20648">
        <ele>1623</ele>
        <extensions>
          <distance>26248</distance>
        </extensions>
      </trkpt>
      <trkpt lat="45.94793" lon="7.206515">
        <ele>1624</ele>
        <extensions>
          <distance>26266</distance>
        </extensions>
      </trkpt>
      <trkpt lat="45.94809" lon="7.20655">
        <ele>1625</ele>
        <extensions>
          <distance>26284</distance>
        </extensions>
      </trkpt>
      <trkpt lat="45.9482" lon="7.20668">
        <ele>1625</ele>
        <extensions>
          <distance>26300</distance>
        </extensions>
      </trkpt>
      <trkpt lat="45.94838" lon="7.20681">
        <ele>1626</ele>
        <extensions>
          <distance>26322</distance>
        </extensions>
      </trkpt>
      <trkpt lat="45.94838" lon="7.20695">
        <ele>1628</ele>
        <extensions>
          <distance>26333</distance>
        </extensions>
      </trkpt>
      <trkpt lat="45.94825" lon="7.20721">
        <ele>1640</ele>
        <extensions>
          <distance>26361</distance>
        </extensions>
      </trkpt>
      <trkpt lat="45.94823" lon="7.20735">
        <ele>1640</ele>
        <extensions>
          <distance>26372</distance>
        </extensions>
      </trkpt>
      <trkpt lat="45.948275" lon="7.2075499999999995">
        <ele>1640</ele>
        <extensions>
          <distance>26388</distance>
        </extensions>
      </trkpt>
      <trkpt lat="45.94832" lon="7.20775">
        <ele>1640</ele>
        <extensions>
          <distance>26405</distance>
        </extensions>
      </trkpt>
      <trkpt lat="45.948465" lon="7.2078050000000005">
        <ele>1638</ele>
        <extensions>
          <distance>26421</distance>
        </extensions>
      </trkpt>
      <trkpt lat="45.94861" lon="7.20786">
        <ele>1637</ele>
        <extensions>
          <distance>26438</distance>
        </extensions>
      </trkpt>
      <trkpt lat="45.94873" lon="7.20796">
        <ele>1637</ele>
        <extensions>
          <distance>26453</distance>
        </extensions>
      </trkpt>
      <trkpt lat="45.94885" lon="7.20806">
        <ele>1637</ele>
        <extensions>
          <distance>26469</distance>
        </extensions>
      </trkpt>
      <trkpt lat="45.94897" lon="7.2081599999999995">
        <ele>1636</ele>
        <extensions>
          <distance>26484</distance>
        </extensions>
      </trkpt>
      <trkpt lat="45.94909" lon="7.20826">
        <ele>1636</ele>
        <extensions>
          <distance>26500</distance>
        </extensions>
      </trkpt>
      <trkpt lat="45.94932" lon="7.20826">
        <ele>1636</ele>
        <extensions>
          <distance>26525</distance>
        </extensions>
      </trkpt>
      <trkpt lat="45.9494525" lon="7.2081925">
        <ele>1634</ele>
        <extensions>
          <distance>26541</distance>
        </extensions>
      </trkpt>
      <trkpt lat="45.949585" lon="7.208125">
        <ele>1633</ele>
        <extensions>
          <distance>26557</distance>
        </extensions>
      </trkpt>
      <trkpt lat="45.9497175" lon="7.2080575">
        <ele>1631</ele>
        <extensions>
          <distance>26572</distance>
        </extensions>
      </trkpt>
      <trkpt lat="45.94985" lon="7.20799">
        <ele>1629</ele>
        <extensions>
          <distance>26588</distance>
        </extensions>
      </trkpt>
      <trkpt lat="45.95003" lon="7.207955">
        <ele>1626</ele>
        <extensions>
          <distance>26609</distance>
        </extensions>
      </trkpt>
      <trkpt lat="45.95021" lon="7.20792">
        <ele>1625</ele>
        <extensions>
          <distance>26629</distance>
        </extensions>
      </trkpt>
      <trkpt lat="45.950475" lon="7.207879999999999">
        <ele>1624</ele>
        <extensions>
          <distance>26658</distance>
        </extensions>
      </trkpt>
      <trkpt lat="45.95074" lon="7.20784">
        <ele>1623</ele>
        <extensions>
          <distance>26688</distance>
        </extensions>
      </trkpt>
      <trkpt lat="45.950919999999996" lon="7.20787">
        <ele>1622</ele>
        <extensions>
          <distance>26708</distance>
        </extensions>
      </trkpt>
      <trkpt lat="45.9511" lon="7.2079">
        <ele>1622</ele>
        <extensions>
          <distance>26728</distance>
        </extensions>
      </trkpt>
      <trkpt lat="45.95117" lon="7.20792">
        <ele>1622</ele>
        <extensions>
          <distance>26736</distance>
        </extensions>
      </trkpt>
      <trkpt lat="45.95135" lon="7.207879999999999">
        <ele>1621</ele>
        <extensions>
          <distance>26757</distance>
        </extensions>
      </trkpt>
      <trkpt lat="45.95153" lon="7.20784">
        <ele>1621</ele>
        <extensions>
          <distance>26777</distance>
        </extensions>
      </trkpt>
      <trkpt lat="45.95162" lon="7.20781">
        <ele>1621</ele>
        <extensions>
          <distance>26787</distance>
        </extensions>
      </trkpt>
      <trkpt lat="45.95176" lon="7.20758">
        <ele>1620</ele>
        <extensions>
          <distance>26811</distance>
        </extensions>
      </trkpt>
      <trkpt lat="45.95192" lon="7.20754">
        <ele>1620</ele>
        <extensions>
          <distance>26829</distance>
        </extensions>
      </trkpt>
      <trkpt lat="45.95201" lon="7.20747">
        <ele>1620</ele>
        <extensions>
          <distance>26840</distance>
        </extensions>
      </trkpt>
      <trkpt lat="45.95208" lon="7.20752">
        <ele>1620</ele>
        <extensions>
          <distance>26849</distance>
        </extensions>
      </trkpt>
      <trkpt lat="45.95186" lon="7.20753">
        <ele>1620</ele>
        <extensions>
          <distance>26873</distance>
        </extensions>
      </trkpt>
      <trkpt lat="45.95176" lon="7.20758">
        <ele>1620</ele>
        <extensions>
          <distance>26885</distance>
        </extensions>
      </trkpt>
      <trkpt lat="45.951695" lon="7.207775">
        <ele>1621</ele>
        <extensions>
          <distance>26902</distance>
        </extensions>
      </trkpt>
      <trkpt lat="45.95163" lon="7.20797">
        <ele>1622</ele>
        <extensions>
          <distance>26919</distance>
        </extensions>
      </trkpt>
      <trkpt lat="45.95163" lon="7.20812">
        <ele>1623</ele>
        <extensions>
          <distance>26930</distance>
        </extensions>
      </trkpt>
      <trkpt lat="45.95169" lon="7.20824">
        <ele>1624</ele>
        <extensions>
          <distance>26942</distance>
        </extensions>
      </trkpt>
      <trkpt lat="45.9518325" lon="7.20826">
        <ele>1624</ele>
        <extensions>
          <distance>26958</distance>
        </extensions>
      </trkpt>
      <trkpt lat="45.951975000000004" lon="7.20828">
        <ele>1624</ele>
        <extensions>
          <distance>26974</distance>
        </extensions>
      </trkpt>
      <trkpt lat="45.9521175" lon="7.2082999999999995">
        <ele>1624</ele>
        <extensions>
          <distance>26989</distance>
        </extensions>
      </trkpt>
      <trkpt lat="45.95226" lon="7.20832">
        <ele>1625</ele>
        <extensions>
          <distance>27005</distance>
        </extensions>
      </trkpt>
      <trkpt lat="45.952420000000004" lon="7.208405">
        <ele>1625</ele>
        <extensions>
          <distance>27024</distance>
        </extensions>
      </trkpt>
      <trkpt lat="45.95258" lon="7.20849">
        <ele>1626</ele>
        <extensions>
          <distance>27043</distance>
        </extensions>
      </trkpt>
      <trkpt lat="45.952725" lon="7.208585">
        <ele>1626</ele>
        <extensions>
          <distance>27061</distance>
        </extensions>
      </trkpt>
      <trkpt lat="45.95287" lon="7.20868">
        <ele>1626</ele>
        <extensions>
          <distance>27079</distance>
        </extensions>
      </trkpt>
      <trkpt lat="45.9530175" lon="7.208802500000001">
        <ele>1627</ele>
        <extensions>
          <distance>27098</distance>
        </extensions>
      </trkpt>
      <trkpt lat="45.953165" lon="7.208925000000001">
        <ele>1628</ele>
        <extensions>
          <distance>27117</distance>
        </extensions>
      </trkpt>
      <trkpt lat="45.953312499999996" lon="7.2090475000000005">
        <ele>1628</ele>
        <extensions>
          <distance>27136</distance>
        </extensions>
      </trkpt>
      <trkpt lat="45.95346" lon="7.20917">
        <ele>1629</ele>
        <extensions>
          <distance>27155</distance>
        </extensions>
      </trkpt>
      <trkpt lat="45.9536475" lon="7.2092825000000005">
        <ele>1629</ele>
        <extensions>
          <distance>27177</distance>
        </extensions>
      </trkpt>
      <trkpt lat="45.953835" lon="7.209395000000001">
        <ele>1629</ele>
        <extensions>
          <distance>27200</distance>
        </extensions>
      </trkpt>
      <trkpt lat="45.9540225" lon="7.209507500000001">
        <ele>1629</ele>
        <extensions>
          <distance>27222</distance>
        </extensions>
      </trkpt>
      <trkpt lat="45.95421" lon="7.20962">
        <ele>1627</ele>
        <extensions>
          <distance>27245</distance>
        </extensions>
      </trkpt>
      <trkpt lat="45.95437" lon="7.20978">
        <ele>1624</ele>
        <extensions>
          <distance>27267</distance>
        </extensions>
      </trkpt>
      <trkpt lat="45.95445" lon="7.20984">
        <ele>1623</ele>
        <extensions>
          <distance>27277</distance>
        </extensions>
      </trkpt>
      <trkpt lat="45.9546" lon="7.20993">
        <ele>1622</ele>
        <extensions>
          <distance>27295</distance>
        </extensions>
      </trkpt>
      <trkpt lat="45.9547725" lon="7.2099875">
        <ele>1621</ele>
        <extensions>
          <distance>27315</distance>
        </extensions>
      </trkpt>
      <trkpt lat="45.954944999999995" lon="7.210045">
        <ele>1620</ele>
        <extensions>
          <distance>27334</distance>
        </extensions>
      </trkpt>
      <trkpt lat="45.9551175" lon="7.2101025">
        <ele>1620</ele>
        <extensions>
          <distance>27354</distance>
        </extensions>
      </trkpt>
      <trkpt lat="45.95529" lon="7.21016">
        <ele>1620</ele>
        <extensions>
          <distance>27374</distance>
        </extensions>
      </trkpt>
      <trkpt lat="45.955515" lon="7.210195000000001">
        <ele>1618</ele>
        <extensions>
          <distance>27399</distance>
        </extensions>
      </trkpt>
      <trkpt lat="45.95574" lon="7.21023">
        <ele>1618</ele>
        <extensions>
          <distance>27424</distance>
        </extensions>
      </trkpt>
      <trkpt lat="45.95587" lon="7.21026">
        <ele>1618</ele>
        <extensions>
          <distance>27439</distance>
        </extensions>
      </trkpt>
      <trkpt lat="45.956045" lon="7.210255">
        <ele>1618</ele>
        <extensions>
          <distance>27458</distance>
        </extensions>
      </trkpt>
      <trkpt lat="45.95622" lon="7.21025">
        <ele>1618</ele>
        <extensions>
          <distance>27478</distance>
        </extensions>
      </trkpt>
      <trkpt lat="45.9564" lon="7.21023">
        <ele>1618</ele>
        <extensions>
          <distance>27498</distance>
        </extensions>
      </trkpt>
      <trkpt lat="45.95657" lon="7.2102">
        <ele>1618</ele>
        <extensions>
          <distance>27517</distance>
        </extensions>
      </trkpt>
      <trkpt lat="45.95674" lon="7.21017">
        <ele>1618</ele>
        <extensions>
          <distance>27536</distance>
        </extensions>
      </trkpt>
      <trkpt lat="45.956945000000005" lon="7.21021">
        <ele>1618</ele>
        <extensions>
          <distance>27559</distance>
        </extensions>
      </trkpt>
      <trkpt lat="45.95715" lon="7.21025">
        <ele>1620</ele>
        <extensions>
          <distance>27582</distance>
        </extensions>
      </trkpt>
      <trkpt lat="45.95733" lon="7.21023">
        <ele>1622</ele>
        <extensions>
          <distance>27602</distance>
        </extensions>
      </trkpt>
      <trkpt lat="45.95742" lon="7.21021">
        <ele>1623</ele>
        <extensions>
          <distance>27612</distance>
        </extensions>
      </trkpt>
      <trkpt lat="45.9576" lon="7.21019">
        <ele>1625</ele>
        <extensions>
          <distance>27632</distance>
        </extensions>
      </trkpt>
      <trkpt lat="45.95778" lon="7.21017">
        <ele>1627</ele>
        <extensions>
          <distance>27652</distance>
        </extensions>
      </trkpt>
      <trkpt lat="45.95795" lon="7.21014">
        <ele>1628</ele>
        <extensions>
          <distance>27671</distance>
        </extensions>
      </trkpt>
      <trkpt lat="45.958124999999995" lon="7.2100550000000005">
        <ele>1629</ele>
        <extensions>
          <distance>27692</distance>
        </extensions>
      </trkpt>
      <trkpt lat="45.9583" lon="7.20997">
        <ele>1629</ele>
        <extensions>
          <distance>27712</distance>
        </extensions>
      </trkpt>
      <trkpt lat="45.95852" lon="7.20996">
        <ele>1630</ele>
        <extensions>
          <distance>27737</distance>
        </extensions>
      </trkpt>
      <trkpt lat="45.95867" lon="7.21017">
        <ele>1633</ele>
        <extensions>
          <distance>27760</distance>
        </extensions>
      </trkpt>
      <trkpt lat="45.95877" lon="7.21044">
        <ele>1636</ele>
        <extensions>
          <distance>27784</distance>
        </extensions>
      </trkpt>
      <trkpt lat="45.95884" lon="7.21078">
        <ele>1638</ele>
        <extensions>
          <distance>27812</distance>
        </extensions>
      </trkpt>
      <trkpt lat="45.95882" lon="7.21109">
        <ele>1643</ele>
        <extensions>
          <distance>27836</distance>
        </extensions>
      </trkpt>
      <trkpt lat="45.95886" lon="7.21124">
        <ele>1647</ele>
        <extensions>
          <distance>27849</distance>
        </extensions>
      </trkpt>
      <trkpt lat="45.95895" lon="7.21131">
        <ele>1649</ele>
        <extensions>
          <distance>27861</distance>
        </extensions>
      </trkpt>
      <trkpt lat="45.95904" lon="7.21135">
        <ele>1651</ele>
        <extensions>
          <distance>27872</distance>
        </extensions>
      </trkpt>
      <trkpt lat="45.95926" lon="7.211425">
        <ele>1655</ele>
        <extensions>
          <distance>27897</distance>
        </extensions>
      </trkpt>
      <trkpt lat="45.95948" lon="7.2115">
        <ele>1661</ele>
        <extensions>
          <distance>27923</distance>
        </extensions>
      </trkpt>
      <trkpt lat="45.95956" lon="7.21154">
        <ele>1663</ele>
        <extensions>
          <distance>27932</distance>
        </extensions>
      </trkpt>
      <trkpt lat="45.95971" lon="7.21159">
        <ele>1666</ele>
        <extensions>
          <distance>27950</distance>
        </extensions>
      </trkpt>
      <trkpt lat="45.95986" lon="7.21164">
        <ele>1668</ele>
        <extensions>
          <distance>27967</distance>
        </extensions>
      </trkpt>
      <trkpt lat="45.95995" lon="7.21166">
        <ele>1668</ele>
        <extensions>
          <distance>27977</distance>
        </extensions>
      </trkpt>
      <trkpt lat="45.9600975" lon="7.2116775">
        <ele>1669</ele>
        <extensions>
          <distance>27994</distance>
        </extensions>
      </trkpt>
      <trkpt lat="45.960245" lon="7.211695000000001">
        <ele>1670</ele>
        <extensions>
          <distance>28010</distance>
        </extensions>
      </trkpt>
      <trkpt lat="45.9603925" lon="7.211712500000001">
        <ele>1675</ele>
        <extensions>
          <distance>28027</distance>
        </extensions>
      </trkpt>
      <trkpt lat="45.96054" lon="7.21173">
        <ele>1675</ele>
        <extensions>
          <distance>28044</distance>
        </extensions>
      </trkpt>
      <trkpt lat="45.960695" lon="7.21171">
        <ele>1675</ele>
        <extensions>
          <distance>28061</distance>
        </extensions>
      </trkpt>
      <trkpt lat="45.96085" lon="7.21169">
        <ele>1675</ele>
        <extensions>
          <distance>28078</distance>
        </extensions>
      </trkpt>
      <trkpt lat="45.96106" lon="7.21169">
        <ele>1673</ele>
        <extensions>
          <distance>28102</distance>
        </extensions>
      </trkpt>
      <trkpt lat="45.96127" lon="7.21169">
        <ele>1673</ele>
        <extensions>
          <distance>28125</distance>
        </extensions>
      </trkpt>
      <trkpt lat="45.96147" lon="7.21177">
        <ele>1673</ele>
        <extensions>
          <distance>28148</distance>
        </extensions>
      </trkpt>
      <trkpt lat="45.96157" lon="7.21173">
        <ele>1673</ele>
        <extensions>
          <distance>28160</distance>
        </extensions>
      </trkpt>
      <trkpt lat="45.96181" lon="7.211875">
        <ele>1680</ele>
        <extensions>
          <distance>28189</distance>
        </extensions>
      </trkpt>
      <trkpt lat="45.96205" lon="7.21202">
        <ele>1689</ele>
        <extensions>
          <distance>28219</distance>
        </extensions>
      </trkpt>
      <trkpt lat="45.962185" lon="7.21203">
        <ele>1690</ele>
        <extensions>
          <distance>28234</distance>
        </extensions>
      </trkpt>
      <trkpt lat="45.96232" lon="7.21204">
        <ele>1692</ele>
        <extensions>
          <distance>28249</distance>
        </extensions>
      </trkpt>
      <trkpt lat="45.962455" lon="7.21205">
        <ele>1693</ele>
        <extensions>
          <distance>28264</distance>
        </extensions>
      </trkpt>
      <trkpt lat="45.96259" lon="7.21206">
        <ele>1694</ele>
        <extensions>
          <distance>28279</distance>
        </extensions>
      </trkpt>
      <trkpt lat="45.962745" lon="7.212087500000001">
        <ele>1694</ele>
        <extensions>
          <distance>28297</distance>
        </extensions>
      </trkpt>
      <trkpt lat="45.9629" lon="7.212115000000001">
        <ele>1696</ele>
        <extensions>
          <distance>28314</distance>
        </extensions>
      </trkpt>
      <trkpt lat="45.963055" lon="7.212142500000001">
        <ele>1700</ele>
        <extensions>
          <distance>28332</distance>
        </extensions>
      </trkpt>
      <trkpt lat="45.96321" lon="7.21217">
        <ele>1706</ele>
        <extensions>
          <distance>28350</distance>
        </extensions>
      </trkpt>
      <trkpt lat="45.96338" lon="7.21222">
        <ele>1713</ele>
        <extensions>
          <distance>28371</distance>
        </extensions>
      </trkpt>
      <trkpt lat="45.963505" lon="7.2123550000000005">
        <ele>1720</ele>
        <extensions>
          <distance>28389</distance>
        </extensions>
      </trkpt>
      <trkpt lat="45.96363" lon="7.21249">
        <ele>1727</ele>
        <extensions>
          <distance>28408</distance>
        </extensions>
      </trkpt>
      <trkpt lat="45.96372" lon="7.21254">
        <ele>1728</ele>
        <extensions>
          <distance>28419</distance>
        </extensions>
      </trkpt>
      <trkpt lat="45.96388" lon="7.212565">
        <ele>1729</ele>
        <extensions>
          <distance>28437</distance>
        </extensions>
      </trkpt>
      <trkpt lat="45.96404" lon="7.21259">
        <ele>1729</ele>
        <extensions>
          <distance>28455</distance>
        </extensions>
      </trkpt>
      <trkpt lat="45.96423" lon="7.21275">
        <ele>1729</ele>
        <extensions>
          <distance>28479</distance>
        </extensions>
      </trkpt>
      <trkpt lat="45.96439" lon="7.21275">
        <ele>1728</ele>
        <extensions>
          <distance>28497</distance>
        </extensions>
      </trkpt>
      <trkpt lat="45.96455" lon="7.21275">
        <ele>1728</ele>
        <extensions>
          <distance>28515</distance>
        </extensions>
      </trkpt>
      <trkpt lat="45.96465" lon="7.21282">
        <ele>1728</ele>
        <extensions>
          <distance>28527</distance>
        </extensions>
      </trkpt>
      <trkpt lat="45.96476" lon="7.21282">
        <ele>1728</ele>
        <extensions>
          <distance>28539</distance>
        </extensions>
      </trkpt>
      <trkpt lat="45.96495" lon="7.21293">
        <ele>1728</ele>
        <extensions>
          <distance>28562</distance>
        </extensions>
      </trkpt>
      <trkpt lat="45.9651" lon="7.213115">
        <ele>1729</ele>
        <extensions>
          <distance>28584</distance>
        </extensions>
      </trkpt>
      <trkpt lat="45.96525" lon="7.2133">
        <ele>1733</ele>
        <extensions>
          <distance>28606</distance>
        </extensions>
      </trkpt>
      <trkpt lat="45.96515" lon="7.21333">
        <ele>1735</ele>
        <extensions>
          <distance>28618</distance>
        </extensions>
      </trkpt>
      <trkpt lat="45.96495" lon="7.21327">
        <ele>1738</ele>
        <extensions>
          <distance>28641</distance>
        </extensions>
      </trkpt>
      <trkpt lat="45.96475" lon="7.21337">
        <ele>1751</ele>
        <extensions>
          <distance>28668</distance>
        </extensions>
      </trkpt>
      <trkpt lat="45.96459" lon="7.213395">
        <ele>1759</ele>
        <extensions>
          <distance>28687</distance>
        </extensions>
      </trkpt>
      <trkpt lat="45.96443" lon="7.21342">
        <ele>1759</ele>
        <extensions>
          <distance>28705</distance>
        </extensions>
      </trkpt>
      <trkpt lat="45.9645" lon="7.21352">
        <ele>1759</ele>
        <extensions>
          <distance>28716</distance>
        </extensions>
      </trkpt>
      <trkpt lat="45.964655" lon="7.21359">
        <ele>1763</ele>
        <extensions>
          <distance>28734</distance>
        </extensions>
      </trkpt>
      <trkpt lat="45.96481" lon="7.21366">
        <ele>1766</ele>
        <extensions>
          <distance>28753</distance>
        </extensions>
      </trkpt>
      <trkpt lat="45.96489" lon="7.21375">
        <ele>1766</ele>
        <extensions>
          <distance>28764</distance>
        </extensions>
      </trkpt>
      <trkpt lat="45.964879999999994" lon="7.21397">
        <ele>1766</ele>
        <extensions>
          <distance>28781</distance>
        </extensions>
      </trkpt>
      <trkpt lat="45.96487" lon="7.21419">
        <ele>1774</ele>
        <extensions>
          <distance>28799</distance>
        </extensions>
      </trkpt>
      <trkpt lat="45.96493" lon="7.21429">
        <ele>1777</ele>
        <extensions>
          <distance>28809</distance>
        </extensions>
      </trkpt>
      <trkpt lat="45.96508" lon="7.21433">
        <ele>1777</ele>
        <extensions>
          <distance>28826</distance>
        </extensions>
      </trkpt>
      <trkpt lat="45.96528" lon="7.21432">
        <ele>1779</ele>
        <extensions>
          <distance>28849</distance>
        </extensions>
      </trkpt>
      <trkpt lat="45.96538" lon="7.2144">
        <ele>1779</ele>
        <extensions>
          <distance>28861</distance>
        </extensions>
      </trkpt>
      <trkpt lat="45.965385" lon="7.214650000000001">
        <ele>1796</ele>
        <extensions>
          <distance>28883</distance>
        </extensions>
      </trkpt>
      <trkpt lat="45.96539" lon="7.2149">
        <ele>1812</ele>
        <extensions>
          <distance>28908</distance>
        </extensions>
      </trkpt>
      <trkpt lat="45.96553" lon="7.21514">
        <ele>1817</ele>
        <extensions>
          <distance>28933</distance>
        </extensions>
      </trkpt>
      <trkpt lat="45.96558" lon="7.21517">
        <ele>1817</ele>
        <extensions>
          <distance>28939</distance>
        </extensions>
      </trkpt>
      <trkpt lat="45.96563" lon="7.21513">
        <ele>1817</ele>
        <extensions>
          <distance>28945</distance>
        </extensions>
      </trkpt>
      <trkpt lat="45.96565" lon="7.21497">
        <ele>1817</ele>
        <extensions>
          <distance>28958</distance>
        </extensions>
      </trkpt>
      <trkpt lat="45.96576" lon="7.21486">
        <ele>1814</ele>
        <extensions>
          <distance>28973</distance>
        </extensions>
      </trkpt>
      <trkpt lat="45.96587" lon="7.21483">
        <ele>1814</ele>
        <extensions>
          <distance>28986</distance>
        </extensions>
      </trkpt>
      <trkpt lat="45.966115" lon="7.2149350000000005">
        <ele>1814</ele>
        <extensions>
          <distance>29014</distance>
        </extensions>
      </trkpt>
      <trkpt lat="45.96636" lon="7.21504">
        <ele>1814</ele>
        <extensions>
          <distance>29042</distance>
        </extensions>
      </trkpt>
      <trkpt lat="45.966544999999996" lon="7.215065">
        <ele>1815</ele>
        <extensions>
          <distance>29063</distance>
        </extensions>
      </trkpt>
      <trkpt lat="45.96673" lon="7.21509">
        <ele>1816</ele>
        <extensions>
          <distance>29084</distance>
        </extensions>
      </trkpt>
      <trkpt lat="45.96691" lon="7.21521">
        <ele>1817</ele>
        <extensions>
          <distance>29106</distance>
        </extensions>
      </trkpt>
      <trkpt lat="45.96698" lon="7.21532">
        <ele>1821</ele>
        <extensions>
          <distance>29118</distance>
        </extensions>
      </trkpt>
      <trkpt lat="45.967015" lon="7.215540000000001">
        <ele>1826</ele>
        <extensions>
          <distance>29136</distance>
        </extensions>
      </trkpt>
      <trkpt lat="45.96705" lon="7.21576">
        <ele>1835</ele>
        <extensions>
          <distance>29156</distance>
        </extensions>
      </trkpt>
      <trkpt lat="45.96716" lon="7.21597">
        <ele>1841</ele>
        <extensions>
          <distance>29177</distance>
        </extensions>
      </trkpt>
      <trkpt lat="45.96723" lon="7.21622">
        <ele>1847</ele>
        <extensions>
          <distance>29199</distance>
        </extensions>
      </trkpt>
      <trkpt lat="45.96743" lon="7.21648">
        <ele>1853</ele>
        <extensions>
          <distance>29229</distance>
        </extensions>
      </trkpt>
      <trkpt lat="45.9676" lon="7.2166">
        <ele>1853</ele>
        <extensions>
          <distance>29250</distance>
        </extensions>
      </trkpt>
      <trkpt lat="45.96767" lon="7.2166">
        <ele>1853</ele>
        <extensions>
          <distance>29258</distance>
        </extensions>
      </trkpt>
      <trkpt lat="45.96775" lon="7.21654">
        <ele>1853</ele>
        <extensions>
          <distance>29268</distance>
        </extensions>
      </trkpt>
      <trkpt lat="45.96785" lon="7.21631">
        <ele>1853</ele>
        <extensions>
          <distance>29289</distance>
        </extensions>
      </trkpt>
      <trkpt lat="45.96797" lon="7.21612">
        <ele>1853</ele>
        <extensions>
          <distance>29309</distance>
        </extensions>
      </trkpt>
      <trkpt lat="45.96806" lon="7.216">
        <ele>1853</ele>
        <extensions>
          <distance>29323</distance>
        </extensions>
      </trkpt>
      <trkpt lat="45.968185000000005" lon="7.21586">
        <ele>1853</ele>
        <extensions>
          <distance>29340</distance>
        </extensions>
      </trkpt>
      <trkpt lat="45.96831" lon="7.21572">
        <ele>1855</ele>
        <extensions>
          <distance>29358</distance>
        </extensions>
      </trkpt>
      <trkpt lat="45.96842" lon="7.21571">
        <ele>1857</ele>
        <extensions>
          <distance>29370</distance>
        </extensions>
      </trkpt>
      <trkpt lat="45.96851" lon="7.21578">
        <ele>1860</ele>
        <extensions>
          <distance>29382</distance>
        </extensions>
      </trkpt>
      <trkpt lat="45.968680000000006" lon="7.215945">
        <ele>1864</ele>
        <extensions>
          <distance>29405</distance>
        </extensions>
      </trkpt>
      <trkpt lat="45.96885" lon="7.21611">
        <ele>1868</ele>
        <extensions>
          <distance>29428</distance>
        </extensions>
      </trkpt>
      <trkpt lat="45.96891" lon="7.2162">
        <ele>1872</ele>
        <extensions>
          <distance>29439</distance>
        </extensions>
      </trkpt>
      <trkpt lat="45.96902" lon="7.21634">
        <ele>1877</ele>
        <extensions>
          <distance>29456</distance>
        </extensions>
      </trkpt>
      <trkpt lat="45.96913" lon="7.21648">
        <ele>1882</ele>
        <extensions>
          <distance>29473</distance>
        </extensions>
      </trkpt>
      <trkpt lat="45.96926" lon="7.21658">
        <ele>1883</ele>
        <extensions>
          <distance>29490</distance>
        </extensions>
      </trkpt>
      <trkpt lat="45.96939" lon="7.21668">
        <ele>1884</ele>
        <extensions>
          <distance>29506</distance>
        </extensions>
      </trkpt>
      <trkpt lat="45.96947" lon="7.21667">
        <ele>1885.5</ele>
        <extensions>
          <distance>29515</distance>
        </extensions>
      </trkpt>
      <trkpt lat="45.969605" lon="7.2166049999999995">
        <ele>1887</ele>
        <extensions>
          <distance>29531</distance>
        </extensions>
      </trkpt>
      <trkpt lat="45.96974" lon="7.21654">
        <ele>1888</ele>
        <extensions>
          <distance>29547</distance>
        </extensions>
      </trkpt>
      <trkpt lat="45.969915" lon="7.21635">
        <ele>1892</ele>
        <extensions>
          <distance>29571</distance>
        </extensions>
      </trkpt>
      <trkpt lat="45.97009" lon="7.21616">
        <ele>1896</ele>
        <extensions>
          <distance>29596</distance>
        </extensions>
      </trkpt>
      <trkpt lat="45.9702" lon="7.2159">
        <ele>1896</ele>
        <extensions>
          <distance>29620</distance>
        </extensions>
      </trkpt>
      <trkpt lat="45.9703" lon="7.21588">
        <ele>1900</ele>
        <extensions>
          <distance>29631</distance>
        </extensions>
      </trkpt>
      <trkpt lat="45.97031" lon="7.21601">
        <ele>1902</ele>
        <extensions>
          <distance>29641</distance>
        </extensions>
      </trkpt>
      <trkpt lat="45.97026" lon="7.21628">
        <ele>1905</ele>
        <extensions>
          <distance>29663</distance>
        </extensions>
      </trkpt>
      <trkpt lat="45.970200000000006" lon="7.216455">
        <ele>1906</ele>
        <extensions>
          <distance>29678</distance>
        </extensions>
      </trkpt>
      <trkpt lat="45.97014" lon="7.21663">
        <ele>1908</ele>
        <extensions>
          <distance>29694</distance>
        </extensions>
      </trkpt>
      <trkpt lat="45.97008" lon="7.21699">
        <ele>1915</ele>
        <extensions>
          <distance>29723</distance>
        </extensions>
      </trkpt>
      <trkpt lat="45.97001" lon="7.21719">
        <ele>1918</ele>
        <extensions>
          <distance>29741</distance>
        </extensions>
      </trkpt>
      <trkpt lat="45.969915" lon="7.21734">
        <ele>1921</ele>
        <extensions>
          <distance>29757</distance>
        </extensions>
      </trkpt>
      <trkpt lat="45.96982" lon="7.21749">
        <ele>1925</ele>
        <extensions>
          <distance>29773</distance>
        </extensions>
      </trkpt>
      <trkpt lat="45.96965" lon="7.21768">
        <ele>1925</ele>
        <extensions>
          <distance>29797</distance>
        </extensions>
      </trkpt>
      <trkpt lat="45.969485000000006" lon="7.217765">
        <ele>1926</ele>
        <extensions>
          <distance>29816</distance>
        </extensions>
      </trkpt>
      <trkpt lat="45.96932" lon="7.21785">
        <ele>1927</ele>
        <extensions>
          <distance>29836</distance>
        </extensions>
      </trkpt>
      <trkpt lat="45.96928" lon="7.21794">
        <ele>1928</ele>
        <extensions>
          <distance>29844</distance>
        </extensions>
      </trkpt>
      <trkpt lat="45.96942" lon="7.217985">
        <ele>1935</ele>
        <extensions>
          <distance>29862</distance>
        </extensions>
      </trkpt>
      <trkpt lat="45.96956" lon="7.21803">
        <ele>1941</ele>
        <extensions>
          <distance>29879</distance>
        </extensions>
      </trkpt>
      <trkpt lat="45.969785" lon="7.218025">
        <ele>1946</ele>
        <extensions>
          <distance>29904</distance>
        </extensions>
      </trkpt>
      <trkpt lat="45.97001" lon="7.21802">
        <ele>1950</ele>
        <extensions>
          <distance>29930</distance>
        </extensions>
      </trkpt>
      <trkpt lat="45.97007" lon="7.21801">
        <ele>1951</ele>
        <extensions>
          <distance>29936</distance>
        </extensions>
      </trkpt>
      <trkpt lat="45.97028" lon="7.21809">
        <ele>1953</ele>
        <extensions>
          <distance>29961</distance>
        </extensions>
      </trkpt>
      <trkpt lat="45.97043" lon="7.2181049999999995">
        <ele>1955</ele>
        <extensions>
          <distance>29977</distance>
        </extensions>
      </trkpt>
      <trkpt lat="45.97058" lon="7.21812">
        <ele>1957</ele>
        <extensions>
          <distance>29994</distance>
        </extensions>
      </trkpt>
      <trkpt lat="45.97067" lon="7.21809">
        <ele>1958</ele>
        <extensions>
          <distance>30005</distance>
        </extensions>
      </trkpt>
      <trkpt lat="45.970875" lon="7.218045">
        <ele>1962</ele>
        <extensions>
          <distance>30028</distance>
        </extensions>
      </trkpt>
      <trkpt lat="45.97108" lon="7.218">
        <ele>1964</ele>
        <extensions>
          <distance>30051</distance>
        </extensions>
      </trkpt>
      <trkpt lat="45.97118" lon="7.21794">
        <ele>1964</ele>
        <extensions>
          <distance>30063</distance>
        </extensions>
      </trkpt>
      <trkpt lat="45.971295" lon="7.21782">
        <ele>1966</ele>
        <extensions>
          <distance>30079</distance>
        </extensions>
      </trkpt>
      <trkpt lat="45.97141" lon="7.2177">
        <ele>1967</ele>
        <extensions>
          <distance>30095</distance>
        </extensions>
      </trkpt>
      <trkpt lat="45.97151" lon="7.21763">
        <ele>1967</ele>
        <extensions>
          <distance>30107</distance>
        </extensions>
      </trkpt>
      <trkpt lat="45.97167" lon="7.21762">
        <ele>1967</ele>
        <extensions>
          <distance>30125</distance>
        </extensions>
      </trkpt>
      <trkpt lat="45.97177" lon="7.21765">
        <ele>1968</ele>
        <extensions>
          <distance>30136</distance>
        </extensions>
      </trkpt>
      <trkpt lat="45.97186" lon="7.21772">
        <ele>1970</ele>
        <extensions>
          <distance>30148</distance>
        </extensions>
      </trkpt>
      <trkpt lat="45.97189" lon="7.21783">
        <ele>1974</ele>
        <extensions>
          <distance>30158</distance>
        </extensions>
      </trkpt>
      <trkpt lat="45.972065" lon="7.217955">
        <ele>1981</ele>
        <extensions>
          <distance>30181</distance>
        </extensions>
      </trkpt>
      <trkpt lat="45.97224" lon="7.21808">
        <ele>1989</ele>
        <extensions>
          <distance>30204</distance>
        </extensions>
      </trkpt>
      <trkpt lat="45.972465" lon="7.218159999999999">
        <ele>1989</ele>
        <extensions>
          <distance>30230</distance>
        </extensions>
      </trkpt>
      <trkpt lat="45.97269" lon="7.21824">
        <ele>1989</ele>
        <extensions>
          <distance>30255</distance>
        </extensions>
      </trkpt>
      <trkpt lat="45.97278" lon="7.21828">
        <ele>1989</ele>
        <extensions>
          <distance>30266</distance>
        </extensions>
      </trkpt>
      <trkpt lat="45.97287" lon="7.21834">
        <ele>1989</ele>
        <extensions>
          <distance>30277</distance>
        </extensions>
      </trkpt>
      <trkpt lat="45.972995" lon="7.21857">
        <ele>1993</ele>
        <extensions>
          <distance>30300</distance>
        </extensions>
      </trkpt>
      <trkpt lat="45.97312" lon="7.2188">
        <ele>1997</ele>
        <extensions>
          <distance>30323</distance>
        </extensions>
      </trkpt>
      <trkpt lat="45.97317" lon="7.21905">
        <ele>2003</ele>
        <extensions>
          <distance>30344</distance>
        </extensions>
      </trkpt>
      <trkpt lat="45.97323" lon="7.21927">
        <ele>2008</ele>
        <extensions>
          <distance>30363</distance>
        </extensions>
      </trkpt>
      <trkpt lat="45.97337" lon="7.21939">
        <ele>2008</ele>
        <extensions>
          <distance>30381</distance>
        </extensions>
      </trkpt>
      <trkpt lat="45.97351" lon="7.21951">
        <ele>2008</ele>
        <extensions>
          <distance>30399</distance>
        </extensions>
      </trkpt>
      <trkpt lat="45.973614999999995" lon="7.2196774999999995">
        <ele>2012</ele>
        <extensions>
          <distance>30416</distance>
        </extensions>
      </trkpt>
      <trkpt lat="45.97372" lon="7.219844999999999">
        <ele>2016</ele>
        <extensions>
          <distance>30434</distance>
        </extensions>
      </trkpt>
      <trkpt lat="45.973825000000005" lon="7.220012499999999">
        <ele>2020</ele>
        <extensions>
          <distance>30452</distance>
        </extensions>
      </trkpt>
      <trkpt lat="45.97393" lon="7.22018">
        <ele>2022</ele>
        <extensions>
          <distance>30470</distance>
        </extensions>
      </trkpt>
      <trkpt lat="45.97404" lon="7.2202975">
        <ele>2023</ele>
        <extensions>
          <distance>30485</distance>
        </extensions>
      </trkpt>
      <trkpt lat="45.97415" lon="7.220415">
        <ele>2025</ele>
        <extensions>
          <distance>30500</distance>
        </extensions>
      </trkpt>
      <trkpt lat="45.97426" lon="7.2205325">
        <ele>2028</ele>
        <extensions>
          <distance>30516</distance>
        </extensions>
      </trkpt>
      <trkpt lat="45.97437" lon="7.22065">
        <ele>2029</ele>
        <extensions>
          <distance>30531</distance>
        </extensions>
      </trkpt>
      <trkpt lat="45.97436" lon="7.22071">
        <ele>2031</ele>
        <extensions>
          <distance>30536</distance>
        </extensions>
      </trkpt>
      <trkpt lat="45.97419" lon="7.22064">
        <ele>2032</ele>
        <extensions>
          <distance>30556</distance>
        </extensions>
      </trkpt>
      <trkpt lat="45.97397" lon="7.22057">
        <ele>2035</ele>
        <extensions>
          <distance>30581</distance>
        </extensions>
      </trkpt>
      <trkpt lat="45.97381" lon="7.2205449999999995">
        <ele>2040</ele>
        <extensions>
          <distance>30600</distance>
        </extensions>
      </trkpt>
      <trkpt lat="45.97365" lon="7.22052">
        <ele>2044</ele>
        <extensions>
          <distance>30618</distance>
        </extensions>
      </trkpt>
      <trkpt lat="45.97348" lon="7.22044">
        <ele>2047</ele>
        <extensions>
          <distance>30638</distance>
        </extensions>
      </trkpt>
      <trkpt lat="45.97325" lon="7.22035">
        <ele>2051</ele>
        <extensions>
          <distance>30665</distance>
        </extensions>
      </trkpt>
      <trkpt lat="45.97331" lon="7.22046">
        <ele>2054</ele>
        <extensions>
          <distance>30676</distance>
        </extensions>
      </trkpt>
      <trkpt lat="45.9734625" lon="7.22067">
        <ele>2057</ele>
        <extensions>
          <distance>30700</distance>
        </extensions>
      </trkpt>
      <trkpt lat="45.973614999999995" lon="7.22088">
        <ele>2057</ele>
        <extensions>
          <distance>30723</distance>
        </extensions>
      </trkpt>
      <trkpt lat="45.973767499999994" lon="7.22109">
        <ele>2059</ele>
        <extensions>
          <distance>30747</distance>
        </extensions>
      </trkpt>
      <trkpt lat="45.97392" lon="7.2213">
        <ele>2064</ele>
        <extensions>
          <distance>30771</distance>
        </extensions>
      </trkpt>
      <trkpt lat="45.974075" lon="7.221575">
        <ele>2076</ele>
        <extensions>
          <distance>30801</distance>
        </extensions>
      </trkpt>
      <trkpt lat="45.97423" lon="7.22185">
        <ele>2084</ele>
        <extensions>
          <distance>30829</distance>
        </extensions>
      </trkpt>
      <trkpt lat="45.97437" lon="7.222004999999999">
        <ele>2085</ele>
        <extensions>
          <distance>30849</distance>
        </extensions>
      </trkpt>
      <trkpt lat="45.97451" lon="7.22216">
        <ele>2086</ele>
        <extensions>
          <distance>30868</distance>
        </extensions>
      </trkpt>
      <trkpt lat="45.97459" lon="7.22222">
        <ele>2087</ele>
        <extensions>
          <distance>30879</distance>
        </extensions>
      </trkpt>
      <trkpt lat="45.974715" lon="7.2222975">
        <ele>2087</ele>
        <extensions>
          <distance>30894</distance>
        </extensions>
      </trkpt>
      <trkpt lat="45.97484" lon="7.2223749999999995">
        <ele>2089</ele>
        <extensions>
          <distance>30909</distance>
        </extensions>
      </trkpt>
      <trkpt lat="45.974965" lon="7.222452499999999">
        <ele>2092</ele>
        <extensions>
          <distance>30924</distance>
        </extensions>
      </trkpt>
      <trkpt lat="45.97509" lon="7.22253">
        <ele>2093</ele>
        <extensions>
          <distance>30939</distance>
        </extensions>
      </trkpt>
      <trkpt lat="45.97521" lon="7.22266">
        <ele>2097</ele>
        <extensions>
          <distance>30956</distance>
        </extensions>
      </trkpt>
      <trkpt lat="45.97532" lon="7.22293">
        <ele>2097</ele>
        <extensions>
          <distance>30981</distance>
        </extensions>
      </trkpt>
      <trkpt lat="45.975455" lon="7.22305">
        <ele>2098</ele>
        <extensions>
          <distance>30998</distance>
        </extensions>
      </trkpt>
      <trkpt lat="45.97559" lon="7.22317">
        <ele>2103</ele>
        <extensions>
          <distance>31016</distance>
        </extensions>
      </trkpt>
      <trkpt lat="45.97565" lon="7.22351">
        <ele>2105</ele>
        <extensions>
          <distance>31044</distance>
        </extensions>
      </trkpt>
      <trkpt lat="45.97557" lon="7.22382">
        <ele>2110</ele>
        <extensions>
          <distance>31070</distance>
        </extensions>
      </trkpt>
      <trkpt lat="45.97545" lon="7.22413">
        <ele>2122</ele>
        <extensions>
          <distance>31100</distance>
        </extensions>
      </trkpt>
      <trkpt lat="45.975435000000004" lon="7.2243949999999995">
        <ele>2123</ele>
        <extensions>
          <distance>31120</distance>
        </extensions>
      </trkpt>
      <trkpt lat="45.97542" lon="7.22466">
        <ele>2124</ele>
        <extensions>
          <distance>31141</distance>
        </extensions>
      </trkpt>
      <trkpt lat="45.97535" lon="7.2249">
        <ele>2124</ele>
        <extensions>
          <distance>31161</distance>
        </extensions>
      </trkpt>
      <trkpt lat="45.975269999999995" lon="7.225135">
        <ele>2125</ele>
        <extensions>
          <distance>31181</distance>
        </extensions>
      </trkpt>
      <trkpt lat="45.97519" lon="7.22537">
        <ele>2126</ele>
        <extensions>
          <distance>31202</distance>
        </extensions>
      </trkpt>
      <trkpt lat="45.975075000000004" lon="7.225535">
        <ele>2130</ele>
        <extensions>
          <distance>31220</distance>
        </extensions>
      </trkpt>
      <trkpt lat="45.97496" lon="7.2257">
        <ele>2136</ele>
        <extensions>
          <distance>31239</distance>
        </extensions>
      </trkpt>
      <trkpt lat="45.97484" lon="7.22594">
        <ele>2136</ele>
        <extensions>
          <distance>31262</distance>
        </extensions>
      </trkpt>
      <trkpt lat="45.97488" lon="7.22616">
        <ele>2136</ele>
        <extensions>
          <distance>31279</distance>
        </extensions>
      </trkpt>
      <trkpt lat="45.97495" lon="7.2262">
        <ele>2136</ele>
        <extensions>
          <distance>31288</distance>
        </extensions>
      </trkpt>
      <trkpt lat="45.975115" lon="7.226100000000001">
        <ele>2136</ele>
        <extensions>
          <distance>31308</distance>
        </extensions>
      </trkpt>
      <trkpt lat="45.97528" lon="7.226">
        <ele>2136</ele>
        <extensions>
          <distance>31328</distance>
        </extensions>
      </trkpt>
      <trkpt lat="45.97537" lon="7.22598">
        <ele>2136</ele>
        <extensions>
          <distance>31338</distance>
        </extensions>
      </trkpt>
      <trkpt lat="45.97548" lon="7.22594">
        <ele>2136</ele>
        <extensions>
          <distance>31350</distance>
        </extensions>
      </trkpt>
      <trkpt lat="45.9756825" lon="7.22593">
        <ele>2136</ele>
        <extensions>
          <distance>31373</distance>
        </extensions>
      </trkpt>
      <trkpt lat="45.975885" lon="7.22592">
        <ele>2141</ele>
        <extensions>
          <distance>31396</distance>
        </extensions>
      </trkpt>
      <trkpt lat="45.9760875" lon="7.225910000000001">
        <ele>2146</ele>
        <extensions>
          <distance>31419</distance>
        </extensions>
      </trkpt>
      <trkpt lat="45.97629" lon="7.2259">
        <ele>2151</ele>
        <extensions>
          <distance>31442</distance>
        </extensions>
      </trkpt>
      <trkpt lat="45.97651" lon="7.22588">
        <ele>2152</ele>
        <extensions>
          <distance>31466</distance>
        </extensions>
      </trkpt>
      <trkpt lat="45.97661" lon="7.22582">
        <ele>2154</ele>
        <extensions>
          <distance>31478</distance>
        </extensions>
      </trkpt>
      <trkpt lat="45.97681" lon="7.22559">
        <ele>2154</ele>
        <extensions>
          <distance>31507</distance>
        </extensions>
      </trkpt>
      <trkpt lat="45.97686" lon="7.22566">
        <ele>2155</ele>
        <extensions>
          <distance>31515</distance>
        </extensions>
      </trkpt>
      <trkpt lat="45.9768" lon="7.2259">
        <ele>2160</ele>
        <extensions>
          <distance>31535</distance>
        </extensions>
      </trkpt>
      <trkpt lat="45.97673" lon="7.226135">
        <ele>2166</ele>
        <extensions>
          <distance>31555</distance>
        </extensions>
      </trkpt>
      <trkpt lat="45.97666" lon="7.22637">
        <ele>2175</ele>
        <extensions>
          <distance>31577</distance>
        </extensions>
      </trkpt>
      <trkpt lat="45.97668" lon="7.22666">
        <ele>2189</ele>
        <extensions>
          <distance>31604</distance>
        </extensions>
      </trkpt>
      <trkpt lat="45.97666" lon="7.226895">
        <ele>2193</ele>
        <extensions>
          <distance>31622</distance>
        </extensions>
      </trkpt>
      <trkpt lat="45.97664" lon="7.22713">
        <ele>2199</ele>
        <extensions>
          <distance>31642</distance>
        </extensions>
      </trkpt>
      <trkpt lat="45.97668" lon="7.22743">
        <ele>2205</ele>
        <extensions>
          <distance>31666</distance>
        </extensions>
      </trkpt>
      <trkpt lat="45.97675" lon="7.2275">
        <ele>2205</ele>
        <extensions>
          <distance>31676</distance>
        </extensions>
      </trkpt>
      <trkpt lat="45.97682" lon="7.22738">
        <ele>2205</ele>
        <extensions>
          <distance>31688</distance>
        </extensions>
      </trkpt>
      <trkpt lat="45.97684" lon="7.22722">
        <ele>2201</ele>
        <extensions>
          <distance>31701</distance>
        </extensions>
      </trkpt>
      <trkpt lat="45.976915000000005" lon="7.226955">
        <ele>2194</ele>
        <extensions>
          <distance>31724</distance>
        </extensions>
      </trkpt>
      <trkpt lat="45.97699" lon="7.22669">
        <ele>2194</ele>
        <extensions>
          <distance>31746</distance>
        </extensions>
      </trkpt>
      <trkpt lat="45.97699" lon="7.22654">
        <ele>2188</ele>
        <extensions>
          <distance>31758</distance>
        </extensions>
      </trkpt>
      <trkpt lat="45.97695" lon="7.2264">
        <ele>2182</ele>
        <extensions>
          <distance>31771</distance>
        </extensions>
      </trkpt>
      <trkpt lat="45.977090000000004" lon="7.226179999999999">
        <ele>2176</ele>
        <extensions>
          <distance>31795</distance>
        </extensions>
      </trkpt>
      <trkpt lat="45.97723" lon="7.22596">
        <ele>2173</ele>
        <extensions>
          <distance>31819</distance>
        </extensions>
      </trkpt>
      <trkpt lat="45.977365" lon="7.225825">
        <ele>2172</ele>
        <extensions>
          <distance>31837</distance>
        </extensions>
      </trkpt>
      <trkpt lat="45.9775" lon="7.22569">
        <ele>2172</ele>
        <extensions>
          <distance>31855</distance>
        </extensions>
      </trkpt>
      <trkpt lat="45.9776" lon="7.22563">
        <ele>2172</ele>
        <extensions>
          <distance>31867</distance>
        </extensions>
      </trkpt>
      <trkpt lat="45.977715" lon="7.2254974999999995">
        <ele>2171</ele>
        <extensions>
          <distance>31884</distance>
        </extensions>
      </trkpt>
      <trkpt lat="45.97783" lon="7.225365">
        <ele>2171</ele>
        <extensions>
          <distance>31900</distance>
        </extensions>
      </trkpt>
      <trkpt lat="45.977945" lon="7.225232500000001">
        <ele>2172</ele>
        <extensions>
          <distance>31916</distance>
        </extensions>
      </trkpt>
      <trkpt lat="45.97806" lon="7.2251">
        <ele>2172</ele>
        <extensions>
          <distance>31933</distance>
        </extensions>
      </trkpt>
      <trkpt lat="45.97826" lon="7.22503">
        <ele>2177</ele>
        <extensions>
          <distance>31956</distance>
        </extensions>
      </trkpt>
      <trkpt lat="45.978390000000005" lon="7.224865">
        <ele>2178</ele>
        <extensions>
          <distance>31975</distance>
        </extensions>
      </trkpt>
      <trkpt lat="45.97852" lon="7.2247">
        <ele>2179</ele>
        <extensions>
          <distance>31994</distance>
        </extensions>
      </trkpt>
      <trkpt lat="45.97865" lon="7.22462">
        <ele>2181</ele>
        <extensions>
          <distance>32010</distance>
        </extensions>
      </trkpt>
      <trkpt lat="45.97873" lon="7.22455">
        <ele>2183</ele>
        <extensions>
          <distance>32021</distance>
        </extensions>
      </trkpt>
      <trkpt lat="45.97882" lon="7.22444">
        <ele>2185</ele>
        <extensions>
          <distance>32034</distance>
        </extensions>
      </trkpt>
      <trkpt lat="45.97888" lon="7.22433">
        <ele>2186</ele>
        <extensions>
          <distance>32045</distance>
        </extensions>
      </trkpt>
      <trkpt lat="45.978995" lon="7.22419">
        <ele>2192</ele>
        <extensions>
          <distance>32062</distance>
        </extensions>
      </trkpt>
      <trkpt lat="45.97911" lon="7.22405">
        <ele>2198</ele>
        <extensions>
          <distance>32080</distance>
        </extensions>
      </trkpt>
      <trkpt lat="45.979325" lon="7.22384">
        <ele>2212</ele>
        <extensions>
          <distance>32112</distance>
        </extensions>
      </trkpt>
      <trkpt lat="45.97954" lon="7.22363">
        <ele>2227</ele>
        <extensions>
          <distance>32145</distance>
        </extensions>
      </trkpt>
      <trkpt lat="45.979635" lon="7.223465">
        <ele>2231</ele>
        <extensions>
          <distance>32162</distance>
        </extensions>
      </trkpt>
      <trkpt lat="45.97973" lon="7.2233">
        <ele>2231</ele>
        <extensions>
          <distance>32179</distance>
        </extensions>
      </trkpt>
      <trkpt lat="45.97975" lon="7.2232">
        <ele>2233</ele>
        <extensions>
          <distance>32187</distance>
        </extensions>
      </trkpt>
      <trkpt lat="45.9798" lon="7.22334">
        <ele>2238</ele>
        <extensions>
          <distance>32200</distance>
        </extensions>
      </trkpt>
      <trkpt lat="45.97987" lon="7.223165">
        <ele>2238</ele>
        <extensions>
          <distance>32215</distance>
        </extensions>
      </trkpt>
      <trkpt lat="45.97994" lon="7.22299">
        <ele>2238</ele>
        <extensions>
          <distance>32231</distance>
        </extensions>
      </trkpt>
      <trkpt lat="45.980042499999996" lon="7.2228449999999995">
        <ele>2240</ele>
        <extensions>
          <distance>32247</distance>
        </extensions>
      </trkpt>
      <trkpt lat="45.980145" lon="7.2227">
        <ele>2245</ele>
        <extensions>
          <distance>32263</distance>
        </extensions>
      </trkpt>
      <trkpt lat="45.980247500000004" lon="7.222555">
        <ele>2251</ele>
        <extensions>
          <distance>32280</distance>
        </extensions>
      </trkpt>
      <trkpt lat="45.98035" lon="7.22241">
        <ele>2255</ele>
        <extensions>
          <distance>32297</distance>
        </extensions>
      </trkpt>
      <trkpt lat="45.98053" lon="7.22232">
        <ele>2265</ele>
        <extensions>
          <distance>32320</distance>
        </extensions>
      </trkpt>
      <trkpt lat="45.98071" lon="7.22223">
        <ele>2273</ele>
        <extensions>
          <distance>32343</distance>
        </extensions>
      </trkpt>
      <trkpt lat="45.98077" lon="7.22194">
        <ele>2274</ele>
        <extensions>
          <distance>32366</distance>
        </extensions>
      </trkpt>
      <trkpt lat="45.98086" lon="7.22188">
        <ele>2276</ele>
        <extensions>
          <distance>32377</distance>
        </extensions>
      </trkpt>
      <trkpt lat="45.9809075" lon="7.22166">
        <ele>2276</ele>
        <extensions>
          <distance>32395</distance>
        </extensions>
      </trkpt>
      <trkpt lat="45.980955" lon="7.221439999999999">
        <ele>2276</ele>
        <extensions>
          <distance>32413</distance>
        </extensions>
      </trkpt>
      <trkpt lat="45.9810025" lon="7.22122">
        <ele>2276</ele>
        <extensions>
          <distance>32431</distance>
        </extensions>
      </trkpt>
      <trkpt lat="45.98105" lon="7.221">
        <ele>2275</ele>
        <extensions>
          <distance>32449</distance>
        </extensions>
      </trkpt>
      <trkpt lat="45.98118" lon="7.22077">
        <ele>2274</ele>
        <extensions>
          <distance>32472</distance>
        </extensions>
      </trkpt>
      <trkpt lat="45.98129" lon="7.22048">
        <ele>2274</ele>
        <extensions>
          <distance>32497</distance>
        </extensions>
      </trkpt>
      <trkpt lat="45.9814" lon="7.220280000000001">
        <ele>2274</ele>
        <extensions>
          <distance>32517</distance>
        </extensions>
      </trkpt>
      <trkpt lat="45.98151" lon="7.22008">
        <ele>2274</ele>
        <extensions>
          <distance>32537</distance>
        </extensions>
      </trkpt>
      <trkpt lat="45.98164" lon="7.21986">
        <ele>2274</ele>
        <extensions>
          <distance>32559</distance>
        </extensions>
      </trkpt>
      <trkpt lat="45.981759999999994" lon="7.219715">
        <ele>2275</ele>
        <extensions>
          <distance>32577</distance>
        </extensions>
      </trkpt>
      <trkpt lat="45.98188" lon="7.21957">
        <ele>2275</ele>
        <extensions>
          <distance>32594</distance>
        </extensions>
      </trkpt>
      <trkpt lat="45.98195" lon="7.2193950000000005">
        <ele>2275</ele>
        <extensions>
          <distance>32610</distance>
        </extensions>
      </trkpt>
      <trkpt lat="45.98202" lon="7.21922">
        <ele>2276</ele>
        <extensions>
          <distance>32625</distance>
        </extensions>
      </trkpt>
      <trkpt lat="45.98209" lon="7.2190449999999995">
        <ele>2276</ele>
        <extensions>
          <distance>32641</distance>
        </extensions>
      </trkpt>
      <trkpt lat="45.98216" lon="7.21887">
        <ele>2275</ele>
        <extensions>
          <distance>32657</distance>
        </extensions>
      </trkpt>
      <trkpt lat="45.982275" lon="7.2187149999999995">
        <ele>2275</ele>
        <extensions>
          <distance>32674</distance>
        </extensions>
      </trkpt>
      <trkpt lat="45.98239" lon="7.21856">
        <ele>2274</ele>
        <extensions>
          <distance>32692</distance>
        </extensions>
      </trkpt>
      <trkpt lat="45.98241" lon="7.218325">
        <ele>2274</ele>
        <extensions>
          <distance>32710</distance>
        </extensions>
      </trkpt>
      <trkpt lat="45.98243" lon="7.21809">
        <ele>2269</ele>
        <extensions>
          <distance>32728</distance>
        </extensions>
      </trkpt>
      <trkpt lat="45.9824975" lon="7.21787">
        <ele>2267</ele>
        <extensions>
          <distance>32747</distance>
        </extensions>
      </trkpt>
      <trkpt lat="45.982565" lon="7.21765">
        <ele>2265</ele>
        <extensions>
          <distance>32766</distance>
        </extensions>
      </trkpt>
      <trkpt lat="45.9826325" lon="7.21743">
        <ele>2262</ele>
        <extensions>
          <distance>32785</distance>
        </extensions>
      </trkpt>
      <trkpt lat="45.9827" lon="7.21721">
        <ele>2260</ele>
        <extensions>
          <distance>32803</distance>
        </extensions>
      </trkpt>
      <trkpt lat="45.98285" lon="7.21689">
        <ele>2259</ele>
        <extensions>
          <distance>32833</distance>
        </extensions>
      </trkpt>
      <trkpt lat="45.98288" lon="7.2168">
        <ele>2258</ele>
        <extensions>
          <distance>32841</distance>
        </extensions>
      </trkpt>
      <trkpt lat="45.9829" lon="7.21665">
        <ele>2256</ele>
        <extensions>
          <distance>32853</distance>
        </extensions>
      </trkpt>
      <trkpt lat="45.98297" lon="7.21644">
        <ele>2254</ele>
        <extensions>
          <distance>32871</distance>
        </extensions>
      </trkpt>
      <trkpt lat="45.98304" lon="7.21623">
        <ele>2253</ele>
        <extensions>
          <distance>32889</distance>
        </extensions>
      </trkpt>
      <trkpt lat="45.983180000000004" lon="7.2158999999999995">
        <ele>2253</ele>
        <extensions>
          <distance>32919</distance>
        </extensions>
      </trkpt>
      <trkpt lat="45.983320000000006" lon="7.21557">
        <ele>2253</ele>
        <extensions>
          <distance>32949</distance>
        </extensions>
      </trkpt>
      <trkpt lat="45.98346000000001" lon="7.21524">
        <ele>2251</ele>
        <extensions>
          <distance>32979</distance>
        </extensions>
      </trkpt>
      <trkpt lat="45.9836" lon="7.21491">
        <ele>2247</ele>
        <extensions>
          <distance>33009</distance>
        </extensions>
      </trkpt>
      <trkpt lat="45.98367" lon="7.21483">
        <ele>2246</ele>
        <extensions>
          <distance>33019</distance>
        </extensions>
      </trkpt>
      <trkpt lat="45.98383" lon="7.214615">
        <ele>2244</ele>
        <extensions>
          <distance>33044</distance>
        </extensions>
      </trkpt>
      <trkpt lat="45.98399" lon="7.2144">
        <ele>2244</ele>
        <extensions>
          <distance>33068</distance>
        </extensions>
      </trkpt>
      <trkpt lat="45.98417" lon="7.21428">
        <ele>2244</ele>
        <extensions>
          <distance>33090</distance>
        </extensions>
      </trkpt>
      <trkpt lat="45.98436" lon="7.21408">
        <ele>2244</ele>
        <extensions>
          <distance>33116</distance>
        </extensions>
      </trkpt>
      <trkpt lat="45.98455" lon="7.21399">
        <ele>2244</ele>
        <extensions>
          <distance>33139</distance>
        </extensions>
      </trkpt>
      <trkpt lat="45.98463" lon="7.21389">
        <ele>2244</ele>
        <extensions>
          <distance>33150</distance>
        </extensions>
      </trkpt>
      <trkpt lat="45.984875" lon="7.21373">
        <ele>2244</ele>
        <extensions>
          <distance>33180</distance>
        </extensions>
      </trkpt>
      <trkpt lat="45.98512" lon="7.21357">
        <ele>2244</ele>
        <extensions>
          <distance>33210</distance>
        </extensions>
      </trkpt>
      <trkpt lat="45.98523" lon="7.21357">
        <ele>2244</ele>
        <extensions>
          <distance>33222</distance>
        </extensions>
      </trkpt>
      <trkpt lat="45.9854" lon="7.21376">
        <ele>2246</ele>
        <extensions>
          <distance>33246</distance>
        </extensions>
      </trkpt>
      <trkpt lat="45.985505" lon="7.213965">
        <ele>2251</ele>
        <extensions>
          <distance>33266</distance>
        </extensions>
      </trkpt>
      <trkpt lat="45.98561" lon="7.21417">
        <ele>2256</ele>
        <extensions>
          <distance>33287</distance>
        </extensions>
      </trkpt>
      <trkpt lat="45.9856975" lon="7.21433">
        <ele>2260</ele>
        <extensions>
          <distance>33303</distance>
        </extensions>
      </trkpt>
      <trkpt lat="45.985785" lon="7.21449">
        <ele>2264</ele>
        <extensions>
          <distance>33319</distance>
        </extensions>
      </trkpt>
      <trkpt lat="45.9858725" lon="7.21465">
        <ele>2264</ele>
        <extensions>
          <distance>33335</distance>
        </extensions>
      </trkpt>
      <trkpt lat="45.98596" lon="7.21481">
        <ele>2264</ele>
        <extensions>
          <distance>33351</distance>
        </extensions>
      </trkpt>
      <trkpt lat="45.986090000000004" lon="7.21499">
        <ele>2264</ele>
        <extensions>
          <distance>33371</distance>
        </extensions>
      </trkpt>
      <trkpt lat="45.98622" lon="7.2151700000000005">
        <ele>2264</ele>
        <extensions>
          <distance>33391</distance>
        </extensions>
      </trkpt>
      <trkpt lat="45.98635" lon="7.215350000000001">
        <ele>2264</ele>
        <extensions>
          <distance>33411</distance>
        </extensions>
      </trkpt>
      <trkpt lat="45.98648" lon="7.21553">
        <ele>2264</ele>
        <extensions>
          <distance>33431</distance>
        </extensions>
      </trkpt>
      <trkpt lat="45.98663" lon="7.21585">
        <ele>2264</ele>
        <extensions>
          <distance>33461</distance>
        </extensions>
      </trkpt>
      <trkpt lat="45.98679" lon="7.21615">
        <ele>2268</ele>
        <extensions>
          <distance>33490</distance>
        </extensions>
      </trkpt>
      <trkpt lat="45.98687" lon="7.21644">
        <ele>2274</ele>
        <extensions>
          <distance>33515</distance>
        </extensions>
      </trkpt>
      <trkpt lat="45.987045" lon="7.216710000000001">
        <ele>2276</ele>
        <extensions>
          <distance>33544</distance>
        </extensions>
      </trkpt>
      <trkpt lat="45.98722" lon="7.21698">
        <ele>2281</ele>
        <extensions>
          <distance>33573</distance>
        </extensions>
      </trkpt>
      <trkpt lat="45.987395" lon="7.21725">
        <ele>2281</ele>
        <extensions>
          <distance>33601</distance>
        </extensions>
      </trkpt>
      <trkpt lat="45.98757" lon="7.21752">
        <ele>2282</ele>
        <extensions>
          <distance>33630</distance>
        </extensions>
      </trkpt>
      <trkpt lat="45.98766" lon="7.2177050000000005">
        <ele>2283</ele>
        <extensions>
          <distance>33647</distance>
        </extensions>
      </trkpt>
      <trkpt lat="45.98775" lon="7.21789">
        <ele>2283</ele>
        <extensions>
          <distance>33665</distance>
        </extensions>
      </trkpt>
      <trkpt lat="45.98788" lon="7.21807">
        <ele>2283</ele>
        <extensions>
          <distance>33685</distance>
        </extensions>
      </trkpt>
      <trkpt lat="45.98799" lon="7.2182">
        <ele>2284</ele>
        <extensions>
          <distance>33701</distance>
        </extensions>
      </trkpt>
      <trkpt lat="45.98804" lon="7.2183">
        <ele>2285</ele>
        <extensions>
          <distance>33710</distance>
        </extensions>
      </trkpt>
      <trkpt lat="45.98813" lon="7.218445">
        <ele>2289</ele>
        <extensions>
          <distance>33726</distance>
        </extensions>
      </trkpt>
      <trkpt lat="45.98822" lon="7.21859">
        <ele>2293</ele>
        <extensions>
          <distance>33741</distance>
        </extensions>
      </trkpt>
      <trkpt lat="45.98832" lon="7.21868">
        <ele>2295</ele>
        <extensions>
          <distance>33754</distance>
        </extensions>
      </trkpt>
      <trkpt lat="45.98842" lon="7.21895">
        <ele>2298</ele>
        <extensions>
          <distance>33778</distance>
        </extensions>
      </trkpt>
      <trkpt lat="45.98848" lon="7.21904">
        <ele>2300</ele>
        <extensions>
          <distance>33788</distance>
        </extensions>
      </trkpt>
      <trkpt lat="45.9886475" lon="7.2192549999999995">
        <ele>2300</ele>
        <extensions>
          <distance>33813</distance>
        </extensions>
      </trkpt>
      <trkpt lat="45.988815" lon="7.219469999999999">
        <ele>2301</ele>
        <extensions>
          <distance>33838</distance>
        </extensions>
      </trkpt>
      <trkpt lat="45.988982500000006" lon="7.219685">
        <ele>2302</ele>
        <extensions>
          <distance>33863</distance>
        </extensions>
      </trkpt>
      <trkpt lat="45.98915" lon="7.2199">
        <ele>2306</ele>
        <extensions>
          <distance>33888</distance>
        </extensions>
      </trkpt>
      <trkpt lat="45.989305" lon="7.22009">
        <ele>2308</ele>
        <extensions>
          <distance>33911</distance>
        </extensions>
      </trkpt>
      <trkpt lat="45.98946" lon="7.22028">
        <ele>2312</ele>
        <extensions>
          <distance>33934</distance>
        </extensions>
      </trkpt>
      <trkpt lat="45.989605" lon="7.220409999999999">
        <ele>2315</ele>
        <extensions>
          <distance>33953</distance>
        </extensions>
      </trkpt>
      <trkpt lat="45.98975" lon="7.22054">
        <ele>2318</ele>
        <extensions>
          <distance>33972</distance>
        </extensions>
      </trkpt>
      <trkpt lat="45.98985" lon="7.22053">
        <ele>2318</ele>
        <extensions>
          <distance>33984</distance>
        </extensions>
      </trkpt>
      <trkpt lat="45.98974" lon="7.22055">
        <ele>2318</ele>
        <extensions>
          <distance>33996</distance>
        </extensions>
      </trkpt>
      <trkpt lat="45.98985" lon="7.22057">
        <ele>2319</ele>
        <extensions>
          <distance>34008</distance>
        </extensions>
      </trkpt>
      <trkpt lat="45.98996" lon="7.22066">
        <ele>2322</ele>
        <extensions>
          <distance>34023</distance>
        </extensions>
      </trkpt>
      <trkpt lat="45.99001" lon="7.22077">
        <ele>2324</ele>
        <extensions>
          <distance>34033</distance>
        </extensions>
      </trkpt>
      <trkpt lat="45.99008" lon="7.22084">
        <ele>2326</ele>
        <extensions>
          <distance>34043</distance>
        </extensions>
      </trkpt>
      <trkpt lat="45.99024" lon="7.22096">
        <ele>2328</ele>
        <extensions>
          <distance>34063</distance>
        </extensions>
      </trkpt>
      <trkpt lat="45.9903" lon="7.22102">
        <ele>2329</ele>
        <extensions>
          <distance>34071</distance>
        </extensions>
      </trkpt>
      <trkpt lat="45.990444999999994" lon="7.22109">
        <ele>2329</ele>
        <extensions>
          <distance>34088</distance>
        </extensions>
      </trkpt>
      <trkpt lat="45.99059" lon="7.22116">
        <ele>2330</ele>
        <extensions>
          <distance>34105</distance>
        </extensions>
      </trkpt>
      <trkpt lat="45.9907" lon="7.22139">
        <ele>2333</ele>
        <extensions>
          <distance>34127</distance>
        </extensions>
      </trkpt>
      <trkpt lat="45.990775" lon="7.221755">
        <ele>2337</ele>
        <extensions>
          <distance>34156</distance>
        </extensions>
      </trkpt>
      <trkpt lat="45.99085" lon="7.22212">
        <ele>2338</ele>
        <extensions>
          <distance>34186</distance>
        </extensions>
      </trkpt>
      <trkpt lat="45.9909" lon="7.22225">
        <ele>2340</ele>
        <extensions>
          <distance>34198</distance>
        </extensions>
      </trkpt>
      <trkpt lat="45.99098" lon="7.22234">
        <ele>2342</ele>
        <extensions>
          <distance>34209</distance>
        </extensions>
      </trkpt>
      <trkpt lat="45.99113" lon="7.222355">
        <ele>2343</ele>
        <extensions>
          <distance>34226</distance>
        </extensions>
      </trkpt>
      <trkpt lat="45.99128" lon="7.22237">
        <ele>2348</ele>
        <extensions>
          <distance>34243</distance>
        </extensions>
      </trkpt>
      <trkpt lat="45.99148" lon="7.22245">
        <ele>2358</ele>
        <extensions>
          <distance>34268</distance>
        </extensions>
      </trkpt>
      <trkpt lat="45.99168" lon="7.22253">
        <ele>2366</ele>
        <extensions>
          <distance>34293</distance>
        </extensions>
      </trkpt>
      <trkpt lat="45.99189" lon="7.22252">
        <ele>2370</ele>
        <extensions>
          <distance>34316</distance>
        </extensions>
      </trkpt>
      <trkpt lat="45.992115" lon="7.22238">
        <ele>2371</ele>
        <extensions>
          <distance>34344</distance>
        </extensions>
      </trkpt>
      <trkpt lat="45.99234" lon="7.22224">
        <ele>2373</ele>
        <extensions>
          <distance>34371</distance>
        </extensions>
      </trkpt>
      <trkpt lat="45.992565" lon="7.2221">
        <ele>2378</ele>
        <extensions>
          <distance>34399</distance>
        </extensions>
      </trkpt>
      <trkpt lat="45.99279" lon="7.22196">
        <ele>2384</ele>
        <extensions>
          <distance>34427</distance>
        </extensions>
      </trkpt>
      <trkpt lat="45.99294" lon="7.22177">
        <ele>2385</ele>
        <extensions>
          <distance>34449</distance>
        </extensions>
      </trkpt>
      <trkpt lat="45.99312" lon="7.22161">
        <ele>2389</ele>
        <extensions>
          <distance>34473</distance>
        </extensions>
      </trkpt>
      <trkpt lat="45.99324" lon="7.22137">
        <ele>2390</ele>
        <extensions>
          <distance>34496</distance>
        </extensions>
      </trkpt>
      <trkpt lat="45.99342" lon="7.2212">
        <ele>2392</ele>
        <extensions>
          <distance>34520</distance>
        </extensions>
      </trkpt>
      <trkpt lat="45.9935" lon="7.22093">
        <ele>2394</ele>
        <extensions>
          <distance>34542</distance>
        </extensions>
      </trkpt>
      <trkpt lat="45.993610000000004" lon="7.2207550000000005">
        <ele>2395</ele>
        <extensions>
          <distance>34561</distance>
        </extensions>
      </trkpt>
      <trkpt lat="45.99372" lon="7.22058">
        <ele>2399</ele>
        <extensions>
          <distance>34579</distance>
        </extensions>
      </trkpt>
      <trkpt lat="45.9938" lon="7.22032">
        <ele>2402</ele>
        <extensions>
          <distance>34602</distance>
        </extensions>
      </trkpt>
      <trkpt lat="45.99385" lon="7.22021">
        <ele>2403</ele>
        <extensions>
          <distance>34612</distance>
        </extensions>
      </trkpt>
      <trkpt lat="45.99391" lon="7.22011">
        <ele>2405</ele>
        <extensions>
          <distance>34622</distance>
        </extensions>
      </trkpt>
      <trkpt lat="45.99406" lon="7.21979">
        <ele>2408</ele>
        <extensions>
          <distance>34652</distance>
        </extensions>
      </trkpt>
      <trkpt lat="45.99412" lon="7.21969">
        <ele>2409</ele>
        <extensions>
          <distance>34663</distance>
        </extensions>
      </trkpt>
      <trkpt lat="45.994235" lon="7.219455">
        <ele>2414</ele>
        <extensions>
          <distance>34685</distance>
        </extensions>
      </trkpt>
      <trkpt lat="45.99435" lon="7.21922">
        <ele>2419</ele>
        <extensions>
          <distance>34708</distance>
        </extensions>
      </trkpt>
      <trkpt lat="45.994415000000004" lon="7.21902">
        <ele>2420</ele>
        <extensions>
          <distance>34725</distance>
        </extensions>
      </trkpt>
      <trkpt lat="45.99448" lon="7.21882">
        <ele>2420</ele>
        <extensions>
          <distance>34742</distance>
        </extensions>
      </trkpt>
      <trkpt lat="45.994565" lon="7.218665">
        <ele>2421</ele>
        <extensions>
          <distance>34758</distance>
        </extensions>
      </trkpt>
      <trkpt lat="45.99465" lon="7.21851">
        <ele>2421</ele>
        <extensions>
          <distance>34773</distance>
        </extensions>
      </trkpt>
      <trkpt lat="45.99475" lon="7.2183">
        <ele>2421</ele>
        <extensions>
          <distance>34793</distance>
        </extensions>
      </trkpt>
      <trkpt lat="45.9948" lon="7.21822">
        <ele>2423</ele>
        <extensions>
          <distance>34801</distance>
        </extensions>
      </trkpt>
      <trkpt lat="45.99496" lon="7.21806">
        <ele>2431</ele>
        <extensions>
          <distance>34824</distance>
        </extensions>
      </trkpt>
      <trkpt lat="45.99507" lon="7.21776">
        <ele>2431</ele>
        <extensions>
          <distance>34850</distance>
        </extensions>
      </trkpt>
      <trkpt lat="45.99524" lon="7.21758">
        <ele>2436</ele>
        <extensions>
          <distance>34874</distance>
        </extensions>
      </trkpt>
      <trkpt lat="45.99535" lon="7.21751">
        <ele>2436</ele>
        <extensions>
          <distance>34887</distance>
        </extensions>
      </trkpt>
      <trkpt lat="45.99548" lon="7.21733">
        <ele>2437</ele>
        <extensions>
          <distance>34908</distance>
        </extensions>
      </trkpt>
      <trkpt lat="45.995605" lon="7.21714">
        <ele>2437</ele>
        <extensions>
          <distance>34928</distance>
        </extensions>
      </trkpt>
      <trkpt lat="45.99573" lon="7.21695">
        <ele>2438</ele>
        <extensions>
          <distance>34948</distance>
        </extensions>
      </trkpt>
      <trkpt lat="45.995865" lon="7.216827499999999">
        <ele>2438</ele>
        <extensions>
          <distance>34966</distance>
        </extensions>
      </trkpt>
      <trkpt lat="45.996" lon="7.216704999999999">
        <ele>2441</ele>
        <extensions>
          <distance>34984</distance>
        </extensions>
      </trkpt>
      <trkpt lat="45.996135" lon="7.2165824999999995">
        <ele>2444</ele>
        <extensions>
          <distance>35002</distance>
        </extensions>
      </trkpt>
      <trkpt lat="45.99627" lon="7.21646">
        <ele>2447</ele>
        <extensions>
          <distance>35020</distance>
        </extensions>
      </trkpt>
      <trkpt lat="45.99646" lon="7.21635">
        <ele>2455</ele>
        <extensions>
          <distance>35044</distance>
        </extensions>
      </trkpt>
      <trkpt lat="45.99664" lon="7.21616">
        <ele>2461</ele>
        <extensions>
          <distance>35069</distance>
        </extensions>
      </trkpt>
      <trkpt lat="45.99674" lon="7.21612">
        <ele>2466</ele>
        <extensions>
          <distance>35082</distance>
        </extensions>
      </trkpt>
      <trkpt lat="45.9969" lon="7.2159">
        <ele>2466</ele>
        <extensions>
          <distance>35107</distance>
        </extensions>
      </trkpt>
      <trkpt lat="45.99701" lon="7.21563">
        <ele>2466</ele>
        <extensions>
          <distance>35131</distance>
        </extensions>
      </trkpt>
      <trkpt lat="45.9970675" lon="7.215425">
        <ele>2466</ele>
        <extensions>
          <distance>35148</distance>
        </extensions>
      </trkpt>
      <trkpt lat="45.997125" lon="7.21522">
        <ele>2465</ele>
        <extensions>
          <distance>35165</distance>
        </extensions>
      </trkpt>
      <trkpt lat="45.997182499999994" lon="7.215015">
        <ele>2464</ele>
        <extensions>
          <distance>35182</distance>
        </extensions>
      </trkpt>
      <trkpt lat="45.99724" lon="7.21481">
        <ele>2460</ele>
        <extensions>
          <distance>35199</distance>
        </extensions>
      </trkpt>
      <trkpt lat="45.99725" lon="7.21455">
        <ele>2449</ele>
        <extensions>
          <distance>35222</distance>
        </extensions>
      </trkpt>
      <trkpt lat="45.99728" lon="7.214195">
        <ele>2440</ele>
        <extensions>
          <distance>35252</distance>
        </extensions>
      </trkpt>
      <trkpt lat="45.99731" lon="7.21384">
        <ele>2440</ele>
        <extensions>
          <distance>35279</distance>
        </extensions>
      </trkpt>
      <trkpt lat="45.99738" lon="7.21368">
        <ele>2440</ele>
        <extensions>
          <distance>35294</distance>
        </extensions>
      </trkpt>
      <trkpt lat="45.997405" lon="7.2134599999999995">
        <ele>2440</ele>
        <extensions>
          <distance>35311</distance>
        </extensions>
      </trkpt>
      <trkpt lat="45.99743" lon="7.21324">
        <ele>2440</ele>
        <extensions>
          <distance>35328</distance>
        </extensions>
      </trkpt>
      <trkpt lat="45.99748" lon="7.21311">
        <ele>2440</ele>
        <extensions>
          <distance>35340</distance>
        </extensions>
      </trkpt>
      <trkpt lat="45.9975" lon="7.2133425">
        <ele>2440</ele>
        <extensions>
          <distance>35358</distance>
        </extensions>
      </trkpt>
      <trkpt lat="45.99752" lon="7.2135750000000005">
        <ele>2439</ele>
        <extensions>
          <distance>35376</distance>
        </extensions>
      </trkpt>
      <trkpt lat="45.99754" lon="7.2138075">
        <ele>2439</ele>
        <extensions>
          <distance>35394</distance>
        </extensions>
      </trkpt>
      <trkpt lat="45.99756" lon="7.21404">
        <ele>2439</ele>
        <extensions>
          <distance>35412</distance>
        </extensions>
      </trkpt>
      <trkpt lat="45.99764" lon="7.21435">
        <ele>2439</ele>
        <extensions>
          <distance>35438</distance>
        </extensions>
      </trkpt>
      <trkpt lat="45.99776" lon="7.21464">
        <ele>2437</ele>
        <extensions>
          <distance>35464</distance>
        </extensions>
      </trkpt>
      <trkpt lat="45.997749999999996" lon="7.21486">
        <ele>2437</ele>
        <extensions>
          <distance>35481</distance>
        </extensions>
      </trkpt>
      <trkpt lat="45.99774" lon="7.21508">
        <ele>2437</ele>
        <extensions>
          <distance>35498</distance>
        </extensions>
      </trkpt>
      <trkpt lat="45.99787" lon="7.21532">
        <ele>2437</ele>
        <extensions>
          <distance>35522</distance>
        </extensions>
      </trkpt>
      <trkpt lat="45.9979" lon="7.21544">
        <ele>2437</ele>
        <extensions>
          <distance>35532</distance>
        </extensions>
      </trkpt>
      <trkpt lat="45.99798" lon="7.215675">
        <ele>2437</ele>
        <extensions>
          <distance>35552</distance>
        </extensions>
      </trkpt>
      <trkpt lat="45.99806" lon="7.21591">
        <ele>2437</ele>
        <extensions>
          <distance>35572</distance>
        </extensions>
      </trkpt>
      <trkpt lat="45.99814" lon="7.21603">
        <ele>2437</ele>
        <extensions>
          <distance>35585</distance>
        </extensions>
      </trkpt>
      <trkpt lat="45.99816" lon="7.21635">
        <ele>2444</ele>
        <extensions>
          <distance>35610</distance>
        </extensions>
      </trkpt>
      <trkpt lat="45.99824" lon="7.21649">
        <ele>2444</ele>
        <extensions>
          <distance>35624</distance>
        </extensions>
      </trkpt>
      <trkpt lat="45.99829" lon="7.21679">
        <ele>2444</ele>
        <extensions>
          <distance>35648</distance>
        </extensions>
      </trkpt>
      <trkpt lat="45.99845" lon="7.21703">
        <ele>2444</ele>
        <extensions>
          <distance>35674</distance>
        </extensions>
      </trkpt>
      <trkpt lat="45.99865" lon="7.21716">
        <ele>2417</ele>
        <extensions>
          <distance>35702</distance>
        </extensions>
      </trkpt>
      <trkpt lat="45.9988" lon="7.21738">
        <ele>2417</ele>
        <extensions>
          <distance>35726</distance>
        </extensions>
      </trkpt>
      <trkpt lat="45.99891" lon="7.21746">
        <ele>2417</ele>
        <extensions>
          <distance>35740</distance>
        </extensions>
      </trkpt>
      <trkpt lat="45.99899" lon="7.21774">
        <ele>2417</ele>
        <extensions>
          <distance>35763</distance>
        </extensions>
      </trkpt>
      <trkpt lat="45.99898" lon="7.21803">
        <ele>2418</ele>
        <extensions>
          <distance>35786</distance>
        </extensions>
      </trkpt>
      <trkpt lat="45.99913" lon="7.21824">
        <ele>2419</ele>
        <extensions>
          <distance>35809</distance>
        </extensions>
      </trkpt>
      <trkpt lat="45.99919" lon="7.21837">
        <ele>2420</ele>
        <extensions>
          <distance>35821</distance>
        </extensions>
      </trkpt>
      <trkpt lat="45.99921" lon="7.21852">
        <ele>2425</ele>
        <extensions>
          <distance>35834</distance>
        </extensions>
      </trkpt>
      <trkpt lat="45.99936" lon="7.21875">
        <ele>2427</ele>
        <extensions>
          <distance>35858</distance>
        </extensions>
      </trkpt>
      <trkpt lat="45.99935" lon="7.21879">
        <ele>2428</ele>
        <extensions>
          <distance>35862</distance>
        </extensions>
      </trkpt>
      <trkpt lat="45.99927" lon="7.21877">
        <ele>2432</ele>
        <extensions>
          <distance>35872</distance>
        </extensions>
      </trkpt>
      <trkpt lat="45.99914" lon="7.218645">
        <ele>2434</ele>
        <extensions>
          <distance>35889</distance>
        </extensions>
      </trkpt>
      <trkpt lat="45.99901" lon="7.21852">
        <ele>2437</ele>
        <extensions>
          <distance>35907</distance>
        </extensions>
      </trkpt>
      <trkpt lat="45.99896" lon="7.21865">
        <ele>2444</ele>
        <extensions>
          <distance>35920</distance>
        </extensions>
      </trkpt>
      <trkpt lat="45.99896" lon="7.21879">
        <ele>2447</ele>
        <extensions>
          <distance>35932</distance>
        </extensions>
      </trkpt>
      <trkpt lat="45.99907" lon="7.2189499999999995">
        <ele>2447</ele>
        <extensions>
          <distance>35949</distance>
        </extensions>
      </trkpt>
      <trkpt lat="45.99918" lon="7.21911">
        <ele>2448</ele>
        <extensions>
          <distance>35967</distance>
        </extensions>
      </trkpt>
      <trkpt lat="45.99918" lon="7.21925">
        <ele>2452</ele>
        <extensions>
          <distance>35978</distance>
        </extensions>
      </trkpt>
      <trkpt lat="45.99925" lon="7.21937">
        <ele>2452</ele>
        <extensions>
          <distance>35990</distance>
        </extensions>
      </trkpt>
      <trkpt lat="45.999275" lon="7.21958">
        <ele>2457</ele>
        <extensions>
          <distance>36007</distance>
        </extensions>
      </trkpt>
      <trkpt lat="45.9993" lon="7.21979">
        <ele>2462</ele>
        <extensions>
          <distance>36024</distance>
        </extensions>
      </trkpt>
      <trkpt lat="45.99937" lon="7.22008">
        <ele>2465</ele>
        <extensions>
          <distance>36048</distance>
        </extensions>
      </trkpt>
      <trkpt lat="45.99937" lon="7.22022">
        <ele>2467</ele>
        <extensions>
          <distance>36059</distance>
        </extensions>
      </trkpt>
      <trkpt lat="45.99947" lon="7.220475">
        <ele>2469</ele>
        <extensions>
          <distance>36082</distance>
        </extensions>
      </trkpt>
      <trkpt lat="45.99957" lon="7.22073">
        <ele>2474</ele>
        <extensions>
          <distance>36105</distance>
        </extensions>
      </trkpt>
      <trkpt lat="45.99958" lon="7.22089">
        <ele>2479</ele>
        <extensions>
          <distance>36118</distance>
        </extensions>
      </trkpt>
      <trkpt lat="45.99962" lon="7.22102">
        <ele>2480</ele>
        <extensions>
          <distance>36129</distance>
        </extensions>
      </trkpt>
      <trkpt lat="45.99978" lon="7.22115">
        <ele>2481</ele>
        <extensions>
          <distance>36150</distance>
        </extensions>
      </trkpt>
      <trkpt lat="45.99998" lon="7.22134">
        <ele>2482</ele>
        <extensions>
          <distance>36176</distance>
        </extensions>
      </trkpt>
      <trkpt lat="46.00017" lon="7.22145">
        <ele>2482</ele>
        <extensions>
          <distance>36199</distance>
        </extensions>
      </trkpt>
      <trkpt lat="46.00027" lon="7.22147">
        <ele>2482</ele>
        <extensions>
          <distance>36210</distance>
        </extensions>
      </trkpt>
      <trkpt lat="46.00047" lon="7.2216">
        <ele>2483</ele>
        <extensions>
          <distance>36235</distance>
        </extensions>
      </trkpt>
      <trkpt lat="46.00067" lon="7.22156">
        <ele>2483</ele>
        <extensions>
          <distance>36257</distance>
        </extensions>
      </trkpt>
      <trkpt lat="46.00077" lon="7.22159">
        <ele>2485</ele>
        <extensions>
          <distance>36269</distance>
        </extensions>
      </trkpt>
      <trkpt lat="46.00083" lon="7.22168">
        <ele>2485</ele>
        <extensions>
          <distance>36278</distance>
        </extensions>
      </trkpt>
      <trkpt lat="46.00101" lon="7.22189">
        <ele>2489</ele>
        <extensions>
          <distance>36304</distance>
        </extensions>
      </trkpt>
      <trkpt lat="46.00114" lon="7.22215">
        <ele>2492</ele>
        <extensions>
          <distance>36329</distance>
        </extensions>
      </trkpt>
      <trkpt lat="46.00126" lon="7.22231">
        <ele>2494</ele>
        <extensions>
          <distance>36348</distance>
        </extensions>
      </trkpt>
      <trkpt lat="46.001495000000006" lon="7.22242">
        <ele>2497</ele>
        <extensions>
          <distance>36375</distance>
        </extensions>
      </trkpt>
      <trkpt lat="46.00173" lon="7.22253">
        <ele>2499</ele>
        <extensions>
          <distance>36403</distance>
        </extensions>
      </trkpt>
      <trkpt lat="46.001915" lon="7.222455">
        <ele>2499</ele>
        <extensions>
          <distance>36424</distance>
        </extensions>
      </trkpt>
      <trkpt lat="46.0021" lon="7.22238">
        <ele>2500</ele>
        <extensions>
          <distance>36446</distance>
        </extensions>
      </trkpt>
      <trkpt lat="46.002325" lon="7.222245000000001">
        <ele>2501</ele>
        <extensions>
          <distance>36473</distance>
        </extensions>
      </trkpt>
      <trkpt lat="46.00255" lon="7.222110000000001">
        <ele>2501</ele>
        <extensions>
          <distance>36500</distance>
        </extensions>
      </trkpt>
      <trkpt lat="46.002775" lon="7.2219750000000005">
        <ele>2502</ele>
        <extensions>
          <distance>36527</distance>
        </extensions>
      </trkpt>
      <trkpt lat="46.003" lon="7.22184">
        <ele>2505</ele>
        <extensions>
          <distance>36554</distance>
        </extensions>
      </trkpt>
      <trkpt lat="46.00318" lon="7.22181">
        <ele>2508</ele>
        <extensions>
          <distance>36574</distance>
        </extensions>
      </trkpt>
      <trkpt lat="46.00336" lon="7.22178">
        <ele>2511</ele>
        <extensions>
          <distance>36595</distance>
        </extensions>
      </trkpt>
      <trkpt lat="46.003479999999996" lon="7.22169">
        <ele>2511</ele>
        <extensions>
          <distance>36610</distance>
        </extensions>
      </trkpt>
      <trkpt lat="46.0036" lon="7.2216">
        <ele>2511</ele>
        <extensions>
          <distance>36625</distance>
        </extensions>
      </trkpt>
      <trkpt lat="46.00375" lon="7.22147">
        <ele>2514</ele>
        <extensions>
          <distance>36644</distance>
        </extensions>
      </trkpt>
      <trkpt lat="46.0039" lon="7.22138">
        <ele>2516</ele>
        <extensions>
          <distance>36663</distance>
        </extensions>
      </trkpt>
      <trkpt lat="46.004045000000005" lon="7.221305">
        <ele>2520</ele>
        <extensions>
          <distance>36680</distance>
        </extensions>
      </trkpt>
      <trkpt lat="46.00419" lon="7.22123">
        <ele>2524</ele>
        <extensions>
          <distance>36698</distance>
        </extensions>
      </trkpt>
      <trkpt lat="46.004335" lon="7.2211549999999995">
        <ele>2532</ele>
        <extensions>
          <distance>36717</distance>
        </extensions>
      </trkpt>
      <trkpt lat="46.00448" lon="7.22108">
        <ele>2539</ele>
        <extensions>
          <distance>36735</distance>
        </extensions>
      </trkpt>
      <trkpt lat="46.00461" lon="7.2208950000000005">
        <ele>2540</ele>
        <extensions>
          <distance>36756</distance>
        </extensions>
      </trkpt>
      <trkpt lat="46.00474" lon="7.22071">
        <ele>2540</ele>
        <extensions>
          <distance>36776</distance>
        </extensions>
      </trkpt>
      <trkpt lat="46.00483" lon="7.22064">
        <ele>2540</ele>
        <extensions>
          <distance>36787</distance>
        </extensions>
      </trkpt>
      <trkpt lat="46.00492" lon="7.22065">
        <ele>2540</ele>
        <extensions>
          <distance>36797</distance>
        </extensions>
      </trkpt>
      <trkpt lat="46.005" lon="7.22053">
        <ele>2540</ele>
        <extensions>
          <distance>36810</distance>
        </extensions>
      </trkpt>
      <trkpt lat="46.00501" lon="7.22038">
        <ele>2540</ele>
        <extensions>
          <distance>36822</distance>
        </extensions>
      </trkpt>
      <trkpt lat="46.00514" lon="7.220195">
        <ele>2539</ele>
        <extensions>
          <distance>36842</distance>
        </extensions>
      </trkpt>
      <trkpt lat="46.00527" lon="7.22001">
        <ele>2539</ele>
        <extensions>
          <distance>36863</distance>
        </extensions>
      </trkpt>
      <trkpt lat="46.00538" lon="7.219695">
        <ele>2537</ele>
        <extensions>
          <distance>36890</distance>
        </extensions>
      </trkpt>
      <trkpt lat="46.00549" lon="7.21938">
        <ele>2537</ele>
        <extensions>
          <distance>36917</distance>
        </extensions>
      </trkpt>
      <trkpt lat="46.00567" lon="7.21912">
        <ele>2533</ele>
        <extensions>
          <distance>36946</distance>
        </extensions>
      </trkpt>
      <trkpt lat="46.00568" lon="7.21879">
        <ele>2519</ele>
        <extensions>
          <distance>36975</distance>
        </extensions>
      </trkpt>
      <trkpt lat="46.00576" lon="7.2187">
        <ele>2519</ele>
        <extensions>
          <distance>36986</distance>
        </extensions>
      </trkpt>
      <trkpt lat="46.00586" lon="7.21875">
        <ele>2519</ele>
        <extensions>
          <distance>36998</distance>
        </extensions>
      </trkpt>
      <trkpt lat="46.00595" lon="7.21866">
        <ele>2519</ele>
        <extensions>
          <distance>37010</distance>
        </extensions>
      </trkpt>
      <trkpt lat="46.00617" lon="7.21864">
        <ele>2522</ele>
        <extensions>
          <distance>37035</distance>
        </extensions>
      </trkpt>
      <trkpt lat="46.00625" lon="7.21858">
        <ele>2523</ele>
        <extensions>
          <distance>37045</distance>
        </extensions>
      </trkpt>
      <trkpt lat="46.006460000000004" lon="7.2185325">
        <ele>2524</ele>
        <extensions>
          <distance>37068</distance>
        </extensions>
      </trkpt>
      <trkpt lat="46.00667" lon="7.218485">
        <ele>2525</ele>
        <extensions>
          <distance>37092</distance>
        </extensions>
      </trkpt>
      <trkpt lat="46.006879999999995" lon="7.2184375">
        <ele>2526</ele>
        <extensions>
          <distance>37116</distance>
        </extensions>
      </trkpt>
      <trkpt lat="46.00709" lon="7.21839">
        <ele>2528</ele>
        <extensions>
          <distance>37139</distance>
        </extensions>
      </trkpt>
      <trkpt lat="46.00718" lon="7.21836">
        <ele>2528</ele>
        <extensions>
          <distance>37150</distance>
        </extensions>
      </trkpt>
      <trkpt lat="46.007395" lon="7.21827">
        <ele>2529</ele>
        <extensions>
          <distance>37175</distance>
        </extensions>
      </trkpt>
      <trkpt lat="46.00761" lon="7.21818">
        <ele>2532</ele>
        <extensions>
          <distance>37200</distance>
        </extensions>
      </trkpt>
      <trkpt lat="46.007745" lon="7.2180800000000005">
        <ele>2535</ele>
        <extensions>
          <distance>37217</distance>
        </extensions>
      </trkpt>
      <trkpt lat="46.00788" lon="7.21798">
        <ele>2536</ele>
        <extensions>
          <distance>37234</distance>
        </extensions>
      </trkpt>
      <trkpt lat="46.007999999999996" lon="7.2177050000000005">
        <ele>2537</ele>
        <extensions>
          <distance>37259</distance>
        </extensions>
      </trkpt>
      <trkpt lat="46.00812" lon="7.21743">
        <ele>2537</ele>
        <extensions>
          <distance>37284</distance>
        </extensions>
      </trkpt>
      <trkpt lat="46.00823" lon="7.217315">
        <ele>2537</ele>
        <extensions>
          <distance>37299</distance>
        </extensions>
      </trkpt>
      <trkpt lat="46.00834" lon="7.2172">
        <ele>2537</ele>
        <extensions>
          <distance>37314</distance>
        </extensions>
      </trkpt>
      <trkpt lat="46.00835" lon="7.21708">
        <ele>2537</ele>
        <extensions>
          <distance>37323</distance>
        </extensions>
      </trkpt>
      <trkpt lat="46.00841" lon="7.21697">
        <ele>2537</ele>
        <extensions>
          <distance>37334</distance>
        </extensions>
      </trkpt>
      <trkpt lat="46.00851" lon="7.21689">
        <ele>2533</ele>
        <extensions>
          <distance>37347</distance>
        </extensions>
      </trkpt>
      <trkpt lat="46.00858" lon="7.21677">
        <ele>2533</ele>
        <extensions>
          <distance>37359</distance>
        </extensions>
      </trkpt>
      <trkpt lat="46.008625" lon="7.216585">
        <ele>2534</ele>
        <extensions>
          <distance>37374</distance>
        </extensions>
      </trkpt>
      <trkpt lat="46.00867" lon="7.2164">
        <ele>2537</ele>
        <extensions>
          <distance>37389</distance>
        </extensions>
      </trkpt>
      <trkpt lat="46.00875" lon="7.21635">
        <ele>2537</ele>
        <extensions>
          <distance>37399</distance>
        </extensions>
      </trkpt>
      <trkpt lat="46.008849999999995" lon="7.21621">
        <ele>2534</ele>
        <extensions>
          <distance>37415</distance>
        </extensions>
      </trkpt>
      <trkpt lat="46.00895" lon="7.21607">
        <ele>2534</ele>
        <extensions>
          <distance>37430</distance>
        </extensions>
      </trkpt>
      <trkpt lat="46.00898" lon="7.21593">
        <ele>2534</ele>
        <extensions>
          <distance>37442</distance>
        </extensions>
      </trkpt>
      <trkpt lat="46.008965" lon="7.21571">
        <ele>2527</ele>
        <extensions>
          <distance>37459</distance>
        </extensions>
      </trkpt>
      <trkpt lat="46.00895" lon="7.21549">
        <ele>2516</ele>
        <extensions>
          <distance>37479</distance>
        </extensions>
      </trkpt>
      <trkpt lat="46.00908" lon="7.21522">
        <ele>2516</ele>
        <extensions>
          <distance>37505</distance>
        </extensions>
      </trkpt>
      <trkpt lat="46.00916" lon="7.21515">
        <ele>2516</ele>
        <extensions>
          <distance>37515</distance>
        </extensions>
      </trkpt>
      <trkpt lat="46.00926" lon="7.21504">
        <ele>2516</ele>
        <extensions>
          <distance>37529</distance>
        </extensions>
      </trkpt>
      <trkpt lat="46.00942" lon="7.21499">
        <ele>2522</ele>
        <extensions>
          <distance>37547</distance>
        </extensions>
      </trkpt>
      <trkpt lat="46.00958" lon="7.21494">
        <ele>2523</ele>
        <extensions>
          <distance>37566</distance>
        </extensions>
      </trkpt>
      <trkpt lat="46.00972" lon="7.2149475">
        <ele>2526</ele>
        <extensions>
          <distance>37581</distance>
        </extensions>
      </trkpt>
      <trkpt lat="46.00986" lon="7.214955">
        <ele>2526</ele>
        <extensions>
          <distance>37597</distance>
        </extensions>
      </trkpt>
      <trkpt lat="46.010000000000005" lon="7.2149625">
        <ele>2526</ele>
        <extensions>
          <distance>37613</distance>
        </extensions>
      </trkpt>
      <trkpt lat="46.01014" lon="7.21497">
        <ele>2529</ele>
        <extensions>
          <distance>37628</distance>
        </extensions>
      </trkpt>
      <trkpt lat="46.01035" lon="7.214925">
        <ele>2532</ele>
        <extensions>
          <distance>37652</distance>
        </extensions>
      </trkpt>
      <trkpt lat="46.01056" lon="7.21488">
        <ele>2532</ele>
        <extensions>
          <distance>37676</distance>
        </extensions>
      </trkpt>
      <trkpt lat="46.01064" lon="7.21476">
        <ele>2532</ele>
        <extensions>
          <distance>37689</distance>
        </extensions>
      </trkpt>
      <trkpt lat="46.01071" lon="7.214535">
        <ele>2532</ele>
        <extensions>
          <distance>37708</distance>
        </extensions>
      </trkpt>
      <trkpt lat="46.01078" lon="7.21431">
        <ele>2528</ele>
        <extensions>
          <distance>37727</distance>
        </extensions>
      </trkpt>
      <trkpt lat="46.0108975" lon="7.214057500000001">
        <ele>2525</ele>
        <extensions>
          <distance>37751</distance>
        </extensions>
      </trkpt>
      <trkpt lat="46.011015" lon="7.213805000000001">
        <ele>2522</ele>
        <extensions>
          <distance>37774</distance>
        </extensions>
      </trkpt>
      <trkpt lat="46.0111325" lon="7.2135525000000005">
        <ele>2519</ele>
        <extensions>
          <distance>37798</distance>
        </extensions>
      </trkpt>
      <trkpt lat="46.01125" lon="7.2133">
        <ele>2516</ele>
        <extensions>
          <distance>37822</distance>
        </extensions>
      </trkpt>
      <trkpt lat="46.01133" lon="7.21301">
        <ele>2511</ele>
        <extensions>
          <distance>37846</distance>
        </extensions>
      </trkpt>
      <trkpt lat="46.01148" lon="7.21276">
        <ele>2509</ele>
        <extensions>
          <distance>37872</distance>
        </extensions>
      </trkpt>
      <trkpt lat="46.01156" lon="7.21269">
        <ele>2509</ele>
        <extensions>
          <distance>37882</distance>
        </extensions>
      </trkpt>
      <trkpt lat="46.0117" lon="7.21254">
        <ele>2508</ele>
        <extensions>
          <distance>37902</distance>
        </extensions>
      </trkpt>
      <trkpt lat="46.011825" lon="7.212425">
        <ele>2508</ele>
        <extensions>
          <distance>37918</distance>
        </extensions>
      </trkpt>
      <trkpt lat="46.01195" lon="7.21231">
        <ele>2508</ele>
        <extensions>
          <distance>37935</distance>
        </extensions>
      </trkpt>
      <trkpt lat="46.01211" lon="7.212210000000001">
        <ele>2509</ele>
        <extensions>
          <distance>37954</distance>
        </extensions>
      </trkpt>
      <trkpt lat="46.01227" lon="7.21211">
        <ele>2509</ele>
        <extensions>
          <distance>37974</distance>
        </extensions>
      </trkpt>
      <trkpt lat="46.01245" lon="7.21205">
        <ele>2509</ele>
        <extensions>
          <distance>37994</distance>
        </extensions>
      </trkpt>
      <trkpt lat="46.01253" lon="7.21201">
        <ele>2509</ele>
        <extensions>
          <distance>38004</distance>
        </extensions>
      </trkpt>
      <trkpt lat="46.01271" lon="7.21195">
        <ele>2509</ele>
        <extensions>
          <distance>38024</distance>
        </extensions>
      </trkpt>
      <trkpt lat="46.01279" lon="7.21191">
        <ele>2509</ele>
        <extensions>
          <distance>38033</distance>
        </extensions>
      </trkpt>
      <trkpt lat="46.01289" lon="7.21188">
        <ele>2509</ele>
        <extensions>
          <distance>38045</distance>
        </extensions>
      </trkpt>
      <trkpt lat="46.01303" lon="7.21178">
        <ele>2506</ele>
        <extensions>
          <distance>38062</distance>
        </extensions>
      </trkpt>
      <trkpt lat="46.01311" lon="7.21171">
        <ele>2505</ele>
        <extensions>
          <distance>38073</distance>
        </extensions>
      </trkpt>
      <trkpt lat="46.013265000000004" lon="7.211555000000001">
        <ele>2503</ele>
        <extensions>
          <distance>38094</distance>
        </extensions>
      </trkpt>
      <trkpt lat="46.01342" lon="7.2114">
        <ele>2500</ele>
        <extensions>
          <distance>38115</distance>
        </extensions>
      </trkpt>
      <trkpt lat="46.01351" lon="7.211205">
        <ele>2491</ele>
        <extensions>
          <distance>38135</distance>
        </extensions>
      </trkpt>
      <trkpt lat="46.0136" lon="7.21101">
        <ele>2482</ele>
        <extensions>
          <distance>38155</distance>
        </extensions>
      </trkpt>
      <trkpt lat="46.01369" lon="7.210815">
        <ele>2475</ele>
        <extensions>
          <distance>38175</distance>
        </extensions>
      </trkpt>
      <trkpt lat="46.01378" lon="7.21062">
        <ele>2470</ele>
        <extensions>
          <distance>38194</distance>
        </extensions>
      </trkpt>
      <trkpt lat="46.013845" lon="7.210385">
        <ele>2466</ele>
        <extensions>
          <distance>38214</distance>
        </extensions>
      </trkpt>
      <trkpt lat="46.01391" lon="7.21015">
        <ele>2463</ele>
        <extensions>
          <distance>38233</distance>
        </extensions>
      </trkpt>
      <trkpt lat="46.01391" lon="7.20984">
        <ele>2461</ele>
        <extensions>
          <distance>38257</distance>
        </extensions>
      </trkpt>
      <trkpt lat="46.01387" lon="7.20948">
        <ele>2459</ele>
        <extensions>
          <distance>38286</distance>
        </extensions>
      </trkpt>
      <trkpt lat="46.013949999999994" lon="7.20914">
        <ele>2459</ele>
        <extensions>
          <distance>38314</distance>
        </extensions>
      </trkpt>
      <trkpt lat="46.01403" lon="7.2088">
        <ele>2458</ele>
        <extensions>
          <distance>38341</distance>
        </extensions>
      </trkpt>
      <trkpt lat="46.01406" lon="7.20859">
        <ele>2458</ele>
        <extensions>
          <distance>38358</distance>
        </extensions>
      </trkpt>
      <trkpt lat="46.01409" lon="7.20838">
        <ele>2458</ele>
        <extensions>
          <distance>38375</distance>
        </extensions>
      </trkpt>
      <trkpt lat="46.014085" lon="7.2081725">
        <ele>2458</ele>
        <extensions>
          <distance>38391</distance>
        </extensions>
      </trkpt>
      <trkpt lat="46.01408" lon="7.207965">
        <ele>2459</ele>
        <extensions>
          <distance>38407</distance>
        </extensions>
      </trkpt>
      <trkpt lat="46.014075" lon="7.2077575">
        <ele>2459</ele>
        <extensions>
          <distance>38423</distance>
        </extensions>
      </trkpt>
      <trkpt lat="46.01407" lon="7.20755">
        <ele>2460</ele>
        <extensions>
          <distance>38439</distance>
        </extensions>
      </trkpt>
      <trkpt lat="46.014015" lon="7.20737">
        <ele>2460</ele>
        <extensions>
          <distance>38454</distance>
        </extensions>
      </trkpt>
      <trkpt lat="46.01396" lon="7.20719">
        <ele>2461</ele>
        <extensions>
          <distance>38469</distance>
        </extensions>
      </trkpt>
      <trkpt lat="46.01393" lon="7.20712">
        <ele>2463</ele>
        <extensions>
          <distance>38476</distance>
        </extensions>
      </trkpt>
      <trkpt lat="46.01377" lon="7.20682">
        <ele>2467</ele>
        <extensions>
          <distance>38505</distance>
        </extensions>
      </trkpt>
      <trkpt lat="46.01365" lon="7.20668">
        <ele>2467</ele>
        <extensions>
          <distance>38522</distance>
        </extensions>
      </trkpt>
      <trkpt lat="46.01362" lon="7.20657">
        <ele>2467</ele>
        <extensions>
          <distance>38532</distance>
        </extensions>
      </trkpt>
      <trkpt lat="46.013705" lon="7.2067325">
        <ele>2467</ele>
        <extensions>
          <distance>38547</distance>
        </extensions>
      </trkpt>
      <trkpt lat="46.01379" lon="7.206895">
        <ele>2466</ele>
        <extensions>
          <distance>38563</distance>
        </extensions>
      </trkpt>
      <trkpt lat="46.013875" lon="7.2070575">
        <ele>2464</ele>
        <extensions>
          <distance>38579</distance>
        </extensions>
      </trkpt>
      <trkpt lat="46.01396" lon="7.20722">
        <ele>2460</ele>
        <extensions>
          <distance>38595</distance>
        </extensions>
      </trkpt>
      <trkpt lat="46.01405" lon="7.20749">
        <ele>2460</ele>
        <extensions>
          <distance>38618</distance>
        </extensions>
      </trkpt>
      <trkpt lat="46.0141" lon="7.20779">
        <ele>2458</ele>
        <extensions>
          <distance>38642</distance>
        </extensions>
      </trkpt>
      <trkpt lat="46.0141" lon="7.207985">
        <ele>2458</ele>
        <extensions>
          <distance>38657</distance>
        </extensions>
      </trkpt>
      <trkpt lat="46.0141" lon="7.20818">
        <ele>2458</ele>
        <extensions>
          <distance>38672</distance>
        </extensions>
      </trkpt>
      <trkpt lat="46.014115" lon="7.2083925">
        <ele>2457</ele>
        <extensions>
          <distance>38689</distance>
        </extensions>
      </trkpt>
      <trkpt lat="46.014129999999994" lon="7.208605">
        <ele>2457</ele>
        <extensions>
          <distance>38706</distance>
        </extensions>
      </trkpt>
      <trkpt lat="46.014145" lon="7.2088175">
        <ele>2457</ele>
        <extensions>
          <distance>38722</distance>
        </extensions>
      </trkpt>
      <trkpt lat="46.01416" lon="7.20903">
        <ele>2456</ele>
        <extensions>
          <distance>38739</distance>
        </extensions>
      </trkpt>
      <trkpt lat="46.01412" lon="7.20931">
        <ele>2454</ele>
        <extensions>
          <distance>38761</distance>
        </extensions>
      </trkpt>
      <trkpt lat="46.01415" lon="7.20955">
        <ele>2451</ele>
        <extensions>
          <distance>38780</distance>
        </extensions>
      </trkpt>
      <trkpt lat="46.0142" lon="7.20966">
        <ele>2448</ele>
        <extensions>
          <distance>38791</distance>
        </extensions>
      </trkpt>
      <trkpt lat="46.01422" lon="7.2098">
        <ele>2447</ele>
        <extensions>
          <distance>38802</distance>
        </extensions>
      </trkpt>
      <trkpt lat="46.014325" lon="7.2100100000000005">
        <ele>2438</ele>
        <extensions>
          <distance>38823</distance>
        </extensions>
      </trkpt>
      <trkpt lat="46.01443" lon="7.21022">
        <ele>2438</ele>
        <extensions>
          <distance>38843</distance>
        </extensions>
      </trkpt>
      <trkpt lat="46.01451" lon="7.210487499999999">
        <ele>2438</ele>
        <extensions>
          <distance>38866</distance>
        </extensions>
      </trkpt>
      <trkpt lat="46.01459" lon="7.210755">
        <ele>2438</ele>
        <extensions>
          <distance>38888</distance>
        </extensions>
      </trkpt>
      <trkpt lat="46.014669999999995" lon="7.2110225">
        <ele>2440</ele>
        <extensions>
          <distance>38911</distance>
        </extensions>
      </trkpt>
      <trkpt lat="46.01475" lon="7.21129">
        <ele>2440</ele>
        <extensions>
          <distance>38933</distance>
        </extensions>
      </trkpt>
      <trkpt lat="46.0149" lon="7.21161">
        <ele>2442</ele>
        <extensions>
          <distance>38963</distance>
        </extensions>
      </trkpt>
      <trkpt lat="46.01495" lon="7.21174">
        <ele>2442</ele>
        <extensions>
          <distance>38975</distance>
        </extensions>
      </trkpt>
      <trkpt lat="46.015005" lon="7.21195">
        <ele>2440</ele>
        <extensions>
          <distance>38992</distance>
        </extensions>
      </trkpt>
      <trkpt lat="46.01506" lon="7.21216">
        <ele>2440</ele>
        <extensions>
          <distance>39010</distance>
        </extensions>
      </trkpt>
      <trkpt lat="46.01513" lon="7.21224">
        <ele>2440</ele>
        <extensions>
          <distance>39020</distance>
        </extensions>
      </trkpt>
      <trkpt lat="46.0152" lon="7.2123">
        <ele>2435</ele>
        <extensions>
          <distance>39029</distance>
        </extensions>
      </trkpt>
      <trkpt lat="46.01528" lon="7.21254">
        <ele>2430</ele>
        <extensions>
          <distance>39050</distance>
        </extensions>
      </trkpt>
      <trkpt lat="46.015365" lon="7.21283">
        <ele>2427</ele>
        <extensions>
          <distance>39075</distance>
        </extensions>
      </trkpt>
      <trkpt lat="46.01545" lon="7.21312">
        <ele>2425</ele>
        <extensions>
          <distance>39099</distance>
        </extensions>
      </trkpt>
      <trkpt lat="46.01557" lon="7.21335">
        <ele>2420</ele>
        <extensions>
          <distance>39122</distance>
        </extensions>
      </trkpt>
      <trkpt lat="46.01569" lon="7.21358">
        <ele>2414</ele>
        <extensions>
          <distance>39145</distance>
        </extensions>
      </trkpt>
      <trkpt lat="46.01585" lon="7.2138100000000005">
        <ele>2406</ele>
        <extensions>
          <distance>39171</distance>
        </extensions>
      </trkpt>
      <trkpt lat="46.01601" lon="7.21404">
        <ele>2398</ele>
        <extensions>
          <distance>39198</distance>
        </extensions>
      </trkpt>
      <trkpt lat="46.01617" lon="7.21429">
        <ele>2392</ele>
        <extensions>
          <distance>39225</distance>
        </extensions>
      </trkpt>
      <trkpt lat="46.01623" lon="7.214485">
        <ele>2392</ele>
        <extensions>
          <distance>39241</distance>
        </extensions>
      </trkpt>
      <trkpt lat="46.01629" lon="7.21468">
        <ele>2390</ele>
        <extensions>
          <distance>39258</distance>
        </extensions>
      </trkpt>
      <trkpt lat="46.016329999999996" lon="7.2150125">
        <ele>2389</ele>
        <extensions>
          <distance>39284</distance>
        </extensions>
      </trkpt>
      <trkpt lat="46.016369999999995" lon="7.215345">
        <ele>2387</ele>
        <extensions>
          <distance>39310</distance>
        </extensions>
      </trkpt>
      <trkpt lat="46.01640999999999" lon="7.2156775">
        <ele>2383</ele>
        <extensions>
          <distance>39336</distance>
        </extensions>
      </trkpt>
      <trkpt lat="46.01645" lon="7.21601">
        <ele>2382</ele>
        <extensions>
          <distance>39363</distance>
        </extensions>
      </trkpt>
      <trkpt lat="46.01654" lon="7.21622">
        <ele>2379</ele>
        <extensions>
          <distance>39382</distance>
        </extensions>
      </trkpt>
      <trkpt lat="46.01662" lon="7.2163">
        <ele>2376</ele>
        <extensions>
          <distance>39393</distance>
        </extensions>
      </trkpt>
      <trkpt lat="46.0167" lon="7.21628">
        <ele>2372</ele>
        <extensions>
          <distance>39403</distance>
        </extensions>
      </trkpt>
      <trkpt lat="46.01681" lon="7.21639">
        <ele>2366</ele>
        <extensions>
          <distance>39419</distance>
        </extensions>
      </trkpt>
      <trkpt lat="46.01688" lon="7.21627">
        <ele>2361</ele>
        <extensions>
          <distance>39432</distance>
        </extensions>
      </trkpt>
      <trkpt lat="46.01693" lon="7.21627">
        <ele>2358</ele>
        <extensions>
          <distance>39439</distance>
        </extensions>
      </trkpt>
      <trkpt lat="46.01701" lon="7.21636">
        <ele>2355</ele>
        <extensions>
          <distance>39450</distance>
        </extensions>
      </trkpt>
      <trkpt lat="46.01711" lon="7.2163">
        <ele>2349</ele>
        <extensions>
          <distance>39464</distance>
        </extensions>
      </trkpt>
      <trkpt lat="46.01715" lon="7.2164">
        <ele>2347</ele>
        <extensions>
          <distance>39473</distance>
        </extensions>
      </trkpt>
      <trkpt lat="46.01721" lon="7.21638">
        <ele>2344</ele>
        <extensions>
          <distance>39480</distance>
        </extensions>
      </trkpt>
      <trkpt lat="46.01724" lon="7.21642">
        <ele>2343</ele>
        <extensions>
          <distance>39485</distance>
        </extensions>
      </trkpt>
      <trkpt lat="46.01729" lon="7.21635">
        <ele>2340</ele>
        <extensions>
          <distance>39493</distance>
        </extensions>
      </trkpt>
      <trkpt lat="46.01735" lon="7.21644">
        <ele>2339</ele>
        <extensions>
          <distance>39503</distance>
        </extensions>
      </trkpt>
      <trkpt lat="46.01741" lon="7.21672">
        <ele>2339</ele>
        <extensions>
          <distance>39525</distance>
        </extensions>
      </trkpt>
      <trkpt lat="46.01752" lon="7.216894999999999">
        <ele>2335</ele>
        <extensions>
          <distance>39544</distance>
        </extensions>
      </trkpt>
      <trkpt lat="46.01763" lon="7.21707">
        <ele>2330</ele>
        <extensions>
          <distance>39563</distance>
        </extensions>
      </trkpt>
      <trkpt lat="46.01777" lon="7.21724">
        <ele>2326</ele>
        <extensions>
          <distance>39584</distance>
        </extensions>
      </trkpt>
      <trkpt lat="46.01791" lon="7.21741">
        <ele>2323</ele>
        <extensions>
          <distance>39604</distance>
        </extensions>
      </trkpt>
      <trkpt lat="46.01796" lon="7.21752">
        <ele>2322</ele>
        <extensions>
          <distance>39614</distance>
        </extensions>
      </trkpt>
      <trkpt lat="46.01803" lon="7.21783">
        <ele>2317</ele>
        <extensions>
          <distance>39640</distance>
        </extensions>
      </trkpt>
      <trkpt lat="46.018025" lon="7.218045">
        <ele>2313</ele>
        <extensions>
          <distance>39657</distance>
        </extensions>
      </trkpt>
      <trkpt lat="46.01802" lon="7.21826">
        <ele>2309</ele>
        <extensions>
          <distance>39674</distance>
        </extensions>
      </trkpt>
      <trkpt lat="46.01805" lon="7.21843">
        <ele>2303</ele>
        <extensions>
          <distance>39689</distance>
        </extensions>
      </trkpt>
      <trkpt lat="46.018175" lon="7.218534999999999">
        <ele>2302</ele>
        <extensions>
          <distance>39705</distance>
        </extensions>
      </trkpt>
      <trkpt lat="46.0183" lon="7.21864">
        <ele>2300</ele>
        <extensions>
          <distance>39722</distance>
        </extensions>
      </trkpt>
      <trkpt lat="46.01839" lon="7.21866">
        <ele>2297</ele>
        <extensions>
          <distance>39732</distance>
        </extensions>
      </trkpt>
      <trkpt lat="46.01857" lon="7.21868">
        <ele>2291</ele>
        <extensions>
          <distance>39753</distance>
        </extensions>
      </trkpt>
      <trkpt lat="46.01874" lon="7.21876">
        <ele>2283</ele>
        <extensions>
          <distance>39775</distance>
        </extensions>
      </trkpt>
      <trkpt lat="46.01897" lon="7.21885">
        <ele>2275</ele>
        <extensions>
          <distance>39802</distance>
        </extensions>
      </trkpt>
      <trkpt lat="46.01911" lon="7.21902">
        <ele>2273</ele>
        <extensions>
          <distance>39823</distance>
        </extensions>
      </trkpt>
      <trkpt lat="46.01911" lon="7.219375">
        <ele>2270</ele>
        <extensions>
          <distance>39850</distance>
        </extensions>
      </trkpt>
      <trkpt lat="46.01911" lon="7.21973">
        <ele>2265</ele>
        <extensions>
          <distance>39878</distance>
        </extensions>
      </trkpt>
      <trkpt lat="46.01919" lon="7.21983">
        <ele>2262</ele>
        <extensions>
          <distance>39890</distance>
        </extensions>
      </trkpt>
      <trkpt lat="46.0192" lon="7.21996">
        <ele>2259</ele>
        <extensions>
          <distance>39901</distance>
        </extensions>
      </trkpt>
      <trkpt lat="46.01932" lon="7.22004">
        <ele>2255</ele>
        <extensions>
          <distance>39916</distance>
        </extensions>
      </trkpt>
      <trkpt lat="46.01932" lon="7.22013">
        <ele>2254</ele>
        <extensions>
          <distance>39923</distance>
        </extensions>
      </trkpt>
      <trkpt lat="46.0194" lon="7.22022">
        <ele>2251</ele>
        <extensions>
          <distance>39935</distance>
        </extensions>
      </trkpt>
      <trkpt lat="46.01945" lon="7.22047">
        <ele>2246</ele>
        <extensions>
          <distance>39956</distance>
        </extensions>
      </trkpt>
      <trkpt lat="46.0195" lon="7.2208">
        <ele>2246</ele>
        <extensions>
          <distance>39982</distance>
        </extensions>
      </trkpt>
      <trkpt lat="46.01946" lon="7.22093">
        <ele>2246</ele>
        <extensions>
          <distance>39993</distance>
        </extensions>
      </trkpt>
      <trkpt lat="46.01939" lon="7.22101">
        <ele>2246</ele>
        <extensions>
          <distance>40003</distance>
        </extensions>
      </trkpt>
      <trkpt lat="46.01929" lon="7.22115">
        <ele>2246</ele>
        <extensions>
          <distance>40018</distance>
        </extensions>
      </trkpt>
      <trkpt lat="46.01923" lon="7.22127">
        <ele>2246</ele>
        <extensions>
          <distance>40030</distance>
        </extensions>
      </trkpt>
      <trkpt lat="46.01925" lon="7.22162">
        <ele>2248</ele>
        <extensions>
          <distance>40057</distance>
        </extensions>
      </trkpt>
      <trkpt lat="46.01936" lon="7.22177">
        <ele>2249</ele>
        <extensions>
          <distance>40074</distance>
        </extensions>
      </trkpt>
      <trkpt lat="46.01935" lon="7.22215">
        <ele>2249</ele>
        <extensions>
          <distance>40103</distance>
        </extensions>
      </trkpt>
      <trkpt lat="46.019385" lon="7.22243">
        <ele>2249</ele>
        <extensions>
          <distance>40125</distance>
        </extensions>
      </trkpt>
      <trkpt lat="46.01942" lon="7.22271">
        <ele>2250</ele>
        <extensions>
          <distance>40147</distance>
        </extensions>
      </trkpt>
      <trkpt lat="46.01936" lon="7.22298">
        <ele>2250</ele>
        <extensions>
          <distance>40169</distance>
        </extensions>
      </trkpt>
      <trkpt lat="46.01935" lon="7.2233350000000005">
        <ele>2250</ele>
        <extensions>
          <distance>40197</distance>
        </extensions>
      </trkpt>
      <trkpt lat="46.01934" lon="7.22369">
        <ele>2250</ele>
        <extensions>
          <distance>40224</distance>
        </extensions>
      </trkpt>
      <trkpt lat="46.01942" lon="7.22379">
        <ele>2250</ele>
        <extensions>
          <distance>40236</distance>
        </extensions>
      </trkpt>
      <trkpt lat="46.01954" lon="7.22405">
        <ele>2250</ele>
        <extensions>
          <distance>40260</distance>
        </extensions>
      </trkpt>
      <trkpt lat="46.0196" lon="7.22414">
        <ele>2250</ele>
        <extensions>
          <distance>40270</distance>
        </extensions>
      </trkpt>
      <trkpt lat="46.01969" lon="7.22426">
        <ele>2248</ele>
        <extensions>
          <distance>40284</distance>
        </extensions>
      </trkpt>
      <trkpt lat="46.01981" lon="7.22435">
        <ele>2245</ele>
        <extensions>
          <distance>40299</distance>
        </extensions>
      </trkpt>
      <trkpt lat="46.0199" lon="7.22435">
        <ele>2241</ele>
        <extensions>
          <distance>40309</distance>
        </extensions>
      </trkpt>
      <trkpt lat="46.020035" lon="7.224365000000001">
        <ele>2236</ele>
        <extensions>
          <distance>40325</distance>
        </extensions>
      </trkpt>
      <trkpt lat="46.02017" lon="7.22438">
        <ele>2231</ele>
        <extensions>
          <distance>40341</distance>
        </extensions>
      </trkpt>
      <trkpt lat="46.02034" lon="7.22437">
        <ele>2224</ele>
        <extensions>
          <distance>40361</distance>
        </extensions>
      </trkpt>
      <trkpt lat="46.020574999999994" lon="7.2243325">
        <ele>2215</ele>
        <extensions>
          <distance>40389</distance>
        </extensions>
      </trkpt>
      <trkpt lat="46.02081" lon="7.224295">
        <ele>2207</ele>
        <extensions>
          <distance>40417</distance>
        </extensions>
      </trkpt>
      <trkpt lat="46.021045" lon="7.2242575">
        <ele>2199</ele>
        <extensions>
          <distance>40444</distance>
        </extensions>
      </trkpt>
      <trkpt lat="46.02128" lon="7.22422">
        <ele>2192</ele>
        <extensions>
          <distance>40471</distance>
        </extensions>
      </trkpt>
      <trkpt lat="46.02137" lon="7.22431">
        <ele>2192</ele>
        <extensions>
          <distance>40483</distance>
        </extensions>
      </trkpt>
      <trkpt lat="46.021545" lon="7.22437">
        <ele>2188</ele>
        <extensions>
          <distance>40504</distance>
        </extensions>
      </trkpt>
      <trkpt lat="46.02172" lon="7.22443">
        <ele>2184</ele>
        <extensions>
          <distance>40524</distance>
        </extensions>
      </trkpt>
      <trkpt lat="46.02181" lon="7.22448">
        <ele>2183</ele>
        <extensions>
          <distance>40535</distance>
        </extensions>
      </trkpt>
      <trkpt lat="46.021885" lon="7.2246500000000005">
        <ele>2182</ele>
        <extensions>
          <distance>40550</distance>
        </extensions>
      </trkpt>
      <trkpt lat="46.02196" lon="7.22482">
        <ele>2181</ele>
        <extensions>
          <distance>40566</distance>
        </extensions>
      </trkpt>
      <trkpt lat="46.022135" lon="7.225055">
        <ele>2180</ele>
        <extensions>
          <distance>40593</distance>
        </extensions>
      </trkpt>
      <trkpt lat="46.02231" lon="7.22529">
        <ele>2179</ele>
        <extensions>
          <distance>40619</distance>
        </extensions>
      </trkpt>
      <trkpt lat="46.02249" lon="7.22521">
        <ele>2175</ele>
        <extensions>
          <distance>40641</distance>
        </extensions>
      </trkpt>
      <trkpt lat="46.0226" lon="7.22532">
        <ele>2174</ele>
        <extensions>
          <distance>40655</distance>
        </extensions>
      </trkpt>
      <trkpt lat="46.02286" lon="7.22538">
        <ele>2169</ele>
        <extensions>
          <distance>40685</distance>
        </extensions>
      </trkpt>
      <trkpt lat="46.02295" lon="7.22539">
        <ele>2168</ele>
        <extensions>
          <distance>40695</distance>
        </extensions>
      </trkpt>
      <trkpt lat="46.02304" lon="7.22542">
        <ele>2164</ele>
        <extensions>
          <distance>40706</distance>
        </extensions>
      </trkpt>
      <trkpt lat="46.02322" lon="7.22545">
        <ele>2159</ele>
        <extensions>
          <distance>40727</distance>
        </extensions>
      </trkpt>
      <trkpt lat="46.02328" lon="7.22547">
        <ele>2158</ele>
        <extensions>
          <distance>40734</distance>
        </extensions>
      </trkpt>
      <trkpt lat="46.0234175" lon="7.2255825">
        <ele>2157</ele>
        <extensions>
          <distance>40751</distance>
        </extensions>
      </trkpt>
      <trkpt lat="46.023555" lon="7.225695">
        <ele>2156</ele>
        <extensions>
          <distance>40769</distance>
        </extensions>
      </trkpt>
      <trkpt lat="46.023692499999996" lon="7.2258075">
        <ele>2156</ele>
        <extensions>
          <distance>40787</distance>
        </extensions>
      </trkpt>
      <trkpt lat="46.02383" lon="7.22592">
        <ele>2153</ele>
        <extensions>
          <distance>40804</distance>
        </extensions>
      </trkpt>
      <trkpt lat="46.0239" lon="7.22599">
        <ele>2152</ele>
        <extensions>
          <distance>40814</distance>
        </extensions>
      </trkpt>
      <trkpt lat="46.02401" lon="7.22607">
        <ele>2150</ele>
        <extensions>
          <distance>40828</distance>
        </extensions>
      </trkpt>
      <trkpt lat="46.0241" lon="7.2261">
        <ele>2148</ele>
        <extensions>
          <distance>40838</distance>
        </extensions>
      </trkpt>
      <trkpt lat="46.02418" lon="7.22614">
        <ele>2146</ele>
        <extensions>
          <distance>40848</distance>
        </extensions>
      </trkpt>
      <trkpt lat="46.02426" lon="7.22616">
        <ele>2143</ele>
        <extensions>
          <distance>40857</distance>
        </extensions>
      </trkpt>
      <trkpt lat="46.024365" lon="7.226319999999999">
        <ele>2142</ele>
        <extensions>
          <distance>40874</distance>
        </extensions>
      </trkpt>
      <trkpt lat="46.02447" lon="7.22648">
        <ele>2141</ele>
        <extensions>
          <distance>40891</distance>
        </extensions>
      </trkpt>
      <trkpt lat="46.024605" lon="7.226604999999999">
        <ele>2137</ele>
        <extensions>
          <distance>40909</distance>
        </extensions>
      </trkpt>
      <trkpt lat="46.02474" lon="7.22673">
        <ele>2134</ele>
        <extensions>
          <distance>40928</distance>
        </extensions>
      </trkpt>
      <trkpt lat="46.02494" lon="7.2267399999999995">
        <ele>2128</ele>
        <extensions>
          <distance>40951</distance>
        </extensions>
      </trkpt>
      <trkpt lat="46.02514" lon="7.22675">
        <ele>2122</ele>
        <extensions>
          <distance>40974</distance>
        </extensions>
      </trkpt>
      <trkpt lat="46.02522" lon="7.22679">
        <ele>2119</ele>
        <extensions>
          <distance>40984</distance>
        </extensions>
      </trkpt>
      <trkpt lat="46.0254" lon="7.22698">
        <ele>2116</ele>
        <extensions>
          <distance>41009</distance>
        </extensions>
      </trkpt>
      <trkpt lat="46.025475" lon="7.227145">
        <ele>2116</ele>
        <extensions>
          <distance>41024</distance>
        </extensions>
      </trkpt>
      <trkpt lat="46.02555" lon="7.22731">
        <ele>2116</ele>
        <extensions>
          <distance>41039</distance>
        </extensions>
      </trkpt>
      <trkpt lat="46.02565" lon="7.227455000000001">
        <ele>2116</ele>
        <extensions>
          <distance>41055</distance>
        </extensions>
      </trkpt>
      <trkpt lat="46.02575" lon="7.227600000000001">
        <ele>2116</ele>
        <extensions>
          <distance>41071</distance>
        </extensions>
      </trkpt>
      <trkpt lat="46.025850000000005" lon="7.2277450000000005">
        <ele>2118</ele>
        <extensions>
          <distance>41086</distance>
        </extensions>
      </trkpt>
      <trkpt lat="46.02595" lon="7.22789">
        <ele>2118</ele>
        <extensions>
          <distance>41102</distance>
        </extensions>
      </trkpt>
      <trkpt lat="46.02602" lon="7.22795">
        <ele>2118</ele>
        <extensions>
          <distance>41111</distance>
        </extensions>
      </trkpt>
      <trkpt lat="46.026215" lon="7.228005">
        <ele>2118</ele>
        <extensions>
          <distance>41133</distance>
        </extensions>
      </trkpt>
      <trkpt lat="46.02641" lon="7.22806">
        <ele>2116</ele>
        <extensions>
          <distance>41156</distance>
        </extensions>
      </trkpt>
      <trkpt lat="46.026615" lon="7.2280549999999995">
        <ele>2111</ele>
        <extensions>
          <distance>41178</distance>
        </extensions>
      </trkpt>
      <trkpt lat="46.02682" lon="7.22805">
        <ele>2104</ele>
        <extensions>
          <distance>41202</distance>
        </extensions>
      </trkpt>
      <trkpt lat="46.02701" lon="7.22819">
        <ele>2100</ele>
        <extensions>
          <distance>41226</distance>
        </extensions>
      </trkpt>
      <trkpt lat="46.027185" lon="7.228375">
        <ele>2100</ele>
        <extensions>
          <distance>41250</distance>
        </extensions>
      </trkpt>
      <trkpt lat="46.02736" lon="7.22856">
        <ele>2100</ele>
        <extensions>
          <distance>41275</distance>
        </extensions>
      </trkpt>
      <trkpt lat="46.027455" lon="7.22878">
        <ele>2100</ele>
        <extensions>
          <distance>41295</distance>
        </extensions>
      </trkpt>
      <trkpt lat="46.02755" lon="7.229">
        <ele>2101</ele>
        <extensions>
          <distance>41315</distance>
        </extensions>
      </trkpt>
      <trkpt lat="46.02765" lon="7.22935">
        <ele>2101</ele>
        <extensions>
          <distance>41344</distance>
        </extensions>
      </trkpt>
      <trkpt lat="46.02784" lon="7.22951">
        <ele>2101</ele>
        <extensions>
          <distance>41368</distance>
        </extensions>
      </trkpt>
      <trkpt lat="46.0279" lon="7.22951">
        <ele>2101</ele>
        <extensions>
          <distance>41375</distance>
        </extensions>
      </trkpt>
      <trkpt lat="46.02799" lon="7.22955">
        <ele>2099</ele>
        <extensions>
          <distance>41386</distance>
        </extensions>
      </trkpt>
      <trkpt lat="46.02816" lon="7.22965">
        <ele>2095</ele>
        <extensions>
          <distance>41406</distance>
        </extensions>
      </trkpt>
      <trkpt lat="46.02833" lon="7.22985">
        <ele>2095</ele>
        <extensions>
          <distance>41431</distance>
        </extensions>
      </trkpt>
      <trkpt lat="46.02838" lon="7.22995">
        <ele>2094</ele>
        <extensions>
          <distance>41440</distance>
        </extensions>
      </trkpt>
      <trkpt lat="46.02854" lon="7.230214999999999">
        <ele>2094</ele>
        <extensions>
          <distance>41467</distance>
        </extensions>
      </trkpt>
      <trkpt lat="46.0287" lon="7.23048">
        <ele>2094</ele>
        <extensions>
          <distance>41494</distance>
        </extensions>
      </trkpt>
      <trkpt lat="46.02893" lon="7.23053">
        <ele>2093</ele>
        <extensions>
          <distance>41520</distance>
        </extensions>
      </trkpt>
      <trkpt lat="46.029" lon="7.23061">
        <ele>2093</ele>
        <extensions>
          <distance>41530</distance>
        </extensions>
      </trkpt>
      <trkpt lat="46.02909" lon="7.23069">
        <ele>2093</ele>
        <extensions>
          <distance>41542</distance>
        </extensions>
      </trkpt>
      <trkpt lat="46.02915" lon="7.23079">
        <ele>2093</ele>
        <extensions>
          <distance>41552</distance>
        </extensions>
      </trkpt>
      <trkpt lat="46.02921" lon="7.23092">
        <ele>2096</ele>
        <extensions>
          <distance>41564</distance>
        </extensions>
      </trkpt>
      <trkpt lat="46.02939" lon="7.231070000000001">
        <ele>2096</ele>
        <extensions>
          <distance>41587</distance>
        </extensions>
      </trkpt>
      <trkpt lat="46.02957" lon="7.23122">
        <ele>2097</ele>
        <extensions>
          <distance>41610</distance>
        </extensions>
      </trkpt>
      <trkpt lat="46.02979" lon="7.23125">
        <ele>2097</ele>
        <extensions>
          <distance>41635</distance>
        </extensions>
      </trkpt>
      <trkpt lat="46.02996" lon="7.23137">
        <ele>2097</ele>
        <extensions>
          <distance>41656</distance>
        </extensions>
      </trkpt>
      <trkpt lat="46.03009" lon="7.231505">
        <ele>2097</ele>
        <extensions>
          <distance>41674</distance>
        </extensions>
      </trkpt>
      <trkpt lat="46.03022" lon="7.23164">
        <ele>2097</ele>
        <extensions>
          <distance>41692</distance>
        </extensions>
      </trkpt>
      <trkpt lat="46.03033" lon="7.23184">
        <ele>2097</ele>
        <extensions>
          <distance>41711</distance>
        </extensions>
      </trkpt>
      <trkpt lat="46.03044" lon="7.23204">
        <ele>2098</ele>
        <extensions>
          <distance>41731</distance>
        </extensions>
      </trkpt>
      <trkpt lat="46.03065" lon="7.232232499999999">
        <ele>2100</ele>
        <extensions>
          <distance>41759</distance>
        </extensions>
      </trkpt>
      <trkpt lat="46.030860000000004" lon="7.232424999999999">
        <ele>2101</ele>
        <extensions>
          <distance>41787</distance>
        </extensions>
      </trkpt>
      <trkpt lat="46.03107" lon="7.2326175">
        <ele>2101</ele>
        <extensions>
          <distance>41814</distance>
        </extensions>
      </trkpt>
      <trkpt lat="46.03128" lon="7.23281">
        <ele>2101</ele>
        <extensions>
          <distance>41842</distance>
        </extensions>
      </trkpt>
      <trkpt lat="46.03144" lon="7.23297">
        <ele>2103</ele>
        <extensions>
          <distance>41864</distance>
        </extensions>
      </trkpt>
      <trkpt lat="46.031655" lon="7.2330725000000005">
        <ele>2103</ele>
        <extensions>
          <distance>41889</distance>
        </extensions>
      </trkpt>
      <trkpt lat="46.03187" lon="7.233175">
        <ele>2103</ele>
        <extensions>
          <distance>41914</distance>
        </extensions>
      </trkpt>
      <trkpt lat="46.032084999999995" lon="7.2332775">
        <ele>2103</ele>
        <extensions>
          <distance>41939</distance>
        </extensions>
      </trkpt>
      <trkpt lat="46.0323" lon="7.23338">
        <ele>2103</ele>
        <extensions>
          <distance>41964</distance>
        </extensions>
      </trkpt>
      <trkpt lat="46.03246" lon="7.23347">
        <ele>2103</ele>
        <extensions>
          <distance>41984</distance>
        </extensions>
      </trkpt>
      <trkpt lat="46.03265" lon="7.23366">
        <ele>2103</ele>
        <extensions>
          <distance>42009</distance>
        </extensions>
      </trkpt>
      <trkpt lat="46.03277" lon="7.23387">
        <ele>2103</ele>
        <extensions>
          <distance>42030</distance>
        </extensions>
      </trkpt>
      <trkpt lat="46.03289" lon="7.23408">
        <ele>2104</ele>
        <extensions>
          <distance>42051</distance>
        </extensions>
      </trkpt>
      <trkpt lat="46.032955" lon="7.2344">
        <ele>2108</ele>
        <extensions>
          <distance>42078</distance>
        </extensions>
      </trkpt>
      <trkpt lat="46.03302" lon="7.23472">
        <ele>2108</ele>
        <extensions>
          <distance>42103</distance>
        </extensions>
      </trkpt>
      <trkpt lat="46.03296" lon="7.23501">
        <ele>2110</ele>
        <extensions>
          <distance>42127</distance>
        </extensions>
      </trkpt>
      <trkpt lat="46.03299" lon="7.23518">
        <ele>2110</ele>
        <extensions>
          <distance>42140</distance>
        </extensions>
      </trkpt>
      <trkpt lat="46.03298" lon="7.23531">
        <ele>2110</ele>
        <extensions>
          <distance>42150</distance>
        </extensions>
      </trkpt>
      <trkpt lat="46.03298" lon="7.23561">
        <ele>2110</ele>
        <extensions>
          <distance>42174</distance>
        </extensions>
      </trkpt>
      <trkpt lat="46.032920000000004" lon="7.235865">
        <ele>2110</ele>
        <extensions>
          <distance>42195</distance>
        </extensions>
      </trkpt>
      <trkpt lat="46.03286" lon="7.23612">
        <ele>2108</ele>
        <extensions>
          <distance>42215</distance>
        </extensions>
      </trkpt>
      <trkpt lat="46.032799999999995" lon="7.236375">
        <ele>2105</ele>
        <extensions>
          <distance>42236</distance>
        </extensions>
      </trkpt>
      <trkpt lat="46.03274" lon="7.23663">
        <ele>2102</ele>
        <extensions>
          <distance>42257</distance>
        </extensions>
      </trkpt>
      <trkpt lat="46.032650000000004" lon="7.2368275">
        <ele>2101</ele>
        <extensions>
          <distance>42276</distance>
        </extensions>
      </trkpt>
      <trkpt lat="46.032560000000004" lon="7.237025">
        <ele>2099</ele>
        <extensions>
          <distance>42294</distance>
        </extensions>
      </trkpt>
      <trkpt lat="46.03247" lon="7.2372225">
        <ele>2097</ele>
        <extensions>
          <distance>42312</distance>
        </extensions>
      </trkpt>
      <trkpt lat="46.03238" lon="7.23742">
        <ele>2094</ele>
        <extensions>
          <distance>42331</distance>
        </extensions>
      </trkpt>
      <trkpt lat="46.03235" lon="7.23772">
        <ele>2088</ele>
        <extensions>
          <distance>42355</distance>
        </extensions>
      </trkpt>
      <trkpt lat="46.03238" lon="7.23805">
        <ele>2080</ele>
        <extensions>
          <distance>42382</distance>
        </extensions>
      </trkpt>
      <trkpt lat="46.03234" lon="7.23812">
        <ele>2079</ele>
        <extensions>
          <distance>42389</distance>
        </extensions>
      </trkpt>
      <trkpt lat="46.03239" lon="7.23823">
        <ele>2075</ele>
        <extensions>
          <distance>42400</distance>
        </extensions>
      </trkpt>
      <trkpt lat="46.032255" lon="7.238379999999999">
        <ele>2074</ele>
        <extensions>
          <distance>42419</distance>
        </extensions>
      </trkpt>
      <trkpt lat="46.03212" lon="7.23853">
        <ele>2073</ele>
        <extensions>
          <distance>42438</distance>
        </extensions>
      </trkpt>
      <trkpt lat="46.031975" lon="7.23864">
        <ele>2073</ele>
        <extensions>
          <distance>42456</distance>
        </extensions>
      </trkpt>
      <trkpt lat="46.03183" lon="7.23875">
        <ele>2072</ele>
        <extensions>
          <distance>42474</distance>
        </extensions>
      </trkpt>
      <trkpt lat="46.03165" lon="7.23894">
        <ele>2069</ele>
        <extensions>
          <distance>42499</distance>
        </extensions>
      </trkpt>
      <trkpt lat="46.03164" lon="7.23905">
        <ele>2067</ele>
        <extensions>
          <distance>42508</distance>
        </extensions>
      </trkpt>
      <trkpt lat="46.0317" lon="7.23934">
        <ele>2061</ele>
        <extensions>
          <distance>42532</distance>
        </extensions>
      </trkpt>
      <trkpt lat="46.031625000000005" lon="7.239535">
        <ele>2061</ele>
        <extensions>
          <distance>42550</distance>
        </extensions>
      </trkpt>
      <trkpt lat="46.03155" lon="7.23973">
        <ele>2061</ele>
        <extensions>
          <distance>42567</distance>
        </extensions>
      </trkpt>
      <trkpt lat="46.03147" lon="7.24007">
        <ele>2061</ele>
        <extensions>
          <distance>42595</distance>
        </extensions>
      </trkpt>
      <trkpt lat="46.0313" lon="7.24022">
        <ele>2062</ele>
        <extensions>
          <distance>42617</distance>
        </extensions>
      </trkpt>
      <trkpt lat="46.03124" lon="7.24053">
        <ele>2062</ele>
        <extensions>
          <distance>42642</distance>
        </extensions>
      </trkpt>
      <trkpt lat="46.03136" lon="7.24064">
        <ele>2062</ele>
        <extensions>
          <distance>42658</distance>
        </extensions>
      </trkpt>
      <trkpt lat="46.03138" lon="7.24074">
        <ele>2063</ele>
        <extensions>
          <distance>42666</distance>
        </extensions>
      </trkpt>
      <trkpt lat="46.031465" lon="7.240914999999999">
        <ele>2063</ele>
        <extensions>
          <distance>42682</distance>
        </extensions>
      </trkpt>
      <trkpt lat="46.03155" lon="7.24109">
        <ele>2064</ele>
        <extensions>
          <distance>42699</distance>
        </extensions>
      </trkpt>
      <trkpt lat="46.031555" lon="7.2412849999999995">
        <ele>2067</ele>
        <extensions>
          <distance>42714</distance>
        </extensions>
      </trkpt>
      <trkpt lat="46.03156" lon="7.24148">
        <ele>2069</ele>
        <extensions>
          <distance>42729</distance>
        </extensions>
      </trkpt>
      <trkpt lat="46.03158" lon="7.24176">
        <ele>2070</ele>
        <extensions>
          <distance>42751</distance>
        </extensions>
      </trkpt>
      <trkpt lat="46.031769999999995" lon="7.2419925">
        <ele>2071</ele>
        <extensions>
          <distance>42779</distance>
        </extensions>
      </trkpt>
      <trkpt lat="46.03196" lon="7.2422249999999995">
        <ele>2071</ele>
        <extensions>
          <distance>42807</distance>
        </extensions>
      </trkpt>
      <trkpt lat="46.03215" lon="7.2424574999999995">
        <ele>2071</ele>
        <extensions>
          <distance>42834</distance>
        </extensions>
      </trkpt>
      <trkpt lat="46.03234" lon="7.24269">
        <ele>2071</ele>
        <extensions>
          <distance>42862</distance>
        </extensions>
      </trkpt>
      <trkpt lat="46.03241" lon="7.24295">
        <ele>2071</ele>
        <extensions>
          <distance>42884</distance>
        </extensions>
      </trkpt>
      <trkpt lat="46.032405" lon="7.243205">
        <ele>2071</ele>
        <extensions>
          <distance>42903</distance>
        </extensions>
      </trkpt>
      <trkpt lat="46.0324" lon="7.24346">
        <ele>2071</ele>
        <extensions>
          <distance>42923</distance>
        </extensions>
      </trkpt>
      <trkpt lat="46.03243500000001" lon="7.243655">
        <ele>2071</ele>
        <extensions>
          <distance>42939</distance>
        </extensions>
      </trkpt>
      <trkpt lat="46.03247" lon="7.24385">
        <ele>2071</ele>
        <extensions>
          <distance>42954</distance>
        </extensions>
      </trkpt>
      <trkpt lat="46.03258" lon="7.24402">
        <ele>2071</ele>
        <extensions>
          <distance>42972</distance>
        </extensions>
      </trkpt>
      <trkpt lat="46.03275" lon="7.24415">
        <ele>2071</ele>
        <extensions>
          <distance>42994</distance>
        </extensions>
      </trkpt>
      <trkpt lat="46.03278" lon="7.24427">
        <ele>2073</ele>
        <extensions>
          <distance>43004</distance>
        </extensions>
      </trkpt>
      <trkpt lat="46.03282" lon="7.24434">
        <ele>2074</ele>
        <extensions>
          <distance>43011</distance>
        </extensions>
      </trkpt>
      <trkpt lat="46.03299" lon="7.2444725000000005">
        <ele>2075</ele>
        <extensions>
          <distance>43032</distance>
        </extensions>
      </trkpt>
      <trkpt lat="46.033159999999995" lon="7.244605">
        <ele>2075</ele>
        <extensions>
          <distance>43054</distance>
        </extensions>
      </trkpt>
      <trkpt lat="46.03332999999999" lon="7.244737499999999">
        <ele>2075</ele>
        <extensions>
          <distance>43075</distance>
        </extensions>
      </trkpt>
      <trkpt lat="46.0335" lon="7.24487">
        <ele>2076</ele>
        <extensions>
          <distance>43097</distance>
        </extensions>
      </trkpt>
      <trkpt lat="46.03367" lon="7.24481">
        <ele>2076</ele>
        <extensions>
          <distance>43116</distance>
        </extensions>
      </trkpt>
      <trkpt lat="46.0338" lon="7.24489">
        <ele>2076</ele>
        <extensions>
          <distance>43132</distance>
        </extensions>
      </trkpt>
      <trkpt lat="46.03399" lon="7.24483">
        <ele>2076</ele>
        <extensions>
          <distance>43153</distance>
        </extensions>
      </trkpt>
      <trkpt lat="46.034125" lon="7.2448175">
        <ele>2075</ele>
        <extensions>
          <distance>43169</distance>
        </extensions>
      </trkpt>
      <trkpt lat="46.03426" lon="7.244805">
        <ele>2074</ele>
        <extensions>
          <distance>43184</distance>
        </extensions>
      </trkpt>
      <trkpt lat="46.034395" lon="7.244792500000001">
        <ele>2074</ele>
        <extensions>
          <distance>43199</distance>
        </extensions>
      </trkpt>
      <trkpt lat="46.03453" lon="7.24478">
        <ele>2074</ele>
        <extensions>
          <distance>43214</distance>
        </extensions>
      </trkpt>
      <trkpt lat="46.034745" lon="7.244875">
        <ele>2074</ele>
        <extensions>
          <distance>43239</distance>
        </extensions>
      </trkpt>
      <trkpt lat="46.03496" lon="7.24497">
        <ele>2077</ele>
        <extensions>
          <distance>43264</distance>
        </extensions>
      </trkpt>
      <trkpt lat="46.03517" lon="7.24505">
        <ele>2077</ele>
        <extensions>
          <distance>43288</distance>
        </extensions>
      </trkpt>
      <trkpt lat="46.03526" lon="7.24503">
        <ele>2078</ele>
        <extensions>
          <distance>43298</distance>
        </extensions>
      </trkpt>
      <trkpt lat="46.03537" lon="7.24499">
        <ele>2079</ele>
        <extensions>
          <distance>43311</distance>
        </extensions>
      </trkpt>
      <trkpt lat="46.03562" lon="7.24499">
        <ele>2080</ele>
        <extensions>
          <distance>43338</distance>
        </extensions>
      </trkpt>
      <trkpt lat="46.03569" lon="7.24503">
        <ele>2080</ele>
        <extensions>
          <distance>43347</distance>
        </extensions>
      </trkpt>
      <trkpt lat="46.03572" lon="7.24512">
        <ele>2079</ele>
        <extensions>
          <distance>43354</distance>
        </extensions>
      </trkpt>
      <trkpt lat="46.03583" lon="7.24518">
        <ele>2080</ele>
        <extensions>
          <distance>43368</distance>
        </extensions>
      </trkpt>
      <trkpt lat="46.03593" lon="7.24512">
        <ele>2082</ele>
        <extensions>
          <distance>43380</distance>
        </extensions>
      </trkpt>
      <trkpt lat="46.03612" lon="7.24512">
        <ele>2082</ele>
        <extensions>
          <distance>43401</distance>
        </extensions>
      </trkpt>
      <trkpt lat="46.036305" lon="7.24524">
        <ele>2083</ele>
        <extensions>
          <distance>43423</distance>
        </extensions>
      </trkpt>
      <trkpt lat="46.03649" lon="7.24536">
        <ele>2084</ele>
        <extensions>
          <distance>43446</distance>
        </extensions>
      </trkpt>
      <trkpt lat="46.0367" lon="7.24559">
        <ele>2084</ele>
        <extensions>
          <distance>43475</distance>
        </extensions>
      </trkpt>
      <trkpt lat="46.03681" lon="7.24569">
        <ele>2084</ele>
        <extensions>
          <distance>43490</distance>
        </extensions>
      </trkpt>
      <trkpt lat="46.03697" lon="7.24596">
        <ele>2084</ele>
        <extensions>
          <distance>43517</distance>
        </extensions>
      </trkpt>
      <trkpt lat="46.03705" lon="7.24602">
        <ele>2081</ele>
        <extensions>
          <distance>43527</distance>
        </extensions>
      </trkpt>
      <trkpt lat="46.0371" lon="7.24613">
        <ele>2077</ele>
        <extensions>
          <distance>43537</distance>
        </extensions>
      </trkpt>
      <trkpt lat="46.03709" lon="7.24627">
        <ele>2074</ele>
        <extensions>
          <distance>43549</distance>
        </extensions>
      </trkpt>
      <trkpt lat="46.037" lon="7.24658">
        <ele>2072</ele>
        <extensions>
          <distance>43575</distance>
        </extensions>
      </trkpt>
      <trkpt lat="46.03697" lon="7.24677">
        <ele>2068</ele>
        <extensions>
          <distance>43590</distance>
        </extensions>
      </trkpt>
      <trkpt lat="46.03694" lon="7.24696">
        <ele>2065</ele>
        <extensions>
          <distance>43606</distance>
        </extensions>
      </trkpt>
      <trkpt lat="46.0369" lon="7.24734">
        <ele>2062</ele>
        <extensions>
          <distance>43636</distance>
        </extensions>
      </trkpt>
      <trkpt lat="46.036885" lon="7.247535">
        <ele>2062</ele>
        <extensions>
          <distance>43651</distance>
        </extensions>
      </trkpt>
      <trkpt lat="46.03687" lon="7.24773">
        <ele>2062</ele>
        <extensions>
          <distance>43666</distance>
        </extensions>
      </trkpt>
      <trkpt lat="46.03687" lon="7.24786">
        <ele>2061</ele>
        <extensions>
          <distance>43676</distance>
        </extensions>
      </trkpt>
      <trkpt lat="46.03688" lon="7.24799">
        <ele>2061</ele>
        <extensions>
          <distance>43686</distance>
        </extensions>
      </trkpt>
      <trkpt lat="46.03688" lon="7.24825">
        <ele>2061</ele>
        <extensions>
          <distance>43706</distance>
        </extensions>
      </trkpt>
      <trkpt lat="46.03689" lon="7.24833">
        <ele>2060</ele>
        <extensions>
          <distance>43712</distance>
        </extensions>
      </trkpt>
      <trkpt lat="46.036935" lon="7.2486075">
        <ele>2052</ele>
        <extensions>
          <distance>43735</distance>
        </extensions>
      </trkpt>
      <trkpt lat="46.03698" lon="7.248885">
        <ele>2049</ele>
        <extensions>
          <distance>43757</distance>
        </extensions>
      </trkpt>
      <trkpt lat="46.037025" lon="7.2491625">
        <ele>2042</ele>
        <extensions>
          <distance>43780</distance>
        </extensions>
      </trkpt>
      <trkpt lat="46.03707" lon="7.24944">
        <ele>2033</ele>
        <extensions>
          <distance>43804</distance>
        </extensions>
      </trkpt>
      <trkpt lat="46.03708" lon="7.2496475">
        <ele>2030</ele>
        <extensions>
          <distance>43821</distance>
        </extensions>
      </trkpt>
      <trkpt lat="46.03709" lon="7.249855">
        <ele>2027</ele>
        <extensions>
          <distance>43837</distance>
        </extensions>
      </trkpt>
      <trkpt lat="46.037099999999995" lon="7.2500625">
        <ele>2025</ele>
        <extensions>
          <distance>43853</distance>
        </extensions>
      </trkpt>
      <trkpt lat="46.03711" lon="7.25027">
        <ele>2025</ele>
        <extensions>
          <distance>43869</distance>
        </extensions>
      </trkpt>
      <trkpt lat="46.03702" lon="7.25054">
        <ele>2025</ele>
        <extensions>
          <distance>43892</distance>
        </extensions>
      </trkpt>
      <trkpt lat="46.03688" lon="7.250719999999999">
        <ele>2024</ele>
        <extensions>
          <distance>43913</distance>
        </extensions>
      </trkpt>
      <trkpt lat="46.03674" lon="7.2509">
        <ele>2022</ele>
        <extensions>
          <distance>43934</distance>
        </extensions>
      </trkpt>
      <trkpt lat="46.03675" lon="7.251">
        <ele>2022</ele>
        <extensions>
          <distance>43942</distance>
        </extensions>
      </trkpt>
      <trkpt lat="46.03669" lon="7.25127">
        <ele>2022</ele>
        <extensions>
          <distance>43964</distance>
        </extensions>
      </trkpt>
      <trkpt lat="46.036625" lon="7.2514425">
        <ele>2020</ele>
        <extensions>
          <distance>43979</distance>
        </extensions>
      </trkpt>
      <trkpt lat="46.03656" lon="7.251615">
        <ele>2020</ele>
        <extensions>
          <distance>43994</distance>
        </extensions>
      </trkpt>
      <trkpt lat="46.036495" lon="7.251787500000001">
        <ele>2020</ele>
        <extensions>
          <distance>44010</distance>
        </extensions>
      </trkpt>
      <trkpt lat="46.03643" lon="7.25196">
        <ele>2020</ele>
        <extensions>
          <distance>44025</distance>
        </extensions>
      </trkpt>
      <trkpt lat="46.036385" lon="7.2521450000000005">
        <ele>2021</ele>
        <extensions>
          <distance>44040</distance>
        </extensions>
      </trkpt>
      <trkpt lat="46.03634" lon="7.25233">
        <ele>2022</ele>
        <extensions>
          <distance>44055</distance>
        </extensions>
      </trkpt>
      <trkpt lat="46.03632" lon="7.25245">
        <ele>2023</ele>
        <extensions>
          <distance>44065</distance>
        </extensions>
      </trkpt>
      <trkpt lat="46.03627" lon="7.25262">
        <ele>2023</ele>
        <extensions>
          <distance>44079</distance>
        </extensions>
      </trkpt>
      <trkpt lat="46.03618" lon="7.25263">
        <ele>2027</ele>
        <extensions>
          <distance>44089</distance>
        </extensions>
      </trkpt>
      <trkpt lat="46.03611" lon="7.25265">
        <ele>2029</ele>
        <extensions>
          <distance>44097</distance>
        </extensions>
      </trkpt>
      <trkpt lat="46.03602" lon="7.25261">
        <ele>2029</ele>
        <extensions>
          <distance>44108</distance>
        </extensions>
      </trkpt>
      <trkpt lat="46.03593" lon="7.25296">
        <ele>2029</ele>
        <extensions>
          <distance>44137</distance>
        </extensions>
      </trkpt>
      <trkpt lat="46.03595" lon="7.25319">
        <ele>2030</ele>
        <extensions>
          <distance>44155</distance>
        </extensions>
      </trkpt>
      <trkpt lat="46.03592" lon="7.2533">
        <ele>2031</ele>
        <extensions>
          <distance>44164</distance>
        </extensions>
      </trkpt>
      <trkpt lat="46.03586" lon="7.2534">
        <ele>2031</ele>
        <extensions>
          <distance>44174</distance>
        </extensions>
      </trkpt>
      <trkpt lat="46.03579" lon="7.2535">
        <ele>2031</ele>
        <extensions>
          <distance>44185</distance>
        </extensions>
      </trkpt>
      <trkpt lat="46.0356" lon="7.25363">
        <ele>2039</ele>
        <extensions>
          <distance>44209</distance>
        </extensions>
      </trkpt>
      <trkpt lat="46.03544" lon="7.25389">
        <ele>2040</ele>
        <extensions>
          <distance>44236</distance>
        </extensions>
      </trkpt>
      <trkpt lat="46.03534" lon="7.25397">
        <ele>2043</ele>
        <extensions>
          <distance>44249</distance>
        </extensions>
      </trkpt>
      <trkpt lat="46.03517" lon="7.25403">
        <ele>2045</ele>
        <extensions>
          <distance>44268</distance>
        </extensions>
      </trkpt>
      <trkpt lat="46.03501" lon="7.2541">
        <ele>2047</ele>
        <extensions>
          <distance>44287</distance>
        </extensions>
      </trkpt>
      <trkpt lat="46.034909999999996" lon="7.25438">
        <ele>2048</ele>
        <extensions>
          <distance>44312</distance>
        </extensions>
      </trkpt>
      <trkpt lat="46.03481" lon="7.25466">
        <ele>2048</ele>
        <extensions>
          <distance>44336</distance>
        </extensions>
      </trkpt>
      <trkpt lat="46.03472" lon="7.25469">
        <ele>2050</ele>
        <extensions>
          <distance>44346</distance>
        </extensions>
      </trkpt>
      <trkpt lat="46.03459" lon="7.25487">
        <ele>2050</ele>
        <extensions>
          <distance>44366</distance>
        </extensions>
      </trkpt>
      <trkpt lat="46.03447" lon="7.25492">
        <ele>2049</ele>
        <extensions>
          <distance>44380</distance>
        </extensions>
      </trkpt>
      <trkpt lat="46.03442" lon="7.25504">
        <ele>2049</ele>
        <extensions>
          <distance>44391</distance>
        </extensions>
      </trkpt>
      <trkpt lat="46.03433" lon="7.25514">
        <ele>2049</ele>
        <extensions>
          <distance>44404</distance>
        </extensions>
      </trkpt>
      <trkpt lat="46.034274999999994" lon="7.255325">
        <ele>2050</ele>
        <extensions>
          <distance>44419</distance>
        </extensions>
      </trkpt>
      <trkpt lat="46.03422" lon="7.25551">
        <ele>2050</ele>
        <extensions>
          <distance>44435</distance>
        </extensions>
      </trkpt>
      <trkpt lat="46.03414" lon="7.25557">
        <ele>2051</ele>
        <extensions>
          <distance>44445</distance>
        </extensions>
      </trkpt>
      <trkpt lat="46.03406" lon="7.25565">
        <ele>2053</ele>
        <extensions>
          <distance>44456</distance>
        </extensions>
      </trkpt>
      <trkpt lat="46.03395" lon="7.25596">
        <ele>2054</ele>
        <extensions>
          <distance>44483</distance>
        </extensions>
      </trkpt>
      <trkpt lat="46.03373" lon="7.25602">
        <ele>2060</ele>
        <extensions>
          <distance>44508</distance>
        </extensions>
      </trkpt>
      <trkpt lat="46.03366" lon="7.25611">
        <ele>2060</ele>
        <extensions>
          <distance>44519</distance>
        </extensions>
      </trkpt>
      <trkpt lat="46.03361" lon="7.2563">
        <ele>2061</ele>
        <extensions>
          <distance>44534</distance>
        </extensions>
      </trkpt>
      <trkpt lat="46.03347" lon="7.25655">
        <ele>2063</ele>
        <extensions>
          <distance>44559</distance>
        </extensions>
      </trkpt>
      <trkpt lat="46.0335" lon="7.25668">
        <ele>2063</ele>
        <extensions>
          <distance>44570</distance>
        </extensions>
      </trkpt>
      <trkpt lat="46.03326" lon="7.25659">
        <ele>2062</ele>
        <extensions>
          <distance>44597</distance>
        </extensions>
      </trkpt>
      <trkpt lat="46.03323" lon="7.25666">
        <ele>2062</ele>
        <extensions>
          <distance>44604</distance>
        </extensions>
      </trkpt>
      <trkpt lat="46.03313" lon="7.2567">
        <ele>2062</ele>
        <extensions>
          <distance>44615</distance>
        </extensions>
      </trkpt>
      <trkpt lat="46.03308" lon="7.25676">
        <ele>2062</ele>
        <extensions>
          <distance>44623</distance>
        </extensions>
      </trkpt>
      <trkpt lat="46.03303" lon="7.25697">
        <ele>2056</ele>
        <extensions>
          <distance>44640</distance>
        </extensions>
      </trkpt>
      <trkpt lat="46.03283" lon="7.257194999999999">
        <ele>2054</ele>
        <extensions>
          <distance>44668</distance>
        </extensions>
      </trkpt>
      <trkpt lat="46.03263" lon="7.25742">
        <ele>2053</ele>
        <extensions>
          <distance>44697</distance>
        </extensions>
      </trkpt>
      <trkpt lat="46.032515000000004" lon="7.257725">
        <ele>2051</ele>
        <extensions>
          <distance>44723</distance>
        </extensions>
      </trkpt>
      <trkpt lat="46.0324" lon="7.25803">
        <ele>2049</ele>
        <extensions>
          <distance>44750</distance>
        </extensions>
      </trkpt>
      <trkpt lat="46.03242" lon="7.25826">
        <ele>2045</ele>
        <extensions>
          <distance>44769</distance>
        </extensions>
      </trkpt>
      <trkpt lat="46.03239" lon="7.25845">
        <ele>2043</ele>
        <extensions>
          <distance>44784</distance>
        </extensions>
      </trkpt>
      <trkpt lat="46.03236" lon="7.25864">
        <ele>2043</ele>
        <extensions>
          <distance>44799</distance>
        </extensions>
      </trkpt>
      <trkpt lat="46.03233" lon="7.25876">
        <ele>2043</ele>
        <extensions>
          <distance>44809</distance>
        </extensions>
      </trkpt>
      <trkpt lat="46.03229" lon="7.259">
        <ele>2043</ele>
        <extensions>
          <distance>44828</distance>
        </extensions>
      </trkpt>
      <trkpt lat="46.032175" lon="7.259130000000001">
        <ele>2043</ele>
        <extensions>
          <distance>44844</distance>
        </extensions>
      </trkpt>
      <trkpt lat="46.03206" lon="7.25926">
        <ele>2047</ele>
        <extensions>
          <distance>44860</distance>
        </extensions>
      </trkpt>
      <trkpt lat="46.03195" lon="7.2593">
        <ele>2051</ele>
        <extensions>
          <distance>44873</distance>
        </extensions>
      </trkpt>
      <trkpt lat="46.03194" lon="7.25938">
        <ele>2052</ele>
        <extensions>
          <distance>44880</distance>
        </extensions>
      </trkpt>
      <trkpt lat="46.03177" lon="7.25949">
        <ele>2052</ele>
        <extensions>
          <distance>44900</distance>
        </extensions>
      </trkpt>
      <trkpt lat="46.03173" lon="7.25981">
        <ele>2052</ele>
        <extensions>
          <distance>44925</distance>
        </extensions>
      </trkpt>
      <trkpt lat="46.03169" lon="7.25988">
        <ele>2051</ele>
        <extensions>
          <distance>44932</distance>
        </extensions>
      </trkpt>
      <trkpt lat="46.031639999999996" lon="7.260104999999999">
        <ele>2050</ele>
        <extensions>
          <distance>44951</distance>
        </extensions>
      </trkpt>
      <trkpt lat="46.03159" lon="7.26033">
        <ele>2047</ele>
        <extensions>
          <distance>44969</distance>
        </extensions>
      </trkpt>
      <trkpt lat="46.03149" lon="7.26044">
        <ele>2046</ele>
        <extensions>
          <distance>44983</distance>
        </extensions>
      </trkpt>
      <trkpt lat="46.03138" lon="7.26064">
        <ele>2046</ele>
        <extensions>
          <distance>45003</distance>
        </extensions>
      </trkpt>
      <trkpt lat="46.03135" lon="7.2609">
        <ele>2042</ele>
        <extensions>
          <distance>45023</distance>
        </extensions>
      </trkpt>
      <trkpt lat="46.031355000000005" lon="7.26117">
        <ele>2035</ele>
        <extensions>
          <distance>45046</distance>
        </extensions>
      </trkpt>
      <trkpt lat="46.03136" lon="7.26144">
        <ele>2027</ele>
        <extensions>
          <distance>45068</distance>
        </extensions>
      </trkpt>
      <trkpt lat="46.03139" lon="7.26173">
        <ele>2020</ele>
        <extensions>
          <distance>45092</distance>
        </extensions>
      </trkpt>
      <trkpt lat="46.03138" lon="7.26195">
        <ele>2018</ele>
        <extensions>
          <distance>45109</distance>
        </extensions>
      </trkpt>
      <trkpt lat="46.0314" lon="7.26206">
        <ele>2016</ele>
        <extensions>
          <distance>45118</distance>
        </extensions>
      </trkpt>
      <trkpt lat="46.03139" lon="7.262305">
        <ele>2013</ele>
        <extensions>
          <distance>45137</distance>
        </extensions>
      </trkpt>
      <trkpt lat="46.03138" lon="7.26255">
        <ele>2010</ele>
        <extensions>
          <distance>45156</distance>
        </extensions>
      </trkpt>
      <trkpt lat="46.0313" lon="7.26292">
        <ele>2007</ele>
        <extensions>
          <distance>45186</distance>
        </extensions>
      </trkpt>
      <trkpt lat="46.03119" lon="7.26306">
        <ele>2007</ele>
        <extensions>
          <distance>45203</distance>
        </extensions>
      </trkpt>
      <trkpt lat="46.0311" lon="7.26333">
        <ele>2007</ele>
        <extensions>
          <distance>45226</distance>
        </extensions>
      </trkpt>
      <trkpt lat="46.03105" lon="7.26339">
        <ele>2006</ele>
        <extensions>
          <distance>45233</distance>
        </extensions>
      </trkpt>
      <trkpt lat="46.03101" lon="7.26351">
        <ele>2007</ele>
        <extensions>
          <distance>45244</distance>
        </extensions>
      </trkpt>
      <trkpt lat="46.03097" lon="7.26365">
        <ele>2007</ele>
        <extensions>
          <distance>45255</distance>
        </extensions>
      </trkpt>
      <trkpt lat="46.03095" lon="7.26392">
        <ele>2008</ele>
        <extensions>
          <distance>45276</distance>
        </extensions>
      </trkpt>
      <trkpt lat="46.03084749999999" lon="7.264077499999999">
        <ele>2008</ele>
        <extensions>
          <distance>45293</distance>
        </extensions>
      </trkpt>
      <trkpt lat="46.030744999999996" lon="7.264234999999999">
        <ele>2009</ele>
        <extensions>
          <distance>45310</distance>
        </extensions>
      </trkpt>
      <trkpt lat="46.0306425" lon="7.2643925">
        <ele>2011</ele>
        <extensions>
          <distance>45326</distance>
        </extensions>
      </trkpt>
      <trkpt lat="46.03054" lon="7.26455">
        <ele>2016</ele>
        <extensions>
          <distance>45344</distance>
        </extensions>
      </trkpt>
      <trkpt lat="46.0305" lon="7.26478">
        <ele>2016</ele>
        <extensions>
          <distance>45362</distance>
        </extensions>
      </trkpt>
      <trkpt lat="46.03055500000001" lon="7.2650749999999995">
        <ele>2016</ele>
        <extensions>
          <distance>45386</distance>
        </extensions>
      </trkpt>
      <trkpt lat="46.03061" lon="7.26537">
        <ele>2019</ele>
        <extensions>
          <distance>45410</distance>
        </extensions>
      </trkpt>
      <trkpt lat="46.0306" lon="7.26567">
        <ele>2019</ele>
        <extensions>
          <distance>45433</distance>
        </extensions>
      </trkpt>
      <trkpt lat="46.03054" lon="7.26594">
        <ele>2019</ele>
        <extensions>
          <distance>45455</distance>
        </extensions>
      </trkpt>
      <trkpt lat="46.030445" lon="7.26619">
        <ele>2019</ele>
        <extensions>
          <distance>45477</distance>
        </extensions>
      </trkpt>
      <trkpt lat="46.03035" lon="7.26644">
        <ele>2026</ele>
        <extensions>
          <distance>45499</distance>
        </extensions>
      </trkpt>
      <trkpt lat="46.03033" lon="7.2667">
        <ele>2028</ele>
        <extensions>
          <distance>45519</distance>
        </extensions>
      </trkpt>
      <trkpt lat="46.03031" lon="7.26683">
        <ele>2029</ele>
        <extensions>
          <distance>45530</distance>
        </extensions>
      </trkpt>
      <trkpt lat="46.03026" lon="7.267049999999999">
        <ele>2034</ele>
        <extensions>
          <distance>45548</distance>
        </extensions>
      </trkpt>
      <trkpt lat="46.03021" lon="7.26727">
        <ele>2036</ele>
        <extensions>
          <distance>45566</distance>
        </extensions>
      </trkpt>
      <trkpt lat="46.03019" lon="7.26756">
        <ele>2038</ele>
        <extensions>
          <distance>45589</distance>
        </extensions>
      </trkpt>
      <trkpt lat="46.03024" lon="7.26787">
        <ele>2038</ele>
        <extensions>
          <distance>45614</distance>
        </extensions>
      </trkpt>
      <trkpt lat="46.03025" lon="7.26816">
        <ele>2039</ele>
        <extensions>
          <distance>45636</distance>
        </extensions>
      </trkpt>
      <trkpt lat="46.03022" lon="7.26828">
        <ele>2040</ele>
        <extensions>
          <distance>45646</distance>
        </extensions>
      </trkpt>
      <trkpt lat="46.030155" lon="7.2684750000000005">
        <ele>2040</ele>
        <extensions>
          <distance>45663</distance>
        </extensions>
      </trkpt>
      <trkpt lat="46.03009" lon="7.26867">
        <ele>2043</ele>
        <extensions>
          <distance>45680</distance>
        </extensions>
      </trkpt>
      <trkpt lat="46.02995" lon="7.26889">
        <ele>2051</ele>
        <extensions>
          <distance>45704</distance>
        </extensions>
      </trkpt>
      <trkpt lat="46.02985" lon="7.26915">
        <ele>2055</ele>
        <extensions>
          <distance>45727</distance>
        </extensions>
      </trkpt>
      <trkpt lat="46.02979" lon="7.26939">
        <ele>2057</ele>
        <extensions>
          <distance>45747</distance>
        </extensions>
      </trkpt>
      <trkpt lat="46.029775" lon="7.269674999999999">
        <ele>2057</ele>
        <extensions>
          <distance>45769</distance>
        </extensions>
      </trkpt>
      <trkpt lat="46.02976" lon="7.26996">
        <ele>2059</ele>
        <extensions>
          <distance>45792</distance>
        </extensions>
      </trkpt>
      <trkpt lat="46.02962" lon="7.27017">
        <ele>2060</ele>
        <extensions>
          <distance>45814</distance>
        </extensions>
      </trkpt>
      <trkpt lat="46.02958" lon="7.27044">
        <ele>2061</ele>
        <extensions>
          <distance>45835</distance>
        </extensions>
      </trkpt>
      <trkpt lat="46.0296225" lon="7.2706525">
        <ele>2062</ele>
        <extensions>
          <distance>45853</distance>
        </extensions>
      </trkpt>
      <trkpt lat="46.029665" lon="7.270865">
        <ele>2062</ele>
        <extensions>
          <distance>45870</distance>
        </extensions>
      </trkpt>
      <trkpt lat="46.0297075" lon="7.2710775">
        <ele>2062</ele>
        <extensions>
          <distance>45887</distance>
        </extensions>
      </trkpt>
      <trkpt lat="46.02975" lon="7.27129">
        <ele>2064</ele>
        <extensions>
          <distance>45904</distance>
        </extensions>
      </trkpt>
      <trkpt lat="46.02987" lon="7.27151">
        <ele>2064</ele>
        <extensions>
          <distance>45926</distance>
        </extensions>
      </trkpt>
      <trkpt lat="46.02982" lon="7.27178">
        <ele>2066</ele>
        <extensions>
          <distance>45947</distance>
        </extensions>
      </trkpt>
      <trkpt lat="46.02986" lon="7.27206">
        <ele>2069</ele>
        <extensions>
          <distance>45970</distance>
        </extensions>
      </trkpt>
      <trkpt lat="46.0299425" lon="7.272259999999999">
        <ele>2069</ele>
        <extensions>
          <distance>45988</distance>
        </extensions>
      </trkpt>
      <trkpt lat="46.030024999999995" lon="7.27246">
        <ele>2069</ele>
        <extensions>
          <distance>46006</distance>
        </extensions>
      </trkpt>
      <trkpt lat="46.0301075" lon="7.27266">
        <ele>2072</ele>
        <extensions>
          <distance>46024</distance>
        </extensions>
      </trkpt>
      <trkpt lat="46.03019" lon="7.27286">
        <ele>2076</ele>
        <extensions>
          <distance>46042</distance>
        </extensions>
      </trkpt>
      <trkpt lat="46.03023" lon="7.273075">
        <ele>2082</ele>
        <extensions>
          <distance>46060</distance>
        </extensions>
      </trkpt>
      <trkpt lat="46.03027" lon="7.27329">
        <ele>2087</ele>
        <extensions>
          <distance>46078</distance>
        </extensions>
      </trkpt>
      <trkpt lat="46.03038" lon="7.27345">
        <ele>2089</ele>
        <extensions>
          <distance>46096</distance>
        </extensions>
      </trkpt>
      <trkpt lat="46.03049" lon="7.27361">
        <ele>2091</ele>
        <extensions>
          <distance>46113</distance>
        </extensions>
      </trkpt>
      <trkpt lat="46.03044" lon="7.27368">
        <ele>2093</ele>
        <extensions>
          <distance>46121</distance>
        </extensions>
      </trkpt>
      <trkpt lat="46.0303" lon="7.27364">
        <ele>2096</ele>
        <extensions>
          <distance>46138</distance>
        </extensions>
      </trkpt>
      <trkpt lat="46.03024" lon="7.27378">
        <ele>2099</ele>
        <extensions>
          <distance>46151</distance>
        </extensions>
      </trkpt>
      <trkpt lat="46.03021" lon="7.27405">
        <ele>2101</ele>
        <extensions>
          <distance>46172</distance>
        </extensions>
      </trkpt>
      <trkpt lat="46.03031" lon="7.27435">
        <ele>2101</ele>
        <extensions>
          <distance>46198</distance>
        </extensions>
      </trkpt>
      <trkpt lat="46.03024" lon="7.2743">
        <ele>2101</ele>
        <extensions>
          <distance>46206</distance>
        </extensions>
      </trkpt>
      <trkpt lat="46.03006" lon="7.274430000000001">
        <ele>2101</ele>
        <extensions>
          <distance>46229</distance>
        </extensions>
      </trkpt>
      <trkpt lat="46.02988" lon="7.27456">
        <ele>2098</ele>
        <extensions>
          <distance>46251</distance>
        </extensions>
      </trkpt>
      <trkpt lat="46.02976" lon="7.27487">
        <ele>2093</ele>
        <extensions>
          <distance>46279</distance>
        </extensions>
      </trkpt>
      <trkpt lat="46.02967" lon="7.27518">
        <ele>2091</ele>
        <extensions>
          <distance>46305</distance>
        </extensions>
      </trkpt>
      <trkpt lat="46.02958" lon="7.27549">
        <ele>2091</ele>
        <extensions>
          <distance>46331</distance>
        </extensions>
      </trkpt>
      <trkpt lat="46.02935" lon="7.275645">
        <ele>2089</ele>
        <extensions>
          <distance>46359</distance>
        </extensions>
      </trkpt>
      <trkpt lat="46.02912" lon="7.2758">
        <ele>2088</ele>
        <extensions>
          <distance>46387</distance>
        </extensions>
      </trkpt>
      <trkpt lat="46.02906" lon="7.27601">
        <ele>2086</ele>
        <extensions>
          <distance>46405</distance>
        </extensions>
      </trkpt>
      <trkpt lat="46.02907" lon="7.27613">
        <ele>2086</ele>
        <extensions>
          <distance>46414</distance>
        </extensions>
      </trkpt>
      <trkpt lat="46.0291" lon="7.2763">
        <ele>2084</ele>
        <extensions>
          <distance>46428</distance>
        </extensions>
      </trkpt>
      <trkpt lat="46.02916" lon="7.27648">
        <ele>2080</ele>
        <extensions>
          <distance>46444</distance>
        </extensions>
      </trkpt>
      <trkpt lat="46.02911" lon="7.27677">
        <ele>2078</ele>
        <extensions>
          <distance>46467</distance>
        </extensions>
      </trkpt>
      <trkpt lat="46.02899" lon="7.27699">
        <ele>2077</ele>
        <extensions>
          <distance>46489</distance>
        </extensions>
      </trkpt>
      <trkpt lat="46.0288" lon="7.27718">
        <ele>2077</ele>
        <extensions>
          <distance>46514</distance>
        </extensions>
      </trkpt>
      <trkpt lat="46.0287" lon="7.27743">
        <ele>2075</ele>
        <extensions>
          <distance>46537</distance>
        </extensions>
      </trkpt>
      <trkpt lat="46.02857" lon="7.27747">
        <ele>2075</ele>
        <extensions>
          <distance>46551</distance>
        </extensions>
      </trkpt>
      <trkpt lat="46.02852" lon="7.27753">
        <ele>2075</ele>
        <extensions>
          <distance>46559</distance>
        </extensions>
      </trkpt>
      <trkpt lat="46.0284" lon="7.27756">
        <ele>2075</ele>
        <extensions>
          <distance>46572</distance>
        </extensions>
      </trkpt>
      <trkpt lat="46.0282625" lon="7.2774275">
        <ele>2078</ele>
        <extensions>
          <distance>46591</distance>
        </extensions>
      </trkpt>
      <trkpt lat="46.028125" lon="7.2772950000000005">
        <ele>2081</ele>
        <extensions>
          <distance>46609</distance>
        </extensions>
      </trkpt>
      <trkpt lat="46.0279875" lon="7.2771625">
        <ele>2082</ele>
        <extensions>
          <distance>46627</distance>
        </extensions>
      </trkpt>
      <trkpt lat="46.02785" lon="7.27703">
        <ele>2083</ele>
        <extensions>
          <distance>46646</distance>
        </extensions>
      </trkpt>
      <trkpt lat="46.0277" lon="7.27682">
        <ele>2083</ele>
        <extensions>
          <distance>46669</distance>
        </extensions>
      </trkpt>
      <trkpt lat="46.02763" lon="7.27675">
        <ele>2085</ele>
        <extensions>
          <distance>46679</distance>
        </extensions>
      </trkpt>
      <trkpt lat="46.02754" lon="7.27667">
        <ele>2086</ele>
        <extensions>
          <distance>46691</distance>
        </extensions>
      </trkpt>
      <trkpt lat="46.02736" lon="7.27657">
        <ele>2086</ele>
        <extensions>
          <distance>46712</distance>
        </extensions>
      </trkpt>
      <trkpt lat="46.02721" lon="7.27636">
        <ele>2088</ele>
        <extensions>
          <distance>46735</distance>
        </extensions>
      </trkpt>
      <trkpt lat="46.02703" lon="7.27631">
        <ele>2090</ele>
        <extensions>
          <distance>46756</distance>
        </extensions>
      </trkpt>
      <trkpt lat="46.02696" lon="7.2763">
        <ele>2090</ele>
        <extensions>
          <distance>46764</distance>
        </extensions>
      </trkpt>
      <trkpt lat="46.02674" lon="7.27615">
        <ele>2090</ele>
        <extensions>
          <distance>46791</distance>
        </extensions>
      </trkpt>
      <trkpt lat="46.02656" lon="7.27613">
        <ele>2092</ele>
        <extensions>
          <distance>46811</distance>
        </extensions>
      </trkpt>
      <trkpt lat="46.0264" lon="7.27622">
        <ele>2093</ele>
        <extensions>
          <distance>46830</distance>
        </extensions>
      </trkpt>
      <trkpt lat="46.02623" lon="7.27607">
        <ele>2094</ele>
        <extensions>
          <distance>46852</distance>
        </extensions>
      </trkpt>
      <trkpt lat="46.02605" lon="7.27601">
        <ele>2095</ele>
        <extensions>
          <distance>46873</distance>
        </extensions>
      </trkpt>
      <trkpt lat="46.02597" lon="7.27595">
        <ele>2098</ele>
        <extensions>
          <distance>46883</distance>
        </extensions>
      </trkpt>
      <trkpt lat="46.02575" lon="7.275755">
        <ele>2106</ele>
        <extensions>
          <distance>46913</distance>
        </extensions>
      </trkpt>
      <trkpt lat="46.02553" lon="7.27556">
        <ele>2116</ele>
        <extensions>
          <distance>46943</distance>
        </extensions>
      </trkpt>
      <trkpt lat="46.02535" lon="7.27553">
        <ele>2116</ele>
        <extensions>
          <distance>46964</distance>
        </extensions>
      </trkpt>
      <trkpt lat="46.02524" lon="7.2755">
        <ele>2116</ele>
        <extensions>
          <distance>46976</distance>
        </extensions>
      </trkpt>
      <trkpt lat="46.02515" lon="7.2756">
        <ele>2116</ele>
        <extensions>
          <distance>46989</distance>
        </extensions>
      </trkpt>
      <trkpt lat="46.02499" lon="7.27589">
        <ele>2113</ele>
        <extensions>
          <distance>47017</distance>
        </extensions>
      </trkpt>
      <trkpt lat="46.02485" lon="7.27595">
        <ele>2113</ele>
        <extensions>
          <distance>47034</distance>
        </extensions>
      </trkpt>
      <trkpt lat="46.02477" lon="7.27593">
        <ele>2113</ele>
        <extensions>
          <distance>47043</distance>
        </extensions>
      </trkpt>
      <trkpt lat="46.02473" lon="7.27581">
        <ele>2113</ele>
        <extensions>
          <distance>47053</distance>
        </extensions>
      </trkpt>
      <trkpt lat="46.02461" lon="7.27553">
        <ele>2114</ele>
        <extensions>
          <distance>47078</distance>
        </extensions>
      </trkpt>
      <trkpt lat="46.024425" lon="7.27533">
        <ele>2114</ele>
        <extensions>
          <distance>47104</distance>
        </extensions>
      </trkpt>
      <trkpt lat="46.02424" lon="7.27513">
        <ele>2114</ele>
        <extensions>
          <distance>47130</distance>
        </extensions>
      </trkpt>
      <trkpt lat="46.024122500000004" lon="7.2749524999999995">
        <ele>2115</ele>
        <extensions>
          <distance>47149</distance>
        </extensions>
      </trkpt>
      <trkpt lat="46.024005" lon="7.274775">
        <ele>2114</ele>
        <extensions>
          <distance>47168</distance>
        </extensions>
      </trkpt>
      <trkpt lat="46.0238875" lon="7.2745975000000005">
        <ele>2114</ele>
        <extensions>
          <distance>47187</distance>
        </extensions>
      </trkpt>
      <trkpt lat="46.02377" lon="7.27442">
        <ele>2114</ele>
        <extensions>
          <distance>47206</distance>
        </extensions>
      </trkpt>
      <trkpt lat="46.02365" lon="7.27422">
        <ele>2113</ele>
        <extensions>
          <distance>47226</distance>
        </extensions>
      </trkpt>
      <trkpt lat="46.023515" lon="7.27398">
        <ele>2113</ele>
        <extensions>
          <distance>47250</distance>
        </extensions>
      </trkpt>
      <trkpt lat="46.02338" lon="7.27374">
        <ele>2113</ele>
        <extensions>
          <distance>47274</distance>
        </extensions>
      </trkpt>
      <trkpt lat="46.02334" lon="7.27358">
        <ele>2113</ele>
        <extensions>
          <distance>47287</distance>
        </extensions>
      </trkpt>
      <trkpt lat="46.023185" lon="7.27331">
        <ele>2114.5</ele>
        <extensions>
          <distance>47314</distance>
        </extensions>
      </trkpt>
      <trkpt lat="46.02303" lon="7.27304">
        <ele>2116</ele>
        <extensions>
          <distance>47341</distance>
        </extensions>
      </trkpt>
      <trkpt lat="46.022954999999996" lon="7.272875">
        <ele>2117.5</ele>
        <extensions>
          <distance>47357</distance>
        </extensions>
      </trkpt>
      <trkpt lat="46.02288" lon="7.27271">
        <ele>2119</ele>
        <extensions>
          <distance>47372</distance>
        </extensions>
      </trkpt>
      <trkpt lat="46.022760000000005" lon="7.27262">
        <ele>2120.5</ele>
        <extensions>
          <distance>47387</distance>
        </extensions>
      </trkpt>
      <trkpt lat="46.02264" lon="7.27253">
        <ele>2122</ele>
        <extensions>
          <distance>47402</distance>
        </extensions>
      </trkpt>
      <trkpt lat="46.02255" lon="7.27251">
        <ele>2123</ele>
        <extensions>
          <distance>47412</distance>
        </extensions>
      </trkpt>
      <trkpt lat="46.02237" lon="7.27249">
        <ele>2128</ele>
        <extensions>
          <distance>47433</distance>
        </extensions>
      </trkpt>
      <trkpt lat="46.02232" lon="7.27238">
        <ele>2130</ele>
        <extensions>
          <distance>47443</distance>
        </extensions>
      </trkpt>
      <trkpt lat="46.02226" lon="7.27228">
        <ele>2131</ele>
        <extensions>
          <distance>47454</distance>
        </extensions>
      </trkpt>
      <trkpt lat="46.02201" lon="7.27226">
        <ele>2133</ele>
        <extensions>
          <distance>47481</distance>
        </extensions>
      </trkpt>
      <trkpt lat="46.02183" lon="7.2723">
        <ele>2135</ele>
        <extensions>
          <distance>47502</distance>
        </extensions>
      </trkpt>
      <trkpt lat="46.02178" lon="7.27235">
        <ele>2137</ele>
        <extensions>
          <distance>47509</distance>
        </extensions>
      </trkpt>
      <trkpt lat="46.02176" lon="7.27242">
        <ele>2138</ele>
        <extensions>
          <distance>47515</distance>
        </extensions>
      </trkpt>
      <trkpt lat="46.02164" lon="7.27239">
        <ele>2138</ele>
        <extensions>
          <distance>47528</distance>
        </extensions>
      </trkpt>
      <trkpt lat="46.02154" lon="7.27253">
        <ele>2138</ele>
        <extensions>
          <distance>47544</distance>
        </extensions>
      </trkpt>
      <trkpt lat="46.02142" lon="7.27259">
        <ele>2139</ele>
        <extensions>
          <distance>47558</distance>
        </extensions>
      </trkpt>
      <trkpt lat="46.02132" lon="7.27258">
        <ele>2141</ele>
        <extensions>
          <distance>47569</distance>
        </extensions>
      </trkpt>
      <trkpt lat="46.02113" lon="7.27249">
        <ele>2146</ele>
        <extensions>
          <distance>47592</distance>
        </extensions>
      </trkpt>
      <trkpt lat="46.02109" lon="7.27244">
        <ele>2149</ele>
        <extensions>
          <distance>47599</distance>
        </extensions>
      </trkpt>
      <trkpt lat="46.02109" lon="7.27234">
        <ele>2152</ele>
        <extensions>
          <distance>47607</distance>
        </extensions>
      </trkpt>
      <trkpt lat="46.02105" lon="7.27234">
        <ele>2154</ele>
        <extensions>
          <distance>47611</distance>
        </extensions>
      </trkpt>
      <trkpt lat="46.02105" lon="7.2723">
        <ele>2156</ele>
        <extensions>
          <distance>47615</distance>
        </extensions>
      </trkpt>
      <trkpt lat="46.02083" lon="7.27226">
        <ele>2160</ele>
        <extensions>
          <distance>47640</distance>
        </extensions>
      </trkpt>
      <trkpt lat="46.02079" lon="7.27231">
        <ele>2161</ele>
        <extensions>
          <distance>47646</distance>
        </extensions>
      </trkpt>
      <trkpt lat="46.02078" lon="7.27227">
        <ele>2163</ele>
        <extensions>
          <distance>47650</distance>
        </extensions>
      </trkpt>
      <trkpt lat="46.02058" lon="7.27238">
        <ele>2165</ele>
        <extensions>
          <distance>47674</distance>
        </extensions>
      </trkpt>
      <trkpt lat="46.02049" lon="7.27229">
        <ele>2167</ele>
        <extensions>
          <distance>47686</distance>
        </extensions>
      </trkpt>
      <trkpt lat="46.02047" lon="7.27222">
        <ele>2169</ele>
        <extensions>
          <distance>47692</distance>
        </extensions>
      </trkpt>
      <trkpt lat="46.02042" lon="7.27224">
        <ele>2171</ele>
        <extensions>
          <distance>47699</distance>
        </extensions>
      </trkpt>
      <trkpt lat="46.02027" lon="7.27208">
        <ele>2175</ele>
        <extensions>
          <distance>47720</distance>
        </extensions>
      </trkpt>
      <trkpt lat="46.02015" lon="7.27206">
        <ele>2178</ele>
        <extensions>
          <distance>47734</distance>
        </extensions>
      </trkpt>
      <trkpt lat="46.02011" lon="7.27199">
        <ele>2180</ele>
        <extensions>
          <distance>47741</distance>
        </extensions>
      </trkpt>
      <trkpt lat="46.019965" lon="7.27196">
        <ele>2180</ele>
        <extensions>
          <distance>47757</distance>
        </extensions>
      </trkpt>
      <trkpt lat="46.01982" lon="7.27193">
        <ele>2180</ele>
        <extensions>
          <distance>47773</distance>
        </extensions>
      </trkpt>
      <trkpt lat="46.01973" lon="7.27184">
        <ele>2180</ele>
        <extensions>
          <distance>47785</distance>
        </extensions>
      </trkpt>
      <trkpt lat="46.01958" lon="7.27177">
        <ele>2177</ele>
        <extensions>
          <distance>47803</distance>
        </extensions>
      </trkpt>
      <trkpt lat="46.01946" lon="7.27163">
        <ele>2174</ele>
        <extensions>
          <distance>47820</distance>
        </extensions>
      </trkpt>
      <trkpt lat="46.01931" lon="7.27163">
        <ele>2171</ele>
        <extensions>
          <distance>47837</distance>
        </extensions>
      </trkpt>
      <trkpt lat="46.01928" lon="7.27166">
        <ele>2170</ele>
        <extensions>
          <distance>47841</distance>
        </extensions>
      </trkpt>
      <trkpt lat="46.01928" lon="7.27181">
        <ele>2166</ele>
        <extensions>
          <distance>47854</distance>
        </extensions>
      </trkpt>
      <trkpt lat="46.019155" lon="7.272">
        <ele>2166</ele>
        <extensions>
          <distance>47874</distance>
        </extensions>
      </trkpt>
      <trkpt lat="46.01903" lon="7.27219">
        <ele>2166</ele>
        <extensions>
          <distance>47894</distance>
        </extensions>
      </trkpt>
      <trkpt lat="46.01912" lon="7.27233">
        <ele>2165</ele>
        <extensions>
          <distance>47909</distance>
        </extensions>
      </trkpt>
      <trkpt lat="46.01918" lon="7.27259">
        <ele>2165</ele>
        <extensions>
          <distance>47930</distance>
        </extensions>
      </trkpt>
      <trkpt lat="46.01922" lon="7.27266">
        <ele>2165</ele>
        <extensions>
          <distance>47937</distance>
        </extensions>
      </trkpt>
      <trkpt lat="46.01925" lon="7.27281">
        <ele>2166</ele>
        <extensions>
          <distance>47949</distance>
        </extensions>
      </trkpt>
      <trkpt lat="46.01923" lon="7.27309">
        <ele>2166</ele>
        <extensions>
          <distance>47971</distance>
        </extensions>
      </trkpt>
      <trkpt lat="46.0193" lon="7.27318">
        <ele>2165</ele>
        <extensions>
          <distance>47981</distance>
        </extensions>
      </trkpt>
      <trkpt lat="46.01931" lon="7.27331">
        <ele>2165</ele>
        <extensions>
          <distance>47991</distance>
        </extensions>
      </trkpt>
      <trkpt lat="46.01931" lon="7.27341">
        <ele>2164</ele>
        <extensions>
          <distance>47999</distance>
        </extensions>
      </trkpt>
      <trkpt lat="46.01925" lon="7.27356">
        <ele>2163</ele>
        <extensions>
          <distance>48013</distance>
        </extensions>
      </trkpt>
      <trkpt lat="46.01915" lon="7.27361">
        <ele>2161</ele>
        <extensions>
          <distance>48024</distance>
        </extensions>
      </trkpt>
      <trkpt lat="46.01909" lon="7.27374">
        <ele>2159</ele>
        <extensions>
          <distance>48037</distance>
        </extensions>
      </trkpt>
      <trkpt lat="46.01916" lon="7.27393">
        <ele>2156</ele>
        <extensions>
          <distance>48054</distance>
        </extensions>
      </trkpt>
      <trkpt lat="46.01936" lon="7.27419">
        <ele>2156</ele>
        <extensions>
          <distance>48084</distance>
        </extensions>
      </trkpt>
      <trkpt lat="46.01938" lon="7.27445">
        <ele>2156</ele>
        <extensions>
          <distance>48104</distance>
        </extensions>
      </trkpt>
      <trkpt lat="46.01945" lon="7.27463">
        <ele>2156</ele>
        <extensions>
          <distance>48120</distance>
        </extensions>
      </trkpt>
      <trkpt lat="46.01941" lon="7.27486">
        <ele>2158</ele>
        <extensions>
          <distance>48138</distance>
        </extensions>
      </trkpt>
      <trkpt lat="46.01956" lon="7.27516">
        <ele>2163</ele>
        <extensions>
          <distance>48167</distance>
        </extensions>
      </trkpt>
      <trkpt lat="46.01967" lon="7.27548">
        <ele>2165.25</ele>
        <extensions>
          <distance>48195</distance>
        </extensions>
      </trkpt>
      <trkpt lat="46.0198125" lon="7.2757024999999995">
        <ele>2165.25</ele>
        <extensions>
          <distance>48218</distance>
        </extensions>
      </trkpt>
      <trkpt lat="46.019954999999996" lon="7.275925">
        <ele>2165.25</ele>
        <extensions>
          <distance>48241</distance>
        </extensions>
      </trkpt>
      <trkpt lat="46.0200975" lon="7.2761475">
        <ele>2165.25</ele>
        <extensions>
          <distance>48265</distance>
        </extensions>
      </trkpt>
      <trkpt lat="46.02024" lon="7.27637">
        <ele>2165.25</ele>
        <extensions>
          <distance>48288</distance>
        </extensions>
      </trkpt>
      <trkpt lat="46.02034" lon="7.2765">
        <ele>2165.25</ele>
        <extensions>
          <distance>48303</distance>
        </extensions>
      </trkpt>
      <trkpt lat="46.02053" lon="7.27661">
        <ele>2165.25</ele>
        <extensions>
          <distance>48326</distance>
        </extensions>
      </trkpt>
      <trkpt lat="46.02055" lon="7.27668">
        <ele>2167</ele>
        <extensions>
          <distance>48332</distance>
        </extensions>
      </trkpt>
      <trkpt lat="46.0206" lon="7.27672">
        <ele>2168</ele>
        <extensions>
          <distance>48338</distance>
        </extensions>
      </trkpt>
      <trkpt lat="46.02062" lon="7.27681">
        <ele>2170</ele>
        <extensions>
          <distance>48346</distance>
        </extensions>
      </trkpt>
      <trkpt lat="46.02071" lon="7.2769">
        <ele>2172</ele>
        <extensions>
          <distance>48358</distance>
        </extensions>
      </trkpt>
      <trkpt lat="46.02075" lon="7.27701">
        <ele>2172</ele>
        <extensions>
          <distance>48368</distance>
        </extensions>
      </trkpt>
      <trkpt lat="46.02085" lon="7.27704">
        <ele>2172</ele>
        <extensions>
          <distance>48379</distance>
        </extensions>
      </trkpt>
      <trkpt lat="46.02091" lon="7.27711">
        <ele>2172</ele>
        <extensions>
          <distance>48388</distance>
        </extensions>
      </trkpt>
      <trkpt lat="46.02098" lon="7.27726">
        <ele>2172</ele>
        <extensions>
          <distance>48402</distance>
        </extensions>
      </trkpt>
      <trkpt lat="46.02099" lon="7.27735">
        <ele>2171</ele>
        <extensions>
          <distance>48409</distance>
        </extensions>
      </trkpt>
      <trkpt lat="46.02116" lon="7.27765">
        <ele>2169</ele>
        <extensions>
          <distance>48439</distance>
        </extensions>
      </trkpt>
      <trkpt lat="46.02128" lon="7.27789">
        <ele>2166</ele>
        <extensions>
          <distance>48462</distance>
        </extensions>
      </trkpt>
      <trkpt lat="46.02131" lon="7.27815">
        <ele>2164</ele>
        <extensions>
          <distance>48482</distance>
        </extensions>
      </trkpt>
      <trkpt lat="46.02134" lon="7.27827">
        <ele>2164</ele>
        <extensions>
          <distance>48492</distance>
        </extensions>
      </trkpt>
      <trkpt lat="46.02141" lon="7.27847">
        <ele>2163</ele>
        <extensions>
          <distance>48509</distance>
        </extensions>
      </trkpt>
      <trkpt lat="46.02158" lon="7.27864">
        <ele>2162</ele>
        <extensions>
          <distance>48532</distance>
        </extensions>
      </trkpt>
      <trkpt lat="46.02162" lon="7.27884">
        <ele>2162</ele>
        <extensions>
          <distance>48548</distance>
        </extensions>
      </trkpt>
      <trkpt lat="46.0218" lon="7.27911">
        <ele>2162</ele>
        <extensions>
          <distance>48577</distance>
        </extensions>
      </trkpt>
      <trkpt lat="46.02183" lon="7.27923">
        <ele>2161</ele>
        <extensions>
          <distance>48587</distance>
        </extensions>
      </trkpt>
      <trkpt lat="46.02191" lon="7.27946">
        <ele>2161</ele>
        <extensions>
          <distance>48607</distance>
        </extensions>
      </trkpt>
      <trkpt lat="46.02192" lon="7.27969">
        <ele>2161</ele>
        <extensions>
          <distance>48625</distance>
        </extensions>
      </trkpt>
      <trkpt lat="46.02197" lon="7.27978">
        <ele>2163</ele>
        <extensions>
          <distance>48634</distance>
        </extensions>
      </trkpt>
      <trkpt lat="46.02193" lon="7.28003">
        <ele>2165</ele>
        <extensions>
          <distance>48654</distance>
        </extensions>
      </trkpt>
      <trkpt lat="46.02188" lon="7.28012">
        <ele>2167</ele>
        <extensions>
          <distance>48663</distance>
        </extensions>
      </trkpt>
      <trkpt lat="46.02189" lon="7.28018">
        <ele>2167</ele>
        <extensions>
          <distance>48668</distance>
        </extensions>
      </trkpt>
      <trkpt lat="46.02202" lon="7.28034">
        <ele>2167</ele>
        <extensions>
          <distance>48687</distance>
        </extensions>
      </trkpt>
      <trkpt lat="46.022075" lon="7.28052">
        <ele>2167</ele>
        <extensions>
          <distance>48702</distance>
        </extensions>
      </trkpt>
      <trkpt lat="46.02213" lon="7.2807">
        <ele>2166</ele>
        <extensions>
          <distance>48717</distance>
        </extensions>
      </trkpt>
      <trkpt lat="46.022155" lon="7.28099">
        <ele>2163</ele>
        <extensions>
          <distance>48740</distance>
        </extensions>
      </trkpt>
      <trkpt lat="46.02218" lon="7.28128">
        <ele>2160</ele>
        <extensions>
          <distance>48763</distance>
        </extensions>
      </trkpt>
      <trkpt lat="46.02217" lon="7.28151">
        <ele>2158</ele>
        <extensions>
          <distance>48780</distance>
        </extensions>
      </trkpt>
      <trkpt lat="46.02213" lon="7.28162">
        <ele>2158</ele>
        <extensions>
          <distance>48790</distance>
        </extensions>
      </trkpt>
      <trkpt lat="46.02213" lon="7.28199">
        <ele>2158</ele>
        <extensions>
          <distance>48819</distance>
        </extensions>
      </trkpt>
      <trkpt lat="46.0222" lon="7.28211">
        <ele>2158</ele>
        <extensions>
          <distance>48831</distance>
        </extensions>
      </trkpt>
      <trkpt lat="46.02222" lon="7.28225">
        <ele>2157</ele>
        <extensions>
          <distance>48842</distance>
        </extensions>
      </trkpt>
      <trkpt lat="46.02229" lon="7.2823">
        <ele>2156</ele>
        <extensions>
          <distance>48851</distance>
        </extensions>
      </trkpt>
      <trkpt lat="46.02228" lon="7.28234">
        <ele>2155</ele>
        <extensions>
          <distance>48854</distance>
        </extensions>
      </trkpt>
      <trkpt lat="46.02232" lon="7.2824">
        <ele>2154</ele>
        <extensions>
          <distance>48861</distance>
        </extensions>
      </trkpt>
      <trkpt lat="46.02236" lon="7.28269">
        <ele>2152</ele>
        <extensions>
          <distance>48883</distance>
        </extensions>
      </trkpt>
      <trkpt lat="46.02246" lon="7.28283">
        <ele>2151</ele>
        <extensions>
          <distance>48899</distance>
        </extensions>
      </trkpt>
      <trkpt lat="46.0224" lon="7.28299">
        <ele>2149</ele>
        <extensions>
          <distance>48913</distance>
        </extensions>
      </trkpt>
      <trkpt lat="46.022175" lon="7.2831">
        <ele>2147.5</ele>
        <extensions>
          <distance>48940</distance>
        </extensions>
      </trkpt>
      <trkpt lat="46.02195" lon="7.28321">
        <ele>2147.5</ele>
        <extensions>
          <distance>48966</distance>
        </extensions>
      </trkpt>
      <trkpt lat="46.02193" lon="7.28333">
        <ele>2147.5</ele>
        <extensions>
          <distance>48976</distance>
        </extensions>
      </trkpt>
      <trkpt lat="46.02193" lon="7.28341">
        <ele>2147.5</ele>
        <extensions>
          <distance>48982</distance>
        </extensions>
      </trkpt>
      <trkpt lat="46.02182" lon="7.28352">
        <ele>2148</ele>
        <extensions>
          <distance>48997</distance>
        </extensions>
      </trkpt>
      <trkpt lat="46.02171" lon="7.2835">
        <ele>2148</ele>
        <extensions>
          <distance>49009</distance>
        </extensions>
      </trkpt>
      <trkpt lat="46.02162" lon="7.28356">
        <ele>2149</ele>
        <extensions>
          <distance>49020</distance>
        </extensions>
      </trkpt>
      <trkpt lat="46.02156" lon="7.28369">
        <ele>2149</ele>
        <extensions>
          <distance>49032</distance>
        </extensions>
      </trkpt>
      <trkpt lat="46.02153" lon="7.28385">
        <ele>2149</ele>
        <extensions>
          <distance>49045</distance>
        </extensions>
      </trkpt>
      <trkpt lat="46.02138" lon="7.284">
        <ele>2149</ele>
        <extensions>
          <distance>49065</distance>
        </extensions>
      </trkpt>
      <trkpt lat="46.02129" lon="7.28397">
        <ele>2150</ele>
        <extensions>
          <distance>49076</distance>
        </extensions>
      </trkpt>
      <trkpt lat="46.02119" lon="7.28422">
        <ele>2150</ele>
        <extensions>
          <distance>49098</distance>
        </extensions>
      </trkpt>
      <trkpt lat="46.02101" lon="7.284395">
        <ele>2151.5</ele>
        <extensions>
          <distance>49122</distance>
        </extensions>
      </trkpt>
      <trkpt lat="46.02083" lon="7.28457">
        <ele>2153</ele>
        <extensions>
          <distance>49146</distance>
        </extensions>
      </trkpt>
      <trkpt lat="46.02075" lon="7.2848">
        <ele>2154</ele>
        <extensions>
          <distance>49166</distance>
        </extensions>
      </trkpt>
      <trkpt lat="46.02065" lon="7.2849">
        <ele>2155</ele>
        <extensions>
          <distance>49180</distance>
        </extensions>
      </trkpt>
      <trkpt lat="46.02054" lon="7.28494">
        <ele>2155</ele>
        <extensions>
          <distance>49193</distance>
        </extensions>
      </trkpt>
      <trkpt lat="46.02046" lon="7.28503">
        <ele>2154</ele>
        <extensions>
          <distance>49204</distance>
        </extensions>
      </trkpt>
      <trkpt lat="46.02036" lon="7.28508">
        <ele>2154</ele>
        <extensions>
          <distance>49216</distance>
        </extensions>
      </trkpt>
      <trkpt lat="46.02025999999999" lon="7.28527">
        <ele>2152</ele>
        <extensions>
          <distance>49234</distance>
        </extensions>
      </trkpt>
      <trkpt lat="46.02016" lon="7.28546">
        <ele>2149</ele>
        <extensions>
          <distance>49253</distance>
        </extensions>
      </trkpt>
      <trkpt lat="46.02007" lon="7.28554">
        <ele>2148</ele>
        <extensions>
          <distance>49265</distance>
        </extensions>
      </trkpt>
      <trkpt lat="46.01999" lon="7.28573">
        <ele>2146.5</ele>
        <extensions>
          <distance>49282</distance>
        </extensions>
      </trkpt>
      <trkpt lat="46.01991" lon="7.28592">
        <ele>2145</ele>
        <extensions>
          <distance>49299</distance>
        </extensions>
      </trkpt>
      <trkpt lat="46.01971" lon="7.28616">
        <ele>2145</ele>
        <extensions>
          <distance>49328</distance>
        </extensions>
      </trkpt>
      <trkpt lat="46.01959" lon="7.28639">
        <ele>2145</ele>
        <extensions>
          <distance>49350</distance>
        </extensions>
      </trkpt>
      <trkpt lat="46.01953" lon="7.28645">
        <ele>2144</ele>
        <extensions>
          <distance>49359</distance>
        </extensions>
      </trkpt>
      <trkpt lat="46.01943" lon="7.28678">
        <ele>2142</ele>
        <extensions>
          <distance>49386</distance>
        </extensions>
      </trkpt>
      <trkpt lat="46.01924" lon="7.28691">
        <ele>2138</ele>
        <extensions>
          <distance>49410</distance>
        </extensions>
      </trkpt>
      <trkpt lat="46.01918" lon="7.28691">
        <ele>2138</ele>
        <extensions>
          <distance>49417</distance>
        </extensions>
      </trkpt>
      <trkpt lat="46.01913" lon="7.28698">
        <ele>2137</ele>
        <extensions>
          <distance>49425</distance>
        </extensions>
      </trkpt>
      <trkpt lat="46.01901" lon="7.28708">
        <ele>2135</ele>
        <extensions>
          <distance>49440</distance>
        </extensions>
      </trkpt>
      <trkpt lat="46.018969999999996" lon="7.287295">
        <ele>2135</ele>
        <extensions>
          <distance>49457</distance>
        </extensions>
      </trkpt>
      <trkpt lat="46.01893" lon="7.28751">
        <ele>2134</ele>
        <extensions>
          <distance>49475</distance>
        </extensions>
      </trkpt>
      <trkpt lat="46.01888" lon="7.28761">
        <ele>2132</ele>
        <extensions>
          <distance>49484</distance>
        </extensions>
      </trkpt>
      <trkpt lat="46.01878" lon="7.28771">
        <ele>2132</ele>
        <extensions>
          <distance>49498</distance>
        </extensions>
      </trkpt>
      <trkpt lat="46.01883" lon="7.28766">
        <ele>2132</ele>
        <extensions>
          <distance>49505</distance>
        </extensions>
      </trkpt>
      <trkpt lat="46.01881" lon="7.2877">
        <ele>2132</ele>
        <extensions>
          <distance>49508</distance>
        </extensions>
      </trkpt>
      <trkpt lat="46.0187" lon="7.28772">
        <ele>2131</ele>
        <extensions>
          <distance>49521</distance>
        </extensions>
      </trkpt>
      <trkpt lat="46.01861" lon="7.28783">
        <ele>2130</ele>
        <extensions>
          <distance>49534</distance>
        </extensions>
      </trkpt>
      <trkpt lat="46.01853" lon="7.28798">
        <ele>2130</ele>
        <extensions>
          <distance>49548</distance>
        </extensions>
      </trkpt>
      <trkpt lat="46.01841" lon="7.28806">
        <ele>2130</ele>
        <extensions>
          <distance>49563</distance>
        </extensions>
      </trkpt>
      <trkpt lat="46.01837" lon="7.28815">
        <ele>2130</ele>
        <extensions>
          <distance>49571</distance>
        </extensions>
      </trkpt>
      <trkpt lat="46.01829" lon="7.28821">
        <ele>2131</ele>
        <extensions>
          <distance>49581</distance>
        </extensions>
      </trkpt>
      <trkpt lat="46.01813" lon="7.28836">
        <ele>2134</ele>
        <extensions>
          <distance>49603</distance>
        </extensions>
      </trkpt>
      <trkpt lat="46.017955" lon="7.288405">
        <ele>2135.5</ele>
        <extensions>
          <distance>49623</distance>
        </extensions>
      </trkpt>
      <trkpt lat="46.01778" lon="7.28845">
        <ele>2137</ele>
        <extensions>
          <distance>49642</distance>
        </extensions>
      </trkpt>
      <trkpt lat="46.01765" lon="7.28864">
        <ele>2138</ele>
        <extensions>
          <distance>49663</distance>
        </extensions>
      </trkpt>
      <trkpt lat="46.017505" lon="7.2887450000000005">
        <ele>2140</ele>
        <extensions>
          <distance>49681</distance>
        </extensions>
      </trkpt>
      <trkpt lat="46.01736" lon="7.28885">
        <ele>2142</ele>
        <extensions>
          <distance>49699</distance>
        </extensions>
      </trkpt>
      <trkpt lat="46.01721499999999" lon="7.288955">
        <ele>2144</ele>
        <extensions>
          <distance>49717</distance>
        </extensions>
      </trkpt>
      <trkpt lat="46.01707" lon="7.28906">
        <ele>2146</ele>
        <extensions>
          <distance>49736</distance>
        </extensions>
      </trkpt>
      <trkpt lat="46.01694" lon="7.28911">
        <ele>2148</ele>
        <extensions>
          <distance>49751</distance>
        </extensions>
      </trkpt>
      <trkpt lat="46.01681" lon="7.28923">
        <ele>2150</ele>
        <extensions>
          <distance>49768</distance>
        </extensions>
      </trkpt>
      <trkpt lat="46.01668" lon="7.28935">
        <ele>2152</ele>
        <extensions>
          <distance>49785</distance>
        </extensions>
      </trkpt>
      <trkpt lat="46.01658" lon="7.28929">
        <ele>2154</ele>
        <extensions>
          <distance>49797</distance>
        </extensions>
      </trkpt>
      <trkpt lat="46.01644" lon="7.28934">
        <ele>2160</ele>
        <extensions>
          <distance>49815</distance>
        </extensions>
      </trkpt>
      <trkpt lat="46.01636" lon="7.28941">
        <ele>2162</ele>
        <extensions>
          <distance>49825</distance>
        </extensions>
      </trkpt>
      <trkpt lat="46.01624" lon="7.28954">
        <ele>2164</ele>
        <extensions>
          <distance>49842</distance>
        </extensions>
      </trkpt>
      <trkpt lat="46.01618" lon="7.28954">
        <ele>2166</ele>
        <extensions>
          <distance>49849</distance>
        </extensions>
      </trkpt>
      <trkpt lat="46.01605" lon="7.28963">
        <ele>2168</ele>
        <extensions>
          <distance>49865</distance>
        </extensions>
      </trkpt>
      <trkpt lat="46.01592" lon="7.28972">
        <ele>2170</ele>
        <extensions>
          <distance>49881</distance>
        </extensions>
      </trkpt>
      <trkpt lat="46.015785" lon="7.289759999999999">
        <ele>2172</ele>
        <extensions>
          <distance>49897</distance>
        </extensions>
      </trkpt>
      <trkpt lat="46.01565" lon="7.2898">
        <ele>2174</ele>
        <extensions>
          <distance>49912</distance>
        </extensions>
      </trkpt>
      <trkpt lat="46.01556" lon="7.28987">
        <ele>2176</ele>
        <extensions>
          <distance>49924</distance>
        </extensions>
      </trkpt>
      <trkpt lat="46.01547" lon="7.28986">
        <ele>2178</ele>
        <extensions>
          <distance>49934</distance>
        </extensions>
      </trkpt>
      <trkpt lat="46.01547" lon="7.28993">
        <ele>2180</ele>
        <extensions>
          <distance>49940</distance>
        </extensions>
      </trkpt>
      <trkpt lat="46.01538" lon="7.28991">
        <ele>2183</ele>
        <extensions>
          <distance>49950</distance>
        </extensions>
      </trkpt>
      <trkpt lat="46.01515" lon="7.28989">
        <ele>2190</ele>
        <extensions>
          <distance>49977</distance>
        </extensions>
      </trkpt>
      <trkpt lat="46.0151" lon="7.28985">
        <ele>2192</ele>
        <extensions>
          <distance>49983</distance>
        </extensions>
      </trkpt>
      <trkpt lat="46.01512" lon="7.28993">
        <ele>2193</ele>
        <extensions>
          <distance>49990</distance>
        </extensions>
      </trkpt>
      <trkpt lat="46.01496" lon="7.2898">
        <ele>2206</ele>
        <extensions>
          <distance>50014</distance>
        </extensions>
      </trkpt>
      <trkpt lat="46.01488" lon="7.28975">
        <ele>2209</ele>
        <extensions>
          <distance>50024</distance>
        </extensions>
      </trkpt>
      <trkpt lat="46.01486" lon="7.28982">
        <ele>2212</ele>
        <extensions>
          <distance>50031</distance>
        </extensions>
      </trkpt>
      <trkpt lat="46.01481" lon="7.28972">
        <ele>2212</ele>
        <extensions>
          <distance>50040</distance>
        </extensions>
      </trkpt>
      <trkpt lat="46.01473" lon="7.28967">
        <ele>2214</ele>
        <extensions>
          <distance>50050</distance>
        </extensions>
      </trkpt>
      <trkpt lat="46.01471" lon="7.28985">
        <ele>2216</ele>
        <extensions>
          <distance>50065</distance>
        </extensions>
      </trkpt>
      <trkpt lat="46.01456" lon="7.28966">
        <ele>2223</ele>
        <extensions>
          <distance>50088</distance>
        </extensions>
      </trkpt>
      <trkpt lat="46.01455" lon="7.28988">
        <ele>2228</ele>
        <extensions>
          <distance>50106</distance>
        </extensions>
      </trkpt>
      <trkpt lat="46.01447" lon="7.28979">
        <ele>2231</ele>
        <extensions>
          <distance>50117</distance>
        </extensions>
      </trkpt>
      <trkpt lat="46.01445" lon="7.28993">
        <ele>2235</ele>
        <extensions>
          <distance>50129</distance>
        </extensions>
      </trkpt>
      <trkpt lat="46.0144" lon="7.28984">
        <ele>2237</ele>
        <extensions>
          <distance>50138</distance>
        </extensions>
      </trkpt>
      <trkpt lat="46.01439" lon="7.28989">
        <ele>2239</ele>
        <extensions>
          <distance>50143</distance>
        </extensions>
      </trkpt>
      <trkpt lat="46.01432" lon="7.28983">
        <ele>2241</ele>
        <extensions>
          <distance>50152</distance>
        </extensions>
      </trkpt>
      <trkpt lat="46.01429" lon="7.28975">
        <ele>2244</ele>
        <extensions>
          <distance>50159</distance>
        </extensions>
      </trkpt>
      <trkpt lat="46.01425" lon="7.28986">
        <ele>2246</ele>
        <extensions>
          <distance>50169</distance>
        </extensions>
      </trkpt>
      <trkpt lat="46.01425" lon="7.2898">
        <ele>2248</ele>
        <extensions>
          <distance>50174</distance>
        </extensions>
      </trkpt>
      <trkpt lat="46.01415" lon="7.28967">
        <ele>2252</ele>
        <extensions>
          <distance>50190</distance>
        </extensions>
      </trkpt>
      <trkpt lat="46.01412" lon="7.28977">
        <ele>2257</ele>
        <extensions>
          <distance>50200</distance>
        </extensions>
      </trkpt>
      <trkpt lat="46.01403" lon="7.28961">
        <ele>2262</ele>
        <extensions>
          <distance>50216</distance>
        </extensions>
      </trkpt>
      <trkpt lat="46.01402" lon="7.28968">
        <ele>2263</ele>
        <extensions>
          <distance>50222</distance>
        </extensions>
      </trkpt>
      <trkpt lat="46.0139" lon="7.28935">
        <ele>2272</ele>
        <extensions>
          <distance>50252</distance>
        </extensions>
      </trkpt>
      <trkpt lat="46.01387" lon="7.28944">
        <ele>2274</ele>
        <extensions>
          <distance>50260</distance>
        </extensions>
      </trkpt>
      <trkpt lat="46.01387" lon="7.28932">
        <ele>2276</ele>
        <extensions>
          <distance>50270</distance>
        </extensions>
      </trkpt>
      <trkpt lat="46.01381" lon="7.28935">
        <ele>2279</ele>
        <extensions>
          <distance>50277</distance>
        </extensions>
      </trkpt>
      <trkpt lat="46.01375" lon="7.28931">
        <ele>2282</ele>
        <extensions>
          <distance>50285</distance>
        </extensions>
      </trkpt>
      <trkpt lat="46.01381" lon="7.28925">
        <ele>2284</ele>
        <extensions>
          <distance>50293</distance>
        </extensions>
      </trkpt>
      <trkpt lat="46.013665" lon="7.28914">
        <ele>2287.5</ele>
        <extensions>
          <distance>50312</distance>
        </extensions>
      </trkpt>
      <trkpt lat="46.01352" lon="7.28903">
        <ele>2291</ele>
        <extensions>
          <distance>50331</distance>
        </extensions>
      </trkpt>
      <trkpt lat="46.01343" lon="7.28902">
        <ele>2292</ele>
        <extensions>
          <distance>50341</distance>
        </extensions>
      </trkpt>
      <trkpt lat="46.01325" lon="7.28902">
        <ele>2296</ele>
        <extensions>
          <distance>50361</distance>
        </extensions>
      </trkpt>
      <trkpt lat="46.01318" lon="7.28894">
        <ele>2297</ele>
        <extensions>
          <distance>50371</distance>
        </extensions>
      </trkpt>
      <trkpt lat="46.01309" lon="7.28893">
        <ele>2298</ele>
        <extensions>
          <distance>50381</distance>
        </extensions>
      </trkpt>
      <trkpt lat="46.01295" lon="7.28899">
        <ele>2299</ele>
        <extensions>
          <distance>50397</distance>
        </extensions>
      </trkpt>
      <trkpt lat="46.01277" lon="7.28898">
        <ele>2302</ele>
        <extensions>
          <distance>50418</distance>
        </extensions>
      </trkpt>
      <trkpt lat="46.01266" lon="7.28889">
        <ele>2304</ele>
        <extensions>
          <distance>50432</distance>
        </extensions>
      </trkpt>
      <trkpt lat="46.01247" lon="7.28882">
        <ele>2304</ele>
        <extensions>
          <distance>50454</distance>
        </extensions>
      </trkpt>
      <trkpt lat="46.01229" lon="7.28886">
        <ele>2304</ele>
        <extensions>
          <distance>50474</distance>
        </extensions>
      </trkpt>
      <trkpt lat="46.01221" lon="7.28889">
        <ele>2304</ele>
        <extensions>
          <distance>50483</distance>
        </extensions>
      </trkpt>
      <trkpt lat="46.01213" lon="7.2889">
        <ele>2304</ele>
        <extensions>
          <distance>50492</distance>
        </extensions>
      </trkpt>
      <trkpt lat="46.01204" lon="7.2889">
        <ele>2303</ele>
        <extensions>
          <distance>50502</distance>
        </extensions>
      </trkpt>
      <trkpt lat="46.01186" lon="7.28888">
        <ele>2303</ele>
        <extensions>
          <distance>50522</distance>
        </extensions>
      </trkpt>
      <trkpt lat="46.01169" lon="7.28889">
        <ele>2303</ele>
        <extensions>
          <distance>50541</distance>
        </extensions>
      </trkpt>
      <trkpt lat="46.01156" lon="7.28892">
        <ele>2303</ele>
        <extensions>
          <distance>50556</distance>
        </extensions>
      </trkpt>
      <trkpt lat="46.01143" lon="7.28902">
        <ele>2305</ele>
        <extensions>
          <distance>50572</distance>
        </extensions>
      </trkpt>
      <trkpt lat="46.011305" lon="7.288945">
        <ele>2312</ele>
        <extensions>
          <distance>50589</distance>
        </extensions>
      </trkpt>
      <trkpt lat="46.01118" lon="7.28887">
        <ele>2313</ele>
        <extensions>
          <distance>50604</distance>
        </extensions>
      </trkpt>
      <trkpt lat="46.0111" lon="7.28881">
        <ele>2313</ele>
        <extensions>
          <distance>50614</distance>
        </extensions>
      </trkpt>
      <trkpt lat="46.010965" lon="7.288795">
        <ele>2313</ele>
        <extensions>
          <distance>50629</distance>
        </extensions>
      </trkpt>
      <trkpt lat="46.01083" lon="7.28878">
        <ele>2313</ele>
        <extensions>
          <distance>50644</distance>
        </extensions>
      </trkpt>
      <trkpt lat="46.01075" lon="7.28878">
        <ele>2314</ele>
        <extensions>
          <distance>50653</distance>
        </extensions>
      </trkpt>
      <trkpt lat="46.01059" lon="7.28866">
        <ele>2314</ele>
        <extensions>
          <distance>50673</distance>
        </extensions>
      </trkpt>
      <trkpt lat="46.01041" lon="7.2886">
        <ele>2314</ele>
        <extensions>
          <distance>50693</distance>
        </extensions>
      </trkpt>
      <trkpt lat="46.01032" lon="7.28851">
        <ele>2314</ele>
        <extensions>
          <distance>50705</distance>
        </extensions>
      </trkpt>
      <trkpt lat="46.01021" lon="7.28849">
        <ele>2316</ele>
        <extensions>
          <distance>50718</distance>
        </extensions>
      </trkpt>
      <trkpt lat="46.01015" lon="7.28839">
        <ele>2316</ele>
        <extensions>
          <distance>50728</distance>
        </extensions>
      </trkpt>
      <trkpt lat="46.01006" lon="7.2884">
        <ele>2316</ele>
        <extensions>
          <distance>50738</distance>
        </extensions>
      </trkpt>
      <trkpt lat="46.00986" lon="7.28833">
        <ele>2317</ele>
        <extensions>
          <distance>50761</distance>
        </extensions>
      </trkpt>
      <trkpt lat="46.00974" lon="7.28834">
        <ele>2318</ele>
        <extensions>
          <distance>50774</distance>
        </extensions>
      </trkpt>
      <trkpt lat="46.00959" lon="7.28846">
        <ele>2318</ele>
        <extensions>
          <distance>50793</distance>
        </extensions>
      </trkpt>
      <trkpt lat="46.00947" lon="7.28844">
        <ele>2318</ele>
        <extensions>
          <distance>50807</distance>
        </extensions>
      </trkpt>
      <trkpt lat="46.00943" lon="7.28848">
        <ele>2319</ele>
        <extensions>
          <distance>50812</distance>
        </extensions>
      </trkpt>
      <trkpt lat="46.00932" lon="7.28841">
        <ele>2319</ele>
        <extensions>
          <distance>50826</distance>
        </extensions>
      </trkpt>
      <trkpt lat="46.0092" lon="7.28841">
        <ele>2320</ele>
        <extensions>
          <distance>50839</distance>
        </extensions>
      </trkpt>
      <trkpt lat="46.00908" lon="7.28832">
        <ele>2321</ele>
        <extensions>
          <distance>50854</distance>
        </extensions>
      </trkpt>
      <trkpt lat="46.00897" lon="7.28834">
        <ele>2323</ele>
        <extensions>
          <distance>50867</distance>
        </extensions>
      </trkpt>
      <trkpt lat="46.008835" lon="7.288304999999999">
        <ele>2323</ele>
        <extensions>
          <distance>50882</distance>
        </extensions>
      </trkpt>
      <trkpt lat="46.0087" lon="7.28827">
        <ele>2324</ele>
        <extensions>
          <distance>50897</distance>
        </extensions>
      </trkpt>
      <trkpt lat="46.008565" lon="7.288195">
        <ele>2326</ele>
        <extensions>
          <distance>50913</distance>
        </extensions>
      </trkpt>
      <trkpt lat="46.00843" lon="7.28812">
        <ele>2333</ele>
        <extensions>
          <distance>50931</distance>
        </extensions>
      </trkpt>
      <trkpt lat="46.008275" lon="7.2881350000000005">
        <ele>2333.5</ele>
        <extensions>
          <distance>50948</distance>
        </extensions>
      </trkpt>
      <trkpt lat="46.00812" lon="7.28815">
        <ele>2334</ele>
        <extensions>
          <distance>50965</distance>
        </extensions>
      </trkpt>
      <trkpt lat="46.00789" lon="7.288005">
        <ele>2337.5</ele>
        <extensions>
          <distance>50993</distance>
        </extensions>
      </trkpt>
      <trkpt lat="46.00766" lon="7.28786">
        <ele>2341</ele>
        <extensions>
          <distance>51022</distance>
        </extensions>
      </trkpt>
      <trkpt lat="46.00757" lon="7.28786">
        <ele>2343</ele>
        <extensions>
          <distance>51032</distance>
        </extensions>
      </trkpt>
      <trkpt lat="46.00746" lon="7.28779">
        <ele>2343</ele>
        <extensions>
          <distance>51045</distance>
        </extensions>
      </trkpt>
      <trkpt lat="46.00738" lon="7.28786">
        <ele>2343</ele>
        <extensions>
          <distance>51055</distance>
        </extensions>
      </trkpt>
      <trkpt lat="46.0074" lon="7.28792">
        <ele>2343</ele>
        <extensions>
          <distance>51061</distance>
        </extensions>
      </trkpt>
      <trkpt lat="46.00735" lon="7.28799">
        <ele>2344</ele>
        <extensions>
          <distance>51068</distance>
        </extensions>
      </trkpt>
      <trkpt lat="46.00728" lon="7.28801">
        <ele>2344</ele>
        <extensions>
          <distance>51076</distance>
        </extensions>
      </trkpt>
      <trkpt lat="46.00725" lon="7.28821">
        <ele>2344</ele>
        <extensions>
          <distance>51092</distance>
        </extensions>
      </trkpt>
      <trkpt lat="46.00715" lon="7.28822">
        <ele>2344</ele>
        <extensions>
          <distance>51103</distance>
        </extensions>
      </trkpt>
      <trkpt lat="46.007" lon="7.28808">
        <ele>2347</ele>
        <extensions>
          <distance>51123</distance>
        </extensions>
      </trkpt>
      <trkpt lat="46.00694" lon="7.28808">
        <ele>2347</ele>
        <extensions>
          <distance>51130</distance>
        </extensions>
      </trkpt>
      <trkpt lat="46.00689" lon="7.28822">
        <ele>2347</ele>
        <extensions>
          <distance>51142</distance>
        </extensions>
      </trkpt>
      <trkpt lat="46.00685" lon="7.28825">
        <ele>2347</ele>
        <extensions>
          <distance>51147</distance>
        </extensions>
      </trkpt>
      <trkpt lat="46.00685" lon="7.28854">
        <ele>2348</ele>
        <extensions>
          <distance>51170</distance>
        </extensions>
      </trkpt>
      <trkpt lat="46.00682" lon="7.28859">
        <ele>2349</ele>
        <extensions>
          <distance>51175</distance>
        </extensions>
      </trkpt>
      <trkpt lat="46.00674" lon="7.28861">
        <ele>2351</ele>
        <extensions>
          <distance>51184</distance>
        </extensions>
      </trkpt>
      <trkpt lat="46.00672" lon="7.28868">
        <ele>2353</ele>
        <extensions>
          <distance>51190</distance>
        </extensions>
      </trkpt>
      <trkpt lat="46.00662" lon="7.28867">
        <ele>2355</ele>
        <extensions>
          <distance>51201</distance>
        </extensions>
      </trkpt>
      <trkpt lat="46.00657" lon="7.28861">
        <ele>2357</ele>
        <extensions>
          <distance>51209</distance>
        </extensions>
      </trkpt>
      <trkpt lat="46.00654" lon="7.28865">
        <ele>2357</ele>
        <extensions>
          <distance>51213</distance>
        </extensions>
      </trkpt>
      <trkpt lat="46.00641" lon="7.288565">
        <ele>2357.5</ele>
        <extensions>
          <distance>51229</distance>
        </extensions>
      </trkpt>
      <trkpt lat="46.00628" lon="7.28848">
        <ele>2357.625</ele>
        <extensions>
          <distance>51245</distance>
        </extensions>
      </trkpt>
      <trkpt lat="46.00617375" lon="7.28875">
        <ele>2358</ele>
        <extensions>
          <distance>51269</distance>
        </extensions>
      </trkpt>
      <trkpt lat="46.0060675" lon="7.28902">
        <ele>2358.25</ele>
        <extensions>
          <distance>51293</distance>
        </extensions>
      </trkpt>
      <trkpt lat="46.00596125" lon="7.289289999999999">
        <ele>2358.875</ele>
        <extensions>
          <distance>51317</distance>
        </extensions>
      </trkpt>
      <trkpt lat="46.005855" lon="7.28956">
        <ele>2359.5</ele>
        <extensions>
          <distance>51341</distance>
        </extensions>
      </trkpt>
      <trkpt lat="46.005748749999995" lon="7.28983">
        <ele>2360.125</ele>
        <extensions>
          <distance>51365</distance>
        </extensions>
      </trkpt>
      <trkpt lat="46.00564249999999" lon="7.2901">
        <ele>2360.75</ele>
        <extensions>
          <distance>51389</distance>
        </extensions>
      </trkpt>
      <trkpt lat="46.00553624999999" lon="7.290369999999999">
        <ele>2361.375</ele>
        <extensions>
          <distance>51413</distance>
        </extensions>
      </trkpt>
      <trkpt lat="46.00543" lon="7.29064">
        <ele>2362</ele>
        <extensions>
          <distance>51437</distance>
        </extensions>
      </trkpt>
      <trkpt lat="46.00551" lon="7.29082">
        <ele>2371</ele>
        <extensions>
          <distance>51455</distance>
        </extensions>
      </trkpt>
      <trkpt lat="46.00554" lon="7.29094">
        <ele>2378</ele>
        <extensions>
          <distance>51467</distance>
        </extensions>
      </trkpt>
      <trkpt lat="46.00558" lon="7.2912">
        <ele>2380</ele>
        <extensions>
          <distance>51488</distance>
        </extensions>
      </trkpt>
      <trkpt lat="46.00568" lon="7.29154">
        <ele>2380</ele>
        <extensions>
          <distance>51516</distance>
        </extensions>
      </trkpt>
      <trkpt lat="46.00566" lon="7.29162">
        <ele>2380</ele>
        <extensions>
          <distance>51523</distance>
        </extensions>
      </trkpt>
      <trkpt lat="46.00569" lon="7.29175">
        <ele>2379</ele>
        <extensions>
          <distance>51533</distance>
        </extensions>
      </trkpt>
      <trkpt lat="46.005855" lon="7.291965">
        <ele>2379</ele>
        <extensions>
          <distance>51558</distance>
        </extensions>
      </trkpt>
      <trkpt lat="46.00602" lon="7.29218">
        <ele>2379</ele>
        <extensions>
          <distance>51583</distance>
        </extensions>
      </trkpt>
      <trkpt lat="46.00609" lon="7.29226">
        <ele>2379</ele>
        <extensions>
          <distance>51593</distance>
        </extensions>
      </trkpt>
      <trkpt lat="46.00621" lon="7.29237">
        <ele>2379</ele>
        <extensions>
          <distance>51609</distance>
        </extensions>
      </trkpt>
      <trkpt lat="46.00633" lon="7.29256">
        <ele>2379</ele>
        <extensions>
          <distance>51628</distance>
        </extensions>
      </trkpt>
      <trkpt lat="46.0064" lon="7.29269">
        <ele>2379</ele>
        <extensions>
          <distance>51641</distance>
        </extensions>
      </trkpt>
      <trkpt lat="46.00646" lon="7.29283">
        <ele>2382</ele>
        <extensions>
          <distance>51654</distance>
        </extensions>
      </trkpt>
      <trkpt lat="46.00641" lon="7.2928">
        <ele>2383</ele>
        <extensions>
          <distance>51660</distance>
        </extensions>
      </trkpt>
      <trkpt lat="46.0064625" lon="7.29306">
        <ele>2390</ele>
        <extensions>
          <distance>51682</distance>
        </extensions>
      </trkpt>
      <trkpt lat="46.006515" lon="7.29332">
        <ele>2395</ele>
        <extensions>
          <distance>51704</distance>
        </extensions>
      </trkpt>
      <trkpt lat="46.0065675" lon="7.29358">
        <ele>2399</ele>
        <extensions>
          <distance>51725</distance>
        </extensions>
      </trkpt>
      <trkpt lat="46.00662" lon="7.29384">
        <ele>2400</ele>
        <extensions>
          <distance>51746</distance>
        </extensions>
      </trkpt>
      <trkpt lat="46.00656" lon="7.2938">
        <ele>2402</ele>
        <extensions>
          <distance>51754</distance>
        </extensions>
      </trkpt>
      <trkpt lat="46.006425" lon="7.2937899999999996">
        <ele>2406</ele>
        <extensions>
          <distance>51769</distance>
        </extensions>
      </trkpt>
      <trkpt lat="46.00629" lon="7.29378">
        <ele>2412</ele>
        <extensions>
          <distance>51785</distance>
        </extensions>
      </trkpt>
      <trkpt lat="46.0063" lon="7.29404">
        <ele>2412</ele>
        <extensions>
          <distance>51805</distance>
        </extensions>
      </trkpt>
      <trkpt lat="46.00631" lon="7.29412">
        <ele>2413</ele>
        <extensions>
          <distance>51812</distance>
        </extensions>
      </trkpt>
      <trkpt lat="46.00634" lon="7.29422">
        <ele>2413</ele>
        <extensions>
          <distance>51820</distance>
        </extensions>
      </trkpt>
      <trkpt lat="46.00626" lon="7.29415">
        <ele>2415</ele>
        <extensions>
          <distance>51831</distance>
        </extensions>
      </trkpt>
      <trkpt lat="46.00622" lon="7.29415">
        <ele>2415</ele>
        <extensions>
          <distance>51835</distance>
        </extensions>
      </trkpt>
      <trkpt lat="46.00618" lon="7.2942">
        <ele>2415</ele>
        <extensions>
          <distance>51841</distance>
        </extensions>
      </trkpt>
      <trkpt lat="46.00621" lon="7.29437">
        <ele>2415</ele>
        <extensions>
          <distance>51855</distance>
        </extensions>
      </trkpt>
      <trkpt lat="46.0063" lon="7.29461">
        <ele>2416</ele>
        <extensions>
          <distance>51876</distance>
        </extensions>
      </trkpt>
      <trkpt lat="46.00624" lon="7.29456">
        <ele>2416</ele>
        <extensions>
          <distance>51883</distance>
        </extensions>
      </trkpt>
      <trkpt lat="46.00614" lon="7.29459">
        <ele>2416</ele>
        <extensions>
          <distance>51895</distance>
        </extensions>
      </trkpt>
      <trkpt lat="46.0060225" lon="7.29449">
        <ele>2423</ele>
        <extensions>
          <distance>51910</distance>
        </extensions>
      </trkpt>
      <trkpt lat="46.005905" lon="7.29439">
        <ele>2432</ele>
        <extensions>
          <distance>51928</distance>
        </extensions>
      </trkpt>
      <trkpt lat="46.0057875" lon="7.29429">
        <ele>2440</ele>
        <extensions>
          <distance>51945</distance>
        </extensions>
      </trkpt>
      <trkpt lat="46.00567" lon="7.29419">
        <ele>2447</ele>
        <extensions>
          <distance>51962</distance>
        </extensions>
      </trkpt>
      <trkpt lat="46.0056" lon="7.29412">
        <ele>2451</ele>
        <extensions>
          <distance>51972</distance>
        </extensions>
      </trkpt>
      <trkpt lat="46.00536" lon="7.29398">
        <ele>2461</ele>
        <extensions>
          <distance>52003</distance>
        </extensions>
      </trkpt>
      <trkpt lat="46.00512500000001" lon="7.293895">
        <ele>2469</ele>
        <extensions>
          <distance>52031</distance>
        </extensions>
      </trkpt>
      <trkpt lat="46.00489" lon="7.29381">
        <ele>2477</ele>
        <extensions>
          <distance>52059</distance>
        </extensions>
      </trkpt>
      <trkpt lat="46.0048" lon="7.2938">
        <ele>2482</ele>
        <extensions>
          <distance>52070</distance>
        </extensions>
      </trkpt>
      <trkpt lat="46.0045975" lon="7.293755">
        <ele>2489</ele>
        <extensions>
          <distance>52094</distance>
        </extensions>
      </trkpt>
      <trkpt lat="46.004395" lon="7.29371">
        <ele>2495</ele>
        <extensions>
          <distance>52117</distance>
        </extensions>
      </trkpt>
      <trkpt lat="46.0041925" lon="7.293665">
        <ele>2500</ele>
        <extensions>
          <distance>52141</distance>
        </extensions>
      </trkpt>
      <trkpt lat="46.00399" lon="7.29362">
        <ele>2503</ele>
        <extensions>
          <distance>52164</distance>
        </extensions>
      </trkpt>
      <trkpt lat="46.00379" lon="7.2937">
        <ele>2507</ele>
        <extensions>
          <distance>52187</distance>
        </extensions>
      </trkpt>
      <trkpt lat="46.00368" lon="7.29384">
        <ele>2510</ele>
        <extensions>
          <distance>52204</distance>
        </extensions>
      </trkpt>
      <trkpt lat="46.00353" lon="7.29396">
        <ele>2513</ele>
        <extensions>
          <distance>52223</distance>
        </extensions>
      </trkpt>
      <trkpt lat="46.003299999999996" lon="7.29401">
        <ele>2514</ele>
        <extensions>
          <distance>52249</distance>
        </extensions>
      </trkpt>
      <trkpt lat="46.00307" lon="7.29406">
        <ele>2515</ele>
        <extensions>
          <distance>52275</distance>
        </extensions>
      </trkpt>
      <trkpt lat="46.002915" lon="7.2941775">
        <ele>2517</ele>
        <extensions>
          <distance>52294</distance>
        </extensions>
      </trkpt>
      <trkpt lat="46.00276" lon="7.294295">
        <ele>2517</ele>
        <extensions>
          <distance>52314</distance>
        </extensions>
      </trkpt>
      <trkpt lat="46.002605" lon="7.2944125">
        <ele>2518</ele>
        <extensions>
          <distance>52333</distance>
        </extensions>
      </trkpt>
      <trkpt lat="46.00245" lon="7.29453">
        <ele>2520</ele>
        <extensions>
          <distance>52353</distance>
        </extensions>
      </trkpt>
      <trkpt lat="46.00228750000001" lon="7.29469">
        <ele>2523</ele>
        <extensions>
          <distance>52375</distance>
        </extensions>
      </trkpt>
      <trkpt lat="46.00212500000001" lon="7.29485">
        <ele>2525</ele>
        <extensions>
          <distance>52397</distance>
        </extensions>
      </trkpt>
      <trkpt lat="46.001962500000005" lon="7.2950099999999996">
        <ele>2526</ele>
        <extensions>
          <distance>52419</distance>
        </extensions>
      </trkpt>
      <trkpt lat="46.0018" lon="7.29517">
        <ele>2528</ele>
        <extensions>
          <distance>52441</distance>
        </extensions>
      </trkpt>
      <trkpt lat="46.001625000000004" lon="7.295315">
        <ele>2529</ele>
        <extensions>
          <distance>52463</distance>
        </extensions>
      </trkpt>
      <trkpt lat="46.001450000000006" lon="7.29546">
        <ele>2531</ele>
        <extensions>
          <distance>52486</distance>
        </extensions>
      </trkpt>
      <trkpt lat="46.00127500000001" lon="7.295605">
        <ele>2532</ele>
        <extensions>
          <distance>52508</distance>
        </extensions>
      </trkpt>
      <trkpt lat="46.0011" lon="7.29575">
        <ele>2533</ele>
        <extensions>
          <distance>52531</distance>
        </extensions>
      </trkpt>
      <trkpt lat="46.00096" lon="7.29591">
        <ele>2535</ele>
        <extensions>
          <distance>52551</distance>
        </extensions>
      </trkpt>
      <trkpt lat="46.0009" lon="7.296">
        <ele>2537</ele>
        <extensions>
          <distance>52561</distance>
        </extensions>
      </trkpt>
      <trkpt lat="46.000745" lon="7.2961849999999995">
        <ele>2542</ele>
        <extensions>
          <distance>52584</distance>
        </extensions>
      </trkpt>
      <trkpt lat="46.00059" lon="7.29637">
        <ele>2547</ele>
        <extensions>
          <distance>52607</distance>
        </extensions>
      </trkpt>
      <trkpt lat="46.00046" lon="7.29637">
        <ele>2548</ele>
        <extensions>
          <distance>52621</distance>
        </extensions>
      </trkpt>
      <trkpt lat="46.00036" lon="7.29647">
        <ele>2553</ele>
        <extensions>
          <distance>52635</distance>
        </extensions>
      </trkpt>
      <trkpt lat="46.00025" lon="7.29678">
        <ele>2566</ele>
        <extensions>
          <distance>52665</distance>
        </extensions>
      </trkpt>
      <trkpt lat="46.00005" lon="7.29702">
        <ele>2575</ele>
        <extensions>
          <distance>52696</distance>
        </extensions>
      </trkpt>
      <trkpt lat="45.99989" lon="7.29727">
        <ele>2580</ele>
        <extensions>
          <distance>52722</distance>
        </extensions>
      </trkpt>
      <trkpt lat="45.999765" lon="7.297415">
        <ele>2583</ele>
        <extensions>
          <distance>52740</distance>
        </extensions>
      </trkpt>
      <trkpt lat="45.99964" lon="7.29756">
        <ele>2589</ele>
        <extensions>
          <distance>52759</distance>
        </extensions>
      </trkpt>
      <trkpt lat="45.999494999999996" lon="7.29782">
        <ele>2598</ele>
        <extensions>
          <distance>52787</distance>
        </extensions>
      </trkpt>
      <trkpt lat="45.99935" lon="7.29808">
        <ele>2604</ele>
        <extensions>
          <distance>52813</distance>
        </extensions>
      </trkpt>
      <trkpt lat="45.99925" lon="7.29837">
        <ele>2611</ele>
        <extensions>
          <distance>52839</distance>
        </extensions>
      </trkpt>
      <trkpt lat="45.99915" lon="7.29866">
        <ele>2619</ele>
        <extensions>
          <distance>52865</distance>
        </extensions>
      </trkpt>
      <trkpt lat="45.99912" lon="7.29876">
        <ele>2620</ele>
        <extensions>
          <distance>52874</distance>
        </extensions>
      </trkpt>
      <trkpt lat="45.99908" lon="7.29901">
        <ele>2624</ele>
        <extensions>
          <distance>52894</distance>
        </extensions>
      </trkpt>
      <trkpt lat="45.99902" lon="7.29915">
        <ele>2626</ele>
        <extensions>
          <distance>52907</distance>
        </extensions>
      </trkpt>
      <trkpt lat="45.99899" lon="7.29927">
        <ele>2628</ele>
        <extensions>
          <distance>52917</distance>
        </extensions>
      </trkpt>
      <trkpt lat="45.99895" lon="7.29952">
        <ele>2631</ele>
        <extensions>
          <distance>52937</distance>
        </extensions>
      </trkpt>
      <trkpt lat="45.99895" lon="7.29966">
        <ele>2631</ele>
        <extensions>
          <distance>52948</distance>
        </extensions>
      </trkpt>
      <trkpt lat="45.9987" lon="7.29974">
        <ele>2636</ele>
        <extensions>
          <distance>52977</distance>
        </extensions>
      </trkpt>
      <trkpt lat="45.99866" lon="7.2999">
        <ele>2637</ele>
        <extensions>
          <distance>52990</distance>
        </extensions>
      </trkpt>
      <trkpt lat="45.99863" lon="7.29978">
        <ele>2637</ele>
        <extensions>
          <distance>53000</distance>
        </extensions>
      </trkpt>
      <trkpt lat="45.99852" lon="7.29994">
        <ele>2637</ele>
        <extensions>
          <distance>53017</distance>
        </extensions>
      </trkpt>
      <trkpt lat="45.99853" lon="7.30004">
        <ele>2637</ele>
        <extensions>
          <distance>53025</distance>
        </extensions>
      </trkpt>
      <trkpt lat="45.99844" lon="7.30007">
        <ele>2637</ele>
        <extensions>
          <distance>53035</distance>
        </extensions>
      </trkpt>
      <trkpt lat="45.99857" lon="7.29977">
        <ele>2637</ele>
        <extensions>
          <distance>53063</distance>
        </extensions>
      </trkpt>
      <trkpt lat="45.99855" lon="7.29964">
        <ele>2635</ele>
        <extensions>
          <distance>53073</distance>
        </extensions>
      </trkpt>
      <trkpt lat="45.99852" lon="7.29954">
        <ele>2632</ele>
        <extensions>
          <distance>53082</distance>
        </extensions>
      </trkpt>
      <trkpt lat="45.99856" lon="7.29936">
        <ele>2629</ele>
        <extensions>
          <distance>53097</distance>
        </extensions>
      </trkpt>
      <trkpt lat="45.998665" lon="7.29913">
        <ele>2624</ele>
        <extensions>
          <distance>53118</distance>
        </extensions>
      </trkpt>
      <trkpt lat="45.99877" lon="7.2989">
        <ele>2620</ele>
        <extensions>
          <distance>53140</distance>
        </extensions>
      </trkpt>
      <trkpt lat="45.99881" lon="7.29874">
        <ele>2618</ele>
        <extensions>
          <distance>53153</distance>
        </extensions>
      </trkpt>
      <trkpt lat="45.99885" lon="7.29868">
        <ele>2617</ele>
        <extensions>
          <distance>53160</distance>
        </extensions>
      </trkpt>
      <trkpt lat="45.99896" lon="7.2987">
        <ele>2616</ele>
        <extensions>
          <distance>53172</distance>
        </extensions>
      </trkpt>
      <trkpt lat="45.99908" lon="7.29859">
        <ele>2616</ele>
        <extensions>
          <distance>53188</distance>
        </extensions>
      </trkpt>
      <trkpt lat="45.9992" lon="7.29848">
        <ele>2614</ele>
        <extensions>
          <distance>53204</distance>
        </extensions>
      </trkpt>
      <trkpt lat="45.999340000000004" lon="7.29815">
        <ele>2606</ele>
        <extensions>
          <distance>53235</distance>
        </extensions>
      </trkpt>
      <trkpt lat="45.99948" lon="7.29782">
        <ele>2598</ele>
        <extensions>
          <distance>53266</distance>
        </extensions>
      </trkpt>
      <trkpt lat="45.99955" lon="7.29768">
        <ele>2593</ele>
        <extensions>
          <distance>53280</distance>
        </extensions>
      </trkpt>
      <trkpt lat="45.99962" lon="7.2976">
        <ele>2592</ele>
        <extensions>
          <distance>53290</distance>
        </extensions>
      </trkpt>
      <trkpt lat="45.99978" lon="7.29779">
        <ele>2590</ele>
        <extensions>
          <distance>53313</distance>
        </extensions>
      </trkpt>
      <trkpt lat="45.99993" lon="7.2978">
        <ele>2589</ele>
        <extensions>
          <distance>53330</distance>
        </extensions>
      </trkpt>
      <trkpt lat="46.000060000000005" lon="7.297745">
        <ele>2588</ele>
        <extensions>
          <distance>53345</distance>
        </extensions>
      </trkpt>
      <trkpt lat="46.00019" lon="7.29769">
        <ele>2587</ele>
        <extensions>
          <distance>53360</distance>
        </extensions>
      </trkpt>
      <trkpt lat="46.0004" lon="7.297715">
        <ele>2587</ele>
        <extensions>
          <distance>53384</distance>
        </extensions>
      </trkpt>
      <trkpt lat="46.00061" lon="7.29774">
        <ele>2586</ele>
        <extensions>
          <distance>53407</distance>
        </extensions>
      </trkpt>
      <trkpt lat="46.00079" lon="7.2975">
        <ele>2579</ele>
        <extensions>
          <distance>53435</distance>
        </extensions>
      </trkpt>
      <trkpt lat="46.0009275" lon="7.29744">
        <ele>2575</ele>
        <extensions>
          <distance>53451</distance>
        </extensions>
      </trkpt>
      <trkpt lat="46.001065" lon="7.29738">
        <ele>2571</ele>
        <extensions>
          <distance>53468</distance>
        </extensions>
      </trkpt>
      <trkpt lat="46.0012025" lon="7.29732">
        <ele>2567</ele>
        <extensions>
          <distance>53484</distance>
        </extensions>
      </trkpt>
      <trkpt lat="46.00134" lon="7.29726">
        <ele>2564</ele>
        <extensions>
          <distance>53501</distance>
        </extensions>
      </trkpt>
      <trkpt lat="46.00139" lon="7.2970500000000005">
        <ele>2561</ele>
        <extensions>
          <distance>53518</distance>
        </extensions>
      </trkpt>
      <trkpt lat="46.00144" lon="7.29684">
        <ele>2557</ele>
        <extensions>
          <distance>53536</distance>
        </extensions>
      </trkpt>
      <trkpt lat="46.00156" lon="7.29671">
        <ele>2554</ele>
        <extensions>
          <distance>53553</distance>
        </extensions>
      </trkpt>
      <trkpt lat="46.00164" lon="7.29653">
        <ele>2550</ele>
        <extensions>
          <distance>53570</distance>
        </extensions>
      </trkpt>
      <trkpt lat="46.00163" lon="7.29639">
        <ele>2547</ele>
        <extensions>
          <distance>53581</distance>
        </extensions>
      </trkpt>
      <trkpt lat="46.00179" lon="7.29618">
        <ele>2542</ele>
        <extensions>
          <distance>53606</distance>
        </extensions>
      </trkpt>
      <trkpt lat="46.00197" lon="7.29602">
        <ele>2538</ele>
        <extensions>
          <distance>53629</distance>
        </extensions>
      </trkpt>
      <trkpt lat="46.0021375" lon="7.2959475000000005">
        <ele>2536</ele>
        <extensions>
          <distance>53649</distance>
        </extensions>
      </trkpt>
      <trkpt lat="46.002305" lon="7.2958750000000006">
        <ele>2533</ele>
        <extensions>
          <distance>53669</distance>
        </extensions>
      </trkpt>
      <trkpt lat="46.002472499999996" lon="7.295802500000001">
        <ele>2532</ele>
        <extensions>
          <distance>53688</distance>
        </extensions>
      </trkpt>
      <trkpt lat="46.00264" lon="7.29573">
        <ele>2530</ele>
        <extensions>
          <distance>53708</distance>
        </extensions>
      </trkpt>
      <trkpt lat="46.00284" lon="7.2956900000000005">
        <ele>2528</ele>
        <extensions>
          <distance>53730</distance>
        </extensions>
      </trkpt>
      <trkpt lat="46.00304" lon="7.29565">
        <ele>2528</ele>
        <extensions>
          <distance>53753</distance>
        </extensions>
      </trkpt>
      <trkpt lat="46.00322" lon="7.29566">
        <ele>2527</ele>
        <extensions>
          <distance>53773</distance>
        </extensions>
      </trkpt>
      <trkpt lat="46.00341" lon="7.29557">
        <ele>2524</ele>
        <extensions>
          <distance>53795</distance>
        </extensions>
      </trkpt>
      <trkpt lat="46.0035" lon="7.2956">
        <ele>2522</ele>
        <extensions>
          <distance>53805</distance>
        </extensions>
      </trkpt>
      <trkpt lat="46.00361" lon="7.29562">
        <ele>2521</ele>
        <extensions>
          <distance>53818</distance>
        </extensions>
      </trkpt>
      <trkpt lat="46.00359" lon="7.2956">
        <ele>2520</ele>
        <extensions>
          <distance>53821</distance>
        </extensions>
      </trkpt>
      <trkpt lat="46.00362" lon="7.29541">
        <ele>2520</ele>
        <extensions>
          <distance>53836</distance>
        </extensions>
      </trkpt>
      <trkpt lat="46.00369" lon="7.29531">
        <ele>2519</ele>
        <extensions>
          <distance>53847</distance>
        </extensions>
      </trkpt>
      <trkpt lat="46.00373" lon="7.29519">
        <ele>2517</ele>
        <extensions>
          <distance>53857</distance>
        </extensions>
      </trkpt>
      <trkpt lat="46.0038" lon="7.29516">
        <ele>2516</ele>
        <extensions>
          <distance>53865</distance>
        </extensions>
      </trkpt>
      <trkpt lat="46.00392" lon="7.29537">
        <ele>2512</ele>
        <extensions>
          <distance>53887</distance>
        </extensions>
      </trkpt>
      <trkpt lat="46.00396" lon="7.29537">
        <ele>2510</ele>
        <extensions>
          <distance>53891</distance>
        </extensions>
      </trkpt>
      <trkpt lat="46.004055" lon="7.295170000000001">
        <ele>2507</ele>
        <extensions>
          <distance>53910</distance>
        </extensions>
      </trkpt>
      <trkpt lat="46.00415" lon="7.29497">
        <ele>2505</ele>
        <extensions>
          <distance>53929</distance>
        </extensions>
      </trkpt>
      <trkpt lat="46.0042" lon="7.29491">
        <ele>2503</ele>
        <extensions>
          <distance>53937</distance>
        </extensions>
      </trkpt>
      <trkpt lat="46.00435" lon="7.29493">
        <ele>2499</ele>
        <extensions>
          <distance>53954</distance>
        </extensions>
      </trkpt>
      <trkpt lat="46.00439" lon="7.29487">
        <ele>2497</ele>
        <extensions>
          <distance>53960</distance>
        </extensions>
      </trkpt>
      <trkpt lat="46.00441" lon="7.29451">
        <ele>2496</ele>
        <extensions>
          <distance>53989</distance>
        </extensions>
      </trkpt>
      <trkpt lat="46.0045" lon="7.29447">
        <ele>2496</ele>
        <extensions>
          <distance>53999</distance>
        </extensions>
      </trkpt>
      <trkpt lat="46.0046" lon="7.29458">
        <ele>2491</ele>
        <extensions>
          <distance>54014</distance>
        </extensions>
      </trkpt>
      <trkpt lat="46.00479" lon="7.29437">
        <ele>2485</ele>
        <extensions>
          <distance>54041</distance>
        </extensions>
      </trkpt>
      <trkpt lat="46.00494" lon="7.29447">
        <ele>2478</ele>
        <extensions>
          <distance>54061</distance>
        </extensions>
      </trkpt>
      <trkpt lat="46.00505" lon="7.2945">
        <ele>2473</ele>
        <extensions>
          <distance>54074</distance>
        </extensions>
      </trkpt>
      <trkpt lat="46.00512" lon="7.29442">
        <ele>2471</ele>
        <extensions>
          <distance>54084</distance>
        </extensions>
      </trkpt>
      <trkpt lat="46.00515" lon="7.29454">
        <ele>2468</ele>
        <extensions>
          <distance>54094</distance>
        </extensions>
      </trkpt>
      <trkpt lat="46.00518" lon="7.29461">
        <ele>2465</ele>
        <extensions>
          <distance>54101</distance>
        </extensions>
      </trkpt>
      <trkpt lat="46.00525" lon="7.29458">
        <ele>2462</ele>
        <extensions>
          <distance>54110</distance>
        </extensions>
      </trkpt>
      <trkpt lat="46.00533" lon="7.29461">
        <ele>2458</ele>
        <extensions>
          <distance>54120</distance>
        </extensions>
      </trkpt>
      <trkpt lat="46.00534" lon="7.29465">
        <ele>2456</ele>
        <extensions>
          <distance>54123</distance>
        </extensions>
      </trkpt>
      <trkpt lat="46.0054" lon="7.29459">
        <ele>2454</ele>
        <extensions>
          <distance>54132</distance>
        </extensions>
      </trkpt>
      <trkpt lat="46.0054" lon="7.29468">
        <ele>2452</ele>
        <extensions>
          <distance>54139</distance>
        </extensions>
      </trkpt>
      <trkpt lat="46.00544" lon="7.29468">
        <ele>2450</ele>
        <extensions>
          <distance>54144</distance>
        </extensions>
      </trkpt>
      <trkpt lat="46.00545" lon="7.29461">
        <ele>2449</ele>
        <extensions>
          <distance>54150</distance>
        </extensions>
      </trkpt>
      <trkpt lat="46.00562" lon="7.29457">
        <ele>2442</ele>
        <extensions>
          <distance>54170</distance>
        </extensions>
      </trkpt>
      <trkpt lat="46.00579" lon="7.29453">
        <ele>2435</ele>
        <extensions>
          <distance>54191</distance>
        </extensions>
      </trkpt>
      <trkpt lat="46.00599" lon="7.29454">
        <ele>2424</ele>
        <extensions>
          <distance>54215</distance>
        </extensions>
      </trkpt>
      <trkpt lat="46.00619" lon="7.29455">
        <ele>2414</ele>
        <extensions>
          <distance>54240</distance>
        </extensions>
      </trkpt>
      <trkpt lat="46.00637" lon="7.29461">
        <ele>2412</ele>
        <extensions>
          <distance>54260</distance>
        </extensions>
      </trkpt>
      <trkpt lat="46.0064" lon="7.29458">
        <ele>2412</ele>
        <extensions>
          <distance>54264</distance>
        </extensions>
      </trkpt>
      <trkpt lat="46.00633" lon="7.29449">
        <ele>2410</ele>
        <extensions>
          <distance>54275</distance>
        </extensions>
      </trkpt>
      <trkpt lat="46.00631" lon="7.29437">
        <ele>2408</ele>
        <extensions>
          <distance>54285</distance>
        </extensions>
      </trkpt>
      <trkpt lat="46.0063" lon="7.29422">
        <ele>2408</ele>
        <extensions>
          <distance>54296</distance>
        </extensions>
      </trkpt>
      <trkpt lat="46.00644" lon="7.29424">
        <ele>2408</ele>
        <extensions>
          <distance>54312</distance>
        </extensions>
      </trkpt>
      <trkpt lat="46.00641" lon="7.29391">
        <ele>2408</ele>
        <extensions>
          <distance>54338</distance>
        </extensions>
      </trkpt>
      <trkpt lat="46.00652" lon="7.29384">
        <ele>2404</ele>
        <extensions>
          <distance>54351</distance>
        </extensions>
      </trkpt>
      <trkpt lat="46.00663" lon="7.29384">
        <ele>2400</ele>
        <extensions>
          <distance>54364</distance>
        </extensions>
      </trkpt>
      <trkpt lat="46.00669" lon="7.29391">
        <ele>2398</ele>
        <extensions>
          <distance>54373</distance>
        </extensions>
      </trkpt>
      <trkpt lat="46.00671" lon="7.29409">
        <ele>2398</ele>
        <extensions>
          <distance>54387</distance>
        </extensions>
      </trkpt>
      <trkpt lat="46.00689" lon="7.29429">
        <ele>2392</ele>
        <extensions>
          <distance>54413</distance>
        </extensions>
      </trkpt>
      <trkpt lat="46.00698" lon="7.29404">
        <ele>2384</ele>
        <extensions>
          <distance>54436</distance>
        </extensions>
      </trkpt>
      <trkpt lat="46.00702" lon="7.29414">
        <ele>2384</ele>
        <extensions>
          <distance>54445</distance>
        </extensions>
      </trkpt>
      <trkpt lat="46.00717" lon="7.29429">
        <ele>2380</ele>
        <extensions>
          <distance>54466</distance>
        </extensions>
      </trkpt>
      <trkpt lat="46.0072" lon="7.29436">
        <ele>2380</ele>
        <extensions>
          <distance>54472</distance>
        </extensions>
      </trkpt>
      <trkpt lat="46.00724" lon="7.29432">
        <ele>2377</ele>
        <extensions>
          <distance>54478</distance>
        </extensions>
      </trkpt>
      <trkpt lat="46.00733" lon="7.29447">
        <ele>2376</ele>
        <extensions>
          <distance>54493</distance>
        </extensions>
      </trkpt>
      <trkpt lat="46.0074" lon="7.2945">
        <ele>2373</ele>
        <extensions>
          <distance>54502</distance>
        </extensions>
      </trkpt>
      <trkpt lat="46.00751" lon="7.29448">
        <ele>2370</ele>
        <extensions>
          <distance>54514</distance>
        </extensions>
      </trkpt>
      <trkpt lat="46.00749" lon="7.29459">
        <ele>2368</ele>
        <extensions>
          <distance>54523</distance>
        </extensions>
      </trkpt>
      <trkpt lat="46.00758" lon="7.29453">
        <ele>2367</ele>
        <extensions>
          <distance>54534</distance>
        </extensions>
      </trkpt>
      <trkpt lat="46.00758" lon="7.29463">
        <ele>2366</ele>
        <extensions>
          <distance>54542</distance>
        </extensions>
      </trkpt>
      <trkpt lat="46.00779" lon="7.29454">
        <ele>2357</ele>
        <extensions>
          <distance>54568</distance>
        </extensions>
      </trkpt>
      <trkpt lat="46.00793" lon="7.29461">
        <ele>2352</ele>
        <extensions>
          <distance>54585</distance>
        </extensions>
      </trkpt>
      <trkpt lat="46.00808" lon="7.29492">
        <ele>2350</ele>
        <extensions>
          <distance>54614</distance>
        </extensions>
      </trkpt>
      <trkpt lat="46.00822" lon="7.295120000000001">
        <ele>2347</ele>
        <extensions>
          <distance>54637</distance>
        </extensions>
      </trkpt>
      <trkpt lat="46.00836" lon="7.29532">
        <ele>2344</ele>
        <extensions>
          <distance>54659</distance>
        </extensions>
      </trkpt>
      <trkpt lat="46.00841" lon="7.2955">
        <ele>2342</ele>
        <extensions>
          <distance>54674</distance>
        </extensions>
      </trkpt>
      <trkpt lat="46.0084" lon="7.29563">
        <ele>2341</ele>
        <extensions>
          <distance>54684</distance>
        </extensions>
      </trkpt>
      <trkpt lat="46.00844" lon="7.29581">
        <ele>2337</ele>
        <extensions>
          <distance>54699</distance>
        </extensions>
      </trkpt>
      <trkpt lat="46.00858" lon="7.29597">
        <ele>2330</ele>
        <extensions>
          <distance>54720</distance>
        </extensions>
      </trkpt>
      <trkpt lat="46.00867" lon="7.296">
        <ele>2328</ele>
        <extensions>
          <distance>54731</distance>
        </extensions>
      </trkpt>
      <trkpt lat="46.00888" lon="7.29622">
        <ele>2320</ele>
        <extensions>
          <distance>54761</distance>
        </extensions>
      </trkpt>
      <trkpt lat="46.00897" lon="7.296425">
        <ele>2316</ele>
        <extensions>
          <distance>54780</distance>
        </extensions>
      </trkpt>
      <trkpt lat="46.00906" lon="7.29663">
        <ele>2313</ele>
        <extensions>
          <distance>54799</distance>
        </extensions>
      </trkpt>
      <trkpt lat="46.00924" lon="7.29677">
        <ele>2307</ele>
        <extensions>
          <distance>54822</distance>
        </extensions>
      </trkpt>
      <trkpt lat="46.00942" lon="7.29691">
        <ele>2302</ele>
        <extensions>
          <distance>54846</distance>
        </extensions>
      </trkpt>
      <trkpt lat="46.009585" lon="7.297012499999999">
        <ele>2297</ele>
        <extensions>
          <distance>54866</distance>
        </extensions>
      </trkpt>
      <trkpt lat="46.00975" lon="7.297115">
        <ele>2293</ele>
        <extensions>
          <distance>54887</distance>
        </extensions>
      </trkpt>
      <trkpt lat="46.009915" lon="7.2972175">
        <ele>2287</ele>
        <extensions>
          <distance>54908</distance>
        </extensions>
      </trkpt>
      <trkpt lat="46.01008" lon="7.29732">
        <ele>2282</ele>
        <extensions>
          <distance>54928</distance>
        </extensions>
      </trkpt>
      <trkpt lat="46.010185" lon="7.29746">
        <ele>2280</ele>
        <extensions>
          <distance>54944</distance>
        </extensions>
      </trkpt>
      <trkpt lat="46.01029" lon="7.2976">
        <ele>2279</ele>
        <extensions>
          <distance>54960</distance>
        </extensions>
      </trkpt>
      <trkpt lat="46.01023" lon="7.29767">
        <ele>2277</ele>
        <extensions>
          <distance>54969</distance>
        </extensions>
      </trkpt>
      <trkpt lat="46.01035" lon="7.29775">
        <ele>2277</ele>
        <extensions>
          <distance>54984</distance>
        </extensions>
      </trkpt>
      <trkpt lat="46.0105" lon="7.297905">
        <ele>2274</ele>
        <extensions>
          <distance>55004</distance>
        </extensions>
      </trkpt>
      <trkpt lat="46.01065" lon="7.29806">
        <ele>2270</ele>
        <extensions>
          <distance>55025</distance>
        </extensions>
      </trkpt>
      <trkpt lat="46.01082" lon="7.29832">
        <ele>2264</ele>
        <extensions>
          <distance>55054</distance>
        </extensions>
      </trkpt>
      <trkpt lat="46.01083" lon="7.29828">
        <ele>2264</ele>
        <extensions>
          <distance>55057</distance>
        </extensions>
      </trkpt>
      <trkpt lat="46.01097" lon="7.29825">
        <ele>2260</ele>
        <extensions>
          <distance>55073</distance>
        </extensions>
      </trkpt>
      <trkpt lat="46.01109625" lon="7.29834625">
        <ele>2256</ele>
        <extensions>
          <distance>55089</distance>
        </extensions>
      </trkpt>
      <trkpt lat="46.0112225" lon="7.2984425">
        <ele>2253</ele>
        <extensions>
          <distance>55106</distance>
        </extensions>
      </trkpt>
      <trkpt lat="46.01134875" lon="7.2985387500000005">
        <ele>2250</ele>
        <extensions>
          <distance>55122</distance>
        </extensions>
      </trkpt>
      <trkpt lat="46.011475000000004" lon="7.298635">
        <ele>2248</ele>
        <extensions>
          <distance>55138</distance>
        </extensions>
      </trkpt>
      <trkpt lat="46.011601250000005" lon="7.2987312499999994">
        <ele>2247</ele>
        <extensions>
          <distance>55154</distance>
        </extensions>
      </trkpt>
      <trkpt lat="46.011727500000006" lon="7.2988275">
        <ele>2245</ele>
        <extensions>
          <distance>55170</distance>
        </extensions>
      </trkpt>
      <trkpt lat="46.01185375" lon="7.29892375">
        <ele>2243</ele>
        <extensions>
          <distance>55186</distance>
        </extensions>
      </trkpt>
      <trkpt lat="46.01198" lon="7.29902">
        <ele>2243</ele>
        <extensions>
          <distance>55202</distance>
        </extensions>
      </trkpt>
      <trkpt lat="46.01206" lon="7.2992">
        <ele>2243</ele>
        <extensions>
          <distance>55218</distance>
        </extensions>
      </trkpt>
      <trkpt lat="46.01208" lon="7.29942">
        <ele>2243</ele>
        <extensions>
          <distance>55235</distance>
        </extensions>
      </trkpt>
      <trkpt lat="46.01217" lon="7.299564999999999">
        <ele>2243</ele>
        <extensions>
          <distance>55250</distance>
        </extensions>
      </trkpt>
      <trkpt lat="46.01226" lon="7.29971">
        <ele>2243</ele>
        <extensions>
          <distance>55265</distance>
        </extensions>
      </trkpt>
      <trkpt lat="46.01231" lon="7.29977">
        <ele>2243</ele>
        <extensions>
          <distance>55273</distance>
        </extensions>
      </trkpt>
      <trkpt lat="46.01247" lon="7.29986">
        <ele>2241</ele>
        <extensions>
          <distance>55292</distance>
        </extensions>
      </trkpt>
      <trkpt lat="46.01259" lon="7.29978">
        <ele>2238</ele>
        <extensions>
          <distance>55307</distance>
        </extensions>
      </trkpt>
      <trkpt lat="46.01268" lon="7.29981">
        <ele>2237</ele>
        <extensions>
          <distance>55317</distance>
        </extensions>
      </trkpt>
      <trkpt lat="46.01283" lon="7.29971">
        <ele>2233</ele>
        <extensions>
          <distance>55336</distance>
        </extensions>
      </trkpt>
      <trkpt lat="46.01295" lon="7.29971">
        <ele>2232</ele>
        <extensions>
          <distance>55349</distance>
        </extensions>
      </trkpt>
      <trkpt lat="46.01314" lon="7.29963">
        <ele>2230</ele>
        <extensions>
          <distance>55371</distance>
        </extensions>
      </trkpt>
      <trkpt lat="46.013365" lon="7.2996099999999995">
        <ele>2227</ele>
        <extensions>
          <distance>55396</distance>
        </extensions>
      </trkpt>
      <trkpt lat="46.01359" lon="7.29959">
        <ele>2223</ele>
        <extensions>
          <distance>55422</distance>
        </extensions>
      </trkpt>
      <trkpt lat="46.01368" lon="7.29959">
        <ele>2222</ele>
        <extensions>
          <distance>55432</distance>
        </extensions>
      </trkpt>
      <trkpt lat="46.01381" lon="7.29957">
        <ele>2222</ele>
        <extensions>
          <distance>55446</distance>
        </extensions>
      </trkpt>
      <trkpt lat="46.01399" lon="7.29978">
        <ele>2222</ele>
        <extensions>
          <distance>55472</distance>
        </extensions>
      </trkpt>
      <trkpt lat="46.014125" lon="7.3000050000000005">
        <ele>2222</ele>
        <extensions>
          <distance>55495</distance>
        </extensions>
      </trkpt>
      <trkpt lat="46.01426" lon="7.30023">
        <ele>2222</ele>
        <extensions>
          <distance>55518</distance>
        </extensions>
      </trkpt>
      <trkpt lat="46.014405" lon="7.300345">
        <ele>2222</ele>
        <extensions>
          <distance>55536</distance>
        </extensions>
      </trkpt>
      <trkpt lat="46.01455" lon="7.30046">
        <ele>2222</ele>
        <extensions>
          <distance>55555</distance>
        </extensions>
      </trkpt>
      <trkpt lat="46.014695" lon="7.300470000000001">
        <ele>2222</ele>
        <extensions>
          <distance>55571</distance>
        </extensions>
      </trkpt>
      <trkpt lat="46.01484" lon="7.30048">
        <ele>2222</ele>
        <extensions>
          <distance>55587</distance>
        </extensions>
      </trkpt>
      <trkpt lat="46.015029999999996" lon="7.3003800000000005">
        <ele>2218</ele>
        <extensions>
          <distance>55610</distance>
        </extensions>
      </trkpt>
      <trkpt lat="46.01522" lon="7.30028">
        <ele>2215</ele>
        <extensions>
          <distance>55632</distance>
        </extensions>
      </trkpt>
      <trkpt lat="46.0153" lon="7.30022">
        <ele>2214</ele>
        <extensions>
          <distance>55642</distance>
        </extensions>
      </trkpt>
      <trkpt lat="46.01535" lon="7.3001">
        <ele>2209</ele>
        <extensions>
          <distance>55654</distance>
        </extensions>
      </trkpt>
      <trkpt lat="46.01544" lon="7.30005">
        <ele>2208</ele>
        <extensions>
          <distance>55665</distance>
        </extensions>
      </trkpt>
      <trkpt lat="46.01552" lon="7.30002">
        <ele>2208</ele>
        <extensions>
          <distance>55674</distance>
        </extensions>
      </trkpt>
      <trkpt lat="46.01558" lon="7.30001">
        <ele>2208</ele>
        <extensions>
          <distance>55681</distance>
        </extensions>
      </trkpt>
      <trkpt lat="46.015730000000005" lon="7.299925">
        <ele>2208</ele>
        <extensions>
          <distance>55699</distance>
        </extensions>
      </trkpt>
      <trkpt lat="46.01588" lon="7.29984">
        <ele>2208</ele>
        <extensions>
          <distance>55717</distance>
        </extensions>
      </trkpt>
      <trkpt lat="46.01598" lon="7.29985">
        <ele>2207</ele>
        <extensions>
          <distance>55728</distance>
        </extensions>
      </trkpt>
      <trkpt lat="46.01619" lon="7.29967">
        <ele>2204</ele>
        <extensions>
          <distance>55755</distance>
        </extensions>
      </trkpt>
      <trkpt lat="46.01623" lon="7.29952">
        <ele>2204</ele>
        <extensions>
          <distance>55767</distance>
        </extensions>
      </trkpt>
      <trkpt lat="46.01648" lon="7.29959">
        <ele>2204</ele>
        <extensions>
          <distance>55796</distance>
        </extensions>
      </trkpt>
      <trkpt lat="46.01673" lon="7.29952">
        <ele>2204</ele>
        <extensions>
          <distance>55824</distance>
        </extensions>
      </trkpt>
      <trkpt lat="46.016875" lon="7.299525">
        <ele>2208</ele>
        <extensions>
          <distance>55840</distance>
        </extensions>
      </trkpt>
      <trkpt lat="46.01702" lon="7.29953">
        <ele>2208</ele>
        <extensions>
          <distance>55856</distance>
        </extensions>
      </trkpt>
      <trkpt lat="46.0172" lon="7.29948">
        <ele>2208</ele>
        <extensions>
          <distance>55877</distance>
        </extensions>
      </trkpt>
      <trkpt lat="46.01736" lon="7.29933">
        <ele>2208</ele>
        <extensions>
          <distance>55898</distance>
        </extensions>
      </trkpt>
      <trkpt lat="46.0176" lon="7.29922">
        <ele>2208</ele>
        <extensions>
          <distance>55926</distance>
        </extensions>
      </trkpt>
      <trkpt lat="46.01774" lon="7.29912">
        <ele>2204</ele>
        <extensions>
          <distance>55943</distance>
        </extensions>
      </trkpt>
      <trkpt lat="46.01788" lon="7.29902">
        <ele>2204</ele>
        <extensions>
          <distance>55961</distance>
        </extensions>
      </trkpt>
      <trkpt lat="46.018010000000004" lon="7.29887">
        <ele>2200</ele>
        <extensions>
          <distance>55980</distance>
        </extensions>
      </trkpt>
      <trkpt lat="46.01814" lon="7.29872">
        <ele>2199</ele>
        <extensions>
          <distance>55998</distance>
        </extensions>
      </trkpt>
      <trkpt lat="46.01825" lon="7.29865">
        <ele>2199</ele>
        <extensions>
          <distance>56012</distance>
        </extensions>
      </trkpt>
      <trkpt lat="46.0183" lon="7.29856">
        <ele>2198</ele>
        <extensions>
          <distance>56020</distance>
        </extensions>
      </trkpt>
      <trkpt lat="46.01829" lon="7.29849">
        <ele>2197</ele>
        <extensions>
          <distance>56026</distance>
        </extensions>
      </trkpt>
      <trkpt lat="46.01847" lon="7.29835">
        <ele>2196</ele>
        <extensions>
          <distance>56049</distance>
        </extensions>
      </trkpt>
      <trkpt lat="46.018585" lon="7.298115">
        <ele>2193</ele>
        <extensions>
          <distance>56071</distance>
        </extensions>
      </trkpt>
      <trkpt lat="46.0187" lon="7.29788">
        <ele>2192</ele>
        <extensions>
          <distance>56093</distance>
        </extensions>
      </trkpt>
      <trkpt lat="46.01876" lon="7.29756">
        <ele>2185</ele>
        <extensions>
          <distance>56120</distance>
        </extensions>
      </trkpt>
      <trkpt lat="46.018860000000004" lon="7.297359999999999">
        <ele>2185</ele>
        <extensions>
          <distance>56139</distance>
        </extensions>
      </trkpt>
      <trkpt lat="46.01896" lon="7.29716">
        <ele>2185</ele>
        <extensions>
          <distance>56158</distance>
        </extensions>
      </trkpt>
      <trkpt lat="46.01906" lon="7.29713">
        <ele>2185</ele>
        <extensions>
          <distance>56169</distance>
        </extensions>
      </trkpt>
      <trkpt lat="46.01926" lon="7.29691">
        <ele>2185</ele>
        <extensions>
          <distance>56197</distance>
        </extensions>
      </trkpt>
      <trkpt lat="46.01937" lon="7.2969">
        <ele>2185</ele>
        <extensions>
          <distance>56210</distance>
        </extensions>
      </trkpt>
      <trkpt lat="46.0194" lon="7.29684">
        <ele>2185</ele>
        <extensions>
          <distance>56215</distance>
        </extensions>
      </trkpt>
      <trkpt lat="46.0194" lon="7.29659">
        <ele>2172</ele>
        <extensions>
          <distance>56235</distance>
        </extensions>
      </trkpt>
      <trkpt lat="46.019549999999995" lon="7.29648">
        <ele>2171</ele>
        <extensions>
          <distance>56254</distance>
        </extensions>
      </trkpt>
      <trkpt lat="46.0197" lon="7.29637">
        <ele>2170</ele>
        <extensions>
          <distance>56273</distance>
        </extensions>
      </trkpt>
      <trkpt lat="46.01983" lon="7.2962">
        <ele>2169</ele>
        <extensions>
          <distance>56292</distance>
        </extensions>
      </trkpt>
      <trkpt lat="46.01997" lon="7.29599">
        <ele>2168</ele>
        <extensions>
          <distance>56315</distance>
        </extensions>
      </trkpt>
      <trkpt lat="46.02005" lon="7.29563">
        <ele>2162</ele>
        <extensions>
          <distance>56345</distance>
        </extensions>
      </trkpt>
      <trkpt lat="46.020155" lon="7.295485">
        <ele>2162</ele>
        <extensions>
          <distance>56361</distance>
        </extensions>
      </trkpt>
      <trkpt lat="46.02026" lon="7.29534">
        <ele>2158</ele>
        <extensions>
          <distance>56377</distance>
        </extensions>
      </trkpt>
      <trkpt lat="46.020430000000005" lon="7.2952">
        <ele>2157</ele>
        <extensions>
          <distance>56399</distance>
        </extensions>
      </trkpt>
      <trkpt lat="46.0206" lon="7.29506">
        <ele>2156</ele>
        <extensions>
          <distance>56421</distance>
        </extensions>
      </trkpt>
      <trkpt lat="46.0207" lon="7.29473">
        <ele>2156</ele>
        <extensions>
          <distance>56449</distance>
        </extensions>
      </trkpt>
      <trkpt lat="46.02088" lon="7.29465">
        <ele>2159</ele>
        <extensions>
          <distance>56470</distance>
        </extensions>
      </trkpt>
      <trkpt lat="46.02098" lon="7.29452">
        <ele>2158</ele>
        <extensions>
          <distance>56485</distance>
        </extensions>
      </trkpt>
      <trkpt lat="46.02117" lon="7.29451">
        <ele>2158</ele>
        <extensions>
          <distance>56506</distance>
        </extensions>
      </trkpt>
      <trkpt lat="46.02124" lon="7.29446">
        <ele>2158</ele>
        <extensions>
          <distance>56515</distance>
        </extensions>
      </trkpt>
      <trkpt lat="46.02126" lon="7.29439">
        <ele>2158</ele>
        <extensions>
          <distance>56520</distance>
        </extensions>
      </trkpt>
      <trkpt lat="46.02148" lon="7.29429">
        <ele>2158</ele>
        <extensions>
          <distance>56546</distance>
        </extensions>
      </trkpt>
      <trkpt lat="46.02159" lon="7.29412">
        <ele>2155</ele>
        <extensions>
          <distance>56564</distance>
        </extensions>
      </trkpt>
      <trkpt lat="46.02183" lon="7.29396">
        <ele>2151</ele>
        <extensions>
          <distance>56594</distance>
        </extensions>
      </trkpt>
      <trkpt lat="46.02181" lon="7.29368">
        <ele>2145</ele>
        <extensions>
          <distance>56616</distance>
        </extensions>
      </trkpt>
      <trkpt lat="46.0219" lon="7.29358">
        <ele>2143</ele>
        <extensions>
          <distance>56629</distance>
        </extensions>
      </trkpt>
      <trkpt lat="46.0221" lon="7.29367">
        <ele>2143</ele>
        <extensions>
          <distance>56652</distance>
        </extensions>
      </trkpt>
      <trkpt lat="46.02224" lon="7.29361">
        <ele>2143</ele>
        <extensions>
          <distance>56668</distance>
        </extensions>
      </trkpt>
      <trkpt lat="46.02244" lon="7.29377">
        <ele>2142</ele>
        <extensions>
          <distance>56694</distance>
        </extensions>
      </trkpt>
      <trkpt lat="46.02256" lon="7.29379">
        <ele>2140</ele>
        <extensions>
          <distance>56707</distance>
        </extensions>
      </trkpt>
      <trkpt lat="46.02278" lon="7.29368">
        <ele>2131</ele>
        <extensions>
          <distance>56735</distance>
        </extensions>
      </trkpt>
      <trkpt lat="46.02299" lon="7.29344">
        <ele>2116</ele>
        <extensions>
          <distance>56768</distance>
        </extensions>
      </trkpt>
      <trkpt lat="46.02309" lon="7.29334">
        <ele>2111</ele>
        <extensions>
          <distance>56783</distance>
        </extensions>
      </trkpt>
      <trkpt lat="46.02324" lon="7.29308">
        <ele>2102</ele>
        <extensions>
          <distance>56810</distance>
        </extensions>
      </trkpt>
      <trkpt lat="46.02338" lon="7.2930150000000005">
        <ele>2099</ele>
        <extensions>
          <distance>56827</distance>
        </extensions>
      </trkpt>
      <trkpt lat="46.02352" lon="7.29295">
        <ele>2097</ele>
        <extensions>
          <distance>56843</distance>
        </extensions>
      </trkpt>
      <trkpt lat="46.0237125" lon="7.2929175">
        <ele>2095</ele>
        <extensions>
          <distance>56865</distance>
        </extensions>
      </trkpt>
      <trkpt lat="46.023905" lon="7.292885">
        <ele>2094</ele>
        <extensions>
          <distance>56887</distance>
        </extensions>
      </trkpt>
      <trkpt lat="46.024097499999996" lon="7.2928525">
        <ele>2094</ele>
        <extensions>
          <distance>56908</distance>
        </extensions>
      </trkpt>
      <trkpt lat="46.02429" lon="7.29282">
        <ele>2092</ele>
        <extensions>
          <distance>56930</distance>
        </extensions>
      </trkpt>
      <trkpt lat="46.02441" lon="7.29266">
        <ele>2086</ele>
        <extensions>
          <distance>56949</distance>
        </extensions>
      </trkpt>
      <trkpt lat="46.02453" lon="7.2925">
        <ele>2080</ele>
        <extensions>
          <distance>56968</distance>
        </extensions>
      </trkpt>
      <trkpt lat="46.024685" lon="7.2925">
        <ele>2078</ele>
        <extensions>
          <distance>56985</distance>
        </extensions>
      </trkpt>
      <trkpt lat="46.02484" lon="7.2925">
        <ele>2074</ele>
        <extensions>
          <distance>57003</distance>
        </extensions>
      </trkpt>
      <trkpt lat="46.02492" lon="7.29237">
        <ele>2068</ele>
        <extensions>
          <distance>57018</distance>
        </extensions>
      </trkpt>
      <trkpt lat="46.02486" lon="7.2922">
        <ele>2065</ele>
        <extensions>
          <distance>57033</distance>
        </extensions>
      </trkpt>
      <trkpt lat="46.02486" lon="7.29204">
        <ele>2060</ele>
        <extensions>
          <distance>57046</distance>
        </extensions>
      </trkpt>
      <trkpt lat="46.02495" lon="7.29186">
        <ele>2053</ele>
        <extensions>
          <distance>57065</distance>
        </extensions>
      </trkpt>
      <trkpt lat="46.02502" lon="7.29193">
        <ele>2053</ele>
        <extensions>
          <distance>57074</distance>
        </extensions>
      </trkpt>
      <trkpt lat="46.0251575" lon="7.2919225">
        <ele>2050</ele>
        <extensions>
          <distance>57090</distance>
        </extensions>
      </trkpt>
      <trkpt lat="46.025295" lon="7.2919149999999995">
        <ele>2047</ele>
        <extensions>
          <distance>57105</distance>
        </extensions>
      </trkpt>
      <trkpt lat="46.0254325" lon="7.2919075">
        <ele>2043</ele>
        <extensions>
          <distance>57121</distance>
        </extensions>
      </trkpt>
      <trkpt lat="46.02557" lon="7.2919">
        <ele>2039</ele>
        <extensions>
          <distance>57137</distance>
        </extensions>
      </trkpt>
      <trkpt lat="46.02572" lon="7.29182">
        <ele>2035</ele>
        <extensions>
          <distance>57155</distance>
        </extensions>
      </trkpt>
      <trkpt lat="46.02572" lon="7.29165">
        <ele>2032</ele>
        <extensions>
          <distance>57169</distance>
        </extensions>
      </trkpt>
      <trkpt lat="46.02594" lon="7.2917">
        <ele>2027</ele>
        <extensions>
          <distance>57194</distance>
        </extensions>
      </trkpt>
      <trkpt lat="46.02604" lon="7.29178">
        <ele>2024</ele>
        <extensions>
          <distance>57207</distance>
        </extensions>
      </trkpt>
      <trkpt lat="46.0262" lon="7.29176">
        <ele>2018</ele>
        <extensions>
          <distance>57226</distance>
        </extensions>
      </trkpt>
      <trkpt lat="46.02634" lon="7.29156">
        <ele>2010</ele>
        <extensions>
          <distance>57249</distance>
        </extensions>
      </trkpt>
      <trkpt lat="46.02645" lon="7.29156">
        <ele>2006</ele>
        <extensions>
          <distance>57262</distance>
        </extensions>
      </trkpt>
      <trkpt lat="46.02649" lon="7.29138">
        <ele>2002</ele>
        <extensions>
          <distance>57277</distance>
        </extensions>
      </trkpt>
      <trkpt lat="46.02658" lon="7.29147">
        <ele>2000</ele>
        <extensions>
          <distance>57289</distance>
        </extensions>
      </trkpt>
      <trkpt lat="46.02675" lon="7.29151">
        <ele>1992</ele>
        <extensions>
          <distance>57310</distance>
        </extensions>
      </trkpt>
      <trkpt lat="46.02683" lon="7.29157">
        <ele>1988</ele>
        <extensions>
          <distance>57321</distance>
        </extensions>
      </trkpt>
      <trkpt lat="46.02692" lon="7.29166">
        <ele>1984</ele>
        <extensions>
          <distance>57334</distance>
        </extensions>
      </trkpt>
      <trkpt lat="46.02696" lon="7.29178">
        <ele>1984</ele>
        <extensions>
          <distance>57344</distance>
        </extensions>
      </trkpt>
      <trkpt lat="46.02705" lon="7.2919">
        <ele>1980</ele>
        <extensions>
          <distance>57358</distance>
        </extensions>
      </trkpt>
      <trkpt lat="46.02708" lon="7.2919">
        <ele>1978</ele>
        <extensions>
          <distance>57361</distance>
        </extensions>
      </trkpt>
      <trkpt lat="46.02706" lon="7.29164">
        <ele>1977</ele>
        <extensions>
          <distance>57382</distance>
        </extensions>
      </trkpt>
      <trkpt lat="46.02702" lon="7.29134">
        <ele>1973</ele>
        <extensions>
          <distance>57406</distance>
        </extensions>
      </trkpt>
      <trkpt lat="46.02705" lon="7.29134">
        <ele>1971</ele>
        <extensions>
          <distance>57409</distance>
        </extensions>
      </trkpt>
      <trkpt lat="46.02715" lon="7.29146">
        <ele>1970</ele>
        <extensions>
          <distance>57424</distance>
        </extensions>
      </trkpt>
      <trkpt lat="46.0272" lon="7.29171">
        <ele>1969</ele>
        <extensions>
          <distance>57444</distance>
        </extensions>
      </trkpt>
      <trkpt lat="46.02726" lon="7.29186">
        <ele>1965</ele>
        <extensions>
          <distance>57458</distance>
        </extensions>
      </trkpt>
      <trkpt lat="46.02734" lon="7.29171">
        <ele>1958</ele>
        <extensions>
          <distance>57474</distance>
        </extensions>
      </trkpt>
      <trkpt lat="46.02734" lon="7.29199">
        <ele>1955</ele>
        <extensions>
          <distance>57496</distance>
        </extensions>
      </trkpt>
      <trkpt lat="46.027305" lon="7.292215000000001">
        <ele>1954</ele>
        <extensions>
          <distance>57514</distance>
        </extensions>
      </trkpt>
      <trkpt lat="46.02727" lon="7.29244">
        <ele>1949</ele>
        <extensions>
          <distance>57532</distance>
        </extensions>
      </trkpt>
      <trkpt lat="46.02735" lon="7.29239">
        <ele>1941</ele>
        <extensions>
          <distance>57545</distance>
        </extensions>
      </trkpt>
      <trkpt lat="46.02729" lon="7.29271">
        <ele>1935</ele>
        <extensions>
          <distance>57571</distance>
        </extensions>
      </trkpt>
      <trkpt lat="46.02731" lon="7.29276">
        <ele>1931</ele>
        <extensions>
          <distance>57577</distance>
        </extensions>
      </trkpt>
      <trkpt lat="46.02737" lon="7.29276">
        <ele>1924</ele>
        <extensions>
          <distance>57587</distance>
        </extensions>
      </trkpt>
      <trkpt lat="46.02745" lon="7.29259">
        <ele>1921</ele>
        <extensions>
          <distance>57603</distance>
        </extensions>
      </trkpt>
      <trkpt lat="46.0275" lon="7.29258">
        <ele>1915</ele>
        <extensions>
          <distance>57611</distance>
        </extensions>
      </trkpt>
      <trkpt lat="46.02743" lon="7.29286">
        <ele>1914</ele>
        <extensions>
          <distance>57634</distance>
        </extensions>
      </trkpt>
      <trkpt lat="46.02743" lon="7.29307">
        <ele>1907</ele>
        <extensions>
          <distance>57651</distance>
        </extensions>
      </trkpt>
      <trkpt lat="46.02743" lon="7.29328">
        <ele>1902</ele>
        <extensions>
          <distance>57668</distance>
        </extensions>
      </trkpt>
      <trkpt lat="46.02739" lon="7.2935">
        <ele>1902</ele>
        <extensions>
          <distance>57686</distance>
        </extensions>
      </trkpt>
      <trkpt lat="46.02731" lon="7.29374">
        <ele>1902</ele>
        <extensions>
          <distance>57706</distance>
        </extensions>
      </trkpt>
      <trkpt lat="46.027225" lon="7.293915">
        <ele>1902</ele>
        <extensions>
          <distance>57723</distance>
        </extensions>
      </trkpt>
      <trkpt lat="46.02714" lon="7.29409">
        <ele>1902</ele>
        <extensions>
          <distance>57739</distance>
        </extensions>
      </trkpt>
      <trkpt lat="46.02706" lon="7.29436">
        <ele>1902</ele>
        <extensions>
          <distance>57762</distance>
        </extensions>
      </trkpt>
      <trkpt lat="46.02696" lon="7.2945">
        <ele>1902</ele>
        <extensions>
          <distance>57778</distance>
        </extensions>
      </trkpt>
      <trkpt lat="46.02706" lon="7.29472">
        <ele>1902</ele>
        <extensions>
          <distance>57798</distance>
        </extensions>
      </trkpt>
      <trkpt lat="46.02708" lon="7.29492">
        <ele>1895</ele>
        <extensions>
          <distance>57814</distance>
        </extensions>
      </trkpt>
      <trkpt lat="46.02702" lon="7.29518">
        <ele>1895</ele>
        <extensions>
          <distance>57835</distance>
        </extensions>
      </trkpt>
      <trkpt lat="46.02698" lon="7.29543">
        <ele>1893</ele>
        <extensions>
          <distance>57855</distance>
        </extensions>
      </trkpt>
      <trkpt lat="46.026945" lon="7.2957149999999995">
        <ele>1891</ele>
        <extensions>
          <distance>57877</distance>
        </extensions>
      </trkpt>
      <trkpt lat="46.02691" lon="7.296">
        <ele>1890</ele>
        <extensions>
          <distance>57900</distance>
        </extensions>
      </trkpt>
      <trkpt lat="46.0269" lon="7.296200000000001">
        <ele>1888</ele>
        <extensions>
          <distance>57915</distance>
        </extensions>
      </trkpt>
      <trkpt lat="46.02689" lon="7.2964">
        <ele>1885</ele>
        <extensions>
          <distance>57931</distance>
        </extensions>
      </trkpt>
      <trkpt lat="46.02686" lon="7.29653">
        <ele>1885</ele>
        <extensions>
          <distance>57942</distance>
        </extensions>
      </trkpt>
      <trkpt lat="46.02686" lon="7.29674">
        <ele>1882</ele>
        <extensions>
          <distance>57958</distance>
        </extensions>
      </trkpt>
      <trkpt lat="46.02688" lon="7.29679">
        <ele>1880</ele>
        <extensions>
          <distance>57963</distance>
        </extensions>
      </trkpt>
      <trkpt lat="46.0269" lon="7.29715">
        <ele>1873</ele>
        <extensions>
          <distance>57992</distance>
        </extensions>
      </trkpt>
      <trkpt lat="46.026945" lon="7.297465000000001">
        <ele>1867</ele>
        <extensions>
          <distance>58017</distance>
        </extensions>
      </trkpt>
      <trkpt lat="46.02699" lon="7.29778">
        <ele>1862</ele>
        <extensions>
          <distance>58043</distance>
        </extensions>
      </trkpt>
      <trkpt lat="46.02697" lon="7.29809">
        <ele>1862</ele>
        <extensions>
          <distance>58067</distance>
        </extensions>
      </trkpt>
      <trkpt lat="46.02708" lon="7.298355">
        <ele>1854</ele>
        <extensions>
          <distance>58092</distance>
        </extensions>
      </trkpt>
      <trkpt lat="46.02719" lon="7.29862">
        <ele>1845</ele>
        <extensions>
          <distance>58117</distance>
        </extensions>
      </trkpt>
      <trkpt lat="46.02733" lon="7.298685">
        <ele>1840</ele>
        <extensions>
          <distance>58134</distance>
        </extensions>
      </trkpt>
      <trkpt lat="46.02747" lon="7.29875">
        <ele>1835</ele>
        <extensions>
          <distance>58151</distance>
        </extensions>
      </trkpt>
      <trkpt lat="46.02764" lon="7.29854">
        <ele>1831</ele>
        <extensions>
          <distance>58176</distance>
        </extensions>
      </trkpt>
      <trkpt lat="46.02778" lon="7.29845">
        <ele>1826</ele>
        <extensions>
          <distance>58194</distance>
        </extensions>
      </trkpt>
      <trkpt lat="46.02784" lon="7.29836">
        <ele>1823</ele>
        <extensions>
          <distance>58204</distance>
        </extensions>
      </trkpt>
      <trkpt lat="46.02789" lon="7.29826">
        <ele>1820</ele>
        <extensions>
          <distance>58214</distance>
        </extensions>
      </trkpt>
      <trkpt lat="46.02796" lon="7.29816">
        <ele>1816</ele>
        <extensions>
          <distance>58226</distance>
        </extensions>
      </trkpt>
      <trkpt lat="46.02802" lon="7.29832">
        <ele>1815</ele>
        <extensions>
          <distance>58240</distance>
        </extensions>
      </trkpt>
      <trkpt lat="46.02803" lon="7.2985">
        <ele>1814</ele>
        <extensions>
          <distance>58254</distance>
        </extensions>
      </trkpt>
      <trkpt lat="46.02807" lon="7.2986">
        <ele>1813</ele>
        <extensions>
          <distance>58263</distance>
        </extensions>
      </trkpt>
      <trkpt lat="46.02808" lon="7.29872">
        <ele>1812</ele>
        <extensions>
          <distance>58272</distance>
        </extensions>
      </trkpt>
      <trkpt lat="46.02806" lon="7.29881">
        <ele>1812</ele>
        <extensions>
          <distance>58280</distance>
        </extensions>
      </trkpt>
      <trkpt lat="46.0281" lon="7.299">
        <ele>1809</ele>
        <extensions>
          <distance>58295</distance>
        </extensions>
      </trkpt>
      <trkpt lat="46.02824" lon="7.29921">
        <ele>1799</ele>
        <extensions>
          <distance>58320</distance>
        </extensions>
      </trkpt>
      <trkpt lat="46.02824" lon="7.29903">
        <ele>1797</ele>
        <extensions>
          <distance>58334</distance>
        </extensions>
      </trkpt>
      <trkpt lat="46.02828" lon="7.29903">
        <ele>1796</ele>
        <extensions>
          <distance>58339</distance>
        </extensions>
      </trkpt>
      <trkpt lat="46.02838" lon="7.29916">
        <ele>1788</ele>
        <extensions>
          <distance>58356</distance>
        </extensions>
      </trkpt>
      <trkpt lat="46.02845" lon="7.29939">
        <ele>1778</ele>
        <extensions>
          <distance>58378</distance>
        </extensions>
      </trkpt>
      <trkpt lat="46.02848" lon="7.29939">
        <ele>1776</ele>
        <extensions>
          <distance>58381</distance>
        </extensions>
      </trkpt>
      <trkpt lat="46.02847" lon="7.29951">
        <ele>1773</ele>
        <extensions>
          <distance>58391</distance>
        </extensions>
      </trkpt>
      <trkpt lat="46.02851" lon="7.29967">
        <ele>1765</ele>
        <extensions>
          <distance>58407</distance>
        </extensions>
      </trkpt>
      <trkpt lat="46.02848" lon="7.29979">
        <ele>1762</ele>
        <extensions>
          <distance>58417</distance>
        </extensions>
      </trkpt>
      <trkpt lat="46.02842" lon="7.30016">
        <ele>1762</ele>
        <extensions>
          <distance>58446</distance>
        </extensions>
      </trkpt>
      <trkpt lat="46.02837" lon="7.30023">
        <ele>1760</ele>
        <extensions>
          <distance>58454</distance>
        </extensions>
      </trkpt>
      <trkpt lat="46.02825" lon="7.30027">
        <ele>1756</ele>
        <extensions>
          <distance>58468</distance>
        </extensions>
      </trkpt>
      <trkpt lat="46.02816" lon="7.30045">
        <ele>1755</ele>
        <extensions>
          <distance>58485</distance>
        </extensions>
      </trkpt>
      <trkpt lat="46.02821" lon="7.30057">
        <ele>1755</ele>
        <extensions>
          <distance>58496</distance>
        </extensions>
      </trkpt>
      <trkpt lat="46.02825" lon="7.30054">
        <ele>1755</ele>
        <extensions>
          <distance>58501</distance>
        </extensions>
      </trkpt>
      <trkpt lat="46.02824" lon="7.3007">
        <ele>1750</ele>
        <extensions>
          <distance>58514</distance>
        </extensions>
      </trkpt>
      <trkpt lat="46.02835" lon="7.30069">
        <ele>1743</ele>
        <extensions>
          <distance>58528</distance>
        </extensions>
      </trkpt>
      <trkpt lat="46.02831" lon="7.30078">
        <ele>1742</ele>
        <extensions>
          <distance>58536</distance>
        </extensions>
      </trkpt>
      <trkpt lat="46.02831" lon="7.30088">
        <ele>1738</ele>
        <extensions>
          <distance>58545</distance>
        </extensions>
      </trkpt>
      <trkpt lat="46.02836" lon="7.30098">
        <ele>1732</ele>
        <extensions>
          <distance>58556</distance>
        </extensions>
      </trkpt>
      <trkpt lat="46.02844" lon="7.30096">
        <ele>1726</ele>
        <extensions>
          <distance>58567</distance>
        </extensions>
      </trkpt>
      <trkpt lat="46.02848" lon="7.30105">
        <ele>1720</ele>
        <extensions>
          <distance>58577</distance>
        </extensions>
      </trkpt>
      <trkpt lat="46.02848" lon="7.3012">
        <ele>1718</ele>
        <extensions>
          <distance>58589</distance>
        </extensions>
      </trkpt>
      <trkpt lat="46.02855" lon="7.30149">
        <ele>1712</ele>
        <extensions>
          <distance>58613</distance>
        </extensions>
      </trkpt>
      <trkpt lat="46.028625000000005" lon="7.301665">
        <ele>1704</ele>
        <extensions>
          <distance>58631</distance>
        </extensions>
      </trkpt>
      <trkpt lat="46.0287" lon="7.30184">
        <ele>1697</ele>
        <extensions>
          <distance>58649</distance>
        </extensions>
      </trkpt>
      <trkpt lat="46.02874" lon="7.30187">
        <ele>1694</ele>
        <extensions>
          <distance>58654</distance>
        </extensions>
      </trkpt>
      <trkpt lat="46.02881" lon="7.30211">
        <ele>1687</ele>
        <extensions>
          <distance>58676</distance>
        </extensions>
      </trkpt>
      <trkpt lat="46.02885" lon="7.30209">
        <ele>1683</ele>
        <extensions>
          <distance>58682</distance>
        </extensions>
      </trkpt>
      <trkpt lat="46.02888" lon="7.30196">
        <ele>1681</ele>
        <extensions>
          <distance>58693</distance>
        </extensions>
      </trkpt>
      <trkpt lat="46.02895" lon="7.302">
        <ele>1677</ele>
        <extensions>
          <distance>58702</distance>
        </extensions>
      </trkpt>
      <trkpt lat="46.02903" lon="7.30191">
        <ele>1673</ele>
        <extensions>
          <distance>58714</distance>
        </extensions>
      </trkpt>
      <trkpt lat="46.02917" lon="7.30201">
        <ele>1664</ele>
        <extensions>
          <distance>58733</distance>
        </extensions>
      </trkpt>
      <trkpt lat="46.02924" lon="7.30198">
        <ele>1660</ele>
        <extensions>
          <distance>58742</distance>
        </extensions>
      </trkpt>
      <trkpt lat="46.02931" lon="7.30185">
        <ele>1657</ele>
        <extensions>
          <distance>58756</distance>
        </extensions>
      </trkpt>
      <trkpt lat="46.02941" lon="7.30207">
        <ele>1650</ele>
        <extensions>
          <distance>58777</distance>
        </extensions>
      </trkpt>
      <trkpt lat="46.02942" lon="7.30198">
        <ele>1649</ele>
        <extensions>
          <distance>58784</distance>
        </extensions>
      </trkpt>
      <trkpt lat="46.02948" lon="7.30201">
        <ele>1645</ele>
        <extensions>
          <distance>58792</distance>
        </extensions>
      </trkpt>
      <trkpt lat="46.02958" lon="7.30192">
        <ele>1640</ele>
        <extensions>
          <distance>58806</distance>
        </extensions>
      </trkpt>
      <trkpt lat="46.02962" lon="7.30177">
        <ele>1639</ele>
        <extensions>
          <distance>58818</distance>
        </extensions>
      </trkpt>
      <trkpt lat="46.02978" lon="7.30165">
        <ele>1630</ele>
        <extensions>
          <distance>58840</distance>
        </extensions>
      </trkpt>
      <trkpt lat="46.02981" lon="7.30153">
        <ele>1627</ele>
        <extensions>
          <distance>58850</distance>
        </extensions>
      </trkpt>
      <trkpt lat="46.02991" lon="7.30124">
        <ele>1618</ele>
        <extensions>
          <distance>58877</distance>
        </extensions>
      </trkpt>
      <trkpt lat="46.02999" lon="7.30135">
        <ele>1615</ele>
        <extensions>
          <distance>58890</distance>
        </extensions>
      </trkpt>
      <trkpt lat="46.03008" lon="7.30137">
        <ele>1610</ele>
        <extensions>
          <distance>58901</distance>
        </extensions>
      </trkpt>
      <trkpt lat="46.03022" lon="7.3017">
        <ele>1602</ele>
        <extensions>
          <distance>58932</distance>
        </extensions>
      </trkpt>
      <trkpt lat="46.0303" lon="7.30151">
        <ele>1596</ele>
        <extensions>
          <distance>58950</distance>
        </extensions>
      </trkpt>
      <trkpt lat="46.03042" lon="7.30156">
        <ele>1588</ele>
        <extensions>
          <distance>58966</distance>
        </extensions>
      </trkpt>
      <trkpt lat="46.03048" lon="7.30144">
        <ele>1583</ele>
        <extensions>
          <distance>58979</distance>
        </extensions>
      </trkpt>
      <trkpt lat="46.03051" lon="7.30149">
        <ele>1581</ele>
        <extensions>
          <distance>58984</distance>
        </extensions>
      </trkpt>
      <trkpt lat="46.03059" lon="7.30122">
        <ele>1573</ele>
        <extensions>
          <distance>59008</distance>
        </extensions>
      </trkpt>
      <trkpt lat="46.03065" lon="7.30116">
        <ele>1568</ele>
        <extensions>
          <distance>59018</distance>
        </extensions>
      </trkpt>
      <trkpt lat="46.030825" lon="7.30137">
        <ele>1559</ele>
        <extensions>
          <distance>59045</distance>
        </extensions>
      </trkpt>
      <trkpt lat="46.031" lon="7.30158">
        <ele>1554</ele>
        <extensions>
          <distance>59070</distance>
        </extensions>
      </trkpt>
      <trkpt lat="46.03117" lon="7.30188">
        <ele>1553</ele>
        <extensions>
          <distance>59100</distance>
        </extensions>
      </trkpt>
      <trkpt lat="46.03118" lon="7.30198">
        <ele>1552</ele>
        <extensions>
          <distance>59108</distance>
        </extensions>
      </trkpt>
      <trkpt lat="46.031265000000005" lon="7.302215">
        <ele>1551</ele>
        <extensions>
          <distance>59129</distance>
        </extensions>
      </trkpt>
      <trkpt lat="46.03135" lon="7.30245">
        <ele>1547</ele>
        <extensions>
          <distance>59150</distance>
        </extensions>
      </trkpt>
      <trkpt lat="46.03136" lon="7.30265">
        <ele>1544</ele>
        <extensions>
          <distance>59166</distance>
        </extensions>
      </trkpt>
      <trkpt lat="46.03142" lon="7.3029">
        <ele>1540</ele>
        <extensions>
          <distance>59186</distance>
        </extensions>
      </trkpt>
      <trkpt lat="46.0315" lon="7.30304">
        <ele>1538</ele>
        <extensions>
          <distance>59200</distance>
        </extensions>
      </trkpt>
      <trkpt lat="46.031594999999996" lon="7.3034">
        <ele>1535</ele>
        <extensions>
          <distance>59230</distance>
        </extensions>
      </trkpt>
      <trkpt lat="46.03169" lon="7.30376">
        <ele>1530</ele>
        <extensions>
          <distance>59261</distance>
        </extensions>
      </trkpt>
      <trkpt lat="46.03176" lon="7.304">
        <ele>1526</ele>
        <extensions>
          <distance>59281</distance>
        </extensions>
      </trkpt>
      <trkpt lat="46.03183" lon="7.30424">
        <ele>1523</ele>
        <extensions>
          <distance>59302</distance>
        </extensions>
      </trkpt>
      <trkpt lat="46.031887499999996" lon="7.3044175">
        <ele>1521</ele>
        <extensions>
          <distance>59317</distance>
        </extensions>
      </trkpt>
      <trkpt lat="46.031945" lon="7.304595">
        <ele>1519</ele>
        <extensions>
          <distance>59332</distance>
        </extensions>
      </trkpt>
      <trkpt lat="46.032002500000004" lon="7.3047725">
        <ele>1516</ele>
        <extensions>
          <distance>59348</distance>
        </extensions>
      </trkpt>
      <trkpt lat="46.03206" lon="7.30495">
        <ele>1514</ele>
        <extensions>
          <distance>59363</distance>
        </extensions>
      </trkpt>
      <trkpt lat="46.032185" lon="7.305125">
        <ele>1510</ele>
        <extensions>
          <distance>59383</distance>
        </extensions>
      </trkpt>
      <trkpt lat="46.03231" lon="7.3053">
        <ele>1506</ele>
        <extensions>
          <distance>59403</distance>
        </extensions>
      </trkpt>
      <trkpt lat="46.03236" lon="7.30545">
        <ele>1504</ele>
        <extensions>
          <distance>59415</distance>
        </extensions>
      </trkpt>
      <trkpt lat="46.03239" lon="7.30567">
        <ele>1501</ele>
        <extensions>
          <distance>59433</distance>
        </extensions>
      </trkpt>
      <trkpt lat="46.03246" lon="7.30583">
        <ele>1499</ele>
        <extensions>
          <distance>59448</distance>
        </extensions>
      </trkpt>
      <trkpt lat="46.03268" lon="7.30596">
        <ele>1495</ele>
        <extensions>
          <distance>59475</distance>
        </extensions>
      </trkpt>
      <trkpt lat="46.03278" lon="7.30597">
        <ele>1495</ele>
        <extensions>
          <distance>59486</distance>
        </extensions>
      </trkpt>
      <trkpt lat="46.03279" lon="7.3062">
        <ele>1495</ele>
        <extensions>
          <distance>59504</distance>
        </extensions>
      </trkpt>
      <trkpt lat="46.032725" lon="7.306565">
        <ele>1495</ele>
        <extensions>
          <distance>59533</distance>
        </extensions>
      </trkpt>
      <trkpt lat="46.03266" lon="7.30693">
        <ele>1495</ele>
        <extensions>
          <distance>59562</distance>
        </extensions>
      </trkpt>
      <trkpt lat="46.03267" lon="7.30725">
        <ele>1495</ele>
        <extensions>
          <distance>59587</distance>
        </extensions>
      </trkpt>
      <trkpt lat="46.03276" lon="7.30751">
        <ele>1495</ele>
        <extensions>
          <distance>59609</distance>
        </extensions>
      </trkpt>
      <trkpt lat="46.03289" lon="7.30765">
        <ele>1495</ele>
        <extensions>
          <distance>59627</distance>
        </extensions>
      </trkpt>
      <trkpt lat="46.03306" lon="7.30743">
        <ele>1493</ele>
        <extensions>
          <distance>59653</distance>
        </extensions>
      </trkpt>
      <trkpt lat="46.033175" lon="7.307225">
        <ele>1492</ele>
        <extensions>
          <distance>59673</distance>
        </extensions>
      </trkpt>
      <trkpt lat="46.03329" lon="7.30702">
        <ele>1491</ele>
        <extensions>
          <distance>59694</distance>
        </extensions>
      </trkpt>
      <trkpt lat="46.0334" lon="7.30688">
        <ele>1489</ele>
        <extensions>
          <distance>59710</distance>
        </extensions>
      </trkpt>
      <trkpt lat="46.03351" lon="7.30674">
        <ele>1489</ele>
        <extensions>
          <distance>59726</distance>
        </extensions>
      </trkpt>
      <trkpt lat="46.03369" lon="7.30658">
        <ele>1489</ele>
        <extensions>
          <distance>59750</distance>
        </extensions>
      </trkpt>
      <trkpt lat="46.03375" lon="7.30649">
        <ele>1489</ele>
        <extensions>
          <distance>59760</distance>
        </extensions>
      </trkpt>
      <trkpt lat="46.033935" lon="7.306255">
        <ele>1491</ele>
        <extensions>
          <distance>59787</distance>
        </extensions>
      </trkpt>
      <trkpt lat="46.03412" lon="7.30602">
        <ele>1493</ele>
        <extensions>
          <distance>59815</distance>
        </extensions>
      </trkpt>
      <trkpt lat="46.0343" lon="7.3058700000000005">
        <ele>1495</ele>
        <extensions>
          <distance>59838</distance>
        </extensions>
      </trkpt>
      <trkpt lat="46.03448" lon="7.30572">
        <ele>1497</ele>
        <extensions>
          <distance>59861</distance>
        </extensions>
      </trkpt>
      <trkpt lat="46.0346" lon="7.30549">
        <ele>1498</ele>
        <extensions>
          <distance>59883</distance>
        </extensions>
      </trkpt>
      <trkpt lat="46.03467" lon="7.30523">
        <ele>1500</ele>
        <extensions>
          <distance>59905</distance>
        </extensions>
      </trkpt>
      <trkpt lat="46.03473" lon="7.30493">
        <ele>1503</ele>
        <extensions>
          <distance>59929</distance>
        </extensions>
      </trkpt>
      <trkpt lat="46.034755000000004" lon="7.3046299999999995">
        <ele>1503</ele>
        <extensions>
          <distance>59953</distance>
        </extensions>
      </trkpt>
      <trkpt lat="46.03478" lon="7.30433">
        <ele>1503</ele>
        <extensions>
          <distance>59976</distance>
        </extensions>
      </trkpt>
      <trkpt lat="46.034774999999996" lon="7.304115">
        <ele>1503</ele>
        <extensions>
          <distance>59993</distance>
        </extensions>
      </trkpt>
      <trkpt lat="46.034769999999995" lon="7.3039000000000005">
        <ele>1503</ele>
        <extensions>
          <distance>60009</distance>
        </extensions>
      </trkpt>
      <trkpt lat="46.03476499999999" lon="7.303685">
        <ele>1501</ele>
        <extensions>
          <distance>60026</distance>
        </extensions>
      </trkpt>
      <trkpt lat="46.03476" lon="7.30347">
        <ele>1499</ele>
        <extensions>
          <distance>60043</distance>
        </extensions>
      </trkpt>
      <trkpt lat="46.03471999999999" lon="7.3032">
        <ele>1496</ele>
        <extensions>
          <distance>60064</distance>
        </extensions>
      </trkpt>
      <trkpt lat="46.034679999999994" lon="7.30293">
        <ele>1495</ele>
        <extensions>
          <distance>60086</distance>
        </extensions>
      </trkpt>
      <trkpt lat="46.034639999999996" lon="7.3026599999999995">
        <ele>1493</ele>
        <extensions>
          <distance>60107</distance>
        </extensions>
      </trkpt>
      <trkpt lat="46.0346" lon="7.30239">
        <ele>1493</ele>
        <extensions>
          <distance>60128</distance>
        </extensions>
      </trkpt>
      <trkpt lat="46.03461" lon="7.30216">
        <ele>1492</ele>
        <extensions>
          <distance>60146</distance>
        </extensions>
      </trkpt>
      <trkpt lat="46.03457" lon="7.30199">
        <ele>1491</ele>
        <extensions>
          <distance>60160</distance>
        </extensions>
      </trkpt>
      <trkpt lat="46.03452" lon="7.30188">
        <ele>1491</ele>
        <extensions>
          <distance>60170</distance>
        </extensions>
      </trkpt>
      <trkpt lat="46.03435" lon="7.30158">
        <ele>1490</ele>
        <extensions>
          <distance>60200</distance>
        </extensions>
      </trkpt>
      <trkpt lat="46.03423" lon="7.30134">
        <ele>1484</ele>
        <extensions>
          <distance>60224</distance>
        </extensions>
      </trkpt>
      <trkpt lat="46.03423" lon="7.30121">
        <ele>1479</ele>
        <extensions>
          <distance>60235</distance>
        </extensions>
      </trkpt>
      <trkpt lat="46.03424" lon="7.30107">
        <ele>1473</ele>
        <extensions>
          <distance>60248</distance>
        </extensions>
      </trkpt>
      <trkpt lat="46.034355" lon="7.300940000000001">
        <ele>1469</ele>
        <extensions>
          <distance>60264</distance>
        </extensions>
      </trkpt>
      <trkpt lat="46.03447" lon="7.30081">
        <ele>1465</ele>
        <extensions>
          <distance>60281</distance>
        </extensions>
      </trkpt>
      <trkpt lat="46.034585" lon="7.30068">
        <ele>1464</ele>
        <extensions>
          <distance>60297</distance>
        </extensions>
      </trkpt>
      <trkpt lat="46.0347" lon="7.30055">
        <ele>1462</ele>
        <extensions>
          <distance>60314</distance>
        </extensions>
      </trkpt>
      <trkpt lat="46.03467" lon="7.30032">
        <ele>1455</ele>
        <extensions>
          <distance>60333</distance>
        </extensions>
      </trkpt>
      <trkpt lat="46.034769999999995" lon="7.30016">
        <ele>1454</ele>
        <extensions>
          <distance>60350</distance>
        </extensions>
      </trkpt>
      <trkpt lat="46.03487" lon="7.3">
        <ele>1453</ele>
        <extensions>
          <distance>60367</distance>
        </extensions>
      </trkpt>
      <trkpt lat="46.0349" lon="7.29979">
        <ele>1452</ele>
        <extensions>
          <distance>60383</distance>
        </extensions>
      </trkpt>
      <trkpt lat="46.03493" lon="7.29958">
        <ele>1449</ele>
        <extensions>
          <distance>60400</distance>
        </extensions>
      </trkpt>
      <trkpt lat="46.034945" lon="7.29937">
        <ele>1447</ele>
        <extensions>
          <distance>60416</distance>
        </extensions>
      </trkpt>
      <trkpt lat="46.03496" lon="7.29916">
        <ele>1445</ele>
        <extensions>
          <distance>60433</distance>
        </extensions>
      </trkpt>
      <trkpt lat="46.035" lon="7.29905">
        <ele>1445</ele>
        <extensions>
          <distance>60443</distance>
        </extensions>
      </trkpt>
      <trkpt lat="46.03508" lon="7.29889">
        <ele>1443</ele>
        <extensions>
          <distance>60458</distance>
        </extensions>
      </trkpt>
      <trkpt lat="46.03517" lon="7.29856">
        <ele>1431</ele>
        <extensions>
          <distance>60487</distance>
        </extensions>
      </trkpt>
      <trkpt lat="46.03518" lon="7.298360000000001">
        <ele>1423</ele>
        <extensions>
          <distance>60505</distance>
        </extensions>
      </trkpt>
      <trkpt lat="46.03519" lon="7.29816">
        <ele>1418</ele>
        <extensions>
          <distance>60521</distance>
        </extensions>
      </trkpt>
      <trkpt lat="46.035219999999995" lon="7.297925">
        <ele>1416</ele>
        <extensions>
          <distance>60539</distance>
        </extensions>
      </trkpt>
      <trkpt lat="46.03525" lon="7.29769">
        <ele>1415</ele>
        <extensions>
          <distance>60558</distance>
        </extensions>
      </trkpt>
      <trkpt lat="46.035242499999995" lon="7.297495">
        <ele>1411</ele>
        <extensions>
          <distance>60574</distance>
        </extensions>
      </trkpt>
      <trkpt lat="46.035235" lon="7.2973">
        <ele>1407</ele>
        <extensions>
          <distance>60589</distance>
        </extensions>
      </trkpt>
      <trkpt lat="46.035227500000005" lon="7.297105">
        <ele>1404</ele>
        <extensions>
          <distance>60605</distance>
        </extensions>
      </trkpt>
      <trkpt lat="46.03522" lon="7.29691">
        <ele>1401</ele>
        <extensions>
          <distance>60620</distance>
        </extensions>
      </trkpt>
      <trkpt lat="46.03525" lon="7.29655">
        <ele>1401</ele>
        <extensions>
          <distance>60648</distance>
        </extensions>
      </trkpt>
      <trkpt lat="46.03539" lon="7.29642">
        <ele>1401</ele>
        <extensions>
          <distance>60667</distance>
        </extensions>
      </trkpt>
      <trkpt lat="46.03557" lon="7.296415">
        <ele>1401</ele>
        <extensions>
          <distance>60687</distance>
        </extensions>
      </trkpt>
      <trkpt lat="46.03575" lon="7.29641">
        <ele>1402</ele>
        <extensions>
          <distance>60707</distance>
        </extensions>
      </trkpt>
      <trkpt lat="46.035915" lon="7.296250000000001">
        <ele>1402</ele>
        <extensions>
          <distance>60729</distance>
        </extensions>
      </trkpt>
      <trkpt lat="46.03608" lon="7.29609">
        <ele>1402</ele>
        <extensions>
          <distance>60751</distance>
        </extensions>
      </trkpt>
      <trkpt lat="46.036235" lon="7.2958325">
        <ele>1402</ele>
        <extensions>
          <distance>60777</distance>
        </extensions>
      </trkpt>
      <trkpt lat="46.03639" lon="7.295575">
        <ele>1395</ele>
        <extensions>
          <distance>60804</distance>
        </extensions>
      </trkpt>
      <trkpt lat="46.036545000000004" lon="7.2953175">
        <ele>1392</ele>
        <extensions>
          <distance>60830</distance>
        </extensions>
      </trkpt>
      <trkpt lat="46.0367" lon="7.29506">
        <ele>1391</ele>
        <extensions>
          <distance>60857</distance>
        </extensions>
      </trkpt>
      <trkpt lat="46.036775000000006" lon="7.29488">
        <ele>1388</ele>
        <extensions>
          <distance>60873</distance>
        </extensions>
      </trkpt>
      <trkpt lat="46.03685" lon="7.2947">
        <ele>1386</ele>
        <extensions>
          <distance>60889</distance>
        </extensions>
      </trkpt>
      <trkpt lat="46.03692" lon="7.29446">
        <ele>1377</ele>
        <extensions>
          <distance>60911</distance>
        </extensions>
      </trkpt>
      <trkpt lat="46.03699" lon="7.29422">
        <ele>1370</ele>
        <extensions>
          <distance>60932</distance>
        </extensions>
      </trkpt>
      <trkpt lat="46.03707" lon="7.29399">
        <ele>1368</ele>
        <extensions>
          <distance>60952</distance>
        </extensions>
      </trkpt>
      <trkpt lat="46.037130000000005" lon="7.2937899999999996">
        <ele>1366</ele>
        <extensions>
          <distance>60969</distance>
        </extensions>
      </trkpt>
      <trkpt lat="46.03719" lon="7.29359">
        <ele>1364</ele>
        <extensions>
          <distance>60986</distance>
        </extensions>
      </trkpt>
      <trkpt lat="46.037175000000005" lon="7.2932950000000005">
        <ele>1363</ele>
        <extensions>
          <distance>61009</distance>
        </extensions>
      </trkpt>
      <trkpt lat="46.03716" lon="7.293">
        <ele>1361</ele>
        <extensions>
          <distance>61032</distance>
        </extensions>
      </trkpt>
      <trkpt lat="46.03725" lon="7.29277">
        <ele>1361</ele>
        <extensions>
          <distance>61053</distance>
        </extensions>
      </trkpt>
      <trkpt lat="46.037225" lon="7.29256">
        <ele>1358</ele>
        <extensions>
          <distance>61069</distance>
        </extensions>
      </trkpt>
      <trkpt lat="46.0372" lon="7.29235">
        <ele>1355</ele>
        <extensions>
          <distance>61086</distance>
        </extensions>
      </trkpt>
      <trkpt lat="46.03724" lon="7.29224">
        <ele>1355</ele>
        <extensions>
          <distance>61096</distance>
        </extensions>
      </trkpt>
      <trkpt lat="46.037385" lon="7.291919999999999">
        <ele>1355</ele>
        <extensions>
          <distance>61125</distance>
        </extensions>
      </trkpt>
      <trkpt lat="46.03753" lon="7.2916">
        <ele>1355</ele>
        <extensions>
          <distance>61155</distance>
        </extensions>
      </trkpt>
      <trkpt lat="46.0376" lon="7.29153">
        <ele>1356</ele>
        <extensions>
          <distance>61164</distance>
        </extensions>
      </trkpt>
      <trkpt lat="46.03772" lon="7.291435">
        <ele>1356</ele>
        <extensions>
          <distance>61180</distance>
        </extensions>
      </trkpt>
      <trkpt lat="46.03784" lon="7.29134">
        <ele>1356</ele>
        <extensions>
          <distance>61195</distance>
        </extensions>
      </trkpt>
      <trkpt lat="46.03799" lon="7.2912">
        <ele>1356</ele>
        <extensions>
          <distance>61215</distance>
        </extensions>
      </trkpt>
      <trkpt lat="46.038115000000005" lon="7.2911">
        <ele>1353</ele>
        <extensions>
          <distance>61231</distance>
        </extensions>
      </trkpt>
      <trkpt lat="46.03824" lon="7.291">
        <ele>1353</ele>
        <extensions>
          <distance>61246</distance>
        </extensions>
      </trkpt>
      <trkpt lat="46.0384" lon="7.29081">
        <ele>1353</ele>
        <extensions>
          <distance>61270</distance>
        </extensions>
      </trkpt>
      <trkpt lat="46.038470000000004" lon="7.290598749999999">
        <ele>1353</ele>
        <extensions>
          <distance>61288</distance>
        </extensions>
      </trkpt>
      <trkpt lat="46.03854" lon="7.2903875">
        <ele>1355</ele>
        <extensions>
          <distance>61306</distance>
        </extensions>
      </trkpt>
      <trkpt lat="46.03861" lon="7.29017625">
        <ele>1356</ele>
        <extensions>
          <distance>61324</distance>
        </extensions>
      </trkpt>
      <trkpt lat="46.03868" lon="7.289965">
        <ele>1357</ele>
        <extensions>
          <distance>61342</distance>
        </extensions>
      </trkpt>
      <trkpt lat="46.03875" lon="7.289753749999999">
        <ele>1357</ele>
        <extensions>
          <distance>61360</distance>
        </extensions>
      </trkpt>
      <trkpt lat="46.03882" lon="7.2895425">
        <ele>1358</ele>
        <extensions>
          <distance>61378</distance>
        </extensions>
      </trkpt>
      <trkpt lat="46.03889" lon="7.28933125">
        <ele>1358</ele>
        <extensions>
          <distance>61396</distance>
        </extensions>
      </trkpt>
      <trkpt lat="46.03896" lon="7.28912">
        <ele>1358</ele>
        <extensions>
          <distance>61414</distance>
        </extensions>
      </trkpt>
      <trkpt lat="46.0391" lon="7.28889">
        <ele>1358</ele>
        <extensions>
          <distance>61438</distance>
        </extensions>
      </trkpt>
      <trkpt lat="46.03926" lon="7.2887">
        <ele>1357</ele>
        <extensions>
          <distance>61461</distance>
        </extensions>
      </trkpt>
      <trkpt lat="46.03941" lon="7.28856">
        <ele>1357</ele>
        <extensions>
          <distance>61481</distance>
        </extensions>
      </trkpt>
      <trkpt lat="46.0395525" lon="7.2884400000000005">
        <ele>1357</ele>
        <extensions>
          <distance>61499</distance>
        </extensions>
      </trkpt>
      <trkpt lat="46.039694999999995" lon="7.288320000000001">
        <ele>1356</ele>
        <extensions>
          <distance>61518</distance>
        </extensions>
      </trkpt>
      <trkpt lat="46.0398375" lon="7.2882">
        <ele>1354</ele>
        <extensions>
          <distance>61536</distance>
        </extensions>
      </trkpt>
      <trkpt lat="46.03998" lon="7.28808">
        <ele>1354</ele>
        <extensions>
          <distance>61555</distance>
        </extensions>
      </trkpt>
      <trkpt lat="46.0400625" lon="7.287775">
        <ele>1352</ele>
        <extensions>
          <distance>61580</distance>
        </extensions>
      </trkpt>
      <trkpt lat="46.040144999999995" lon="7.28747">
        <ele>1351</ele>
        <extensions>
          <distance>61605</distance>
        </extensions>
      </trkpt>
      <trkpt lat="46.0402275" lon="7.287165">
        <ele>1351</ele>
        <extensions>
          <distance>61631</distance>
        </extensions>
      </trkpt>
      <trkpt lat="46.04031" lon="7.28686">
        <ele>1350</ele>
        <extensions>
          <distance>61656</distance>
        </extensions>
      </trkpt>
      <trkpt lat="46.0403625" lon="7.2865825">
        <ele>1349</ele>
        <extensions>
          <distance>61678</distance>
        </extensions>
      </trkpt>
      <trkpt lat="46.040414999999996" lon="7.2863050000000005">
        <ele>1347</ele>
        <extensions>
          <distance>61701</distance>
        </extensions>
      </trkpt>
      <trkpt lat="46.0404675" lon="7.2860275">
        <ele>1347</ele>
        <extensions>
          <distance>61723</distance>
        </extensions>
      </trkpt>
      <trkpt lat="46.04052" lon="7.28575">
        <ele>1347</ele>
        <extensions>
          <distance>61745</distance>
        </extensions>
      </trkpt>
      <trkpt lat="46.04068" lon="7.28556">
        <ele>1346</ele>
        <extensions>
          <distance>61768</distance>
        </extensions>
      </trkpt>
      <trkpt lat="46.04091" lon="7.28545">
        <ele>1345</ele>
        <extensions>
          <distance>61795</distance>
        </extensions>
      </trkpt>
      <trkpt lat="46.041084999999995" lon="7.285265">
        <ele>1344</ele>
        <extensions>
          <distance>61819</distance>
        </extensions>
      </trkpt>
      <trkpt lat="46.04126" lon="7.28508">
        <ele>1344</ele>
        <extensions>
          <distance>61843</distance>
        </extensions>
      </trkpt>
      <trkpt lat="46.04146" lon="7.28496">
        <ele>1341</ele>
        <extensions>
          <distance>61868</distance>
        </extensions>
      </trkpt>
      <trkpt lat="46.04163" lon="7.284765">
        <ele>1336</ele>
        <extensions>
          <distance>61892</distance>
        </extensions>
      </trkpt>
      <trkpt lat="46.0418" lon="7.28457">
        <ele>1333</ele>
        <extensions>
          <distance>61917</distance>
        </extensions>
      </trkpt>
      <trkpt lat="46.04196" lon="7.28435">
        <ele>1329</ele>
        <extensions>
          <distance>61942</distance>
        </extensions>
      </trkpt>
      <trkpt lat="46.04212" lon="7.28413">
        <ele>1329</ele>
        <extensions>
          <distance>61966</distance>
        </extensions>
      </trkpt>
      <trkpt lat="46.04233" lon="7.28403">
        <ele>1329</ele>
        <extensions>
          <distance>61991</distance>
        </extensions>
      </trkpt>
      <trkpt lat="46.042519999999996" lon="7.283989999999999">
        <ele>1327</ele>
        <extensions>
          <distance>62012</distance>
        </extensions>
      </trkpt>
      <trkpt lat="46.04271" lon="7.28395">
        <ele>1326</ele>
        <extensions>
          <distance>62034</distance>
        </extensions>
      </trkpt>
      <trkpt lat="46.042915" lon="7.2838650000000005">
        <ele>1326</ele>
        <extensions>
          <distance>62057</distance>
        </extensions>
      </trkpt>
      <trkpt lat="46.04312" lon="7.28378">
        <ele>1322</ele>
        <extensions>
          <distance>62081</distance>
        </extensions>
      </trkpt>
      <trkpt lat="46.043305000000004" lon="7.283635">
        <ele>1318</ele>
        <extensions>
          <distance>62105</distance>
        </extensions>
      </trkpt>
      <trkpt lat="46.04349" lon="7.28349">
        <ele>1317</ele>
        <extensions>
          <distance>62128</distance>
        </extensions>
      </trkpt>
      <trkpt lat="46.04363" lon="7.28329">
        <ele>1316</ele>
        <extensions>
          <distance>62150</distance>
        </extensions>
      </trkpt>
      <trkpt lat="46.0437" lon="7.28298">
        <ele>1313</ele>
        <extensions>
          <distance>62176</distance>
        </extensions>
      </trkpt>
      <trkpt lat="46.043835" lon="7.282745">
        <ele>1310</ele>
        <extensions>
          <distance>62199</distance>
        </extensions>
      </trkpt>
      <trkpt lat="46.04397" lon="7.28251">
        <ele>1304</ele>
        <extensions>
          <distance>62224</distance>
        </extensions>
      </trkpt>
      <trkpt lat="46.044055" lon="7.282265000000001">
        <ele>1302</ele>
        <extensions>
          <distance>62245</distance>
        </extensions>
      </trkpt>
      <trkpt lat="46.04414" lon="7.28202">
        <ele>1302</ele>
        <extensions>
          <distance>62266</distance>
        </extensions>
      </trkpt>
      <trkpt lat="46.044105" lon="7.28174">
        <ele>1297</ele>
        <extensions>
          <distance>62289</distance>
        </extensions>
      </trkpt>
      <trkpt lat="46.04407" lon="7.28146">
        <ele>1292</ele>
        <extensions>
          <distance>62311</distance>
        </extensions>
      </trkpt>
      <trkpt lat="46.04409" lon="7.28122">
        <ele>1288</ele>
        <extensions>
          <distance>62330</distance>
        </extensions>
      </trkpt>
      <trkpt lat="46.0441425" lon="7.281035">
        <ele>1287</ele>
        <extensions>
          <distance>62346</distance>
        </extensions>
      </trkpt>
      <trkpt lat="46.044195" lon="7.28085">
        <ele>1287</ele>
        <extensions>
          <distance>62361</distance>
        </extensions>
      </trkpt>
      <trkpt lat="46.0442475" lon="7.280665">
        <ele>1286</ele>
        <extensions>
          <distance>62377</distance>
        </extensions>
      </trkpt>
      <trkpt lat="46.0443" lon="7.28048">
        <ele>1284</ele>
        <extensions>
          <distance>62392</distance>
        </extensions>
      </trkpt>
      <trkpt lat="46.04429" lon="7.2802">
        <ele>1278</ele>
        <extensions>
          <distance>62415</distance>
        </extensions>
      </trkpt>
      <trkpt lat="46.04434" lon="7.2799">
        <ele>1278</ele>
        <extensions>
          <distance>62439</distance>
        </extensions>
      </trkpt>
      <trkpt lat="46.04446" lon="7.27966">
        <ele>1278</ele>
        <extensions>
          <distance>62462</distance>
        </extensions>
      </trkpt>
      <trkpt lat="46.04458" lon="7.27942">
        <ele>1278</ele>
        <extensions>
          <distance>62484</distance>
        </extensions>
      </trkpt>
      <trkpt lat="46.04465" lon="7.27933">
        <ele>1278</ele>
        <extensions>
          <distance>62495</distance>
        </extensions>
      </trkpt>
      <trkpt lat="46.04475" lon="7.27917">
        <ele>1278</ele>
        <extensions>
          <distance>62511</distance>
        </extensions>
      </trkpt>
      <trkpt lat="46.04489" lon="7.27905">
        <ele>1278</ele>
        <extensions>
          <distance>62530</distance>
        </extensions>
      </trkpt>
      <trkpt lat="46.04491" lon="7.27886">
        <ele>1278</ele>
        <extensions>
          <distance>62544</distance>
        </extensions>
      </trkpt>
      <trkpt lat="46.04479" lon="7.2788">
        <ele>1272</ele>
        <extensions>
          <distance>62559</distance>
        </extensions>
      </trkpt>
      <trkpt lat="46.04458" lon="7.27881">
        <ele>1265</ele>
        <extensions>
          <distance>62583</distance>
        </extensions>
      </trkpt>
      <trkpt lat="46.0446" lon="7.27871">
        <ele>1264</ele>
        <extensions>
          <distance>62591</distance>
        </extensions>
      </trkpt>
      <trkpt lat="46.04475" lon="7.27846">
        <ele>1259</ele>
        <extensions>
          <distance>62617</distance>
        </extensions>
      </trkpt>
      <trkpt lat="46.0447" lon="7.27837">
        <ele>1255</ele>
        <extensions>
          <distance>62627</distance>
        </extensions>
      </trkpt>
      <trkpt lat="46.04467" lon="7.27818">
        <ele>1248</ele>
        <extensions>
          <distance>62644</distance>
        </extensions>
      </trkpt>
      <trkpt lat="46.044855" lon="7.278065">
        <ele>1248</ele>
        <extensions>
          <distance>62666</distance>
        </extensions>
      </trkpt>
      <trkpt lat="46.04504" lon="7.27795">
        <ele>1247</ele>
        <extensions>
          <distance>62688</distance>
        </extensions>
      </trkpt>
      <trkpt lat="46.04509" lon="7.27788">
        <ele>1247</ele>
        <extensions>
          <distance>62696</distance>
        </extensions>
      </trkpt>
      <trkpt lat="46.04517" lon="7.277685">
        <ele>1243</ele>
        <extensions>
          <distance>62714</distance>
        </extensions>
      </trkpt>
      <trkpt lat="46.04525" lon="7.27749">
        <ele>1236</ele>
        <extensions>
          <distance>62733</distance>
        </extensions>
      </trkpt>
      <trkpt lat="46.04537" lon="7.27736">
        <ele>1235</ele>
        <extensions>
          <distance>62749</distance>
        </extensions>
      </trkpt>
      <trkpt lat="46.04525" lon="7.27731">
        <ele>1227</ele>
        <extensions>
          <distance>62765</distance>
        </extensions>
      </trkpt>
      <trkpt lat="46.04534" lon="7.27696">
        <ele>1216</ele>
        <extensions>
          <distance>62796</distance>
        </extensions>
      </trkpt>
      <trkpt lat="46.045335" lon="7.27674">
        <ele>1209</ele>
        <extensions>
          <distance>62814</distance>
        </extensions>
      </trkpt>
      <trkpt lat="46.04533" lon="7.27652">
        <ele>1205</ele>
        <extensions>
          <distance>62831</distance>
        </extensions>
      </trkpt>
      <trkpt lat="46.04537" lon="7.27647">
        <ele>1203</ele>
        <extensions>
          <distance>62837</distance>
        </extensions>
      </trkpt>
      <trkpt lat="46.04549" lon="7.27642">
        <ele>1203</ele>
        <extensions>
          <distance>62851</distance>
        </extensions>
      </trkpt>
      <trkpt lat="46.04553" lon="7.27633">
        <ele>1202</ele>
        <extensions>
          <distance>62860</distance>
        </extensions>
      </trkpt>
      <trkpt lat="46.0456" lon="7.27599">
        <ele>1192</ele>
        <extensions>
          <distance>62889</distance>
        </extensions>
      </trkpt>
      <trkpt lat="46.04567" lon="7.27565">
        <ele>1180</ele>
        <extensions>
          <distance>62919</distance>
        </extensions>
      </trkpt>
      <trkpt lat="46.04579" lon="7.27534">
        <ele>1179</ele>
        <extensions>
          <distance>62946</distance>
        </extensions>
      </trkpt>
      <trkpt lat="46.045925" lon="7.27536">
        <ele>1179</ele>
        <extensions>
          <distance>62961</distance>
        </extensions>
      </trkpt>
      <trkpt lat="46.04606" lon="7.27538">
        <ele>1179</ele>
        <extensions>
          <distance>62976</distance>
        </extensions>
      </trkpt>
      <trkpt lat="46.0462" lon="7.27541">
        <ele>1175</ele>
        <extensions>
          <distance>62992</distance>
        </extensions>
      </trkpt>
      <trkpt lat="46.04634" lon="7.27544">
        <ele>1175</ele>
        <extensions>
          <distance>63008</distance>
        </extensions>
      </trkpt>
      <trkpt lat="46.04647" lon="7.27529">
        <ele>1175</ele>
        <extensions>
          <distance>63027</distance>
        </extensions>
      </trkpt>
      <trkpt lat="46.04646" lon="7.27504">
        <ele>1167</ele>
        <extensions>
          <distance>63047</distance>
        </extensions>
      </trkpt>
      <trkpt lat="46.04651" lon="7.27478">
        <ele>1160</ele>
        <extensions>
          <distance>63069</distance>
        </extensions>
      </trkpt>
      <trkpt lat="46.04651" lon="7.2744">
        <ele>1150</ele>
        <extensions>
          <distance>63100</distance>
        </extensions>
      </trkpt>
      <trkpt lat="46.04655" lon="7.27409">
        <ele>1147</ele>
        <extensions>
          <distance>63124</distance>
        </extensions>
      </trkpt>
      <trkpt lat="46.0466275" lon="7.2738675">
        <ele>1147</ele>
        <extensions>
          <distance>63144</distance>
        </extensions>
      </trkpt>
      <trkpt lat="46.046705" lon="7.273645">
        <ele>1145</ele>
        <extensions>
          <distance>63163</distance>
        </extensions>
      </trkpt>
      <trkpt lat="46.046782500000006" lon="7.273422500000001">
        <ele>1142</ele>
        <extensions>
          <distance>63182</distance>
        </extensions>
      </trkpt>
      <trkpt lat="46.04686" lon="7.2732">
        <ele>1140</ele>
        <extensions>
          <distance>63202</distance>
        </extensions>
      </trkpt>
      <trkpt lat="46.046955" lon="7.27286">
        <ele>1137</ele>
        <extensions>
          <distance>63230</distance>
        </extensions>
      </trkpt>
      <trkpt lat="46.04705" lon="7.27252">
        <ele>1135</ele>
        <extensions>
          <distance>63258</distance>
        </extensions>
      </trkpt>
      <trkpt lat="46.04705" lon="7.27219">
        <ele>1129</ele>
        <extensions>
          <distance>63285</distance>
        </extensions>
      </trkpt>
      <trkpt lat="46.04705" lon="7.27186">
        <ele>1124</ele>
        <extensions>
          <distance>63311</distance>
        </extensions>
      </trkpt>
      <trkpt lat="46.047005" lon="7.271504999999999">
        <ele>1119</ele>
        <extensions>
          <distance>63339</distance>
        </extensions>
      </trkpt>
      <trkpt lat="46.04696" lon="7.27115">
        <ele>1112</ele>
        <extensions>
          <distance>63368</distance>
        </extensions>
      </trkpt>
      <trkpt lat="46.0469575" lon="7.270954999999999">
        <ele>1109</ele>
        <extensions>
          <distance>63383</distance>
        </extensions>
      </trkpt>
      <trkpt lat="46.046955" lon="7.270759999999999">
        <ele>1107</ele>
        <extensions>
          <distance>63398</distance>
        </extensions>
      </trkpt>
      <trkpt lat="46.0469525" lon="7.2705649999999995">
        <ele>1104</ele>
        <extensions>
          <distance>63414</distance>
        </extensions>
      </trkpt>
      <trkpt lat="46.04695" lon="7.27037">
        <ele>1102</ele>
        <extensions>
          <distance>63429</distance>
        </extensions>
      </trkpt>
      <trkpt lat="46.04694" lon="7.27023">
        <ele>1102</ele>
        <extensions>
          <distance>63440</distance>
        </extensions>
      </trkpt>
      <trkpt lat="46.04696" lon="7.27006">
        <ele>1101</ele>
        <extensions>
          <distance>63453</distance>
        </extensions>
      </trkpt>
      <trkpt lat="46.047025" lon="7.269875">
        <ele>1100</ele>
        <extensions>
          <distance>63469</distance>
        </extensions>
      </trkpt>
      <trkpt lat="46.04709" lon="7.26969">
        <ele>1100</ele>
        <extensions>
          <distance>63485</distance>
        </extensions>
      </trkpt>
      <trkpt lat="46.04721" lon="7.2694849999999995">
        <ele>1100</ele>
        <extensions>
          <distance>63506</distance>
        </extensions>
      </trkpt>
      <trkpt lat="46.04733" lon="7.26928">
        <ele>1099</ele>
        <extensions>
          <distance>63527</distance>
        </extensions>
      </trkpt>
      <trkpt lat="46.047455" lon="7.269115">
        <ele>1098</ele>
        <extensions>
          <distance>63546</distance>
        </extensions>
      </trkpt>
      <trkpt lat="46.04758" lon="7.26895">
        <ele>1095</ele>
        <extensions>
          <distance>63565</distance>
        </extensions>
      </trkpt>
      <trkpt lat="46.04761" lon="7.26883">
        <ele>1095</ele>
        <extensions>
          <distance>63575</distance>
        </extensions>
      </trkpt>
      <trkpt lat="46.04759" lon="7.26862">
        <ele>1094</ele>
        <extensions>
          <distance>63591</distance>
        </extensions>
      </trkpt>
      <trkpt lat="46.04772" lon="7.26851">
        <ele>1094</ele>
        <extensions>
          <distance>63608</distance>
        </extensions>
      </trkpt>
      <trkpt lat="46.04792" lon="7.26825">
        <ele>1094</ele>
        <extensions>
          <distance>63638</distance>
        </extensions>
      </trkpt>
      <trkpt lat="46.04803" lon="7.268045">
        <ele>1094</ele>
        <extensions>
          <distance>63658</distance>
        </extensions>
      </trkpt>
      <trkpt lat="46.04814" lon="7.26784">
        <ele>1096</ele>
        <extensions>
          <distance>63678</distance>
        </extensions>
      </trkpt>
      <trkpt lat="46.04825" lon="7.26817">
        <ele>1096</ele>
        <extensions>
          <distance>63706</distance>
        </extensions>
      </trkpt>
      <trkpt lat="46.04832" lon="7.26809">
        <ele>1096</ele>
        <extensions>
          <distance>63716</distance>
        </extensions>
      </trkpt>
      <trkpt lat="46.04839" lon="7.2678525">
        <ele>1098</ele>
        <extensions>
          <distance>63736</distance>
        </extensions>
      </trkpt>
      <trkpt lat="46.04846" lon="7.267615">
        <ele>1099</ele>
        <extensions>
          <distance>63756</distance>
        </extensions>
      </trkpt>
      <trkpt lat="46.04853" lon="7.2673775">
        <ele>1099</ele>
        <extensions>
          <distance>63776</distance>
        </extensions>
      </trkpt>
      <trkpt lat="46.0486" lon="7.26714">
        <ele>1099</ele>
        <extensions>
          <distance>63796</distance>
        </extensions>
      </trkpt>
      <trkpt lat="46.048675" lon="7.2669775">
        <ele>1099</ele>
        <extensions>
          <distance>63811</distance>
        </extensions>
      </trkpt>
      <trkpt lat="46.04875" lon="7.266815">
        <ele>1099</ele>
        <extensions>
          <distance>63826</distance>
        </extensions>
      </trkpt>
      <trkpt lat="46.048825" lon="7.2666525">
        <ele>1098</ele>
        <extensions>
          <distance>63841</distance>
        </extensions>
      </trkpt>
      <trkpt lat="46.0489" lon="7.26649">
        <ele>1098</ele>
        <extensions>
          <distance>63856</distance>
        </extensions>
      </trkpt>
      <trkpt lat="46.04894" lon="7.26638">
        <ele>1097</ele>
        <extensions>
          <distance>63866</distance>
        </extensions>
      </trkpt>
      <trkpt lat="46.049040000000005" lon="7.266159999999999">
        <ele>1096</ele>
        <extensions>
          <distance>63886</distance>
        </extensions>
      </trkpt>
      <trkpt lat="46.04914" lon="7.26594">
        <ele>1094</ele>
        <extensions>
          <distance>63907</distance>
        </extensions>
      </trkpt>
      <trkpt lat="46.04924" lon="7.26565">
        <ele>1094</ele>
        <extensions>
          <distance>63932</distance>
        </extensions>
      </trkpt>
      <trkpt lat="46.04936" lon="7.26579">
        <ele>1094</ele>
        <extensions>
          <distance>63949</distance>
        </extensions>
      </trkpt>
      <trkpt lat="46.04948" lon="7.26593">
        <ele>1094</ele>
        <extensions>
          <distance>63966</distance>
        </extensions>
      </trkpt>
      <trkpt lat="46.0497" lon="7.26594">
        <ele>1098</ele>
        <extensions>
          <distance>63991</distance>
        </extensions>
      </trkpt>
      <trkpt lat="46.04995" lon="7.26582">
        <ele>1098</ele>
        <extensions>
          <distance>64020</distance>
        </extensions>
      </trkpt>
      <trkpt lat="46.05008" lon="7.26575">
        <ele>1098</ele>
        <extensions>
          <distance>64035</distance>
        </extensions>
      </trkpt>
      <trkpt lat="46.05021" lon="7.26568">
        <ele>1098</ele>
        <extensions>
          <distance>64051</distance>
        </extensions>
      </trkpt>
      <trkpt lat="46.050399999999996" lon="7.265565">
        <ele>1098</ele>
        <extensions>
          <distance>64074</distance>
        </extensions>
      </trkpt>
      <trkpt lat="46.05059" lon="7.2654499999999995">
        <ele>1098</ele>
        <extensions>
          <distance>64097</distance>
        </extensions>
      </trkpt>
      <trkpt lat="46.05078" lon="7.265335">
        <ele>1098</ele>
        <extensions>
          <distance>64120</distance>
        </extensions>
      </trkpt>
      <trkpt lat="46.05097" lon="7.26522">
        <ele>1098</ele>
        <extensions>
          <distance>64143</distance>
        </extensions>
      </trkpt>
      <trkpt lat="46.05097" lon="7.26509">
        <ele>1097</ele>
        <extensions>
          <distance>64153</distance>
        </extensions>
      </trkpt>
      <trkpt lat="46.050952499999994" lon="7.2648475">
        <ele>1093</ele>
        <extensions>
          <distance>64172</distance>
        </extensions>
      </trkpt>
      <trkpt lat="46.050934999999996" lon="7.2646049999999995">
        <ele>1089</ele>
        <extensions>
          <distance>64191</distance>
        </extensions>
      </trkpt>
      <trkpt lat="46.0509175" lon="7.2643625">
        <ele>1084</ele>
        <extensions>
          <distance>64210</distance>
        </extensions>
      </trkpt>
      <trkpt lat="46.0509" lon="7.26412">
        <ele>1080</ele>
        <extensions>
          <distance>64230</distance>
        </extensions>
      </trkpt>
      <trkpt lat="46.0510675" lon="7.2641125">
        <ele>1079</ele>
        <extensions>
          <distance>64248</distance>
        </extensions>
      </trkpt>
      <trkpt lat="46.051235" lon="7.264105000000001">
        <ele>1077</ele>
        <extensions>
          <distance>64267</distance>
        </extensions>
      </trkpt>
      <trkpt lat="46.051402499999995" lon="7.2640975">
        <ele>1076</ele>
        <extensions>
          <distance>64286</distance>
        </extensions>
      </trkpt>
      <trkpt lat="46.05157" lon="7.26409">
        <ele>1075.5</ele>
        <extensions>
          <distance>64304</distance>
        </extensions>
      </trkpt>
      <trkpt lat="46.05176" lon="7.263985">
        <ele>1075.5</ele>
        <extensions>
          <distance>64327</distance>
        </extensions>
      </trkpt>
      <trkpt lat="46.05195" lon="7.26388">
        <ele>1075.5</ele>
        <extensions>
          <distance>64349</distance>
        </extensions>
      </trkpt>
      <trkpt lat="46.052035000000004" lon="7.264115">
        <ele>1075.5</ele>
        <extensions>
          <distance>64370</distance>
        </extensions>
      </trkpt>
      <trkpt lat="46.05212" lon="7.26435">
        <ele>1081</ele>
        <extensions>
          <distance>64391</distance>
        </extensions>
      </trkpt>
      <trkpt lat="46.05221" lon="7.26441">
        <ele>1083</ele>
        <extensions>
          <distance>64402</distance>
        </extensions>
      </trkpt>
      <trkpt lat="46.05231" lon="7.2644">
        <ele>1083</ele>
        <extensions>
          <distance>64413</distance>
        </extensions>
      </trkpt>
      <trkpt lat="46.05235" lon="7.26471">
        <ele>1084.5</ele>
        <extensions>
          <distance>64437</distance>
        </extensions>
      </trkpt>
      <trkpt lat="46.0525075" lon="7.2647075">
        <ele>1084.5</ele>
        <extensions>
          <distance>64455</distance>
        </extensions>
      </trkpt>
      <trkpt lat="46.052665" lon="7.264705">
        <ele>1084.5</ele>
        <extensions>
          <distance>64472</distance>
        </extensions>
      </trkpt>
      <trkpt lat="46.0528225" lon="7.2647025">
        <ele>1085</ele>
        <extensions>
          <distance>64490</distance>
        </extensions>
      </trkpt>
      <trkpt lat="46.05298" lon="7.2647">
        <ele>1085</ele>
        <extensions>
          <distance>64507</distance>
        </extensions>
      </trkpt>
      <trkpt lat="46.05311" lon="7.26469">
        <ele>1085</ele>
        <extensions>
          <distance>64522</distance>
        </extensions>
      </trkpt>
      <trkpt lat="46.05331" lon="7.26476">
        <ele>1086</ele>
        <extensions>
          <distance>64545</distance>
        </extensions>
      </trkpt>
      <trkpt lat="46.05345" lon="7.26485">
        <ele>1087</ele>
        <extensions>
          <distance>64562</distance>
        </extensions>
      </trkpt>
      <trkpt lat="46.05336" lon="7.26489">
        <ele>1088</ele>
        <extensions>
          <distance>64572</distance>
        </extensions>
      </trkpt>
      <trkpt lat="46.05325" lon="7.26507">
        <ele>1091</ele>
        <extensions>
          <distance>64591</distance>
        </extensions>
      </trkpt>
      <trkpt lat="46.05322" lon="7.26536">
        <ele>1096</ele>
        <extensions>
          <distance>64614</distance>
        </extensions>
      </trkpt>
      <trkpt lat="46.053235" lon="7.2655625">
        <ele>1099.25</ele>
        <extensions>
          <distance>64630</distance>
        </extensions>
      </trkpt>
      <trkpt lat="46.053250000000006" lon="7.265765">
        <ele>1102.5</ele>
        <extensions>
          <distance>64646</distance>
        </extensions>
      </trkpt>
      <trkpt lat="46.053265" lon="7.2659675">
        <ele>1105.75</ele>
        <extensions>
          <distance>64662</distance>
        </extensions>
      </trkpt>
      <trkpt lat="46.05328" lon="7.26617">
        <ele>1109</ele>
        <extensions>
          <distance>64679</distance>
        </extensions>
      </trkpt>
      <trkpt lat="46.053255" lon="7.26638">
        <ele>1112</ele>
        <extensions>
          <distance>64695</distance>
        </extensions>
      </trkpt>
      <trkpt lat="46.05323" lon="7.26659">
        <ele>1115</ele>
        <extensions>
          <distance>64712</distance>
        </extensions>
      </trkpt>
      <trkpt lat="46.05318" lon="7.26671">
        <ele>1117</ele>
        <extensions>
          <distance>64723</distance>
        </extensions>
      </trkpt>
      <trkpt lat="46.05311" lon="7.26694">
        <ele>1121</ele>
        <extensions>
          <distance>64743</distance>
        </extensions>
      </trkpt>
      <trkpt lat="46.05306" lon="7.26705">
        <ele>1123</ele>
        <extensions>
          <distance>64753</distance>
        </extensions>
      </trkpt>
      <trkpt lat="46.05299" lon="7.26726">
        <ele>1126</ele>
        <extensions>
          <distance>64772</distance>
        </extensions>
      </trkpt>
      <trkpt lat="46.05285000000001" lon="7.267245">
        <ele>1126.25</ele>
        <extensions>
          <distance>64787</distance>
        </extensions>
      </trkpt>
      <trkpt lat="46.052710000000005" lon="7.26723">
        <ele>1126.5</ele>
        <extensions>
          <distance>64803</distance>
        </extensions>
      </trkpt>
      <trkpt lat="46.05257" lon="7.267215">
        <ele>1126.75</ele>
        <extensions>
          <distance>64818</distance>
        </extensions>
      </trkpt>
      <trkpt lat="46.05243" lon="7.2672">
        <ele>1127</ele>
        <extensions>
          <distance>64834</distance>
        </extensions>
      </trkpt>
      <trkpt lat="46.05242" lon="7.26745">
        <ele>1132</ele>
        <extensions>
          <distance>64854</distance>
        </extensions>
      </trkpt>
      <trkpt lat="46.05236" lon="7.26741">
        <ele>1134</ele>
        <extensions>
          <distance>64861</distance>
        </extensions>
      </trkpt>
      <trkpt lat="46.052355000000006" lon="7.267765">
        <ele>1134</ele>
        <extensions>
          <distance>64888</distance>
        </extensions>
      </trkpt>
      <trkpt lat="46.052350000000004" lon="7.26812">
        <ele>1141</ele>
        <extensions>
          <distance>64917</distance>
        </extensions>
      </trkpt>
      <trkpt lat="46.052345" lon="7.2684750000000005">
        <ele>1150</ele>
        <extensions>
          <distance>64945</distance>
        </extensions>
      </trkpt>
      <trkpt lat="46.05234" lon="7.26883">
        <ele>1159</ele>
        <extensions>
          <distance>64974</distance>
        </extensions>
      </trkpt>
      <trkpt lat="46.05236" lon="7.2690850000000005">
        <ele>1163</ele>
        <extensions>
          <distance>64995</distance>
        </extensions>
      </trkpt>
      <trkpt lat="46.05238" lon="7.26934">
        <ele>1167</ele>
        <extensions>
          <distance>65015</distance>
        </extensions>
      </trkpt>
      <trkpt lat="46.0523775" lon="7.269685">
        <ele>1174</ele>
        <extensions>
          <distance>65042</distance>
        </extensions>
      </trkpt>
      <trkpt lat="46.052375" lon="7.27003">
        <ele>1181</ele>
        <extensions>
          <distance>65070</distance>
        </extensions>
      </trkpt>
      <trkpt lat="46.052372500000004" lon="7.270375">
        <ele>1187</ele>
        <extensions>
          <distance>65097</distance>
        </extensions>
      </trkpt>
      <trkpt lat="46.05237" lon="7.27072">
        <ele>1196</ele>
        <extensions>
          <distance>65126</distance>
        </extensions>
      </trkpt>
      <trkpt lat="46.0524525" lon="7.2709600000000005">
        <ele>1201</ele>
        <extensions>
          <distance>65147</distance>
        </extensions>
      </trkpt>
      <trkpt lat="46.052535000000006" lon="7.2712">
        <ele>1208</ele>
        <extensions>
          <distance>65169</distance>
        </extensions>
      </trkpt>
      <trkpt lat="46.052617500000004" lon="7.27144">
        <ele>1214</ele>
        <extensions>
          <distance>65190</distance>
        </extensions>
      </trkpt>
      <trkpt lat="46.0527" lon="7.27168">
        <ele>1220</ele>
        <extensions>
          <distance>65212</distance>
        </extensions>
      </trkpt>
      <trkpt lat="46.05276" lon="7.27201">
        <ele>1233</ele>
        <extensions>
          <distance>65241</distance>
        </extensions>
      </trkpt>
      <trkpt lat="46.05291" lon="7.2721">
        <ele>1243</ele>
        <extensions>
          <distance>65262</distance>
        </extensions>
      </trkpt>
      <trkpt lat="46.05299" lon="7.27208">
        <ele>1247</ele>
        <extensions>
          <distance>65272</distance>
        </extensions>
      </trkpt>
      <trkpt lat="46.05305" lon="7.27215">
        <ele>1252</ele>
        <extensions>
          <distance>65282</distance>
        </extensions>
      </trkpt>
      <trkpt lat="46.05307" lon="7.27236">
        <ele>1258</ele>
        <extensions>
          <distance>65299</distance>
        </extensions>
      </trkpt>
      <trkpt lat="46.05309" lon="7.27257">
        <ele>1262</ele>
        <extensions>
          <distance>65316</distance>
        </extensions>
      </trkpt>
      <trkpt lat="46.05316" lon="7.27276">
        <ele>1266</ele>
        <extensions>
          <distance>65333</distance>
        </extensions>
      </trkpt>
      <trkpt lat="46.05323" lon="7.27295">
        <ele>1272</ele>
        <extensions>
          <distance>65351</distance>
        </extensions>
      </trkpt>
      <trkpt lat="46.05332" lon="7.2729">
        <ele>1276</ele>
        <extensions>
          <distance>65362</distance>
        </extensions>
      </trkpt>
      <trkpt lat="46.05334" lon="7.2726">
        <ele>1276</ele>
        <extensions>
          <distance>65386</distance>
        </extensions>
      </trkpt>
      <trkpt lat="46.05341" lon="7.27262">
        <ele>1282</ele>
        <extensions>
          <distance>65394</distance>
        </extensions>
      </trkpt>
      <trkpt lat="46.05344" lon="7.27268">
        <ele>1285</ele>
        <extensions>
          <distance>65401</distance>
        </extensions>
      </trkpt>
      <trkpt lat="46.0535" lon="7.27239">
        <ele>1294</ele>
        <extensions>
          <distance>65426</distance>
        </extensions>
      </trkpt>
      <trkpt lat="46.05357" lon="7.27251">
        <ele>1299</ele>
        <extensions>
          <distance>65439</distance>
        </extensions>
      </trkpt>
      <trkpt lat="46.05364" lon="7.27277">
        <ele>1299</ele>
        <extensions>
          <distance>65460</distance>
        </extensions>
      </trkpt>
      <trkpt lat="46.05367" lon="7.27277">
        <ele>1301</ele>
        <extensions>
          <distance>65464</distance>
        </extensions>
      </trkpt>
      <trkpt lat="46.05371" lon="7.27264">
        <ele>1306</ele>
        <extensions>
          <distance>65475</distance>
        </extensions>
      </trkpt>
      <trkpt lat="46.05377" lon="7.27268">
        <ele>1309</ele>
        <extensions>
          <distance>65483</distance>
        </extensions>
      </trkpt>
      <trkpt lat="46.05384" lon="7.27286">
        <ele>1310</ele>
        <extensions>
          <distance>65499</distance>
        </extensions>
      </trkpt>
      <trkpt lat="46.05388" lon="7.27289">
        <ele>1313</ele>
        <extensions>
          <distance>65505</distance>
        </extensions>
      </trkpt>
      <trkpt lat="46.05396" lon="7.27288">
        <ele>1321</ele>
        <extensions>
          <distance>65517</distance>
        </extensions>
      </trkpt>
      <trkpt lat="46.05398" lon="7.27264">
        <ele>1329</ele>
        <extensions>
          <distance>65537</distance>
        </extensions>
      </trkpt>
      <trkpt lat="46.05404" lon="7.27271">
        <ele>1334</ele>
        <extensions>
          <distance>65547</distance>
        </extensions>
      </trkpt>
      <trkpt lat="46.05413" lon="7.27275">
        <ele>1344</ele>
        <extensions>
          <distance>65561</distance>
        </extensions>
      </trkpt>
      <trkpt lat="46.054265" lon="7.273035">
        <ele>1348</ele>
        <extensions>
          <distance>65588</distance>
        </extensions>
      </trkpt>
      <trkpt lat="46.0544" lon="7.27332">
        <ele>1352</ele>
        <extensions>
          <distance>65615</distance>
        </extensions>
      </trkpt>
      <trkpt lat="46.05459" lon="7.27344">
        <ele>1368</ele>
        <extensions>
          <distance>65644</distance>
        </extensions>
      </trkpt>
      <trkpt lat="46.05467" lon="7.2736">
        <ele>1370</ele>
        <extensions>
          <distance>65659</distance>
        </extensions>
      </trkpt>
      <trkpt lat="46.05478" lon="7.27369">
        <ele>1375</ele>
        <extensions>
          <distance>65674</distance>
        </extensions>
      </trkpt>
      <trkpt lat="46.05478" lon="7.27374">
        <ele>1377</ele>
        <extensions>
          <distance>65678</distance>
        </extensions>
      </trkpt>
      <trkpt lat="46.05484" lon="7.27382">
        <ele>1377</ele>
        <extensions>
          <distance>65687</distance>
        </extensions>
      </trkpt>
      <trkpt lat="46.05488" lon="7.27383">
        <ele>1380</ele>
        <extensions>
          <distance>65692</distance>
        </extensions>
      </trkpt>
      <trkpt lat="46.05498" lon="7.27365">
        <ele>1394</ele>
        <extensions>
          <distance>65715</distance>
        </extensions>
      </trkpt>
      <trkpt lat="46.05513" lon="7.27378">
        <ele>1394</ele>
        <extensions>
          <distance>65734</distance>
        </extensions>
      </trkpt>
      <trkpt lat="46.05514" lon="7.27392">
        <ele>1395</ele>
        <extensions>
          <distance>65745</distance>
        </extensions>
      </trkpt>
      <trkpt lat="46.05522" lon="7.27403">
        <ele>1398</ele>
        <extensions>
          <distance>65757</distance>
        </extensions>
      </trkpt>
      <trkpt lat="46.05538" lon="7.27413">
        <ele>1399</ele>
        <extensions>
          <distance>65777</distance>
        </extensions>
      </trkpt>
      <trkpt lat="46.05551" lon="7.2741">
        <ele>1405</ele>
        <extensions>
          <distance>65792</distance>
        </extensions>
      </trkpt>
      <trkpt lat="46.05567" lon="7.274145">
        <ele>1413</ele>
        <extensions>
          <distance>65812</distance>
        </extensions>
      </trkpt>
      <trkpt lat="46.05583" lon="7.27419">
        <ele>1425</ele>
        <extensions>
          <distance>65834</distance>
        </extensions>
      </trkpt>
      <trkpt lat="46.05591" lon="7.27427">
        <ele>1427</ele>
        <extensions>
          <distance>65844</distance>
        </extensions>
      </trkpt>
      <trkpt lat="46.05595" lon="7.27414">
        <ele>1434</ele>
        <extensions>
          <distance>65857</distance>
        </extensions>
      </trkpt>
      <trkpt lat="46.05607" lon="7.27421">
        <ele>1439</ele>
        <extensions>
          <distance>65873</distance>
        </extensions>
      </trkpt>
      <trkpt lat="46.05617" lon="7.27419">
        <ele>1444</ele>
        <extensions>
          <distance>65885</distance>
        </extensions>
      </trkpt>
      <trkpt lat="46.05615" lon="7.27404">
        <ele>1447</ele>
        <extensions>
          <distance>65897</distance>
        </extensions>
      </trkpt>
      <trkpt lat="46.05631" lon="7.27386">
        <ele>1458</ele>
        <extensions>
          <distance>65922</distance>
        </extensions>
      </trkpt>
      <trkpt lat="46.05633" lon="7.27393">
        <ele>1459</ele>
        <extensions>
          <distance>65928</distance>
        </extensions>
      </trkpt>
      <trkpt lat="46.0565" lon="7.27399">
        <ele>1466</ele>
        <extensions>
          <distance>65949</distance>
        </extensions>
      </trkpt>
      <trkpt lat="46.05646" lon="7.27379">
        <ele>1470</ele>
        <extensions>
          <distance>65965</distance>
        </extensions>
      </trkpt>
      <trkpt lat="46.05651" lon="7.27362">
        <ele>1479</ele>
        <extensions>
          <distance>65982</distance>
        </extensions>
      </trkpt>
      <trkpt lat="46.05656" lon="7.27358">
        <ele>1484</ele>
        <extensions>
          <distance>65990</distance>
        </extensions>
      </trkpt>
      <trkpt lat="46.05641" lon="7.2733">
        <ele>1491</ele>
        <extensions>
          <distance>66018</distance>
        </extensions>
      </trkpt>
      <trkpt lat="46.05626" lon="7.27302">
        <ele>1498</ele>
        <extensions>
          <distance>66047</distance>
        </extensions>
      </trkpt>
      <trkpt lat="46.05642" lon="7.27298">
        <ele>1508</ele>
        <extensions>
          <distance>66067</distance>
        </extensions>
      </trkpt>
      <trkpt lat="46.05656" lon="7.27304">
        <ele>1510</ele>
        <extensions>
          <distance>66084</distance>
        </extensions>
      </trkpt>
      <trkpt lat="46.05661" lon="7.27295">
        <ele>1516</ele>
        <extensions>
          <distance>66094</distance>
        </extensions>
      </trkpt>
      <trkpt lat="46.05656" lon="7.27291">
        <ele>1516</ele>
        <extensions>
          <distance>66100</distance>
        </extensions>
      </trkpt>
      <trkpt lat="46.05657" lon="7.27282">
        <ele>1520</ele>
        <extensions>
          <distance>66108</distance>
        </extensions>
      </trkpt>
      <trkpt lat="46.05673" lon="7.2729">
        <ele>1523</ele>
        <extensions>
          <distance>66127</distance>
        </extensions>
      </trkpt>
      <trkpt lat="46.05681" lon="7.27297">
        <ele>1523</ele>
        <extensions>
          <distance>66137</distance>
        </extensions>
      </trkpt>
      <trkpt lat="46.05686" lon="7.27303">
        <ele>1523</ele>
        <extensions>
          <distance>66144</distance>
        </extensions>
      </trkpt>
      <trkpt lat="46.05692" lon="7.27296">
        <ele>1529</ele>
        <extensions>
          <distance>66154</distance>
        </extensions>
      </trkpt>
      <trkpt lat="46.0569" lon="7.27286">
        <ele>1532</ele>
        <extensions>
          <distance>66162</distance>
        </extensions>
      </trkpt>
      <trkpt lat="46.05692" lon="7.27274">
        <ele>1538</ele>
        <extensions>
          <distance>66174</distance>
        </extensions>
      </trkpt>
      <trkpt lat="46.05696" lon="7.27267">
        <ele>1543</ele>
        <extensions>
          <distance>66182</distance>
        </extensions>
      </trkpt>
      <trkpt lat="46.05701" lon="7.27273">
        <ele>1543</ele>
        <extensions>
          <distance>66189</distance>
        </extensions>
      </trkpt>
      <trkpt lat="46.05704" lon="7.27272">
        <ele>1544</ele>
        <extensions>
          <distance>66193</distance>
        </extensions>
      </trkpt>
      <trkpt lat="46.05707" lon="7.27248">
        <ele>1556</ele>
        <extensions>
          <distance>66214</distance>
        </extensions>
      </trkpt>
      <trkpt lat="46.05704" lon="7.27229">
        <ele>1558</ele>
        <extensions>
          <distance>66230</distance>
        </extensions>
      </trkpt>
      <trkpt lat="46.05691" lon="7.27217">
        <ele>1559</ele>
        <extensions>
          <distance>66247</distance>
        </extensions>
      </trkpt>
      <trkpt lat="46.0569" lon="7.27208">
        <ele>1561</ele>
        <extensions>
          <distance>66254</distance>
        </extensions>
      </trkpt>
      <trkpt lat="46.05694" lon="7.27206">
        <ele>1561</ele>
        <extensions>
          <distance>66259</distance>
        </extensions>
      </trkpt>
      <trkpt lat="46.057109999999994" lon="7.272114999999999">
        <ele>1569</ele>
        <extensions>
          <distance>66280</distance>
        </extensions>
      </trkpt>
      <trkpt lat="46.05728" lon="7.27217">
        <ele>1576</ele>
        <extensions>
          <distance>66300</distance>
        </extensions>
      </trkpt>
      <trkpt lat="46.05742" lon="7.27212">
        <ele>1586</ele>
        <extensions>
          <distance>66319</distance>
        </extensions>
      </trkpt>
      <trkpt lat="46.05751" lon="7.27221">
        <ele>1587</ele>
        <extensions>
          <distance>66331</distance>
        </extensions>
      </trkpt>
      <trkpt lat="46.05761" lon="7.27217">
        <ele>1594</ele>
        <extensions>
          <distance>66344</distance>
        </extensions>
      </trkpt>
      <trkpt lat="46.05767" lon="7.27221">
        <ele>1596</ele>
        <extensions>
          <distance>66351</distance>
        </extensions>
      </trkpt>
      <trkpt lat="46.05773" lon="7.27206">
        <ele>1602</ele>
        <extensions>
          <distance>66366</distance>
        </extensions>
      </trkpt>
      <trkpt lat="46.05773" lon="7.27178">
        <ele>1607</ele>
        <extensions>
          <distance>66389</distance>
        </extensions>
      </trkpt>
      <trkpt lat="46.05787" lon="7.27175">
        <ele>1612</ele>
        <extensions>
          <distance>66405</distance>
        </extensions>
      </trkpt>
      <trkpt lat="46.05793" lon="7.27166">
        <ele>1616</ele>
        <extensions>
          <distance>66415</distance>
        </extensions>
      </trkpt>
      <trkpt lat="46.058" lon="7.27158">
        <ele>1618</ele>
        <extensions>
          <distance>66425</distance>
        </extensions>
      </trkpt>
      <trkpt lat="46.05802" lon="7.27169">
        <ele>1619</ele>
        <extensions>
          <distance>66434</distance>
        </extensions>
      </trkpt>
      <trkpt lat="46.05809" lon="7.27177">
        <ele>1620</ele>
        <extensions>
          <distance>66444</distance>
        </extensions>
      </trkpt>
      <trkpt lat="46.05817" lon="7.27174">
        <ele>1622</ele>
        <extensions>
          <distance>66454</distance>
        </extensions>
      </trkpt>
      <trkpt lat="46.05822" lon="7.27183">
        <ele>1623</ele>
        <extensions>
          <distance>66463</distance>
        </extensions>
      </trkpt>
      <trkpt lat="46.05836" lon="7.27189">
        <ele>1628</ele>
        <extensions>
          <distance>66480</distance>
        </extensions>
      </trkpt>
      <trkpt lat="46.05841" lon="7.27196">
        <ele>1630</ele>
        <extensions>
          <distance>66487</distance>
        </extensions>
      </trkpt>
      <trkpt lat="46.0584" lon="7.27205">
        <ele>1631</ele>
        <extensions>
          <distance>66495</distance>
        </extensions>
      </trkpt>
      <trkpt lat="46.05856" lon="7.27231">
        <ele>1640</ele>
        <extensions>
          <distance>66523</distance>
        </extensions>
      </trkpt>
      <trkpt lat="46.05875" lon="7.272315">
        <ele>1652</ele>
        <extensions>
          <distance>66547</distance>
        </extensions>
      </trkpt>
      <trkpt lat="46.05894" lon="7.27232">
        <ele>1664</ele>
        <extensions>
          <distance>66572</distance>
        </extensions>
      </trkpt>
      <trkpt lat="46.05906" lon="7.27212">
        <ele>1678</ele>
        <extensions>
          <distance>66596</distance>
        </extensions>
      </trkpt>
      <trkpt lat="46.05911" lon="7.27217">
        <ele>1682</ele>
        <extensions>
          <distance>66604</distance>
        </extensions>
      </trkpt>
      <trkpt lat="46.05921" lon="7.27204">
        <ele>1689</ele>
        <extensions>
          <distance>66621</distance>
        </extensions>
      </trkpt>
      <trkpt lat="46.05935" lon="7.27208">
        <ele>1694</ele>
        <extensions>
          <distance>66638</distance>
        </extensions>
      </trkpt>
      <trkpt lat="46.05948" lon="7.272">
        <ele>1701</ele>
        <extensions>
          <distance>66655</distance>
        </extensions>
      </trkpt>
      <trkpt lat="46.05961" lon="7.27192">
        <ele>1709</ele>
        <extensions>
          <distance>66672</distance>
        </extensions>
      </trkpt>
      <trkpt lat="46.05964" lon="7.27165">
        <ele>1709</ele>
        <extensions>
          <distance>66694</distance>
        </extensions>
      </trkpt>
      <trkpt lat="46.05976" lon="7.271520000000001">
        <ele>1714</ele>
        <extensions>
          <distance>66711</distance>
        </extensions>
      </trkpt>
      <trkpt lat="46.05988" lon="7.27139">
        <ele>1718</ele>
        <extensions>
          <distance>66728</distance>
        </extensions>
      </trkpt>
      <trkpt lat="46.05999" lon="7.27118">
        <ele>1722</ele>
        <extensions>
          <distance>66748</distance>
        </extensions>
      </trkpt>
      <trkpt lat="46.06012" lon="7.27105">
        <ele>1726</ele>
        <extensions>
          <distance>66767</distance>
        </extensions>
      </trkpt>
      <trkpt lat="46.06032" lon="7.2713">
        <ele>1738</ele>
        <extensions>
          <distance>66798</distance>
        </extensions>
      </trkpt>
      <trkpt lat="46.06041" lon="7.27134">
        <ele>1743</ele>
        <extensions>
          <distance>66810</distance>
        </extensions>
      </trkpt>
      <trkpt lat="46.06047" lon="7.27136">
        <ele>1746</ele>
        <extensions>
          <distance>66817</distance>
        </extensions>
      </trkpt>
      <trkpt lat="46.06055" lon="7.27132">
        <ele>1750</ele>
        <extensions>
          <distance>66828</distance>
        </extensions>
      </trkpt>
      <trkpt lat="46.06063" lon="7.27125">
        <ele>1754</ele>
        <extensions>
          <distance>66839</distance>
        </extensions>
      </trkpt>
      <trkpt lat="46.06069" lon="7.27118">
        <ele>1757</ele>
        <extensions>
          <distance>66848</distance>
        </extensions>
      </trkpt>
      <trkpt lat="46.06079" lon="7.27121">
        <ele>1760</ele>
        <extensions>
          <distance>66860</distance>
        </extensions>
      </trkpt>
      <trkpt lat="46.06076" lon="7.27135">
        <ele>1762</ele>
        <extensions>
          <distance>66871</distance>
        </extensions>
      </trkpt>
      <trkpt lat="46.06086" lon="7.27136">
        <ele>1765</ele>
        <extensions>
          <distance>66883</distance>
        </extensions>
      </trkpt>
      <trkpt lat="46.061027499999994" lon="7.2712125">
        <ele>1775</ele>
        <extensions>
          <distance>66907</distance>
        </extensions>
      </trkpt>
      <trkpt lat="46.061195" lon="7.271065">
        <ele>1783</ele>
        <extensions>
          <distance>66930</distance>
        </extensions>
      </trkpt>
      <trkpt lat="46.0613625" lon="7.2709174999999995">
        <ele>1789</ele>
        <extensions>
          <distance>66953</distance>
        </extensions>
      </trkpt>
      <trkpt lat="46.06153" lon="7.27077">
        <ele>1796</ele>
        <extensions>
          <distance>66976</distance>
        </extensions>
      </trkpt>
      <trkpt lat="46.061445" lon="7.271025">
        <ele>1798</ele>
        <extensions>
          <distance>66997</distance>
        </extensions>
      </trkpt>
      <trkpt lat="46.06136" lon="7.27128">
        <ele>1798</ele>
        <extensions>
          <distance>67019</distance>
        </extensions>
      </trkpt>
      <trkpt lat="46.06141" lon="7.2713">
        <ele>1799</ele>
        <extensions>
          <distance>67025</distance>
        </extensions>
      </trkpt>
      <trkpt lat="46.06158" lon="7.27109">
        <ele>1805</ele>
        <extensions>
          <distance>67051</distance>
        </extensions>
      </trkpt>
      <trkpt lat="46.06166" lon="7.27107">
        <ele>1805</ele>
        <extensions>
          <distance>67060</distance>
        </extensions>
      </trkpt>
      <trkpt lat="46.06166" lon="7.27104">
        <ele>1807</ele>
        <extensions>
          <distance>67062</distance>
        </extensions>
      </trkpt>
      <trkpt lat="46.06149" lon="7.27133">
        <ele>1809</ele>
        <extensions>
          <distance>67092</distance>
        </extensions>
      </trkpt>
      <trkpt lat="46.06146" lon="7.27146">
        <ele>1809</ele>
        <extensions>
          <distance>67102</distance>
        </extensions>
      </trkpt>
      <trkpt lat="46.06144" lon="7.27158">
        <ele>1809</ele>
        <extensions>
          <distance>67112</distance>
        </extensions>
      </trkpt>
      <trkpt lat="46.06148" lon="7.27182">
        <ele>1809</ele>
        <extensions>
          <distance>67131</distance>
        </extensions>
      </trkpt>
      <trkpt lat="46.06153" lon="7.27184">
        <ele>1814</ele>
        <extensions>
          <distance>67137</distance>
        </extensions>
      </trkpt>
      <trkpt lat="46.06163" lon="7.2716">
        <ele>1819</ele>
        <extensions>
          <distance>67159</distance>
        </extensions>
      </trkpt>
      <trkpt lat="46.06174" lon="7.27151">
        <ele>1827</ele>
        <extensions>
          <distance>67175</distance>
        </extensions>
      </trkpt>
      <trkpt lat="46.0618" lon="7.27157">
        <ele>1833</ele>
        <extensions>
          <distance>67185</distance>
        </extensions>
      </trkpt>
      <trkpt lat="46.06178" lon="7.27179">
        <ele>1834</ele>
        <extensions>
          <distance>67203</distance>
        </extensions>
      </trkpt>
      <trkpt lat="46.061835" lon="7.272005">
        <ele>1839</ele>
        <extensions>
          <distance>67221</distance>
        </extensions>
      </trkpt>
      <trkpt lat="46.06189" lon="7.27222">
        <ele>1843</ele>
        <extensions>
          <distance>67239</distance>
        </extensions>
      </trkpt>
      <trkpt lat="46.06196" lon="7.2723">
        <ele>1846</ele>
        <extensions>
          <distance>67249</distance>
        </extensions>
      </trkpt>
      <trkpt lat="46.06205" lon="7.27238">
        <ele>1851</ele>
        <extensions>
          <distance>67262</distance>
        </extensions>
      </trkpt>
      <trkpt lat="46.06222" lon="7.27239">
        <ele>1860</ele>
        <extensions>
          <distance>67283</distance>
        </extensions>
      </trkpt>
      <trkpt lat="46.0623" lon="7.27244">
        <ele>1862</ele>
        <extensions>
          <distance>67293</distance>
        </extensions>
      </trkpt>
      <trkpt lat="46.06241" lon="7.27249">
        <ele>1864</ele>
        <extensions>
          <distance>67306</distance>
        </extensions>
      </trkpt>
      <trkpt lat="46.0625" lon="7.27251">
        <ele>1866</ele>
        <extensions>
          <distance>67316</distance>
        </extensions>
      </trkpt>
      <trkpt lat="46.06266" lon="7.272525">
        <ele>1871</ele>
        <extensions>
          <distance>67335</distance>
        </extensions>
      </trkpt>
      <trkpt lat="46.06282" lon="7.27254">
        <ele>1877</ele>
        <extensions>
          <distance>67354</distance>
        </extensions>
      </trkpt>
      <trkpt lat="46.06286" lon="7.27245">
        <ele>1882</ele>
        <extensions>
          <distance>67363</distance>
        </extensions>
      </trkpt>
      <trkpt lat="46.06277" lon="7.27223">
        <ele>1882</ele>
        <extensions>
          <distance>67383</distance>
        </extensions>
      </trkpt>
      <trkpt lat="46.06266" lon="7.272115">
        <ele>1884</ele>
        <extensions>
          <distance>67398</distance>
        </extensions>
      </trkpt>
      <trkpt lat="46.06255" lon="7.272">
        <ele>1884</ele>
        <extensions>
          <distance>67413</distance>
        </extensions>
      </trkpt>
      <trkpt lat="46.06256" lon="7.27189">
        <ele>1884</ele>
        <extensions>
          <distance>67422</distance>
        </extensions>
      </trkpt>
      <trkpt lat="46.06275" lon="7.27181">
        <ele>1894</ele>
        <extensions>
          <distance>67445</distance>
        </extensions>
      </trkpt>
      <trkpt lat="46.06281" lon="7.27169">
        <ele>1897</ele>
        <extensions>
          <distance>67457</distance>
        </extensions>
      </trkpt>
      <trkpt lat="46.06279" lon="7.2717">
        <ele>1899</ele>
        <extensions>
          <distance>67459</distance>
        </extensions>
      </trkpt>
      <trkpt lat="46.06297" lon="7.27156">
        <ele>1910</ele>
        <extensions>
          <distance>67485</distance>
        </extensions>
      </trkpt>
      <trkpt lat="46.0631" lon="7.27157">
        <ele>1916</ele>
        <extensions>
          <distance>67500</distance>
        </extensions>
      </trkpt>
      <trkpt lat="46.06323" lon="7.27152">
        <ele>1920</ele>
        <extensions>
          <distance>67516</distance>
        </extensions>
      </trkpt>
      <trkpt lat="46.063365" lon="7.271369999999999">
        <ele>1924</ele>
        <extensions>
          <distance>67535</distance>
        </extensions>
      </trkpt>
      <trkpt lat="46.0635" lon="7.27122">
        <ele>1928</ele>
        <extensions>
          <distance>67555</distance>
        </extensions>
      </trkpt>
      <trkpt lat="46.06372" lon="7.27115">
        <ele>1936</ele>
        <extensions>
          <distance>67581</distance>
        </extensions>
      </trkpt>
      <trkpt lat="46.06395" lon="7.27115">
        <ele>1945</ele>
        <extensions>
          <distance>67608</distance>
        </extensions>
      </trkpt>
      <trkpt lat="46.064080000000004" lon="7.271084999999999">
        <ele>1949</ele>
        <extensions>
          <distance>67624</distance>
        </extensions>
      </trkpt>
      <trkpt lat="46.06421" lon="7.27102">
        <ele>1950</ele>
        <extensions>
          <distance>67639</distance>
        </extensions>
      </trkpt>
      <trkpt lat="46.064335" lon="7.270905">
        <ele>1952</ele>
        <extensions>
          <distance>67656</distance>
        </extensions>
      </trkpt>
      <trkpt lat="46.06446" lon="7.27079">
        <ele>1952</ele>
        <extensions>
          <distance>67672</distance>
        </extensions>
      </trkpt>
      <trkpt lat="46.06459" lon="7.27074">
        <ele>1953</ele>
        <extensions>
          <distance>67687</distance>
        </extensions>
      </trkpt>
      <trkpt lat="46.0647875" lon="7.270805">
        <ele>1953</ele>
        <extensions>
          <distance>67710</distance>
        </extensions>
      </trkpt>
      <trkpt lat="46.064985" lon="7.27087">
        <ele>1960</ele>
        <extensions>
          <distance>67733</distance>
        </extensions>
      </trkpt>
      <trkpt lat="46.0651825" lon="7.270935">
        <ele>1967</ele>
        <extensions>
          <distance>67756</distance>
        </extensions>
      </trkpt>
      <trkpt lat="46.06538" lon="7.271">
        <ele>1975</ele>
        <extensions>
          <distance>67780</distance>
        </extensions>
      </trkpt>
      <trkpt lat="46.06547" lon="7.27102">
        <ele>1979</ele>
        <extensions>
          <distance>67791</distance>
        </extensions>
      </trkpt>
      <trkpt lat="46.065695" lon="7.27101">
        <ele>1986</ele>
        <extensions>
          <distance>67817</distance>
        </extensions>
      </trkpt>
      <trkpt lat="46.06592" lon="7.271">
        <ele>1991</ele>
        <extensions>
          <distance>67843</distance>
        </extensions>
      </trkpt>
      <trkpt lat="46.066140000000004" lon="7.271100000000001">
        <ele>1999</ele>
        <extensions>
          <distance>67870</distance>
        </extensions>
      </trkpt>
      <trkpt lat="46.06636" lon="7.2712">
        <ele>2008</ele>
        <extensions>
          <distance>67897</distance>
        </extensions>
      </trkpt>
      <trkpt lat="46.06644" lon="7.27118">
        <ele>2010</ele>
        <extensions>
          <distance>67906</distance>
        </extensions>
      </trkpt>
      <trkpt lat="46.06651" lon="7.27125">
        <ele>2012</ele>
        <extensions>
          <distance>67916</distance>
        </extensions>
      </trkpt>
      <trkpt lat="46.0666" lon="7.27128">
        <ele>2015</ele>
        <extensions>
          <distance>67926</distance>
        </extensions>
      </trkpt>
      <trkpt lat="46.06669" lon="7.2713">
        <ele>2018</ele>
        <extensions>
          <distance>67937</distance>
        </extensions>
      </trkpt>
      <trkpt lat="46.06678" lon="7.2713">
        <ele>2022</ele>
        <extensions>
          <distance>67948</distance>
        </extensions>
      </trkpt>
      <trkpt lat="46.06687" lon="7.27128">
        <ele>2026</ele>
        <extensions>
          <distance>67959</distance>
        </extensions>
      </trkpt>
      <trkpt lat="46.06693" lon="7.27128">
        <ele>2028</ele>
        <extensions>
          <distance>67965</distance>
        </extensions>
      </trkpt>
      <trkpt lat="46.06697" lon="7.27133">
        <ele>2031</ele>
        <extensions>
          <distance>67972</distance>
        </extensions>
      </trkpt>
      <trkpt lat="46.06696" lon="7.27142">
        <ele>2031</ele>
        <extensions>
          <distance>67979</distance>
        </extensions>
      </trkpt>
      <trkpt lat="46.06707" lon="7.27147">
        <ele>2037</ele>
        <extensions>
          <distance>67993</distance>
        </extensions>
      </trkpt>
      <trkpt lat="46.067245" lon="7.27147">
        <ele>2046</ele>
        <extensions>
          <distance>68014</distance>
        </extensions>
      </trkpt>
      <trkpt lat="46.06742" lon="7.27147">
        <ele>2055</ele>
        <extensions>
          <distance>68036</distance>
        </extensions>
      </trkpt>
      <trkpt lat="46.067595" lon="7.27147">
        <ele>2061</ele>
        <extensions>
          <distance>68056</distance>
        </extensions>
      </trkpt>
      <trkpt lat="46.06777" lon="7.27147">
        <ele>2063</ele>
        <extensions>
          <distance>68076</distance>
        </extensions>
      </trkpt>
      <trkpt lat="46.067949999999996" lon="7.271545">
        <ele>2070</ele>
        <extensions>
          <distance>68097</distance>
        </extensions>
      </trkpt>
      <trkpt lat="46.06813" lon="7.27162">
        <ele>2077</ele>
        <extensions>
          <distance>68119</distance>
        </extensions>
      </trkpt>
      <trkpt lat="46.068315" lon="7.271610000000001">
        <ele>2081</ele>
        <extensions>
          <distance>68140</distance>
        </extensions>
      </trkpt>
      <trkpt lat="46.0685" lon="7.2716">
        <ele>2087</ele>
        <extensions>
          <distance>68162</distance>
        </extensions>
      </trkpt>
      <trkpt lat="46.06873" lon="7.27176">
        <ele>2099</ele>
        <extensions>
          <distance>68193</distance>
        </extensions>
      </trkpt>
      <trkpt lat="46.06882" lon="7.27172">
        <ele>2100</ele>
        <extensions>
          <distance>68203</distance>
        </extensions>
      </trkpt>
      <trkpt lat="46.06889" lon="7.27167">
        <ele>2101</ele>
        <extensions>
          <distance>68212</distance>
        </extensions>
      </trkpt>
      <trkpt lat="46.069050000000004" lon="7.271660000000001">
        <ele>2103</ele>
        <extensions>
          <distance>68230</distance>
        </extensions>
      </trkpt>
      <trkpt lat="46.06921" lon="7.27165">
        <ele>2103</ele>
        <extensions>
          <distance>68248</distance>
        </extensions>
      </trkpt>
      <trkpt lat="46.06939" lon="7.27175">
        <ele>2103</ele>
        <extensions>
          <distance>68269</distance>
        </extensions>
      </trkpt>
      <trkpt lat="46.06957" lon="7.27185">
        <ele>2103</ele>
        <extensions>
          <distance>68290</distance>
        </extensions>
      </trkpt>
      <trkpt lat="46.06973" lon="7.2718">
        <ele>2101</ele>
        <extensions>
          <distance>68309</distance>
        </extensions>
      </trkpt>
      <trkpt lat="46.0699125" lon="7.27192">
        <ele>2101</ele>
        <extensions>
          <distance>68331</distance>
        </extensions>
      </trkpt>
      <trkpt lat="46.070094999999995" lon="7.2720400000000005">
        <ele>2101</ele>
        <extensions>
          <distance>68353</distance>
        </extensions>
      </trkpt>
      <trkpt lat="46.070277499999996" lon="7.27216">
        <ele>2101</ele>
        <extensions>
          <distance>68376</distance>
        </extensions>
      </trkpt>
      <trkpt lat="46.07046" lon="7.27228">
        <ele>2107</ele>
        <extensions>
          <distance>68398</distance>
        </extensions>
      </trkpt>
      <trkpt lat="46.07072" lon="7.27235">
        <ele>2107</ele>
        <extensions>
          <distance>68427</distance>
        </extensions>
      </trkpt>
      <trkpt lat="46.070855" lon="7.2723949999999995">
        <ele>2107</ele>
        <extensions>
          <distance>68443</distance>
        </extensions>
      </trkpt>
      <trkpt lat="46.07099" lon="7.27244">
        <ele>2107</ele>
        <extensions>
          <distance>68458</distance>
        </extensions>
      </trkpt>
      <trkpt lat="46.07105" lon="7.27245">
        <ele>2104</ele>
        <extensions>
          <distance>68465</distance>
        </extensions>
      </trkpt>
      <trkpt lat="46.07123" lon="7.27257">
        <ele>2104</ele>
        <extensions>
          <distance>68487</distance>
        </extensions>
      </trkpt>
      <trkpt lat="46.07147" lon="7.27257">
        <ele>2104</ele>
        <extensions>
          <distance>68514</distance>
        </extensions>
      </trkpt>
      <trkpt lat="46.07165" lon="7.27269">
        <ele>2104</ele>
        <extensions>
          <distance>68536</distance>
        </extensions>
      </trkpt>
      <trkpt lat="46.071825000000004" lon="7.27289">
        <ele>2108</ele>
        <extensions>
          <distance>68561</distance>
        </extensions>
      </trkpt>
      <trkpt lat="46.072" lon="7.27309">
        <ele>2108</ele>
        <extensions>
          <distance>68585</distance>
        </extensions>
      </trkpt>
      <trkpt lat="46.07212" lon="7.27321">
        <ele>2108</ele>
        <extensions>
          <distance>68602</distance>
        </extensions>
      </trkpt>
      <trkpt lat="46.07222" lon="7.27325">
        <ele>2108</ele>
        <extensions>
          <distance>68613</distance>
        </extensions>
      </trkpt>
      <trkpt lat="46.07246" lon="7.27316">
        <ele>2107</ele>
        <extensions>
          <distance>68641</distance>
        </extensions>
      </trkpt>
      <trkpt lat="46.07266" lon="7.273175">
        <ele>2106</ele>
        <extensions>
          <distance>68663</distance>
        </extensions>
      </trkpt>
      <trkpt lat="46.07286" lon="7.27319">
        <ele>2106</ele>
        <extensions>
          <distance>68685</distance>
        </extensions>
      </trkpt>
      <trkpt lat="46.073049999999995" lon="7.27328">
        <ele>2106</ele>
        <extensions>
          <distance>68708</distance>
        </extensions>
      </trkpt>
      <trkpt lat="46.07324" lon="7.27337">
        <ele>2106</ele>
        <extensions>
          <distance>68730</distance>
        </extensions>
      </trkpt>
      <trkpt lat="46.073375" lon="7.2734950000000005">
        <ele>2108</ele>
        <extensions>
          <distance>68748</distance>
        </extensions>
      </trkpt>
      <trkpt lat="46.07351" lon="7.27362">
        <ele>2112</ele>
        <extensions>
          <distance>68766</distance>
        </extensions>
      </trkpt>
      <trkpt lat="46.07359" lon="7.27377">
        <ele>2118</ele>
        <extensions>
          <distance>68781</distance>
        </extensions>
      </trkpt>
      <trkpt lat="46.07373" lon="7.27381">
        <ele>2122</ele>
        <extensions>
          <distance>68798</distance>
        </extensions>
      </trkpt>
      <trkpt lat="46.07387" lon="7.27385">
        <ele>2125</ele>
        <extensions>
          <distance>68814</distance>
        </extensions>
      </trkpt>
      <trkpt lat="46.07393" lon="7.27395">
        <ele>2128</ele>
        <extensions>
          <distance>68825</distance>
        </extensions>
      </trkpt>
      <trkpt lat="46.07407" lon="7.27385">
        <ele>2129</ele>
        <extensions>
          <distance>68842</distance>
        </extensions>
      </trkpt>
      <trkpt lat="46.07411" lon="7.27387">
        <ele>2130</ele>
        <extensions>
          <distance>68847</distance>
        </extensions>
      </trkpt>
      <trkpt lat="46.07422" lon="7.27369">
        <ele>2132</ele>
        <extensions>
          <distance>68865</distance>
        </extensions>
      </trkpt>
      <trkpt lat="46.07437" lon="7.27371">
        <ele>2133</ele>
        <extensions>
          <distance>68882</distance>
        </extensions>
      </trkpt>
      <trkpt lat="46.07445" lon="7.27381">
        <ele>2139</ele>
        <extensions>
          <distance>68895</distance>
        </extensions>
      </trkpt>
      <trkpt lat="46.07453" lon="7.27386">
        <ele>2142</ele>
        <extensions>
          <distance>68905</distance>
        </extensions>
      </trkpt>
      <trkpt lat="46.07464" lon="7.2739">
        <ele>2145</ele>
        <extensions>
          <distance>68918</distance>
        </extensions>
      </trkpt>
      <trkpt lat="46.07465" lon="7.27401">
        <ele>2148</ele>
        <extensions>
          <distance>68927</distance>
        </extensions>
      </trkpt>
      <trkpt lat="46.07475" lon="7.2741">
        <ele>2152</ele>
        <extensions>
          <distance>68941</distance>
        </extensions>
      </trkpt>
      <trkpt lat="46.07497" lon="7.274134999999999">
        <ele>2154</ele>
        <extensions>
          <distance>68965</distance>
        </extensions>
      </trkpt>
      <trkpt lat="46.07519" lon="7.27417">
        <ele>2155</ele>
        <extensions>
          <distance>68990</distance>
        </extensions>
      </trkpt>
      <trkpt lat="46.07527" lon="7.27422">
        <ele>2155</ele>
        <extensions>
          <distance>69000</distance>
        </extensions>
      </trkpt>
      <trkpt lat="46.07537" lon="7.27426">
        <ele>2156</ele>
        <extensions>
          <distance>69011</distance>
        </extensions>
      </trkpt>
      <trkpt lat="46.07554" lon="7.27456">
        <ele>2168</ele>
        <extensions>
          <distance>69043</distance>
        </extensions>
      </trkpt>
      <trkpt lat="46.07561" lon="7.27466">
        <ele>2172</ele>
        <extensions>
          <distance>69054</distance>
        </extensions>
      </trkpt>
      <trkpt lat="46.075775" lon="7.274815">
        <ele>2176</ele>
        <extensions>
          <distance>69077</distance>
        </extensions>
      </trkpt>
      <trkpt lat="46.07594" lon="7.27497">
        <ele>2179</ele>
        <extensions>
          <distance>69099</distance>
        </extensions>
      </trkpt>
      <trkpt lat="46.07608" lon="7.2749">
        <ele>2181</ele>
        <extensions>
          <distance>69115</distance>
        </extensions>
      </trkpt>
      <trkpt lat="46.07628" lon="7.27486">
        <ele>2181</ele>
        <extensions>
          <distance>69138</distance>
        </extensions>
      </trkpt>
      <trkpt lat="46.07649" lon="7.27467">
        <ele>2181</ele>
        <extensions>
          <distance>69165</distance>
        </extensions>
      </trkpt>
      <trkpt lat="46.07669" lon="7.2746">
        <ele>2181</ele>
        <extensions>
          <distance>69188</distance>
        </extensions>
      </trkpt>
      <trkpt lat="46.07685" lon="7.27449">
        <ele>2181</ele>
        <extensions>
          <distance>69208</distance>
        </extensions>
      </trkpt>
      <trkpt lat="46.076989999999995" lon="7.274405">
        <ele>2181</ele>
        <extensions>
          <distance>69225</distance>
        </extensions>
      </trkpt>
      <trkpt lat="46.07713" lon="7.27432">
        <ele>2181</ele>
        <extensions>
          <distance>69242</distance>
        </extensions>
      </trkpt>
      <trkpt lat="46.077265" lon="7.27418">
        <ele>2181</ele>
        <extensions>
          <distance>69260</distance>
        </extensions>
      </trkpt>
      <trkpt lat="46.0774" lon="7.27404">
        <ele>2181</ele>
        <extensions>
          <distance>69279</distance>
        </extensions>
      </trkpt>
      <trkpt lat="46.07748" lon="7.27399">
        <ele>2181</ele>
        <extensions>
          <distance>69288</distance>
        </extensions>
      </trkpt>
      <trkpt lat="46.07757" lon="7.27395">
        <ele>2181</ele>
        <extensions>
          <distance>69299</distance>
        </extensions>
      </trkpt>
      <trkpt lat="46.07773" lon="7.27385">
        <ele>2183</ele>
        <extensions>
          <distance>69318</distance>
        </extensions>
      </trkpt>
      <trkpt lat="46.07782" lon="7.27381">
        <ele>2184</ele>
        <extensions>
          <distance>69329</distance>
        </extensions>
      </trkpt>
      <trkpt lat="46.078010000000006" lon="7.273705">
        <ele>2187</ele>
        <extensions>
          <distance>69352</distance>
        </extensions>
      </trkpt>
      <trkpt lat="46.0782" lon="7.2736">
        <ele>2191</ele>
        <extensions>
          <distance>69375</distance>
        </extensions>
      </trkpt>
      <trkpt lat="46.07827" lon="7.27352">
        <ele>2191</ele>
        <extensions>
          <distance>69385</distance>
        </extensions>
      </trkpt>
      <trkpt lat="46.07824" lon="7.2732">
        <ele>2192</ele>
        <extensions>
          <distance>69410</distance>
        </extensions>
      </trkpt>
      <trkpt lat="46.07827" lon="7.27307">
        <ele>2192</ele>
        <extensions>
          <distance>69420</distance>
        </extensions>
      </trkpt>
      <trkpt lat="46.07835" lon="7.27302">
        <ele>2195</ele>
        <extensions>
          <distance>69430</distance>
        </extensions>
      </trkpt>
      <trkpt lat="46.07842" lon="7.27299">
        <ele>2196</ele>
        <extensions>
          <distance>69438</distance>
        </extensions>
      </trkpt>
      <trkpt lat="46.078575" lon="7.273015">
        <ele>2200</ele>
        <extensions>
          <distance>69456</distance>
        </extensions>
      </trkpt>
      <trkpt lat="46.07873" lon="7.27304">
        <ele>2204</ele>
        <extensions>
          <distance>69474</distance>
        </extensions>
      </trkpt>
      <trkpt lat="46.07884" lon="7.27284">
        <ele>2207</ele>
        <extensions>
          <distance>69494</distance>
        </extensions>
      </trkpt>
      <trkpt lat="46.07883" lon="7.27255">
        <ele>2207</ele>
        <extensions>
          <distance>69516</distance>
        </extensions>
      </trkpt>
      <trkpt lat="46.07879" lon="7.27243">
        <ele>2207</ele>
        <extensions>
          <distance>69526</distance>
        </extensions>
      </trkpt>
      <trkpt lat="46.078705" lon="7.2721">
        <ele>2207</ele>
        <extensions>
          <distance>69554</distance>
        </extensions>
      </trkpt>
      <trkpt lat="46.07862" lon="7.27177">
        <ele>2207</ele>
        <extensions>
          <distance>69581</distance>
        </extensions>
      </trkpt>
      <trkpt lat="46.078595" lon="7.2715675">
        <ele>2209</ele>
        <extensions>
          <distance>69597</distance>
        </extensions>
      </trkpt>
      <trkpt lat="46.07857" lon="7.271364999999999">
        <ele>2211</ele>
        <extensions>
          <distance>69613</distance>
        </extensions>
      </trkpt>
      <trkpt lat="46.078545" lon="7.271162499999999">
        <ele>2213</ele>
        <extensions>
          <distance>69629</distance>
        </extensions>
      </trkpt>
      <trkpt lat="46.07852" lon="7.27096">
        <ele>2214</ele>
        <extensions>
          <distance>69645</distance>
        </extensions>
      </trkpt>
      <trkpt lat="46.07852" lon="7.27066">
        <ele>2217</ele>
        <extensions>
          <distance>69668</distance>
        </extensions>
      </trkpt>
      <trkpt lat="46.078615" lon="7.27041">
        <ele>2223</ele>
        <extensions>
          <distance>69691</distance>
        </extensions>
      </trkpt>
      <trkpt lat="46.07871" lon="7.27016">
        <ele>2228</ele>
        <extensions>
          <distance>69714</distance>
        </extensions>
      </trkpt>
      <trkpt lat="46.07877" lon="7.26981">
        <ele>2229</ele>
        <extensions>
          <distance>69741</distance>
        </extensions>
      </trkpt>
      <trkpt lat="46.078795" lon="7.270009999999999">
        <ele>2229</ele>
        <extensions>
          <distance>69757</distance>
        </extensions>
      </trkpt>
      <trkpt lat="46.07882" lon="7.27021">
        <ele>2229</ele>
        <extensions>
          <distance>69773</distance>
        </extensions>
      </trkpt>
      <trkpt lat="46.07881" lon="7.27052">
        <ele>2229</ele>
        <extensions>
          <distance>69797</distance>
        </extensions>
      </trkpt>
      <trkpt lat="46.07887" lon="7.27081">
        <ele>2229</ele>
        <extensions>
          <distance>69820</distance>
        </extensions>
      </trkpt>
      <trkpt lat="46.078945000000004" lon="7.270995">
        <ele>2229</ele>
        <extensions>
          <distance>69837</distance>
        </extensions>
      </trkpt>
      <trkpt lat="46.07902" lon="7.27118">
        <ele>2229</ele>
        <extensions>
          <distance>69853</distance>
        </extensions>
      </trkpt>
      <trkpt lat="46.079" lon="7.27122">
        <ele>2229</ele>
        <extensions>
          <distance>69857</distance>
        </extensions>
      </trkpt>
      <trkpt lat="46.07903" lon="7.27118">
        <ele>2229</ele>
        <extensions>
          <distance>69862</distance>
        </extensions>
      </trkpt>
      <trkpt lat="46.07924" lon="7.27131">
        <ele>2235</ele>
        <extensions>
          <distance>69887</distance>
        </extensions>
      </trkpt>
      <trkpt lat="46.07933" lon="7.27129">
        <ele>2237</ele>
        <extensions>
          <distance>69897</distance>
        </extensions>
      </trkpt>
      <trkpt lat="46.07954" lon="7.27127">
        <ele>2243</ele>
        <extensions>
          <distance>69922</distance>
        </extensions>
      </trkpt>
      <trkpt lat="46.07974" lon="7.27101">
        <ele>2255</ele>
        <extensions>
          <distance>69954</distance>
        </extensions>
      </trkpt>
      <trkpt lat="46.07994" lon="7.270905000000001">
        <ele>2260</ele>
        <extensions>
          <distance>69978</distance>
        </extensions>
      </trkpt>
      <trkpt lat="46.08014" lon="7.2708">
        <ele>2263</ele>
        <extensions>
          <distance>70002</distance>
        </extensions>
      </trkpt>
      <trkpt lat="46.08024" lon="7.27069">
        <ele>2264</ele>
        <extensions>
          <distance>70016</distance>
        </extensions>
      </trkpt>
      <trkpt lat="46.08026" lon="7.27057">
        <ele>2264</ele>
        <extensions>
          <distance>70026</distance>
        </extensions>
      </trkpt>
      <trkpt lat="46.08032" lon="7.2703299999999995">
        <ele>2265</ele>
        <extensions>
          <distance>70045</distance>
        </extensions>
      </trkpt>
      <trkpt lat="46.08038" lon="7.27009">
        <ele>2266</ele>
        <extensions>
          <distance>70065</distance>
        </extensions>
      </trkpt>
      <trkpt lat="46.08037" lon="7.26981">
        <ele>2266</ele>
        <extensions>
          <distance>70087</distance>
        </extensions>
      </trkpt>
      <trkpt lat="46.080420000000004" lon="7.2695799999999995">
        <ele>2266</ele>
        <extensions>
          <distance>70105</distance>
        </extensions>
      </trkpt>
      <trkpt lat="46.08047" lon="7.26935">
        <ele>2266</ele>
        <extensions>
          <distance>70124</distance>
        </extensions>
      </trkpt>
      <trkpt lat="46.08046" lon="7.26908">
        <ele>2265</ele>
        <extensions>
          <distance>70145</distance>
        </extensions>
      </trkpt>
      <trkpt lat="46.08034" lon="7.268845">
        <ele>2262</ele>
        <extensions>
          <distance>70168</distance>
        </extensions>
      </trkpt>
      <trkpt lat="46.08022" lon="7.26861">
        <ele>2258</ele>
        <extensions>
          <distance>70191</distance>
        </extensions>
      </trkpt>
      <trkpt lat="46.080155" lon="7.26842">
        <ele>2255</ele>
        <extensions>
          <distance>70207</distance>
        </extensions>
      </trkpt>
      <trkpt lat="46.08009" lon="7.26823">
        <ele>2255</ele>
        <extensions>
          <distance>70224</distance>
        </extensions>
      </trkpt>
      <trkpt lat="46.080185" lon="7.268045">
        <ele>2255</ele>
        <extensions>
          <distance>70241</distance>
        </extensions>
      </trkpt>
      <trkpt lat="46.08028" lon="7.26786">
        <ele>2255</ele>
        <extensions>
          <distance>70259</distance>
        </extensions>
      </trkpt>
      <trkpt lat="46.08036" lon="7.26758">
        <ele>2255</ele>
        <extensions>
          <distance>70283</distance>
        </extensions>
      </trkpt>
      <trkpt lat="46.08037" lon="7.26732">
        <ele>2255</ele>
        <extensions>
          <distance>70303</distance>
        </extensions>
      </trkpt>
      <trkpt lat="46.08038" lon="7.26706">
        <ele>2255</ele>
        <extensions>
          <distance>70323</distance>
        </extensions>
      </trkpt>
      <trkpt lat="46.08038" lon="7.26693">
        <ele>2255</ele>
        <extensions>
          <distance>70333</distance>
        </extensions>
      </trkpt>
      <trkpt lat="46.08036" lon="7.26674">
        <ele>2255</ele>
        <extensions>
          <distance>70348</distance>
        </extensions>
      </trkpt>
      <trkpt lat="46.08027" lon="7.26654">
        <ele>2255</ele>
        <extensions>
          <distance>70366</distance>
        </extensions>
      </trkpt>
      <trkpt lat="46.08018" lon="7.26634">
        <ele>2253</ele>
        <extensions>
          <distance>70385</distance>
        </extensions>
      </trkpt>
      <trkpt lat="46.08002" lon="7.26611">
        <ele>2249</ele>
        <extensions>
          <distance>70410</distance>
        </extensions>
      </trkpt>
      <trkpt lat="46.07998" lon="7.26599">
        <ele>2247</ele>
        <extensions>
          <distance>70420</distance>
        </extensions>
      </trkpt>
      <trkpt lat="46.07991" lon="7.26584">
        <ele>2245</ele>
        <extensions>
          <distance>70434</distance>
        </extensions>
      </trkpt>
      <trkpt lat="46.079854999999995" lon="7.265605">
        <ele>2244</ele>
        <extensions>
          <distance>70454</distance>
        </extensions>
      </trkpt>
      <trkpt lat="46.0798" lon="7.26537">
        <ele>2243</ele>
        <extensions>
          <distance>70473</distance>
        </extensions>
      </trkpt>
      <trkpt lat="46.079674999999995" lon="7.26524">
        <ele>2240</ele>
        <extensions>
          <distance>70490</distance>
        </extensions>
      </trkpt>
      <trkpt lat="46.07955" lon="7.26511">
        <ele>2236</ele>
        <extensions>
          <distance>70508</distance>
        </extensions>
      </trkpt>
      <trkpt lat="46.0794" lon="7.26498">
        <ele>2231</ele>
        <extensions>
          <distance>70528</distance>
        </extensions>
      </trkpt>
      <trkpt lat="46.07926" lon="7.26487">
        <ele>2228</ele>
        <extensions>
          <distance>70546</distance>
        </extensions>
      </trkpt>
      <trkpt lat="46.07916" lon="7.26484">
        <ele>2226</ele>
        <extensions>
          <distance>70557</distance>
        </extensions>
      </trkpt>
      <trkpt lat="46.07908" lon="7.26475">
        <ele>2223</ele>
        <extensions>
          <distance>70569</distance>
        </extensions>
      </trkpt>
      <trkpt lat="46.07919" lon="7.2644275">
        <ele>2223</ele>
        <extensions>
          <distance>70597</distance>
        </extensions>
      </trkpt>
      <trkpt lat="46.0793" lon="7.264105000000001">
        <ele>2223</ele>
        <extensions>
          <distance>70625</distance>
        </extensions>
      </trkpt>
      <trkpt lat="46.07941" lon="7.2637825000000005">
        <ele>2222</ele>
        <extensions>
          <distance>70652</distance>
        </extensions>
      </trkpt>
      <trkpt lat="46.07952" lon="7.26346">
        <ele>2222</ele>
        <extensions>
          <distance>70680</distance>
        </extensions>
      </trkpt>
      <trkpt lat="46.07954" lon="7.2632">
        <ele>2219</ele>
        <extensions>
          <distance>70700</distance>
        </extensions>
      </trkpt>
      <trkpt lat="46.079592500000004" lon="7.263020000000001">
        <ele>2219</ele>
        <extensions>
          <distance>70716</distance>
        </extensions>
      </trkpt>
      <trkpt lat="46.079645" lon="7.262840000000001">
        <ele>2219</ele>
        <extensions>
          <distance>70731</distance>
        </extensions>
      </trkpt>
      <trkpt lat="46.079697499999995" lon="7.26266">
        <ele>2219</ele>
        <extensions>
          <distance>70746</distance>
        </extensions>
      </trkpt>
      <trkpt lat="46.07975" lon="7.26248">
        <ele>2218</ele>
        <extensions>
          <distance>70761</distance>
        </extensions>
      </trkpt>
      <trkpt lat="46.079795" lon="7.26221">
        <ele>2218</ele>
        <extensions>
          <distance>70782</distance>
        </extensions>
      </trkpt>
      <trkpt lat="46.07984" lon="7.26194">
        <ele>2218</ele>
        <extensions>
          <distance>70804</distance>
        </extensions>
      </trkpt>
      <trkpt lat="46.07991" lon="7.2617">
        <ele>2218</ele>
        <extensions>
          <distance>70824</distance>
        </extensions>
      </trkpt>
      <trkpt lat="46.08002" lon="7.2614149999999995">
        <ele>2218</ele>
        <extensions>
          <distance>70849</distance>
        </extensions>
      </trkpt>
      <trkpt lat="46.08013" lon="7.26113">
        <ele>2218</ele>
        <extensions>
          <distance>70874</distance>
        </extensions>
      </trkpt>
      <trkpt lat="46.08019" lon="7.26096">
        <ele>2218</ele>
        <extensions>
          <distance>70889</distance>
        </extensions>
      </trkpt>
      <trkpt lat="46.08022" lon="7.26084">
        <ele>2218</ele>
        <extensions>
          <distance>70899</distance>
        </extensions>
      </trkpt>
      <trkpt lat="46.08019" lon="7.26065">
        <ele>2216</ele>
        <extensions>
          <distance>70914</distance>
        </extensions>
      </trkpt>
      <trkpt lat="46.08023" lon="7.26037">
        <ele>2216</ele>
        <extensions>
          <distance>70936</distance>
        </extensions>
      </trkpt>
      <trkpt lat="46.0802825" lon="7.26016">
        <ele>2216</ele>
        <extensions>
          <distance>70953</distance>
        </extensions>
      </trkpt>
      <trkpt lat="46.080335000000005" lon="7.25995">
        <ele>2216</ele>
        <extensions>
          <distance>70971</distance>
        </extensions>
      </trkpt>
      <trkpt lat="46.0803875" lon="7.25974">
        <ele>2216</ele>
        <extensions>
          <distance>70988</distance>
        </extensions>
      </trkpt>
      <trkpt lat="46.08044" lon="7.25953">
        <ele>2217</ele>
        <extensions>
          <distance>71005</distance>
        </extensions>
      </trkpt>
      <trkpt lat="46.080455" lon="7.2592875">
        <ele>2217</ele>
        <extensions>
          <distance>71024</distance>
        </extensions>
      </trkpt>
      <trkpt lat="46.080470000000005" lon="7.259045">
        <ele>2217</ele>
        <extensions>
          <distance>71043</distance>
        </extensions>
      </trkpt>
      <trkpt lat="46.080485" lon="7.2588025">
        <ele>2217</ele>
        <extensions>
          <distance>71062</distance>
        </extensions>
      </trkpt>
      <trkpt lat="46.0805" lon="7.25856">
        <ele>2215</ele>
        <extensions>
          <distance>71081</distance>
        </extensions>
      </trkpt>
      <trkpt lat="46.0805525" lon="7.258345">
        <ele>2215</ele>
        <extensions>
          <distance>71098</distance>
        </extensions>
      </trkpt>
      <trkpt lat="46.080605000000006" lon="7.2581299999999995">
        <ele>2215</ele>
        <extensions>
          <distance>71116</distance>
        </extensions>
      </trkpt>
      <trkpt lat="46.0806575" lon="7.257915">
        <ele>2215</ele>
        <extensions>
          <distance>71133</distance>
        </extensions>
      </trkpt>
      <trkpt lat="46.08071" lon="7.2577">
        <ele>2213</ele>
        <extensions>
          <distance>71151</distance>
        </extensions>
      </trkpt>
      <trkpt lat="46.080835" lon="7.25745">
        <ele>2212</ele>
        <extensions>
          <distance>71175</distance>
        </extensions>
      </trkpt>
      <trkpt lat="46.08096" lon="7.2572">
        <ele>2210</ele>
        <extensions>
          <distance>71199</distance>
        </extensions>
      </trkpt>
      <trkpt lat="46.08108" lon="7.25705">
        <ele>2208</ele>
        <extensions>
          <distance>71216</distance>
        </extensions>
      </trkpt>
      <trkpt lat="46.08109" lon="7.25699">
        <ele>2206</ele>
        <extensions>
          <distance>71222</distance>
        </extensions>
      </trkpt>
      <trkpt lat="46.08094" lon="7.25694">
        <ele>2202</ele>
        <extensions>
          <distance>71239</distance>
        </extensions>
      </trkpt>
      <trkpt lat="46.08079" lon="7.25689">
        <ele>2198</ele>
        <extensions>
          <distance>71257</distance>
        </extensions>
      </trkpt>
      <trkpt lat="46.0807" lon="7.25692">
        <ele>2197</ele>
        <extensions>
          <distance>71267</distance>
        </extensions>
      </trkpt>
      <trkpt lat="46.08061" lon="7.25697">
        <ele>2197</ele>
        <extensions>
          <distance>71278</distance>
        </extensions>
      </trkpt>
      <trkpt lat="46.08063" lon="7.25675">
        <ele>2192</ele>
        <extensions>
          <distance>71295</distance>
        </extensions>
      </trkpt>
      <trkpt lat="46.08068" lon="7.25664">
        <ele>2190</ele>
        <extensions>
          <distance>71306</distance>
        </extensions>
      </trkpt>
      <trkpt lat="46.08074" lon="7.25654">
        <ele>2189</ele>
        <extensions>
          <distance>71316</distance>
        </extensions>
      </trkpt>
      <trkpt lat="46.08063" lon="7.2565">
        <ele>2185</ele>
        <extensions>
          <distance>71329</distance>
        </extensions>
      </trkpt>
      <trkpt lat="46.08057" lon="7.25638">
        <ele>2180</ele>
        <extensions>
          <distance>71342</distance>
        </extensions>
      </trkpt>
      <trkpt lat="46.08042" lon="7.25635">
        <ele>2175</ele>
        <extensions>
          <distance>71359</distance>
        </extensions>
      </trkpt>
      <trkpt lat="46.08035" lon="7.25626">
        <ele>2170</ele>
        <extensions>
          <distance>71371</distance>
        </extensions>
      </trkpt>
      <trkpt lat="46.08048" lon="7.25603">
        <ele>2165</ele>
        <extensions>
          <distance>71394</distance>
        </extensions>
      </trkpt>
      <trkpt lat="46.08031" lon="7.25595">
        <ele>2157</ele>
        <extensions>
          <distance>71416</distance>
        </extensions>
      </trkpt>
      <trkpt lat="46.08021" lon="7.25589">
        <ele>2153</ele>
        <extensions>
          <distance>71428</distance>
        </extensions>
      </trkpt>
      <trkpt lat="46.08007" lon="7.25589">
        <ele>2151</ele>
        <extensions>
          <distance>71444</distance>
        </extensions>
      </trkpt>
      <trkpt lat="46.08005" lon="7.25582">
        <ele>2148</ele>
        <extensions>
          <distance>71450</distance>
        </extensions>
      </trkpt>
      <trkpt lat="46.08009" lon="7.25575">
        <ele>2146</ele>
        <extensions>
          <distance>71457</distance>
        </extensions>
      </trkpt>
      <trkpt lat="46.08004" lon="7.2557">
        <ele>2143</ele>
        <extensions>
          <distance>71465</distance>
        </extensions>
      </trkpt>
      <trkpt lat="46.0798825" lon="7.255599999999999">
        <ele>2135</ele>
        <extensions>
          <distance>71486</distance>
        </extensions>
      </trkpt>
      <trkpt lat="46.079724999999996" lon="7.2555">
        <ele>2128</ele>
        <extensions>
          <distance>71506</distance>
        </extensions>
      </trkpt>
      <trkpt lat="46.079567499999996" lon="7.2554">
        <ele>2121</ele>
        <extensions>
          <distance>71527</distance>
        </extensions>
      </trkpt>
      <trkpt lat="46.07941" lon="7.2553">
        <ele>2114</ele>
        <extensions>
          <distance>71547</distance>
        </extensions>
      </trkpt>
      <trkpt lat="46.07926500000001" lon="7.2552900000000005">
        <ele>2112</ele>
        <extensions>
          <distance>71563</distance>
        </extensions>
      </trkpt>
      <trkpt lat="46.07912" lon="7.25528">
        <ele>2109</ele>
        <extensions>
          <distance>71580</distance>
        </extensions>
      </trkpt>
      <trkpt lat="46.07899" lon="7.25535">
        <ele>2106</ele>
        <extensions>
          <distance>71595</distance>
        </extensions>
      </trkpt>
      <trkpt lat="46.0788" lon="7.25539">
        <ele>2101</ele>
        <extensions>
          <distance>71617</distance>
        </extensions>
      </trkpt>
      <trkpt lat="46.078635000000006" lon="7.25549">
        <ele>2097</ele>
        <extensions>
          <distance>71638</distance>
        </extensions>
      </trkpt>
      <trkpt lat="46.07847" lon="7.25559">
        <ele>2093</ele>
        <extensions>
          <distance>71658</distance>
        </extensions>
      </trkpt>
      <trkpt lat="46.078245" lon="7.25568">
        <ele>2087</ele>
        <extensions>
          <distance>71684</distance>
        </extensions>
      </trkpt>
      <trkpt lat="46.07802" lon="7.25577">
        <ele>2082</ele>
        <extensions>
          <distance>71711</distance>
        </extensions>
      </trkpt>
      <trkpt lat="46.0778" lon="7.25593">
        <ele>2078</ele>
        <extensions>
          <distance>71739</distance>
        </extensions>
      </trkpt>
      <trkpt lat="46.07758" lon="7.25595">
        <ele>2070</ele>
        <extensions>
          <distance>71764</distance>
        </extensions>
      </trkpt>
      <trkpt lat="46.07753" lon="7.25592">
        <ele>2067</ele>
        <extensions>
          <distance>71771</distance>
        </extensions>
      </trkpt>
      <trkpt lat="46.07756" lon="7.25563">
        <ele>2064</ele>
        <extensions>
          <distance>71794</distance>
        </extensions>
      </trkpt>
      <trkpt lat="46.077659999999995" lon="7.2553149999999995">
        <ele>2062</ele>
        <extensions>
          <distance>71821</distance>
        </extensions>
      </trkpt>
      <trkpt lat="46.07776" lon="7.255">
        <ele>2059</ele>
        <extensions>
          <distance>71848</distance>
        </extensions>
      </trkpt>
      <trkpt lat="46.07786" lon="7.25475">
        <ele>2054</ele>
        <extensions>
          <distance>71871</distance>
        </extensions>
      </trkpt>
      <trkpt lat="46.077725" lon="7.254709999999999">
        <ele>2048</ele>
        <extensions>
          <distance>71887</distance>
        </extensions>
      </trkpt>
      <trkpt lat="46.07759" lon="7.25467">
        <ele>2042</ele>
        <extensions>
          <distance>71904</distance>
        </extensions>
      </trkpt>
      <trkpt lat="46.07739" lon="7.25468">
        <ele>2034</ele>
        <extensions>
          <distance>71927</distance>
        </extensions>
      </trkpt>
      <trkpt lat="46.0773" lon="7.25472">
        <ele>2031</ele>
        <extensions>
          <distance>71938</distance>
        </extensions>
      </trkpt>
      <trkpt lat="46.07708" lon="7.25486">
        <ele>2026</ele>
        <extensions>
          <distance>71965</distance>
        </extensions>
      </trkpt>
      <trkpt lat="46.076935000000006" lon="7.254989999999999">
        <ele>2024</ele>
        <extensions>
          <distance>71984</distance>
        </extensions>
      </trkpt>
      <trkpt lat="46.07679" lon="7.25512">
        <ele>2022</ele>
        <extensions>
          <distance>72003</distance>
        </extensions>
      </trkpt>
      <trkpt lat="46.07668" lon="7.25507">
        <ele>2017</ele>
        <extensions>
          <distance>72017</distance>
        </extensions>
      </trkpt>
      <trkpt lat="46.07668" lon="7.25494">
        <ele>2014</ele>
        <extensions>
          <distance>72028</distance>
        </extensions>
      </trkpt>
      <trkpt lat="46.076705000000004" lon="7.254615">
        <ele>2004</ele>
        <extensions>
          <distance>72055</distance>
        </extensions>
      </trkpt>
      <trkpt lat="46.07673" lon="7.25429">
        <ele>1995</ele>
        <extensions>
          <distance>72082</distance>
        </extensions>
      </trkpt>
      <trkpt lat="46.076769999999996" lon="7.254085">
        <ele>1991</ele>
        <extensions>
          <distance>72099</distance>
        </extensions>
      </trkpt>
      <trkpt lat="46.07681" lon="7.25388">
        <ele>1987</ele>
        <extensions>
          <distance>72116</distance>
        </extensions>
      </trkpt>
      <trkpt lat="46.07688" lon="7.2538">
        <ele>1986</ele>
        <extensions>
          <distance>72126</distance>
        </extensions>
      </trkpt>
      <trkpt lat="46.07694" lon="7.25375">
        <ele>1985</ele>
        <extensions>
          <distance>72133</distance>
        </extensions>
      </trkpt>
      <trkpt lat="46.07709" lon="7.25347">
        <ele>1979</ele>
        <extensions>
          <distance>72161</distance>
        </extensions>
      </trkpt>
      <trkpt lat="46.07724" lon="7.25319">
        <ele>1971</ele>
        <extensions>
          <distance>72190</distance>
        </extensions>
      </trkpt>
      <trkpt lat="46.0773825" lon="7.2530149999999995">
        <ele>1965</ele>
        <extensions>
          <distance>72212</distance>
        </extensions>
      </trkpt>
      <trkpt lat="46.077525" lon="7.25284">
        <ele>1961</ele>
        <extensions>
          <distance>72233</distance>
        </extensions>
      </trkpt>
      <trkpt lat="46.077667500000004" lon="7.252665">
        <ele>1957</ele>
        <extensions>
          <distance>72254</distance>
        </extensions>
      </trkpt>
      <trkpt lat="46.07781" lon="7.25249">
        <ele>1953</ele>
        <extensions>
          <distance>72275</distance>
        </extensions>
      </trkpt>
      <trkpt lat="46.07787" lon="7.2523">
        <ele>1944</ele>
        <extensions>
          <distance>72294</distance>
        </extensions>
      </trkpt>
      <trkpt lat="46.07792" lon="7.25224">
        <ele>1943</ele>
        <extensions>
          <distance>72301</distance>
        </extensions>
      </trkpt>
      <trkpt lat="46.07794" lon="7.25206">
        <ele>1935</ele>
        <extensions>
          <distance>72317</distance>
        </extensions>
      </trkpt>
      <trkpt lat="46.07805" lon="7.25186">
        <ele>1930</ele>
        <extensions>
          <distance>72337</distance>
        </extensions>
      </trkpt>
      <trkpt lat="46.0781" lon="7.25165">
        <ele>1923</ele>
        <extensions>
          <distance>72356</distance>
        </extensions>
      </trkpt>
      <trkpt lat="46.078199999999995" lon="7.25141">
        <ele>1918</ele>
        <extensions>
          <distance>72378</distance>
        </extensions>
      </trkpt>
      <trkpt lat="46.0783" lon="7.25117">
        <ele>1911</ele>
        <extensions>
          <distance>72401</distance>
        </extensions>
      </trkpt>
      <trkpt lat="46.07833" lon="7.25085">
        <ele>1898</ele>
        <extensions>
          <distance>72429</distance>
        </extensions>
      </trkpt>
      <trkpt lat="46.07839" lon="7.25069">
        <ele>1895</ele>
        <extensions>
          <distance>72443</distance>
        </extensions>
      </trkpt>
      <trkpt lat="46.07854" lon="7.25037">
        <ele>1891</ele>
        <extensions>
          <distance>72473</distance>
        </extensions>
      </trkpt>
      <trkpt lat="46.07864" lon="7.25019">
        <ele>1888</ele>
        <extensions>
          <distance>72491</distance>
        </extensions>
      </trkpt>
      <trkpt lat="46.07869" lon="7.25002">
        <ele>1882</ele>
        <extensions>
          <distance>72507</distance>
        </extensions>
      </trkpt>
      <trkpt lat="46.07867" lon="7.24993">
        <ele>1877</ele>
        <extensions>
          <distance>72516</distance>
        </extensions>
      </trkpt>
      <trkpt lat="46.07876" lon="7.24982">
        <ele>1874</ele>
        <extensions>
          <distance>72529</distance>
        </extensions>
      </trkpt>
      <trkpt lat="46.07889" lon="7.249745">
        <ele>1873</ele>
        <extensions>
          <distance>72545</distance>
        </extensions>
      </trkpt>
      <trkpt lat="46.07902" lon="7.24967">
        <ele>1870</ele>
        <extensions>
          <distance>72561</distance>
        </extensions>
      </trkpt>
      <trkpt lat="46.07917" lon="7.24952">
        <ele>1863</ele>
        <extensions>
          <distance>72582</distance>
        </extensions>
      </trkpt>
      <trkpt lat="46.0792" lon="7.2494">
        <ele>1856</ele>
        <extensions>
          <distance>72594</distance>
        </extensions>
      </trkpt>
      <trkpt lat="46.07915" lon="7.24929">
        <ele>1851</ele>
        <extensions>
          <distance>72606</distance>
        </extensions>
      </trkpt>
      <trkpt lat="46.0791" lon="7.24921">
        <ele>1848</ele>
        <extensions>
          <distance>72614</distance>
        </extensions>
      </trkpt>
      <trkpt lat="46.07889" lon="7.24902">
        <ele>1840</ele>
        <extensions>
          <distance>72643</distance>
        </extensions>
      </trkpt>
      <trkpt lat="46.07875" lon="7.24885">
        <ele>1833</ele>
        <extensions>
          <distance>72665</distance>
        </extensions>
      </trkpt>
      <trkpt lat="46.07869" lon="7.24876">
        <ele>1829</ele>
        <extensions>
          <distance>72675</distance>
        </extensions>
      </trkpt>
      <trkpt lat="46.0787" lon="7.24855">
        <ele>1822</ele>
        <extensions>
          <distance>72693</distance>
        </extensions>
      </trkpt>
      <trkpt lat="46.07871" lon="7.24834">
        <ele>1815</ele>
        <extensions>
          <distance>72710</distance>
        </extensions>
      </trkpt>
      <trkpt lat="46.07879" lon="7.24828">
        <ele>1812</ele>
        <extensions>
          <distance>72721</distance>
        </extensions>
      </trkpt>
      <trkpt lat="46.07894" lon="7.24828">
        <ele>1811</ele>
        <extensions>
          <distance>72738</distance>
        </extensions>
      </trkpt>
      <trkpt lat="46.07891" lon="7.24818">
        <ele>1809</ele>
        <extensions>
          <distance>72746</distance>
        </extensions>
      </trkpt>
      <trkpt lat="46.07882" lon="7.24812">
        <ele>1808</ele>
        <extensions>
          <distance>72757</distance>
        </extensions>
      </trkpt>
      <trkpt lat="46.0787" lon="7.24793">
        <ele>1801</ele>
        <extensions>
          <distance>72778</distance>
        </extensions>
      </trkpt>
      <trkpt lat="46.07861" lon="7.24781">
        <ele>1796</ele>
        <extensions>
          <distance>72793</distance>
        </extensions>
      </trkpt>
      <trkpt lat="46.07876" lon="7.24757">
        <ele>1788</ele>
        <extensions>
          <distance>72819</distance>
        </extensions>
      </trkpt>
      <trkpt lat="46.07885" lon="7.2475">
        <ele>1786</ele>
        <extensions>
          <distance>72830</distance>
        </extensions>
      </trkpt>
      <trkpt lat="46.07894" lon="7.24748">
        <ele>1785</ele>
        <extensions>
          <distance>72841</distance>
        </extensions>
      </trkpt>
      <trkpt lat="46.07898" lon="7.24737">
        <ele>1782</ele>
        <extensions>
          <distance>72851</distance>
        </extensions>
      </trkpt>
      <trkpt lat="46.07886" lon="7.24722">
        <ele>1777</ele>
        <extensions>
          <distance>72869</distance>
        </extensions>
      </trkpt>
      <trkpt lat="46.07886" lon="7.247">
        <ele>1770</ele>
        <extensions>
          <distance>72887</distance>
        </extensions>
      </trkpt>
      <trkpt lat="46.07877" lon="7.24684">
        <ele>1765</ele>
        <extensions>
          <distance>72904</distance>
        </extensions>
      </trkpt>
      <trkpt lat="46.07888" lon="7.24679">
        <ele>1764</ele>
        <extensions>
          <distance>72917</distance>
        </extensions>
      </trkpt>
      <trkpt lat="46.07888" lon="7.24675">
        <ele>1763</ele>
        <extensions>
          <distance>72920</distance>
        </extensions>
      </trkpt>
      <trkpt lat="46.07873" lon="7.24646">
        <ele>1747</ele>
        <extensions>
          <distance>72952</distance>
        </extensions>
      </trkpt>
      <trkpt lat="46.07884" lon="7.2464">
        <ele>1747</ele>
        <extensions>
          <distance>72965</distance>
        </extensions>
      </trkpt>
      <trkpt lat="46.07892" lon="7.24642">
        <ele>1745</ele>
        <extensions>
          <distance>72974</distance>
        </extensions>
      </trkpt>
      <trkpt lat="46.07886" lon="7.24616">
        <ele>1742</ele>
        <extensions>
          <distance>72995</distance>
        </extensions>
      </trkpt>
      <trkpt lat="46.079025" lon="7.24619">
        <ele>1740</ele>
        <extensions>
          <distance>73014</distance>
        </extensions>
      </trkpt>
      <trkpt lat="46.07919" lon="7.24622">
        <ele>1738</ele>
        <extensions>
          <distance>73032</distance>
        </extensions>
      </trkpt>
      <trkpt lat="46.07939" lon="7.24619">
        <ele>1735</ele>
        <extensions>
          <distance>73055</distance>
        </extensions>
      </trkpt>
      <trkpt lat="46.07959" lon="7.24624">
        <ele>1735</ele>
        <extensions>
          <distance>73077</distance>
        </extensions>
      </trkpt>
      <trkpt lat="46.07973" lon="7.24623">
        <ele>1732</ele>
        <extensions>
          <distance>73093</distance>
        </extensions>
      </trkpt>
      <trkpt lat="46.07982" lon="7.24628">
        <ele>1730</ele>
        <extensions>
          <distance>73104</distance>
        </extensions>
      </trkpt>
      <trkpt lat="46.07994" lon="7.246415">
        <ele>1729</ele>
        <extensions>
          <distance>73121</distance>
        </extensions>
      </trkpt>
      <trkpt lat="46.08006" lon="7.24655">
        <ele>1729</ele>
        <extensions>
          <distance>73138</distance>
        </extensions>
      </trkpt>
      <trkpt lat="46.08017" lon="7.24651">
        <ele>1728</ele>
        <extensions>
          <distance>73150</distance>
        </extensions>
      </trkpt>
      <trkpt lat="46.08028" lon="7.24641">
        <ele>1727</ele>
        <extensions>
          <distance>73165</distance>
        </extensions>
      </trkpt>
      <trkpt lat="46.08041" lon="7.2462">
        <ele>1720</ele>
        <extensions>
          <distance>73187</distance>
        </extensions>
      </trkpt>
      <trkpt lat="46.08057" lon="7.24608">
        <ele>1716</ele>
        <extensions>
          <distance>73208</distance>
        </extensions>
      </trkpt>
      <trkpt lat="46.08066" lon="7.24603">
        <ele>1714</ele>
        <extensions>
          <distance>73218</distance>
        </extensions>
      </trkpt>
      <trkpt lat="46.08073" lon="7.24597">
        <ele>1713</ele>
        <extensions>
          <distance>73228</distance>
        </extensions>
      </trkpt>
      <trkpt lat="46.0808" lon="7.24593">
        <ele>1713</ele>
        <extensions>
          <distance>73236</distance>
        </extensions>
      </trkpt>
      <trkpt lat="46.08092" lon="7.24594">
        <ele>1713</ele>
        <extensions>
          <distance>73249</distance>
        </extensions>
      </trkpt>
      <trkpt lat="46.08101" lon="7.24598">
        <ele>1712</ele>
        <extensions>
          <distance>73260</distance>
        </extensions>
      </trkpt>
      <trkpt lat="46.08125" lon="7.24612">
        <ele>1713</ele>
        <extensions>
          <distance>73289</distance>
        </extensions>
      </trkpt>
      <trkpt lat="46.081374999999994" lon="7.24625">
        <ele>1719</ele>
        <extensions>
          <distance>73306</distance>
        </extensions>
      </trkpt>
      <trkpt lat="46.0815" lon="7.24638">
        <ele>1719</ele>
        <extensions>
          <distance>73323</distance>
        </extensions>
      </trkpt>
      <trkpt lat="46.08159" lon="7.24631">
        <ele>1720</ele>
        <extensions>
          <distance>73335</distance>
        </extensions>
      </trkpt>
      <trkpt lat="46.08175249999999" lon="7.24631">
        <ele>1721</ele>
        <extensions>
          <distance>73353</distance>
        </extensions>
      </trkpt>
      <trkpt lat="46.081914999999995" lon="7.24631">
        <ele>1720</ele>
        <extensions>
          <distance>73371</distance>
        </extensions>
      </trkpt>
      <trkpt lat="46.0820775" lon="7.24631">
        <ele>1720</ele>
        <extensions>
          <distance>73389</distance>
        </extensions>
      </trkpt>
      <trkpt lat="46.08224" lon="7.24631">
        <ele>1717</ele>
        <extensions>
          <distance>73407</distance>
        </extensions>
      </trkpt>
      <trkpt lat="46.08224" lon="7.245985">
        <ele>1716</ele>
        <extensions>
          <distance>73432</distance>
        </extensions>
      </trkpt>
      <trkpt lat="46.08224" lon="7.24566">
        <ele>1707</ele>
        <extensions>
          <distance>73459</distance>
        </extensions>
      </trkpt>
      <trkpt lat="46.08225" lon="7.24555">
        <ele>1707</ele>
        <extensions>
          <distance>73467</distance>
        </extensions>
      </trkpt>
      <trkpt lat="46.08231" lon="7.2453">
        <ele>1707</ele>
        <extensions>
          <distance>73488</distance>
        </extensions>
      </trkpt>
      <trkpt lat="46.08237" lon="7.24505">
        <ele>1707</ele>
        <extensions>
          <distance>73508</distance>
        </extensions>
      </trkpt>
      <trkpt lat="46.08245" lon="7.24486">
        <ele>1707</ele>
        <extensions>
          <distance>73525</distance>
        </extensions>
      </trkpt>
      <trkpt lat="46.082605" lon="7.244615">
        <ele>1713</ele>
        <extensions>
          <distance>73551</distance>
        </extensions>
      </trkpt>
      <trkpt lat="46.08276" lon="7.24437">
        <ele>1717</ele>
        <extensions>
          <distance>73577</distance>
        </extensions>
      </trkpt>
      <trkpt lat="46.08281" lon="7.24404">
        <ele>1717</ele>
        <extensions>
          <distance>73603</distance>
        </extensions>
      </trkpt>
      <trkpt lat="46.08291" lon="7.2438">
        <ele>1717</ele>
        <extensions>
          <distance>73625</distance>
        </extensions>
      </trkpt>
      <trkpt lat="46.08301" lon="7.24356">
        <ele>1717</ele>
        <extensions>
          <distance>73647</distance>
        </extensions>
      </trkpt>
      <trkpt lat="46.08303" lon="7.24333">
        <ele>1710</ele>
        <extensions>
          <distance>73665</distance>
        </extensions>
      </trkpt>
      <trkpt lat="46.08316" lon="7.24315">
        <ele>1710</ele>
        <extensions>
          <distance>73685</distance>
        </extensions>
      </trkpt>
      <trkpt lat="46.08321" lon="7.24309">
        <ele>1710</ele>
        <extensions>
          <distance>73692</distance>
        </extensions>
      </trkpt>
      <trkpt lat="46.0834" lon="7.24299">
        <ele>1710</ele>
        <extensions>
          <distance>73715</distance>
        </extensions>
      </trkpt>
      <trkpt lat="46.08348" lon="7.24301">
        <ele>1710</ele>
        <extensions>
          <distance>73724</distance>
        </extensions>
      </trkpt>
      <trkpt lat="46.08368" lon="7.24325">
        <ele>1722</ele>
        <extensions>
          <distance>73753</distance>
        </extensions>
      </trkpt>
      <trkpt lat="46.08385" lon="7.24321">
        <ele>1726</ele>
        <extensions>
          <distance>73773</distance>
        </extensions>
      </trkpt>
      <trkpt lat="46.08403" lon="7.24304">
        <ele>1726</ele>
        <extensions>
          <distance>73797</distance>
        </extensions>
      </trkpt>
      <trkpt lat="46.08419" lon="7.243029999999999">
        <ele>1727</ele>
        <extensions>
          <distance>73815</distance>
        </extensions>
      </trkpt>
      <trkpt lat="46.08435" lon="7.24302">
        <ele>1727</ele>
        <extensions>
          <distance>73832</distance>
        </extensions>
      </trkpt>
      <trkpt lat="46.08456" lon="7.24287">
        <ele>1726</ele>
        <extensions>
          <distance>73859</distance>
        </extensions>
      </trkpt>
      <trkpt lat="46.08467" lon="7.2426200000000005">
        <ele>1726</ele>
        <extensions>
          <distance>73881</distance>
        </extensions>
      </trkpt>
      <trkpt lat="46.08478" lon="7.24237">
        <ele>1726</ele>
        <extensions>
          <distance>73904</distance>
        </extensions>
      </trkpt>
      <trkpt lat="46.08485" lon="7.2423">
        <ele>1726</ele>
        <extensions>
          <distance>73914</distance>
        </extensions>
      </trkpt>
      <trkpt lat="46.08496" lon="7.2422">
        <ele>1726</ele>
        <extensions>
          <distance>73928</distance>
        </extensions>
      </trkpt>
      <trkpt lat="46.0851" lon="7.242155">
        <ele>1726</ele>
        <extensions>
          <distance>73944</distance>
        </extensions>
      </trkpt>
      <trkpt lat="46.08524" lon="7.24211">
        <ele>1728</ele>
        <extensions>
          <distance>73960</distance>
        </extensions>
      </trkpt>
      <trkpt lat="46.08532" lon="7.24206">
        <ele>1729</ele>
        <extensions>
          <distance>73970</distance>
        </extensions>
      </trkpt>
      <trkpt lat="46.085565" lon="7.241935">
        <ele>1729</ele>
        <extensions>
          <distance>73999</distance>
        </extensions>
      </trkpt>
      <trkpt lat="46.08581" lon="7.24181">
        <ele>1729</ele>
        <extensions>
          <distance>74028</distance>
        </extensions>
      </trkpt>
      <trkpt lat="46.08588" lon="7.24173">
        <ele>1729</ele>
        <extensions>
          <distance>74038</distance>
        </extensions>
      </trkpt>
      <trkpt lat="46.08595" lon="7.24167">
        <ele>1730</ele>
        <extensions>
          <distance>74047</distance>
        </extensions>
      </trkpt>
      <trkpt lat="46.08613" lon="7.24139">
        <ele>1731</ele>
        <extensions>
          <distance>74076</distance>
        </extensions>
      </trkpt>
      <trkpt lat="46.0862" lon="7.2413">
        <ele>1731</ele>
        <extensions>
          <distance>74087</distance>
        </extensions>
      </trkpt>
      <trkpt lat="46.08631" lon="7.24112">
        <ele>1732</ele>
        <extensions>
          <distance>74105</distance>
        </extensions>
      </trkpt>
      <trkpt lat="46.08634" lon="7.241">
        <ele>1734</ele>
        <extensions>
          <distance>74115</distance>
        </extensions>
      </trkpt>
      <trkpt lat="46.08639" lon="7.2407">
        <ele>1735</ele>
        <extensions>
          <distance>74139</distance>
        </extensions>
      </trkpt>
      <trkpt lat="46.08639" lon="7.24054">
        <ele>1735</ele>
        <extensions>
          <distance>74151</distance>
        </extensions>
      </trkpt>
      <trkpt lat="46.08636" lon="7.24042">
        <ele>1737</ele>
        <extensions>
          <distance>74161</distance>
        </extensions>
      </trkpt>
      <trkpt lat="46.086299999999994" lon="7.240245">
        <ele>1738.5</ele>
        <extensions>
          <distance>74176</distance>
        </extensions>
      </trkpt>
      <trkpt lat="46.08624" lon="7.24007">
        <ele>1740</ele>
        <extensions>
          <distance>74192</distance>
        </extensions>
      </trkpt>
      <trkpt lat="46.086169999999996" lon="7.23984">
        <ele>1741</ele>
        <extensions>
          <distance>74211</distance>
        </extensions>
      </trkpt>
      <trkpt lat="46.0861" lon="7.23961">
        <ele>1742</ele>
        <extensions>
          <distance>74231</distance>
        </extensions>
      </trkpt>
      <trkpt lat="46.08603" lon="7.23952">
        <ele>1742</ele>
        <extensions>
          <distance>74241</distance>
        </extensions>
      </trkpt>
      <trkpt lat="46.08587" lon="7.23926">
        <ele>1742</ele>
        <extensions>
          <distance>74268</distance>
        </extensions>
      </trkpt>
      <trkpt lat="46.085719999999995" lon="7.23915">
        <ele>1744</ele>
        <extensions>
          <distance>74287</distance>
        </extensions>
      </trkpt>
      <trkpt lat="46.08557" lon="7.23904">
        <ele>1746</ele>
        <extensions>
          <distance>74305</distance>
        </extensions>
      </trkpt>
      <trkpt lat="46.085425" lon="7.23873">
        <ele>1746</ele>
        <extensions>
          <distance>74334</distance>
        </extensions>
      </trkpt>
      <trkpt lat="46.08528" lon="7.23842">
        <ele>1746</ele>
        <extensions>
          <distance>74363</distance>
        </extensions>
      </trkpt>
      <trkpt lat="46.08534" lon="7.23817">
        <ele>1746</ele>
        <extensions>
          <distance>74384</distance>
        </extensions>
      </trkpt>
      <trkpt lat="46.0854" lon="7.23792">
        <ele>1745</ele>
        <extensions>
          <distance>74404</distance>
        </extensions>
      </trkpt>
      <trkpt lat="46.085499999999996" lon="7.237765">
        <ele>1742</ele>
        <extensions>
          <distance>74420</distance>
        </extensions>
      </trkpt>
      <trkpt lat="46.0856" lon="7.23761">
        <ele>1739</ele>
        <extensions>
          <distance>74437</distance>
        </extensions>
      </trkpt>
      <trkpt lat="46.08578" lon="7.23742">
        <ele>1734.5</ele>
        <extensions>
          <distance>74462</distance>
        </extensions>
      </trkpt>
      <trkpt lat="46.08596" lon="7.23723">
        <ele>1730</ele>
        <extensions>
          <distance>74488</distance>
        </extensions>
      </trkpt>
      <trkpt lat="46.08609" lon="7.23702">
        <ele>1726</ele>
        <extensions>
          <distance>74510</distance>
        </extensions>
      </trkpt>
      <trkpt lat="46.08633" lon="7.23686">
        <ele>1722</ele>
        <extensions>
          <distance>74539</distance>
        </extensions>
      </trkpt>
      <trkpt lat="46.08646" lon="7.236765">
        <ele>1720</ele>
        <extensions>
          <distance>74556</distance>
        </extensions>
      </trkpt>
      <trkpt lat="46.08659" lon="7.23667">
        <ele>1718</ele>
        <extensions>
          <distance>74572</distance>
        </extensions>
      </trkpt>
      <trkpt lat="46.08671" lon="7.23654">
        <ele>1715</ele>
        <extensions>
          <distance>74589</distance>
        </extensions>
      </trkpt>
      <trkpt lat="46.08684" lon="7.23622">
        <ele>1712</ele>
        <extensions>
          <distance>74618</distance>
        </extensions>
      </trkpt>
      <trkpt lat="46.0869" lon="7.23599">
        <ele>1711</ele>
        <extensions>
          <distance>74637</distance>
        </extensions>
      </trkpt>
      <trkpt lat="46.0871" lon="7.2359">
        <ele>1708</ele>
        <extensions>
          <distance>74660</distance>
        </extensions>
      </trkpt>
      <trkpt lat="46.08725" lon="7.235735">
        <ele>1704.5</ele>
        <extensions>
          <distance>74682</distance>
        </extensions>
      </trkpt>
      <trkpt lat="46.0874" lon="7.23557">
        <ele>1701</ele>
        <extensions>
          <distance>74703</distance>
        </extensions>
      </trkpt>
      <trkpt lat="46.0875" lon="7.23551">
        <ele>1699</ele>
        <extensions>
          <distance>74715</distance>
        </extensions>
      </trkpt>
      <trkpt lat="46.08762" lon="7.23549">
        <ele>1697</ele>
        <extensions>
          <distance>74729</distance>
        </extensions>
      </trkpt>
      <trkpt lat="46.08762" lon="7.23545">
        <ele>1696</ele>
        <extensions>
          <distance>74732</distance>
        </extensions>
      </trkpt>
      <trkpt lat="46.08766" lon="7.23544">
        <ele>1694</ele>
        <extensions>
          <distance>74737</distance>
        </extensions>
      </trkpt>
      <trkpt lat="46.08753" lon="7.23526">
        <ele>1688</ele>
        <extensions>
          <distance>74758</distance>
        </extensions>
      </trkpt>
      <trkpt lat="46.08765" lon="7.23516">
        <ele>1683</ele>
        <extensions>
          <distance>74774</distance>
        </extensions>
      </trkpt>
      <trkpt lat="46.087765" lon="7.235004999999999">
        <ele>1677</ele>
        <extensions>
          <distance>74792</distance>
        </extensions>
      </trkpt>
      <trkpt lat="46.08788" lon="7.23485">
        <ele>1671</ele>
        <extensions>
          <distance>74811</distance>
        </extensions>
      </trkpt>
      <trkpt lat="46.08801" lon="7.23477">
        <ele>1668</ele>
        <extensions>
          <distance>74827</distance>
        </extensions>
      </trkpt>
      <trkpt lat="46.08807" lon="7.23485">
        <ele>1667</ele>
        <extensions>
          <distance>74836</distance>
        </extensions>
      </trkpt>
      <trkpt lat="46.0882" lon="7.23487">
        <ele>1665</ele>
        <extensions>
          <distance>74851</distance>
        </extensions>
      </trkpt>
      <trkpt lat="46.08837" lon="7.23499">
        <ele>1661</ele>
        <extensions>
          <distance>74872</distance>
        </extensions>
      </trkpt>
      <trkpt lat="46.0885" lon="7.23493">
        <ele>1659</ele>
        <extensions>
          <distance>74887</distance>
        </extensions>
      </trkpt>
      <trkpt lat="46.08855" lon="7.23501">
        <ele>1655</ele>
        <extensions>
          <distance>74896</distance>
        </extensions>
      </trkpt>
      <trkpt lat="46.08869" lon="7.23508">
        <ele>1651</ele>
        <extensions>
          <distance>74913</distance>
        </extensions>
      </trkpt>
      <trkpt lat="46.0888" lon="7.23502">
        <ele>1646</ele>
        <extensions>
          <distance>74927</distance>
        </extensions>
      </trkpt>
      <trkpt lat="46.08901" lon="7.23521">
        <ele>1643</ele>
        <extensions>
          <distance>74955</distance>
        </extensions>
      </trkpt>
      <trkpt lat="46.08922" lon="7.2354">
        <ele>1640</ele>
        <extensions>
          <distance>74983</distance>
        </extensions>
      </trkpt>
      <trkpt lat="46.0893975" lon="7.2354225">
        <ele>1635</ele>
        <extensions>
          <distance>75003</distance>
        </extensions>
      </trkpt>
      <trkpt lat="46.089574999999996" lon="7.235445">
        <ele>1630</ele>
        <extensions>
          <distance>75024</distance>
        </extensions>
      </trkpt>
      <trkpt lat="46.0897525" lon="7.2354675">
        <ele>1625</ele>
        <extensions>
          <distance>75044</distance>
        </extensions>
      </trkpt>
      <trkpt lat="46.08993" lon="7.23549">
        <ele>1620</ele>
        <extensions>
          <distance>75065</distance>
        </extensions>
      </trkpt>
      <trkpt lat="46.090085" lon="7.235515">
        <ele>1615.5</ele>
        <extensions>
          <distance>75083</distance>
        </extensions>
      </trkpt>
      <trkpt lat="46.09024" lon="7.23554">
        <ele>1611</ele>
        <extensions>
          <distance>75100</distance>
        </extensions>
      </trkpt>
      <trkpt lat="46.09037" lon="7.23559">
        <ele>1608</ele>
        <extensions>
          <distance>75116</distance>
        </extensions>
      </trkpt>
      <trkpt lat="46.09037" lon="7.23547">
        <ele>1605</ele>
        <extensions>
          <distance>75125</distance>
        </extensions>
      </trkpt>
      <trkpt lat="46.09049" lon="7.23548">
        <ele>1602</ele>
        <extensions>
          <distance>75139</distance>
        </extensions>
      </trkpt>
      <trkpt lat="46.09057" lon="7.23537">
        <ele>1600</ele>
        <extensions>
          <distance>75151</distance>
        </extensions>
      </trkpt>
      <trkpt lat="46.09078" lon="7.23538">
        <ele>1600</ele>
        <extensions>
          <distance>75175</distance>
        </extensions>
      </trkpt>
      <trkpt lat="46.09092" lon="7.235465">
        <ele>1600</ele>
        <extensions>
          <distance>75192</distance>
        </extensions>
      </trkpt>
      <trkpt lat="46.09106" lon="7.23555">
        <ele>1600</ele>
        <extensions>
          <distance>75209</distance>
        </extensions>
      </trkpt>
      <trkpt lat="46.09115" lon="7.23557">
        <ele>1602</ele>
        <extensions>
          <distance>75219</distance>
        </extensions>
      </trkpt>
      <trkpt lat="46.091285" lon="7.235615">
        <ele>1602</ele>
        <extensions>
          <distance>75234</distance>
        </extensions>
      </trkpt>
      <trkpt lat="46.09142" lon="7.23566">
        <ele>1602</ele>
        <extensions>
          <distance>75250</distance>
        </extensions>
      </trkpt>
      <trkpt lat="46.09145" lon="7.23558">
        <ele>1602</ele>
        <extensions>
          <distance>75257</distance>
        </extensions>
      </trkpt>
      <trkpt lat="46.0914" lon="7.23549">
        <ele>1596</ele>
        <extensions>
          <distance>75266</distance>
        </extensions>
      </trkpt>
      <trkpt lat="46.09121" lon="7.23536">
        <ele>1593</ele>
        <extensions>
          <distance>75289</distance>
        </extensions>
      </trkpt>
      <trkpt lat="46.091065" lon="7.235215">
        <ele>1590</ele>
        <extensions>
          <distance>75309</distance>
        </extensions>
      </trkpt>
      <trkpt lat="46.09092" lon="7.23507">
        <ele>1589</ele>
        <extensions>
          <distance>75329</distance>
        </extensions>
      </trkpt>
      <trkpt lat="46.09078" lon="7.2349">
        <ele>1589</ele>
        <extensions>
          <distance>75349</distance>
        </extensions>
      </trkpt>
      <trkpt lat="46.09065" lon="7.23472">
        <ele>1589</ele>
        <extensions>
          <distance>75369</distance>
        </extensions>
      </trkpt>
      <trkpt lat="46.09044" lon="7.23453">
        <ele>1589</ele>
        <extensions>
          <distance>75397</distance>
        </extensions>
      </trkpt>
      <trkpt lat="46.09031" lon="7.23444">
        <ele>1587</ele>
        <extensions>
          <distance>75413</distance>
        </extensions>
      </trkpt>
      <trkpt lat="46.090185000000005" lon="7.234255">
        <ele>1585</ele>
        <extensions>
          <distance>75433</distance>
        </extensions>
      </trkpt>
      <trkpt lat="46.09006" lon="7.23407">
        <ele>1584</ele>
        <extensions>
          <distance>75453</distance>
        </extensions>
      </trkpt>
      <trkpt lat="46.08995" lon="7.2339175000000004">
        <ele>1584</ele>
        <extensions>
          <distance>75470</distance>
        </extensions>
      </trkpt>
      <trkpt lat="46.089839999999995" lon="7.233765">
        <ele>1584</ele>
        <extensions>
          <distance>75487</distance>
        </extensions>
      </trkpt>
      <trkpt lat="46.089729999999996" lon="7.2336125">
        <ele>1584</ele>
        <extensions>
          <distance>75504</distance>
        </extensions>
      </trkpt>
      <trkpt lat="46.08962" lon="7.23346">
        <ele>1562</ele>
        <extensions>
          <distance>75524</distance>
        </extensions>
      </trkpt>
      <trkpt lat="46.089535" lon="7.233285">
        <ele>1562</ele>
        <extensions>
          <distance>75541</distance>
        </extensions>
      </trkpt>
      <trkpt lat="46.08945" lon="7.23311">
        <ele>1562</ele>
        <extensions>
          <distance>75557</distance>
        </extensions>
      </trkpt>
      <trkpt lat="46.08938" lon="7.23279">
        <ele>1562</ele>
        <extensions>
          <distance>75583</distance>
        </extensions>
      </trkpt>
      <trkpt lat="46.0894" lon="7.23272">
        <ele>1565</ele>
        <extensions>
          <distance>75589</distance>
        </extensions>
      </trkpt>
      <trkpt lat="46.08948" lon="7.23275">
        <ele>1565</ele>
        <extensions>
          <distance>75598</distance>
        </extensions>
      </trkpt>
      <trkpt lat="46.089595" lon="7.232855000000001">
        <ele>1565</ele>
        <extensions>
          <distance>75613</distance>
        </extensions>
      </trkpt>
      <trkpt lat="46.08971" lon="7.23296">
        <ele>1565</ele>
        <extensions>
          <distance>75629</distance>
        </extensions>
      </trkpt>
      <trkpt lat="46.08985" lon="7.23311">
        <ele>1565</ele>
        <extensions>
          <distance>75648</distance>
        </extensions>
      </trkpt>
      <trkpt lat="46.08994" lon="7.23315">
        <ele>1563</ele>
        <extensions>
          <distance>75658</distance>
        </extensions>
      </trkpt>
      <trkpt lat="46.0901025" lon="7.2332375">
        <ele>1561</ele>
        <extensions>
          <distance>75678</distance>
        </extensions>
      </trkpt>
      <trkpt lat="46.090265" lon="7.233325000000001">
        <ele>1559</ele>
        <extensions>
          <distance>75697</distance>
        </extensions>
      </trkpt>
      <trkpt lat="46.090427500000004" lon="7.2334125">
        <ele>1558</ele>
        <extensions>
          <distance>75717</distance>
        </extensions>
      </trkpt>
      <trkpt lat="46.09059" lon="7.2335">
        <ele>1551</ele>
        <extensions>
          <distance>75737</distance>
        </extensions>
      </trkpt>
      <trkpt lat="46.09081" lon="7.23357">
        <ele>1549</ele>
        <extensions>
          <distance>75762</distance>
        </extensions>
      </trkpt>
      <trkpt lat="46.09097" lon="7.233535">
        <ele>1547</ele>
        <extensions>
          <distance>75780</distance>
        </extensions>
      </trkpt>
      <trkpt lat="46.09113" lon="7.2335">
        <ele>1544</ele>
        <extensions>
          <distance>75799</distance>
        </extensions>
      </trkpt>
      <trkpt lat="46.091319999999996" lon="7.23343">
        <ele>1544</ele>
        <extensions>
          <distance>75820</distance>
        </extensions>
      </trkpt>
      <trkpt lat="46.09151" lon="7.23336">
        <ele>1544</ele>
        <extensions>
          <distance>75842</distance>
        </extensions>
      </trkpt>
      <trkpt lat="46.09166" lon="7.23325">
        <ele>1538</ele>
        <extensions>
          <distance>75861</distance>
        </extensions>
      </trkpt>
      <trkpt lat="46.09169" lon="7.2331">
        <ele>1536</ele>
        <extensions>
          <distance>75873</distance>
        </extensions>
      </trkpt>
      <trkpt lat="46.09186" lon="7.23329">
        <ele>1535</ele>
        <extensions>
          <distance>75897</distance>
        </extensions>
      </trkpt>
      <trkpt lat="46.0919975" lon="7.23329">
        <ele>1532</ele>
        <extensions>
          <distance>75913</distance>
        </extensions>
      </trkpt>
      <trkpt lat="46.092135" lon="7.23329">
        <ele>1532</ele>
        <extensions>
          <distance>75928</distance>
        </extensions>
      </trkpt>
      <trkpt lat="46.0922725" lon="7.23329">
        <ele>1530</ele>
        <extensions>
          <distance>75943</distance>
        </extensions>
      </trkpt>
      <trkpt lat="46.09241" lon="7.23329">
        <ele>1529</ele>
        <extensions>
          <distance>75959</distance>
        </extensions>
      </trkpt>
      <trkpt lat="46.09242" lon="7.23343">
        <ele>1528</ele>
        <extensions>
          <distance>75970</distance>
        </extensions>
      </trkpt>
      <trkpt lat="46.092635" lon="7.233345">
        <ele>1528</ele>
        <extensions>
          <distance>75994</distance>
        </extensions>
      </trkpt>
      <trkpt lat="46.09285" lon="7.23326">
        <ele>1527</ele>
        <extensions>
          <distance>76019</distance>
        </extensions>
      </trkpt>
      <trkpt lat="46.09302" lon="7.23318">
        <ele>1527</ele>
        <extensions>
          <distance>76039</distance>
        </extensions>
      </trkpt>
      <trkpt lat="46.09311" lon="7.23318">
        <ele>1527</ele>
        <extensions>
          <distance>76049</distance>
        </extensions>
      </trkpt>
      <trkpt lat="46.09326" lon="7.23316">
        <ele>1527</ele>
        <extensions>
          <distance>76066</distance>
        </extensions>
      </trkpt>
      <trkpt lat="46.09341" lon="7.23314">
        <ele>1526</ele>
        <extensions>
          <distance>76083</distance>
        </extensions>
      </trkpt>
      <trkpt lat="46.09359" lon="7.23307">
        <ele>1522</ele>
        <extensions>
          <distance>76104</distance>
        </extensions>
      </trkpt>
      <trkpt lat="46.0938" lon="7.23285">
        <ele>1521</ele>
        <extensions>
          <distance>76133</distance>
        </extensions>
      </trkpt>
      <trkpt lat="46.0939" lon="7.23263">
        <ele>1519</ele>
        <extensions>
          <distance>76153</distance>
        </extensions>
      </trkpt>
      <trkpt lat="46.09396" lon="7.23253">
        <ele>1518</ele>
        <extensions>
          <distance>76163</distance>
        </extensions>
      </trkpt>
      <trkpt lat="46.09405" lon="7.2323450000000005">
        <ele>1517</ele>
        <extensions>
          <distance>76181</distance>
        </extensions>
      </trkpt>
      <trkpt lat="46.09414" lon="7.23216">
        <ele>1516</ele>
        <extensions>
          <distance>76198</distance>
        </extensions>
      </trkpt>
      <trkpt lat="46.09423" lon="7.231975">
        <ele>1515</ele>
        <extensions>
          <distance>76216</distance>
        </extensions>
      </trkpt>
      <trkpt lat="46.09432" lon="7.23179">
        <ele>1514</ele>
        <extensions>
          <distance>76233</distance>
        </extensions>
      </trkpt>
      <trkpt lat="46.09442" lon="7.23163">
        <ele>1514</ele>
        <extensions>
          <distance>76250</distance>
        </extensions>
      </trkpt>
      <trkpt lat="46.094525000000004" lon="7.231505">
        <ele>1514</ele>
        <extensions>
          <distance>76265</distance>
        </extensions>
      </trkpt>
      <trkpt lat="46.09463" lon="7.23138">
        <ele>1514</ele>
        <extensions>
          <distance>76280</distance>
        </extensions>
      </trkpt>
      <trkpt lat="46.094785" lon="7.231185">
        <ele>1512</ele>
        <extensions>
          <distance>76303</distance>
        </extensions>
      </trkpt>
      <trkpt lat="46.09494" lon="7.23099">
        <ele>1510</ele>
        <extensions>
          <distance>76326</distance>
        </extensions>
      </trkpt>
      <trkpt lat="46.095095" lon="7.2307950000000005">
        <ele>1507</ele>
        <extensions>
          <distance>76349</distance>
        </extensions>
      </trkpt>
      <trkpt lat="46.09525" lon="7.2306">
        <ele>1506</ele>
        <extensions>
          <distance>76372</distance>
        </extensions>
      </trkpt>
      <trkpt lat="46.0954" lon="7.23029">
        <ele>1503</ele>
        <extensions>
          <distance>76401</distance>
        </extensions>
      </trkpt>
      <trkpt lat="46.09549" lon="7.23012">
        <ele>1501.5</ele>
        <extensions>
          <distance>76418</distance>
        </extensions>
      </trkpt>
      <trkpt lat="46.09558" lon="7.2299500000000005">
        <ele>1500</ele>
        <extensions>
          <distance>76435</distance>
        </extensions>
      </trkpt>
      <trkpt lat="46.09567" lon="7.22978">
        <ele>1500</ele>
        <extensions>
          <distance>76451</distance>
        </extensions>
      </trkpt>
      <trkpt lat="46.09576" lon="7.22961">
        <ele>1500</ele>
        <extensions>
          <distance>76468</distance>
        </extensions>
      </trkpt>
      <trkpt lat="46.095825" lon="7.2294350000000005">
        <ele>1499</ele>
        <extensions>
          <distance>76483</distance>
        </extensions>
      </trkpt>
      <trkpt lat="46.09589" lon="7.22926">
        <ele>1498.5</ele>
        <extensions>
          <distance>76498</distance>
        </extensions>
      </trkpt>
      <trkpt lat="46.096000000000004" lon="7.22913">
        <ele>1497</ele>
        <extensions>
          <distance>76514</distance>
        </extensions>
      </trkpt>
      <trkpt lat="46.09611" lon="7.229">
        <ele>1496</ele>
        <extensions>
          <distance>76530</distance>
        </extensions>
      </trkpt>
      <trkpt lat="46.09609" lon="7.22885">
        <ele>1494</ele>
        <extensions>
          <distance>76542</distance>
        </extensions>
      </trkpt>
      <trkpt lat="46.09611" lon="7.22866">
        <ele>1494</ele>
        <extensions>
          <distance>76557</distance>
        </extensions>
      </trkpt>
      <trkpt lat="46.09607" lon="7.22861">
        <ele>1493</ele>
        <extensions>
          <distance>76563</distance>
        </extensions>
      </trkpt>
      <trkpt lat="46.0961" lon="7.22856">
        <ele>1493</ele>
        <extensions>
          <distance>76568</distance>
        </extensions>
      </trkpt>
      <trkpt lat="46.09604" lon="7.2284">
        <ele>1492</ele>
        <extensions>
          <distance>76582</distance>
        </extensions>
      </trkpt>
      <trkpt lat="46.0960475" lon="7.228175">
        <ele>1490</ele>
        <extensions>
          <distance>76599</distance>
        </extensions>
      </trkpt>
      <trkpt lat="46.096055" lon="7.22795">
        <ele>1490</ele>
        <extensions>
          <distance>76617</distance>
        </extensions>
      </trkpt>
      <trkpt lat="46.0960625" lon="7.2277249999999995">
        <ele>1489.5</ele>
        <extensions>
          <distance>76634</distance>
        </extensions>
      </trkpt>
      <trkpt lat="46.09607" lon="7.2275">
        <ele>1489</ele>
        <extensions>
          <distance>76652</distance>
        </extensions>
      </trkpt>
      <trkpt lat="46.09599" lon="7.2275">
        <ele>1487.5</ele>
        <extensions>
          <distance>76661</distance>
        </extensions>
      </trkpt>
    </trkseg>
  </trk>
</gpx>