<?xml version="1.0" encoding="UTF-8"?>
<gpx
  creator="LiveTrail"
  version="1.1"
  xmlns="http://www.topografix.com/GPX/1/1"
  xmlns:xsi="http://www.w3.org/2001/XMLSchema-instance"
  xsi:schemaLocation="http://www.topografix.com/GPX/1/1 https://www.topografix.com/GPX/1/1/gpx.xsd">
  <metadata>
    <name>LiveTrail Race</name>
    <bounds maxlat="46.03916" maxlon="6.86652" minlat="45.92302" minlon="6.95151"></bounds>
    <copyright author="LiveTrail®"></copyright>
    <link href="https://livetrail.run"></link>
  </metadata>
  <wpt lat="45.92372" lon="6.86895">
    <ele>1036</ele>
    <name>Place du triangle de l'amitié</name>
    <extensions>
      <distance>0</distance>
    </extensions>
  </wpt>
  <wpt lat="45.97728" lon="6.92896">
    <ele>1250</ele>
    <name>Argentière</name>
    <extensions>
      <distance>9612</distance>
    </extensions>
  </wpt>
  <wpt lat="46.00085" lon="6.94833">
    <ele>1475</ele>
    <name>Le Tour 42 entrée </name>
    <extensions>
      <distance>13695</distance>
    </extensions>
  </wpt>
  <wpt lat="46.02445" lon="6.95101">
    <ele>1999</ele>
    <name>Aiguillette des posettes</name>
    <extensions>
      <distance>18871</distance>
    </extensions>
  </wpt>
  <wpt lat="46.03312" lon="6.9342">
    <ele>1266</ele>
    <name>Vallorcine</name>
    <extensions>
      <distance>23639</distance>
    </extensions>
  </wpt>
  <wpt lat="45.97817" lon="6.9152">
    <ele>1444</ele>
    <name>Bois plagnolet</name>
    <extensions>
      <distance>31788</distance>
    </extensions>
  </wpt>
  <wpt lat="45.96012" lon="6.88583">
    <ele>1885</ele>
    <name>Flégère ravito</name>
    <extensions>
      <distance>35649</distance>
    </extensions>
  </wpt>
  <wpt lat="45.94938" lon="6.86818">
    <ele>1817</ele>
    <name>Charlanon</name>
    <extensions>
      <distance>38196</distance>
    </extensions>
  </wpt>
  <wpt lat="45.92372" lon="6.86895">
    <ele>1036</ele>
    <name>Arrivée Place du triangle de l'amitié</name>
    <extensions>
      <distance>44272</distance>
    </extensions>
  </wpt>
  <trk>
    <trkseg>
      <trkpt lat="45.92372" lon="6.86895">
        <ele>1036</ele>
        <extensions>
          <distance>0</distance>
        </extensions>
      </trkpt>
      <trkpt lat="45.92369" lon="6.86905">
        <ele>1036</ele>
        <extensions>
          <distance>8</distance>
        </extensions>
      </trkpt>
      <trkpt lat="45.92361" lon="6.86925">
        <ele>1035.5</ele>
        <extensions>
          <distance>26</distance>
        </extensions>
      </trkpt>
      <trkpt lat="45.92353" lon="6.86945">
        <ele>1035</ele>
        <extensions>
          <distance>44</distance>
        </extensions>
      </trkpt>
      <trkpt lat="45.9235" lon="6.86964">
        <ele>1035</ele>
        <extensions>
          <distance>59</distance>
        </extensions>
      </trkpt>
      <trkpt lat="45.92351" lon="6.86976">
        <ele>1035</ele>
        <extensions>
          <distance>69</distance>
        </extensions>
      </trkpt>
      <trkpt lat="45.92361" lon="6.86984">
        <ele>1035</ele>
        <extensions>
          <distance>81</distance>
        </extensions>
      </trkpt>
      <trkpt lat="45.92381" lon="6.86987">
        <ele>1036</ele>
        <extensions>
          <distance>104</distance>
        </extensions>
      </trkpt>
      <trkpt lat="45.92395" lon="6.86985">
        <ele>1036</ele>
        <extensions>
          <distance>119</distance>
        </extensions>
      </trkpt>
      <trkpt lat="45.9241" lon="6.86985">
        <ele>1037</ele>
        <extensions>
          <distance>136</distance>
        </extensions>
      </trkpt>
      <trkpt lat="45.92424" lon="6.86981">
        <ele>1037</ele>
        <extensions>
          <distance>152</distance>
        </extensions>
      </trkpt>
      <trkpt lat="45.92439" lon="6.86979">
        <ele>1037</ele>
        <extensions>
          <distance>169</distance>
        </extensions>
      </trkpt>
      <trkpt lat="45.92453" lon="6.86977">
        <ele>1038</ele>
        <extensions>
          <distance>184</distance>
        </extensions>
      </trkpt>
      <trkpt lat="45.92468" lon="6.86976">
        <ele>1038</ele>
        <extensions>
          <distance>201</distance>
        </extensions>
      </trkpt>
      <trkpt lat="45.92486" lon="6.86976">
        <ele>1039</ele>
        <extensions>
          <distance>221</distance>
        </extensions>
      </trkpt>
      <trkpt lat="45.92503" lon="6.86976">
        <ele>1039</ele>
        <extensions>
          <distance>240</distance>
        </extensions>
      </trkpt>
      <trkpt lat="45.92513" lon="6.86977">
        <ele>1039</ele>
        <extensions>
          <distance>251</distance>
        </extensions>
      </trkpt>
      <trkpt lat="45.92527" lon="6.86983">
        <ele>1039</ele>
        <extensions>
          <distance>267</distance>
        </extensions>
      </trkpt>
      <trkpt lat="45.92541" lon="6.86988">
        <ele>1039</ele>
        <extensions>
          <distance>283</distance>
        </extensions>
      </trkpt>
      <trkpt lat="45.92566" lon="6.86992">
        <ele>1039</ele>
        <extensions>
          <distance>311</distance>
        </extensions>
      </trkpt>
      <trkpt lat="45.92579" lon="6.86996">
        <ele>1039</ele>
        <extensions>
          <distance>326</distance>
        </extensions>
      </trkpt>
      <trkpt lat="45.92593" lon="6.86998">
        <ele>1039</ele>
        <extensions>
          <distance>342</distance>
        </extensions>
      </trkpt>
      <trkpt lat="45.92613" lon="6.87006">
        <ele>1039</ele>
        <extensions>
          <distance>365</distance>
        </extensions>
      </trkpt>
      <trkpt lat="45.92621" lon="6.87006">
        <ele>1039</ele>
        <extensions>
          <distance>374</distance>
        </extensions>
      </trkpt>
      <trkpt lat="45.9263" lon="6.87009">
        <ele>1039</ele>
        <extensions>
          <distance>384</distance>
        </extensions>
      </trkpt>
      <trkpt lat="45.92634" lon="6.87003">
        <ele>1039</ele>
        <extensions>
          <distance>390</distance>
        </extensions>
      </trkpt>
      <trkpt lat="45.92637" lon="6.87008">
        <ele>1039</ele>
        <extensions>
          <distance>396</distance>
        </extensions>
      </trkpt>
      <trkpt lat="45.92656" lon="6.87011">
        <ele>1039</ele>
        <extensions>
          <distance>417</distance>
        </extensions>
      </trkpt>
      <trkpt lat="45.92674" lon="6.87014">
        <ele>1040</ele>
        <extensions>
          <distance>437</distance>
        </extensions>
      </trkpt>
      <trkpt lat="45.92689" lon="6.87014">
        <ele>1040</ele>
        <extensions>
          <distance>454</distance>
        </extensions>
      </trkpt>
      <trkpt lat="45.92704" lon="6.87014">
        <ele>1041</ele>
        <extensions>
          <distance>470</distance>
        </extensions>
      </trkpt>
      <trkpt lat="45.9273" lon="6.87016">
        <ele>1041</ele>
        <extensions>
          <distance>499</distance>
        </extensions>
      </trkpt>
      <trkpt lat="45.92716" lon="6.87013">
        <ele>1041</ele>
        <extensions>
          <distance>515</distance>
        </extensions>
      </trkpt>
      <trkpt lat="45.9273" lon="6.87014">
        <ele>1042</ele>
        <extensions>
          <distance>531</distance>
        </extensions>
      </trkpt>
      <trkpt lat="45.92743" lon="6.87016">
        <ele>1042</ele>
        <extensions>
          <distance>545</distance>
        </extensions>
      </trkpt>
      <trkpt lat="45.92767" lon="6.87021">
        <ele>1043</ele>
        <extensions>
          <distance>572</distance>
        </extensions>
      </trkpt>
      <trkpt lat="45.9279" lon="6.87026">
        <ele>1043</ele>
        <extensions>
          <distance>598</distance>
        </extensions>
      </trkpt>
      <trkpt lat="45.92804" lon="6.87028">
        <ele>1043</ele>
        <extensions>
          <distance>614</distance>
        </extensions>
      </trkpt>
      <trkpt lat="45.92821" lon="6.87035">
        <ele>1043</ele>
        <extensions>
          <distance>633</distance>
        </extensions>
      </trkpt>
      <trkpt lat="45.92823" lon="6.87044">
        <ele>1043</ele>
        <extensions>
          <distance>641</distance>
        </extensions>
      </trkpt>
      <trkpt lat="45.92818" lon="6.87065">
        <ele>1042</ele>
        <extensions>
          <distance>658</distance>
        </extensions>
      </trkpt>
      <trkpt lat="45.92818" lon="6.8707">
        <ele>1042</ele>
        <extensions>
          <distance>662</distance>
        </extensions>
      </trkpt>
      <trkpt lat="45.92815" lon="6.87083">
        <ele>1042</ele>
        <extensions>
          <distance>672</distance>
        </extensions>
      </trkpt>
      <trkpt lat="45.92814" lon="6.87094">
        <ele>1040</ele>
        <extensions>
          <distance>681</distance>
        </extensions>
      </trkpt>
      <trkpt lat="45.92811" lon="6.87103">
        <ele>1040</ele>
        <extensions>
          <distance>689</distance>
        </extensions>
      </trkpt>
      <trkpt lat="45.92811" lon="6.87106">
        <ele>1040</ele>
        <extensions>
          <distance>691</distance>
        </extensions>
      </trkpt>
      <trkpt lat="45.92808" lon="6.87111">
        <ele>1040</ele>
        <extensions>
          <distance>696</distance>
        </extensions>
      </trkpt>
      <trkpt lat="45.92806" lon="6.87121">
        <ele>1039</ele>
        <extensions>
          <distance>704</distance>
        </extensions>
      </trkpt>
      <trkpt lat="45.92804" lon="6.87125">
        <ele>1039</ele>
        <extensions>
          <distance>708</distance>
        </extensions>
      </trkpt>
      <trkpt lat="45.928" lon="6.87141">
        <ele>1038</ele>
        <extensions>
          <distance>721</distance>
        </extensions>
      </trkpt>
      <trkpt lat="45.92799" lon="6.87149">
        <ele>1038</ele>
        <extensions>
          <distance>727</distance>
        </extensions>
      </trkpt>
      <trkpt lat="45.92793" lon="6.87166">
        <ele>1038</ele>
        <extensions>
          <distance>742</distance>
        </extensions>
      </trkpt>
      <trkpt lat="45.92793" lon="6.87171">
        <ele>1038</ele>
        <extensions>
          <distance>746</distance>
        </extensions>
      </trkpt>
      <trkpt lat="45.92791" lon="6.87174">
        <ele>1038</ele>
        <extensions>
          <distance>749</distance>
        </extensions>
      </trkpt>
      <trkpt lat="45.92787" lon="6.87186">
        <ele>1038</ele>
        <extensions>
          <distance>760</distance>
        </extensions>
      </trkpt>
      <trkpt lat="45.92786" lon="6.87196">
        <ele>1038</ele>
        <extensions>
          <distance>767</distance>
        </extensions>
      </trkpt>
      <trkpt lat="45.92784" lon="6.87204">
        <ele>1038</ele>
        <extensions>
          <distance>774</distance>
        </extensions>
      </trkpt>
      <trkpt lat="45.92783" lon="6.87235">
        <ele>1038</ele>
        <extensions>
          <distance>798</distance>
        </extensions>
      </trkpt>
      <trkpt lat="45.92788" lon="6.87256">
        <ele>1038</ele>
        <extensions>
          <distance>815</distance>
        </extensions>
      </trkpt>
      <trkpt lat="45.92789" lon="6.87265">
        <ele>1038</ele>
        <extensions>
          <distance>822</distance>
        </extensions>
      </trkpt>
      <trkpt lat="45.92789" lon="6.87282">
        <ele>1038</ele>
        <extensions>
          <distance>836</distance>
        </extensions>
      </trkpt>
      <trkpt lat="45.92792" lon="6.873">
        <ele>1038</ele>
        <extensions>
          <distance>850</distance>
        </extensions>
      </trkpt>
      <trkpt lat="45.92791" lon="6.8731">
        <ele>1038</ele>
        <extensions>
          <distance>858</distance>
        </extensions>
      </trkpt>
      <trkpt lat="45.92788" lon="6.87323">
        <ele>1038</ele>
        <extensions>
          <distance>868</distance>
        </extensions>
      </trkpt>
      <trkpt lat="45.92786" lon="6.87327">
        <ele>1038</ele>
        <extensions>
          <distance>872</distance>
        </extensions>
      </trkpt>
      <trkpt lat="45.92772" lon="6.87343">
        <ele>1038</ele>
        <extensions>
          <distance>892</distance>
        </extensions>
      </trkpt>
      <trkpt lat="45.92757" lon="6.87359">
        <ele>1038</ele>
        <extensions>
          <distance>913</distance>
        </extensions>
      </trkpt>
      <trkpt lat="45.92756" lon="6.87364">
        <ele>1038</ele>
        <extensions>
          <distance>917</distance>
        </extensions>
      </trkpt>
      <trkpt lat="45.92754" lon="6.87367">
        <ele>1038</ele>
        <extensions>
          <distance>920</distance>
        </extensions>
      </trkpt>
      <trkpt lat="45.92752" lon="6.87375">
        <ele>1038</ele>
        <extensions>
          <distance>927</distance>
        </extensions>
      </trkpt>
      <trkpt lat="45.92752" lon="6.87394">
        <ele>1039</ele>
        <extensions>
          <distance>941</distance>
        </extensions>
      </trkpt>
      <trkpt lat="45.92754" lon="6.87408">
        <ele>1039</ele>
        <extensions>
          <distance>953</distance>
        </extensions>
      </trkpt>
      <trkpt lat="45.92754" lon="6.87417">
        <ele>1039</ele>
        <extensions>
          <distance>960</distance>
        </extensions>
      </trkpt>
      <trkpt lat="45.92751" lon="6.87429">
        <ele>1039</ele>
        <extensions>
          <distance>969</distance>
        </extensions>
      </trkpt>
      <trkpt lat="45.92747" lon="6.87437">
        <ele>1039</ele>
        <extensions>
          <distance>977</distance>
        </extensions>
      </trkpt>
      <trkpt lat="45.92743" lon="6.87455">
        <ele>1039</ele>
        <extensions>
          <distance>992</distance>
        </extensions>
      </trkpt>
      <trkpt lat="45.92744" lon="6.87476">
        <ele>1039</ele>
        <extensions>
          <distance>1008</distance>
        </extensions>
      </trkpt>
      <trkpt lat="45.92746" lon="6.87484">
        <ele>1039</ele>
        <extensions>
          <distance>1015</distance>
        </extensions>
      </trkpt>
      <trkpt lat="45.92752" lon="6.87495">
        <ele>1039</ele>
        <extensions>
          <distance>1025</distance>
        </extensions>
      </trkpt>
      <trkpt lat="45.92755" lon="6.87496">
        <ele>1039</ele>
        <extensions>
          <distance>1029</distance>
        </extensions>
      </trkpt>
      <trkpt lat="45.9276" lon="6.87502">
        <ele>1039</ele>
        <extensions>
          <distance>1036</distance>
        </extensions>
      </trkpt>
      <trkpt lat="45.92766" lon="6.87518">
        <ele>1039</ele>
        <extensions>
          <distance>1050</distance>
        </extensions>
      </trkpt>
      <trkpt lat="45.92777" lon="6.87533">
        <ele>1039</ele>
        <extensions>
          <distance>1067</distance>
        </extensions>
      </trkpt>
      <trkpt lat="45.92782" lon="6.87539">
        <ele>1039</ele>
        <extensions>
          <distance>1074</distance>
        </extensions>
      </trkpt>
      <trkpt lat="45.92797" lon="6.87553">
        <ele>1039</ele>
        <extensions>
          <distance>1094</distance>
        </extensions>
      </trkpt>
      <trkpt lat="45.92811" lon="6.87567">
        <ele>1039</ele>
        <extensions>
          <distance>1113</distance>
        </extensions>
      </trkpt>
      <trkpt lat="45.92824" lon="6.87588">
        <ele>1040</ele>
        <extensions>
          <distance>1135</distance>
        </extensions>
      </trkpt>
      <trkpt lat="45.92831" lon="6.87597">
        <ele>1040</ele>
        <extensions>
          <distance>1145</distance>
        </extensions>
      </trkpt>
      <trkpt lat="45.92842" lon="6.87607">
        <ele>1040</ele>
        <extensions>
          <distance>1160</distance>
        </extensions>
      </trkpt>
      <trkpt lat="45.92857" lon="6.87623">
        <ele>1040</ele>
        <extensions>
          <distance>1181</distance>
        </extensions>
      </trkpt>
      <trkpt lat="45.92873" lon="6.87648">
        <ele>1041</ele>
        <extensions>
          <distance>1207</distance>
        </extensions>
      </trkpt>
      <trkpt lat="45.92876" lon="6.8765">
        <ele>1041</ele>
        <extensions>
          <distance>1211</distance>
        </extensions>
      </trkpt>
      <trkpt lat="45.9289" lon="6.87668">
        <ele>1041</ele>
        <extensions>
          <distance>1232</distance>
        </extensions>
      </trkpt>
      <trkpt lat="45.92898" lon="6.87676">
        <ele>1041</ele>
        <extensions>
          <distance>1242</distance>
        </extensions>
      </trkpt>
      <trkpt lat="45.92902" lon="6.87683">
        <ele>1041</ele>
        <extensions>
          <distance>1249</distance>
        </extensions>
      </trkpt>
      <trkpt lat="45.92911" lon="6.87695">
        <ele>1041</ele>
        <extensions>
          <distance>1263</distance>
        </extensions>
      </trkpt>
      <trkpt lat="45.92926" lon="6.87713">
        <ele>1042</ele>
        <extensions>
          <distance>1285</distance>
        </extensions>
      </trkpt>
      <trkpt lat="45.92936" lon="6.87728">
        <ele>1042</ele>
        <extensions>
          <distance>1301</distance>
        </extensions>
      </trkpt>
      <trkpt lat="45.92945" lon="6.87742">
        <ele>1042</ele>
        <extensions>
          <distance>1316</distance>
        </extensions>
      </trkpt>
      <trkpt lat="45.92956" lon="6.87754">
        <ele>1042</ele>
        <extensions>
          <distance>1331</distance>
        </extensions>
      </trkpt>
      <trkpt lat="45.92964" lon="6.87768">
        <ele>1042</ele>
        <extensions>
          <distance>1345</distance>
        </extensions>
      </trkpt>
      <trkpt lat="45.92975" lon="6.87782">
        <ele>1043</ele>
        <extensions>
          <distance>1361</distance>
        </extensions>
      </trkpt>
      <trkpt lat="45.9298" lon="6.87786">
        <ele>1043</ele>
        <extensions>
          <distance>1368</distance>
        </extensions>
      </trkpt>
      <trkpt lat="45.92984" lon="6.87791">
        <ele>1043</ele>
        <extensions>
          <distance>1374</distance>
        </extensions>
      </trkpt>
      <trkpt lat="45.9299" lon="6.87795">
        <ele>1043</ele>
        <extensions>
          <distance>1381</distance>
        </extensions>
      </trkpt>
      <trkpt lat="45.93015" lon="6.87807">
        <ele>1044</ele>
        <extensions>
          <distance>1410</distance>
        </extensions>
      </trkpt>
      <trkpt lat="45.93017" lon="6.8781">
        <ele>1044</ele>
        <extensions>
          <distance>1414</distance>
        </extensions>
      </trkpt>
      <trkpt lat="45.93024" lon="6.87815">
        <ele>1044</ele>
        <extensions>
          <distance>1422</distance>
        </extensions>
      </trkpt>
      <trkpt lat="45.9303" lon="6.87823">
        <ele>1044</ele>
        <extensions>
          <distance>1431</distance>
        </extensions>
      </trkpt>
      <trkpt lat="45.93033" lon="6.87832">
        <ele>1044</ele>
        <extensions>
          <distance>1439</distance>
        </extensions>
      </trkpt>
      <trkpt lat="45.93048" lon="6.87859">
        <ele>1044</ele>
        <extensions>
          <distance>1466</distance>
        </extensions>
      </trkpt>
      <trkpt lat="45.93053" lon="6.87871">
        <ele>1045</ele>
        <extensions>
          <distance>1477</distance>
        </extensions>
      </trkpt>
      <trkpt lat="45.93057" lon="6.87887">
        <ele>1045</ele>
        <extensions>
          <distance>1490</distance>
        </extensions>
      </trkpt>
      <trkpt lat="45.93058" lon="6.87896">
        <ele>1045</ele>
        <extensions>
          <distance>1497</distance>
        </extensions>
      </trkpt>
      <trkpt lat="45.93062" lon="6.8791">
        <ele>1045</ele>
        <extensions>
          <distance>1509</distance>
        </extensions>
      </trkpt>
      <trkpt lat="45.93062" lon="6.87915">
        <ele>1045</ele>
        <extensions>
          <distance>1513</distance>
        </extensions>
      </trkpt>
      <trkpt lat="45.93066" lon="6.87933">
        <ele>1045</ele>
        <extensions>
          <distance>1527</distance>
        </extensions>
      </trkpt>
      <trkpt lat="45.93067" lon="6.87943">
        <ele>1045</ele>
        <extensions>
          <distance>1535</distance>
        </extensions>
      </trkpt>
      <trkpt lat="45.93072" lon="6.87962">
        <ele>1045</ele>
        <extensions>
          <distance>1551</distance>
        </extensions>
      </trkpt>
      <trkpt lat="45.93078" lon="6.8798">
        <ele>1045</ele>
        <extensions>
          <distance>1566</distance>
        </extensions>
      </trkpt>
      <trkpt lat="45.9308" lon="6.87983">
        <ele>1045</ele>
        <extensions>
          <distance>1570</distance>
        </extensions>
      </trkpt>
      <trkpt lat="45.9308" lon="6.87987">
        <ele>1045</ele>
        <extensions>
          <distance>1573</distance>
        </extensions>
      </trkpt>
      <trkpt lat="45.93087" lon="6.88006">
        <ele>1045</ele>
        <extensions>
          <distance>1589</distance>
        </extensions>
      </trkpt>
      <trkpt lat="45.93097" lon="6.88025">
        <ele>1045</ele>
        <extensions>
          <distance>1608</distance>
        </extensions>
      </trkpt>
      <trkpt lat="45.93098" lon="6.88029">
        <ele>1045</ele>
        <extensions>
          <distance>1611</distance>
        </extensions>
      </trkpt>
      <trkpt lat="45.93106" lon="6.88042">
        <ele>1046</ele>
        <extensions>
          <distance>1625</distance>
        </extensions>
      </trkpt>
      <trkpt lat="45.93111" lon="6.88053">
        <ele>1046</ele>
        <extensions>
          <distance>1635</distance>
        </extensions>
      </trkpt>
      <trkpt lat="45.93118" lon="6.88077">
        <ele>1047</ele>
        <extensions>
          <distance>1655</distance>
        </extensions>
      </trkpt>
      <trkpt lat="45.93126" lon="6.88096">
        <ele>1047</ele>
        <extensions>
          <distance>1672</distance>
        </extensions>
      </trkpt>
      <trkpt lat="45.93127" lon="6.88105">
        <ele>1047</ele>
        <extensions>
          <distance>1679</distance>
        </extensions>
      </trkpt>
      <trkpt lat="45.9314" lon="6.88131">
        <ele>1048</ele>
        <extensions>
          <distance>1704</distance>
        </extensions>
      </trkpt>
      <trkpt lat="45.93148" lon="6.88154">
        <ele>1048</ele>
        <extensions>
          <distance>1724</distance>
        </extensions>
      </trkpt>
      <trkpt lat="45.93151" lon="6.8816">
        <ele>1048</ele>
        <extensions>
          <distance>1730</distance>
        </extensions>
      </trkpt>
      <trkpt lat="45.93153" lon="6.88169">
        <ele>1048</ele>
        <extensions>
          <distance>1737</distance>
        </extensions>
      </trkpt>
      <trkpt lat="45.93155" lon="6.88172">
        <ele>1048</ele>
        <extensions>
          <distance>1740</distance>
        </extensions>
      </trkpt>
      <trkpt lat="45.93158" lon="6.88188">
        <ele>1048</ele>
        <extensions>
          <distance>1753</distance>
        </extensions>
      </trkpt>
      <trkpt lat="45.93158" lon="6.88205">
        <ele>1048</ele>
        <extensions>
          <distance>1766</distance>
        </extensions>
      </trkpt>
      <trkpt lat="45.93162" lon="6.88227">
        <ele>1048</ele>
        <extensions>
          <distance>1784</distance>
        </extensions>
      </trkpt>
      <trkpt lat="45.93167" lon="6.88248">
        <ele>1049</ele>
        <extensions>
          <distance>1801</distance>
        </extensions>
      </trkpt>
      <trkpt lat="45.9317" lon="6.88256">
        <ele>1049</ele>
        <extensions>
          <distance>1808</distance>
        </extensions>
      </trkpt>
      <trkpt lat="45.93178" lon="6.8827">
        <ele>1049</ele>
        <extensions>
          <distance>1822</distance>
        </extensions>
      </trkpt>
      <trkpt lat="45.93185" lon="6.88285">
        <ele>1049</ele>
        <extensions>
          <distance>1836</distance>
        </extensions>
      </trkpt>
      <trkpt lat="45.93193" lon="6.88298">
        <ele>1050</ele>
        <extensions>
          <distance>1850</distance>
        </extensions>
      </trkpt>
      <trkpt lat="45.93196" lon="6.883">
        <ele>1050</ele>
        <extensions>
          <distance>1853</distance>
        </extensions>
      </trkpt>
      <trkpt lat="45.93205" lon="6.88316">
        <ele>1050</ele>
        <extensions>
          <distance>1869</distance>
        </extensions>
      </trkpt>
      <trkpt lat="45.93211" lon="6.88322">
        <ele>1050</ele>
        <extensions>
          <distance>1877</distance>
        </extensions>
      </trkpt>
      <trkpt lat="45.93215" lon="6.88333">
        <ele>1050</ele>
        <extensions>
          <distance>1887</distance>
        </extensions>
      </trkpt>
      <trkpt lat="45.93217" lon="6.88336">
        <ele>1050</ele>
        <extensions>
          <distance>1890</distance>
        </extensions>
      </trkpt>
      <trkpt lat="45.93221" lon="6.88339">
        <ele>1051</ele>
        <extensions>
          <distance>1895</distance>
        </extensions>
      </trkpt>
      <trkpt lat="45.93224" lon="6.88347">
        <ele>1051</ele>
        <extensions>
          <distance>1902</distance>
        </extensions>
      </trkpt>
      <trkpt lat="45.9323" lon="6.88358">
        <ele>1051</ele>
        <extensions>
          <distance>1913</distance>
        </extensions>
      </trkpt>
      <trkpt lat="45.93232" lon="6.8837">
        <ele>1051</ele>
        <extensions>
          <distance>1923</distance>
        </extensions>
      </trkpt>
      <trkpt lat="45.93229" lon="6.88401">
        <ele>1051</ele>
        <extensions>
          <distance>1947</distance>
        </extensions>
      </trkpt>
      <trkpt lat="45.9323" lon="6.88409">
        <ele>1051</ele>
        <extensions>
          <distance>1953</distance>
        </extensions>
      </trkpt>
      <trkpt lat="45.93228" lon="6.88427">
        <ele>1052</ele>
        <extensions>
          <distance>1967</distance>
        </extensions>
      </trkpt>
      <trkpt lat="45.93228" lon="6.88438">
        <ele>1052</ele>
        <extensions>
          <distance>1976</distance>
        </extensions>
      </trkpt>
      <trkpt lat="45.9323" lon="6.88451">
        <ele>1052</ele>
        <extensions>
          <distance>1986</distance>
        </extensions>
      </trkpt>
      <trkpt lat="45.93237" lon="6.88468">
        <ele>1052</ele>
        <extensions>
          <distance>2002</distance>
        </extensions>
      </trkpt>
      <trkpt lat="45.93244" lon="6.88479">
        <ele>1052</ele>
        <extensions>
          <distance>2013</distance>
        </extensions>
      </trkpt>
      <trkpt lat="45.9325" lon="6.88483">
        <ele>1053</ele>
        <extensions>
          <distance>2020</distance>
        </extensions>
      </trkpt>
      <trkpt lat="45.93255" lon="6.88489">
        <ele>1053</ele>
        <extensions>
          <distance>2028</distance>
        </extensions>
      </trkpt>
      <trkpt lat="45.9326" lon="6.88491">
        <ele>1053</ele>
        <extensions>
          <distance>2033</distance>
        </extensions>
      </trkpt>
      <trkpt lat="45.93268" lon="6.88499">
        <ele>1053</ele>
        <extensions>
          <distance>2044</distance>
        </extensions>
      </trkpt>
      <trkpt lat="45.93274" lon="6.88509">
        <ele>1053</ele>
        <extensions>
          <distance>2055</distance>
        </extensions>
      </trkpt>
      <trkpt lat="45.93285" lon="6.88522">
        <ele>1053</ele>
        <extensions>
          <distance>2070</distance>
        </extensions>
      </trkpt>
      <trkpt lat="45.93291" lon="6.88532">
        <ele>1054</ele>
        <extensions>
          <distance>2081</distance>
        </extensions>
      </trkpt>
      <trkpt lat="45.93293" lon="6.88541">
        <ele>1054</ele>
        <extensions>
          <distance>2088</distance>
        </extensions>
      </trkpt>
      <trkpt lat="45.93296" lon="6.88544">
        <ele>1054</ele>
        <extensions>
          <distance>2092</distance>
        </extensions>
      </trkpt>
      <trkpt lat="45.93297" lon="6.88549">
        <ele>1054</ele>
        <extensions>
          <distance>2096</distance>
        </extensions>
      </trkpt>
      <trkpt lat="45.93302" lon="6.88556">
        <ele>1054</ele>
        <extensions>
          <distance>2104</distance>
        </extensions>
      </trkpt>
      <trkpt lat="45.93308" lon="6.88562">
        <ele>1054</ele>
        <extensions>
          <distance>2112</distance>
        </extensions>
      </trkpt>
      <trkpt lat="45.93312" lon="6.8857">
        <ele>1054</ele>
        <extensions>
          <distance>2120</distance>
        </extensions>
      </trkpt>
      <trkpt lat="45.93317" lon="6.88582">
        <ele>1055</ele>
        <extensions>
          <distance>2130</distance>
        </extensions>
      </trkpt>
      <trkpt lat="45.93319" lon="6.88591">
        <ele>1055</ele>
        <extensions>
          <distance>2138</distance>
        </extensions>
      </trkpt>
      <trkpt lat="45.93323" lon="6.88598">
        <ele>1055</ele>
        <extensions>
          <distance>2145</distance>
        </extensions>
      </trkpt>
      <trkpt lat="45.93324" lon="6.88603">
        <ele>1055</ele>
        <extensions>
          <distance>2149</distance>
        </extensions>
      </trkpt>
      <trkpt lat="45.9333" lon="6.88614">
        <ele>1055</ele>
        <extensions>
          <distance>2160</distance>
        </extensions>
      </trkpt>
      <trkpt lat="45.93334" lon="6.88632">
        <ele>1055</ele>
        <extensions>
          <distance>2174</distance>
        </extensions>
      </trkpt>
      <trkpt lat="45.93334" lon="6.88637">
        <ele>1056</ele>
        <extensions>
          <distance>2178</distance>
        </extensions>
      </trkpt>
      <trkpt lat="45.93339" lon="6.8865">
        <ele>1056</ele>
        <extensions>
          <distance>2190</distance>
        </extensions>
      </trkpt>
      <trkpt lat="45.93345" lon="6.8866">
        <ele>1056</ele>
        <extensions>
          <distance>2200</distance>
        </extensions>
      </trkpt>
      <trkpt lat="45.93348" lon="6.88671">
        <ele>1056</ele>
        <extensions>
          <distance>2209</distance>
        </extensions>
      </trkpt>
      <trkpt lat="45.9335" lon="6.88674">
        <ele>1056</ele>
        <extensions>
          <distance>2212</distance>
        </extensions>
      </trkpt>
      <trkpt lat="45.93352" lon="6.88683">
        <ele>1056</ele>
        <extensions>
          <distance>2220</distance>
        </extensions>
      </trkpt>
      <trkpt lat="45.93355" lon="6.88686">
        <ele>1056</ele>
        <extensions>
          <distance>2224</distance>
        </extensions>
      </trkpt>
      <trkpt lat="45.9336" lon="6.88698">
        <ele>1056</ele>
        <extensions>
          <distance>2235</distance>
        </extensions>
      </trkpt>
      <trkpt lat="45.93368" lon="6.88713">
        <ele>1057</ele>
        <extensions>
          <distance>2249</distance>
        </extensions>
      </trkpt>
      <trkpt lat="45.93369" lon="6.88721">
        <ele>1057</ele>
        <extensions>
          <distance>2255</distance>
        </extensions>
      </trkpt>
      <trkpt lat="45.93377" lon="6.88741">
        <ele>1057</ele>
        <extensions>
          <distance>2273</distance>
        </extensions>
      </trkpt>
      <trkpt lat="45.93382" lon="6.8876">
        <ele>1057</ele>
        <extensions>
          <distance>2289</distance>
        </extensions>
      </trkpt>
      <trkpt lat="45.93386" lon="6.88768">
        <ele>1057</ele>
        <extensions>
          <distance>2297</distance>
        </extensions>
      </trkpt>
      <trkpt lat="45.9339" lon="6.88781">
        <ele>1057</ele>
        <extensions>
          <distance>2308</distance>
        </extensions>
      </trkpt>
      <trkpt lat="45.93394" lon="6.88788">
        <ele>1058</ele>
        <extensions>
          <distance>2315</distance>
        </extensions>
      </trkpt>
      <trkpt lat="45.93395" lon="6.88793">
        <ele>1058</ele>
        <extensions>
          <distance>2319</distance>
        </extensions>
      </trkpt>
      <trkpt lat="45.93401" lon="6.88804">
        <ele>1058</ele>
        <extensions>
          <distance>2330</distance>
        </extensions>
      </trkpt>
      <trkpt lat="45.93404" lon="6.88807">
        <ele>1058</ele>
        <extensions>
          <distance>2334</distance>
        </extensions>
      </trkpt>
      <trkpt lat="45.93407" lon="6.88813">
        <ele>1058</ele>
        <extensions>
          <distance>2339</distance>
        </extensions>
      </trkpt>
      <trkpt lat="45.9342" lon="6.88831">
        <ele>1058</ele>
        <extensions>
          <distance>2360</distance>
        </extensions>
      </trkpt>
      <trkpt lat="45.93432" lon="6.88849">
        <ele>1058</ele>
        <extensions>
          <distance>2379</distance>
        </extensions>
      </trkpt>
      <trkpt lat="45.93437" lon="6.88854">
        <ele>1058</ele>
        <extensions>
          <distance>2386</distance>
        </extensions>
      </trkpt>
      <trkpt lat="45.93451" lon="6.88863">
        <ele>1059</ele>
        <extensions>
          <distance>2403</distance>
        </extensions>
      </trkpt>
      <trkpt lat="45.93462" lon="6.88875">
        <ele>1059</ele>
        <extensions>
          <distance>2418</distance>
        </extensions>
      </trkpt>
      <trkpt lat="45.93465" lon="6.88885">
        <ele>1059</ele>
        <extensions>
          <distance>2426</distance>
        </extensions>
      </trkpt>
      <trkpt lat="45.93465" lon="6.88895">
        <ele>1060</ele>
        <extensions>
          <distance>2434</distance>
        </extensions>
      </trkpt>
      <trkpt lat="45.93466" lon="6.889">
        <ele>1062</ele>
        <extensions>
          <distance>2438</distance>
        </extensions>
      </trkpt>
      <trkpt lat="45.93469" lon="6.88908">
        <ele>1062</ele>
        <extensions>
          <distance>2445</distance>
        </extensions>
      </trkpt>
      <trkpt lat="45.93465" lon="6.88914">
        <ele>1062</ele>
        <extensions>
          <distance>2452</distance>
        </extensions>
      </trkpt>
      <trkpt lat="45.93462" lon="6.88926">
        <ele>1062</ele>
        <extensions>
          <distance>2462</distance>
        </extensions>
      </trkpt>
      <trkpt lat="45.93464" lon="6.88943">
        <ele>1061</ele>
        <extensions>
          <distance>2475</distance>
        </extensions>
      </trkpt>
      <trkpt lat="45.93464" lon="6.88969">
        <ele>1061</ele>
        <extensions>
          <distance>2495</distance>
        </extensions>
      </trkpt>
      <trkpt lat="45.93465" lon="6.88983">
        <ele>1061</ele>
        <extensions>
          <distance>2506</distance>
        </extensions>
      </trkpt>
      <trkpt lat="45.93472" lon="6.89008">
        <ele>1061</ele>
        <extensions>
          <distance>2527</distance>
        </extensions>
      </trkpt>
      <trkpt lat="45.93478" lon="6.89018">
        <ele>1061</ele>
        <extensions>
          <distance>2537</distance>
        </extensions>
      </trkpt>
      <trkpt lat="45.93479" lon="6.89022">
        <ele>1062</ele>
        <extensions>
          <distance>2541</distance>
        </extensions>
      </trkpt>
      <trkpt lat="45.93488" lon="6.89039">
        <ele>1062</ele>
        <extensions>
          <distance>2557</distance>
        </extensions>
      </trkpt>
      <trkpt lat="45.93501" lon="6.89055">
        <ele>1063</ele>
        <extensions>
          <distance>2576</distance>
        </extensions>
      </trkpt>
      <trkpt lat="45.93503" lon="6.89056">
        <ele>1063</ele>
        <extensions>
          <distance>2578</distance>
        </extensions>
      </trkpt>
      <trkpt lat="45.93507" lon="6.89057">
        <ele>1064</ele>
        <extensions>
          <distance>2583</distance>
        </extensions>
      </trkpt>
      <trkpt lat="45.93514" lon="6.89056">
        <ele>1065</ele>
        <extensions>
          <distance>2591</distance>
        </extensions>
      </trkpt>
      <trkpt lat="45.93516" lon="6.89057">
        <ele>1065</ele>
        <extensions>
          <distance>2593</distance>
        </extensions>
      </trkpt>
      <trkpt lat="45.9352" lon="6.89057">
        <ele>1065</ele>
        <extensions>
          <distance>2598</distance>
        </extensions>
      </trkpt>
      <trkpt lat="45.93529" lon="6.89055">
        <ele>1065</ele>
        <extensions>
          <distance>2608</distance>
        </extensions>
      </trkpt>
      <trkpt lat="45.93531" lon="6.89053">
        <ele>1065</ele>
        <extensions>
          <distance>2610</distance>
        </extensions>
      </trkpt>
      <trkpt lat="45.93537" lon="6.89052">
        <ele>1065</ele>
        <extensions>
          <distance>2617</distance>
        </extensions>
      </trkpt>
      <trkpt lat="45.93561" lon="6.89044">
        <ele>1066</ele>
        <extensions>
          <distance>2645</distance>
        </extensions>
      </trkpt>
      <trkpt lat="45.93568" lon="6.89044">
        <ele>1066</ele>
        <extensions>
          <distance>2652</distance>
        </extensions>
      </trkpt>
      <trkpt lat="45.93571" lon="6.89046">
        <ele>1066</ele>
        <extensions>
          <distance>2656</distance>
        </extensions>
      </trkpt>
      <trkpt lat="45.93572" lon="6.8905">
        <ele>1065</ele>
        <extensions>
          <distance>2659</distance>
        </extensions>
      </trkpt>
      <trkpt lat="45.93581" lon="6.89063">
        <ele>1065</ele>
        <extensions>
          <distance>2674</distance>
        </extensions>
      </trkpt>
      <trkpt lat="45.93586" lon="6.89074">
        <ele>1065</ele>
        <extensions>
          <distance>2684</distance>
        </extensions>
      </trkpt>
      <trkpt lat="45.93592" lon="6.89091">
        <ele>1065</ele>
        <extensions>
          <distance>2699</distance>
        </extensions>
      </trkpt>
      <trkpt lat="45.93594" lon="6.891">
        <ele>1065</ele>
        <extensions>
          <distance>2706</distance>
        </extensions>
      </trkpt>
      <trkpt lat="45.93596" lon="6.89103">
        <ele>1065</ele>
        <extensions>
          <distance>2709</distance>
        </extensions>
      </trkpt>
      <trkpt lat="45.93598" lon="6.89112">
        <ele>1065</ele>
        <extensions>
          <distance>2716</distance>
        </extensions>
      </trkpt>
      <trkpt lat="45.93607" lon="6.89132">
        <ele>1065</ele>
        <extensions>
          <distance>2735</distance>
        </extensions>
      </trkpt>
      <trkpt lat="45.9361" lon="6.89141">
        <ele>1065</ele>
        <extensions>
          <distance>2743</distance>
        </extensions>
      </trkpt>
      <trkpt lat="45.93618" lon="6.89157">
        <ele>1065</ele>
        <extensions>
          <distance>2758</distance>
        </extensions>
      </trkpt>
      <trkpt lat="45.93619" lon="6.89161">
        <ele>1065</ele>
        <extensions>
          <distance>2761</distance>
        </extensions>
      </trkpt>
      <trkpt lat="45.93624" lon="6.89167">
        <ele>1065</ele>
        <extensions>
          <distance>2768</distance>
        </extensions>
      </trkpt>
      <trkpt lat="45.93637" lon="6.89188">
        <ele>1066</ele>
        <extensions>
          <distance>2790</distance>
        </extensions>
      </trkpt>
      <trkpt lat="45.93643" lon="6.892">
        <ele>1066</ele>
        <extensions>
          <distance>2802</distance>
        </extensions>
      </trkpt>
      <trkpt lat="45.9365" lon="6.8921">
        <ele>1066</ele>
        <extensions>
          <distance>2813</distance>
        </extensions>
      </trkpt>
      <trkpt lat="45.93655" lon="6.8922">
        <ele>1067</ele>
        <extensions>
          <distance>2822</distance>
        </extensions>
      </trkpt>
      <trkpt lat="45.93666" lon="6.89235">
        <ele>1067</ele>
        <extensions>
          <distance>2839</distance>
        </extensions>
      </trkpt>
      <trkpt lat="45.93677" lon="6.8925">
        <ele>1067</ele>
        <extensions>
          <distance>2856</distance>
        </extensions>
      </trkpt>
      <trkpt lat="45.93681" lon="6.89261">
        <ele>1068</ele>
        <extensions>
          <distance>2866</distance>
        </extensions>
      </trkpt>
      <trkpt lat="45.93688" lon="6.89272">
        <ele>1068</ele>
        <extensions>
          <distance>2877</distance>
        </extensions>
      </trkpt>
      <trkpt lat="45.93694" lon="6.89288">
        <ele>1068</ele>
        <extensions>
          <distance>2891</distance>
        </extensions>
      </trkpt>
      <trkpt lat="45.937" lon="6.89299">
        <ele>1068</ele>
        <extensions>
          <distance>2902</distance>
        </extensions>
      </trkpt>
      <trkpt lat="45.9371" lon="6.89334">
        <ele>1069</ele>
        <extensions>
          <distance>2931</distance>
        </extensions>
      </trkpt>
      <trkpt lat="45.93715" lon="6.89346">
        <ele>1069</ele>
        <extensions>
          <distance>2942</distance>
        </extensions>
      </trkpt>
      <trkpt lat="45.93718" lon="6.8935">
        <ele>1069</ele>
        <extensions>
          <distance>2947</distance>
        </extensions>
      </trkpt>
      <trkpt lat="45.9372" lon="6.89358">
        <ele>1069</ele>
        <extensions>
          <distance>2953</distance>
        </extensions>
      </trkpt>
      <trkpt lat="45.9373" lon="6.89378">
        <ele>1070</ele>
        <extensions>
          <distance>2972</distance>
        </extensions>
      </trkpt>
      <trkpt lat="45.93733" lon="6.89389">
        <ele>1070</ele>
        <extensions>
          <distance>2982</distance>
        </extensions>
      </trkpt>
      <trkpt lat="45.93742" lon="6.89401">
        <ele>1070</ele>
        <extensions>
          <distance>2995</distance>
        </extensions>
      </trkpt>
      <trkpt lat="45.93746" lon="6.89408">
        <ele>1070</ele>
        <extensions>
          <distance>3002</distance>
        </extensions>
      </trkpt>
      <trkpt lat="45.93754" lon="6.89417">
        <ele>1071</ele>
        <extensions>
          <distance>3014</distance>
        </extensions>
      </trkpt>
      <trkpt lat="45.93765" lon="6.89432">
        <ele>1071</ele>
        <extensions>
          <distance>3030</distance>
        </extensions>
      </trkpt>
      <trkpt lat="45.93776" lon="6.89454">
        <ele>1071</ele>
        <extensions>
          <distance>3051</distance>
        </extensions>
      </trkpt>
      <trkpt lat="45.9378" lon="6.8946">
        <ele>1071</ele>
        <extensions>
          <distance>3058</distance>
        </extensions>
      </trkpt>
      <trkpt lat="45.93783" lon="6.89462">
        <ele>1072</ele>
        <extensions>
          <distance>3062</distance>
        </extensions>
      </trkpt>
      <trkpt lat="45.9379" lon="6.89473">
        <ele>1072</ele>
        <extensions>
          <distance>3073</distance>
        </extensions>
      </trkpt>
      <trkpt lat="45.938" lon="6.89496">
        <ele>1073</ele>
        <extensions>
          <distance>3094</distance>
        </extensions>
      </trkpt>
      <trkpt lat="45.93801" lon="6.89504">
        <ele>1074</ele>
        <extensions>
          <distance>3100</distance>
        </extensions>
      </trkpt>
      <trkpt lat="45.93806" lon="6.89515">
        <ele>1074</ele>
        <extensions>
          <distance>3111</distance>
        </extensions>
      </trkpt>
      <trkpt lat="45.93814" lon="6.89528">
        <ele>1075</ele>
        <extensions>
          <distance>3124</distance>
        </extensions>
      </trkpt>
      <trkpt lat="45.93829" lon="6.89546">
        <ele>1076</ele>
        <extensions>
          <distance>3146</distance>
        </extensions>
      </trkpt>
      <trkpt lat="45.93836" lon="6.89562">
        <ele>1076</ele>
        <extensions>
          <distance>3161</distance>
        </extensions>
      </trkpt>
      <trkpt lat="45.93841" lon="6.89578">
        <ele>1077</ele>
        <extensions>
          <distance>3174</distance>
        </extensions>
      </trkpt>
      <trkpt lat="45.93848" lon="6.89593">
        <ele>1077</ele>
        <extensions>
          <distance>3188</distance>
        </extensions>
      </trkpt>
      <trkpt lat="45.93861" lon="6.89612">
        <ele>1078</ele>
        <extensions>
          <distance>3209</distance>
        </extensions>
      </trkpt>
      <trkpt lat="45.93872" lon="6.89626">
        <ele>1078</ele>
        <extensions>
          <distance>3225</distance>
        </extensions>
      </trkpt>
      <trkpt lat="45.93874" lon="6.8963">
        <ele>1078</ele>
        <extensions>
          <distance>3229</distance>
        </extensions>
      </trkpt>
      <trkpt lat="45.93879" lon="6.89635">
        <ele>1078</ele>
        <extensions>
          <distance>3236</distance>
        </extensions>
      </trkpt>
      <trkpt lat="45.93883" lon="6.89643">
        <ele>1079</ele>
        <extensions>
          <distance>3243</distance>
        </extensions>
      </trkpt>
      <trkpt lat="45.93897" lon="6.89661">
        <ele>1079</ele>
        <extensions>
          <distance>3264</distance>
        </extensions>
      </trkpt>
      <trkpt lat="45.93899" lon="6.89665">
        <ele>1079</ele>
        <extensions>
          <distance>3268</distance>
        </extensions>
      </trkpt>
      <trkpt lat="45.93904" lon="6.8967">
        <ele>1080</ele>
        <extensions>
          <distance>3275</distance>
        </extensions>
      </trkpt>
      <trkpt lat="45.93908" lon="6.89676">
        <ele>1080</ele>
        <extensions>
          <distance>3281</distance>
        </extensions>
      </trkpt>
      <trkpt lat="45.93911" lon="6.89678">
        <ele>1080</ele>
        <extensions>
          <distance>3285</distance>
        </extensions>
      </trkpt>
      <trkpt lat="45.93924" lon="6.89696">
        <ele>1080</ele>
        <extensions>
          <distance>3305</distance>
        </extensions>
      </trkpt>
      <trkpt lat="45.93949" lon="6.89684">
        <ele>1080</ele>
        <extensions>
          <distance>3334</distance>
        </extensions>
      </trkpt>
      <trkpt lat="45.93975" lon="6.89672">
        <ele>1079</ele>
        <extensions>
          <distance>3365</distance>
        </extensions>
      </trkpt>
      <trkpt lat="45.94" lon="6.89662">
        <ele>1079</ele>
        <extensions>
          <distance>3394</distance>
        </extensions>
      </trkpt>
      <trkpt lat="45.94015" lon="6.89662">
        <ele>1079</ele>
        <extensions>
          <distance>3410</distance>
        </extensions>
      </trkpt>
      <trkpt lat="45.94025" lon="6.89665">
        <ele>1079</ele>
        <extensions>
          <distance>3422</distance>
        </extensions>
      </trkpt>
      <trkpt lat="45.94033" lon="6.89672">
        <ele>1079</ele>
        <extensions>
          <distance>3432</distance>
        </extensions>
      </trkpt>
      <trkpt lat="45.9404" lon="6.89675">
        <ele>1079</ele>
        <extensions>
          <distance>3440</distance>
        </extensions>
      </trkpt>
      <trkpt lat="45.94047" lon="6.8968">
        <ele>1080</ele>
        <extensions>
          <distance>3449</distance>
        </extensions>
      </trkpt>
      <trkpt lat="45.94055" lon="6.89684">
        <ele>1080</ele>
        <extensions>
          <distance>3458</distance>
        </extensions>
      </trkpt>
      <trkpt lat="45.94072" lon="6.89701">
        <ele>1080</ele>
        <extensions>
          <distance>3481</distance>
        </extensions>
      </trkpt>
      <trkpt lat="45.94073" lon="6.89705">
        <ele>1080</ele>
        <extensions>
          <distance>3485</distance>
        </extensions>
      </trkpt>
      <trkpt lat="45.94083" lon="6.89723">
        <ele>1081</ele>
        <extensions>
          <distance>3502</distance>
        </extensions>
      </trkpt>
      <trkpt lat="45.94088" lon="6.89744">
        <ele>1081</ele>
        <extensions>
          <distance>3520</distance>
        </extensions>
      </trkpt>
      <trkpt lat="45.94093" lon="6.89765">
        <ele>1082</ele>
        <extensions>
          <distance>3537</distance>
        </extensions>
      </trkpt>
      <trkpt lat="45.94103" lon="6.89792">
        <ele>1082</ele>
        <extensions>
          <distance>3561</distance>
        </extensions>
      </trkpt>
      <trkpt lat="45.94105" lon="6.89805">
        <ele>1082</ele>
        <extensions>
          <distance>3571</distance>
        </extensions>
      </trkpt>
      <trkpt lat="45.94105" lon="6.89823">
        <ele>1083</ele>
        <extensions>
          <distance>3585</distance>
        </extensions>
      </trkpt>
      <trkpt lat="45.94108" lon="6.89839">
        <ele>1084</ele>
        <extensions>
          <distance>3598</distance>
        </extensions>
      </trkpt>
      <trkpt lat="45.94119" lon="6.89852">
        <ele>1085</ele>
        <extensions>
          <distance>3614</distance>
        </extensions>
      </trkpt>
      <trkpt lat="45.94127" lon="6.89865">
        <ele>1085</ele>
        <extensions>
          <distance>3627</distance>
        </extensions>
      </trkpt>
      <trkpt lat="45.94139" lon="6.89874">
        <ele>1086</ele>
        <extensions>
          <distance>3642</distance>
        </extensions>
      </trkpt>
      <trkpt lat="45.94152" lon="6.89883">
        <ele>1086</ele>
        <extensions>
          <distance>3658</distance>
        </extensions>
      </trkpt>
      <trkpt lat="45.94162" lon="6.89895">
        <ele>1086</ele>
        <extensions>
          <distance>3673</distance>
        </extensions>
      </trkpt>
      <trkpt lat="45.94175" lon="6.89902">
        <ele>1087</ele>
        <extensions>
          <distance>3688</distance>
        </extensions>
      </trkpt>
      <trkpt lat="45.94183" lon="6.89914">
        <ele>1087</ele>
        <extensions>
          <distance>3701</distance>
        </extensions>
      </trkpt>
      <trkpt lat="45.94188" lon="6.8991">
        <ele>1088</ele>
        <extensions>
          <distance>3707</distance>
        </extensions>
      </trkpt>
      <trkpt lat="45.94192" lon="6.89911">
        <ele>1088</ele>
        <extensions>
          <distance>3712</distance>
        </extensions>
      </trkpt>
      <trkpt lat="45.94194" lon="6.89915">
        <ele>1088</ele>
        <extensions>
          <distance>3716</distance>
        </extensions>
      </trkpt>
      <trkpt lat="45.94196" lon="6.89916">
        <ele>1088</ele>
        <extensions>
          <distance>3718</distance>
        </extensions>
      </trkpt>
      <trkpt lat="45.94199" lon="6.8992">
        <ele>1088</ele>
        <extensions>
          <distance>3723</distance>
        </extensions>
      </trkpt>
      <trkpt lat="45.94206" lon="6.89925">
        <ele>1088</ele>
        <extensions>
          <distance>3731</distance>
        </extensions>
      </trkpt>
      <trkpt lat="45.94212" lon="6.89931">
        <ele>1089</ele>
        <extensions>
          <distance>3739</distance>
        </extensions>
      </trkpt>
      <trkpt lat="45.94216" lon="6.89933">
        <ele>1089</ele>
        <extensions>
          <distance>3744</distance>
        </extensions>
      </trkpt>
      <trkpt lat="45.94219" lon="6.89932">
        <ele>1089</ele>
        <extensions>
          <distance>3748</distance>
        </extensions>
      </trkpt>
      <trkpt lat="45.94234" lon="6.89938">
        <ele>1091</ele>
        <extensions>
          <distance>3765</distance>
        </extensions>
      </trkpt>
      <trkpt lat="45.94241" lon="6.89939">
        <ele>1091</ele>
        <extensions>
          <distance>3773</distance>
        </extensions>
      </trkpt>
      <trkpt lat="45.94244" lon="6.89941">
        <ele>1091</ele>
        <extensions>
          <distance>3776</distance>
        </extensions>
      </trkpt>
      <trkpt lat="45.94254" lon="6.8994">
        <ele>1092</ele>
        <extensions>
          <distance>3788</distance>
        </extensions>
      </trkpt>
      <trkpt lat="45.9426" lon="6.89938">
        <ele>1093</ele>
        <extensions>
          <distance>3794</distance>
        </extensions>
      </trkpt>
      <trkpt lat="45.94263" lon="6.89939">
        <ele>1093</ele>
        <extensions>
          <distance>3798</distance>
        </extensions>
      </trkpt>
      <trkpt lat="45.94269" lon="6.89939">
        <ele>1094</ele>
        <extensions>
          <distance>3805</distance>
        </extensions>
      </trkpt>
      <trkpt lat="45.94275" lon="6.89941">
        <ele>1094</ele>
        <extensions>
          <distance>3811</distance>
        </extensions>
      </trkpt>
      <trkpt lat="45.94278" lon="6.89944">
        <ele>1095</ele>
        <extensions>
          <distance>3816</distance>
        </extensions>
      </trkpt>
      <trkpt lat="45.94287" lon="6.89949">
        <ele>1096</ele>
        <extensions>
          <distance>3826</distance>
        </extensions>
      </trkpt>
      <trkpt lat="45.94302" lon="6.89965">
        <ele>1096</ele>
        <extensions>
          <distance>3847</distance>
        </extensions>
      </trkpt>
      <trkpt lat="45.94321" lon="6.8998">
        <ele>1100</ele>
        <extensions>
          <distance>3871</distance>
        </extensions>
      </trkpt>
      <trkpt lat="45.94329" lon="6.89997">
        <ele>1101</ele>
        <extensions>
          <distance>3887</distance>
        </extensions>
      </trkpt>
      <trkpt lat="45.94331" lon="6.90005">
        <ele>1102</ele>
        <extensions>
          <distance>3894</distance>
        </extensions>
      </trkpt>
      <trkpt lat="45.94335" lon="6.90013">
        <ele>1102</ele>
        <extensions>
          <distance>3902</distance>
        </extensions>
      </trkpt>
      <trkpt lat="45.9434" lon="6.90034">
        <ele>1102</ele>
        <extensions>
          <distance>3919</distance>
        </extensions>
      </trkpt>
      <trkpt lat="45.9434" lon="6.90039">
        <ele>1103</ele>
        <extensions>
          <distance>3923</distance>
        </extensions>
      </trkpt>
      <trkpt lat="45.94342" lon="6.90049">
        <ele>1105</ele>
        <extensions>
          <distance>3931</distance>
        </extensions>
      </trkpt>
      <trkpt lat="45.94346" lon="6.90057">
        <ele>1106</ele>
        <extensions>
          <distance>3939</distance>
        </extensions>
      </trkpt>
      <trkpt lat="45.94349" lon="6.90068">
        <ele>1106</ele>
        <extensions>
          <distance>3948</distance>
        </extensions>
      </trkpt>
      <trkpt lat="45.94354" lon="6.90078">
        <ele>1106</ele>
        <extensions>
          <distance>3957</distance>
        </extensions>
      </trkpt>
      <trkpt lat="45.94357" lon="6.90079">
        <ele>1106</ele>
        <extensions>
          <distance>3961</distance>
        </extensions>
      </trkpt>
      <trkpt lat="45.94359" lon="6.90081">
        <ele>1106</ele>
        <extensions>
          <distance>3964</distance>
        </extensions>
      </trkpt>
      <trkpt lat="45.94365" lon="6.90083">
        <ele>1106</ele>
        <extensions>
          <distance>3970</distance>
        </extensions>
      </trkpt>
      <trkpt lat="45.94375" lon="6.90085">
        <ele>1106</ele>
        <extensions>
          <distance>3982</distance>
        </extensions>
      </trkpt>
      <trkpt lat="45.94378" lon="6.90087">
        <ele>1106</ele>
        <extensions>
          <distance>3985</distance>
        </extensions>
      </trkpt>
      <trkpt lat="45.94382" lon="6.90094">
        <ele>1106</ele>
        <extensions>
          <distance>3992</distance>
        </extensions>
      </trkpt>
      <trkpt lat="45.94402" lon="6.90093">
        <ele>1107</ele>
        <extensions>
          <distance>4015</distance>
        </extensions>
      </trkpt>
      <trkpt lat="45.94408" lon="6.90094">
        <ele>1107</ele>
        <extensions>
          <distance>4021</distance>
        </extensions>
      </trkpt>
      <trkpt lat="45.94415" lon="6.90093">
        <ele>1108</ele>
        <extensions>
          <distance>4029</distance>
        </extensions>
      </trkpt>
      <trkpt lat="45.94422" lon="6.90094">
        <ele>1108</ele>
        <extensions>
          <distance>4037</distance>
        </extensions>
      </trkpt>
      <trkpt lat="45.94428" lon="6.90092">
        <ele>1110</ele>
        <extensions>
          <distance>4044</distance>
        </extensions>
      </trkpt>
      <trkpt lat="45.94442" lon="6.90095">
        <ele>1114</ele>
        <extensions>
          <distance>4060</distance>
        </extensions>
      </trkpt>
      <trkpt lat="45.94445" lon="6.90097">
        <ele>1114</ele>
        <extensions>
          <distance>4064</distance>
        </extensions>
      </trkpt>
      <trkpt lat="45.94446" lon="6.90103">
        <ele>1115</ele>
        <extensions>
          <distance>4069</distance>
        </extensions>
      </trkpt>
      <trkpt lat="45.94449" lon="6.901">
        <ele>1116</ele>
        <extensions>
          <distance>4073</distance>
        </extensions>
      </trkpt>
      <trkpt lat="45.94452" lon="6.90099">
        <ele>1116</ele>
        <extensions>
          <distance>4076</distance>
        </extensions>
      </trkpt>
      <trkpt lat="45.94456" lon="6.901">
        <ele>1118</ele>
        <extensions>
          <distance>4081</distance>
        </extensions>
      </trkpt>
      <trkpt lat="45.94458" lon="6.90102">
        <ele>1119</ele>
        <extensions>
          <distance>4084</distance>
        </extensions>
      </trkpt>
      <trkpt lat="45.94463" lon="6.90104">
        <ele>1121</ele>
        <extensions>
          <distance>4090</distance>
        </extensions>
      </trkpt>
      <trkpt lat="45.94469" lon="6.90112">
        <ele>1121</ele>
        <extensions>
          <distance>4099</distance>
        </extensions>
      </trkpt>
      <trkpt lat="45.94475" lon="6.90117">
        <ele>1122</ele>
        <extensions>
          <distance>4107</distance>
        </extensions>
      </trkpt>
      <trkpt lat="45.94477" lon="6.9012">
        <ele>1123</ele>
        <extensions>
          <distance>4110</distance>
        </extensions>
      </trkpt>
      <trkpt lat="45.94477" lon="6.90124">
        <ele>1124</ele>
        <extensions>
          <distance>4113</distance>
        </extensions>
      </trkpt>
      <trkpt lat="45.94496" lon="6.90142">
        <ele>1125</ele>
        <extensions>
          <distance>4139</distance>
        </extensions>
      </trkpt>
      <trkpt lat="45.94501" lon="6.90148">
        <ele>1125</ele>
        <extensions>
          <distance>4146</distance>
        </extensions>
      </trkpt>
      <trkpt lat="45.94503" lon="6.90151">
        <ele>1125</ele>
        <extensions>
          <distance>4149</distance>
        </extensions>
      </trkpt>
      <trkpt lat="45.94503" lon="6.90155">
        <ele>1125</ele>
        <extensions>
          <distance>4152</distance>
        </extensions>
      </trkpt>
      <trkpt lat="45.94507" lon="6.90161">
        <ele>1125</ele>
        <extensions>
          <distance>4159</distance>
        </extensions>
      </trkpt>
      <trkpt lat="45.94508" lon="6.90165">
        <ele>1125</ele>
        <extensions>
          <distance>4162</distance>
        </extensions>
      </trkpt>
      <trkpt lat="45.9452" lon="6.90183">
        <ele>1125</ele>
        <extensions>
          <distance>4181</distance>
        </extensions>
      </trkpt>
      <trkpt lat="45.94524" lon="6.90187">
        <ele>1125</ele>
        <extensions>
          <distance>4187</distance>
        </extensions>
      </trkpt>
      <trkpt lat="45.94527" lon="6.90188">
        <ele>1125</ele>
        <extensions>
          <distance>4190</distance>
        </extensions>
      </trkpt>
      <trkpt lat="45.94529" lon="6.90192">
        <ele>1126</ele>
        <extensions>
          <distance>4194</distance>
        </extensions>
      </trkpt>
      <trkpt lat="45.94534" lon="6.90196">
        <ele>1127</ele>
        <extensions>
          <distance>4200</distance>
        </extensions>
      </trkpt>
      <trkpt lat="45.94541" lon="6.90198">
        <ele>1128</ele>
        <extensions>
          <distance>4208</distance>
        </extensions>
      </trkpt>
      <trkpt lat="45.94548" lon="6.90204">
        <ele>1129</ele>
        <extensions>
          <distance>4217</distance>
        </extensions>
      </trkpt>
      <trkpt lat="45.94559" lon="6.9021">
        <ele>1130</ele>
        <extensions>
          <distance>4230</distance>
        </extensions>
      </trkpt>
      <trkpt lat="45.94573" lon="6.90225">
        <ele>1132</ele>
        <extensions>
          <distance>4250</distance>
        </extensions>
      </trkpt>
      <trkpt lat="45.94576" lon="6.90227">
        <ele>1132</ele>
        <extensions>
          <distance>4254</distance>
        </extensions>
      </trkpt>
      <trkpt lat="45.94582" lon="6.90229">
        <ele>1133</ele>
        <extensions>
          <distance>4261</distance>
        </extensions>
      </trkpt>
      <trkpt lat="45.9459" lon="6.90234">
        <ele>1134</ele>
        <extensions>
          <distance>4270</distance>
        </extensions>
      </trkpt>
      <trkpt lat="45.94597" lon="6.90236">
        <ele>1135</ele>
        <extensions>
          <distance>4278</distance>
        </extensions>
      </trkpt>
      <trkpt lat="45.94602" lon="6.90242">
        <ele>1135</ele>
        <extensions>
          <distance>4285</distance>
        </extensions>
      </trkpt>
      <trkpt lat="45.94613" lon="6.90246">
        <ele>1138</ele>
        <extensions>
          <distance>4298</distance>
        </extensions>
      </trkpt>
      <trkpt lat="45.94623" lon="6.90252">
        <ele>1138</ele>
        <extensions>
          <distance>4310</distance>
        </extensions>
      </trkpt>
      <trkpt lat="45.9463" lon="6.90261">
        <ele>1139</ele>
        <extensions>
          <distance>4321</distance>
        </extensions>
      </trkpt>
      <trkpt lat="45.94642" lon="6.90267">
        <ele>1141</ele>
        <extensions>
          <distance>4335</distance>
        </extensions>
      </trkpt>
      <trkpt lat="45.94651" lon="6.90273">
        <ele>1142</ele>
        <extensions>
          <distance>4346</distance>
        </extensions>
      </trkpt>
      <trkpt lat="45.9466" lon="6.90283">
        <ele>1142</ele>
        <extensions>
          <distance>4359</distance>
        </extensions>
      </trkpt>
      <trkpt lat="45.94667" lon="6.90287">
        <ele>1143</ele>
        <extensions>
          <distance>4367</distance>
        </extensions>
      </trkpt>
      <trkpt lat="45.94668" lon="6.90289">
        <ele>1143</ele>
        <extensions>
          <distance>4369</distance>
        </extensions>
      </trkpt>
      <trkpt lat="45.94677" lon="6.90294">
        <ele>1144</ele>
        <extensions>
          <distance>4380</distance>
        </extensions>
      </trkpt>
      <trkpt lat="45.94689" lon="6.90304">
        <ele>1144</ele>
        <extensions>
          <distance>4395</distance>
        </extensions>
      </trkpt>
      <trkpt lat="45.94691" lon="6.90307">
        <ele>1144</ele>
        <extensions>
          <distance>4399</distance>
        </extensions>
      </trkpt>
      <trkpt lat="45.94692" lon="6.90311">
        <ele>1144</ele>
        <extensions>
          <distance>4402</distance>
        </extensions>
      </trkpt>
      <trkpt lat="45.94697" lon="6.90319">
        <ele>1144</ele>
        <extensions>
          <distance>4410</distance>
        </extensions>
      </trkpt>
      <trkpt lat="45.94701" lon="6.90329">
        <ele>1144</ele>
        <extensions>
          <distance>4419</distance>
        </extensions>
      </trkpt>
      <trkpt lat="45.94702" lon="6.90337">
        <ele>1144</ele>
        <extensions>
          <distance>4425</distance>
        </extensions>
      </trkpt>
      <trkpt lat="45.94708" lon="6.90345">
        <ele>1144</ele>
        <extensions>
          <distance>4435</distance>
        </extensions>
      </trkpt>
      <trkpt lat="45.94712" lon="6.90348">
        <ele>1144</ele>
        <extensions>
          <distance>4440</distance>
        </extensions>
      </trkpt>
      <trkpt lat="45.94718" lon="6.90378">
        <ele>1145</ele>
        <extensions>
          <distance>4464</distance>
        </extensions>
      </trkpt>
      <trkpt lat="45.94725" lon="6.90391">
        <ele>1145</ele>
        <extensions>
          <distance>4477</distance>
        </extensions>
      </trkpt>
      <trkpt lat="45.9473" lon="6.90409">
        <ele>1146</ele>
        <extensions>
          <distance>4492</distance>
        </extensions>
      </trkpt>
      <trkpt lat="45.94738" lon="6.90426">
        <ele>1148</ele>
        <extensions>
          <distance>4508</distance>
        </extensions>
      </trkpt>
      <trkpt lat="45.94741" lon="6.90437">
        <ele>1149</ele>
        <extensions>
          <distance>4517</distance>
        </extensions>
      </trkpt>
      <trkpt lat="45.94747" lon="6.90446">
        <ele>1150</ele>
        <extensions>
          <distance>4526</distance>
        </extensions>
      </trkpt>
      <trkpt lat="45.9475" lon="6.90459">
        <ele>1150</ele>
        <extensions>
          <distance>4537</distance>
        </extensions>
      </trkpt>
      <trkpt lat="45.9475" lon="6.90478">
        <ele>1151</ele>
        <extensions>
          <distance>4552</distance>
        </extensions>
      </trkpt>
      <trkpt lat="45.94748" lon="6.90484">
        <ele>1151</ele>
        <extensions>
          <distance>4557</distance>
        </extensions>
      </trkpt>
      <trkpt lat="45.94748" lon="6.90488">
        <ele>1152</ele>
        <extensions>
          <distance>4560</distance>
        </extensions>
      </trkpt>
      <trkpt lat="45.94749" lon="6.90492">
        <ele>1152</ele>
        <extensions>
          <distance>4563</distance>
        </extensions>
      </trkpt>
      <trkpt lat="45.94753" lon="6.90496">
        <ele>1153</ele>
        <extensions>
          <distance>4569</distance>
        </extensions>
      </trkpt>
      <trkpt lat="45.94755" lon="6.90496">
        <ele>1153</ele>
        <extensions>
          <distance>4571</distance>
        </extensions>
      </trkpt>
      <trkpt lat="45.94758" lon="6.90494">
        <ele>1154</ele>
        <extensions>
          <distance>4575</distance>
        </extensions>
      </trkpt>
      <trkpt lat="45.9476" lon="6.9049">
        <ele>1154</ele>
        <extensions>
          <distance>4579</distance>
        </extensions>
      </trkpt>
      <trkpt lat="45.94765" lon="6.90486">
        <ele>1156</ele>
        <extensions>
          <distance>4585</distance>
        </extensions>
      </trkpt>
      <trkpt lat="45.94766" lon="6.90483">
        <ele>1157</ele>
        <extensions>
          <distance>4588</distance>
        </extensions>
      </trkpt>
      <trkpt lat="45.94775" lon="6.90471">
        <ele>1161</ele>
        <extensions>
          <distance>4602</distance>
        </extensions>
      </trkpt>
      <trkpt lat="45.94776" lon="6.90466">
        <ele>1161</ele>
        <extensions>
          <distance>4606</distance>
        </extensions>
      </trkpt>
      <trkpt lat="45.94779" lon="6.9046">
        <ele>1163</ele>
        <extensions>
          <distance>4612</distance>
        </extensions>
      </trkpt>
      <trkpt lat="45.94779" lon="6.90455">
        <ele>1163</ele>
        <extensions>
          <distance>4616</distance>
        </extensions>
      </trkpt>
      <trkpt lat="45.94781" lon="6.90452">
        <ele>1163</ele>
        <extensions>
          <distance>4619</distance>
        </extensions>
      </trkpt>
      <trkpt lat="45.94781" lon="6.90445">
        <ele>1163</ele>
        <extensions>
          <distance>4624</distance>
        </extensions>
      </trkpt>
      <trkpt lat="45.94783" lon="6.90439">
        <ele>1164</ele>
        <extensions>
          <distance>4630</distance>
        </extensions>
      </trkpt>
      <trkpt lat="45.94783" lon="6.90429">
        <ele>1164</ele>
        <extensions>
          <distance>4638</distance>
        </extensions>
      </trkpt>
      <trkpt lat="45.94779" lon="6.90414">
        <ele>1164</ele>
        <extensions>
          <distance>4650</distance>
        </extensions>
      </trkpt>
      <trkpt lat="45.94779" lon="6.9041">
        <ele>1164</ele>
        <extensions>
          <distance>4653</distance>
        </extensions>
      </trkpt>
      <trkpt lat="45.94773" lon="6.90397">
        <ele>1164</ele>
        <extensions>
          <distance>4665</distance>
        </extensions>
      </trkpt>
      <trkpt lat="45.94772" lon="6.90389">
        <ele>1164</ele>
        <extensions>
          <distance>4671</distance>
        </extensions>
      </trkpt>
      <trkpt lat="45.94772" lon="6.90369">
        <ele>1164</ele>
        <extensions>
          <distance>4687</distance>
        </extensions>
      </trkpt>
      <trkpt lat="45.9477" lon="6.9036">
        <ele>1165</ele>
        <extensions>
          <distance>4694</distance>
        </extensions>
      </trkpt>
      <trkpt lat="45.9477" lon="6.90351">
        <ele>1166</ele>
        <extensions>
          <distance>4701</distance>
        </extensions>
      </trkpt>
      <trkpt lat="45.94774" lon="6.90339">
        <ele>1167</ele>
        <extensions>
          <distance>4712</distance>
        </extensions>
      </trkpt>
      <trkpt lat="45.94777" lon="6.90337">
        <ele>1168</ele>
        <extensions>
          <distance>4715</distance>
        </extensions>
      </trkpt>
      <trkpt lat="45.94779" lon="6.90333">
        <ele>1169</ele>
        <extensions>
          <distance>4719</distance>
        </extensions>
      </trkpt>
      <trkpt lat="45.94785" lon="6.90327">
        <ele>1169</ele>
        <extensions>
          <distance>4727</distance>
        </extensions>
      </trkpt>
      <trkpt lat="45.94788" lon="6.90326">
        <ele>1169</ele>
        <extensions>
          <distance>4731</distance>
        </extensions>
      </trkpt>
      <trkpt lat="45.94799" lon="6.90332">
        <ele>1170</ele>
        <extensions>
          <distance>4744</distance>
        </extensions>
      </trkpt>
      <trkpt lat="45.94808" lon="6.90341">
        <ele>1171</ele>
        <extensions>
          <distance>4756</distance>
        </extensions>
      </trkpt>
      <trkpt lat="45.94823" lon="6.9035">
        <ele>1171</ele>
        <extensions>
          <distance>4774</distance>
        </extensions>
      </trkpt>
      <trkpt lat="45.94829" lon="6.9036">
        <ele>1172</ele>
        <extensions>
          <distance>4784</distance>
        </extensions>
      </trkpt>
      <trkpt lat="45.94832" lon="6.90363">
        <ele>1172</ele>
        <extensions>
          <distance>4788</distance>
        </extensions>
      </trkpt>
      <trkpt lat="45.94847" lon="6.90388">
        <ele>1174</ele>
        <extensions>
          <distance>4814</distance>
        </extensions>
      </trkpt>
      <trkpt lat="45.94856" lon="6.90407">
        <ele>1175</ele>
        <extensions>
          <distance>4832</distance>
        </extensions>
      </trkpt>
      <trkpt lat="45.9486" lon="6.90418">
        <ele>1178</ele>
        <extensions>
          <distance>4842</distance>
        </extensions>
      </trkpt>
      <trkpt lat="45.94868" lon="6.90432">
        <ele>1178</ele>
        <extensions>
          <distance>4856</distance>
        </extensions>
      </trkpt>
      <trkpt lat="45.9487" lon="6.90441">
        <ele>1179</ele>
        <extensions>
          <distance>4863</distance>
        </extensions>
      </trkpt>
      <trkpt lat="45.94875" lon="6.90453">
        <ele>1181</ele>
        <extensions>
          <distance>4874</distance>
        </extensions>
      </trkpt>
      <trkpt lat="45.94876" lon="6.90457">
        <ele>1182</ele>
        <extensions>
          <distance>4878</distance>
        </extensions>
      </trkpt>
      <trkpt lat="45.94876" lon="6.90465">
        <ele>1184</ele>
        <extensions>
          <distance>4884</distance>
        </extensions>
      </trkpt>
      <trkpt lat="45.94878" lon="6.90473">
        <ele>1184</ele>
        <extensions>
          <distance>4891</distance>
        </extensions>
      </trkpt>
      <trkpt lat="45.94877" lon="6.9048">
        <ele>1187</ele>
        <extensions>
          <distance>4897</distance>
        </extensions>
      </trkpt>
      <trkpt lat="45.94878" lon="6.90488">
        <ele>1188</ele>
        <extensions>
          <distance>4903</distance>
        </extensions>
      </trkpt>
      <trkpt lat="45.94877" lon="6.90495">
        <ele>1189</ele>
        <extensions>
          <distance>4909</distance>
        </extensions>
      </trkpt>
      <trkpt lat="45.94875" lon="6.90498">
        <ele>1190</ele>
        <extensions>
          <distance>4912</distance>
        </extensions>
      </trkpt>
      <trkpt lat="45.94874" lon="6.90513">
        <ele>1193</ele>
        <extensions>
          <distance>4924</distance>
        </extensions>
      </trkpt>
      <trkpt lat="45.94878" lon="6.90523">
        <ele>1193</ele>
        <extensions>
          <distance>4933</distance>
        </extensions>
      </trkpt>
      <trkpt lat="45.9488" lon="6.90526">
        <ele>1193</ele>
        <extensions>
          <distance>4936</distance>
        </extensions>
      </trkpt>
      <trkpt lat="45.94882" lon="6.90525">
        <ele>1193</ele>
        <extensions>
          <distance>4939</distance>
        </extensions>
      </trkpt>
      <trkpt lat="45.94889" lon="6.90517">
        <ele>1194</ele>
        <extensions>
          <distance>4949</distance>
        </extensions>
      </trkpt>
      <trkpt lat="45.94899" lon="6.90519">
        <ele>1193</ele>
        <extensions>
          <distance>4960</distance>
        </extensions>
      </trkpt>
      <trkpt lat="45.94908" lon="6.90529">
        <ele>1193</ele>
        <extensions>
          <distance>4972</distance>
        </extensions>
      </trkpt>
      <trkpt lat="45.94915" lon="6.90539">
        <ele>1193</ele>
        <extensions>
          <distance>4983</distance>
        </extensions>
      </trkpt>
      <trkpt lat="45.94918" lon="6.90541">
        <ele>1193</ele>
        <extensions>
          <distance>4987</distance>
        </extensions>
      </trkpt>
      <trkpt lat="45.94927" lon="6.90554">
        <ele>1193</ele>
        <extensions>
          <distance>5001</distance>
        </extensions>
      </trkpt>
      <trkpt lat="45.94936" lon="6.90557">
        <ele>1194</ele>
        <extensions>
          <distance>5012</distance>
        </extensions>
      </trkpt>
      <trkpt lat="45.94945" lon="6.90552">
        <ele>1194</ele>
        <extensions>
          <distance>5022</distance>
        </extensions>
      </trkpt>
      <trkpt lat="45.94951" lon="6.90553">
        <ele>1195</ele>
        <extensions>
          <distance>5029</distance>
        </extensions>
      </trkpt>
      <trkpt lat="45.9496" lon="6.9056">
        <ele>1195</ele>
        <extensions>
          <distance>5040</distance>
        </extensions>
      </trkpt>
      <trkpt lat="45.94969" lon="6.90572">
        <ele>1196</ele>
        <extensions>
          <distance>5054</distance>
        </extensions>
      </trkpt>
      <trkpt lat="45.94976" lon="6.90592">
        <ele>1202</ele>
        <extensions>
          <distance>5072</distance>
        </extensions>
      </trkpt>
      <trkpt lat="45.94978" lon="6.906">
        <ele>1204</ele>
        <extensions>
          <distance>5079</distance>
        </extensions>
      </trkpt>
      <trkpt lat="45.94978" lon="6.90607">
        <ele>1206</ele>
        <extensions>
          <distance>5085</distance>
        </extensions>
      </trkpt>
      <trkpt lat="45.94982" lon="6.9061">
        <ele>1207</ele>
        <extensions>
          <distance>5090</distance>
        </extensions>
      </trkpt>
      <trkpt lat="45.94985" lon="6.90618">
        <ele>1210</ele>
        <extensions>
          <distance>5098</distance>
        </extensions>
      </trkpt>
      <trkpt lat="45.94986" lon="6.90622">
        <ele>1211</ele>
        <extensions>
          <distance>5101</distance>
        </extensions>
      </trkpt>
      <trkpt lat="45.94986" lon="6.9063">
        <ele>1213</ele>
        <extensions>
          <distance>5108</distance>
        </extensions>
      </trkpt>
      <trkpt lat="45.94989" lon="6.90643">
        <ele>1218</ele>
        <extensions>
          <distance>5120</distance>
        </extensions>
      </trkpt>
      <trkpt lat="45.94989" lon="6.90651">
        <ele>1220</ele>
        <extensions>
          <distance>5126</distance>
        </extensions>
      </trkpt>
      <trkpt lat="45.94992" lon="6.90657">
        <ele>1221</ele>
        <extensions>
          <distance>5132</distance>
        </extensions>
      </trkpt>
      <trkpt lat="45.94994" lon="6.9067">
        <ele>1224</ele>
        <extensions>
          <distance>5143</distance>
        </extensions>
      </trkpt>
      <trkpt lat="45.94996" lon="6.90672">
        <ele>1224</ele>
        <extensions>
          <distance>5145</distance>
        </extensions>
      </trkpt>
      <trkpt lat="45.94997" lon="6.9067">
        <ele>1225</ele>
        <extensions>
          <distance>5147</distance>
        </extensions>
      </trkpt>
      <trkpt lat="45.94998" lon="6.9067">
        <ele>1226</ele>
        <extensions>
          <distance>5148</distance>
        </extensions>
      </trkpt>
      <trkpt lat="45.95002" lon="6.90677">
        <ele>1229</ele>
        <extensions>
          <distance>5156</distance>
        </extensions>
      </trkpt>
      <trkpt lat="45.95003" lon="6.90685">
        <ele>1230</ele>
        <extensions>
          <distance>5163</distance>
        </extensions>
      </trkpt>
      <trkpt lat="45.95002" lon="6.9069">
        <ele>1231</ele>
        <extensions>
          <distance>5167</distance>
        </extensions>
      </trkpt>
      <trkpt lat="45.95003" lon="6.90695">
        <ele>1231</ele>
        <extensions>
          <distance>5171</distance>
        </extensions>
      </trkpt>
      <trkpt lat="45.95002" lon="6.907">
        <ele>1231</ele>
        <extensions>
          <distance>5175</distance>
        </extensions>
      </trkpt>
      <trkpt lat="45.95" lon="6.90703">
        <ele>1231</ele>
        <extensions>
          <distance>5178</distance>
        </extensions>
      </trkpt>
      <trkpt lat="45.94991" lon="6.90713">
        <ele>1232</ele>
        <extensions>
          <distance>5191</distance>
        </extensions>
      </trkpt>
      <trkpt lat="45.94984" lon="6.90713">
        <ele>1232</ele>
        <extensions>
          <distance>5198</distance>
        </extensions>
      </trkpt>
      <trkpt lat="45.94982" lon="6.90716">
        <ele>1232</ele>
        <extensions>
          <distance>5202</distance>
        </extensions>
      </trkpt>
      <trkpt lat="45.94986" lon="6.90722">
        <ele>1232</ele>
        <extensions>
          <distance>5208</distance>
        </extensions>
      </trkpt>
      <trkpt lat="45.94994" lon="6.90721">
        <ele>1234</ele>
        <extensions>
          <distance>5217</distance>
        </extensions>
      </trkpt>
      <trkpt lat="45.95" lon="6.90724">
        <ele>1236</ele>
        <extensions>
          <distance>5224</distance>
        </extensions>
      </trkpt>
      <trkpt lat="45.95003" lon="6.90724">
        <ele>1236</ele>
        <extensions>
          <distance>5228</distance>
        </extensions>
      </trkpt>
      <trkpt lat="45.95005" lon="6.90722">
        <ele>1236</ele>
        <extensions>
          <distance>5230</distance>
        </extensions>
      </trkpt>
      <trkpt lat="45.95009" lon="6.90713">
        <ele>1237</ele>
        <extensions>
          <distance>5239</distance>
        </extensions>
      </trkpt>
      <trkpt lat="45.95011" lon="6.90705">
        <ele>1237</ele>
        <extensions>
          <distance>5245</distance>
        </extensions>
      </trkpt>
      <trkpt lat="45.95013" lon="6.90701">
        <ele>1236</ele>
        <extensions>
          <distance>5249</distance>
        </extensions>
      </trkpt>
      <trkpt lat="45.95018" lon="6.90695">
        <ele>1236</ele>
        <extensions>
          <distance>5256</distance>
        </extensions>
      </trkpt>
      <trkpt lat="45.95018" lon="6.90691">
        <ele>1236</ele>
        <extensions>
          <distance>5259</distance>
        </extensions>
      </trkpt>
      <trkpt lat="45.9502" lon="6.90683">
        <ele>1236</ele>
        <extensions>
          <distance>5266</distance>
        </extensions>
      </trkpt>
      <trkpt lat="45.9502" lon="6.90673">
        <ele>1235</ele>
        <extensions>
          <distance>5274</distance>
        </extensions>
      </trkpt>
      <trkpt lat="45.95024" lon="6.90653">
        <ele>1235</ele>
        <extensions>
          <distance>5290</distance>
        </extensions>
      </trkpt>
      <trkpt lat="45.95029" lon="6.90644">
        <ele>1234</ele>
        <extensions>
          <distance>5299</distance>
        </extensions>
      </trkpt>
      <trkpt lat="45.95035" lon="6.90639">
        <ele>1234</ele>
        <extensions>
          <distance>5306</distance>
        </extensions>
      </trkpt>
      <trkpt lat="45.95041" lon="6.90632">
        <ele>1234</ele>
        <extensions>
          <distance>5315</distance>
        </extensions>
      </trkpt>
      <trkpt lat="45.95044" lon="6.90624">
        <ele>1235</ele>
        <extensions>
          <distance>5322</distance>
        </extensions>
      </trkpt>
      <trkpt lat="45.95047" lon="6.90622">
        <ele>1235</ele>
        <extensions>
          <distance>5326</distance>
        </extensions>
      </trkpt>
      <trkpt lat="45.95052" lon="6.90616">
        <ele>1235</ele>
        <extensions>
          <distance>5333</distance>
        </extensions>
      </trkpt>
      <trkpt lat="45.95055" lon="6.9061">
        <ele>1235</ele>
        <extensions>
          <distance>5339</distance>
        </extensions>
      </trkpt>
      <trkpt lat="45.95061" lon="6.90602">
        <ele>1235</ele>
        <extensions>
          <distance>5348</distance>
        </extensions>
      </trkpt>
      <trkpt lat="45.95063" lon="6.9059">
        <ele>1235</ele>
        <extensions>
          <distance>5357</distance>
        </extensions>
      </trkpt>
      <trkpt lat="45.95066" lon="6.90587">
        <ele>1233</ele>
        <extensions>
          <distance>5362</distance>
        </extensions>
      </trkpt>
      <trkpt lat="45.9507" lon="6.90574">
        <ele>1232</ele>
        <extensions>
          <distance>5373</distance>
        </extensions>
      </trkpt>
      <trkpt lat="45.95078" lon="6.90567">
        <ele>1232</ele>
        <extensions>
          <distance>5383</distance>
        </extensions>
      </trkpt>
      <trkpt lat="45.95082" lon="6.9056">
        <ele>1231</ele>
        <extensions>
          <distance>5390</distance>
        </extensions>
      </trkpt>
      <trkpt lat="45.95084" lon="6.90549">
        <ele>1228</ele>
        <extensions>
          <distance>5399</distance>
        </extensions>
      </trkpt>
      <trkpt lat="45.95086" lon="6.90545">
        <ele>1227</ele>
        <extensions>
          <distance>5403</distance>
        </extensions>
      </trkpt>
      <trkpt lat="45.95092" lon="6.9054">
        <ele>1225</ele>
        <extensions>
          <distance>5411</distance>
        </extensions>
      </trkpt>
      <trkpt lat="45.95099" lon="6.90531">
        <ele>1225</ele>
        <extensions>
          <distance>5422</distance>
        </extensions>
      </trkpt>
      <trkpt lat="45.95102" lon="6.90531">
        <ele>1225</ele>
        <extensions>
          <distance>5425</distance>
        </extensions>
      </trkpt>
      <trkpt lat="45.95104" lon="6.90528">
        <ele>1225</ele>
        <extensions>
          <distance>5428</distance>
        </extensions>
      </trkpt>
      <trkpt lat="45.95107" lon="6.90528">
        <ele>1225</ele>
        <extensions>
          <distance>5431</distance>
        </extensions>
      </trkpt>
      <trkpt lat="45.95122" lon="6.90522">
        <ele>1226</ele>
        <extensions>
          <distance>5449</distance>
        </extensions>
      </trkpt>
      <trkpt lat="45.95132" lon="6.90521">
        <ele>1226</ele>
        <extensions>
          <distance>5460</distance>
        </extensions>
      </trkpt>
      <trkpt lat="45.95143" lon="6.90517">
        <ele>1226</ele>
        <extensions>
          <distance>5472</distance>
        </extensions>
      </trkpt>
      <trkpt lat="45.95145" lon="6.90514">
        <ele>1226</ele>
        <extensions>
          <distance>5476</distance>
        </extensions>
      </trkpt>
      <trkpt lat="45.95152" lon="6.90514">
        <ele>1226</ele>
        <extensions>
          <distance>5483</distance>
        </extensions>
      </trkpt>
      <trkpt lat="45.95159" lon="6.90508">
        <ele>1226</ele>
        <extensions>
          <distance>5493</distance>
        </extensions>
      </trkpt>
      <trkpt lat="45.95168" lon="6.90507">
        <ele>1226</ele>
        <extensions>
          <distance>5503</distance>
        </extensions>
      </trkpt>
      <trkpt lat="45.95177" lon="6.90504">
        <ele>1227</ele>
        <extensions>
          <distance>5513</distance>
        </extensions>
      </trkpt>
      <trkpt lat="45.9518" lon="6.90506">
        <ele>1227</ele>
        <extensions>
          <distance>5517</distance>
        </extensions>
      </trkpt>
      <trkpt lat="45.95184" lon="6.90507">
        <ele>1228</ele>
        <extensions>
          <distance>5521</distance>
        </extensions>
      </trkpt>
      <trkpt lat="45.95189" lon="6.90506">
        <ele>1229</ele>
        <extensions>
          <distance>5527</distance>
        </extensions>
      </trkpt>
      <trkpt lat="45.95193" lon="6.90507">
        <ele>1229</ele>
        <extensions>
          <distance>5531</distance>
        </extensions>
      </trkpt>
      <trkpt lat="45.95202" lon="6.90507">
        <ele>1231</ele>
        <extensions>
          <distance>5541</distance>
        </extensions>
      </trkpt>
      <trkpt lat="45.95205" lon="6.90505">
        <ele>1231</ele>
        <extensions>
          <distance>5545</distance>
        </extensions>
      </trkpt>
      <trkpt lat="45.95207" lon="6.90506">
        <ele>1231</ele>
        <extensions>
          <distance>5547</distance>
        </extensions>
      </trkpt>
      <trkpt lat="45.95212" lon="6.90505">
        <ele>1231</ele>
        <extensions>
          <distance>5553</distance>
        </extensions>
      </trkpt>
      <trkpt lat="45.95224" lon="6.90501">
        <ele>1231</ele>
        <extensions>
          <distance>5567</distance>
        </extensions>
      </trkpt>
      <trkpt lat="45.95226" lon="6.90499">
        <ele>1230</ele>
        <extensions>
          <distance>5569</distance>
        </extensions>
      </trkpt>
      <trkpt lat="45.95232" lon="6.90498">
        <ele>1230</ele>
        <extensions>
          <distance>5576</distance>
        </extensions>
      </trkpt>
      <trkpt lat="45.95238" lon="6.90494">
        <ele>1230</ele>
        <extensions>
          <distance>5584</distance>
        </extensions>
      </trkpt>
      <trkpt lat="45.95243" lon="6.90493">
        <ele>1230</ele>
        <extensions>
          <distance>5589</distance>
        </extensions>
      </trkpt>
      <trkpt lat="45.95245" lon="6.90491">
        <ele>1230</ele>
        <extensions>
          <distance>5592</distance>
        </extensions>
      </trkpt>
      <trkpt lat="45.95253" lon="6.90487">
        <ele>1229</ele>
        <extensions>
          <distance>5601</distance>
        </extensions>
      </trkpt>
      <trkpt lat="45.95265" lon="6.90488">
        <ele>1228</ele>
        <extensions>
          <distance>5615</distance>
        </extensions>
      </trkpt>
      <trkpt lat="45.95276" lon="6.90484">
        <ele>1228</ele>
        <extensions>
          <distance>5627</distance>
        </extensions>
      </trkpt>
      <trkpt lat="45.95286" lon="6.90483">
        <ele>1228</ele>
        <extensions>
          <distance>5638</distance>
        </extensions>
      </trkpt>
      <trkpt lat="45.95293" lon="6.90483">
        <ele>1228</ele>
        <extensions>
          <distance>5646</distance>
        </extensions>
      </trkpt>
      <trkpt lat="45.95296" lon="6.90484">
        <ele>1228</ele>
        <extensions>
          <distance>5650</distance>
        </extensions>
      </trkpt>
      <trkpt lat="45.95301" lon="6.90482">
        <ele>1227</ele>
        <extensions>
          <distance>5655</distance>
        </extensions>
      </trkpt>
      <trkpt lat="45.95307" lon="6.90482">
        <ele>1227</ele>
        <extensions>
          <distance>5662</distance>
        </extensions>
      </trkpt>
      <trkpt lat="45.95311" lon="6.90484">
        <ele>1227</ele>
        <extensions>
          <distance>5667</distance>
        </extensions>
      </trkpt>
      <trkpt lat="45.95324" lon="6.90486">
        <ele>1227</ele>
        <extensions>
          <distance>5681</distance>
        </extensions>
      </trkpt>
      <trkpt lat="45.95326" lon="6.90489">
        <ele>1229</ele>
        <extensions>
          <distance>5685</distance>
        </extensions>
      </trkpt>
      <trkpt lat="45.95329" lon="6.9049">
        <ele>1229</ele>
        <extensions>
          <distance>5688</distance>
        </extensions>
      </trkpt>
      <trkpt lat="45.95331" lon="6.90492">
        <ele>1231</ele>
        <extensions>
          <distance>5691</distance>
        </extensions>
      </trkpt>
      <trkpt lat="45.95336" lon="6.90493">
        <ele>1231</ele>
        <extensions>
          <distance>5696</distance>
        </extensions>
      </trkpt>
      <trkpt lat="45.95341" lon="6.90496">
        <ele>1233</ele>
        <extensions>
          <distance>5702</distance>
        </extensions>
      </trkpt>
      <trkpt lat="45.95347" lon="6.90497">
        <ele>1233</ele>
        <extensions>
          <distance>5709</distance>
        </extensions>
      </trkpt>
      <trkpt lat="45.95361" lon="6.90502">
        <ele>1234</ele>
        <extensions>
          <distance>5725</distance>
        </extensions>
      </trkpt>
      <trkpt lat="45.95368" lon="6.90503">
        <ele>1234</ele>
        <extensions>
          <distance>5733</distance>
        </extensions>
      </trkpt>
      <trkpt lat="45.95374" lon="6.90508">
        <ele>1236</ele>
        <extensions>
          <distance>5741</distance>
        </extensions>
      </trkpt>
      <trkpt lat="45.95381" lon="6.90517">
        <ele>1236</ele>
        <extensions>
          <distance>5751</distance>
        </extensions>
      </trkpt>
      <trkpt lat="45.95386" lon="6.90521">
        <ele>1236</ele>
        <extensions>
          <distance>5758</distance>
        </extensions>
      </trkpt>
      <trkpt lat="45.95404" lon="6.90531">
        <ele>1236</ele>
        <extensions>
          <distance>5779</distance>
        </extensions>
      </trkpt>
      <trkpt lat="45.95414" lon="6.90535">
        <ele>1235</ele>
        <extensions>
          <distance>5791</distance>
        </extensions>
      </trkpt>
      <trkpt lat="45.95423" lon="6.90541">
        <ele>1234</ele>
        <extensions>
          <distance>5802</distance>
        </extensions>
      </trkpt>
      <trkpt lat="45.95429" lon="6.90543">
        <ele>1234</ele>
        <extensions>
          <distance>5808</distance>
        </extensions>
      </trkpt>
      <trkpt lat="45.95434" lon="6.90547">
        <ele>1233</ele>
        <extensions>
          <distance>5815</distance>
        </extensions>
      </trkpt>
      <trkpt lat="45.95437" lon="6.90548">
        <ele>1233</ele>
        <extensions>
          <distance>5818</distance>
        </extensions>
      </trkpt>
      <trkpt lat="45.95457" lon="6.90545">
        <ele>1231</ele>
        <extensions>
          <distance>5841</distance>
        </extensions>
      </trkpt>
      <trkpt lat="45.9546" lon="6.90542">
        <ele>1231</ele>
        <extensions>
          <distance>5845</distance>
        </extensions>
      </trkpt>
      <trkpt lat="45.95467" lon="6.90539">
        <ele>1230</ele>
        <extensions>
          <distance>5853</distance>
        </extensions>
      </trkpt>
      <trkpt lat="45.95469" lon="6.90537">
        <ele>1230</ele>
        <extensions>
          <distance>5856</distance>
        </extensions>
      </trkpt>
      <trkpt lat="45.95476" lon="6.90536">
        <ele>1229</ele>
        <extensions>
          <distance>5863</distance>
        </extensions>
      </trkpt>
      <trkpt lat="45.95478" lon="6.90534">
        <ele>1229</ele>
        <extensions>
          <distance>5866</distance>
        </extensions>
      </trkpt>
      <trkpt lat="45.95488" lon="6.90533">
        <ele>1229</ele>
        <extensions>
          <distance>5877</distance>
        </extensions>
      </trkpt>
      <trkpt lat="45.95493" lon="6.90531">
        <ele>1228</ele>
        <extensions>
          <distance>5883</distance>
        </extensions>
      </trkpt>
      <trkpt lat="45.95506" lon="6.90529">
        <ele>1228</ele>
        <extensions>
          <distance>5898</distance>
        </extensions>
      </trkpt>
      <trkpt lat="45.9552" lon="6.90528">
        <ele>1227</ele>
        <extensions>
          <distance>5913</distance>
        </extensions>
      </trkpt>
      <trkpt lat="45.95536" lon="6.90524">
        <ele>1226</ele>
        <extensions>
          <distance>5931</distance>
        </extensions>
      </trkpt>
      <trkpt lat="45.95553" lon="6.90525">
        <ele>1225</ele>
        <extensions>
          <distance>5950</distance>
        </extensions>
      </trkpt>
      <trkpt lat="45.95565" lon="6.90527">
        <ele>1223</ele>
        <extensions>
          <distance>5964</distance>
        </extensions>
      </trkpt>
      <trkpt lat="45.95588" lon="6.90526">
        <ele>1221</ele>
        <extensions>
          <distance>5989</distance>
        </extensions>
      </trkpt>
      <trkpt lat="45.95594" lon="6.90524">
        <ele>1220</ele>
        <extensions>
          <distance>5996</distance>
        </extensions>
      </trkpt>
      <trkpt lat="45.95598" lon="6.90524">
        <ele>1220</ele>
        <extensions>
          <distance>6001</distance>
        </extensions>
      </trkpt>
      <trkpt lat="45.95608" lon="6.90526">
        <ele>1219</ele>
        <extensions>
          <distance>6012</distance>
        </extensions>
      </trkpt>
      <trkpt lat="45.95623" lon="6.90527">
        <ele>1218</ele>
        <extensions>
          <distance>6029</distance>
        </extensions>
      </trkpt>
      <trkpt lat="45.95638" lon="6.90528">
        <ele>1217</ele>
        <extensions>
          <distance>6045</distance>
        </extensions>
      </trkpt>
      <trkpt lat="45.95654" lon="6.90524">
        <ele>1217</ele>
        <extensions>
          <distance>6064</distance>
        </extensions>
      </trkpt>
      <trkpt lat="45.9567" lon="6.90518">
        <ele>1217</ele>
        <extensions>
          <distance>6082</distance>
        </extensions>
      </trkpt>
      <trkpt lat="45.95674" lon="6.90518">
        <ele>1217</ele>
        <extensions>
          <distance>6086</distance>
        </extensions>
      </trkpt>
      <trkpt lat="45.95695" lon="6.9051">
        <ele>1217</ele>
        <extensions>
          <distance>6110</distance>
        </extensions>
      </trkpt>
      <trkpt lat="45.95699" lon="6.9051">
        <ele>1217</ele>
        <extensions>
          <distance>6115</distance>
        </extensions>
      </trkpt>
      <trkpt lat="45.95705" lon="6.90508">
        <ele>1217</ele>
        <extensions>
          <distance>6122</distance>
        </extensions>
      </trkpt>
      <trkpt lat="45.95716" lon="6.90508">
        <ele>1217</ele>
        <extensions>
          <distance>6134</distance>
        </extensions>
      </trkpt>
      <trkpt lat="45.95719" lon="6.9051">
        <ele>1217</ele>
        <extensions>
          <distance>6138</distance>
        </extensions>
      </trkpt>
      <trkpt lat="45.95722" lon="6.90513">
        <ele>1217</ele>
        <extensions>
          <distance>6142</distance>
        </extensions>
      </trkpt>
      <trkpt lat="45.95726" lon="6.90521">
        <ele>1216</ele>
        <extensions>
          <distance>6149</distance>
        </extensions>
      </trkpt>
      <trkpt lat="45.95728" lon="6.90531">
        <ele>1215</ele>
        <extensions>
          <distance>6157</distance>
        </extensions>
      </trkpt>
      <trkpt lat="45.95724" lon="6.90539">
        <ele>1215</ele>
        <extensions>
          <distance>6165</distance>
        </extensions>
      </trkpt>
      <trkpt lat="45.9572" lon="6.90542">
        <ele>1215</ele>
        <extensions>
          <distance>6170</distance>
        </extensions>
      </trkpt>
      <trkpt lat="45.95717" lon="6.90543">
        <ele>1215</ele>
        <extensions>
          <distance>6174</distance>
        </extensions>
      </trkpt>
      <trkpt lat="45.9571" lon="6.90542">
        <ele>1215</ele>
        <extensions>
          <distance>6181</distance>
        </extensions>
      </trkpt>
      <trkpt lat="45.957" lon="6.90538">
        <ele>1215</ele>
        <extensions>
          <distance>6193</distance>
        </extensions>
      </trkpt>
      <trkpt lat="45.95693" lon="6.90538">
        <ele>1215</ele>
        <extensions>
          <distance>6201</distance>
        </extensions>
      </trkpt>
      <trkpt lat="45.9569" lon="6.90537">
        <ele>1215</ele>
        <extensions>
          <distance>6204</distance>
        </extensions>
      </trkpt>
      <trkpt lat="45.95683" lon="6.90538">
        <ele>1215</ele>
        <extensions>
          <distance>6212</distance>
        </extensions>
      </trkpt>
      <trkpt lat="45.9568" lon="6.9054">
        <ele>1215</ele>
        <extensions>
          <distance>6216</distance>
        </extensions>
      </trkpt>
      <trkpt lat="45.9567" lon="6.90543">
        <ele>1214</ele>
        <extensions>
          <distance>6227</distance>
        </extensions>
      </trkpt>
      <trkpt lat="45.95649" lon="6.90555">
        <ele>1213</ele>
        <extensions>
          <distance>6252</distance>
        </extensions>
      </trkpt>
      <trkpt lat="45.95627" lon="6.90567">
        <ele>1211</ele>
        <extensions>
          <distance>6278</distance>
        </extensions>
      </trkpt>
      <trkpt lat="45.95625" lon="6.9057">
        <ele>1211</ele>
        <extensions>
          <distance>6282</distance>
        </extensions>
      </trkpt>
      <trkpt lat="45.95611" lon="6.90581">
        <ele>1211</ele>
        <extensions>
          <distance>6299</distance>
        </extensions>
      </trkpt>
      <trkpt lat="45.95609" lon="6.90584">
        <ele>1211</ele>
        <extensions>
          <distance>6303</distance>
        </extensions>
      </trkpt>
      <trkpt lat="45.95595" lon="6.90597">
        <ele>1211</ele>
        <extensions>
          <distance>6321</distance>
        </extensions>
      </trkpt>
      <trkpt lat="45.95591" lon="6.90604">
        <ele>1210</ele>
        <extensions>
          <distance>6328</distance>
        </extensions>
      </trkpt>
      <trkpt lat="45.95588" lon="6.90615">
        <ele>1210</ele>
        <extensions>
          <distance>6337</distance>
        </extensions>
      </trkpt>
      <trkpt lat="45.95589" lon="6.90624">
        <ele>1208</ele>
        <extensions>
          <distance>6344</distance>
        </extensions>
      </trkpt>
      <trkpt lat="45.95595" lon="6.90635">
        <ele>1206</ele>
        <extensions>
          <distance>6355</distance>
        </extensions>
      </trkpt>
      <trkpt lat="45.956" lon="6.90639">
        <ele>1206</ele>
        <extensions>
          <distance>6362</distance>
        </extensions>
      </trkpt>
      <trkpt lat="45.95603" lon="6.90637">
        <ele>1205</ele>
        <extensions>
          <distance>6365</distance>
        </extensions>
      </trkpt>
      <trkpt lat="45.95618" lon="6.90633">
        <ele>1204</ele>
        <extensions>
          <distance>6382</distance>
        </extensions>
      </trkpt>
      <trkpt lat="45.95634" lon="6.90629">
        <ele>1203</ele>
        <extensions>
          <distance>6400</distance>
        </extensions>
      </trkpt>
      <trkpt lat="45.9564" lon="6.90629">
        <ele>1203</ele>
        <extensions>
          <distance>6407</distance>
        </extensions>
      </trkpt>
      <trkpt lat="45.95643" lon="6.9063">
        <ele>1203</ele>
        <extensions>
          <distance>6411</distance>
        </extensions>
      </trkpt>
      <trkpt lat="45.95659" lon="6.90629">
        <ele>1202</ele>
        <extensions>
          <distance>6428</distance>
        </extensions>
      </trkpt>
      <trkpt lat="45.95674" lon="6.90625">
        <ele>1202</ele>
        <extensions>
          <distance>6445</distance>
        </extensions>
      </trkpt>
      <trkpt lat="45.95687" lon="6.90623">
        <ele>1202</ele>
        <extensions>
          <distance>6460</distance>
        </extensions>
      </trkpt>
      <trkpt lat="45.9569" lon="6.90623">
        <ele>1202</ele>
        <extensions>
          <distance>6463</distance>
        </extensions>
      </trkpt>
      <trkpt lat="45.95693" lon="6.90625">
        <ele>1201</ele>
        <extensions>
          <distance>6467</distance>
        </extensions>
      </trkpt>
      <trkpt lat="45.957" lon="6.90627">
        <ele>1201</ele>
        <extensions>
          <distance>6475</distance>
        </extensions>
      </trkpt>
      <trkpt lat="45.95726" lon="6.90628">
        <ele>1201</ele>
        <extensions>
          <distance>6504</distance>
        </extensions>
      </trkpt>
      <trkpt lat="45.9573" lon="6.90631">
        <ele>1201</ele>
        <extensions>
          <distance>6509</distance>
        </extensions>
      </trkpt>
      <trkpt lat="45.95734" lon="6.90653">
        <ele>1200</ele>
        <extensions>
          <distance>6526</distance>
        </extensions>
      </trkpt>
      <trkpt lat="45.95737" lon="6.90663">
        <ele>1200</ele>
        <extensions>
          <distance>6535</distance>
        </extensions>
      </trkpt>
      <trkpt lat="45.95737" lon="6.90672">
        <ele>1200</ele>
        <extensions>
          <distance>6542</distance>
        </extensions>
      </trkpt>
      <trkpt lat="45.95739" lon="6.90685">
        <ele>1200</ele>
        <extensions>
          <distance>6552</distance>
        </extensions>
      </trkpt>
      <trkpt lat="45.95746" lon="6.9071">
        <ele>1200</ele>
        <extensions>
          <distance>6573</distance>
        </extensions>
      </trkpt>
      <trkpt lat="45.95752" lon="6.90722">
        <ele>1200</ele>
        <extensions>
          <distance>6584</distance>
        </extensions>
      </trkpt>
      <trkpt lat="45.95761" lon="6.90735">
        <ele>1200</ele>
        <extensions>
          <distance>6599</distance>
        </extensions>
      </trkpt>
      <trkpt lat="45.95764" lon="6.90742">
        <ele>1201</ele>
        <extensions>
          <distance>6605</distance>
        </extensions>
      </trkpt>
      <trkpt lat="45.95773" lon="6.90756">
        <ele>1201</ele>
        <extensions>
          <distance>6620</distance>
        </extensions>
      </trkpt>
      <trkpt lat="45.95781" lon="6.90775">
        <ele>1202</ele>
        <extensions>
          <distance>6637</distance>
        </extensions>
      </trkpt>
      <trkpt lat="45.9579" lon="6.90793">
        <ele>1203</ele>
        <extensions>
          <distance>6654</distance>
        </extensions>
      </trkpt>
      <trkpt lat="45.95791" lon="6.90798">
        <ele>1203</ele>
        <extensions>
          <distance>6658</distance>
        </extensions>
      </trkpt>
      <trkpt lat="45.95795" lon="6.90805">
        <ele>1203</ele>
        <extensions>
          <distance>6665</distance>
        </extensions>
      </trkpt>
      <trkpt lat="45.95799" lon="6.90816">
        <ele>1204</ele>
        <extensions>
          <distance>6675</distance>
        </extensions>
      </trkpt>
      <trkpt lat="45.95811" lon="6.90832">
        <ele>1204</ele>
        <extensions>
          <distance>6693</distance>
        </extensions>
      </trkpt>
      <trkpt lat="45.95812" lon="6.90836">
        <ele>1204</ele>
        <extensions>
          <distance>6696</distance>
        </extensions>
      </trkpt>
      <trkpt lat="45.9582" lon="6.90849">
        <ele>1205</ele>
        <extensions>
          <distance>6710</distance>
        </extensions>
      </trkpt>
      <trkpt lat="45.9583" lon="6.90871">
        <ele>1206</ele>
        <extensions>
          <distance>6730</distance>
        </extensions>
      </trkpt>
      <trkpt lat="45.9584" lon="6.90886">
        <ele>1207</ele>
        <extensions>
          <distance>6746</distance>
        </extensions>
      </trkpt>
      <trkpt lat="45.95856" lon="6.90905">
        <ele>1208</ele>
        <extensions>
          <distance>6769</distance>
        </extensions>
      </trkpt>
      <trkpt lat="45.9587" lon="6.90925">
        <ele>1209</ele>
        <extensions>
          <distance>6791</distance>
        </extensions>
      </trkpt>
      <trkpt lat="45.95883" lon="6.90939">
        <ele>1210</ele>
        <extensions>
          <distance>6809</distance>
        </extensions>
      </trkpt>
      <trkpt lat="45.95895" lon="6.90954">
        <ele>1210</ele>
        <extensions>
          <distance>6827</distance>
        </extensions>
      </trkpt>
      <trkpt lat="45.9591" lon="6.90975">
        <ele>1211</ele>
        <extensions>
          <distance>6851</distance>
        </extensions>
      </trkpt>
      <trkpt lat="45.95931" lon="6.90998">
        <ele>1214</ele>
        <extensions>
          <distance>6880</distance>
        </extensions>
      </trkpt>
      <trkpt lat="45.95946" lon="6.91009">
        <ele>1215</ele>
        <extensions>
          <distance>6899</distance>
        </extensions>
      </trkpt>
      <trkpt lat="45.9596" lon="6.91019">
        <ele>1217</ele>
        <extensions>
          <distance>6916</distance>
        </extensions>
      </trkpt>
      <trkpt lat="45.95975" lon="6.91026">
        <ele>1218</ele>
        <extensions>
          <distance>6934</distance>
        </extensions>
      </trkpt>
      <trkpt lat="45.95983" lon="6.91033">
        <ele>1219</ele>
        <extensions>
          <distance>6944</distance>
        </extensions>
      </trkpt>
      <trkpt lat="45.95987" lon="6.91038">
        <ele>1219</ele>
        <extensions>
          <distance>6950</distance>
        </extensions>
      </trkpt>
      <trkpt lat="45.95988" lon="6.91041">
        <ele>1220</ele>
        <extensions>
          <distance>6953</distance>
        </extensions>
      </trkpt>
      <trkpt lat="45.95994" lon="6.91044">
        <ele>1220</ele>
        <extensions>
          <distance>6960</distance>
        </extensions>
      </trkpt>
      <trkpt lat="45.95999" lon="6.91048">
        <ele>1221</ele>
        <extensions>
          <distance>6966</distance>
        </extensions>
      </trkpt>
      <trkpt lat="45.96006" lon="6.91061">
        <ele>1222</ele>
        <extensions>
          <distance>6979</distance>
        </extensions>
      </trkpt>
      <trkpt lat="45.9601" lon="6.91078">
        <ele>1225</ele>
        <extensions>
          <distance>6993</distance>
        </extensions>
      </trkpt>
      <trkpt lat="45.96017" lon="6.91086">
        <ele>1227</ele>
        <extensions>
          <distance>7003</distance>
        </extensions>
      </trkpt>
      <trkpt lat="45.96023" lon="6.9109">
        <ele>1227</ele>
        <extensions>
          <distance>7010</distance>
        </extensions>
      </trkpt>
      <trkpt lat="45.96033" lon="6.91108">
        <ele>1231</ele>
        <extensions>
          <distance>7029</distance>
        </extensions>
      </trkpt>
      <trkpt lat="45.96039" lon="6.91113">
        <ele>1232</ele>
        <extensions>
          <distance>7037</distance>
        </extensions>
      </trkpt>
      <trkpt lat="45.96042" lon="6.91114">
        <ele>1232</ele>
        <extensions>
          <distance>7040</distance>
        </extensions>
      </trkpt>
      <trkpt lat="45.96054" lon="6.91128">
        <ele>1234</ele>
        <extensions>
          <distance>7057</distance>
        </extensions>
      </trkpt>
      <trkpt lat="45.96064" lon="6.91142">
        <ele>1235</ele>
        <extensions>
          <distance>7073</distance>
        </extensions>
      </trkpt>
      <trkpt lat="45.96067" lon="6.91148">
        <ele>1235</ele>
        <extensions>
          <distance>7079</distance>
        </extensions>
      </trkpt>
      <trkpt lat="45.9607" lon="6.9115">
        <ele>1235</ele>
        <extensions>
          <distance>7082</distance>
        </extensions>
      </trkpt>
      <trkpt lat="45.9608" lon="6.91164">
        <ele>1236</ele>
        <extensions>
          <distance>7098</distance>
        </extensions>
      </trkpt>
      <trkpt lat="45.96083" lon="6.91166">
        <ele>1236</ele>
        <extensions>
          <distance>7101</distance>
        </extensions>
      </trkpt>
      <trkpt lat="45.96097" lon="6.91181">
        <ele>1236</ele>
        <extensions>
          <distance>7121</distance>
        </extensions>
      </trkpt>
      <trkpt lat="45.96106" lon="6.91187">
        <ele>1236</ele>
        <extensions>
          <distance>7132</distance>
        </extensions>
      </trkpt>
      <trkpt lat="45.96118" lon="6.912">
        <ele>1237</ele>
        <extensions>
          <distance>7149</distance>
        </extensions>
      </trkpt>
      <trkpt lat="45.96135" lon="6.91216">
        <ele>1238</ele>
        <extensions>
          <distance>7171</distance>
        </extensions>
      </trkpt>
      <trkpt lat="45.96153" lon="6.91228">
        <ele>1239</ele>
        <extensions>
          <distance>7193</distance>
        </extensions>
      </trkpt>
      <trkpt lat="45.96156" lon="6.91229">
        <ele>1239</ele>
        <extensions>
          <distance>7197</distance>
        </extensions>
      </trkpt>
      <trkpt lat="45.96174" lon="6.91243">
        <ele>1241</ele>
        <extensions>
          <distance>7220</distance>
        </extensions>
      </trkpt>
      <trkpt lat="45.96176" lon="6.91246">
        <ele>1241</ele>
        <extensions>
          <distance>7223</distance>
        </extensions>
      </trkpt>
      <trkpt lat="45.96181" lon="6.91249">
        <ele>1242</ele>
        <extensions>
          <distance>7229</distance>
        </extensions>
      </trkpt>
      <trkpt lat="45.96183" lon="6.91249">
        <ele>1242</ele>
        <extensions>
          <distance>7231</distance>
        </extensions>
      </trkpt>
      <trkpt lat="45.96185" lon="6.91251">
        <ele>1242</ele>
        <extensions>
          <distance>7234</distance>
        </extensions>
      </trkpt>
      <trkpt lat="45.96188" lon="6.91251">
        <ele>1243</ele>
        <extensions>
          <distance>7237</distance>
        </extensions>
      </trkpt>
      <trkpt lat="45.96194" lon="6.91253">
        <ele>1243</ele>
        <extensions>
          <distance>7244</distance>
        </extensions>
      </trkpt>
      <trkpt lat="45.9621" lon="6.91253">
        <ele>1245</ele>
        <extensions>
          <distance>7262</distance>
        </extensions>
      </trkpt>
      <trkpt lat="45.96212" lon="6.91254">
        <ele>1245</ele>
        <extensions>
          <distance>7264</distance>
        </extensions>
      </trkpt>
      <trkpt lat="45.96218" lon="6.91254">
        <ele>1246</ele>
        <extensions>
          <distance>7271</distance>
        </extensions>
      </trkpt>
      <trkpt lat="45.9622" lon="6.91256">
        <ele>1246</ele>
        <extensions>
          <distance>7274</distance>
        </extensions>
      </trkpt>
      <trkpt lat="45.96222" lon="6.91262">
        <ele>1247</ele>
        <extensions>
          <distance>7279</distance>
        </extensions>
      </trkpt>
      <trkpt lat="45.96226" lon="6.91268">
        <ele>1248</ele>
        <extensions>
          <distance>7286</distance>
        </extensions>
      </trkpt>
      <trkpt lat="45.96232" lon="6.91272">
        <ele>1249</ele>
        <extensions>
          <distance>7293</distance>
        </extensions>
      </trkpt>
      <trkpt lat="45.96238" lon="6.9128">
        <ele>1251</ele>
        <extensions>
          <distance>7302</distance>
        </extensions>
      </trkpt>
      <trkpt lat="45.96241" lon="6.9128">
        <ele>1251</ele>
        <extensions>
          <distance>7306</distance>
        </extensions>
      </trkpt>
      <trkpt lat="45.9626" lon="6.91291">
        <ele>1253</ele>
        <extensions>
          <distance>7328</distance>
        </extensions>
      </trkpt>
      <trkpt lat="45.96274" lon="6.91313">
        <ele>1256</ele>
        <extensions>
          <distance>7352</distance>
        </extensions>
      </trkpt>
      <trkpt lat="45.96285" lon="6.91326">
        <ele>1258</ele>
        <extensions>
          <distance>7368</distance>
        </extensions>
      </trkpt>
      <trkpt lat="45.96292" lon="6.91338">
        <ele>1260</ele>
        <extensions>
          <distance>7380</distance>
        </extensions>
      </trkpt>
      <trkpt lat="45.96295" lon="6.91339">
        <ele>1260</ele>
        <extensions>
          <distance>7383</distance>
        </extensions>
      </trkpt>
      <trkpt lat="45.96306" lon="6.91351">
        <ele>1262</ele>
        <extensions>
          <distance>7399</distance>
        </extensions>
      </trkpt>
      <trkpt lat="45.96323" lon="6.91363">
        <ele>1262</ele>
        <extensions>
          <distance>7420</distance>
        </extensions>
      </trkpt>
      <trkpt lat="45.96326" lon="6.91373">
        <ele>1262</ele>
        <extensions>
          <distance>7428</distance>
        </extensions>
      </trkpt>
      <trkpt lat="45.96342" lon="6.91391">
        <ele>1263</ele>
        <extensions>
          <distance>7451</distance>
        </extensions>
      </trkpt>
      <trkpt lat="45.96347" lon="6.91403">
        <ele>1264</ele>
        <extensions>
          <distance>7462</distance>
        </extensions>
      </trkpt>
      <trkpt lat="45.96352" lon="6.91409">
        <ele>1264</ele>
        <extensions>
          <distance>7469</distance>
        </extensions>
      </trkpt>
      <trkpt lat="45.96355" lon="6.91417">
        <ele>1264</ele>
        <extensions>
          <distance>7476</distance>
        </extensions>
      </trkpt>
      <trkpt lat="45.96355" lon="6.9142">
        <ele>1265</ele>
        <extensions>
          <distance>7478</distance>
        </extensions>
      </trkpt>
      <trkpt lat="45.96359" lon="6.91425">
        <ele>1265</ele>
        <extensions>
          <distance>7484</distance>
        </extensions>
      </trkpt>
      <trkpt lat="45.96359" lon="6.91429">
        <ele>1266</ele>
        <extensions>
          <distance>7487</distance>
        </extensions>
      </trkpt>
      <trkpt lat="45.96377" lon="6.91456">
        <ele>1267</ele>
        <extensions>
          <distance>7516</distance>
        </extensions>
      </trkpt>
      <trkpt lat="45.96383" lon="6.91467">
        <ele>1267</ele>
        <extensions>
          <distance>7527</distance>
        </extensions>
      </trkpt>
      <trkpt lat="45.96388" lon="6.91474">
        <ele>1268</ele>
        <extensions>
          <distance>7535</distance>
        </extensions>
      </trkpt>
      <trkpt lat="45.96396" lon="6.91481">
        <ele>1268</ele>
        <extensions>
          <distance>7545</distance>
        </extensions>
      </trkpt>
      <trkpt lat="45.96399" lon="6.91486">
        <ele>1269</ele>
        <extensions>
          <distance>7551</distance>
        </extensions>
      </trkpt>
      <trkpt lat="45.96399" lon="6.91496">
        <ele>1271</ele>
        <extensions>
          <distance>7558</distance>
        </extensions>
      </trkpt>
      <trkpt lat="45.964" lon="6.915">
        <ele>1271</ele>
        <extensions>
          <distance>7562</distance>
        </extensions>
      </trkpt>
      <trkpt lat="45.96399" lon="6.91504">
        <ele>1271</ele>
        <extensions>
          <distance>7565</distance>
        </extensions>
      </trkpt>
      <trkpt lat="45.96404" lon="6.91511">
        <ele>1271</ele>
        <extensions>
          <distance>7573</distance>
        </extensions>
      </trkpt>
      <trkpt lat="45.96407" lon="6.91512">
        <ele>1271</ele>
        <extensions>
          <distance>7576</distance>
        </extensions>
      </trkpt>
      <trkpt lat="45.96411" lon="6.91516">
        <ele>1271</ele>
        <extensions>
          <distance>7582</distance>
        </extensions>
      </trkpt>
      <trkpt lat="45.96415" lon="6.91517">
        <ele>1271</ele>
        <extensions>
          <distance>7586</distance>
        </extensions>
      </trkpt>
      <trkpt lat="45.9642" lon="6.91515">
        <ele>1269</ele>
        <extensions>
          <distance>7592</distance>
        </extensions>
      </trkpt>
      <trkpt lat="45.96421" lon="6.91519">
        <ele>1269</ele>
        <extensions>
          <distance>7595</distance>
        </extensions>
      </trkpt>
      <trkpt lat="45.96424" lon="6.91523">
        <ele>1269</ele>
        <extensions>
          <distance>7600</distance>
        </extensions>
      </trkpt>
      <trkpt lat="45.96432" lon="6.91531">
        <ele>1269</ele>
        <extensions>
          <distance>7611</distance>
        </extensions>
      </trkpt>
      <trkpt lat="45.96442" lon="6.91548">
        <ele>1271</ele>
        <extensions>
          <distance>7628</distance>
        </extensions>
      </trkpt>
      <trkpt lat="45.96442" lon="6.91557">
        <ele>1273</ele>
        <extensions>
          <distance>7635</distance>
        </extensions>
      </trkpt>
      <trkpt lat="45.96444" lon="6.9156">
        <ele>1273</ele>
        <extensions>
          <distance>7638</distance>
        </extensions>
      </trkpt>
      <trkpt lat="45.96446" lon="6.91559">
        <ele>1275</ele>
        <extensions>
          <distance>7640</distance>
        </extensions>
      </trkpt>
      <trkpt lat="45.96448" lon="6.91561">
        <ele>1275</ele>
        <extensions>
          <distance>7643</distance>
        </extensions>
      </trkpt>
      <trkpt lat="45.96454" lon="6.91575">
        <ele>1277</ele>
        <extensions>
          <distance>7656</distance>
        </extensions>
      </trkpt>
      <trkpt lat="45.96461" lon="6.91587">
        <ele>1280</ele>
        <extensions>
          <distance>7669</distance>
        </extensions>
      </trkpt>
      <trkpt lat="45.96473" lon="6.91596">
        <ele>1280</ele>
        <extensions>
          <distance>7684</distance>
        </extensions>
      </trkpt>
      <trkpt lat="45.96475" lon="6.91599">
        <ele>1281</ele>
        <extensions>
          <distance>7687</distance>
        </extensions>
      </trkpt>
      <trkpt lat="45.96476" lon="6.91603">
        <ele>1283</ele>
        <extensions>
          <distance>7691</distance>
        </extensions>
      </trkpt>
      <trkpt lat="45.96481" lon="6.91611">
        <ele>1283</ele>
        <extensions>
          <distance>7699</distance>
        </extensions>
      </trkpt>
      <trkpt lat="45.96493" lon="6.91622">
        <ele>1285</ele>
        <extensions>
          <distance>7715</distance>
        </extensions>
      </trkpt>
      <trkpt lat="45.96497" lon="6.91625">
        <ele>1285</ele>
        <extensions>
          <distance>7720</distance>
        </extensions>
      </trkpt>
      <trkpt lat="45.96504" lon="6.91626">
        <ele>1285</ele>
        <extensions>
          <distance>7727</distance>
        </extensions>
      </trkpt>
      <trkpt lat="45.96507" lon="6.91629">
        <ele>1285</ele>
        <extensions>
          <distance>7732</distance>
        </extensions>
      </trkpt>
      <trkpt lat="45.96513" lon="6.91632">
        <ele>1284</ele>
        <extensions>
          <distance>7739</distance>
        </extensions>
      </trkpt>
      <trkpt lat="45.96524" lon="6.91644">
        <ele>1283</ele>
        <extensions>
          <distance>7754</distance>
        </extensions>
      </trkpt>
      <trkpt lat="45.96535" lon="6.91656">
        <ele>1284</ele>
        <extensions>
          <distance>7769</distance>
        </extensions>
      </trkpt>
      <trkpt lat="45.96543" lon="6.91662">
        <ele>1284</ele>
        <extensions>
          <distance>7779</distance>
        </extensions>
      </trkpt>
      <trkpt lat="45.96546" lon="6.91662">
        <ele>1284</ele>
        <extensions>
          <distance>7783</distance>
        </extensions>
      </trkpt>
      <trkpt lat="45.96544" lon="6.91664">
        <ele>1283</ele>
        <extensions>
          <distance>7785</distance>
        </extensions>
      </trkpt>
      <trkpt lat="45.96547" lon="6.91663">
        <ele>1283</ele>
        <extensions>
          <distance>7789</distance>
        </extensions>
      </trkpt>
      <trkpt lat="45.96556" lon="6.91669">
        <ele>1283</ele>
        <extensions>
          <distance>7800</distance>
        </extensions>
      </trkpt>
      <trkpt lat="45.96559" lon="6.9167">
        <ele>1282</ele>
        <extensions>
          <distance>7803</distance>
        </extensions>
      </trkpt>
      <trkpt lat="45.96564" lon="6.91676">
        <ele>1282</ele>
        <extensions>
          <distance>7811</distance>
        </extensions>
      </trkpt>
      <trkpt lat="45.96569" lon="6.91686">
        <ele>1282</ele>
        <extensions>
          <distance>7820</distance>
        </extensions>
      </trkpt>
      <trkpt lat="45.96578" lon="6.91692">
        <ele>1284</ele>
        <extensions>
          <distance>7831</distance>
        </extensions>
      </trkpt>
      <trkpt lat="45.96579" lon="6.91695">
        <ele>1284</ele>
        <extensions>
          <distance>7834</distance>
        </extensions>
      </trkpt>
      <trkpt lat="45.96596" lon="6.91711">
        <ele>1284</ele>
        <extensions>
          <distance>7856</distance>
        </extensions>
      </trkpt>
      <trkpt lat="45.96599" lon="6.91717">
        <ele>1285</ele>
        <extensions>
          <distance>7862</distance>
        </extensions>
      </trkpt>
      <trkpt lat="45.96603" lon="6.91718">
        <ele>1285</ele>
        <extensions>
          <distance>7867</distance>
        </extensions>
      </trkpt>
      <trkpt lat="45.96614" lon="6.91728">
        <ele>1286</ele>
        <extensions>
          <distance>7881</distance>
        </extensions>
      </trkpt>
      <trkpt lat="45.96622" lon="6.91744">
        <ele>1291</ele>
        <extensions>
          <distance>7897</distance>
        </extensions>
      </trkpt>
      <trkpt lat="45.96626" lon="6.91749">
        <ele>1291</ele>
        <extensions>
          <distance>7903</distance>
        </extensions>
      </trkpt>
      <trkpt lat="45.96634" lon="6.91768">
        <ele>1293</ele>
        <extensions>
          <distance>7920</distance>
        </extensions>
      </trkpt>
      <trkpt lat="45.96639" lon="6.91777">
        <ele>1293</ele>
        <extensions>
          <distance>7929</distance>
        </extensions>
      </trkpt>
      <trkpt lat="45.96641" lon="6.91778">
        <ele>1294</ele>
        <extensions>
          <distance>7932</distance>
        </extensions>
      </trkpt>
      <trkpt lat="45.96648" lon="6.91786">
        <ele>1294</ele>
        <extensions>
          <distance>7942</distance>
        </extensions>
      </trkpt>
      <trkpt lat="45.96654" lon="6.91799">
        <ele>1294</ele>
        <extensions>
          <distance>7954</distance>
        </extensions>
      </trkpt>
      <trkpt lat="45.96659" lon="6.91814">
        <ele>1293</ele>
        <extensions>
          <distance>7967</distance>
        </extensions>
      </trkpt>
      <trkpt lat="45.96659" lon="6.91806">
        <ele>1293</ele>
        <extensions>
          <distance>7973</distance>
        </extensions>
      </trkpt>
      <trkpt lat="45.96661" lon="6.91801">
        <ele>1292</ele>
        <extensions>
          <distance>7977</distance>
        </extensions>
      </trkpt>
      <trkpt lat="45.96668" lon="6.91799">
        <ele>1284</ele>
        <extensions>
          <distance>7986</distance>
        </extensions>
      </trkpt>
      <trkpt lat="45.96672" lon="6.91799">
        <ele>1284</ele>
        <extensions>
          <distance>7990</distance>
        </extensions>
      </trkpt>
      <trkpt lat="45.96679" lon="6.91803">
        <ele>1283</ele>
        <extensions>
          <distance>7999</distance>
        </extensions>
      </trkpt>
      <trkpt lat="45.96684" lon="6.91811">
        <ele>1283</ele>
        <extensions>
          <distance>8007</distance>
        </extensions>
      </trkpt>
      <trkpt lat="45.96692" lon="6.91829">
        <ele>1283</ele>
        <extensions>
          <distance>8024</distance>
        </extensions>
      </trkpt>
      <trkpt lat="45.96694" lon="6.91831">
        <ele>1284</ele>
        <extensions>
          <distance>8026</distance>
        </extensions>
      </trkpt>
      <trkpt lat="45.96698" lon="6.91847">
        <ele>1286</ele>
        <extensions>
          <distance>8040</distance>
        </extensions>
      </trkpt>
      <trkpt lat="45.96701" lon="6.9185">
        <ele>1286</ele>
        <extensions>
          <distance>8044</distance>
        </extensions>
      </trkpt>
      <trkpt lat="45.96704" lon="6.91852">
        <ele>1286</ele>
        <extensions>
          <distance>8047</distance>
        </extensions>
      </trkpt>
      <trkpt lat="45.96702" lon="6.91848">
        <ele>1286</ele>
        <extensions>
          <distance>8051</distance>
        </extensions>
      </trkpt>
      <trkpt lat="45.96702" lon="6.91845">
        <ele>1284</ele>
        <extensions>
          <distance>8054</distance>
        </extensions>
      </trkpt>
      <trkpt lat="45.96708" lon="6.91842">
        <ele>1280</ele>
        <extensions>
          <distance>8061</distance>
        </extensions>
      </trkpt>
      <trkpt lat="45.96724" lon="6.91852">
        <ele>1280</ele>
        <extensions>
          <distance>8080</distance>
        </extensions>
      </trkpt>
      <trkpt lat="45.96728" lon="6.91859">
        <ele>1279</ele>
        <extensions>
          <distance>8087</distance>
        </extensions>
      </trkpt>
      <trkpt lat="45.96731" lon="6.91861">
        <ele>1278</ele>
        <extensions>
          <distance>8091</distance>
        </extensions>
      </trkpt>
      <trkpt lat="45.96744" lon="6.91878">
        <ele>1277</ele>
        <extensions>
          <distance>8110</distance>
        </extensions>
      </trkpt>
      <trkpt lat="45.96759" lon="6.9189">
        <ele>1278</ele>
        <extensions>
          <distance>8130</distance>
        </extensions>
      </trkpt>
      <trkpt lat="45.96765" lon="6.91898">
        <ele>1279</ele>
        <extensions>
          <distance>8139</distance>
        </extensions>
      </trkpt>
      <trkpt lat="45.96766" lon="6.91902">
        <ele>1279</ele>
        <extensions>
          <distance>8142</distance>
        </extensions>
      </trkpt>
      <trkpt lat="45.96771" lon="6.91909">
        <ele>1279</ele>
        <extensions>
          <distance>8150</distance>
        </extensions>
      </trkpt>
      <trkpt lat="45.96774" lon="6.9191">
        <ele>1279</ele>
        <extensions>
          <distance>8153</distance>
        </extensions>
      </trkpt>
      <trkpt lat="45.96777" lon="6.91913">
        <ele>1279</ele>
        <extensions>
          <distance>8157</distance>
        </extensions>
      </trkpt>
      <trkpt lat="45.96779" lon="6.91917">
        <ele>1279</ele>
        <extensions>
          <distance>8161</distance>
        </extensions>
      </trkpt>
      <trkpt lat="45.96782" lon="6.9192">
        <ele>1279</ele>
        <extensions>
          <distance>8165</distance>
        </extensions>
      </trkpt>
      <trkpt lat="45.96789" lon="6.91924">
        <ele>1276</ele>
        <extensions>
          <distance>8173</distance>
        </extensions>
      </trkpt>
      <trkpt lat="45.96796" lon="6.91926">
        <ele>1275</ele>
        <extensions>
          <distance>8181</distance>
        </extensions>
      </trkpt>
      <trkpt lat="45.96803" lon="6.91939">
        <ele>1275</ele>
        <extensions>
          <distance>8194</distance>
        </extensions>
      </trkpt>
      <trkpt lat="45.96811" lon="6.9195">
        <ele>1273</ele>
        <extensions>
          <distance>8206</distance>
        </extensions>
      </trkpt>
      <trkpt lat="45.96814" lon="6.91951">
        <ele>1272</ele>
        <extensions>
          <distance>8210</distance>
        </extensions>
      </trkpt>
      <trkpt lat="45.96819" lon="6.9195">
        <ele>1270</ele>
        <extensions>
          <distance>8216</distance>
        </extensions>
      </trkpt>
      <trkpt lat="45.96836" lon="6.91961">
        <ele>1266</ele>
        <extensions>
          <distance>8237</distance>
        </extensions>
      </trkpt>
      <trkpt lat="45.96855" lon="6.91984">
        <ele>1265</ele>
        <extensions>
          <distance>8265</distance>
        </extensions>
      </trkpt>
      <trkpt lat="45.96858" lon="6.9199">
        <ele>1264</ele>
        <extensions>
          <distance>8270</distance>
        </extensions>
      </trkpt>
      <trkpt lat="45.96867" lon="6.92001">
        <ele>1264</ele>
        <extensions>
          <distance>8284</distance>
        </extensions>
      </trkpt>
      <trkpt lat="45.96884" lon="6.92009">
        <ele>1259</ele>
        <extensions>
          <distance>8304</distance>
        </extensions>
      </trkpt>
      <trkpt lat="45.96889" lon="6.92013">
        <ele>1259</ele>
        <extensions>
          <distance>8310</distance>
        </extensions>
      </trkpt>
      <trkpt lat="45.96893" lon="6.92019">
        <ele>1258</ele>
        <extensions>
          <distance>8317</distance>
        </extensions>
      </trkpt>
      <trkpt lat="45.96898" lon="6.92023">
        <ele>1258</ele>
        <extensions>
          <distance>8323</distance>
        </extensions>
      </trkpt>
      <trkpt lat="45.96901" lon="6.92023">
        <ele>1257</ele>
        <extensions>
          <distance>8326</distance>
        </extensions>
      </trkpt>
      <trkpt lat="45.96916" lon="6.9203">
        <ele>1250</ele>
        <extensions>
          <distance>8345</distance>
        </extensions>
      </trkpt>
      <trkpt lat="45.96925" lon="6.9204">
        <ele>1249</ele>
        <extensions>
          <distance>8358</distance>
        </extensions>
      </trkpt>
      <trkpt lat="45.96934" lon="6.92046">
        <ele>1249</ele>
        <extensions>
          <distance>8369</distance>
        </extensions>
      </trkpt>
      <trkpt lat="45.96936" lon="6.92049">
        <ele>1248</ele>
        <extensions>
          <distance>8372</distance>
        </extensions>
      </trkpt>
      <trkpt lat="45.96939" lon="6.92051">
        <ele>1248</ele>
        <extensions>
          <distance>8375</distance>
        </extensions>
      </trkpt>
      <trkpt lat="45.96943" lon="6.92056">
        <ele>1248</ele>
        <extensions>
          <distance>8381</distance>
        </extensions>
      </trkpt>
      <trkpt lat="45.96946" lon="6.92064">
        <ele>1249</ele>
        <extensions>
          <distance>8388</distance>
        </extensions>
      </trkpt>
      <trkpt lat="45.9695" lon="6.9207">
        <ele>1250</ele>
        <extensions>
          <distance>8395</distance>
        </extensions>
      </trkpt>
      <trkpt lat="45.96952" lon="6.92078">
        <ele>1251</ele>
        <extensions>
          <distance>8401</distance>
        </extensions>
      </trkpt>
      <trkpt lat="45.96963" lon="6.92092">
        <ele>1252</ele>
        <extensions>
          <distance>8418</distance>
        </extensions>
      </trkpt>
      <trkpt lat="45.96966" lon="6.92101">
        <ele>1256</ele>
        <extensions>
          <distance>8426</distance>
        </extensions>
      </trkpt>
      <trkpt lat="45.96964" lon="6.92107">
        <ele>1256</ele>
        <extensions>
          <distance>8431</distance>
        </extensions>
      </trkpt>
      <trkpt lat="45.96964" lon="6.9211">
        <ele>1256</ele>
        <extensions>
          <distance>8433</distance>
        </extensions>
      </trkpt>
      <trkpt lat="45.96963" lon="6.92105">
        <ele>1256</ele>
        <extensions>
          <distance>8437</distance>
        </extensions>
      </trkpt>
      <trkpt lat="45.96972" lon="6.92111">
        <ele>1256</ele>
        <extensions>
          <distance>8448</distance>
        </extensions>
      </trkpt>
      <trkpt lat="45.96974" lon="6.92109">
        <ele>1256</ele>
        <extensions>
          <distance>8451</distance>
        </extensions>
      </trkpt>
      <trkpt lat="45.96977" lon="6.92108">
        <ele>1251</ele>
        <extensions>
          <distance>8455</distance>
        </extensions>
      </trkpt>
      <trkpt lat="45.96987" lon="6.92111">
        <ele>1250</ele>
        <extensions>
          <distance>8466</distance>
        </extensions>
      </trkpt>
      <trkpt lat="45.9699" lon="6.92117">
        <ele>1250</ele>
        <extensions>
          <distance>8472</distance>
        </extensions>
      </trkpt>
      <trkpt lat="45.96993" lon="6.9212">
        <ele>1250</ele>
        <extensions>
          <distance>8476</distance>
        </extensions>
      </trkpt>
      <trkpt lat="45.97001" lon="6.92124">
        <ele>1249</ele>
        <extensions>
          <distance>8485</distance>
        </extensions>
      </trkpt>
      <trkpt lat="45.97009" lon="6.92134">
        <ele>1249</ele>
        <extensions>
          <distance>8497</distance>
        </extensions>
      </trkpt>
      <trkpt lat="45.97017" lon="6.92135">
        <ele>1248</ele>
        <extensions>
          <distance>8506</distance>
        </extensions>
      </trkpt>
      <trkpt lat="45.97025" lon="6.92141">
        <ele>1248</ele>
        <extensions>
          <distance>8516</distance>
        </extensions>
      </trkpt>
      <trkpt lat="45.97033" lon="6.92155">
        <ele>1248</ele>
        <extensions>
          <distance>8530</distance>
        </extensions>
      </trkpt>
      <trkpt lat="45.97037" lon="6.92159">
        <ele>1248</ele>
        <extensions>
          <distance>8536</distance>
        </extensions>
      </trkpt>
      <trkpt lat="45.97043" lon="6.92176">
        <ele>1254</ele>
        <extensions>
          <distance>8551</distance>
        </extensions>
      </trkpt>
      <trkpt lat="45.9705" lon="6.92184">
        <ele>1254</ele>
        <extensions>
          <distance>8561</distance>
        </extensions>
      </trkpt>
      <trkpt lat="45.97058" lon="6.922">
        <ele>1255</ele>
        <extensions>
          <distance>8576</distance>
        </extensions>
      </trkpt>
      <trkpt lat="45.9706" lon="6.92202">
        <ele>1255</ele>
        <extensions>
          <distance>8579</distance>
        </extensions>
      </trkpt>
      <trkpt lat="45.97066" lon="6.92216">
        <ele>1255</ele>
        <extensions>
          <distance>8592</distance>
        </extensions>
      </trkpt>
      <trkpt lat="45.9707" lon="6.92228">
        <ele>1258</ele>
        <extensions>
          <distance>8602</distance>
        </extensions>
      </trkpt>
      <trkpt lat="45.97072" lon="6.92242">
        <ele>1261</ele>
        <extensions>
          <distance>8613</distance>
        </extensions>
      </trkpt>
      <trkpt lat="45.97076" lon="6.92252">
        <ele>1262</ele>
        <extensions>
          <distance>8622</distance>
        </extensions>
      </trkpt>
      <trkpt lat="45.97078" lon="6.92277">
        <ele>1273</ele>
        <extensions>
          <distance>8644</distance>
        </extensions>
      </trkpt>
      <trkpt lat="45.9708" lon="6.92281">
        <ele>1273</ele>
        <extensions>
          <distance>8648</distance>
        </extensions>
      </trkpt>
      <trkpt lat="45.9708" lon="6.92285">
        <ele>1275</ele>
        <extensions>
          <distance>8651</distance>
        </extensions>
      </trkpt>
      <trkpt lat="45.97085" lon="6.92294">
        <ele>1275</ele>
        <extensions>
          <distance>8660</distance>
        </extensions>
      </trkpt>
      <trkpt lat="45.97087" lon="6.92296">
        <ele>1275</ele>
        <extensions>
          <distance>8663</distance>
        </extensions>
      </trkpt>
      <trkpt lat="45.97093" lon="6.92298">
        <ele>1275</ele>
        <extensions>
          <distance>8670</distance>
        </extensions>
      </trkpt>
      <trkpt lat="45.97099" lon="6.92298">
        <ele>1275</ele>
        <extensions>
          <distance>8676</distance>
        </extensions>
      </trkpt>
      <trkpt lat="45.97102" lon="6.92299">
        <ele>1275</ele>
        <extensions>
          <distance>8680</distance>
        </extensions>
      </trkpt>
      <trkpt lat="45.97111" lon="6.92305">
        <ele>1275</ele>
        <extensions>
          <distance>8691</distance>
        </extensions>
      </trkpt>
      <trkpt lat="45.97119" lon="6.92314">
        <ele>1275</ele>
        <extensions>
          <distance>8702</distance>
        </extensions>
      </trkpt>
      <trkpt lat="45.97125" lon="6.92324">
        <ele>1275</ele>
        <extensions>
          <distance>8712</distance>
        </extensions>
      </trkpt>
      <trkpt lat="45.97143" lon="6.92337">
        <ele>1277</ele>
        <extensions>
          <distance>8735</distance>
        </extensions>
      </trkpt>
      <trkpt lat="45.97151" lon="6.92345">
        <ele>1277</ele>
        <extensions>
          <distance>8746</distance>
        </extensions>
      </trkpt>
      <trkpt lat="45.97152" lon="6.92348">
        <ele>1277</ele>
        <extensions>
          <distance>8748</distance>
        </extensions>
      </trkpt>
      <trkpt lat="45.97159" lon="6.92357">
        <ele>1276</ele>
        <extensions>
          <distance>8759</distance>
        </extensions>
      </trkpt>
      <trkpt lat="45.97162" lon="6.9236">
        <ele>1275</ele>
        <extensions>
          <distance>8763</distance>
        </extensions>
      </trkpt>
      <trkpt lat="45.97167" lon="6.92361">
        <ele>1275</ele>
        <extensions>
          <distance>8768</distance>
        </extensions>
      </trkpt>
      <trkpt lat="45.97174" lon="6.92368">
        <ele>1274</ele>
        <extensions>
          <distance>8778</distance>
        </extensions>
      </trkpt>
      <trkpt lat="45.97176" lon="6.92373">
        <ele>1274</ele>
        <extensions>
          <distance>8782</distance>
        </extensions>
      </trkpt>
      <trkpt lat="45.97187" lon="6.92387">
        <ele>1273</ele>
        <extensions>
          <distance>8799</distance>
        </extensions>
      </trkpt>
      <trkpt lat="45.97189" lon="6.92391">
        <ele>1272</ele>
        <extensions>
          <distance>8803</distance>
        </extensions>
      </trkpt>
      <trkpt lat="45.97194" lon="6.92395">
        <ele>1272</ele>
        <extensions>
          <distance>8809</distance>
        </extensions>
      </trkpt>
      <trkpt lat="45.97198" lon="6.92402">
        <ele>1272</ele>
        <extensions>
          <distance>8816</distance>
        </extensions>
      </trkpt>
      <trkpt lat="45.97201" lon="6.92404">
        <ele>1272</ele>
        <extensions>
          <distance>8820</distance>
        </extensions>
      </trkpt>
      <trkpt lat="45.97203" lon="6.9241">
        <ele>1271</ele>
        <extensions>
          <distance>8825</distance>
        </extensions>
      </trkpt>
      <trkpt lat="45.97205" lon="6.92413">
        <ele>1270</ele>
        <extensions>
          <distance>8828</distance>
        </extensions>
      </trkpt>
      <trkpt lat="45.97208" lon="6.92415">
        <ele>1270</ele>
        <extensions>
          <distance>8832</distance>
        </extensions>
      </trkpt>
      <trkpt lat="45.97215" lon="6.92426">
        <ele>1270</ele>
        <extensions>
          <distance>8843</distance>
        </extensions>
      </trkpt>
      <trkpt lat="45.97218" lon="6.92426">
        <ele>1268</ele>
        <extensions>
          <distance>8847</distance>
        </extensions>
      </trkpt>
      <trkpt lat="45.97224" lon="6.9243">
        <ele>1268</ele>
        <extensions>
          <distance>8854</distance>
        </extensions>
      </trkpt>
      <trkpt lat="45.97229" lon="6.92431">
        <ele>1267</ele>
        <extensions>
          <distance>8860</distance>
        </extensions>
      </trkpt>
      <trkpt lat="45.97234" lon="6.92435">
        <ele>1265</ele>
        <extensions>
          <distance>8866</distance>
        </extensions>
      </trkpt>
      <trkpt lat="45.97243" lon="6.92448">
        <ele>1263</ele>
        <extensions>
          <distance>8881</distance>
        </extensions>
      </trkpt>
      <trkpt lat="45.97252" lon="6.92454">
        <ele>1260</ele>
        <extensions>
          <distance>8892</distance>
        </extensions>
      </trkpt>
      <trkpt lat="45.9726" lon="6.92468">
        <ele>1258</ele>
        <extensions>
          <distance>8906</distance>
        </extensions>
      </trkpt>
      <trkpt lat="45.97263" lon="6.92477">
        <ele>1257</ele>
        <extensions>
          <distance>8914</distance>
        </extensions>
      </trkpt>
      <trkpt lat="45.97272" lon="6.9249">
        <ele>1254</ele>
        <extensions>
          <distance>8929</distance>
        </extensions>
      </trkpt>
      <trkpt lat="45.97281" lon="6.92497">
        <ele>1252</ele>
        <extensions>
          <distance>8940</distance>
        </extensions>
      </trkpt>
      <trkpt lat="45.97288" lon="6.92509">
        <ele>1251</ele>
        <extensions>
          <distance>8952</distance>
        </extensions>
      </trkpt>
      <trkpt lat="45.97293" lon="6.92515">
        <ele>1251</ele>
        <extensions>
          <distance>8960</distance>
        </extensions>
      </trkpt>
      <trkpt lat="45.97296" lon="6.92516">
        <ele>1250</ele>
        <extensions>
          <distance>8963</distance>
        </extensions>
      </trkpt>
      <trkpt lat="45.9731" lon="6.92536">
        <ele>1250</ele>
        <extensions>
          <distance>8985</distance>
        </extensions>
      </trkpt>
      <trkpt lat="45.97313" lon="6.92539">
        <ele>1250</ele>
        <extensions>
          <distance>8989</distance>
        </extensions>
      </trkpt>
      <trkpt lat="45.97316" lon="6.9254">
        <ele>1250</ele>
        <extensions>
          <distance>8992</distance>
        </extensions>
      </trkpt>
      <trkpt lat="45.97318" lon="6.92543">
        <ele>1250</ele>
        <extensions>
          <distance>8996</distance>
        </extensions>
      </trkpt>
      <trkpt lat="45.97318" lon="6.92547">
        <ele>1251</ele>
        <extensions>
          <distance>8999</distance>
        </extensions>
      </trkpt>
      <trkpt lat="45.97322" lon="6.92561">
        <ele>1253</ele>
        <extensions>
          <distance>9011</distance>
        </extensions>
      </trkpt>
      <trkpt lat="45.97322" lon="6.92564">
        <ele>1254</ele>
        <extensions>
          <distance>9013</distance>
        </extensions>
      </trkpt>
      <trkpt lat="45.97326" lon="6.92571">
        <ele>1254</ele>
        <extensions>
          <distance>9020</distance>
        </extensions>
      </trkpt>
      <trkpt lat="45.97326" lon="6.92576">
        <ele>1255</ele>
        <extensions>
          <distance>9024</distance>
        </extensions>
      </trkpt>
      <trkpt lat="45.97328" lon="6.92585">
        <ele>1256</ele>
        <extensions>
          <distance>9031</distance>
        </extensions>
      </trkpt>
      <trkpt lat="45.97326" lon="6.92587">
        <ele>1256</ele>
        <extensions>
          <distance>9034</distance>
        </extensions>
      </trkpt>
      <trkpt lat="45.97328" lon="6.92587">
        <ele>1257</ele>
        <extensions>
          <distance>9036</distance>
        </extensions>
      </trkpt>
      <trkpt lat="45.97331" lon="6.9259">
        <ele>1257</ele>
        <extensions>
          <distance>9040</distance>
        </extensions>
      </trkpt>
      <trkpt lat="45.97331" lon="6.92595">
        <ele>1258</ele>
        <extensions>
          <distance>9044</distance>
        </extensions>
      </trkpt>
      <trkpt lat="45.97327" lon="6.926">
        <ele>1259</ele>
        <extensions>
          <distance>9050</distance>
        </extensions>
      </trkpt>
      <trkpt lat="45.9733" lon="6.92602">
        <ele>1261</ele>
        <extensions>
          <distance>9054</distance>
        </extensions>
      </trkpt>
      <trkpt lat="45.97331" lon="6.92609">
        <ele>1262</ele>
        <extensions>
          <distance>9060</distance>
        </extensions>
      </trkpt>
      <trkpt lat="45.97335" lon="6.92619">
        <ele>1263</ele>
        <extensions>
          <distance>9069</distance>
        </extensions>
      </trkpt>
      <trkpt lat="45.97335" lon="6.92623">
        <ele>1264</ele>
        <extensions>
          <distance>9072</distance>
        </extensions>
      </trkpt>
      <trkpt lat="45.97341" lon="6.92631">
        <ele>1264</ele>
        <extensions>
          <distance>9081</distance>
        </extensions>
      </trkpt>
      <trkpt lat="45.97344" lon="6.92631">
        <ele>1264</ele>
        <extensions>
          <distance>9085</distance>
        </extensions>
      </trkpt>
      <trkpt lat="45.97349" lon="6.92635">
        <ele>1265</ele>
        <extensions>
          <distance>9091</distance>
        </extensions>
      </trkpt>
      <trkpt lat="45.97351" lon="6.92638">
        <ele>1265</ele>
        <extensions>
          <distance>9094</distance>
        </extensions>
      </trkpt>
      <trkpt lat="45.97353" lon="6.92645">
        <ele>1266</ele>
        <extensions>
          <distance>9100</distance>
        </extensions>
      </trkpt>
      <trkpt lat="45.97356" lon="6.92651">
        <ele>1268</ele>
        <extensions>
          <distance>9106</distance>
        </extensions>
      </trkpt>
      <trkpt lat="45.97358" lon="6.92664">
        <ele>1270</ele>
        <extensions>
          <distance>9116</distance>
        </extensions>
      </trkpt>
      <trkpt lat="45.97362" lon="6.92671">
        <ele>1272</ele>
        <extensions>
          <distance>9124</distance>
        </extensions>
      </trkpt>
      <trkpt lat="45.97368" lon="6.92689">
        <ele>1275</ele>
        <extensions>
          <distance>9139</distance>
        </extensions>
      </trkpt>
      <trkpt lat="45.9737" lon="6.92691">
        <ele>1275</ele>
        <extensions>
          <distance>9142</distance>
        </extensions>
      </trkpt>
      <trkpt lat="45.97371" lon="6.92694">
        <ele>1276</ele>
        <extensions>
          <distance>9145</distance>
        </extensions>
      </trkpt>
      <trkpt lat="45.97373" lon="6.92705">
        <ele>1278</ele>
        <extensions>
          <distance>9154</distance>
        </extensions>
      </trkpt>
      <trkpt lat="45.97372" lon="6.92712">
        <ele>1280</ele>
        <extensions>
          <distance>9159</distance>
        </extensions>
      </trkpt>
      <trkpt lat="45.97375" lon="6.92721">
        <ele>1281</ele>
        <extensions>
          <distance>9167</distance>
        </extensions>
      </trkpt>
      <trkpt lat="45.97377" lon="6.92723">
        <ele>1282</ele>
        <extensions>
          <distance>9170</distance>
        </extensions>
      </trkpt>
      <trkpt lat="45.97378" lon="6.92727">
        <ele>1282</ele>
        <extensions>
          <distance>9173</distance>
        </extensions>
      </trkpt>
      <trkpt lat="45.97381" lon="6.9273">
        <ele>1283</ele>
        <extensions>
          <distance>9178</distance>
        </extensions>
      </trkpt>
      <trkpt lat="45.97384" lon="6.92736">
        <ele>1283</ele>
        <extensions>
          <distance>9183</distance>
        </extensions>
      </trkpt>
      <trkpt lat="45.97392" lon="6.92747">
        <ele>1283</ele>
        <extensions>
          <distance>9196</distance>
        </extensions>
      </trkpt>
      <trkpt lat="45.97409" lon="6.92762">
        <ele>1282</ele>
        <extensions>
          <distance>9218</distance>
        </extensions>
      </trkpt>
      <trkpt lat="45.97415" lon="6.92764">
        <ele>1282</ele>
        <extensions>
          <distance>9225</distance>
        </extensions>
      </trkpt>
      <trkpt lat="45.97417" lon="6.92767">
        <ele>1282</ele>
        <extensions>
          <distance>9228</distance>
        </extensions>
      </trkpt>
      <trkpt lat="45.97422" lon="6.9277">
        <ele>1282</ele>
        <extensions>
          <distance>9234</distance>
        </extensions>
      </trkpt>
      <trkpt lat="45.97425" lon="6.92771">
        <ele>1281</ele>
        <extensions>
          <distance>9237</distance>
        </extensions>
      </trkpt>
      <trkpt lat="45.97427" lon="6.9277">
        <ele>1280</ele>
        <extensions>
          <distance>9240</distance>
        </extensions>
      </trkpt>
      <trkpt lat="45.97433" lon="6.9277">
        <ele>1278</ele>
        <extensions>
          <distance>9246</distance>
        </extensions>
      </trkpt>
      <trkpt lat="45.97446" lon="6.92774">
        <ele>1275</ele>
        <extensions>
          <distance>9261</distance>
        </extensions>
      </trkpt>
      <trkpt lat="45.97454" lon="6.92781">
        <ele>1274</ele>
        <extensions>
          <distance>9272</distance>
        </extensions>
      </trkpt>
      <trkpt lat="45.97461" lon="6.9278">
        <ele>1271</ele>
        <extensions>
          <distance>9280</distance>
        </extensions>
      </trkpt>
      <trkpt lat="45.97464" lon="6.92781">
        <ele>1271</ele>
        <extensions>
          <distance>9284</distance>
        </extensions>
      </trkpt>
      <trkpt lat="45.9747" lon="6.92781">
        <ele>1269</ele>
        <extensions>
          <distance>9290</distance>
        </extensions>
      </trkpt>
      <trkpt lat="45.9748" lon="6.9279">
        <ele>1268</ele>
        <extensions>
          <distance>9304</distance>
        </extensions>
      </trkpt>
      <trkpt lat="45.97481" lon="6.92793">
        <ele>1267</ele>
        <extensions>
          <distance>9306</distance>
        </extensions>
      </trkpt>
      <trkpt lat="45.97483" lon="6.92795">
        <ele>1267</ele>
        <extensions>
          <distance>9309</distance>
        </extensions>
      </trkpt>
      <trkpt lat="45.97489" lon="6.92798">
        <ele>1266</ele>
        <extensions>
          <distance>9316</distance>
        </extensions>
      </trkpt>
      <trkpt lat="45.97492" lon="6.92798">
        <ele>1265</ele>
        <extensions>
          <distance>9319</distance>
        </extensions>
      </trkpt>
      <trkpt lat="45.97495" lon="6.92801">
        <ele>1265</ele>
        <extensions>
          <distance>9324</distance>
        </extensions>
      </trkpt>
      <trkpt lat="45.97503" lon="6.92805">
        <ele>1263</ele>
        <extensions>
          <distance>9333</distance>
        </extensions>
      </trkpt>
      <trkpt lat="45.97508" lon="6.92809">
        <ele>1261</ele>
        <extensions>
          <distance>9340</distance>
        </extensions>
      </trkpt>
      <trkpt lat="45.97513" lon="6.92815">
        <ele>1260</ele>
        <extensions>
          <distance>9347</distance>
        </extensions>
      </trkpt>
      <trkpt lat="45.97515" lon="6.92819">
        <ele>1260</ele>
        <extensions>
          <distance>9351</distance>
        </extensions>
      </trkpt>
      <trkpt lat="45.97521" lon="6.92824">
        <ele>1258</ele>
        <extensions>
          <distance>9359</distance>
        </extensions>
      </trkpt>
      <trkpt lat="45.97539" lon="6.92831">
        <ele>1254</ele>
        <extensions>
          <distance>9380</distance>
        </extensions>
      </trkpt>
      <trkpt lat="45.97545" lon="6.92831">
        <ele>1253</ele>
        <extensions>
          <distance>9387</distance>
        </extensions>
      </trkpt>
      <trkpt lat="45.97557" lon="6.92828">
        <ele>1250</ele>
        <extensions>
          <distance>9400</distance>
        </extensions>
      </trkpt>
      <trkpt lat="45.97562" lon="6.92828">
        <ele>1250</ele>
        <extensions>
          <distance>9406</distance>
        </extensions>
      </trkpt>
      <trkpt lat="45.97581" lon="6.92846">
        <ele>1250</ele>
        <extensions>
          <distance>9431</distance>
        </extensions>
      </trkpt>
      <trkpt lat="45.97589" lon="6.92857">
        <ele>1250</ele>
        <extensions>
          <distance>9444</distance>
        </extensions>
      </trkpt>
      <trkpt lat="45.97603" lon="6.92861">
        <ele>1250</ele>
        <extensions>
          <distance>9459</distance>
        </extensions>
      </trkpt>
      <trkpt lat="45.97606" lon="6.92859">
        <ele>1250</ele>
        <extensions>
          <distance>9463</distance>
        </extensions>
      </trkpt>
      <trkpt lat="45.97614" lon="6.9286">
        <ele>1250</ele>
        <extensions>
          <distance>9472</distance>
        </extensions>
      </trkpt>
      <trkpt lat="45.9762" lon="6.92858">
        <ele>1250</ele>
        <extensions>
          <distance>9479</distance>
        </extensions>
      </trkpt>
      <trkpt lat="45.97622" lon="6.9286">
        <ele>1250</ele>
        <extensions>
          <distance>9482</distance>
        </extensions>
      </trkpt>
      <trkpt lat="45.97628" lon="6.92861">
        <ele>1250</ele>
        <extensions>
          <distance>9488</distance>
        </extensions>
      </trkpt>
      <trkpt lat="45.97641" lon="6.92851">
        <ele>1247</ele>
        <extensions>
          <distance>9505</distance>
        </extensions>
      </trkpt>
      <trkpt lat="45.97653" lon="6.92851">
        <ele>1247</ele>
        <extensions>
          <distance>9518</distance>
        </extensions>
      </trkpt>
      <trkpt lat="45.97668" lon="6.92854">
        <ele>1247</ele>
        <extensions>
          <distance>9535</distance>
        </extensions>
      </trkpt>
      <trkpt lat="45.97676" lon="6.92854">
        <ele>1247</ele>
        <extensions>
          <distance>9544</distance>
        </extensions>
      </trkpt>
      <trkpt lat="45.9768" lon="6.92856">
        <ele>1247</ele>
        <extensions>
          <distance>9549</distance>
        </extensions>
      </trkpt>
      <trkpt lat="45.97683" lon="6.92855">
        <ele>1247</ele>
        <extensions>
          <distance>9552</distance>
        </extensions>
      </trkpt>
      <trkpt lat="45.97689" lon="6.92856">
        <ele>1247</ele>
        <extensions>
          <distance>9559</distance>
        </extensions>
      </trkpt>
      <trkpt lat="45.97695" lon="6.92862">
        <ele>1247</ele>
        <extensions>
          <distance>9567</distance>
        </extensions>
      </trkpt>
      <trkpt lat="45.97703" lon="6.92868">
        <ele>1247</ele>
        <extensions>
          <distance>9577</distance>
        </extensions>
      </trkpt>
      <trkpt lat="45.97724" lon="6.9289">
        <ele>1249</ele>
        <extensions>
          <distance>9606</distance>
        </extensions>
      </trkpt>
      <trkpt lat="45.97728" lon="6.92896">
        <ele>1250</ele>
        <extensions>
          <distance>9612</distance>
        </extensions>
      </trkpt>
      <trkpt lat="45.97736" lon="6.92903">
        <ele>1250</ele>
        <extensions>
          <distance>9623</distance>
        </extensions>
      </trkpt>
      <trkpt lat="45.97744" lon="6.92913">
        <ele>1251</ele>
        <extensions>
          <distance>9634</distance>
        </extensions>
      </trkpt>
      <trkpt lat="45.97745" lon="6.92917">
        <ele>1252</ele>
        <extensions>
          <distance>9638</distance>
        </extensions>
      </trkpt>
      <trkpt lat="45.97751" lon="6.92927">
        <ele>1252</ele>
        <extensions>
          <distance>9648</distance>
        </extensions>
      </trkpt>
      <trkpt lat="45.97752" lon="6.92931">
        <ele>1253</ele>
        <extensions>
          <distance>9651</distance>
        </extensions>
      </trkpt>
      <trkpt lat="45.97761" lon="6.92949">
        <ele>1254</ele>
        <extensions>
          <distance>9669</distance>
        </extensions>
      </trkpt>
      <trkpt lat="45.97763" lon="6.92956">
        <ele>1255</ele>
        <extensions>
          <distance>9674</distance>
        </extensions>
      </trkpt>
      <trkpt lat="45.97772" lon="6.92971">
        <ele>1256</ele>
        <extensions>
          <distance>9690</distance>
        </extensions>
      </trkpt>
      <trkpt lat="45.97773" lon="6.92975">
        <ele>1256</ele>
        <extensions>
          <distance>9693</distance>
        </extensions>
      </trkpt>
      <trkpt lat="45.97776" lon="6.92978">
        <ele>1256</ele>
        <extensions>
          <distance>9697</distance>
        </extensions>
      </trkpt>
      <trkpt lat="45.97784" lon="6.92993">
        <ele>1257</ele>
        <extensions>
          <distance>9712</distance>
        </extensions>
      </trkpt>
      <trkpt lat="45.97793" lon="6.93001">
        <ele>1257</ele>
        <extensions>
          <distance>9724</distance>
        </extensions>
      </trkpt>
      <trkpt lat="45.97797" lon="6.93006">
        <ele>1258</ele>
        <extensions>
          <distance>9730</distance>
        </extensions>
      </trkpt>
      <trkpt lat="45.97808" lon="6.93013">
        <ele>1259</ele>
        <extensions>
          <distance>9743</distance>
        </extensions>
      </trkpt>
      <trkpt lat="45.97819" lon="6.93012">
        <ele>1259</ele>
        <extensions>
          <distance>9755</distance>
        </extensions>
      </trkpt>
      <trkpt lat="45.97824" lon="6.93015">
        <ele>1259</ele>
        <extensions>
          <distance>9761</distance>
        </extensions>
      </trkpt>
      <trkpt lat="45.97834" lon="6.93025">
        <ele>1259</ele>
        <extensions>
          <distance>9775</distance>
        </extensions>
      </trkpt>
      <trkpt lat="45.97844" lon="6.93032">
        <ele>1259</ele>
        <extensions>
          <distance>9787</distance>
        </extensions>
      </trkpt>
      <trkpt lat="45.97846" lon="6.93032">
        <ele>1259</ele>
        <extensions>
          <distance>9789</distance>
        </extensions>
      </trkpt>
      <trkpt lat="45.97851" lon="6.93037">
        <ele>1259</ele>
        <extensions>
          <distance>9796</distance>
        </extensions>
      </trkpt>
      <trkpt lat="45.97858" lon="6.93041">
        <ele>1259</ele>
        <extensions>
          <distance>9805</distance>
        </extensions>
      </trkpt>
      <trkpt lat="45.97861" lon="6.93045">
        <ele>1260</ele>
        <extensions>
          <distance>9809</distance>
        </extensions>
      </trkpt>
      <trkpt lat="45.97868" lon="6.93067">
        <ele>1262</ele>
        <extensions>
          <distance>9828</distance>
        </extensions>
      </trkpt>
      <trkpt lat="45.97869" lon="6.93076">
        <ele>1263</ele>
        <extensions>
          <distance>9835</distance>
        </extensions>
      </trkpt>
      <trkpt lat="45.97872" lon="6.93087">
        <ele>1263</ele>
        <extensions>
          <distance>9844</distance>
        </extensions>
      </trkpt>
      <trkpt lat="45.97883" lon="6.93115">
        <ele>1263</ele>
        <extensions>
          <distance>9869</distance>
        </extensions>
      </trkpt>
      <trkpt lat="45.97896" lon="6.93133">
        <ele>1264</ele>
        <extensions>
          <distance>9889</distance>
        </extensions>
      </trkpt>
      <trkpt lat="45.97913" lon="6.93147">
        <ele>1264</ele>
        <extensions>
          <distance>9911</distance>
        </extensions>
      </trkpt>
      <trkpt lat="45.9793" lon="6.93161">
        <ele>1265</ele>
        <extensions>
          <distance>9933</distance>
        </extensions>
      </trkpt>
      <trkpt lat="45.97934" lon="6.93166">
        <ele>1265</ele>
        <extensions>
          <distance>9939</distance>
        </extensions>
      </trkpt>
      <trkpt lat="45.97938" lon="6.93173">
        <ele>1266</ele>
        <extensions>
          <distance>9946</distance>
        </extensions>
      </trkpt>
      <trkpt lat="45.97939" lon="6.93177">
        <ele>1266</ele>
        <extensions>
          <distance>9949</distance>
        </extensions>
      </trkpt>
      <trkpt lat="45.97942" lon="6.9318">
        <ele>1266</ele>
        <extensions>
          <distance>9953</distance>
        </extensions>
      </trkpt>
      <trkpt lat="45.97951" lon="6.93207">
        <ele>1267</ele>
        <extensions>
          <distance>9976</distance>
        </extensions>
      </trkpt>
      <trkpt lat="45.97964" lon="6.93233">
        <ele>1268</ele>
        <extensions>
          <distance>10001</distance>
        </extensions>
      </trkpt>
      <trkpt lat="45.97968" lon="6.93247">
        <ele>1269</ele>
        <extensions>
          <distance>10013</distance>
        </extensions>
      </trkpt>
      <trkpt lat="45.97974" lon="6.93256">
        <ele>1269</ele>
        <extensions>
          <distance>10022</distance>
        </extensions>
      </trkpt>
      <trkpt lat="45.9798" lon="6.93257">
        <ele>1270</ele>
        <extensions>
          <distance>10029</distance>
        </extensions>
      </trkpt>
      <trkpt lat="45.97985" lon="6.93255">
        <ele>1270</ele>
        <extensions>
          <distance>10035</distance>
        </extensions>
      </trkpt>
      <trkpt lat="45.97994" lon="6.93255">
        <ele>1269</ele>
        <extensions>
          <distance>10045</distance>
        </extensions>
      </trkpt>
      <trkpt lat="45.97997" lon="6.93253">
        <ele>1269</ele>
        <extensions>
          <distance>10049</distance>
        </extensions>
      </trkpt>
      <trkpt lat="45.98" lon="6.93253">
        <ele>1269</ele>
        <extensions>
          <distance>10052</distance>
        </extensions>
      </trkpt>
      <trkpt lat="45.98009" lon="6.9325">
        <ele>1268</ele>
        <extensions>
          <distance>10062</distance>
        </extensions>
      </trkpt>
      <trkpt lat="45.98011" lon="6.93248">
        <ele>1268</ele>
        <extensions>
          <distance>10065</distance>
        </extensions>
      </trkpt>
      <trkpt lat="45.98026" lon="6.93246">
        <ele>1268</ele>
        <extensions>
          <distance>10082</distance>
        </extensions>
      </trkpt>
      <trkpt lat="45.98041" lon="6.9325">
        <ele>1267</ele>
        <extensions>
          <distance>10099</distance>
        </extensions>
      </trkpt>
      <trkpt lat="45.98044" lon="6.93253">
        <ele>1267</ele>
        <extensions>
          <distance>10103</distance>
        </extensions>
      </trkpt>
      <trkpt lat="45.98059" lon="6.93263">
        <ele>1266</ele>
        <extensions>
          <distance>10121</distance>
        </extensions>
      </trkpt>
      <trkpt lat="45.98064" lon="6.93265">
        <ele>1266</ele>
        <extensions>
          <distance>10127</distance>
        </extensions>
      </trkpt>
      <trkpt lat="45.98067" lon="6.93265">
        <ele>1265</ele>
        <extensions>
          <distance>10130</distance>
        </extensions>
      </trkpt>
      <trkpt lat="45.9807" lon="6.93267">
        <ele>1265</ele>
        <extensions>
          <distance>10134</distance>
        </extensions>
      </trkpt>
      <trkpt lat="45.98073" lon="6.93267">
        <ele>1265</ele>
        <extensions>
          <distance>10137</distance>
        </extensions>
      </trkpt>
      <trkpt lat="45.98082" lon="6.9327">
        <ele>1265</ele>
        <extensions>
          <distance>10147</distance>
        </extensions>
      </trkpt>
      <trkpt lat="45.98092" lon="6.93271">
        <ele>1265</ele>
        <extensions>
          <distance>10159</distance>
        </extensions>
      </trkpt>
      <trkpt lat="45.98103" lon="6.93276">
        <ele>1264</ele>
        <extensions>
          <distance>10171</distance>
        </extensions>
      </trkpt>
      <trkpt lat="45.98115" lon="6.93283">
        <ele>1264</ele>
        <extensions>
          <distance>10186</distance>
        </extensions>
      </trkpt>
      <trkpt lat="45.98121" lon="6.93285">
        <ele>1264</ele>
        <extensions>
          <distance>10193</distance>
        </extensions>
      </trkpt>
      <trkpt lat="45.98136" lon="6.93285">
        <ele>1263</ele>
        <extensions>
          <distance>10209</distance>
        </extensions>
      </trkpt>
      <trkpt lat="45.9815" lon="6.93281">
        <ele>1263</ele>
        <extensions>
          <distance>10225</distance>
        </extensions>
      </trkpt>
      <trkpt lat="45.98164" lon="6.93274">
        <ele>1263</ele>
        <extensions>
          <distance>10242</distance>
        </extensions>
      </trkpt>
      <trkpt lat="45.98171" lon="6.93267">
        <ele>1263</ele>
        <extensions>
          <distance>10251</distance>
        </extensions>
      </trkpt>
      <trkpt lat="45.98173" lon="6.93263">
        <ele>1262</ele>
        <extensions>
          <distance>10255</distance>
        </extensions>
      </trkpt>
      <trkpt lat="45.98176" lon="6.93261">
        <ele>1262</ele>
        <extensions>
          <distance>10259</distance>
        </extensions>
      </trkpt>
      <trkpt lat="45.98182" lon="6.93253">
        <ele>1262</ele>
        <extensions>
          <distance>10268</distance>
        </extensions>
      </trkpt>
      <trkpt lat="45.98184" lon="6.93246">
        <ele>1261</ele>
        <extensions>
          <distance>10274</distance>
        </extensions>
      </trkpt>
      <trkpt lat="45.98187" lon="6.93242">
        <ele>1261</ele>
        <extensions>
          <distance>10278</distance>
        </extensions>
      </trkpt>
      <trkpt lat="45.98197" lon="6.93239">
        <ele>1260</ele>
        <extensions>
          <distance>10290</distance>
        </extensions>
      </trkpt>
      <trkpt lat="45.98208" lon="6.93242">
        <ele>1260</ele>
        <extensions>
          <distance>10302</distance>
        </extensions>
      </trkpt>
      <trkpt lat="45.98217" lon="6.93243">
        <ele>1260</ele>
        <extensions>
          <distance>10312</distance>
        </extensions>
      </trkpt>
      <trkpt lat="45.98221" lon="6.93244">
        <ele>1260</ele>
        <extensions>
          <distance>10317</distance>
        </extensions>
      </trkpt>
      <trkpt lat="45.98224" lon="6.93246">
        <ele>1260</ele>
        <extensions>
          <distance>10320</distance>
        </extensions>
      </trkpt>
      <trkpt lat="45.98232" lon="6.93255">
        <ele>1261</ele>
        <extensions>
          <distance>10332</distance>
        </extensions>
      </trkpt>
      <trkpt lat="45.98239" lon="6.9326">
        <ele>1261</ele>
        <extensions>
          <distance>10340</distance>
        </extensions>
      </trkpt>
      <trkpt lat="45.98241" lon="6.93263">
        <ele>1261</ele>
        <extensions>
          <distance>10343</distance>
        </extensions>
      </trkpt>
      <trkpt lat="45.98249" lon="6.9327">
        <ele>1262</ele>
        <extensions>
          <distance>10354</distance>
        </extensions>
      </trkpt>
      <trkpt lat="45.98254" lon="6.93273">
        <ele>1262</ele>
        <extensions>
          <distance>10360</distance>
        </extensions>
      </trkpt>
      <trkpt lat="45.9826" lon="6.93275">
        <ele>1263</ele>
        <extensions>
          <distance>10367</distance>
        </extensions>
      </trkpt>
      <trkpt lat="45.9827" lon="6.93283">
        <ele>1263</ele>
        <extensions>
          <distance>10379</distance>
        </extensions>
      </trkpt>
      <trkpt lat="45.98281" lon="6.93287">
        <ele>1263</ele>
        <extensions>
          <distance>10392</distance>
        </extensions>
      </trkpt>
      <trkpt lat="45.98301" lon="6.93298">
        <ele>1265</ele>
        <extensions>
          <distance>10416</distance>
        </extensions>
      </trkpt>
      <trkpt lat="45.98314" lon="6.93309">
        <ele>1265</ele>
        <extensions>
          <distance>10433</distance>
        </extensions>
      </trkpt>
      <trkpt lat="45.98321" lon="6.93317">
        <ele>1265</ele>
        <extensions>
          <distance>10443</distance>
        </extensions>
      </trkpt>
      <trkpt lat="45.98336" lon="6.93328">
        <ele>1265</ele>
        <extensions>
          <distance>10461</distance>
        </extensions>
      </trkpt>
      <trkpt lat="45.98342" lon="6.9333">
        <ele>1265</ele>
        <extensions>
          <distance>10468</distance>
        </extensions>
      </trkpt>
      <trkpt lat="45.98347" lon="6.93334">
        <ele>1265</ele>
        <extensions>
          <distance>10475</distance>
        </extensions>
      </trkpt>
      <trkpt lat="45.98353" lon="6.93337">
        <ele>1265</ele>
        <extensions>
          <distance>10482</distance>
        </extensions>
      </trkpt>
      <trkpt lat="45.98355" lon="6.9334">
        <ele>1265</ele>
        <extensions>
          <distance>10485</distance>
        </extensions>
      </trkpt>
      <trkpt lat="45.98363" lon="6.93347">
        <ele>1265</ele>
        <extensions>
          <distance>10495</distance>
        </extensions>
      </trkpt>
      <trkpt lat="45.98364" lon="6.93351">
        <ele>1266</ele>
        <extensions>
          <distance>10499</distance>
        </extensions>
      </trkpt>
      <trkpt lat="45.98364" lon="6.93362">
        <ele>1267</ele>
        <extensions>
          <distance>10507</distance>
        </extensions>
      </trkpt>
      <trkpt lat="45.98359" lon="6.93379">
        <ele>1270</ele>
        <extensions>
          <distance>10522</distance>
        </extensions>
      </trkpt>
      <trkpt lat="45.98358" lon="6.93386">
        <ele>1271</ele>
        <extensions>
          <distance>10527</distance>
        </extensions>
      </trkpt>
      <trkpt lat="45.98359" lon="6.9339">
        <ele>1271</ele>
        <extensions>
          <distance>10530</distance>
        </extensions>
      </trkpt>
      <trkpt lat="45.98358" lon="6.93397">
        <ele>1272</ele>
        <extensions>
          <distance>10536</distance>
        </extensions>
      </trkpt>
      <trkpt lat="45.98359" lon="6.93405">
        <ele>1274</ele>
        <extensions>
          <distance>10543</distance>
        </extensions>
      </trkpt>
      <trkpt lat="45.98356" lon="6.93416">
        <ele>1275</ele>
        <extensions>
          <distance>10552</distance>
        </extensions>
      </trkpt>
      <trkpt lat="45.98355" lon="6.93419">
        <ele>1275</ele>
        <extensions>
          <distance>10554</distance>
        </extensions>
      </trkpt>
      <trkpt lat="45.98352" lon="6.9342">
        <ele>1275</ele>
        <extensions>
          <distance>10558</distance>
        </extensions>
      </trkpt>
      <trkpt lat="45.98346" lon="6.9342">
        <ele>1275</ele>
        <extensions>
          <distance>10564</distance>
        </extensions>
      </trkpt>
      <trkpt lat="45.98341" lon="6.93424">
        <ele>1276</ele>
        <extensions>
          <distance>10571</distance>
        </extensions>
      </trkpt>
      <trkpt lat="45.98338" lon="6.93434">
        <ele>1277</ele>
        <extensions>
          <distance>10579</distance>
        </extensions>
      </trkpt>
      <trkpt lat="45.98338" lon="6.93447">
        <ele>1279</ele>
        <extensions>
          <distance>10589</distance>
        </extensions>
      </trkpt>
      <trkpt lat="45.9834" lon="6.93452">
        <ele>1280</ele>
        <extensions>
          <distance>10594</distance>
        </extensions>
      </trkpt>
      <trkpt lat="45.98338" lon="6.93458">
        <ele>1281</ele>
        <extensions>
          <distance>10599</distance>
        </extensions>
      </trkpt>
      <trkpt lat="45.98333" lon="6.93462">
        <ele>1282</ele>
        <extensions>
          <distance>10606</distance>
        </extensions>
      </trkpt>
      <trkpt lat="45.98318" lon="6.93464">
        <ele>1283</ele>
        <extensions>
          <distance>10623</distance>
        </extensions>
      </trkpt>
      <trkpt lat="45.98317" lon="6.93469">
        <ele>1283</ele>
        <extensions>
          <distance>10627</distance>
        </extensions>
      </trkpt>
      <trkpt lat="45.98319" lon="6.93476">
        <ele>1285</ele>
        <extensions>
          <distance>10632</distance>
        </extensions>
      </trkpt>
      <trkpt lat="45.98319" lon="6.93492">
        <ele>1290</ele>
        <extensions>
          <distance>10646</distance>
        </extensions>
      </trkpt>
      <trkpt lat="45.98317" lon="6.93499">
        <ele>1291</ele>
        <extensions>
          <distance>10652</distance>
        </extensions>
      </trkpt>
      <trkpt lat="45.98315" lon="6.935">
        <ele>1293</ele>
        <extensions>
          <distance>10655</distance>
        </extensions>
      </trkpt>
      <trkpt lat="45.98311" lon="6.93506">
        <ele>1294</ele>
        <extensions>
          <distance>10661</distance>
        </extensions>
      </trkpt>
      <trkpt lat="45.9831" lon="6.93512">
        <ele>1296</ele>
        <extensions>
          <distance>10666</distance>
        </extensions>
      </trkpt>
      <trkpt lat="45.98311" lon="6.93514">
        <ele>1296</ele>
        <extensions>
          <distance>10668</distance>
        </extensions>
      </trkpt>
      <trkpt lat="45.98309" lon="6.93515">
        <ele>1297</ele>
        <extensions>
          <distance>10671</distance>
        </extensions>
      </trkpt>
      <trkpt lat="45.98309" lon="6.9352">
        <ele>1298</ele>
        <extensions>
          <distance>10674</distance>
        </extensions>
      </trkpt>
      <trkpt lat="45.98311" lon="6.93526">
        <ele>1298</ele>
        <extensions>
          <distance>10680</distance>
        </extensions>
      </trkpt>
      <trkpt lat="45.98314" lon="6.93527">
        <ele>1298</ele>
        <extensions>
          <distance>10683</distance>
        </extensions>
      </trkpt>
      <trkpt lat="45.98314" lon="6.93523">
        <ele>1298</ele>
        <extensions>
          <distance>10686</distance>
        </extensions>
      </trkpt>
      <trkpt lat="45.98318" lon="6.93514">
        <ele>1297</ele>
        <extensions>
          <distance>10694</distance>
        </extensions>
      </trkpt>
      <trkpt lat="45.98329" lon="6.935">
        <ele>1296</ele>
        <extensions>
          <distance>10711</distance>
        </extensions>
      </trkpt>
      <trkpt lat="45.98331" lon="6.93499">
        <ele>1296</ele>
        <extensions>
          <distance>10713</distance>
        </extensions>
      </trkpt>
      <trkpt lat="45.98338" lon="6.93499">
        <ele>1296</ele>
        <extensions>
          <distance>10721</distance>
        </extensions>
      </trkpt>
      <trkpt lat="45.98343" lon="6.93503">
        <ele>1296</ele>
        <extensions>
          <distance>10727</distance>
        </extensions>
      </trkpt>
      <trkpt lat="45.9835" lon="6.93501">
        <ele>1297</ele>
        <extensions>
          <distance>10735</distance>
        </extensions>
      </trkpt>
      <trkpt lat="45.98357" lon="6.93505">
        <ele>1299</ele>
        <extensions>
          <distance>10744</distance>
        </extensions>
      </trkpt>
      <trkpt lat="45.98362" lon="6.93501">
        <ele>1299</ele>
        <extensions>
          <distance>10750</distance>
        </extensions>
      </trkpt>
      <trkpt lat="45.98364" lon="6.93501">
        <ele>1300</ele>
        <extensions>
          <distance>10752</distance>
        </extensions>
      </trkpt>
      <trkpt lat="45.98367" lon="6.93503">
        <ele>1300</ele>
        <extensions>
          <distance>10756</distance>
        </extensions>
      </trkpt>
      <trkpt lat="45.9837" lon="6.93503">
        <ele>1300</ele>
        <extensions>
          <distance>10759</distance>
        </extensions>
      </trkpt>
      <trkpt lat="45.98372" lon="6.93506">
        <ele>1302</ele>
        <extensions>
          <distance>10763</distance>
        </extensions>
      </trkpt>
      <trkpt lat="45.98376" lon="6.93508">
        <ele>1305</ele>
        <extensions>
          <distance>10768</distance>
        </extensions>
      </trkpt>
      <trkpt lat="45.98379" lon="6.93513">
        <ele>1307</ele>
        <extensions>
          <distance>10773</distance>
        </extensions>
      </trkpt>
      <trkpt lat="45.98383" lon="6.93516">
        <ele>1307</ele>
        <extensions>
          <distance>10778</distance>
        </extensions>
      </trkpt>
      <trkpt lat="45.98387" lon="6.93522">
        <ele>1311</ele>
        <extensions>
          <distance>10786</distance>
        </extensions>
      </trkpt>
      <trkpt lat="45.98392" lon="6.93524">
        <ele>1311</ele>
        <extensions>
          <distance>10792</distance>
        </extensions>
      </trkpt>
      <trkpt lat="45.98403" lon="6.93525">
        <ele>1314</ele>
        <extensions>
          <distance>10804</distance>
        </extensions>
      </trkpt>
      <trkpt lat="45.98406" lon="6.93527">
        <ele>1315</ele>
        <extensions>
          <distance>10808</distance>
        </extensions>
      </trkpt>
      <trkpt lat="45.98407" lon="6.93529">
        <ele>1315</ele>
        <extensions>
          <distance>10810</distance>
        </extensions>
      </trkpt>
      <trkpt lat="45.98415" lon="6.93533">
        <ele>1318</ele>
        <extensions>
          <distance>10820</distance>
        </extensions>
      </trkpt>
      <trkpt lat="45.98416" lon="6.93536">
        <ele>1320</ele>
        <extensions>
          <distance>10822</distance>
        </extensions>
      </trkpt>
      <trkpt lat="45.98424" lon="6.93538">
        <ele>1321</ele>
        <extensions>
          <distance>10832</distance>
        </extensions>
      </trkpt>
      <trkpt lat="45.98427" lon="6.93537">
        <ele>1323</ele>
        <extensions>
          <distance>10835</distance>
        </extensions>
      </trkpt>
      <trkpt lat="45.98429" lon="6.93539">
        <ele>1323</ele>
        <extensions>
          <distance>10838</distance>
        </extensions>
      </trkpt>
      <trkpt lat="45.98431" lon="6.93539">
        <ele>1324</ele>
        <extensions>
          <distance>10841</distance>
        </extensions>
      </trkpt>
      <trkpt lat="45.98439" lon="6.93535">
        <ele>1324</ele>
        <extensions>
          <distance>10850</distance>
        </extensions>
      </trkpt>
      <trkpt lat="45.98441" lon="6.93538">
        <ele>1326</ele>
        <extensions>
          <distance>10853</distance>
        </extensions>
      </trkpt>
      <trkpt lat="45.98441" lon="6.93547">
        <ele>1329</ele>
        <extensions>
          <distance>10861</distance>
        </extensions>
      </trkpt>
      <trkpt lat="45.98439" lon="6.93548">
        <ele>1330</ele>
        <extensions>
          <distance>10863</distance>
        </extensions>
      </trkpt>
      <trkpt lat="45.98438" lon="6.93552">
        <ele>1331</ele>
        <extensions>
          <distance>10866</distance>
        </extensions>
      </trkpt>
      <trkpt lat="45.98436" lon="6.93555">
        <ele>1333</ele>
        <extensions>
          <distance>10870</distance>
        </extensions>
      </trkpt>
      <trkpt lat="45.98432" lon="6.93558">
        <ele>1334</ele>
        <extensions>
          <distance>10875</distance>
        </extensions>
      </trkpt>
      <trkpt lat="45.98423" lon="6.93561">
        <ele>1334</ele>
        <extensions>
          <distance>10886</distance>
        </extensions>
      </trkpt>
      <trkpt lat="45.98421" lon="6.9356">
        <ele>1334</ele>
        <extensions>
          <distance>10888</distance>
        </extensions>
      </trkpt>
      <trkpt lat="45.98416" lon="6.93564">
        <ele>1336</ele>
        <extensions>
          <distance>10895</distance>
        </extensions>
      </trkpt>
      <trkpt lat="45.98416" lon="6.93569">
        <ele>1338</ele>
        <extensions>
          <distance>10899</distance>
        </extensions>
      </trkpt>
      <trkpt lat="45.98412" lon="6.93572">
        <ele>1339</ele>
        <extensions>
          <distance>10904</distance>
        </extensions>
      </trkpt>
      <trkpt lat="45.98411" lon="6.93575">
        <ele>1341</ele>
        <extensions>
          <distance>10907</distance>
        </extensions>
      </trkpt>
      <trkpt lat="45.98408" lon="6.93577">
        <ele>1343</ele>
        <extensions>
          <distance>10911</distance>
        </extensions>
      </trkpt>
      <trkpt lat="45.98406" lon="6.93583">
        <ele>1346</ele>
        <extensions>
          <distance>10917</distance>
        </extensions>
      </trkpt>
      <trkpt lat="45.98402" lon="6.93586">
        <ele>1348</ele>
        <extensions>
          <distance>10922</distance>
        </extensions>
      </trkpt>
      <trkpt lat="45.98401" lon="6.9359">
        <ele>1350</ele>
        <extensions>
          <distance>10927</distance>
        </extensions>
      </trkpt>
      <trkpt lat="45.98398" lon="6.93591">
        <ele>1350</ele>
        <extensions>
          <distance>10930</distance>
        </extensions>
      </trkpt>
      <trkpt lat="45.98396" lon="6.93601">
        <ele>1354</ele>
        <extensions>
          <distance>10939</distance>
        </extensions>
      </trkpt>
      <trkpt lat="45.98392" lon="6.93604">
        <ele>1355</ele>
        <extensions>
          <distance>10944</distance>
        </extensions>
      </trkpt>
      <trkpt lat="45.98391" lon="6.93607">
        <ele>1356</ele>
        <extensions>
          <distance>10946</distance>
        </extensions>
      </trkpt>
      <trkpt lat="45.98385" lon="6.93613">
        <ele>1356</ele>
        <extensions>
          <distance>10955</distance>
        </extensions>
      </trkpt>
      <trkpt lat="45.98382" lon="6.93614">
        <ele>1356</ele>
        <extensions>
          <distance>10958</distance>
        </extensions>
      </trkpt>
      <trkpt lat="45.98379" lon="6.93612">
        <ele>1356</ele>
        <extensions>
          <distance>10962</distance>
        </extensions>
      </trkpt>
      <trkpt lat="45.98374" lon="6.93611">
        <ele>1356</ele>
        <extensions>
          <distance>10967</distance>
        </extensions>
      </trkpt>
      <trkpt lat="45.9837" lon="6.93616">
        <ele>1356</ele>
        <extensions>
          <distance>10973</distance>
        </extensions>
      </trkpt>
      <trkpt lat="45.98365" lon="6.93618">
        <ele>1356</ele>
        <extensions>
          <distance>10979</distance>
        </extensions>
      </trkpt>
      <trkpt lat="45.98364" lon="6.93621">
        <ele>1356</ele>
        <extensions>
          <distance>10981</distance>
        </extensions>
      </trkpt>
      <trkpt lat="45.9836" lon="6.93626">
        <ele>1357</ele>
        <extensions>
          <distance>10987</distance>
        </extensions>
      </trkpt>
      <trkpt lat="45.98359" lon="6.93624">
        <ele>1357</ele>
        <extensions>
          <distance>10989</distance>
        </extensions>
      </trkpt>
      <trkpt lat="45.9836" lon="6.93621">
        <ele>1357</ele>
        <extensions>
          <distance>10992</distance>
        </extensions>
      </trkpt>
      <trkpt lat="45.98363" lon="6.9362">
        <ele>1355</ele>
        <extensions>
          <distance>10995</distance>
        </extensions>
      </trkpt>
      <trkpt lat="45.98366" lon="6.93614">
        <ele>1355</ele>
        <extensions>
          <distance>11001</distance>
        </extensions>
      </trkpt>
      <trkpt lat="45.98374" lon="6.93607">
        <ele>1355</ele>
        <extensions>
          <distance>11012</distance>
        </extensions>
      </trkpt>
      <trkpt lat="45.9838" lon="6.93605">
        <ele>1357</ele>
        <extensions>
          <distance>11018</distance>
        </extensions>
      </trkpt>
      <trkpt lat="45.9839" lon="6.9361">
        <ele>1358</ele>
        <extensions>
          <distance>11030</distance>
        </extensions>
      </trkpt>
      <trkpt lat="45.98404" lon="6.93613">
        <ele>1363</ele>
        <extensions>
          <distance>11046</distance>
        </extensions>
      </trkpt>
      <trkpt lat="45.98416" lon="6.93626">
        <ele>1372</ele>
        <extensions>
          <distance>11065</distance>
        </extensions>
      </trkpt>
      <trkpt lat="45.98421" lon="6.93626">
        <ele>1372</ele>
        <extensions>
          <distance>11071</distance>
        </extensions>
      </trkpt>
      <trkpt lat="45.98425" lon="6.93629">
        <ele>1375</ele>
        <extensions>
          <distance>11076</distance>
        </extensions>
      </trkpt>
      <trkpt lat="45.98434" lon="6.93629">
        <ele>1376</ele>
        <extensions>
          <distance>11086</distance>
        </extensions>
      </trkpt>
      <trkpt lat="45.98439" lon="6.93632">
        <ele>1376</ele>
        <extensions>
          <distance>11092</distance>
        </extensions>
      </trkpt>
      <trkpt lat="45.98441" lon="6.93629">
        <ele>1376</ele>
        <extensions>
          <distance>11095</distance>
        </extensions>
      </trkpt>
      <trkpt lat="45.98448" lon="6.93629">
        <ele>1376</ele>
        <extensions>
          <distance>11103</distance>
        </extensions>
      </trkpt>
      <trkpt lat="45.98453" lon="6.93627">
        <ele>1376</ele>
        <extensions>
          <distance>11109</distance>
        </extensions>
      </trkpt>
      <trkpt lat="45.98457" lon="6.93624">
        <ele>1377</ele>
        <extensions>
          <distance>11114</distance>
        </extensions>
      </trkpt>
      <trkpt lat="45.98462" lon="6.93624">
        <ele>1377</ele>
        <extensions>
          <distance>11120</distance>
        </extensions>
      </trkpt>
      <trkpt lat="45.98468" lon="6.93621">
        <ele>1377</ele>
        <extensions>
          <distance>11127</distance>
        </extensions>
      </trkpt>
      <trkpt lat="45.98471" lon="6.93621">
        <ele>1377</ele>
        <extensions>
          <distance>11130</distance>
        </extensions>
      </trkpt>
      <trkpt lat="45.98479" lon="6.93618">
        <ele>1377</ele>
        <extensions>
          <distance>11139</distance>
        </extensions>
      </trkpt>
      <trkpt lat="45.98482" lon="6.93618">
        <ele>1377</ele>
        <extensions>
          <distance>11142</distance>
        </extensions>
      </trkpt>
      <trkpt lat="45.98497" lon="6.93614">
        <ele>1381</ele>
        <extensions>
          <distance>11160</distance>
        </extensions>
      </trkpt>
      <trkpt lat="45.98502" lon="6.9361">
        <ele>1381</ele>
        <extensions>
          <distance>11166</distance>
        </extensions>
      </trkpt>
      <trkpt lat="45.98503" lon="6.93607">
        <ele>1381</ele>
        <extensions>
          <distance>11169</distance>
        </extensions>
      </trkpt>
      <trkpt lat="45.98505" lon="6.93605">
        <ele>1381</ele>
        <extensions>
          <distance>11171</distance>
        </extensions>
      </trkpt>
      <trkpt lat="45.98508" lon="6.93604">
        <ele>1382</ele>
        <extensions>
          <distance>11175</distance>
        </extensions>
      </trkpt>
      <trkpt lat="45.98514" lon="6.93598">
        <ele>1382</ele>
        <extensions>
          <distance>11183</distance>
        </extensions>
      </trkpt>
      <trkpt lat="45.98524" lon="6.93594">
        <ele>1383</ele>
        <extensions>
          <distance>11194</distance>
        </extensions>
      </trkpt>
      <trkpt lat="45.98528" lon="6.93589">
        <ele>1384</ele>
        <extensions>
          <distance>11200</distance>
        </extensions>
      </trkpt>
      <trkpt lat="45.9853" lon="6.93588">
        <ele>1384</ele>
        <extensions>
          <distance>11203</distance>
        </extensions>
      </trkpt>
      <trkpt lat="45.98533" lon="6.93589">
        <ele>1384</ele>
        <extensions>
          <distance>11206</distance>
        </extensions>
      </trkpt>
      <trkpt lat="45.98535" lon="6.93591">
        <ele>1387</ele>
        <extensions>
          <distance>11209</distance>
        </extensions>
      </trkpt>
      <trkpt lat="45.98538" lon="6.93591">
        <ele>1387</ele>
        <extensions>
          <distance>11213</distance>
        </extensions>
      </trkpt>
      <trkpt lat="45.98545" lon="6.93586">
        <ele>1388</ele>
        <extensions>
          <distance>11221</distance>
        </extensions>
      </trkpt>
      <trkpt lat="45.98546" lon="6.93581">
        <ele>1389</ele>
        <extensions>
          <distance>11225</distance>
        </extensions>
      </trkpt>
      <trkpt lat="45.98548" lon="6.9358">
        <ele>1389</ele>
        <extensions>
          <distance>11228</distance>
        </extensions>
      </trkpt>
      <trkpt lat="45.98551" lon="6.93581">
        <ele>1391</ele>
        <extensions>
          <distance>11232</distance>
        </extensions>
      </trkpt>
      <trkpt lat="45.98562" lon="6.93577">
        <ele>1391</ele>
        <extensions>
          <distance>11244</distance>
        </extensions>
      </trkpt>
      <trkpt lat="45.98565" lon="6.93577">
        <ele>1392</ele>
        <extensions>
          <distance>11248</distance>
        </extensions>
      </trkpt>
      <trkpt lat="45.98569" lon="6.93573">
        <ele>1393</ele>
        <extensions>
          <distance>11253</distance>
        </extensions>
      </trkpt>
      <trkpt lat="45.98572" lon="6.93572">
        <ele>1393</ele>
        <extensions>
          <distance>11256</distance>
        </extensions>
      </trkpt>
      <trkpt lat="45.98577" lon="6.93573">
        <ele>1393</ele>
        <extensions>
          <distance>11262</distance>
        </extensions>
      </trkpt>
      <trkpt lat="45.9858" lon="6.93572">
        <ele>1395</ele>
        <extensions>
          <distance>11266</distance>
        </extensions>
      </trkpt>
      <trkpt lat="45.98585" lon="6.93573">
        <ele>1396</ele>
        <extensions>
          <distance>11271</distance>
        </extensions>
      </trkpt>
      <trkpt lat="45.98589" lon="6.93572">
        <ele>1396</ele>
        <extensions>
          <distance>11276</distance>
        </extensions>
      </trkpt>
      <trkpt lat="45.98591" lon="6.93574">
        <ele>1399</ele>
        <extensions>
          <distance>11279</distance>
        </extensions>
      </trkpt>
      <trkpt lat="45.98597" lon="6.93575">
        <ele>1400</ele>
        <extensions>
          <distance>11286</distance>
        </extensions>
      </trkpt>
      <trkpt lat="45.986" lon="6.93577">
        <ele>1403</ele>
        <extensions>
          <distance>11290</distance>
        </extensions>
      </trkpt>
      <trkpt lat="45.98602" lon="6.9358">
        <ele>1403</ele>
        <extensions>
          <distance>11293</distance>
        </extensions>
      </trkpt>
      <trkpt lat="45.9861" lon="6.93581">
        <ele>1406</ele>
        <extensions>
          <distance>11303</distance>
        </extensions>
      </trkpt>
      <trkpt lat="45.98615" lon="6.93577">
        <ele>1407</ele>
        <extensions>
          <distance>11309</distance>
        </extensions>
      </trkpt>
      <trkpt lat="45.9862" lon="6.93578">
        <ele>1408</ele>
        <extensions>
          <distance>11315</distance>
        </extensions>
      </trkpt>
      <trkpt lat="45.98629" lon="6.93575">
        <ele>1409</ele>
        <extensions>
          <distance>11325</distance>
        </extensions>
      </trkpt>
      <trkpt lat="45.98632" lon="6.93575">
        <ele>1409</ele>
        <extensions>
          <distance>11328</distance>
        </extensions>
      </trkpt>
      <trkpt lat="45.98633" lon="6.93574">
        <ele>1410</ele>
        <extensions>
          <distance>11330</distance>
        </extensions>
      </trkpt>
      <trkpt lat="45.98636" lon="6.93576">
        <ele>1411</ele>
        <extensions>
          <distance>11334</distance>
        </extensions>
      </trkpt>
      <trkpt lat="45.98643" lon="6.9357">
        <ele>1411</ele>
        <extensions>
          <distance>11343</distance>
        </extensions>
      </trkpt>
      <trkpt lat="45.98645" lon="6.93567">
        <ele>1412</ele>
        <extensions>
          <distance>11346</distance>
        </extensions>
      </trkpt>
      <trkpt lat="45.98647" lon="6.93567">
        <ele>1412</ele>
        <extensions>
          <distance>11348</distance>
        </extensions>
      </trkpt>
      <trkpt lat="45.98649" lon="6.93565">
        <ele>1412</ele>
        <extensions>
          <distance>11351</distance>
        </extensions>
      </trkpt>
      <trkpt lat="45.98652" lon="6.93564">
        <ele>1413</ele>
        <extensions>
          <distance>11354</distance>
        </extensions>
      </trkpt>
      <trkpt lat="45.98654" lon="6.93564">
        <ele>1413</ele>
        <extensions>
          <distance>11357</distance>
        </extensions>
      </trkpt>
      <trkpt lat="45.98655" lon="6.93566">
        <ele>1414</ele>
        <extensions>
          <distance>11359</distance>
        </extensions>
      </trkpt>
      <trkpt lat="45.98655" lon="6.93563">
        <ele>1414</ele>
        <extensions>
          <distance>11361</distance>
        </extensions>
      </trkpt>
      <trkpt lat="45.98655" lon="6.93567">
        <ele>1414</ele>
        <extensions>
          <distance>11364</distance>
        </extensions>
      </trkpt>
      <trkpt lat="45.98656" lon="6.93569">
        <ele>1414</ele>
        <extensions>
          <distance>11366</distance>
        </extensions>
      </trkpt>
      <trkpt lat="45.98656" lon="6.93565">
        <ele>1414</ele>
        <extensions>
          <distance>11369</distance>
        </extensions>
      </trkpt>
      <trkpt lat="45.98662" lon="6.93563">
        <ele>1416</ele>
        <extensions>
          <distance>11376</distance>
        </extensions>
      </trkpt>
      <trkpt lat="45.98668" lon="6.93563">
        <ele>1416</ele>
        <extensions>
          <distance>11383</distance>
        </extensions>
      </trkpt>
      <trkpt lat="45.98674" lon="6.93561">
        <ele>1415</ele>
        <extensions>
          <distance>11390</distance>
        </extensions>
      </trkpt>
      <trkpt lat="45.98683" lon="6.93561">
        <ele>1415</ele>
        <extensions>
          <distance>11400</distance>
        </extensions>
      </trkpt>
      <trkpt lat="45.98688" lon="6.93559">
        <ele>1415</ele>
        <extensions>
          <distance>11405</distance>
        </extensions>
      </trkpt>
      <trkpt lat="45.98694" lon="6.93559">
        <ele>1415</ele>
        <extensions>
          <distance>11412</distance>
        </extensions>
      </trkpt>
      <trkpt lat="45.98705" lon="6.93557">
        <ele>1414</ele>
        <extensions>
          <distance>11424</distance>
        </extensions>
      </trkpt>
      <trkpt lat="45.98718" lon="6.93562">
        <ele>1414</ele>
        <extensions>
          <distance>11439</distance>
        </extensions>
      </trkpt>
      <trkpt lat="45.98721" lon="6.9356">
        <ele>1413</ele>
        <extensions>
          <distance>11443</distance>
        </extensions>
      </trkpt>
      <trkpt lat="45.98724" lon="6.93561">
        <ele>1413</ele>
        <extensions>
          <distance>11446</distance>
        </extensions>
      </trkpt>
      <trkpt lat="45.98731" lon="6.93561">
        <ele>1413</ele>
        <extensions>
          <distance>11454</distance>
        </extensions>
      </trkpt>
      <trkpt lat="45.98736" lon="6.93563">
        <ele>1413</ele>
        <extensions>
          <distance>11460</distance>
        </extensions>
      </trkpt>
      <trkpt lat="45.98745" lon="6.93564">
        <ele>1413</ele>
        <extensions>
          <distance>11470</distance>
        </extensions>
      </trkpt>
      <trkpt lat="45.98753" lon="6.9356">
        <ele>1413</ele>
        <extensions>
          <distance>11479</distance>
        </extensions>
      </trkpt>
      <trkpt lat="45.98756" lon="6.9356">
        <ele>1413</ele>
        <extensions>
          <distance>11483</distance>
        </extensions>
      </trkpt>
      <trkpt lat="45.98761" lon="6.93558">
        <ele>1413</ele>
        <extensions>
          <distance>11489</distance>
        </extensions>
      </trkpt>
      <trkpt lat="45.98763" lon="6.93556">
        <ele>1413</ele>
        <extensions>
          <distance>11491</distance>
        </extensions>
      </trkpt>
      <trkpt lat="45.98771" lon="6.93555">
        <ele>1413</ele>
        <extensions>
          <distance>11500</distance>
        </extensions>
      </trkpt>
      <trkpt lat="45.98778" lon="6.93561">
        <ele>1413</ele>
        <extensions>
          <distance>11509</distance>
        </extensions>
      </trkpt>
      <trkpt lat="45.98779" lon="6.93564">
        <ele>1414</ele>
        <extensions>
          <distance>11512</distance>
        </extensions>
      </trkpt>
      <trkpt lat="45.98781" lon="6.93566">
        <ele>1414</ele>
        <extensions>
          <distance>11515</distance>
        </extensions>
      </trkpt>
      <trkpt lat="45.98789" lon="6.93571">
        <ele>1414</ele>
        <extensions>
          <distance>11524</distance>
        </extensions>
      </trkpt>
      <trkpt lat="45.98795" lon="6.93577">
        <ele>1414</ele>
        <extensions>
          <distance>11532</distance>
        </extensions>
      </trkpt>
      <trkpt lat="45.98798" lon="6.93577">
        <ele>1415</ele>
        <extensions>
          <distance>11536</distance>
        </extensions>
      </trkpt>
      <trkpt lat="45.988" lon="6.93579">
        <ele>1415</ele>
        <extensions>
          <distance>11538</distance>
        </extensions>
      </trkpt>
      <trkpt lat="45.98815" lon="6.93587">
        <ele>1415</ele>
        <extensions>
          <distance>11556</distance>
        </extensions>
      </trkpt>
      <trkpt lat="45.98817" lon="6.9359">
        <ele>1415</ele>
        <extensions>
          <distance>11559</distance>
        </extensions>
      </trkpt>
      <trkpt lat="45.98826" lon="6.93598">
        <ele>1415</ele>
        <extensions>
          <distance>11571</distance>
        </extensions>
      </trkpt>
      <trkpt lat="45.98834" lon="6.93598">
        <ele>1415</ele>
        <extensions>
          <distance>11580</distance>
        </extensions>
      </trkpt>
      <trkpt lat="45.98837" lon="6.93599">
        <ele>1415</ele>
        <extensions>
          <distance>11584</distance>
        </extensions>
      </trkpt>
      <trkpt lat="45.98846" lon="6.93589">
        <ele>1412</ele>
        <extensions>
          <distance>11596</distance>
        </extensions>
      </trkpt>
      <trkpt lat="45.98851" lon="6.93586">
        <ele>1412</ele>
        <extensions>
          <distance>11602</distance>
        </extensions>
      </trkpt>
      <trkpt lat="45.98861" lon="6.93587">
        <ele>1411</ele>
        <extensions>
          <distance>11613</distance>
        </extensions>
      </trkpt>
      <trkpt lat="45.9887" lon="6.93583">
        <ele>1411</ele>
        <extensions>
          <distance>11624</distance>
        </extensions>
      </trkpt>
      <trkpt lat="45.98873" lon="6.93584">
        <ele>1411</ele>
        <extensions>
          <distance>11627</distance>
        </extensions>
      </trkpt>
      <trkpt lat="45.98882" lon="6.93583">
        <ele>1411</ele>
        <extensions>
          <distance>11637</distance>
        </extensions>
      </trkpt>
      <trkpt lat="45.98886" lon="6.93588">
        <ele>1411</ele>
        <extensions>
          <distance>11643</distance>
        </extensions>
      </trkpt>
      <trkpt lat="45.98889" lon="6.93588">
        <ele>1411</ele>
        <extensions>
          <distance>11646</distance>
        </extensions>
      </trkpt>
      <trkpt lat="45.98894" lon="6.9359">
        <ele>1412</ele>
        <extensions>
          <distance>11652</distance>
        </extensions>
      </trkpt>
      <trkpt lat="45.98897" lon="6.93593">
        <ele>1412</ele>
        <extensions>
          <distance>11656</distance>
        </extensions>
      </trkpt>
      <trkpt lat="45.989" lon="6.93599">
        <ele>1415</ele>
        <extensions>
          <distance>11662</distance>
        </extensions>
      </trkpt>
      <trkpt lat="45.98906" lon="6.93601">
        <ele>1415</ele>
        <extensions>
          <distance>11669</distance>
        </extensions>
      </trkpt>
      <trkpt lat="45.98918" lon="6.93618">
        <ele>1420</ele>
        <extensions>
          <distance>11688</distance>
        </extensions>
      </trkpt>
      <trkpt lat="45.98924" lon="6.9362">
        <ele>1421</ele>
        <extensions>
          <distance>11695</distance>
        </extensions>
      </trkpt>
      <trkpt lat="45.98924" lon="6.93624">
        <ele>1423</ele>
        <extensions>
          <distance>11698</distance>
        </extensions>
      </trkpt>
      <trkpt lat="45.98926" lon="6.93626">
        <ele>1423</ele>
        <extensions>
          <distance>11701</distance>
        </extensions>
      </trkpt>
      <trkpt lat="45.98927" lon="6.93629">
        <ele>1423</ele>
        <extensions>
          <distance>11703</distance>
        </extensions>
      </trkpt>
      <trkpt lat="45.98931" lon="6.93626">
        <ele>1424</ele>
        <extensions>
          <distance>11708</distance>
        </extensions>
      </trkpt>
      <trkpt lat="45.98932" lon="6.93629">
        <ele>1424</ele>
        <extensions>
          <distance>11711</distance>
        </extensions>
      </trkpt>
      <trkpt lat="45.98934" lon="6.93631">
        <ele>1424</ele>
        <extensions>
          <distance>11714</distance>
        </extensions>
      </trkpt>
      <trkpt lat="45.98941" lon="6.93635">
        <ele>1426</ele>
        <extensions>
          <distance>11722</distance>
        </extensions>
      </trkpt>
      <trkpt lat="45.98944" lon="6.93635">
        <ele>1426</ele>
        <extensions>
          <distance>11726</distance>
        </extensions>
      </trkpt>
      <trkpt lat="45.98948" lon="6.93639">
        <ele>1427</ele>
        <extensions>
          <distance>11731</distance>
        </extensions>
      </trkpt>
      <trkpt lat="45.98942" lon="6.93651">
        <ele>1430</ele>
        <extensions>
          <distance>11743</distance>
        </extensions>
      </trkpt>
      <trkpt lat="45.98942" lon="6.93648">
        <ele>1430</ele>
        <extensions>
          <distance>11745</distance>
        </extensions>
      </trkpt>
      <trkpt lat="45.98944" lon="6.93647">
        <ele>1431</ele>
        <extensions>
          <distance>11748</distance>
        </extensions>
      </trkpt>
      <trkpt lat="45.98949" lon="6.9365">
        <ele>1432</ele>
        <extensions>
          <distance>11754</distance>
        </extensions>
      </trkpt>
      <trkpt lat="45.98957" lon="6.93652">
        <ele>1432</ele>
        <extensions>
          <distance>11763</distance>
        </extensions>
      </trkpt>
      <trkpt lat="45.98963" lon="6.93658">
        <ele>1434</ele>
        <extensions>
          <distance>11771</distance>
        </extensions>
      </trkpt>
      <trkpt lat="45.9898" lon="6.93665">
        <ele>1435</ele>
        <extensions>
          <distance>11791</distance>
        </extensions>
      </trkpt>
      <trkpt lat="45.98986" lon="6.93672">
        <ele>1438</ele>
        <extensions>
          <distance>11800</distance>
        </extensions>
      </trkpt>
      <trkpt lat="45.98992" lon="6.93671">
        <ele>1438</ele>
        <extensions>
          <distance>11806</distance>
        </extensions>
      </trkpt>
      <trkpt lat="45.99005" lon="6.93677">
        <ele>1439</ele>
        <extensions>
          <distance>11821</distance>
        </extensions>
      </trkpt>
      <trkpt lat="45.99007" lon="6.93676">
        <ele>1439</ele>
        <extensions>
          <distance>11824</distance>
        </extensions>
      </trkpt>
      <trkpt lat="45.99013" lon="6.93678">
        <ele>1439</ele>
        <extensions>
          <distance>11831</distance>
        </extensions>
      </trkpt>
      <trkpt lat="45.99018" lon="6.9368">
        <ele>1440</ele>
        <extensions>
          <distance>11836</distance>
        </extensions>
      </trkpt>
      <trkpt lat="45.9902" lon="6.93682">
        <ele>1440</ele>
        <extensions>
          <distance>11839</distance>
        </extensions>
      </trkpt>
      <trkpt lat="45.99023" lon="6.93682">
        <ele>1440</ele>
        <extensions>
          <distance>11842</distance>
        </extensions>
      </trkpt>
      <trkpt lat="45.99032" lon="6.93688">
        <ele>1441</ele>
        <extensions>
          <distance>11854</distance>
        </extensions>
      </trkpt>
      <trkpt lat="45.99034" lon="6.93691">
        <ele>1442</ele>
        <extensions>
          <distance>11857</distance>
        </extensions>
      </trkpt>
      <trkpt lat="45.9905" lon="6.9369">
        <ele>1442</ele>
        <extensions>
          <distance>11875</distance>
        </extensions>
      </trkpt>
      <trkpt lat="45.99059" lon="6.93698">
        <ele>1442</ele>
        <extensions>
          <distance>11886</distance>
        </extensions>
      </trkpt>
      <trkpt lat="45.99065" lon="6.93698">
        <ele>1442</ele>
        <extensions>
          <distance>11893</distance>
        </extensions>
      </trkpt>
      <trkpt lat="45.99068" lon="6.93697">
        <ele>1443</ele>
        <extensions>
          <distance>11896</distance>
        </extensions>
      </trkpt>
      <trkpt lat="45.99088" lon="6.93708">
        <ele>1444</ele>
        <extensions>
          <distance>11920</distance>
        </extensions>
      </trkpt>
      <trkpt lat="45.99096" lon="6.93708">
        <ele>1445</ele>
        <extensions>
          <distance>11929</distance>
        </extensions>
      </trkpt>
      <trkpt lat="45.99099" lon="6.93709">
        <ele>1445</ele>
        <extensions>
          <distance>11933</distance>
        </extensions>
      </trkpt>
      <trkpt lat="45.99101" lon="6.93708">
        <ele>1445</ele>
        <extensions>
          <distance>11935</distance>
        </extensions>
      </trkpt>
      <trkpt lat="45.99106" lon="6.9371">
        <ele>1446</ele>
        <extensions>
          <distance>11941</distance>
        </extensions>
      </trkpt>
      <trkpt lat="45.99117" lon="6.9371">
        <ele>1447</ele>
        <extensions>
          <distance>11953</distance>
        </extensions>
      </trkpt>
      <trkpt lat="45.99122" lon="6.93708">
        <ele>1447</ele>
        <extensions>
          <distance>11959</distance>
        </extensions>
      </trkpt>
      <trkpt lat="45.99129" lon="6.93703">
        <ele>1447</ele>
        <extensions>
          <distance>11968</distance>
        </extensions>
      </trkpt>
      <trkpt lat="45.99136" lon="6.93702">
        <ele>1448</ele>
        <extensions>
          <distance>11975</distance>
        </extensions>
      </trkpt>
      <trkpt lat="45.99148" lon="6.93706">
        <ele>1449</ele>
        <extensions>
          <distance>11989</distance>
        </extensions>
      </trkpt>
      <trkpt lat="45.99154" lon="6.93706">
        <ele>1450</ele>
        <extensions>
          <distance>11996</distance>
        </extensions>
      </trkpt>
      <trkpt lat="45.99157" lon="6.93705">
        <ele>1450</ele>
        <extensions>
          <distance>11999</distance>
        </extensions>
      </trkpt>
      <trkpt lat="45.99162" lon="6.93706">
        <ele>1450</ele>
        <extensions>
          <distance>12005</distance>
        </extensions>
      </trkpt>
      <trkpt lat="45.99164" lon="6.93708">
        <ele>1450</ele>
        <extensions>
          <distance>12008</distance>
        </extensions>
      </trkpt>
      <trkpt lat="45.99173" lon="6.93706">
        <ele>1449</ele>
        <extensions>
          <distance>12018</distance>
        </extensions>
      </trkpt>
      <trkpt lat="45.99178" lon="6.93708">
        <ele>1449</ele>
        <extensions>
          <distance>12024</distance>
        </extensions>
      </trkpt>
      <trkpt lat="45.9918" lon="6.9371">
        <ele>1449</ele>
        <extensions>
          <distance>12026</distance>
        </extensions>
      </trkpt>
      <trkpt lat="45.99191" lon="6.93712">
        <ele>1449</ele>
        <extensions>
          <distance>12039</distance>
        </extensions>
      </trkpt>
      <trkpt lat="45.99196" lon="6.93716">
        <ele>1450</ele>
        <extensions>
          <distance>12045</distance>
        </extensions>
      </trkpt>
      <trkpt lat="45.99197" lon="6.93719">
        <ele>1450</ele>
        <extensions>
          <distance>12047</distance>
        </extensions>
      </trkpt>
      <trkpt lat="45.99215" lon="6.93729">
        <ele>1451</ele>
        <extensions>
          <distance>12069</distance>
        </extensions>
      </trkpt>
      <trkpt lat="45.9922" lon="6.93733">
        <ele>1452</ele>
        <extensions>
          <distance>12075</distance>
        </extensions>
      </trkpt>
      <trkpt lat="45.99223" lon="6.93738">
        <ele>1453</ele>
        <extensions>
          <distance>12080</distance>
        </extensions>
      </trkpt>
      <trkpt lat="45.99226" lon="6.9374">
        <ele>1454</ele>
        <extensions>
          <distance>12084</distance>
        </extensions>
      </trkpt>
      <trkpt lat="45.99233" lon="6.93748">
        <ele>1456</ele>
        <extensions>
          <distance>12094</distance>
        </extensions>
      </trkpt>
      <trkpt lat="45.99238" lon="6.9376">
        <ele>1458</ele>
        <extensions>
          <distance>12105</distance>
        </extensions>
      </trkpt>
      <trkpt lat="45.99241" lon="6.93762">
        <ele>1459</ele>
        <extensions>
          <distance>12109</distance>
        </extensions>
      </trkpt>
      <trkpt lat="45.99243" lon="6.93769">
        <ele>1460</ele>
        <extensions>
          <distance>12115</distance>
        </extensions>
      </trkpt>
      <trkpt lat="45.99245" lon="6.93772">
        <ele>1462</ele>
        <extensions>
          <distance>12119</distance>
        </extensions>
      </trkpt>
      <trkpt lat="45.9926" lon="6.93785">
        <ele>1464</ele>
        <extensions>
          <distance>12138</distance>
        </extensions>
      </trkpt>
      <trkpt lat="45.99265" lon="6.93791">
        <ele>1466</ele>
        <extensions>
          <distance>12146</distance>
        </extensions>
      </trkpt>
      <trkpt lat="45.99269" lon="6.93794">
        <ele>1467</ele>
        <extensions>
          <distance>12151</distance>
        </extensions>
      </trkpt>
      <trkpt lat="45.99277" lon="6.93804">
        <ele>1469</ele>
        <extensions>
          <distance>12163</distance>
        </extensions>
      </trkpt>
      <trkpt lat="45.99283" lon="6.93804">
        <ele>1470</ele>
        <extensions>
          <distance>12170</distance>
        </extensions>
      </trkpt>
      <trkpt lat="45.9929" lon="6.93806">
        <ele>1470</ele>
        <extensions>
          <distance>12177</distance>
        </extensions>
      </trkpt>
      <trkpt lat="45.99294" lon="6.93803">
        <ele>1470</ele>
        <extensions>
          <distance>12183</distance>
        </extensions>
      </trkpt>
      <trkpt lat="45.99306" lon="6.93803">
        <ele>1470</ele>
        <extensions>
          <distance>12196</distance>
        </extensions>
      </trkpt>
      <trkpt lat="45.99312" lon="6.93801">
        <ele>1470</ele>
        <extensions>
          <distance>12203</distance>
        </extensions>
      </trkpt>
      <trkpt lat="45.99321" lon="6.93801">
        <ele>1470</ele>
        <extensions>
          <distance>12213</distance>
        </extensions>
      </trkpt>
      <trkpt lat="45.99324" lon="6.938">
        <ele>1470</ele>
        <extensions>
          <distance>12216</distance>
        </extensions>
      </trkpt>
      <trkpt lat="45.99327" lon="6.93801">
        <ele>1470</ele>
        <extensions>
          <distance>12220</distance>
        </extensions>
      </trkpt>
      <trkpt lat="45.99336" lon="6.93798">
        <ele>1468</ele>
        <extensions>
          <distance>12230</distance>
        </extensions>
      </trkpt>
      <trkpt lat="45.99339" lon="6.93798">
        <ele>1468</ele>
        <extensions>
          <distance>12233</distance>
        </extensions>
      </trkpt>
      <trkpt lat="45.99344" lon="6.938">
        <ele>1468</ele>
        <extensions>
          <distance>12239</distance>
        </extensions>
      </trkpt>
      <trkpt lat="45.99346" lon="6.93799">
        <ele>1468</ele>
        <extensions>
          <distance>12241</distance>
        </extensions>
      </trkpt>
      <trkpt lat="45.99352" lon="6.938">
        <ele>1468</ele>
        <extensions>
          <distance>12248</distance>
        </extensions>
      </trkpt>
      <trkpt lat="45.99363" lon="6.938">
        <ele>1468</ele>
        <extensions>
          <distance>12260</distance>
        </extensions>
      </trkpt>
      <trkpt lat="45.99368" lon="6.93799">
        <ele>1468</ele>
        <extensions>
          <distance>12266</distance>
        </extensions>
      </trkpt>
      <trkpt lat="45.9938" lon="6.93803">
        <ele>1469</ele>
        <extensions>
          <distance>12280</distance>
        </extensions>
      </trkpt>
      <trkpt lat="45.9939" lon="6.93804">
        <ele>1471</ele>
        <extensions>
          <distance>12291</distance>
        </extensions>
      </trkpt>
      <trkpt lat="45.99393" lon="6.93806">
        <ele>1472</ele>
        <extensions>
          <distance>12294</distance>
        </extensions>
      </trkpt>
      <trkpt lat="45.99407" lon="6.93801">
        <ele>1472</ele>
        <extensions>
          <distance>12310</distance>
        </extensions>
      </trkpt>
      <trkpt lat="45.99412" lon="6.93802">
        <ele>1472</ele>
        <extensions>
          <distance>12316</distance>
        </extensions>
      </trkpt>
      <trkpt lat="45.99417" lon="6.93801">
        <ele>1472</ele>
        <extensions>
          <distance>12322</distance>
        </extensions>
      </trkpt>
      <trkpt lat="45.9944" lon="6.93813">
        <ele>1474</ele>
        <extensions>
          <distance>12349</distance>
        </extensions>
      </trkpt>
      <trkpt lat="45.99443" lon="6.93827">
        <ele>1478</ele>
        <extensions>
          <distance>12360</distance>
        </extensions>
      </trkpt>
      <trkpt lat="45.99448" lon="6.93833">
        <ele>1478</ele>
        <extensions>
          <distance>12368</distance>
        </extensions>
      </trkpt>
      <trkpt lat="45.99449" lon="6.93845">
        <ele>1482</ele>
        <extensions>
          <distance>12378</distance>
        </extensions>
      </trkpt>
      <trkpt lat="45.99448" lon="6.9385">
        <ele>1484</ele>
        <extensions>
          <distance>12382</distance>
        </extensions>
      </trkpt>
      <trkpt lat="45.9945" lon="6.93853">
        <ele>1485</ele>
        <extensions>
          <distance>12385</distance>
        </extensions>
      </trkpt>
      <trkpt lat="45.9945" lon="6.93857">
        <ele>1487</ele>
        <extensions>
          <distance>12388</distance>
        </extensions>
      </trkpt>
      <trkpt lat="45.99468" lon="6.9388">
        <ele>1489</ele>
        <extensions>
          <distance>12416</distance>
        </extensions>
      </trkpt>
      <trkpt lat="45.99473" lon="6.93905">
        <ele>1492</ele>
        <extensions>
          <distance>12436</distance>
        </extensions>
      </trkpt>
      <trkpt lat="45.99476" lon="6.9391">
        <ele>1494</ele>
        <extensions>
          <distance>12441</distance>
        </extensions>
      </trkpt>
      <trkpt lat="45.99479" lon="6.93911">
        <ele>1496</ele>
        <extensions>
          <distance>12445</distance>
        </extensions>
      </trkpt>
      <trkpt lat="45.99487" lon="6.93918">
        <ele>1496</ele>
        <extensions>
          <distance>12456</distance>
        </extensions>
      </trkpt>
      <trkpt lat="45.99492" lon="6.93934">
        <ele>1496</ele>
        <extensions>
          <distance>12469</distance>
        </extensions>
      </trkpt>
      <trkpt lat="45.99496" lon="6.93937">
        <ele>1496</ele>
        <extensions>
          <distance>12474</distance>
        </extensions>
      </trkpt>
      <trkpt lat="45.99504" lon="6.93952">
        <ele>1496</ele>
        <extensions>
          <distance>12489</distance>
        </extensions>
      </trkpt>
      <trkpt lat="45.99509" lon="6.93952">
        <ele>1496</ele>
        <extensions>
          <distance>12495</distance>
        </extensions>
      </trkpt>
      <trkpt lat="45.99511" lon="6.93954">
        <ele>1497</ele>
        <extensions>
          <distance>12497</distance>
        </extensions>
      </trkpt>
      <trkpt lat="45.99517" lon="6.93961">
        <ele>1497</ele>
        <extensions>
          <distance>12506</distance>
        </extensions>
      </trkpt>
      <trkpt lat="45.9952" lon="6.93968">
        <ele>1496</ele>
        <extensions>
          <distance>12512</distance>
        </extensions>
      </trkpt>
      <trkpt lat="45.99523" lon="6.93971">
        <ele>1497</ele>
        <extensions>
          <distance>12516</distance>
        </extensions>
      </trkpt>
      <trkpt lat="45.99532" lon="6.93976">
        <ele>1496</ele>
        <extensions>
          <distance>12527</distance>
        </extensions>
      </trkpt>
      <trkpt lat="45.99534" lon="6.93983">
        <ele>1497</ele>
        <extensions>
          <distance>12533</distance>
        </extensions>
      </trkpt>
      <trkpt lat="45.99536" lon="6.93986">
        <ele>1497</ele>
        <extensions>
          <distance>12536</distance>
        </extensions>
      </trkpt>
      <trkpt lat="45.99543" lon="6.93992">
        <ele>1498</ele>
        <extensions>
          <distance>12545</distance>
        </extensions>
      </trkpt>
      <trkpt lat="45.99544" lon="6.93996">
        <ele>1498</ele>
        <extensions>
          <distance>12548</distance>
        </extensions>
      </trkpt>
      <trkpt lat="45.99551" lon="6.94005">
        <ele>1499</ele>
        <extensions>
          <distance>12559</distance>
        </extensions>
      </trkpt>
      <trkpt lat="45.99556" lon="6.94015">
        <ele>1502</ele>
        <extensions>
          <distance>12569</distance>
        </extensions>
      </trkpt>
      <trkpt lat="45.99557" lon="6.94022">
        <ele>1504</ele>
        <extensions>
          <distance>12574</distance>
        </extensions>
      </trkpt>
      <trkpt lat="45.99564" lon="6.94032">
        <ele>1505</ele>
        <extensions>
          <distance>12586</distance>
        </extensions>
      </trkpt>
      <trkpt lat="45.99567" lon="6.94041">
        <ele>1507</ele>
        <extensions>
          <distance>12593</distance>
        </extensions>
      </trkpt>
      <trkpt lat="45.99573" lon="6.9405">
        <ele>1509</ele>
        <extensions>
          <distance>12604</distance>
        </extensions>
      </trkpt>
      <trkpt lat="45.99579" lon="6.94062">
        <ele>1510</ele>
        <extensions>
          <distance>12615</distance>
        </extensions>
      </trkpt>
      <trkpt lat="45.99586" lon="6.94082">
        <ele>1511</ele>
        <extensions>
          <distance>12632</distance>
        </extensions>
      </trkpt>
      <trkpt lat="45.99586" lon="6.94089">
        <ele>1511</ele>
        <extensions>
          <distance>12638</distance>
        </extensions>
      </trkpt>
      <trkpt lat="45.99594" lon="6.94101">
        <ele>1511</ele>
        <extensions>
          <distance>12651</distance>
        </extensions>
      </trkpt>
      <trkpt lat="45.99595" lon="6.94104">
        <ele>1511</ele>
        <extensions>
          <distance>12653</distance>
        </extensions>
      </trkpt>
      <trkpt lat="45.99603" lon="6.94108">
        <ele>1511</ele>
        <extensions>
          <distance>12663</distance>
        </extensions>
      </trkpt>
      <trkpt lat="45.99606" lon="6.94118">
        <ele>1511</ele>
        <extensions>
          <distance>12671</distance>
        </extensions>
      </trkpt>
      <trkpt lat="45.99611" lon="6.94126">
        <ele>1511</ele>
        <extensions>
          <distance>12679</distance>
        </extensions>
      </trkpt>
      <trkpt lat="45.99611" lon="6.94141">
        <ele>1511</ele>
        <extensions>
          <distance>12691</distance>
        </extensions>
      </trkpt>
      <trkpt lat="45.99612" lon="6.94148">
        <ele>1511</ele>
        <extensions>
          <distance>12697</distance>
        </extensions>
      </trkpt>
      <trkpt lat="45.99613" lon="6.94151">
        <ele>1512</ele>
        <extensions>
          <distance>12699</distance>
        </extensions>
      </trkpt>
      <trkpt lat="45.99618" lon="6.94158">
        <ele>1512</ele>
        <extensions>
          <distance>12707</distance>
        </extensions>
      </trkpt>
      <trkpt lat="45.99619" lon="6.94173">
        <ele>1512</ele>
        <extensions>
          <distance>12719</distance>
        </extensions>
      </trkpt>
      <trkpt lat="45.99623" lon="6.94179">
        <ele>1513</ele>
        <extensions>
          <distance>12725</distance>
        </extensions>
      </trkpt>
      <trkpt lat="45.99625" lon="6.94187">
        <ele>1514</ele>
        <extensions>
          <distance>12732</distance>
        </extensions>
      </trkpt>
      <trkpt lat="45.99627" lon="6.94204">
        <ele>1515</ele>
        <extensions>
          <distance>12745</distance>
        </extensions>
      </trkpt>
      <trkpt lat="45.99627" lon="6.94219">
        <ele>1515</ele>
        <extensions>
          <distance>12757</distance>
        </extensions>
      </trkpt>
      <trkpt lat="45.99629" lon="6.94229">
        <ele>1515</ele>
        <extensions>
          <distance>12765</distance>
        </extensions>
      </trkpt>
      <trkpt lat="45.99636" lon="6.94241">
        <ele>1515</ele>
        <extensions>
          <distance>12777</distance>
        </extensions>
      </trkpt>
      <trkpt lat="45.99637" lon="6.94249">
        <ele>1516</ele>
        <extensions>
          <distance>12783</distance>
        </extensions>
      </trkpt>
      <trkpt lat="45.9964" lon="6.94255">
        <ele>1516</ele>
        <extensions>
          <distance>12789</distance>
        </extensions>
      </trkpt>
      <trkpt lat="45.99643" lon="6.94258">
        <ele>1517</ele>
        <extensions>
          <distance>12793</distance>
        </extensions>
      </trkpt>
      <trkpt lat="45.99645" lon="6.94265">
        <ele>1517</ele>
        <extensions>
          <distance>12799</distance>
        </extensions>
      </trkpt>
      <trkpt lat="45.99648" lon="6.94271">
        <ele>1517</ele>
        <extensions>
          <distance>12805</distance>
        </extensions>
      </trkpt>
      <trkpt lat="45.99657" lon="6.94283">
        <ele>1517</ele>
        <extensions>
          <distance>12818</distance>
        </extensions>
      </trkpt>
      <trkpt lat="45.99662" lon="6.94287">
        <ele>1517</ele>
        <extensions>
          <distance>12825</distance>
        </extensions>
      </trkpt>
      <trkpt lat="45.99667" lon="6.94293">
        <ele>1516</ele>
        <extensions>
          <distance>12832</distance>
        </extensions>
      </trkpt>
      <trkpt lat="45.99671" lon="6.943">
        <ele>1516</ele>
        <extensions>
          <distance>12839</distance>
        </extensions>
      </trkpt>
      <trkpt lat="45.99679" lon="6.94306">
        <ele>1515</ele>
        <extensions>
          <distance>12849</distance>
        </extensions>
      </trkpt>
      <trkpt lat="45.99685" lon="6.94314">
        <ele>1514</ele>
        <extensions>
          <distance>12858</distance>
        </extensions>
      </trkpt>
      <trkpt lat="45.99692" lon="6.94318">
        <ele>1514</ele>
        <extensions>
          <distance>12866</distance>
        </extensions>
      </trkpt>
      <trkpt lat="45.99696" lon="6.94324">
        <ele>1514</ele>
        <extensions>
          <distance>12873</distance>
        </extensions>
      </trkpt>
      <trkpt lat="45.99699" lon="6.94338">
        <ele>1514</ele>
        <extensions>
          <distance>12884</distance>
        </extensions>
      </trkpt>
      <trkpt lat="45.99699" lon="6.94343">
        <ele>1514</ele>
        <extensions>
          <distance>12888</distance>
        </extensions>
      </trkpt>
      <trkpt lat="45.99702" lon="6.94355">
        <ele>1514</ele>
        <extensions>
          <distance>12898</distance>
        </extensions>
      </trkpt>
      <trkpt lat="45.99705" lon="6.94357">
        <ele>1514</ele>
        <extensions>
          <distance>12902</distance>
        </extensions>
      </trkpt>
      <trkpt lat="45.99715" lon="6.94358">
        <ele>1510</ele>
        <extensions>
          <distance>12913</distance>
        </extensions>
      </trkpt>
      <trkpt lat="45.99721" lon="6.94364">
        <ele>1509</ele>
        <extensions>
          <distance>12921</distance>
        </extensions>
      </trkpt>
      <trkpt lat="45.99727" lon="6.94373">
        <ele>1509</ele>
        <extensions>
          <distance>12930</distance>
        </extensions>
      </trkpt>
      <trkpt lat="45.99741" lon="6.94398">
        <ele>1507</ele>
        <extensions>
          <distance>12955</distance>
        </extensions>
      </trkpt>
      <trkpt lat="45.99746" lon="6.9441">
        <ele>1507</ele>
        <extensions>
          <distance>12966</distance>
        </extensions>
      </trkpt>
      <trkpt lat="45.99747" lon="6.94415">
        <ele>1507</ele>
        <extensions>
          <distance>12970</distance>
        </extensions>
      </trkpt>
      <trkpt lat="45.99749" lon="6.94418">
        <ele>1507</ele>
        <extensions>
          <distance>12974</distance>
        </extensions>
      </trkpt>
      <trkpt lat="45.99753" lon="6.94421">
        <ele>1506</ele>
        <extensions>
          <distance>12979</distance>
        </extensions>
      </trkpt>
      <trkpt lat="45.99758" lon="6.94442">
        <ele>1504</ele>
        <extensions>
          <distance>12996</distance>
        </extensions>
      </trkpt>
      <trkpt lat="45.99772" lon="6.94465">
        <ele>1504</ele>
        <extensions>
          <distance>13019</distance>
        </extensions>
      </trkpt>
      <trkpt lat="45.99774" lon="6.94473">
        <ele>1503</ele>
        <extensions>
          <distance>13026</distance>
        </extensions>
      </trkpt>
      <trkpt lat="45.99784" lon="6.94488">
        <ele>1503</ele>
        <extensions>
          <distance>13042</distance>
        </extensions>
      </trkpt>
      <trkpt lat="45.99789" lon="6.94504">
        <ele>1502</ele>
        <extensions>
          <distance>13056</distance>
        </extensions>
      </trkpt>
      <trkpt lat="45.99797" lon="6.94513">
        <ele>1500</ele>
        <extensions>
          <distance>13067</distance>
        </extensions>
      </trkpt>
      <trkpt lat="45.99799" lon="6.94517">
        <ele>1499</ele>
        <extensions>
          <distance>13071</distance>
        </extensions>
      </trkpt>
      <trkpt lat="45.99805" lon="6.94546">
        <ele>1498</ele>
        <extensions>
          <distance>13094</distance>
        </extensions>
      </trkpt>
      <trkpt lat="45.99809" lon="6.94552">
        <ele>1496</ele>
        <extensions>
          <distance>13101</distance>
        </extensions>
      </trkpt>
      <trkpt lat="45.99816" lon="6.94568">
        <ele>1496</ele>
        <extensions>
          <distance>13116</distance>
        </extensions>
      </trkpt>
      <trkpt lat="45.99822" lon="6.94596">
        <ele>1495</ele>
        <extensions>
          <distance>13138</distance>
        </extensions>
      </trkpt>
      <trkpt lat="45.99822" lon="6.94601">
        <ele>1494</ele>
        <extensions>
          <distance>13142</distance>
        </extensions>
      </trkpt>
      <trkpt lat="45.99824" lon="6.94605">
        <ele>1494</ele>
        <extensions>
          <distance>13146</distance>
        </extensions>
      </trkpt>
      <trkpt lat="45.99826" lon="6.94614">
        <ele>1493</ele>
        <extensions>
          <distance>13153</distance>
        </extensions>
      </trkpt>
      <trkpt lat="45.99835" lon="6.9463">
        <ele>1490</ele>
        <extensions>
          <distance>13170</distance>
        </extensions>
      </trkpt>
      <trkpt lat="45.99842" lon="6.94634">
        <ele>1487</ele>
        <extensions>
          <distance>13179</distance>
        </extensions>
      </trkpt>
      <trkpt lat="45.99845" lon="6.94637">
        <ele>1487</ele>
        <extensions>
          <distance>13183</distance>
        </extensions>
      </trkpt>
      <trkpt lat="45.99846" lon="6.94641">
        <ele>1487</ele>
        <extensions>
          <distance>13186</distance>
        </extensions>
      </trkpt>
      <trkpt lat="45.99844" lon="6.94647">
        <ele>1487</ele>
        <extensions>
          <distance>13191</distance>
        </extensions>
      </trkpt>
      <trkpt lat="45.99845" lon="6.94651">
        <ele>1487</ele>
        <extensions>
          <distance>13194</distance>
        </extensions>
      </trkpt>
      <trkpt lat="45.99852" lon="6.94671">
        <ele>1487</ele>
        <extensions>
          <distance>13212</distance>
        </extensions>
      </trkpt>
      <trkpt lat="45.99855" lon="6.94674">
        <ele>1487</ele>
        <extensions>
          <distance>13216</distance>
        </extensions>
      </trkpt>
      <trkpt lat="45.99859" lon="6.94686">
        <ele>1487</ele>
        <extensions>
          <distance>13226</distance>
        </extensions>
      </trkpt>
      <trkpt lat="45.99865" lon="6.94698">
        <ele>1485</ele>
        <extensions>
          <distance>13238</distance>
        </extensions>
      </trkpt>
      <trkpt lat="45.99872" lon="6.94706">
        <ele>1484</ele>
        <extensions>
          <distance>13248</distance>
        </extensions>
      </trkpt>
      <trkpt lat="45.99883" lon="6.94716">
        <ele>1479</ele>
        <extensions>
          <distance>13263</distance>
        </extensions>
      </trkpt>
      <trkpt lat="45.99887" lon="6.94722">
        <ele>1478</ele>
        <extensions>
          <distance>13269</distance>
        </extensions>
      </trkpt>
      <trkpt lat="45.99898" lon="6.94749">
        <ele>1478</ele>
        <extensions>
          <distance>13294</distance>
        </extensions>
      </trkpt>
      <trkpt lat="45.99898" lon="6.94754">
        <ele>1478</ele>
        <extensions>
          <distance>13297</distance>
        </extensions>
      </trkpt>
      <trkpt lat="45.999" lon="6.94756">
        <ele>1478</ele>
        <extensions>
          <distance>13300</distance>
        </extensions>
      </trkpt>
      <trkpt lat="45.99904" lon="6.94774">
        <ele>1478</ele>
        <extensions>
          <distance>13315</distance>
        </extensions>
      </trkpt>
      <trkpt lat="45.99906" lon="6.94789">
        <ele>1478</ele>
        <extensions>
          <distance>13327</distance>
        </extensions>
      </trkpt>
      <trkpt lat="45.99911" lon="6.94804">
        <ele>1477</ele>
        <extensions>
          <distance>13339</distance>
        </extensions>
      </trkpt>
      <trkpt lat="45.99912" lon="6.94823">
        <ele>1477</ele>
        <extensions>
          <distance>13354</distance>
        </extensions>
      </trkpt>
      <trkpt lat="45.99914" lon="6.94836">
        <ele>1478</ele>
        <extensions>
          <distance>13365</distance>
        </extensions>
      </trkpt>
      <trkpt lat="45.99916" lon="6.94845">
        <ele>1477</ele>
        <extensions>
          <distance>13372</distance>
        </extensions>
      </trkpt>
      <trkpt lat="45.99918" lon="6.94849">
        <ele>1477</ele>
        <extensions>
          <distance>13376</distance>
        </extensions>
      </trkpt>
      <trkpt lat="45.99918" lon="6.94853">
        <ele>1477</ele>
        <extensions>
          <distance>13379</distance>
        </extensions>
      </trkpt>
      <trkpt lat="45.99922" lon="6.94865">
        <ele>1477</ele>
        <extensions>
          <distance>13389</distance>
        </extensions>
      </trkpt>
      <trkpt lat="45.99922" lon="6.94875">
        <ele>1477</ele>
        <extensions>
          <distance>13397</distance>
        </extensions>
      </trkpt>
      <trkpt lat="45.99924" lon="6.94884">
        <ele>1477</ele>
        <extensions>
          <distance>13404</distance>
        </extensions>
      </trkpt>
      <trkpt lat="45.99923" lon="6.94906">
        <ele>1477</ele>
        <extensions>
          <distance>13421</distance>
        </extensions>
      </trkpt>
      <trkpt lat="45.99932" lon="6.94922">
        <ele>1477</ele>
        <extensions>
          <distance>13437</distance>
        </extensions>
      </trkpt>
      <trkpt lat="45.99941" lon="6.94937">
        <ele>1475</ele>
        <extensions>
          <distance>13453</distance>
        </extensions>
      </trkpt>
      <trkpt lat="45.99942" lon="6.94941">
        <ele>1473</ele>
        <extensions>
          <distance>13456</distance>
        </extensions>
      </trkpt>
      <trkpt lat="45.9995" lon="6.94955">
        <ele>1471</ele>
        <extensions>
          <distance>13470</distance>
        </extensions>
      </trkpt>
      <trkpt lat="45.99951" lon="6.94969">
        <ele>1471</ele>
        <extensions>
          <distance>13481</distance>
        </extensions>
      </trkpt>
      <trkpt lat="45.99954" lon="6.94972">
        <ele>1471</ele>
        <extensions>
          <distance>13485</distance>
        </extensions>
      </trkpt>
      <trkpt lat="45.9997" lon="6.94977">
        <ele>1471</ele>
        <extensions>
          <distance>13503</distance>
        </extensions>
      </trkpt>
      <trkpt lat="45.99983" lon="6.94978">
        <ele>1471</ele>
        <extensions>
          <distance>13518</distance>
        </extensions>
      </trkpt>
      <trkpt lat="45.99985" lon="6.94975">
        <ele>1472</ele>
        <extensions>
          <distance>13521</distance>
        </extensions>
      </trkpt>
      <trkpt lat="45.99999" lon="6.9497">
        <ele>1472</ele>
        <extensions>
          <distance>13537</distance>
        </extensions>
      </trkpt>
      <trkpt lat="46.00003" lon="6.94964">
        <ele>1472</ele>
        <extensions>
          <distance>13544</distance>
        </extensions>
      </trkpt>
      <trkpt lat="46.00007" lon="6.94953">
        <ele>1472</ele>
        <extensions>
          <distance>13553</distance>
        </extensions>
      </trkpt>
      <trkpt lat="46.00017" lon="6.94935">
        <ele>1472</ele>
        <extensions>
          <distance>13571</distance>
        </extensions>
      </trkpt>
      <trkpt lat="46.00018" lon="6.94921">
        <ele>1472</ele>
        <extensions>
          <distance>13582</distance>
        </extensions>
      </trkpt>
      <trkpt lat="46.0002" lon="6.94918">
        <ele>1472</ele>
        <extensions>
          <distance>13585</distance>
        </extensions>
      </trkpt>
      <trkpt lat="46.00022" lon="6.9491">
        <ele>1472</ele>
        <extensions>
          <distance>13592</distance>
        </extensions>
      </trkpt>
      <trkpt lat="46.00026" lon="6.94904">
        <ele>1472</ele>
        <extensions>
          <distance>13598</distance>
        </extensions>
      </trkpt>
      <trkpt lat="46.00029" lon="6.94903">
        <ele>1472</ele>
        <extensions>
          <distance>13602</distance>
        </extensions>
      </trkpt>
      <trkpt lat="46.00041" lon="6.94906">
        <ele>1474</ele>
        <extensions>
          <distance>13615</distance>
        </extensions>
      </trkpt>
      <trkpt lat="46.00051" lon="6.94904">
        <ele>1475</ele>
        <extensions>
          <distance>13626</distance>
        </extensions>
      </trkpt>
      <trkpt lat="46.00059" lon="6.94898">
        <ele>1476</ele>
        <extensions>
          <distance>13636</distance>
        </extensions>
      </trkpt>
      <trkpt lat="46.00065" lon="6.94889">
        <ele>1476</ele>
        <extensions>
          <distance>13646</distance>
        </extensions>
      </trkpt>
      <trkpt lat="46.00068" lon="6.94883">
        <ele>1476</ele>
        <extensions>
          <distance>13652</distance>
        </extensions>
      </trkpt>
      <trkpt lat="46.00073" lon="6.94865">
        <ele>1476</ele>
        <extensions>
          <distance>13667</distance>
        </extensions>
      </trkpt>
      <trkpt lat="46.00075" lon="6.94862">
        <ele>1476</ele>
        <extensions>
          <distance>13670</distance>
        </extensions>
      </trkpt>
      <trkpt lat="46.00078" lon="6.94852">
        <ele>1476</ele>
        <extensions>
          <distance>13678</distance>
        </extensions>
      </trkpt>
      <trkpt lat="46.00083" lon="6.94841">
        <ele>1476</ele>
        <extensions>
          <distance>13689</distance>
        </extensions>
      </trkpt>
      <trkpt lat="46.00085" lon="6.94833">
        <ele>1475</ele>
        <extensions>
          <distance>13695</distance>
        </extensions>
      </trkpt>
      <trkpt lat="46.00099" lon="6.94812">
        <ele>1475</ele>
        <extensions>
          <distance>13718</distance>
        </extensions>
      </trkpt>
      <trkpt lat="46.001" lon="6.94808">
        <ele>1475</ele>
        <extensions>
          <distance>13721</distance>
        </extensions>
      </trkpt>
      <trkpt lat="46.00115" lon="6.94785">
        <ele>1474</ele>
        <extensions>
          <distance>13745</distance>
        </extensions>
      </trkpt>
      <trkpt lat="46.00124" lon="6.94778">
        <ele>1474</ele>
        <extensions>
          <distance>13757</distance>
        </extensions>
      </trkpt>
      <trkpt lat="46.00128" lon="6.94777">
        <ele>1474</ele>
        <extensions>
          <distance>13761</distance>
        </extensions>
      </trkpt>
      <trkpt lat="46.00134" lon="6.94773">
        <ele>1474</ele>
        <extensions>
          <distance>13769</distance>
        </extensions>
      </trkpt>
      <trkpt lat="46.00147" lon="6.94768">
        <ele>1475</ele>
        <extensions>
          <distance>13784</distance>
        </extensions>
      </trkpt>
      <trkpt lat="46.00161" lon="6.94762">
        <ele>1476</ele>
        <extensions>
          <distance>13800</distance>
        </extensions>
      </trkpt>
      <trkpt lat="46.00169" lon="6.94755">
        <ele>1476</ele>
        <extensions>
          <distance>13810</distance>
        </extensions>
      </trkpt>
      <trkpt lat="46.00172" lon="6.94754">
        <ele>1476</ele>
        <extensions>
          <distance>13814</distance>
        </extensions>
      </trkpt>
      <trkpt lat="46.00183" lon="6.94744">
        <ele>1476</ele>
        <extensions>
          <distance>13828</distance>
        </extensions>
      </trkpt>
      <trkpt lat="46.00189" lon="6.94741">
        <ele>1476</ele>
        <extensions>
          <distance>13835</distance>
        </extensions>
      </trkpt>
      <trkpt lat="46.00202" lon="6.9473">
        <ele>1476</ele>
        <extensions>
          <distance>13852</distance>
        </extensions>
      </trkpt>
      <trkpt lat="46.00212" lon="6.94718">
        <ele>1476</ele>
        <extensions>
          <distance>13866</distance>
        </extensions>
      </trkpt>
      <trkpt lat="46.0022" lon="6.94706">
        <ele>1476</ele>
        <extensions>
          <distance>13879</distance>
        </extensions>
      </trkpt>
      <trkpt lat="46.00232" lon="6.94692">
        <ele>1475</ele>
        <extensions>
          <distance>13897</distance>
        </extensions>
      </trkpt>
      <trkpt lat="46.00244" lon="6.94683">
        <ele>1475</ele>
        <extensions>
          <distance>13912</distance>
        </extensions>
      </trkpt>
      <trkpt lat="46.00256" lon="6.94674">
        <ele>1474</ele>
        <extensions>
          <distance>13927</distance>
        </extensions>
      </trkpt>
      <trkpt lat="46.00259" lon="6.94673">
        <ele>1474</ele>
        <extensions>
          <distance>13930</distance>
        </extensions>
      </trkpt>
      <trkpt lat="46.00268" lon="6.94667">
        <ele>1474</ele>
        <extensions>
          <distance>13941</distance>
        </extensions>
      </trkpt>
      <trkpt lat="46.00273" lon="6.94662">
        <ele>1474</ele>
        <extensions>
          <distance>13948</distance>
        </extensions>
      </trkpt>
      <trkpt lat="46.00283" lon="6.94656">
        <ele>1473</ele>
        <extensions>
          <distance>13960</distance>
        </extensions>
      </trkpt>
      <trkpt lat="46.00289" lon="6.94651">
        <ele>1473</ele>
        <extensions>
          <distance>13968</distance>
        </extensions>
      </trkpt>
      <trkpt lat="46.00295" lon="6.94644">
        <ele>1473</ele>
        <extensions>
          <distance>13976</distance>
        </extensions>
      </trkpt>
      <trkpt lat="46.00296" lon="6.94644">
        <ele>1473</ele>
        <extensions>
          <distance>13977</distance>
        </extensions>
      </trkpt>
      <trkpt lat="46.00297" lon="6.94642">
        <ele>1473</ele>
        <extensions>
          <distance>13979</distance>
        </extensions>
      </trkpt>
      <trkpt lat="46.0031" lon="6.94632">
        <ele>1473</ele>
        <extensions>
          <distance>13996</distance>
        </extensions>
      </trkpt>
      <trkpt lat="46.00313" lon="6.94632">
        <ele>1473</ele>
        <extensions>
          <distance>13999</distance>
        </extensions>
      </trkpt>
      <trkpt lat="46.00315" lon="6.9463">
        <ele>1473</ele>
        <extensions>
          <distance>14002</distance>
        </extensions>
      </trkpt>
      <trkpt lat="46.00318" lon="6.94629">
        <ele>1473</ele>
        <extensions>
          <distance>14005</distance>
        </extensions>
      </trkpt>
      <trkpt lat="46.00323" lon="6.94632">
        <ele>1473</ele>
        <extensions>
          <distance>14011</distance>
        </extensions>
      </trkpt>
      <trkpt lat="46.00323" lon="6.94635">
        <ele>1473</ele>
        <extensions>
          <distance>14013</distance>
        </extensions>
      </trkpt>
      <trkpt lat="46.00335" lon="6.9465">
        <ele>1476</ele>
        <extensions>
          <distance>14031</distance>
        </extensions>
      </trkpt>
      <trkpt lat="46.00341" lon="6.9466">
        <ele>1477</ele>
        <extensions>
          <distance>14041</distance>
        </extensions>
      </trkpt>
      <trkpt lat="46.00348" lon="6.94669">
        <ele>1478</ele>
        <extensions>
          <distance>14052</distance>
        </extensions>
      </trkpt>
      <trkpt lat="46.00351" lon="6.94677">
        <ele>1479</ele>
        <extensions>
          <distance>14059</distance>
        </extensions>
      </trkpt>
      <trkpt lat="46.00356" lon="6.9468">
        <ele>1479</ele>
        <extensions>
          <distance>14065</distance>
        </extensions>
      </trkpt>
      <trkpt lat="46.00371" lon="6.94702">
        <ele>1482</ele>
        <extensions>
          <distance>14089</distance>
        </extensions>
      </trkpt>
      <trkpt lat="46.00386" lon="6.94723">
        <ele>1485</ele>
        <extensions>
          <distance>14112</distance>
        </extensions>
      </trkpt>
      <trkpt lat="46.00394" lon="6.94737">
        <ele>1486</ele>
        <extensions>
          <distance>14127</distance>
        </extensions>
      </trkpt>
      <trkpt lat="46.00415" lon="6.94757">
        <ele>1490</ele>
        <extensions>
          <distance>14155</distance>
        </extensions>
      </trkpt>
      <trkpt lat="46.00429" lon="6.94765">
        <ele>1491</ele>
        <extensions>
          <distance>14172</distance>
        </extensions>
      </trkpt>
      <trkpt lat="46.00442" lon="6.94773">
        <ele>1494</ele>
        <extensions>
          <distance>14188</distance>
        </extensions>
      </trkpt>
      <trkpt lat="46.00462" lon="6.94778">
        <ele>1497</ele>
        <extensions>
          <distance>14210</distance>
        </extensions>
      </trkpt>
      <trkpt lat="46.00482" lon="6.94791">
        <ele>1500</ele>
        <extensions>
          <distance>14235</distance>
        </extensions>
      </trkpt>
      <trkpt lat="46.00501" lon="6.94803">
        <ele>1503</ele>
        <extensions>
          <distance>14258</distance>
        </extensions>
      </trkpt>
      <trkpt lat="46.00511" lon="6.94807">
        <ele>1504</ele>
        <extensions>
          <distance>14270</distance>
        </extensions>
      </trkpt>
      <trkpt lat="46.00516" lon="6.94812">
        <ele>1505</ele>
        <extensions>
          <distance>14276</distance>
        </extensions>
      </trkpt>
      <trkpt lat="46.00526" lon="6.94814">
        <ele>1506</ele>
        <extensions>
          <distance>14288</distance>
        </extensions>
      </trkpt>
      <trkpt lat="46.00536" lon="6.94827">
        <ele>1509</ele>
        <extensions>
          <distance>14303</distance>
        </extensions>
      </trkpt>
      <trkpt lat="46.00546" lon="6.94819">
        <ele>1511</ele>
        <extensions>
          <distance>14316</distance>
        </extensions>
      </trkpt>
      <trkpt lat="46.00556" lon="6.94815">
        <ele>1514</ele>
        <extensions>
          <distance>14328</distance>
        </extensions>
      </trkpt>
      <trkpt lat="46.00569" lon="6.94816">
        <ele>1515</ele>
        <extensions>
          <distance>14342</distance>
        </extensions>
      </trkpt>
      <trkpt lat="46.00578" lon="6.94819">
        <ele>1516</ele>
        <extensions>
          <distance>14353</distance>
        </extensions>
      </trkpt>
      <trkpt lat="46.0059" lon="6.94821">
        <ele>1517</ele>
        <extensions>
          <distance>14366</distance>
        </extensions>
      </trkpt>
      <trkpt lat="46.00608" lon="6.94818">
        <ele>1518</ele>
        <extensions>
          <distance>14386</distance>
        </extensions>
      </trkpt>
      <trkpt lat="46.00623" lon="6.94819">
        <ele>1518</ele>
        <extensions>
          <distance>14403</distance>
        </extensions>
      </trkpt>
      <trkpt lat="46.00629" lon="6.94804">
        <ele>1519</ele>
        <extensions>
          <distance>14416</distance>
        </extensions>
      </trkpt>
      <trkpt lat="46.00635" lon="6.94785">
        <ele>1524</ele>
        <extensions>
          <distance>14433</distance>
        </extensions>
      </trkpt>
      <trkpt lat="46.00639" lon="6.94754">
        <ele>1535</ele>
        <extensions>
          <distance>14460</distance>
        </extensions>
      </trkpt>
      <trkpt lat="46.00633" lon="6.94736">
        <ele>1544</ele>
        <extensions>
          <distance>14478</distance>
        </extensions>
      </trkpt>
      <trkpt lat="46.00627" lon="6.94719">
        <ele>1550</ele>
        <extensions>
          <distance>14494</distance>
        </extensions>
      </trkpt>
      <trkpt lat="46.0061" lon="6.94707">
        <ele>1553</ele>
        <extensions>
          <distance>14515</distance>
        </extensions>
      </trkpt>
      <trkpt lat="46.00597" lon="6.94693">
        <ele>1562</ele>
        <extensions>
          <distance>14535</distance>
        </extensions>
      </trkpt>
      <trkpt lat="46.0058" lon="6.94682">
        <ele>1567</ele>
        <extensions>
          <distance>14556</distance>
        </extensions>
      </trkpt>
      <trkpt lat="46.00571" lon="6.94668">
        <ele>1571</ele>
        <extensions>
          <distance>14572</distance>
        </extensions>
      </trkpt>
      <trkpt lat="46.00565" lon="6.94653">
        <ele>1576</ele>
        <extensions>
          <distance>14586</distance>
        </extensions>
      </trkpt>
      <trkpt lat="46.00561" lon="6.94638">
        <ele>1578</ele>
        <extensions>
          <distance>14598</distance>
        </extensions>
      </trkpt>
      <trkpt lat="46.00564" lon="6.94606">
        <ele>1590</ele>
        <extensions>
          <distance>14626</distance>
        </extensions>
      </trkpt>
      <trkpt lat="46.00563" lon="6.94583">
        <ele>1593</ele>
        <extensions>
          <distance>14644</distance>
        </extensions>
      </trkpt>
      <trkpt lat="46.00561" lon="6.94567">
        <ele>1595</ele>
        <extensions>
          <distance>14657</distance>
        </extensions>
      </trkpt>
      <trkpt lat="46.00558" lon="6.9456">
        <ele>1596</ele>
        <extensions>
          <distance>14663</distance>
        </extensions>
      </trkpt>
      <trkpt lat="46.0055" lon="6.94532">
        <ele>1597</ele>
        <extensions>
          <distance>14687</distance>
        </extensions>
      </trkpt>
      <trkpt lat="46.00563" lon="6.94548">
        <ele>1601</ele>
        <extensions>
          <distance>14706</distance>
        </extensions>
      </trkpt>
      <trkpt lat="46.00572" lon="6.94566">
        <ele>1603</ele>
        <extensions>
          <distance>14723</distance>
        </extensions>
      </trkpt>
      <trkpt lat="46.00583" lon="6.94583">
        <ele>1606</ele>
        <extensions>
          <distance>14741</distance>
        </extensions>
      </trkpt>
      <trkpt lat="46.00587" lon="6.94595">
        <ele>1606</ele>
        <extensions>
          <distance>14752</distance>
        </extensions>
      </trkpt>
      <trkpt lat="46.00612" lon="6.94592">
        <ele>1623</ele>
        <extensions>
          <distance>14783</distance>
        </extensions>
      </trkpt>
      <trkpt lat="46.00636" lon="6.94594">
        <ele>1631</ele>
        <extensions>
          <distance>14811</distance>
        </extensions>
      </trkpt>
      <trkpt lat="46.0063" lon="6.94572">
        <ele>1640</ele>
        <extensions>
          <distance>14832</distance>
        </extensions>
      </trkpt>
      <trkpt lat="46.00625" lon="6.94551">
        <ele>1643</ele>
        <extensions>
          <distance>14849</distance>
        </extensions>
      </trkpt>
      <trkpt lat="46.00614" lon="6.94518">
        <ele>1644</ele>
        <extensions>
          <distance>14877</distance>
        </extensions>
      </trkpt>
      <trkpt lat="46.00622" lon="6.94519">
        <ele>1648</ele>
        <extensions>
          <distance>14887</distance>
        </extensions>
      </trkpt>
      <trkpt lat="46.00634" lon="6.94528">
        <ele>1654</ele>
        <extensions>
          <distance>14903</distance>
        </extensions>
      </trkpt>
      <trkpt lat="46.00643" lon="6.94537">
        <ele>1656</ele>
        <extensions>
          <distance>14915</distance>
        </extensions>
      </trkpt>
      <trkpt lat="46.00646" lon="6.94516">
        <ele>1658</ele>
        <extensions>
          <distance>14932</distance>
        </extensions>
      </trkpt>
      <trkpt lat="46.00647" lon="6.94496">
        <ele>1659</ele>
        <extensions>
          <distance>14947</distance>
        </extensions>
      </trkpt>
      <trkpt lat="46.0065" lon="6.94477">
        <ele>1663</ele>
        <extensions>
          <distance>14963</distance>
        </extensions>
      </trkpt>
      <trkpt lat="46.00649" lon="6.94461">
        <ele>1664</ele>
        <extensions>
          <distance>14975</distance>
        </extensions>
      </trkpt>
      <trkpt lat="46.0065" lon="6.94447">
        <ele>1667</ele>
        <extensions>
          <distance>14987</distance>
        </extensions>
      </trkpt>
      <trkpt lat="46.00649" lon="6.94409">
        <ele>1668</ele>
        <extensions>
          <distance>15016</distance>
        </extensions>
      </trkpt>
      <trkpt lat="46.0066" lon="6.94399">
        <ele>1671</ele>
        <extensions>
          <distance>15031</distance>
        </extensions>
      </trkpt>
      <trkpt lat="46.00673" lon="6.94389">
        <ele>1675</ele>
        <extensions>
          <distance>15048</distance>
        </extensions>
      </trkpt>
      <trkpt lat="46.00687" lon="6.94379">
        <ele>1677</ele>
        <extensions>
          <distance>15065</distance>
        </extensions>
      </trkpt>
      <trkpt lat="46.00695" lon="6.94405">
        <ele>1687</ele>
        <extensions>
          <distance>15089</distance>
        </extensions>
      </trkpt>
      <trkpt lat="46.00705" lon="6.94425">
        <ele>1693</ele>
        <extensions>
          <distance>15109</distance>
        </extensions>
      </trkpt>
      <trkpt lat="46.00714" lon="6.94445">
        <ele>1700</ele>
        <extensions>
          <distance>15128</distance>
        </extensions>
      </trkpt>
      <trkpt lat="46.00723" lon="6.94461">
        <ele>1703</ele>
        <extensions>
          <distance>15145</distance>
        </extensions>
      </trkpt>
      <trkpt lat="46.00738" lon="6.94457">
        <ele>1706</ele>
        <extensions>
          <distance>15162</distance>
        </extensions>
      </trkpt>
      <trkpt lat="46.00755" lon="6.94449">
        <ele>1709</ele>
        <extensions>
          <distance>15182</distance>
        </extensions>
      </trkpt>
      <trkpt lat="46.00774" lon="6.94438">
        <ele>1713</ele>
        <extensions>
          <distance>15205</distance>
        </extensions>
      </trkpt>
      <trkpt lat="46.00787" lon="6.94406">
        <ele>1720</ele>
        <extensions>
          <distance>15235</distance>
        </extensions>
      </trkpt>
      <trkpt lat="46.00801" lon="6.94374">
        <ele>1726</ele>
        <extensions>
          <distance>15264</distance>
        </extensions>
      </trkpt>
      <trkpt lat="46.00813" lon="6.94383">
        <ele>1732</ele>
        <extensions>
          <distance>15281</distance>
        </extensions>
      </trkpt>
      <trkpt lat="46.00824" lon="6.94393">
        <ele>1735</ele>
        <extensions>
          <distance>15295</distance>
        </extensions>
      </trkpt>
      <trkpt lat="46.00835" lon="6.94399">
        <ele>1739</ele>
        <extensions>
          <distance>15309</distance>
        </extensions>
      </trkpt>
      <trkpt lat="46.00839" lon="6.94377">
        <ele>1743</ele>
        <extensions>
          <distance>15327</distance>
        </extensions>
      </trkpt>
      <trkpt lat="46.00843" lon="6.94355">
        <ele>1744</ele>
        <extensions>
          <distance>15345</distance>
        </extensions>
      </trkpt>
      <trkpt lat="46.00845" lon="6.94337">
        <ele>1749</ele>
        <extensions>
          <distance>15359</distance>
        </extensions>
      </trkpt>
      <trkpt lat="46.00861" lon="6.94346">
        <ele>1749</ele>
        <extensions>
          <distance>15379</distance>
        </extensions>
      </trkpt>
      <trkpt lat="46.00878" lon="6.94366">
        <ele>1754</ele>
        <extensions>
          <distance>15403</distance>
        </extensions>
      </trkpt>
      <trkpt lat="46.00889" lon="6.94371">
        <ele>1755</ele>
        <extensions>
          <distance>15416</distance>
        </extensions>
      </trkpt>
      <trkpt lat="46.00904" lon="6.94389">
        <ele>1761</ele>
        <extensions>
          <distance>15439</distance>
        </extensions>
      </trkpt>
      <trkpt lat="46.00917" lon="6.944">
        <ele>1765</ele>
        <extensions>
          <distance>15456</distance>
        </extensions>
      </trkpt>
      <trkpt lat="46.00916" lon="6.94361">
        <ele>1769</ele>
        <extensions>
          <distance>15486</distance>
        </extensions>
      </trkpt>
      <trkpt lat="46.00916" lon="6.94323">
        <ele>1774</ele>
        <extensions>
          <distance>15516</distance>
        </extensions>
      </trkpt>
      <trkpt lat="46.00913" lon="6.9431">
        <ele>1775</ele>
        <extensions>
          <distance>15527</distance>
        </extensions>
      </trkpt>
      <trkpt lat="46.00913" lon="6.94289">
        <ele>1781</ele>
        <extensions>
          <distance>15544</distance>
        </extensions>
      </trkpt>
      <trkpt lat="46.00909" lon="6.94268">
        <ele>1784</ele>
        <extensions>
          <distance>15561</distance>
        </extensions>
      </trkpt>
      <trkpt lat="46.00905" lon="6.94247">
        <ele>1788</ele>
        <extensions>
          <distance>15578</distance>
        </extensions>
      </trkpt>
      <trkpt lat="46.00922" lon="6.94254">
        <ele>1794</ele>
        <extensions>
          <distance>15599</distance>
        </extensions>
      </trkpt>
      <trkpt lat="46.00932" lon="6.9426">
        <ele>1794</ele>
        <extensions>
          <distance>15611</distance>
        </extensions>
      </trkpt>
      <trkpt lat="46.00944" lon="6.94261">
        <ele>1801</ele>
        <extensions>
          <distance>15625</distance>
        </extensions>
      </trkpt>
      <trkpt lat="46.00954" lon="6.94247">
        <ele>1810</ele>
        <extensions>
          <distance>15643</distance>
        </extensions>
      </trkpt>
      <trkpt lat="46.00963" lon="6.94237">
        <ele>1819</ele>
        <extensions>
          <distance>15659</distance>
        </extensions>
      </trkpt>
      <trkpt lat="46.00962" lon="6.94216">
        <ele>1820</ele>
        <extensions>
          <distance>15675</distance>
        </extensions>
      </trkpt>
      <trkpt lat="46.00958" lon="6.94201">
        <ele>1822</ele>
        <extensions>
          <distance>15688</distance>
        </extensions>
      </trkpt>
      <trkpt lat="46.00955" lon="6.94183">
        <ele>1827</ele>
        <extensions>
          <distance>15703</distance>
        </extensions>
      </trkpt>
      <trkpt lat="46.00955" lon="6.9416">
        <ele>1832</ele>
        <extensions>
          <distance>15721</distance>
        </extensions>
      </trkpt>
      <trkpt lat="46.00957" lon="6.94149">
        <ele>1834</ele>
        <extensions>
          <distance>15730</distance>
        </extensions>
      </trkpt>
      <trkpt lat="46.00963" lon="6.94137">
        <ele>1838</ele>
        <extensions>
          <distance>15742</distance>
        </extensions>
      </trkpt>
      <trkpt lat="46.00975" lon="6.94143">
        <ele>1840</ele>
        <extensions>
          <distance>15757</distance>
        </extensions>
      </trkpt>
      <trkpt lat="46.00987" lon="6.94152">
        <ele>1844</ele>
        <extensions>
          <distance>15772</distance>
        </extensions>
      </trkpt>
      <trkpt lat="46.00999" lon="6.94161">
        <ele>1850</ele>
        <extensions>
          <distance>15788</distance>
        </extensions>
      </trkpt>
      <trkpt lat="46.01012" lon="6.94167">
        <ele>1856</ele>
        <extensions>
          <distance>15805</distance>
        </extensions>
      </trkpt>
      <trkpt lat="46.01022" lon="6.94176">
        <ele>1859</ele>
        <extensions>
          <distance>15818</distance>
        </extensions>
      </trkpt>
      <trkpt lat="46.01035" lon="6.94191">
        <ele>1866</ele>
        <extensions>
          <distance>15838</distance>
        </extensions>
      </trkpt>
      <trkpt lat="46.01048" lon="6.94199">
        <ele>1872</ele>
        <extensions>
          <distance>15855</distance>
        </extensions>
      </trkpt>
      <trkpt lat="46.01057" lon="6.94211">
        <ele>1878</ele>
        <extensions>
          <distance>15870</distance>
        </extensions>
      </trkpt>
      <trkpt lat="46.01072" lon="6.94223">
        <ele>1885</ele>
        <extensions>
          <distance>15890</distance>
        </extensions>
      </trkpt>
      <trkpt lat="46.01083" lon="6.94237">
        <ele>1890</ele>
        <extensions>
          <distance>15907</distance>
        </extensions>
      </trkpt>
      <trkpt lat="46.01091" lon="6.94209">
        <ele>1895</ele>
        <extensions>
          <distance>15931</distance>
        </extensions>
      </trkpt>
      <trkpt lat="46.01098" lon="6.9418">
        <ele>1901</ele>
        <extensions>
          <distance>15956</distance>
        </extensions>
      </trkpt>
      <trkpt lat="46.01098" lon="6.94164">
        <ele>1903</ele>
        <extensions>
          <distance>15968</distance>
        </extensions>
      </trkpt>
      <trkpt lat="46.01094" lon="6.94148">
        <ele>1904</ele>
        <extensions>
          <distance>15981</distance>
        </extensions>
      </trkpt>
      <trkpt lat="46.01088" lon="6.94136">
        <ele>1905</ele>
        <extensions>
          <distance>15993</distance>
        </extensions>
      </trkpt>
      <trkpt lat="46.01078" lon="6.94122">
        <ele>1906</ele>
        <extensions>
          <distance>16008</distance>
        </extensions>
      </trkpt>
      <trkpt lat="46.01077" lon="6.94085">
        <ele>1914</ele>
        <extensions>
          <distance>16038</distance>
        </extensions>
      </trkpt>
      <trkpt lat="46.01084" lon="6.94068">
        <ele>1924</ele>
        <extensions>
          <distance>16056</distance>
        </extensions>
      </trkpt>
      <trkpt lat="46.01095" lon="6.94048">
        <ele>1930</ele>
        <extensions>
          <distance>16077</distance>
        </extensions>
      </trkpt>
      <trkpt lat="46.01091" lon="6.94034">
        <ele>1930</ele>
        <extensions>
          <distance>16089</distance>
        </extensions>
      </trkpt>
      <trkpt lat="46.01088" lon="6.94016">
        <ele>1932</ele>
        <extensions>
          <distance>16103</distance>
        </extensions>
      </trkpt>
      <trkpt lat="46.011" lon="6.94012">
        <ele>1938</ele>
        <extensions>
          <distance>16117</distance>
        </extensions>
      </trkpt>
      <trkpt lat="46.01101" lon="6.93998">
        <ele>1939</ele>
        <extensions>
          <distance>16128</distance>
        </extensions>
      </trkpt>
      <trkpt lat="46.011" lon="6.93975">
        <ele>1942</ele>
        <extensions>
          <distance>16146</distance>
        </extensions>
      </trkpt>
      <trkpt lat="46.01102" lon="6.93954">
        <ele>1945</ele>
        <extensions>
          <distance>16163</distance>
        </extensions>
      </trkpt>
      <trkpt lat="46.01113" lon="6.93971">
        <ele>1949</ele>
        <extensions>
          <distance>16182</distance>
        </extensions>
      </trkpt>
      <trkpt lat="46.01114" lon="6.93983">
        <ele>1949</ele>
        <extensions>
          <distance>16191</distance>
        </extensions>
      </trkpt>
      <trkpt lat="46.01121" lon="6.94008">
        <ele>1950</ele>
        <extensions>
          <distance>16212</distance>
        </extensions>
      </trkpt>
      <trkpt lat="46.01127" lon="6.94034">
        <ele>1952</ele>
        <extensions>
          <distance>16233</distance>
        </extensions>
      </trkpt>
      <trkpt lat="46.01136" lon="6.9402">
        <ele>1957</ele>
        <extensions>
          <distance>16249</distance>
        </extensions>
      </trkpt>
      <trkpt lat="46.01146" lon="6.94013">
        <ele>1959</ele>
        <extensions>
          <distance>16261</distance>
        </extensions>
      </trkpt>
      <trkpt lat="46.01147" lon="6.94028">
        <ele>1960</ele>
        <extensions>
          <distance>16273</distance>
        </extensions>
      </trkpt>
      <trkpt lat="46.01157" lon="6.94052">
        <ele>1964</ele>
        <extensions>
          <distance>16295</distance>
        </extensions>
      </trkpt>
      <trkpt lat="46.01166" lon="6.94076">
        <ele>1968</ele>
        <extensions>
          <distance>16316</distance>
        </extensions>
      </trkpt>
      <trkpt lat="46.01177" lon="6.94071">
        <ele>1970</ele>
        <extensions>
          <distance>16329</distance>
        </extensions>
      </trkpt>
      <trkpt lat="46.01188" lon="6.9407">
        <ele>1972</ele>
        <extensions>
          <distance>16342</distance>
        </extensions>
      </trkpt>
      <trkpt lat="46.01198" lon="6.94079">
        <ele>1974</ele>
        <extensions>
          <distance>16355</distance>
        </extensions>
      </trkpt>
      <trkpt lat="46.01207" lon="6.94092">
        <ele>1976</ele>
        <extensions>
          <distance>16369</distance>
        </extensions>
      </trkpt>
      <trkpt lat="46.01228" lon="6.94091">
        <ele>1980</ele>
        <extensions>
          <distance>16393</distance>
        </extensions>
      </trkpt>
      <trkpt lat="46.01248" lon="6.94086">
        <ele>1985</ele>
        <extensions>
          <distance>16416</distance>
        </extensions>
      </trkpt>
      <trkpt lat="46.01262" lon="6.94086">
        <ele>1987</ele>
        <extensions>
          <distance>16432</distance>
        </extensions>
      </trkpt>
      <trkpt lat="46.01271" lon="6.94101">
        <ele>1988</ele>
        <extensions>
          <distance>16447</distance>
        </extensions>
      </trkpt>
      <trkpt lat="46.01277" lon="6.94116">
        <ele>1989</ele>
        <extensions>
          <distance>16461</distance>
        </extensions>
      </trkpt>
      <trkpt lat="46.01291" lon="6.94114">
        <ele>1994</ele>
        <extensions>
          <distance>16477</distance>
        </extensions>
      </trkpt>
      <trkpt lat="46.01302" lon="6.94097">
        <ele>1998</ele>
        <extensions>
          <distance>16495</distance>
        </extensions>
      </trkpt>
      <trkpt lat="46.01316" lon="6.94087">
        <ele>2002</ele>
        <extensions>
          <distance>16513</distance>
        </extensions>
      </trkpt>
      <trkpt lat="46.01322" lon="6.94064">
        <ele>2005</ele>
        <extensions>
          <distance>16532</distance>
        </extensions>
      </trkpt>
      <trkpt lat="46.01327" lon="6.94041">
        <ele>2008</ele>
        <extensions>
          <distance>16551</distance>
        </extensions>
      </trkpt>
      <trkpt lat="46.01341" lon="6.94044">
        <ele>2015</ele>
        <extensions>
          <distance>16568</distance>
        </extensions>
      </trkpt>
      <trkpt lat="46.0135" lon="6.94054">
        <ele>2017</ele>
        <extensions>
          <distance>16581</distance>
        </extensions>
      </trkpt>
      <trkpt lat="46.01361" lon="6.9407">
        <ele>2018</ele>
        <extensions>
          <distance>16599</distance>
        </extensions>
      </trkpt>
      <trkpt lat="46.01373" lon="6.94084">
        <ele>2020</ele>
        <extensions>
          <distance>16616</distance>
        </extensions>
      </trkpt>
      <trkpt lat="46.01384" lon="6.9407">
        <ele>2028</ele>
        <extensions>
          <distance>16634</distance>
        </extensions>
      </trkpt>
      <trkpt lat="46.01391" lon="6.94058">
        <ele>2032</ele>
        <extensions>
          <distance>16646</distance>
        </extensions>
      </trkpt>
      <trkpt lat="46.01404" lon="6.94054">
        <ele>2037</ele>
        <extensions>
          <distance>16662</distance>
        </extensions>
      </trkpt>
      <trkpt lat="46.01426" lon="6.94072">
        <ele>2040</ele>
        <extensions>
          <distance>16690</distance>
        </extensions>
      </trkpt>
      <trkpt lat="46.01441" lon="6.94075">
        <ele>2045</ele>
        <extensions>
          <distance>16708</distance>
        </extensions>
      </trkpt>
      <trkpt lat="46.01435" lon="6.94045">
        <ele>2050</ele>
        <extensions>
          <distance>16733</distance>
        </extensions>
      </trkpt>
      <trkpt lat="46.01429" lon="6.94023">
        <ele>2052</ele>
        <extensions>
          <distance>16751</distance>
        </extensions>
      </trkpt>
      <trkpt lat="46.01423" lon="6.94002">
        <ele>2055</ele>
        <extensions>
          <distance>16769</distance>
        </extensions>
      </trkpt>
      <trkpt lat="46.01409" lon="6.93968">
        <ele>2056</ele>
        <extensions>
          <distance>16799</distance>
        </extensions>
      </trkpt>
      <trkpt lat="46.01396" lon="6.93935">
        <ele>2059</ele>
        <extensions>
          <distance>16829</distance>
        </extensions>
      </trkpt>
      <trkpt lat="46.01392" lon="6.93917">
        <ele>2062</ele>
        <extensions>
          <distance>16844</distance>
        </extensions>
      </trkpt>
      <trkpt lat="46.01404" lon="6.93901">
        <ele>2065</ele>
        <extensions>
          <distance>16862</distance>
        </extensions>
      </trkpt>
      <trkpt lat="46.01421" lon="6.93899">
        <ele>2068</ele>
        <extensions>
          <distance>16881</distance>
        </extensions>
      </trkpt>
      <trkpt lat="46.01435" lon="6.93908">
        <ele>2072</ele>
        <extensions>
          <distance>16899</distance>
        </extensions>
      </trkpt>
      <trkpt lat="46.0145" lon="6.93915">
        <ele>2075</ele>
        <extensions>
          <distance>16917</distance>
        </extensions>
      </trkpt>
      <trkpt lat="46.01465" lon="6.93922">
        <ele>2079</ele>
        <extensions>
          <distance>16935</distance>
        </extensions>
      </trkpt>
      <trkpt lat="46.01483" lon="6.93927">
        <ele>2082</ele>
        <extensions>
          <distance>16955</distance>
        </extensions>
      </trkpt>
      <trkpt lat="46.01499" lon="6.93933">
        <ele>2084</ele>
        <extensions>
          <distance>16974</distance>
        </extensions>
      </trkpt>
      <trkpt lat="46.01515" lon="6.93939">
        <ele>2090</ele>
        <extensions>
          <distance>16993</distance>
        </extensions>
      </trkpt>
      <trkpt lat="46.0153" lon="6.93945">
        <ele>2096</ele>
        <extensions>
          <distance>17011</distance>
        </extensions>
      </trkpt>
      <trkpt lat="46.01546" lon="6.93951">
        <ele>2099</ele>
        <extensions>
          <distance>17030</distance>
        </extensions>
      </trkpt>
      <trkpt lat="46.0157" lon="6.93958">
        <ele>2107</ele>
        <extensions>
          <distance>17058</distance>
        </extensions>
      </trkpt>
      <trkpt lat="46.01586" lon="6.93964">
        <ele>2111</ele>
        <extensions>
          <distance>17077</distance>
        </extensions>
      </trkpt>
      <trkpt lat="46.01605" lon="6.93968">
        <ele>2115</ele>
        <extensions>
          <distance>17099</distance>
        </extensions>
      </trkpt>
      <trkpt lat="46.01623" lon="6.93967">
        <ele>2120</ele>
        <extensions>
          <distance>17119</distance>
        </extensions>
      </trkpt>
      <trkpt lat="46.01637" lon="6.93964">
        <ele>2128</ele>
        <extensions>
          <distance>17137</distance>
        </extensions>
      </trkpt>
      <trkpt lat="46.01627" lon="6.9395">
        <ele>2129</ele>
        <extensions>
          <distance>17153</distance>
        </extensions>
      </trkpt>
      <trkpt lat="46.01624" lon="6.93937">
        <ele>2136</ele>
        <extensions>
          <distance>17164</distance>
        </extensions>
      </trkpt>
      <trkpt lat="46.01632" lon="6.93939">
        <ele>2137</ele>
        <extensions>
          <distance>17173</distance>
        </extensions>
      </trkpt>
      <trkpt lat="46.01649" lon="6.93939">
        <ele>2144</ele>
        <extensions>
          <distance>17193</distance>
        </extensions>
      </trkpt>
      <trkpt lat="46.01633" lon="6.93914">
        <ele>2149</ele>
        <extensions>
          <distance>17220</distance>
        </extensions>
      </trkpt>
      <trkpt lat="46.01637" lon="6.93917">
        <ele>2149</ele>
        <extensions>
          <distance>17225</distance>
        </extensions>
      </trkpt>
      <trkpt lat="46.0164" lon="6.93917">
        <ele>2149</ele>
        <extensions>
          <distance>17229</distance>
        </extensions>
      </trkpt>
      <trkpt lat="46.01644" lon="6.93914">
        <ele>2151</ele>
        <extensions>
          <distance>17234</distance>
        </extensions>
      </trkpt>
      <trkpt lat="46.01658" lon="6.93915">
        <ele>2153</ele>
        <extensions>
          <distance>17249</distance>
        </extensions>
      </trkpt>
      <trkpt lat="46.01666" lon="6.93919">
        <ele>2153</ele>
        <extensions>
          <distance>17259</distance>
        </extensions>
      </trkpt>
      <trkpt lat="46.01669" lon="6.93924">
        <ele>2153</ele>
        <extensions>
          <distance>17264</distance>
        </extensions>
      </trkpt>
      <trkpt lat="46.01673" lon="6.93928">
        <ele>2154</ele>
        <extensions>
          <distance>17269</distance>
        </extensions>
      </trkpt>
      <trkpt lat="46.01678" lon="6.9393">
        <ele>2155</ele>
        <extensions>
          <distance>17275</distance>
        </extensions>
      </trkpt>
      <trkpt lat="46.01681" lon="6.9393">
        <ele>2155</ele>
        <extensions>
          <distance>17278</distance>
        </extensions>
      </trkpt>
      <trkpt lat="46.01689" lon="6.93935">
        <ele>2157</ele>
        <extensions>
          <distance>17288</distance>
        </extensions>
      </trkpt>
      <trkpt lat="46.01694" lon="6.93935">
        <ele>2158</ele>
        <extensions>
          <distance>17294</distance>
        </extensions>
      </trkpt>
      <trkpt lat="46.01701" lon="6.9394">
        <ele>2161</ele>
        <extensions>
          <distance>17303</distance>
        </extensions>
      </trkpt>
      <trkpt lat="46.01705" lon="6.93941">
        <ele>2161</ele>
        <extensions>
          <distance>17308</distance>
        </extensions>
      </trkpt>
      <trkpt lat="46.01706" lon="6.93943">
        <ele>2162</ele>
        <extensions>
          <distance>17310</distance>
        </extensions>
      </trkpt>
      <trkpt lat="46.01705" lon="6.93947">
        <ele>2162</ele>
        <extensions>
          <distance>17313</distance>
        </extensions>
      </trkpt>
      <trkpt lat="46.01703" lon="6.93949">
        <ele>2163</ele>
        <extensions>
          <distance>17316</distance>
        </extensions>
      </trkpt>
      <trkpt lat="46.01707" lon="6.93951">
        <ele>2164</ele>
        <extensions>
          <distance>17321</distance>
        </extensions>
      </trkpt>
      <trkpt lat="46.0171" lon="6.9395">
        <ele>2166</ele>
        <extensions>
          <distance>17324</distance>
        </extensions>
      </trkpt>
      <trkpt lat="46.01716" lon="6.93954">
        <ele>2167</ele>
        <extensions>
          <distance>17332</distance>
        </extensions>
      </trkpt>
      <trkpt lat="46.01722" lon="6.93961">
        <ele>2169</ele>
        <extensions>
          <distance>17340</distance>
        </extensions>
      </trkpt>
      <trkpt lat="46.0173" lon="6.93965">
        <ele>2172</ele>
        <extensions>
          <distance>17350</distance>
        </extensions>
      </trkpt>
      <trkpt lat="46.01733" lon="6.93965">
        <ele>2174</ele>
        <extensions>
          <distance>17354</distance>
        </extensions>
      </trkpt>
      <trkpt lat="46.01738" lon="6.93961">
        <ele>2177</ele>
        <extensions>
          <distance>17361</distance>
        </extensions>
      </trkpt>
      <trkpt lat="46.01744" lon="6.93963">
        <ele>2180</ele>
        <extensions>
          <distance>17369</distance>
        </extensions>
      </trkpt>
      <trkpt lat="46.01746" lon="6.93965">
        <ele>2180</ele>
        <extensions>
          <distance>17372</distance>
        </extensions>
      </trkpt>
      <trkpt lat="46.0175" lon="6.93964">
        <ele>2182</ele>
        <extensions>
          <distance>17376</distance>
        </extensions>
      </trkpt>
      <trkpt lat="46.0176" lon="6.93968">
        <ele>2186</ele>
        <extensions>
          <distance>17389</distance>
        </extensions>
      </trkpt>
      <trkpt lat="46.01764" lon="6.93969">
        <ele>2187</ele>
        <extensions>
          <distance>17393</distance>
        </extensions>
      </trkpt>
      <trkpt lat="46.01766" lon="6.93968">
        <ele>2189</ele>
        <extensions>
          <distance>17396</distance>
        </extensions>
      </trkpt>
      <trkpt lat="46.01767" lon="6.9397">
        <ele>2189</ele>
        <extensions>
          <distance>17398</distance>
        </extensions>
      </trkpt>
      <trkpt lat="46.01769" lon="6.93971">
        <ele>2189</ele>
        <extensions>
          <distance>17400</distance>
        </extensions>
      </trkpt>
      <trkpt lat="46.01773" lon="6.93971">
        <ele>2190</ele>
        <extensions>
          <distance>17405</distance>
        </extensions>
      </trkpt>
      <trkpt lat="46.01775" lon="6.93972">
        <ele>2192</ele>
        <extensions>
          <distance>17408</distance>
        </extensions>
      </trkpt>
      <trkpt lat="46.01778" lon="6.93978">
        <ele>2192</ele>
        <extensions>
          <distance>17413</distance>
        </extensions>
      </trkpt>
      <trkpt lat="46.01779" lon="6.93984">
        <ele>2193</ele>
        <extensions>
          <distance>17418</distance>
        </extensions>
      </trkpt>
      <trkpt lat="46.01787" lon="6.93985">
        <ele>2195</ele>
        <extensions>
          <distance>17427</distance>
        </extensions>
      </trkpt>
      <trkpt lat="46.01794" lon="6.93994">
        <ele>2196</ele>
        <extensions>
          <distance>17438</distance>
        </extensions>
      </trkpt>
      <trkpt lat="46.01801" lon="6.94009">
        <ele>2196</ele>
        <extensions>
          <distance>17452</distance>
        </extensions>
      </trkpt>
      <trkpt lat="46.01805" lon="6.94023">
        <ele>2196</ele>
        <extensions>
          <distance>17463</distance>
        </extensions>
      </trkpt>
      <trkpt lat="46.01818" lon="6.94035">
        <ele>2196</ele>
        <extensions>
          <distance>17480</distance>
        </extensions>
      </trkpt>
      <trkpt lat="46.0182" lon="6.94042">
        <ele>2196</ele>
        <extensions>
          <distance>17486</distance>
        </extensions>
      </trkpt>
      <trkpt lat="46.01821" lon="6.94055">
        <ele>2196</ele>
        <extensions>
          <distance>17496</distance>
        </extensions>
      </trkpt>
      <trkpt lat="46.01824" lon="6.94067">
        <ele>2195</ele>
        <extensions>
          <distance>17506</distance>
        </extensions>
      </trkpt>
      <trkpt lat="46.01823" lon="6.94079">
        <ele>2195</ele>
        <extensions>
          <distance>17516</distance>
        </extensions>
      </trkpt>
      <trkpt lat="46.01821" lon="6.94082">
        <ele>2195</ele>
        <extensions>
          <distance>17519</distance>
        </extensions>
      </trkpt>
      <trkpt lat="46.01821" lon="6.94089">
        <ele>2194</ele>
        <extensions>
          <distance>17524</distance>
        </extensions>
      </trkpt>
      <trkpt lat="46.01823" lon="6.94093">
        <ele>2193</ele>
        <extensions>
          <distance>17528</distance>
        </extensions>
      </trkpt>
      <trkpt lat="46.01825" lon="6.94107">
        <ele>2188</ele>
        <extensions>
          <distance>17539</distance>
        </extensions>
      </trkpt>
      <trkpt lat="46.01827" lon="6.94114">
        <ele>2186</ele>
        <extensions>
          <distance>17545</distance>
        </extensions>
      </trkpt>
      <trkpt lat="46.01827" lon="6.9413">
        <ele>2180</ele>
        <extensions>
          <distance>17559</distance>
        </extensions>
      </trkpt>
      <trkpt lat="46.01828" lon="6.94137">
        <ele>2180</ele>
        <extensions>
          <distance>17565</distance>
        </extensions>
      </trkpt>
      <trkpt lat="46.01843" lon="6.94154">
        <ele>2180</ele>
        <extensions>
          <distance>17586</distance>
        </extensions>
      </trkpt>
      <trkpt lat="46.01851" lon="6.9416">
        <ele>2180</ele>
        <extensions>
          <distance>17596</distance>
        </extensions>
      </trkpt>
      <trkpt lat="46.01856" lon="6.94162">
        <ele>2180</ele>
        <extensions>
          <distance>17602</distance>
        </extensions>
      </trkpt>
      <trkpt lat="46.01859" lon="6.94165">
        <ele>2180</ele>
        <extensions>
          <distance>17606</distance>
        </extensions>
      </trkpt>
      <trkpt lat="46.01861" lon="6.94166">
        <ele>2180</ele>
        <extensions>
          <distance>17608</distance>
        </extensions>
      </trkpt>
      <trkpt lat="46.01865" lon="6.94166">
        <ele>2179</ele>
        <extensions>
          <distance>17613</distance>
        </extensions>
      </trkpt>
      <trkpt lat="46.01875" lon="6.9417">
        <ele>2178</ele>
        <extensions>
          <distance>17624</distance>
        </extensions>
      </trkpt>
      <trkpt lat="46.0188" lon="6.94177">
        <ele>2177</ele>
        <extensions>
          <distance>17632</distance>
        </extensions>
      </trkpt>
      <trkpt lat="46.01886" lon="6.94176">
        <ele>2176</ele>
        <extensions>
          <distance>17639</distance>
        </extensions>
      </trkpt>
      <trkpt lat="46.01888" lon="6.94178">
        <ele>2175</ele>
        <extensions>
          <distance>17642</distance>
        </extensions>
      </trkpt>
      <trkpt lat="46.01896" lon="6.9418">
        <ele>2174</ele>
        <extensions>
          <distance>17651</distance>
        </extensions>
      </trkpt>
      <trkpt lat="46.019" lon="6.94183">
        <ele>2172</ele>
        <extensions>
          <distance>17656</distance>
        </extensions>
      </trkpt>
      <trkpt lat="46.01905" lon="6.94182">
        <ele>2172</ele>
        <extensions>
          <distance>17661</distance>
        </extensions>
      </trkpt>
      <trkpt lat="46.01907" lon="6.94184">
        <ele>2172</ele>
        <extensions>
          <distance>17664</distance>
        </extensions>
      </trkpt>
      <trkpt lat="46.01909" lon="6.94191">
        <ele>2169</ele>
        <extensions>
          <distance>17671</distance>
        </extensions>
      </trkpt>
      <trkpt lat="46.01915" lon="6.94195">
        <ele>2167</ele>
        <extensions>
          <distance>17678</distance>
        </extensions>
      </trkpt>
      <trkpt lat="46.0192" lon="6.94195">
        <ele>2167</ele>
        <extensions>
          <distance>17684</distance>
        </extensions>
      </trkpt>
      <trkpt lat="46.01925" lon="6.94198">
        <ele>2166</ele>
        <extensions>
          <distance>17690</distance>
        </extensions>
      </trkpt>
      <trkpt lat="46.01943" lon="6.94204">
        <ele>2163</ele>
        <extensions>
          <distance>17711</distance>
        </extensions>
      </trkpt>
      <trkpt lat="46.01944" lon="6.94207">
        <ele>2163</ele>
        <extensions>
          <distance>17713</distance>
        </extensions>
      </trkpt>
      <trkpt lat="46.01949" lon="6.94212">
        <ele>2161</ele>
        <extensions>
          <distance>17720</distance>
        </extensions>
      </trkpt>
      <trkpt lat="46.0195" lon="6.94215">
        <ele>2161</ele>
        <extensions>
          <distance>17723</distance>
        </extensions>
      </trkpt>
      <trkpt lat="46.01953" lon="6.94217">
        <ele>2160</ele>
        <extensions>
          <distance>17727</distance>
        </extensions>
      </trkpt>
      <trkpt lat="46.01957" lon="6.94222">
        <ele>2159</ele>
        <extensions>
          <distance>17732</distance>
        </extensions>
      </trkpt>
      <trkpt lat="46.01969" lon="6.9423">
        <ele>2156</ele>
        <extensions>
          <distance>17747</distance>
        </extensions>
      </trkpt>
      <trkpt lat="46.01973" lon="6.94238">
        <ele>2155</ele>
        <extensions>
          <distance>17755</distance>
        </extensions>
      </trkpt>
      <trkpt lat="46.01985" lon="6.94247">
        <ele>2153</ele>
        <extensions>
          <distance>17770</distance>
        </extensions>
      </trkpt>
      <trkpt lat="46.01989" lon="6.94253">
        <ele>2152</ele>
        <extensions>
          <distance>17777</distance>
        </extensions>
      </trkpt>
      <trkpt lat="46.01991" lon="6.9426">
        <ele>2152</ele>
        <extensions>
          <distance>17783</distance>
        </extensions>
      </trkpt>
      <trkpt lat="46.01999" lon="6.94267">
        <ele>2150</ele>
        <extensions>
          <distance>17793</distance>
        </extensions>
      </trkpt>
      <trkpt lat="46.02013" lon="6.94287">
        <ele>2147</ele>
        <extensions>
          <distance>17815</distance>
        </extensions>
      </trkpt>
      <trkpt lat="46.02015" lon="6.94292">
        <ele>2146</ele>
        <extensions>
          <distance>17820</distance>
        </extensions>
      </trkpt>
      <trkpt lat="46.02017" lon="6.94293">
        <ele>2146</ele>
        <extensions>
          <distance>17822</distance>
        </extensions>
      </trkpt>
      <trkpt lat="46.02018" lon="6.9429">
        <ele>2146</ele>
        <extensions>
          <distance>17825</distance>
        </extensions>
      </trkpt>
      <trkpt lat="46.02024" lon="6.94293">
        <ele>2144</ele>
        <extensions>
          <distance>17832</distance>
        </extensions>
      </trkpt>
      <trkpt lat="46.02027" lon="6.94309">
        <ele>2142</ele>
        <extensions>
          <distance>17845</distance>
        </extensions>
      </trkpt>
      <trkpt lat="46.02026" lon="6.94313">
        <ele>2142</ele>
        <extensions>
          <distance>17848</distance>
        </extensions>
      </trkpt>
      <trkpt lat="46.02024" lon="6.94315">
        <ele>2141</ele>
        <extensions>
          <distance>17851</distance>
        </extensions>
      </trkpt>
      <trkpt lat="46.02023" lon="6.94318">
        <ele>2141</ele>
        <extensions>
          <distance>17854</distance>
        </extensions>
      </trkpt>
      <trkpt lat="46.02024" lon="6.94321">
        <ele>2140</ele>
        <extensions>
          <distance>17856</distance>
        </extensions>
      </trkpt>
      <trkpt lat="46.02028" lon="6.94325">
        <ele>2138</ele>
        <extensions>
          <distance>17862</distance>
        </extensions>
      </trkpt>
      <trkpt lat="46.02031" lon="6.94332">
        <ele>2136</ele>
        <extensions>
          <distance>17869</distance>
        </extensions>
      </trkpt>
      <trkpt lat="46.02036" lon="6.9434">
        <ele>2135</ele>
        <extensions>
          <distance>17877</distance>
        </extensions>
      </trkpt>
      <trkpt lat="46.02038" lon="6.94342">
        <ele>2134</ele>
        <extensions>
          <distance>17880</distance>
        </extensions>
      </trkpt>
      <trkpt lat="46.02046" lon="6.94345">
        <ele>2134</ele>
        <extensions>
          <distance>17889</distance>
        </extensions>
      </trkpt>
      <trkpt lat="46.02054" lon="6.94346">
        <ele>2134</ele>
        <extensions>
          <distance>17898</distance>
        </extensions>
      </trkpt>
      <trkpt lat="46.0206" lon="6.94354">
        <ele>2134</ele>
        <extensions>
          <distance>17907</distance>
        </extensions>
      </trkpt>
      <trkpt lat="46.02068" lon="6.94358">
        <ele>2134</ele>
        <extensions>
          <distance>17917</distance>
        </extensions>
      </trkpt>
      <trkpt lat="46.02077" lon="6.94366">
        <ele>2134</ele>
        <extensions>
          <distance>17928</distance>
        </extensions>
      </trkpt>
      <trkpt lat="46.02083" lon="6.94373">
        <ele>2135</ele>
        <extensions>
          <distance>17937</distance>
        </extensions>
      </trkpt>
      <trkpt lat="46.02086" lon="6.94375">
        <ele>2135</ele>
        <extensions>
          <distance>17941</distance>
        </extensions>
      </trkpt>
      <trkpt lat="46.02092" lon="6.94376">
        <ele>2135</ele>
        <extensions>
          <distance>17947</distance>
        </extensions>
      </trkpt>
      <trkpt lat="46.02094" lon="6.94378">
        <ele>2135</ele>
        <extensions>
          <distance>17950</distance>
        </extensions>
      </trkpt>
      <trkpt lat="46.02103" lon="6.94382">
        <ele>2134</ele>
        <extensions>
          <distance>17960</distance>
        </extensions>
      </trkpt>
      <trkpt lat="46.02111" lon="6.94391">
        <ele>2134</ele>
        <extensions>
          <distance>17972</distance>
        </extensions>
      </trkpt>
      <trkpt lat="46.02114" lon="6.94402">
        <ele>2132</ele>
        <extensions>
          <distance>17981</distance>
        </extensions>
      </trkpt>
      <trkpt lat="46.02116" lon="6.94405">
        <ele>2131</ele>
        <extensions>
          <distance>17984</distance>
        </extensions>
      </trkpt>
      <trkpt lat="46.02122" lon="6.94411">
        <ele>2130</ele>
        <extensions>
          <distance>17992</distance>
        </extensions>
      </trkpt>
      <trkpt lat="46.02135" lon="6.94418">
        <ele>2127</ele>
        <extensions>
          <distance>18008</distance>
        </extensions>
      </trkpt>
      <trkpt lat="46.02141" lon="6.94424">
        <ele>2125</ele>
        <extensions>
          <distance>18016</distance>
        </extensions>
      </trkpt>
      <trkpt lat="46.02144" lon="6.94433">
        <ele>2123</ele>
        <extensions>
          <distance>18025</distance>
        </extensions>
      </trkpt>
      <trkpt lat="46.02149" lon="6.94432">
        <ele>2123</ele>
        <extensions>
          <distance>18030</distance>
        </extensions>
      </trkpt>
      <trkpt lat="46.02151" lon="6.9443">
        <ele>2122</ele>
        <extensions>
          <distance>18033</distance>
        </extensions>
      </trkpt>
      <trkpt lat="46.02156" lon="6.94431">
        <ele>2121</ele>
        <extensions>
          <distance>18038</distance>
        </extensions>
      </trkpt>
      <trkpt lat="46.0216" lon="6.94438">
        <ele>2120</ele>
        <extensions>
          <distance>18046</distance>
        </extensions>
      </trkpt>
      <trkpt lat="46.02165" lon="6.94443">
        <ele>2120</ele>
        <extensions>
          <distance>18052</distance>
        </extensions>
      </trkpt>
      <trkpt lat="46.02177" lon="6.94447">
        <ele>2119</ele>
        <extensions>
          <distance>18066</distance>
        </extensions>
      </trkpt>
      <trkpt lat="46.02185" lon="6.94464">
        <ele>2117</ele>
        <extensions>
          <distance>18082</distance>
        </extensions>
      </trkpt>
      <trkpt lat="46.02187" lon="6.94466">
        <ele>2116</ele>
        <extensions>
          <distance>18085</distance>
        </extensions>
      </trkpt>
      <trkpt lat="46.02198" lon="6.94471">
        <ele>2116</ele>
        <extensions>
          <distance>18098</distance>
        </extensions>
      </trkpt>
      <trkpt lat="46.02203" lon="6.9448">
        <ele>2114</ele>
        <extensions>
          <distance>18107</distance>
        </extensions>
      </trkpt>
      <trkpt lat="46.02205" lon="6.9448">
        <ele>2114</ele>
        <extensions>
          <distance>18109</distance>
        </extensions>
      </trkpt>
      <trkpt lat="46.02213" lon="6.94484">
        <ele>2113</ele>
        <extensions>
          <distance>18118</distance>
        </extensions>
      </trkpt>
      <trkpt lat="46.02218" lon="6.94488">
        <ele>2113</ele>
        <extensions>
          <distance>18125</distance>
        </extensions>
      </trkpt>
      <trkpt lat="46.02227" lon="6.94488">
        <ele>2113</ele>
        <extensions>
          <distance>18135</distance>
        </extensions>
      </trkpt>
      <trkpt lat="46.0223" lon="6.94489">
        <ele>2113</ele>
        <extensions>
          <distance>18138</distance>
        </extensions>
      </trkpt>
      <trkpt lat="46.02238" lon="6.94494">
        <ele>2112</ele>
        <extensions>
          <distance>18148</distance>
        </extensions>
      </trkpt>
      <trkpt lat="46.0224" lon="6.94497">
        <ele>2112</ele>
        <extensions>
          <distance>18151</distance>
        </extensions>
      </trkpt>
      <trkpt lat="46.02243" lon="6.94498">
        <ele>2112</ele>
        <extensions>
          <distance>18155</distance>
        </extensions>
      </trkpt>
      <trkpt lat="46.02247" lon="6.94503">
        <ele>2111</ele>
        <extensions>
          <distance>18161</distance>
        </extensions>
      </trkpt>
      <trkpt lat="46.02249" lon="6.94513">
        <ele>2108</ele>
        <extensions>
          <distance>18169</distance>
        </extensions>
      </trkpt>
      <trkpt lat="46.02263" lon="6.94519">
        <ele>2105</ele>
        <extensions>
          <distance>18186</distance>
        </extensions>
      </trkpt>
      <trkpt lat="46.02269" lon="6.94523">
        <ele>2104</ele>
        <extensions>
          <distance>18193</distance>
        </extensions>
      </trkpt>
      <trkpt lat="46.02275" lon="6.94524">
        <ele>2103</ele>
        <extensions>
          <distance>18200</distance>
        </extensions>
      </trkpt>
      <trkpt lat="46.02279" lon="6.94529">
        <ele>2102</ele>
        <extensions>
          <distance>18206</distance>
        </extensions>
      </trkpt>
      <trkpt lat="46.02283" lon="6.94529">
        <ele>2101</ele>
        <extensions>
          <distance>18210</distance>
        </extensions>
      </trkpt>
      <trkpt lat="46.02288" lon="6.94531">
        <ele>2099</ele>
        <extensions>
          <distance>18217</distance>
        </extensions>
      </trkpt>
      <trkpt lat="46.02291" lon="6.94531">
        <ele>2098</ele>
        <extensions>
          <distance>18220</distance>
        </extensions>
      </trkpt>
      <trkpt lat="46.02296" lon="6.94535">
        <ele>2097</ele>
        <extensions>
          <distance>18226</distance>
        </extensions>
      </trkpt>
      <trkpt lat="46.023" lon="6.9454">
        <ele>2095</ele>
        <extensions>
          <distance>18233</distance>
        </extensions>
      </trkpt>
      <trkpt lat="46.0231" lon="6.94541">
        <ele>2094</ele>
        <extensions>
          <distance>18244</distance>
        </extensions>
      </trkpt>
      <trkpt lat="46.02313" lon="6.94543">
        <ele>2093</ele>
        <extensions>
          <distance>18247</distance>
        </extensions>
      </trkpt>
      <trkpt lat="46.02316" lon="6.94543">
        <ele>2092</ele>
        <extensions>
          <distance>18251</distance>
        </extensions>
      </trkpt>
      <trkpt lat="46.02323" lon="6.94548">
        <ele>2090</ele>
        <extensions>
          <distance>18260</distance>
        </extensions>
      </trkpt>
      <trkpt lat="46.02325" lon="6.94552">
        <ele>2089</ele>
        <extensions>
          <distance>18264</distance>
        </extensions>
      </trkpt>
      <trkpt lat="46.02325" lon="6.94555">
        <ele>2088</ele>
        <extensions>
          <distance>18266</distance>
        </extensions>
      </trkpt>
      <trkpt lat="46.02327" lon="6.94558">
        <ele>2088</ele>
        <extensions>
          <distance>18269</distance>
        </extensions>
      </trkpt>
      <trkpt lat="46.02335" lon="6.9456">
        <ele>2086</ele>
        <extensions>
          <distance>18279</distance>
        </extensions>
      </trkpt>
      <trkpt lat="46.0234" lon="6.94563">
        <ele>2085</ele>
        <extensions>
          <distance>18285</distance>
        </extensions>
      </trkpt>
      <trkpt lat="46.02343" lon="6.94568">
        <ele>2083</ele>
        <extensions>
          <distance>18290</distance>
        </extensions>
      </trkpt>
      <trkpt lat="46.0235" lon="6.94571">
        <ele>2081</ele>
        <extensions>
          <distance>18298</distance>
        </extensions>
      </trkpt>
      <trkpt lat="46.02353" lon="6.94571">
        <ele>2081</ele>
        <extensions>
          <distance>18302</distance>
        </extensions>
      </trkpt>
      <trkpt lat="46.02358" lon="6.9458">
        <ele>2078</ele>
        <extensions>
          <distance>18311</distance>
        </extensions>
      </trkpt>
      <trkpt lat="46.02354" lon="6.9459">
        <ele>2077</ele>
        <extensions>
          <distance>18320</distance>
        </extensions>
      </trkpt>
      <trkpt lat="46.02358" lon="6.94602">
        <ele>2075</ele>
        <extensions>
          <distance>18331</distance>
        </extensions>
      </trkpt>
      <trkpt lat="46.02358" lon="6.94617">
        <ele>2074</ele>
        <extensions>
          <distance>18342</distance>
        </extensions>
      </trkpt>
      <trkpt lat="46.02356" lon="6.9462">
        <ele>2073</ele>
        <extensions>
          <distance>18346</distance>
        </extensions>
      </trkpt>
      <trkpt lat="46.02348" lon="6.94624">
        <ele>2073</ele>
        <extensions>
          <distance>18355</distance>
        </extensions>
      </trkpt>
      <trkpt lat="46.02346" lon="6.94626">
        <ele>2073</ele>
        <extensions>
          <distance>18358</distance>
        </extensions>
      </trkpt>
      <trkpt lat="46.02347" lon="6.94637">
        <ele>2070</ele>
        <extensions>
          <distance>18367</distance>
        </extensions>
      </trkpt>
      <trkpt lat="46.02343" lon="6.94643">
        <ele>2070</ele>
        <extensions>
          <distance>18373</distance>
        </extensions>
      </trkpt>
      <trkpt lat="46.02335" lon="6.94649">
        <ele>2069</ele>
        <extensions>
          <distance>18383</distance>
        </extensions>
      </trkpt>
      <trkpt lat="46.0233" lon="6.94651">
        <ele>2068</ele>
        <extensions>
          <distance>18389</distance>
        </extensions>
      </trkpt>
      <trkpt lat="46.02328" lon="6.94654">
        <ele>2067</ele>
        <extensions>
          <distance>18392</distance>
        </extensions>
      </trkpt>
      <trkpt lat="46.02327" lon="6.94661">
        <ele>2065</ele>
        <extensions>
          <distance>18398</distance>
        </extensions>
      </trkpt>
      <trkpt lat="46.02328" lon="6.94664">
        <ele>2064</ele>
        <extensions>
          <distance>18401</distance>
        </extensions>
      </trkpt>
      <trkpt lat="46.0233" lon="6.94666">
        <ele>2064</ele>
        <extensions>
          <distance>18404</distance>
        </extensions>
      </trkpt>
      <trkpt lat="46.02339" lon="6.94671">
        <ele>2061</ele>
        <extensions>
          <distance>18415</distance>
        </extensions>
      </trkpt>
      <trkpt lat="46.0235" lon="6.94675">
        <ele>2059</ele>
        <extensions>
          <distance>18427</distance>
        </extensions>
      </trkpt>
      <trkpt lat="46.02361" lon="6.94683">
        <ele>2057</ele>
        <extensions>
          <distance>18441</distance>
        </extensions>
      </trkpt>
      <trkpt lat="46.02367" lon="6.9469">
        <ele>2054</ele>
        <extensions>
          <distance>18450</distance>
        </extensions>
      </trkpt>
      <trkpt lat="46.02369" lon="6.94694">
        <ele>2053</ele>
        <extensions>
          <distance>18454</distance>
        </extensions>
      </trkpt>
      <trkpt lat="46.02369" lon="6.94699">
        <ele>2052</ele>
        <extensions>
          <distance>18458</distance>
        </extensions>
      </trkpt>
      <trkpt lat="46.02367" lon="6.94706">
        <ele>2050</ele>
        <extensions>
          <distance>18464</distance>
        </extensions>
      </trkpt>
      <trkpt lat="46.02362" lon="6.94712">
        <ele>2050</ele>
        <extensions>
          <distance>18472</distance>
        </extensions>
      </trkpt>
      <trkpt lat="46.02352" lon="6.9472">
        <ele>2049</ele>
        <extensions>
          <distance>18484</distance>
        </extensions>
      </trkpt>
      <trkpt lat="46.0234" lon="6.94736">
        <ele>2044</ele>
        <extensions>
          <distance>18503</distance>
        </extensions>
      </trkpt>
      <trkpt lat="46.02328" lon="6.94745">
        <ele>2042</ele>
        <extensions>
          <distance>18518</distance>
        </extensions>
      </trkpt>
      <trkpt lat="46.02323" lon="6.94747">
        <ele>2042</ele>
        <extensions>
          <distance>18524</distance>
        </extensions>
      </trkpt>
      <trkpt lat="46.02323" lon="6.9475">
        <ele>2041</ele>
        <extensions>
          <distance>18526</distance>
        </extensions>
      </trkpt>
      <trkpt lat="46.02327" lon="6.94754">
        <ele>2040</ele>
        <extensions>
          <distance>18532</distance>
        </extensions>
      </trkpt>
      <trkpt lat="46.0233" lon="6.94761">
        <ele>2038</ele>
        <extensions>
          <distance>18539</distance>
        </extensions>
      </trkpt>
      <trkpt lat="46.02345" lon="6.94775">
        <ele>2035</ele>
        <extensions>
          <distance>18559</distance>
        </extensions>
      </trkpt>
      <trkpt lat="46.02353" lon="6.94787">
        <ele>2032</ele>
        <extensions>
          <distance>18572</distance>
        </extensions>
      </trkpt>
      <trkpt lat="46.02356" lon="6.94806">
        <ele>2029</ele>
        <extensions>
          <distance>18587</distance>
        </extensions>
      </trkpt>
      <trkpt lat="46.02364" lon="6.94819">
        <ele>2027</ele>
        <extensions>
          <distance>18601</distance>
        </extensions>
      </trkpt>
      <trkpt lat="46.02369" lon="6.94823">
        <ele>2027</ele>
        <extensions>
          <distance>18607</distance>
        </extensions>
      </trkpt>
      <trkpt lat="46.02371" lon="6.94826">
        <ele>2027</ele>
        <extensions>
          <distance>18610</distance>
        </extensions>
      </trkpt>
      <trkpt lat="46.02374" lon="6.94834">
        <ele>2026</ele>
        <extensions>
          <distance>18617</distance>
        </extensions>
      </trkpt>
      <trkpt lat="46.02372" lon="6.94843">
        <ele>2025</ele>
        <extensions>
          <distance>18625</distance>
        </extensions>
      </trkpt>
      <trkpt lat="46.0237" lon="6.94847">
        <ele>2025</ele>
        <extensions>
          <distance>18629</distance>
        </extensions>
      </trkpt>
      <trkpt lat="46.02363" lon="6.94855">
        <ele>2025</ele>
        <extensions>
          <distance>18639</distance>
        </extensions>
      </trkpt>
      <trkpt lat="46.02356" lon="6.94866">
        <ele>2023</ele>
        <extensions>
          <distance>18650</distance>
        </extensions>
      </trkpt>
      <trkpt lat="46.0235" lon="6.94886">
        <ele>2021</ele>
        <extensions>
          <distance>18667</distance>
        </extensions>
      </trkpt>
      <trkpt lat="46.02354" lon="6.94902">
        <ele>2019</ele>
        <extensions>
          <distance>18681</distance>
        </extensions>
      </trkpt>
      <trkpt lat="46.02358" lon="6.94909">
        <ele>2018</ele>
        <extensions>
          <distance>18688</distance>
        </extensions>
      </trkpt>
      <trkpt lat="46.02361" lon="6.94917">
        <ele>2017</ele>
        <extensions>
          <distance>18695</distance>
        </extensions>
      </trkpt>
      <trkpt lat="46.02361" lon="6.94921">
        <ele>2016</ele>
        <extensions>
          <distance>18698</distance>
        </extensions>
      </trkpt>
      <trkpt lat="46.02363" lon="6.94929">
        <ele>2015</ele>
        <extensions>
          <distance>18705</distance>
        </extensions>
      </trkpt>
      <trkpt lat="46.02369" lon="6.94939">
        <ele>2014</ele>
        <extensions>
          <distance>18715</distance>
        </extensions>
      </trkpt>
      <trkpt lat="46.02386" lon="6.9496">
        <ele>2010</ele>
        <extensions>
          <distance>18740</distance>
        </extensions>
      </trkpt>
      <trkpt lat="46.02388" lon="6.94964">
        <ele>2009</ele>
        <extensions>
          <distance>18744</distance>
        </extensions>
      </trkpt>
      <trkpt lat="46.02393" lon="6.94969">
        <ele>2008</ele>
        <extensions>
          <distance>18751</distance>
        </extensions>
      </trkpt>
      <trkpt lat="46.02396" lon="6.94977">
        <ele>2007</ele>
        <extensions>
          <distance>18758</distance>
        </extensions>
      </trkpt>
      <trkpt lat="46.02405" lon="6.94991">
        <ele>2004</ele>
        <extensions>
          <distance>18773</distance>
        </extensions>
      </trkpt>
      <trkpt lat="46.02414" lon="6.95006">
        <ele>2003</ele>
        <extensions>
          <distance>18788</distance>
        </extensions>
      </trkpt>
      <trkpt lat="46.0242" lon="6.9503">
        <ele>2003</ele>
        <extensions>
          <distance>18808</distance>
        </extensions>
      </trkpt>
      <trkpt lat="46.02422" lon="6.95046">
        <ele>2003</ele>
        <extensions>
          <distance>18821</distance>
        </extensions>
      </trkpt>
      <trkpt lat="46.02424" lon="6.95053">
        <ele>2003</ele>
        <extensions>
          <distance>18827</distance>
        </extensions>
      </trkpt>
      <trkpt lat="46.02426" lon="6.95055">
        <ele>2003</ele>
        <extensions>
          <distance>18829</distance>
        </extensions>
      </trkpt>
      <trkpt lat="46.0243" lon="6.95063">
        <ele>2002</ele>
        <extensions>
          <distance>18837</distance>
        </extensions>
      </trkpt>
      <trkpt lat="46.02441" lon="6.95094">
        <ele>2000</ele>
        <extensions>
          <distance>18864</distance>
        </extensions>
      </trkpt>
      <trkpt lat="46.02445" lon="6.95101">
        <ele>1999</ele>
        <extensions>
          <distance>18871</distance>
        </extensions>
      </trkpt>
      <trkpt lat="46.0245" lon="6.95115">
        <ele>1998</ele>
        <extensions>
          <distance>18883</distance>
        </extensions>
      </trkpt>
      <trkpt lat="46.02459" lon="6.95131">
        <ele>1997</ele>
        <extensions>
          <distance>18899</distance>
        </extensions>
      </trkpt>
      <trkpt lat="46.02464" lon="6.9515">
        <ele>1997</ele>
        <extensions>
          <distance>18915</distance>
        </extensions>
      </trkpt>
      <trkpt lat="46.02466" lon="6.95151">
        <ele>1997</ele>
        <extensions>
          <distance>18917</distance>
        </extensions>
      </trkpt>
      <trkpt lat="46.0247" lon="6.95139">
        <ele>1997</ele>
        <extensions>
          <distance>18928</distance>
        </extensions>
      </trkpt>
      <trkpt lat="46.02485" lon="6.95116">
        <ele>1994</ele>
        <extensions>
          <distance>18952</distance>
        </extensions>
      </trkpt>
      <trkpt lat="46.02501" lon="6.95104">
        <ele>1991</ele>
        <extensions>
          <distance>18972</distance>
        </extensions>
      </trkpt>
      <trkpt lat="46.02504" lon="6.95104">
        <ele>1990</ele>
        <extensions>
          <distance>18976</distance>
        </extensions>
      </trkpt>
      <trkpt lat="46.02513" lon="6.95099">
        <ele>1989</ele>
        <extensions>
          <distance>18986</distance>
        </extensions>
      </trkpt>
      <trkpt lat="46.02526" lon="6.95094">
        <ele>1987</ele>
        <extensions>
          <distance>19002</distance>
        </extensions>
      </trkpt>
      <trkpt lat="46.02547" lon="6.95082">
        <ele>1981</ele>
        <extensions>
          <distance>19027</distance>
        </extensions>
      </trkpt>
      <trkpt lat="46.02549" lon="6.95079">
        <ele>1981</ele>
        <extensions>
          <distance>19031</distance>
        </extensions>
      </trkpt>
      <trkpt lat="46.02561" lon="6.95071">
        <ele>1979</ele>
        <extensions>
          <distance>19045</distance>
        </extensions>
      </trkpt>
      <trkpt lat="46.02563" lon="6.95068">
        <ele>1978</ele>
        <extensions>
          <distance>19049</distance>
        </extensions>
      </trkpt>
      <trkpt lat="46.02569" lon="6.95063">
        <ele>1977</ele>
        <extensions>
          <distance>19056</distance>
        </extensions>
      </trkpt>
      <trkpt lat="46.02578" lon="6.95057">
        <ele>1975</ele>
        <extensions>
          <distance>19068</distance>
        </extensions>
      </trkpt>
      <trkpt lat="46.0258" lon="6.95057">
        <ele>1975</ele>
        <extensions>
          <distance>19070</distance>
        </extensions>
      </trkpt>
      <trkpt lat="46.02583" lon="6.95055">
        <ele>1974</ele>
        <extensions>
          <distance>19074</distance>
        </extensions>
      </trkpt>
      <trkpt lat="46.02586" lon="6.95056">
        <ele>1973</ele>
        <extensions>
          <distance>19077</distance>
        </extensions>
      </trkpt>
      <trkpt lat="46.02599" lon="6.95054">
        <ele>1971</ele>
        <extensions>
          <distance>19092</distance>
        </extensions>
      </trkpt>
      <trkpt lat="46.02624" lon="6.95055">
        <ele>1969</ele>
        <extensions>
          <distance>19120</distance>
        </extensions>
      </trkpt>
      <trkpt lat="46.02634" lon="6.95058">
        <ele>1967</ele>
        <extensions>
          <distance>19131</distance>
        </extensions>
      </trkpt>
      <trkpt lat="46.0264" lon="6.95058">
        <ele>1967</ele>
        <extensions>
          <distance>19138</distance>
        </extensions>
      </trkpt>
      <trkpt lat="46.02643" lon="6.95057">
        <ele>1966</ele>
        <extensions>
          <distance>19141</distance>
        </extensions>
      </trkpt>
      <trkpt lat="46.02666" lon="6.95057">
        <ele>1963</ele>
        <extensions>
          <distance>19167</distance>
        </extensions>
      </trkpt>
      <trkpt lat="46.02678" lon="6.9505">
        <ele>1961</ele>
        <extensions>
          <distance>19182</distance>
        </extensions>
      </trkpt>
      <trkpt lat="46.02683" lon="6.95045">
        <ele>1960</ele>
        <extensions>
          <distance>19189</distance>
        </extensions>
      </trkpt>
      <trkpt lat="46.02692" lon="6.95039">
        <ele>1959</ele>
        <extensions>
          <distance>19200</distance>
        </extensions>
      </trkpt>
      <trkpt lat="46.02704" lon="6.95034">
        <ele>1956</ele>
        <extensions>
          <distance>19214</distance>
        </extensions>
      </trkpt>
      <trkpt lat="46.02728" lon="6.95018">
        <ele>1952</ele>
        <extensions>
          <distance>19243</distance>
        </extensions>
      </trkpt>
      <trkpt lat="46.02752" lon="6.95003">
        <ele>1949</ele>
        <extensions>
          <distance>19273</distance>
        </extensions>
      </trkpt>
      <trkpt lat="46.02761" lon="6.95">
        <ele>1947</ele>
        <extensions>
          <distance>19283</distance>
        </extensions>
      </trkpt>
      <trkpt lat="46.02764" lon="6.94998">
        <ele>1947</ele>
        <extensions>
          <distance>19287</distance>
        </extensions>
      </trkpt>
      <trkpt lat="46.0278" lon="6.94993">
        <ele>1945</ele>
        <extensions>
          <distance>19305</distance>
        </extensions>
      </trkpt>
      <trkpt lat="46.02783" lon="6.94991">
        <ele>1944</ele>
        <extensions>
          <distance>19309</distance>
        </extensions>
      </trkpt>
      <trkpt lat="46.02808" lon="6.94983">
        <ele>1942</ele>
        <extensions>
          <distance>19337</distance>
        </extensions>
      </trkpt>
      <trkpt lat="46.02815" lon="6.94979">
        <ele>1941</ele>
        <extensions>
          <distance>19346</distance>
        </extensions>
      </trkpt>
      <trkpt lat="46.02821" lon="6.94977">
        <ele>1941</ele>
        <extensions>
          <distance>19353</distance>
        </extensions>
      </trkpt>
      <trkpt lat="46.02832" lon="6.94968">
        <ele>1940</ele>
        <extensions>
          <distance>19367</distance>
        </extensions>
      </trkpt>
      <trkpt lat="46.02839" lon="6.94966">
        <ele>1940</ele>
        <extensions>
          <distance>19375</distance>
        </extensions>
      </trkpt>
      <trkpt lat="46.02842" lon="6.94964">
        <ele>1940</ele>
        <extensions>
          <distance>19378</distance>
        </extensions>
      </trkpt>
      <trkpt lat="46.02861" lon="6.94958">
        <ele>1938</ele>
        <extensions>
          <distance>19400</distance>
        </extensions>
      </trkpt>
      <trkpt lat="46.02878" lon="6.94958">
        <ele>1937</ele>
        <extensions>
          <distance>19419</distance>
        </extensions>
      </trkpt>
      <trkpt lat="46.02891" lon="6.94956">
        <ele>1936</ele>
        <extensions>
          <distance>19433</distance>
        </extensions>
      </trkpt>
      <trkpt lat="46.02907" lon="6.94956">
        <ele>1935</ele>
        <extensions>
          <distance>19451</distance>
        </extensions>
      </trkpt>
      <trkpt lat="46.0291" lon="6.94957">
        <ele>1935</ele>
        <extensions>
          <distance>19455</distance>
        </extensions>
      </trkpt>
      <trkpt lat="46.02926" lon="6.94957">
        <ele>1935</ele>
        <extensions>
          <distance>19473</distance>
        </extensions>
      </trkpt>
      <trkpt lat="46.02942" lon="6.94958">
        <ele>1935</ele>
        <extensions>
          <distance>19490</distance>
        </extensions>
      </trkpt>
      <trkpt lat="46.02945" lon="6.94959">
        <ele>1935</ele>
        <extensions>
          <distance>19494</distance>
        </extensions>
      </trkpt>
      <trkpt lat="46.0296" lon="6.94959">
        <ele>1934</ele>
        <extensions>
          <distance>19510</distance>
        </extensions>
      </trkpt>
      <trkpt lat="46.02963" lon="6.94958">
        <ele>1933</ele>
        <extensions>
          <distance>19514</distance>
        </extensions>
      </trkpt>
      <trkpt lat="46.02972" lon="6.94962">
        <ele>1933</ele>
        <extensions>
          <distance>19524</distance>
        </extensions>
      </trkpt>
      <trkpt lat="46.02981" lon="6.94964">
        <ele>1933</ele>
        <extensions>
          <distance>19534</distance>
        </extensions>
      </trkpt>
      <trkpt lat="46.02994" lon="6.94965">
        <ele>1932</ele>
        <extensions>
          <distance>19549</distance>
        </extensions>
      </trkpt>
      <trkpt lat="46.03008" lon="6.94965">
        <ele>1930</ele>
        <extensions>
          <distance>19565</distance>
        </extensions>
      </trkpt>
      <trkpt lat="46.03017" lon="6.94963">
        <ele>1929</ele>
        <extensions>
          <distance>19575</distance>
        </extensions>
      </trkpt>
      <trkpt lat="46.03026" lon="6.94963">
        <ele>1927</ele>
        <extensions>
          <distance>19585</distance>
        </extensions>
      </trkpt>
      <trkpt lat="46.03032" lon="6.9496">
        <ele>1926</ele>
        <extensions>
          <distance>19592</distance>
        </extensions>
      </trkpt>
      <trkpt lat="46.03036" lon="6.9496">
        <ele>1925</ele>
        <extensions>
          <distance>19597</distance>
        </extensions>
      </trkpt>
      <trkpt lat="46.03041" lon="6.94957">
        <ele>1925</ele>
        <extensions>
          <distance>19603</distance>
        </extensions>
      </trkpt>
      <trkpt lat="46.03049" lon="6.94949">
        <ele>1924</ele>
        <extensions>
          <distance>19613</distance>
        </extensions>
      </trkpt>
      <trkpt lat="46.0305" lon="6.94945">
        <ele>1923</ele>
        <extensions>
          <distance>19617</distance>
        </extensions>
      </trkpt>
      <trkpt lat="46.03052" lon="6.94942">
        <ele>1923</ele>
        <extensions>
          <distance>19620</distance>
        </extensions>
      </trkpt>
      <trkpt lat="46.03054" lon="6.94929">
        <ele>1920</ele>
        <extensions>
          <distance>19631</distance>
        </extensions>
      </trkpt>
      <trkpt lat="46.03056" lon="6.94925">
        <ele>1920</ele>
        <extensions>
          <distance>19635</distance>
        </extensions>
      </trkpt>
      <trkpt lat="46.03061" lon="6.94921">
        <ele>1917</ele>
        <extensions>
          <distance>19641</distance>
        </extensions>
      </trkpt>
      <trkpt lat="46.03067" lon="6.94913">
        <ele>1914</ele>
        <extensions>
          <distance>19651</distance>
        </extensions>
      </trkpt>
      <trkpt lat="46.03079" lon="6.94902">
        <ele>1909</ele>
        <extensions>
          <distance>19668</distance>
        </extensions>
      </trkpt>
      <trkpt lat="46.03095" lon="6.94893">
        <ele>1905</ele>
        <extensions>
          <distance>19687</distance>
        </extensions>
      </trkpt>
      <trkpt lat="46.03099" lon="6.94892">
        <ele>1904</ele>
        <extensions>
          <distance>19692</distance>
        </extensions>
      </trkpt>
      <trkpt lat="46.03112" lon="6.94878">
        <ele>1898</ele>
        <extensions>
          <distance>19711</distance>
        </extensions>
      </trkpt>
      <trkpt lat="46.03117" lon="6.94869">
        <ele>1894</ele>
        <extensions>
          <distance>19721</distance>
        </extensions>
      </trkpt>
      <trkpt lat="46.03122" lon="6.94864">
        <ele>1893</ele>
        <extensions>
          <distance>19727</distance>
        </extensions>
      </trkpt>
      <trkpt lat="46.03129" lon="6.94853">
        <ele>1888</ele>
        <extensions>
          <distance>19740</distance>
        </extensions>
      </trkpt>
      <trkpt lat="46.03131" lon="6.94847">
        <ele>1886</ele>
        <extensions>
          <distance>19745</distance>
        </extensions>
      </trkpt>
      <trkpt lat="46.03132" lon="6.94839">
        <ele>1884</ele>
        <extensions>
          <distance>19752</distance>
        </extensions>
      </trkpt>
      <trkpt lat="46.03128" lon="6.94828">
        <ele>1881</ele>
        <extensions>
          <distance>19762</distance>
        </extensions>
      </trkpt>
      <trkpt lat="46.03128" lon="6.9482">
        <ele>1878</ele>
        <extensions>
          <distance>19769</distance>
        </extensions>
      </trkpt>
      <trkpt lat="46.0313" lon="6.94816">
        <ele>1876</ele>
        <extensions>
          <distance>19773</distance>
        </extensions>
      </trkpt>
      <trkpt lat="46.03146" lon="6.94799">
        <ele>1869</ele>
        <extensions>
          <distance>19796</distance>
        </extensions>
      </trkpt>
      <trkpt lat="46.03162" lon="6.94782">
        <ele>1861</ele>
        <extensions>
          <distance>19820</distance>
        </extensions>
      </trkpt>
      <trkpt lat="46.03166" lon="6.94774">
        <ele>1859</ele>
        <extensions>
          <distance>19827</distance>
        </extensions>
      </trkpt>
      <trkpt lat="46.03171" lon="6.94767">
        <ele>1857</ele>
        <extensions>
          <distance>19836</distance>
        </extensions>
      </trkpt>
      <trkpt lat="46.03187" lon="6.94736">
        <ele>1848</ele>
        <extensions>
          <distance>19867</distance>
        </extensions>
      </trkpt>
      <trkpt lat="46.0319" lon="6.94724">
        <ele>1845</ele>
        <extensions>
          <distance>19877</distance>
        </extensions>
      </trkpt>
      <trkpt lat="46.03191" lon="6.94706">
        <ele>1839</ele>
        <extensions>
          <distance>19892</distance>
        </extensions>
      </trkpt>
      <trkpt lat="46.03195" lon="6.94683">
        <ele>1834</ele>
        <extensions>
          <distance>19911</distance>
        </extensions>
      </trkpt>
      <trkpt lat="46.03199" lon="6.94676">
        <ele>1834</ele>
        <extensions>
          <distance>19918</distance>
        </extensions>
      </trkpt>
      <trkpt lat="46.03202" lon="6.94667">
        <ele>1832</ele>
        <extensions>
          <distance>19926</distance>
        </extensions>
      </trkpt>
      <trkpt lat="46.03206" lon="6.94659">
        <ele>1832</ele>
        <extensions>
          <distance>19934</distance>
        </extensions>
      </trkpt>
      <trkpt lat="46.03211" lon="6.94652">
        <ele>1831</ele>
        <extensions>
          <distance>19942</distance>
        </extensions>
      </trkpt>
      <trkpt lat="46.03216" lon="6.94648">
        <ele>1831</ele>
        <extensions>
          <distance>19948</distance>
        </extensions>
      </trkpt>
      <trkpt lat="46.0322" lon="6.94642">
        <ele>1830</ele>
        <extensions>
          <distance>19955</distance>
        </extensions>
      </trkpt>
      <trkpt lat="46.0323" lon="6.94637">
        <ele>1829</ele>
        <extensions>
          <distance>19966</distance>
        </extensions>
      </trkpt>
      <trkpt lat="46.03241" lon="6.94625">
        <ele>1826</ele>
        <extensions>
          <distance>19982</distance>
        </extensions>
      </trkpt>
      <trkpt lat="46.03244" lon="6.94623">
        <ele>1825</ele>
        <extensions>
          <distance>19986</distance>
        </extensions>
      </trkpt>
      <trkpt lat="46.03256" lon="6.94619">
        <ele>1823</ele>
        <extensions>
          <distance>20000</distance>
        </extensions>
      </trkpt>
      <trkpt lat="46.03265" lon="6.94619">
        <ele>1823</ele>
        <extensions>
          <distance>20010</distance>
        </extensions>
      </trkpt>
      <trkpt lat="46.03268" lon="6.9462">
        <ele>1823</ele>
        <extensions>
          <distance>20013</distance>
        </extensions>
      </trkpt>
      <trkpt lat="46.03284" lon="6.94619">
        <ele>1820</ele>
        <extensions>
          <distance>20031</distance>
        </extensions>
      </trkpt>
      <trkpt lat="46.03301" lon="6.94619">
        <ele>1818</ele>
        <extensions>
          <distance>20050</distance>
        </extensions>
      </trkpt>
      <trkpt lat="46.03304" lon="6.9462">
        <ele>1817</ele>
        <extensions>
          <distance>20053</distance>
        </extensions>
      </trkpt>
      <trkpt lat="46.03314" lon="6.94618">
        <ele>1815</ele>
        <extensions>
          <distance>20065</distance>
        </extensions>
      </trkpt>
      <trkpt lat="46.03318" lon="6.94616">
        <ele>1814</ele>
        <extensions>
          <distance>20070</distance>
        </extensions>
      </trkpt>
      <trkpt lat="46.03325" lon="6.94607">
        <ele>1810</ele>
        <extensions>
          <distance>20081</distance>
        </extensions>
      </trkpt>
      <trkpt lat="46.03328" lon="6.94605">
        <ele>1808</ele>
        <extensions>
          <distance>20085</distance>
        </extensions>
      </trkpt>
      <trkpt lat="46.03334" lon="6.94595">
        <ele>1806</ele>
        <extensions>
          <distance>20095</distance>
        </extensions>
      </trkpt>
      <trkpt lat="46.03347" lon="6.94588">
        <ele>1801</ele>
        <extensions>
          <distance>20112</distance>
        </extensions>
      </trkpt>
      <trkpt lat="46.03351" lon="6.94588">
        <ele>1800</ele>
        <extensions>
          <distance>20116</distance>
        </extensions>
      </trkpt>
      <trkpt lat="46.03357" lon="6.94586">
        <ele>1798</ele>
        <extensions>
          <distance>20123</distance>
        </extensions>
      </trkpt>
      <trkpt lat="46.03372" lon="6.94585">
        <ele>1793</ele>
        <extensions>
          <distance>20141</distance>
        </extensions>
      </trkpt>
      <trkpt lat="46.03378" lon="6.94589">
        <ele>1792</ele>
        <extensions>
          <distance>20148</distance>
        </extensions>
      </trkpt>
      <trkpt lat="46.03388" lon="6.94592">
        <ele>1790</ele>
        <extensions>
          <distance>20160</distance>
        </extensions>
      </trkpt>
      <trkpt lat="46.03391" lon="6.94594">
        <ele>1789</ele>
        <extensions>
          <distance>20163</distance>
        </extensions>
      </trkpt>
      <trkpt lat="46.03398" lon="6.94595">
        <ele>1788</ele>
        <extensions>
          <distance>20171</distance>
        </extensions>
      </trkpt>
      <trkpt lat="46.03403" lon="6.94598">
        <ele>1788</ele>
        <extensions>
          <distance>20177</distance>
        </extensions>
      </trkpt>
      <trkpt lat="46.03409" lon="6.946">
        <ele>1785</ele>
        <extensions>
          <distance>20185</distance>
        </extensions>
      </trkpt>
      <trkpt lat="46.03418" lon="6.94606">
        <ele>1784</ele>
        <extensions>
          <distance>20196</distance>
        </extensions>
      </trkpt>
      <trkpt lat="46.03433" lon="6.94618">
        <ele>1784</ele>
        <extensions>
          <distance>20215</distance>
        </extensions>
      </trkpt>
      <trkpt lat="46.03436" lon="6.94619">
        <ele>1783</ele>
        <extensions>
          <distance>20218</distance>
        </extensions>
      </trkpt>
      <trkpt lat="46.03446" lon="6.94626">
        <ele>1782</ele>
        <extensions>
          <distance>20231</distance>
        </extensions>
      </trkpt>
      <trkpt lat="46.03451" lon="6.94632">
        <ele>1782</ele>
        <extensions>
          <distance>20238</distance>
        </extensions>
      </trkpt>
      <trkpt lat="46.03466" lon="6.94643">
        <ele>1781</ele>
        <extensions>
          <distance>20256</distance>
        </extensions>
      </trkpt>
      <trkpt lat="46.03481" lon="6.94661">
        <ele>1780</ele>
        <extensions>
          <distance>20278</distance>
        </extensions>
      </trkpt>
      <trkpt lat="46.03493" lon="6.94681">
        <ele>1780</ele>
        <extensions>
          <distance>20299</distance>
        </extensions>
      </trkpt>
      <trkpt lat="46.03502" lon="6.94688">
        <ele>1779</ele>
        <extensions>
          <distance>20310</distance>
        </extensions>
      </trkpt>
      <trkpt lat="46.03504" lon="6.94691">
        <ele>1778</ele>
        <extensions>
          <distance>20313</distance>
        </extensions>
      </trkpt>
      <trkpt lat="46.03519" lon="6.94702">
        <ele>1777</ele>
        <extensions>
          <distance>20332</distance>
        </extensions>
      </trkpt>
      <trkpt lat="46.03524" lon="6.94708">
        <ele>1776</ele>
        <extensions>
          <distance>20339</distance>
        </extensions>
      </trkpt>
      <trkpt lat="46.03527" lon="6.9471">
        <ele>1776</ele>
        <extensions>
          <distance>20343</distance>
        </extensions>
      </trkpt>
      <trkpt lat="46.03531" lon="6.94717">
        <ele>1775</ele>
        <extensions>
          <distance>20350</distance>
        </extensions>
      </trkpt>
      <trkpt lat="46.03536" lon="6.94721">
        <ele>1774</ele>
        <extensions>
          <distance>20356</distance>
        </extensions>
      </trkpt>
      <trkpt lat="46.03545" lon="6.94726">
        <ele>1772</ele>
        <extensions>
          <distance>20367</distance>
        </extensions>
      </trkpt>
      <trkpt lat="46.03563" lon="6.94742">
        <ele>1766</ele>
        <extensions>
          <distance>20392</distance>
        </extensions>
      </trkpt>
      <trkpt lat="46.03574" lon="6.94747">
        <ele>1762</ele>
        <extensions>
          <distance>20405</distance>
        </extensions>
      </trkpt>
      <trkpt lat="46.03577" lon="6.94747">
        <ele>1760</ele>
        <extensions>
          <distance>20409</distance>
        </extensions>
      </trkpt>
      <trkpt lat="46.03583" lon="6.94749">
        <ele>1759</ele>
        <extensions>
          <distance>20416</distance>
        </extensions>
      </trkpt>
      <trkpt lat="46.03597" lon="6.94757">
        <ele>1755</ele>
        <extensions>
          <distance>20433</distance>
        </extensions>
      </trkpt>
      <trkpt lat="46.03607" lon="6.94761">
        <ele>1752</ele>
        <extensions>
          <distance>20445</distance>
        </extensions>
      </trkpt>
      <trkpt lat="46.03612" lon="6.94765">
        <ele>1751</ele>
        <extensions>
          <distance>20451</distance>
        </extensions>
      </trkpt>
      <trkpt lat="46.03615" lon="6.94766">
        <ele>1750</ele>
        <extensions>
          <distance>20455</distance>
        </extensions>
      </trkpt>
      <trkpt lat="46.03637" lon="6.9478">
        <ele>1747</ele>
        <extensions>
          <distance>20482</distance>
        </extensions>
      </trkpt>
      <trkpt lat="46.03646" lon="6.94784">
        <ele>1746</ele>
        <extensions>
          <distance>20492</distance>
        </extensions>
      </trkpt>
      <trkpt lat="46.03654" lon="6.94789">
        <ele>1745</ele>
        <extensions>
          <distance>20502</distance>
        </extensions>
      </trkpt>
      <trkpt lat="46.0366" lon="6.94795">
        <ele>1745</ele>
        <extensions>
          <distance>20510</distance>
        </extensions>
      </trkpt>
      <trkpt lat="46.03666" lon="6.94799">
        <ele>1744</ele>
        <extensions>
          <distance>20518</distance>
        </extensions>
      </trkpt>
      <trkpt lat="46.0367" lon="6.94806">
        <ele>1744</ele>
        <extensions>
          <distance>20525</distance>
        </extensions>
      </trkpt>
      <trkpt lat="46.03684" lon="6.94817">
        <ele>1742</ele>
        <extensions>
          <distance>20542</distance>
        </extensions>
      </trkpt>
      <trkpt lat="46.0369" lon="6.94815">
        <ele>1741</ele>
        <extensions>
          <distance>20549</distance>
        </extensions>
      </trkpt>
      <trkpt lat="46.037" lon="6.94817">
        <ele>1740</ele>
        <extensions>
          <distance>20561</distance>
        </extensions>
      </trkpt>
      <trkpt lat="46.03706" lon="6.94821">
        <ele>1738</ele>
        <extensions>
          <distance>20568</distance>
        </extensions>
      </trkpt>
      <trkpt lat="46.03708" lon="6.94824">
        <ele>1738</ele>
        <extensions>
          <distance>20571</distance>
        </extensions>
      </trkpt>
      <trkpt lat="46.03712" lon="6.94825">
        <ele>1738</ele>
        <extensions>
          <distance>20576</distance>
        </extensions>
      </trkpt>
      <trkpt lat="46.03715" lon="6.94827">
        <ele>1738</ele>
        <extensions>
          <distance>20580</distance>
        </extensions>
      </trkpt>
      <trkpt lat="46.03717" lon="6.9483">
        <ele>1737</ele>
        <extensions>
          <distance>20583</distance>
        </extensions>
      </trkpt>
      <trkpt lat="46.0373" lon="6.94838">
        <ele>1736</ele>
        <extensions>
          <distance>20598</distance>
        </extensions>
      </trkpt>
      <trkpt lat="46.03745" lon="6.94843">
        <ele>1734</ele>
        <extensions>
          <distance>20616</distance>
        </extensions>
      </trkpt>
      <trkpt lat="46.03755" lon="6.94845">
        <ele>1732</ele>
        <extensions>
          <distance>20627</distance>
        </extensions>
      </trkpt>
      <trkpt lat="46.03764" lon="6.9485">
        <ele>1731</ele>
        <extensions>
          <distance>20638</distance>
        </extensions>
      </trkpt>
      <trkpt lat="46.03774" lon="6.94852">
        <ele>1729</ele>
        <extensions>
          <distance>20649</distance>
        </extensions>
      </trkpt>
      <trkpt lat="46.0379" lon="6.94858">
        <ele>1727</ele>
        <extensions>
          <distance>20668</distance>
        </extensions>
      </trkpt>
      <trkpt lat="46.03796" lon="6.94858">
        <ele>1726</ele>
        <extensions>
          <distance>20674</distance>
        </extensions>
      </trkpt>
      <trkpt lat="46.038" lon="6.9486">
        <ele>1726</ele>
        <extensions>
          <distance>20679</distance>
        </extensions>
      </trkpt>
      <trkpt lat="46.03822" lon="6.94863">
        <ele>1722</ele>
        <extensions>
          <distance>20704</distance>
        </extensions>
      </trkpt>
      <trkpt lat="46.03835" lon="6.94863">
        <ele>1721</ele>
        <extensions>
          <distance>20719</distance>
        </extensions>
      </trkpt>
      <trkpt lat="46.03858" lon="6.94869">
        <ele>1718</ele>
        <extensions>
          <distance>20745</distance>
        </extensions>
      </trkpt>
      <trkpt lat="46.03869" lon="6.9487">
        <ele>1717</ele>
        <extensions>
          <distance>20757</distance>
        </extensions>
      </trkpt>
      <trkpt lat="46.03876" lon="6.94869">
        <ele>1716</ele>
        <extensions>
          <distance>20765</distance>
        </extensions>
      </trkpt>
      <trkpt lat="46.03882" lon="6.94871">
        <ele>1715</ele>
        <extensions>
          <distance>20772</distance>
        </extensions>
      </trkpt>
      <trkpt lat="46.03895" lon="6.94872">
        <ele>1714</ele>
        <extensions>
          <distance>20786</distance>
        </extensions>
      </trkpt>
      <trkpt lat="46.03905" lon="6.94875">
        <ele>1713</ele>
        <extensions>
          <distance>20798</distance>
        </extensions>
      </trkpt>
      <trkpt lat="46.03908" lon="6.94875">
        <ele>1713</ele>
        <extensions>
          <distance>20801</distance>
        </extensions>
      </trkpt>
      <trkpt lat="46.03912" lon="6.94872">
        <ele>1712</ele>
        <extensions>
          <distance>20806</distance>
        </extensions>
      </trkpt>
      <trkpt lat="46.03908" lon="6.94862">
        <ele>1711</ele>
        <extensions>
          <distance>20815</distance>
        </extensions>
      </trkpt>
      <trkpt lat="46.03915" lon="6.94864">
        <ele>1711</ele>
        <extensions>
          <distance>20823</distance>
        </extensions>
      </trkpt>
      <trkpt lat="46.03916" lon="6.94861">
        <ele>1710</ele>
        <extensions>
          <distance>20826</distance>
        </extensions>
      </trkpt>
      <trkpt lat="46.03914" lon="6.94859">
        <ele>1710</ele>
        <extensions>
          <distance>20828</distance>
        </extensions>
      </trkpt>
      <trkpt lat="46.03914" lon="6.94856">
        <ele>1710</ele>
        <extensions>
          <distance>20831</distance>
        </extensions>
      </trkpt>
      <trkpt lat="46.03911" lon="6.94853">
        <ele>1709</ele>
        <extensions>
          <distance>20835</distance>
        </extensions>
      </trkpt>
      <trkpt lat="46.03907" lon="6.9484">
        <ele>1708</ele>
        <extensions>
          <distance>20846</distance>
        </extensions>
      </trkpt>
      <trkpt lat="46.03904" lon="6.94834">
        <ele>1708</ele>
        <extensions>
          <distance>20852</distance>
        </extensions>
      </trkpt>
      <trkpt lat="46.03908" lon="6.94826">
        <ele>1706</ele>
        <extensions>
          <distance>20859</distance>
        </extensions>
      </trkpt>
      <trkpt lat="46.03907" lon="6.9482">
        <ele>1705</ele>
        <extensions>
          <distance>20864</distance>
        </extensions>
      </trkpt>
      <trkpt lat="46.03904" lon="6.94818">
        <ele>1705</ele>
        <extensions>
          <distance>20868</distance>
        </extensions>
      </trkpt>
      <trkpt lat="46.03903" lon="6.94814">
        <ele>1705</ele>
        <extensions>
          <distance>20871</distance>
        </extensions>
      </trkpt>
      <trkpt lat="46.03896" lon="6.94806">
        <ele>1705</ele>
        <extensions>
          <distance>20881</distance>
        </extensions>
      </trkpt>
      <trkpt lat="46.03892" lon="6.94803">
        <ele>1705</ele>
        <extensions>
          <distance>20886</distance>
        </extensions>
      </trkpt>
      <trkpt lat="46.0389" lon="6.94795">
        <ele>1705</ele>
        <extensions>
          <distance>20893</distance>
        </extensions>
      </trkpt>
      <trkpt lat="46.0389" lon="6.94787">
        <ele>1705</ele>
        <extensions>
          <distance>20899</distance>
        </extensions>
      </trkpt>
      <trkpt lat="46.03884" lon="6.94778">
        <ele>1705</ele>
        <extensions>
          <distance>20908</distance>
        </extensions>
      </trkpt>
      <trkpt lat="46.03879" lon="6.94757">
        <ele>1705</ele>
        <extensions>
          <distance>20926</distance>
        </extensions>
      </trkpt>
      <trkpt lat="46.03875" lon="6.94752">
        <ele>1705</ele>
        <extensions>
          <distance>20932</distance>
        </extensions>
      </trkpt>
      <trkpt lat="46.03871" lon="6.94741">
        <ele>1704</ele>
        <extensions>
          <distance>20941</distance>
        </extensions>
      </trkpt>
      <trkpt lat="46.03869" lon="6.94738">
        <ele>1703</ele>
        <extensions>
          <distance>20944</distance>
        </extensions>
      </trkpt>
      <trkpt lat="46.03862" lon="6.94715">
        <ele>1701</ele>
        <extensions>
          <distance>20964</distance>
        </extensions>
      </trkpt>
      <trkpt lat="46.03857" lon="6.94707">
        <ele>1700</ele>
        <extensions>
          <distance>20972</distance>
        </extensions>
      </trkpt>
      <trkpt lat="46.03854" lon="6.94695">
        <ele>1698</ele>
        <extensions>
          <distance>20982</distance>
        </extensions>
      </trkpt>
      <trkpt lat="46.03843" lon="6.94685">
        <ele>1698</ele>
        <extensions>
          <distance>20997</distance>
        </extensions>
      </trkpt>
      <trkpt lat="46.03839" lon="6.94673">
        <ele>1695</ele>
        <extensions>
          <distance>21007</distance>
        </extensions>
      </trkpt>
      <trkpt lat="46.03837" lon="6.94654">
        <ele>1691</ele>
        <extensions>
          <distance>21023</distance>
        </extensions>
      </trkpt>
      <trkpt lat="46.03834" lon="6.94642">
        <ele>1688</ele>
        <extensions>
          <distance>21033</distance>
        </extensions>
      </trkpt>
      <trkpt lat="46.0383" lon="6.94637">
        <ele>1688</ele>
        <extensions>
          <distance>21039</distance>
        </extensions>
      </trkpt>
      <trkpt lat="46.03826" lon="6.94625">
        <ele>1685</ele>
        <extensions>
          <distance>21049</distance>
        </extensions>
      </trkpt>
      <trkpt lat="46.03815" lon="6.9461">
        <ele>1685</ele>
        <extensions>
          <distance>21066</distance>
        </extensions>
      </trkpt>
      <trkpt lat="46.03809" lon="6.94608">
        <ele>1685</ele>
        <extensions>
          <distance>21073</distance>
        </extensions>
      </trkpt>
      <trkpt lat="46.03798" lon="6.94602">
        <ele>1685</ele>
        <extensions>
          <distance>21086</distance>
        </extensions>
      </trkpt>
      <trkpt lat="46.03794" lon="6.94596">
        <ele>1685</ele>
        <extensions>
          <distance>21093</distance>
        </extensions>
      </trkpt>
      <trkpt lat="46.03784" lon="6.94588">
        <ele>1685</ele>
        <extensions>
          <distance>21105</distance>
        </extensions>
      </trkpt>
      <trkpt lat="46.03782" lon="6.94585">
        <ele>1684</ele>
        <extensions>
          <distance>21109</distance>
        </extensions>
      </trkpt>
      <trkpt lat="46.03778" lon="6.94583">
        <ele>1683</ele>
        <extensions>
          <distance>21113</distance>
        </extensions>
      </trkpt>
      <trkpt lat="46.03773" lon="6.94576">
        <ele>1682</ele>
        <extensions>
          <distance>21121</distance>
        </extensions>
      </trkpt>
      <trkpt lat="46.03767" lon="6.94573">
        <ele>1682</ele>
        <extensions>
          <distance>21128</distance>
        </extensions>
      </trkpt>
      <trkpt lat="46.03752" lon="6.94562">
        <ele>1679</ele>
        <extensions>
          <distance>21147</distance>
        </extensions>
      </trkpt>
      <trkpt lat="46.03753" lon="6.94558">
        <ele>1678</ele>
        <extensions>
          <distance>21150</distance>
        </extensions>
      </trkpt>
      <trkpt lat="46.03746" lon="6.94556">
        <ele>1677</ele>
        <extensions>
          <distance>21158</distance>
        </extensions>
      </trkpt>
      <trkpt lat="46.03744" lon="6.94553">
        <ele>1676</ele>
        <extensions>
          <distance>21162</distance>
        </extensions>
      </trkpt>
      <trkpt lat="46.03739" lon="6.9455">
        <ele>1675</ele>
        <extensions>
          <distance>21168</distance>
        </extensions>
      </trkpt>
      <trkpt lat="46.03727" lon="6.94546">
        <ele>1673</ele>
        <extensions>
          <distance>21182</distance>
        </extensions>
      </trkpt>
      <trkpt lat="46.03719" lon="6.94542">
        <ele>1673</ele>
        <extensions>
          <distance>21191</distance>
        </extensions>
      </trkpt>
      <trkpt lat="46.03718" lon="6.9454">
        <ele>1672</ele>
        <extensions>
          <distance>21193</distance>
        </extensions>
      </trkpt>
      <trkpt lat="46.03728" lon="6.94541">
        <ele>1672</ele>
        <extensions>
          <distance>21204</distance>
        </extensions>
      </trkpt>
      <trkpt lat="46.03725" lon="6.9454">
        <ele>1672</ele>
        <extensions>
          <distance>21208</distance>
        </extensions>
      </trkpt>
      <trkpt lat="46.0372" lon="6.94536">
        <ele>1672</ele>
        <extensions>
          <distance>21214</distance>
        </extensions>
      </trkpt>
      <trkpt lat="46.03714" lon="6.94539">
        <ele>1672</ele>
        <extensions>
          <distance>21221</distance>
        </extensions>
      </trkpt>
      <trkpt lat="46.03708" lon="6.9454">
        <ele>1672</ele>
        <extensions>
          <distance>21228</distance>
        </extensions>
      </trkpt>
      <trkpt lat="46.03704" lon="6.94539">
        <ele>1671</ele>
        <extensions>
          <distance>21232</distance>
        </extensions>
      </trkpt>
      <trkpt lat="46.03693" lon="6.94531">
        <ele>1671</ele>
        <extensions>
          <distance>21246</distance>
        </extensions>
      </trkpt>
      <trkpt lat="46.03687" lon="6.94531">
        <ele>1671</ele>
        <extensions>
          <distance>21253</distance>
        </extensions>
      </trkpt>
      <trkpt lat="46.03684" lon="6.9453">
        <ele>1670</ele>
        <extensions>
          <distance>21256</distance>
        </extensions>
      </trkpt>
      <trkpt lat="46.03677" lon="6.9452">
        <ele>1667</ele>
        <extensions>
          <distance>21268</distance>
        </extensions>
      </trkpt>
      <trkpt lat="46.03668" lon="6.94516">
        <ele>1667</ele>
        <extensions>
          <distance>21278</distance>
        </extensions>
      </trkpt>
      <trkpt lat="46.03663" lon="6.9451">
        <ele>1666</ele>
        <extensions>
          <distance>21285</distance>
        </extensions>
      </trkpt>
      <trkpt lat="46.03658" lon="6.94501">
        <ele>1664</ele>
        <extensions>
          <distance>21294</distance>
        </extensions>
      </trkpt>
      <trkpt lat="46.03641" lon="6.94482">
        <ele>1660</ele>
        <extensions>
          <distance>21319</distance>
        </extensions>
      </trkpt>
      <trkpt lat="46.03625" lon="6.94457">
        <ele>1655</ele>
        <extensions>
          <distance>21345</distance>
        </extensions>
      </trkpt>
      <trkpt lat="46.03623" lon="6.9445">
        <ele>1653</ele>
        <extensions>
          <distance>21351</distance>
        </extensions>
      </trkpt>
      <trkpt lat="46.03619" lon="6.94444">
        <ele>1652</ele>
        <extensions>
          <distance>21358</distance>
        </extensions>
      </trkpt>
      <trkpt lat="46.03614" lon="6.94429">
        <ele>1646</ele>
        <extensions>
          <distance>21372</distance>
        </extensions>
      </trkpt>
      <trkpt lat="46.03612" lon="6.94426">
        <ele>1645</ele>
        <extensions>
          <distance>21375</distance>
        </extensions>
      </trkpt>
      <trkpt lat="46.03606" lon="6.94421">
        <ele>1645</ele>
        <extensions>
          <distance>21383</distance>
        </extensions>
      </trkpt>
      <trkpt lat="46.03603" lon="6.94406">
        <ele>1640</ele>
        <extensions>
          <distance>21396</distance>
        </extensions>
      </trkpt>
      <trkpt lat="46.03597" lon="6.94402">
        <ele>1640</ele>
        <extensions>
          <distance>21403</distance>
        </extensions>
      </trkpt>
      <trkpt lat="46.0359" lon="6.94394">
        <ele>1638</ele>
        <extensions>
          <distance>21413</distance>
        </extensions>
      </trkpt>
      <trkpt lat="46.03578" lon="6.94374">
        <ele>1633</ele>
        <extensions>
          <distance>21434</distance>
        </extensions>
      </trkpt>
      <trkpt lat="46.03578" lon="6.9437">
        <ele>1632</ele>
        <extensions>
          <distance>21438</distance>
        </extensions>
      </trkpt>
      <trkpt lat="46.0357" lon="6.94348">
        <ele>1626</ele>
        <extensions>
          <distance>21458</distance>
        </extensions>
      </trkpt>
      <trkpt lat="46.03558" lon="6.94338">
        <ele>1626</ele>
        <extensions>
          <distance>21473</distance>
        </extensions>
      </trkpt>
      <trkpt lat="46.03556" lon="6.94332">
        <ele>1624</ele>
        <extensions>
          <distance>21478</distance>
        </extensions>
      </trkpt>
      <trkpt lat="46.03548" lon="6.94322">
        <ele>1621</ele>
        <extensions>
          <distance>21491</distance>
        </extensions>
      </trkpt>
      <trkpt lat="46.03545" lon="6.94315">
        <ele>1620</ele>
        <extensions>
          <distance>21497</distance>
        </extensions>
      </trkpt>
      <trkpt lat="46.0354" lon="6.94311">
        <ele>1620</ele>
        <extensions>
          <distance>21503</distance>
        </extensions>
      </trkpt>
      <trkpt lat="46.0354" lon="6.94307">
        <ele>1618</ele>
        <extensions>
          <distance>21507</distance>
        </extensions>
      </trkpt>
      <trkpt lat="46.03542" lon="6.94305">
        <ele>1614</ele>
        <extensions>
          <distance>21511</distance>
        </extensions>
      </trkpt>
      <trkpt lat="46.03544" lon="6.94305">
        <ele>1614</ele>
        <extensions>
          <distance>21514</distance>
        </extensions>
      </trkpt>
      <trkpt lat="46.03549" lon="6.94298">
        <ele>1611</ele>
        <extensions>
          <distance>21522</distance>
        </extensions>
      </trkpt>
      <trkpt lat="46.0356" lon="6.94292">
        <ele>1603</ele>
        <extensions>
          <distance>21537</distance>
        </extensions>
      </trkpt>
      <trkpt lat="46.03566" lon="6.9429">
        <ele>1602</ele>
        <extensions>
          <distance>21544</distance>
        </extensions>
      </trkpt>
      <trkpt lat="46.03568" lon="6.94291">
        <ele>1601</ele>
        <extensions>
          <distance>21546</distance>
        </extensions>
      </trkpt>
      <trkpt lat="46.03571" lon="6.94289">
        <ele>1601</ele>
        <extensions>
          <distance>21550</distance>
        </extensions>
      </trkpt>
      <trkpt lat="46.03574" lon="6.94291">
        <ele>1600</ele>
        <extensions>
          <distance>21554</distance>
        </extensions>
      </trkpt>
      <trkpt lat="46.03577" lon="6.94296">
        <ele>1599</ele>
        <extensions>
          <distance>21559</distance>
        </extensions>
      </trkpt>
      <trkpt lat="46.03586" lon="6.943">
        <ele>1599</ele>
        <extensions>
          <distance>21570</distance>
        </extensions>
      </trkpt>
      <trkpt lat="46.03591" lon="6.94299">
        <ele>1597</ele>
        <extensions>
          <distance>21575</distance>
        </extensions>
      </trkpt>
      <trkpt lat="46.03607" lon="6.943">
        <ele>1594</ele>
        <extensions>
          <distance>21594</distance>
        </extensions>
      </trkpt>
      <trkpt lat="46.03607" lon="6.94301">
        <ele>1592</ele>
        <extensions>
          <distance>21594</distance>
        </extensions>
      </trkpt>
      <trkpt lat="46.03605" lon="6.94302">
        <ele>1592</ele>
        <extensions>
          <distance>21597</distance>
        </extensions>
      </trkpt>
      <trkpt lat="46.03603" lon="6.94301">
        <ele>1591</ele>
        <extensions>
          <distance>21600</distance>
        </extensions>
      </trkpt>
      <trkpt lat="46.03594" lon="6.94293">
        <ele>1591</ele>
        <extensions>
          <distance>21612</distance>
        </extensions>
      </trkpt>
      <trkpt lat="46.03589" lon="6.94287">
        <ele>1591</ele>
        <extensions>
          <distance>21619</distance>
        </extensions>
      </trkpt>
      <trkpt lat="46.03588" lon="6.94284">
        <ele>1591</ele>
        <extensions>
          <distance>21621</distance>
        </extensions>
      </trkpt>
      <trkpt lat="46.03588" lon="6.94263">
        <ele>1583</ele>
        <extensions>
          <distance>21638</distance>
        </extensions>
      </trkpt>
      <trkpt lat="46.03587" lon="6.9426">
        <ele>1581</ele>
        <extensions>
          <distance>21641</distance>
        </extensions>
      </trkpt>
      <trkpt lat="46.03583" lon="6.94255">
        <ele>1580</ele>
        <extensions>
          <distance>21647</distance>
        </extensions>
      </trkpt>
      <trkpt lat="46.03578" lon="6.94254">
        <ele>1580</ele>
        <extensions>
          <distance>21653</distance>
        </extensions>
      </trkpt>
      <trkpt lat="46.03573" lon="6.9425">
        <ele>1579</ele>
        <extensions>
          <distance>21659</distance>
        </extensions>
      </trkpt>
      <trkpt lat="46.0356" lon="6.94236">
        <ele>1576</ele>
        <extensions>
          <distance>21678</distance>
        </extensions>
      </trkpt>
      <trkpt lat="46.0356" lon="6.94225">
        <ele>1573</ele>
        <extensions>
          <distance>21687</distance>
        </extensions>
      </trkpt>
      <trkpt lat="46.03557" lon="6.94224">
        <ele>1572</ele>
        <extensions>
          <distance>21690</distance>
        </extensions>
      </trkpt>
      <trkpt lat="46.03555" lon="6.94225">
        <ele>1571</ele>
        <extensions>
          <distance>21693</distance>
        </extensions>
      </trkpt>
      <trkpt lat="46.03547" lon="6.94208">
        <ele>1567</ele>
        <extensions>
          <distance>21709</distance>
        </extensions>
      </trkpt>
      <trkpt lat="46.03543" lon="6.94205">
        <ele>1566</ele>
        <extensions>
          <distance>21714</distance>
        </extensions>
      </trkpt>
      <trkpt lat="46.03541" lon="6.942">
        <ele>1565</ele>
        <extensions>
          <distance>21719</distance>
        </extensions>
      </trkpt>
      <trkpt lat="46.03538" lon="6.94196">
        <ele>1563</ele>
        <extensions>
          <distance>21724</distance>
        </extensions>
      </trkpt>
      <trkpt lat="46.03538" lon="6.94193">
        <ele>1561</ele>
        <extensions>
          <distance>21726</distance>
        </extensions>
      </trkpt>
      <trkpt lat="46.03536" lon="6.94189">
        <ele>1561</ele>
        <extensions>
          <distance>21730</distance>
        </extensions>
      </trkpt>
      <trkpt lat="46.0353" lon="6.94168">
        <ele>1555</ele>
        <extensions>
          <distance>21749</distance>
        </extensions>
      </trkpt>
      <trkpt lat="46.0352" lon="6.94163">
        <ele>1554</ele>
        <extensions>
          <distance>21761</distance>
        </extensions>
      </trkpt>
      <trkpt lat="46.03516" lon="6.94158">
        <ele>1554</ele>
        <extensions>
          <distance>21767</distance>
        </extensions>
      </trkpt>
      <trkpt lat="46.03511" lon="6.94155">
        <ele>1554</ele>
        <extensions>
          <distance>21773</distance>
        </extensions>
      </trkpt>
      <trkpt lat="46.0351" lon="6.94152">
        <ele>1554</ele>
        <extensions>
          <distance>21775</distance>
        </extensions>
      </trkpt>
      <trkpt lat="46.03511" lon="6.94146">
        <ele>1550</ele>
        <extensions>
          <distance>21780</distance>
        </extensions>
      </trkpt>
      <trkpt lat="46.03501" lon="6.94134">
        <ele>1549</ele>
        <extensions>
          <distance>21795</distance>
        </extensions>
      </trkpt>
      <trkpt lat="46.03498" lon="6.94132">
        <ele>1549</ele>
        <extensions>
          <distance>21798</distance>
        </extensions>
      </trkpt>
      <trkpt lat="46.03495" lon="6.94132">
        <ele>1548</ele>
        <extensions>
          <distance>21802</distance>
        </extensions>
      </trkpt>
      <trkpt lat="46.03493" lon="6.94128">
        <ele>1547</ele>
        <extensions>
          <distance>21806</distance>
        </extensions>
      </trkpt>
      <trkpt lat="46.03492" lon="6.94123">
        <ele>1546</ele>
        <extensions>
          <distance>21810</distance>
        </extensions>
      </trkpt>
      <trkpt lat="46.03496" lon="6.94118">
        <ele>1543</ele>
        <extensions>
          <distance>21816</distance>
        </extensions>
      </trkpt>
      <trkpt lat="46.03496" lon="6.94113">
        <ele>1541</ele>
        <extensions>
          <distance>21820</distance>
        </extensions>
      </trkpt>
      <trkpt lat="46.03492" lon="6.94105">
        <ele>1538</ele>
        <extensions>
          <distance>21829</distance>
        </extensions>
      </trkpt>
      <trkpt lat="46.03492" lon="6.9409">
        <ele>1530</ele>
        <extensions>
          <distance>21843</distance>
        </extensions>
      </trkpt>
      <trkpt lat="46.03495" lon="6.94079">
        <ele>1524</ele>
        <extensions>
          <distance>21854</distance>
        </extensions>
      </trkpt>
      <trkpt lat="46.03498" lon="6.94077">
        <ele>1522</ele>
        <extensions>
          <distance>21858</distance>
        </extensions>
      </trkpt>
      <trkpt lat="46.03499" lon="6.94074">
        <ele>1518</ele>
        <extensions>
          <distance>21863</distance>
        </extensions>
      </trkpt>
      <trkpt lat="46.03497" lon="6.94069">
        <ele>1518</ele>
        <extensions>
          <distance>21867</distance>
        </extensions>
      </trkpt>
      <trkpt lat="46.03494" lon="6.94067">
        <ele>1518</ele>
        <extensions>
          <distance>21871</distance>
        </extensions>
      </trkpt>
      <trkpt lat="46.03491" lon="6.94068">
        <ele>1518</ele>
        <extensions>
          <distance>21874</distance>
        </extensions>
      </trkpt>
      <trkpt lat="46.03487" lon="6.94066">
        <ele>1518</ele>
        <extensions>
          <distance>21879</distance>
        </extensions>
      </trkpt>
      <trkpt lat="46.03483" lon="6.94066">
        <ele>1518</ele>
        <extensions>
          <distance>21883</distance>
        </extensions>
      </trkpt>
      <trkpt lat="46.03478" lon="6.94064">
        <ele>1518</ele>
        <extensions>
          <distance>21889</distance>
        </extensions>
      </trkpt>
      <trkpt lat="46.03471" lon="6.9405">
        <ele>1515</ele>
        <extensions>
          <distance>21903</distance>
        </extensions>
      </trkpt>
      <trkpt lat="46.03465" lon="6.94043">
        <ele>1511</ele>
        <extensions>
          <distance>21912</distance>
        </extensions>
      </trkpt>
      <trkpt lat="46.03455" lon="6.94036">
        <ele>1511</ele>
        <extensions>
          <distance>21924</distance>
        </extensions>
      </trkpt>
      <trkpt lat="46.03451" lon="6.94029">
        <ele>1507</ele>
        <extensions>
          <distance>21932</distance>
        </extensions>
      </trkpt>
      <trkpt lat="46.0345" lon="6.94025">
        <ele>1505</ele>
        <extensions>
          <distance>21935</distance>
        </extensions>
      </trkpt>
      <trkpt lat="46.03446" lon="6.94019">
        <ele>1503</ele>
        <extensions>
          <distance>21942</distance>
        </extensions>
      </trkpt>
      <trkpt lat="46.03444" lon="6.94013">
        <ele>1498</ele>
        <extensions>
          <distance>21950</distance>
        </extensions>
      </trkpt>
      <trkpt lat="46.03438" lon="6.94008">
        <ele>1497</ele>
        <extensions>
          <distance>21957</distance>
        </extensions>
      </trkpt>
      <trkpt lat="46.03435" lon="6.94001">
        <ele>1493</ele>
        <extensions>
          <distance>21965</distance>
        </extensions>
      </trkpt>
      <trkpt lat="46.03433" lon="6.94">
        <ele>1492</ele>
        <extensions>
          <distance>21967</distance>
        </extensions>
      </trkpt>
      <trkpt lat="46.03431" lon="6.93996">
        <ele>1492</ele>
        <extensions>
          <distance>21971</distance>
        </extensions>
      </trkpt>
      <trkpt lat="46.03428" lon="6.93993">
        <ele>1491</ele>
        <extensions>
          <distance>21975</distance>
        </extensions>
      </trkpt>
      <trkpt lat="46.03417" lon="6.93987">
        <ele>1491</ele>
        <extensions>
          <distance>21988</distance>
        </extensions>
      </trkpt>
      <trkpt lat="46.03414" lon="6.93982">
        <ele>1489</ele>
        <extensions>
          <distance>21993</distance>
        </extensions>
      </trkpt>
      <trkpt lat="46.03406" lon="6.93975">
        <ele>1488</ele>
        <extensions>
          <distance>22004</distance>
        </extensions>
      </trkpt>
      <trkpt lat="46.03401" lon="6.93972">
        <ele>1486</ele>
        <extensions>
          <distance>22010</distance>
        </extensions>
      </trkpt>
      <trkpt lat="46.03396" lon="6.93965">
        <ele>1484</ele>
        <extensions>
          <distance>22018</distance>
        </extensions>
      </trkpt>
      <trkpt lat="46.03395" lon="6.93961">
        <ele>1484</ele>
        <extensions>
          <distance>22021</distance>
        </extensions>
      </trkpt>
      <trkpt lat="46.03392" lon="6.93959">
        <ele>1483</ele>
        <extensions>
          <distance>22025</distance>
        </extensions>
      </trkpt>
      <trkpt lat="46.03389" lon="6.93959">
        <ele>1483</ele>
        <extensions>
          <distance>22028</distance>
        </extensions>
      </trkpt>
      <trkpt lat="46.03385" lon="6.93956">
        <ele>1483</ele>
        <extensions>
          <distance>22033</distance>
        </extensions>
      </trkpt>
      <trkpt lat="46.03385" lon="6.93953">
        <ele>1480</ele>
        <extensions>
          <distance>22036</distance>
        </extensions>
      </trkpt>
      <trkpt lat="46.03388" lon="6.93952">
        <ele>1479</ele>
        <extensions>
          <distance>22039</distance>
        </extensions>
      </trkpt>
      <trkpt lat="46.03393" lon="6.93945">
        <ele>1473</ele>
        <extensions>
          <distance>22049</distance>
        </extensions>
      </trkpt>
      <trkpt lat="46.03389" lon="6.93942">
        <ele>1472</ele>
        <extensions>
          <distance>22054</distance>
        </extensions>
      </trkpt>
      <trkpt lat="46.03384" lon="6.93941">
        <ele>1472</ele>
        <extensions>
          <distance>22060</distance>
        </extensions>
      </trkpt>
      <trkpt lat="46.03379" lon="6.93934">
        <ele>1470</ele>
        <extensions>
          <distance>22068</distance>
        </extensions>
      </trkpt>
      <trkpt lat="46.03382" lon="6.93933">
        <ele>1470</ele>
        <extensions>
          <distance>22071</distance>
        </extensions>
      </trkpt>
      <trkpt lat="46.03384" lon="6.9393">
        <ele>1465</ele>
        <extensions>
          <distance>22076</distance>
        </extensions>
      </trkpt>
      <trkpt lat="46.03382" lon="6.93925">
        <ele>1465</ele>
        <extensions>
          <distance>22081</distance>
        </extensions>
      </trkpt>
      <trkpt lat="46.03379" lon="6.93926">
        <ele>1464</ele>
        <extensions>
          <distance>22084</distance>
        </extensions>
      </trkpt>
      <trkpt lat="46.03376" lon="6.93925">
        <ele>1464</ele>
        <extensions>
          <distance>22088</distance>
        </extensions>
      </trkpt>
      <trkpt lat="46.03374" lon="6.93923">
        <ele>1463</ele>
        <extensions>
          <distance>22090</distance>
        </extensions>
      </trkpt>
      <trkpt lat="46.0337" lon="6.93914">
        <ele>1458</ele>
        <extensions>
          <distance>22100</distance>
        </extensions>
      </trkpt>
      <trkpt lat="46.03366" lon="6.93909">
        <ele>1458</ele>
        <extensions>
          <distance>22105</distance>
        </extensions>
      </trkpt>
      <trkpt lat="46.03353" lon="6.93903">
        <ele>1455</ele>
        <extensions>
          <distance>22121</distance>
        </extensions>
      </trkpt>
      <trkpt lat="46.03347" lon="6.93898">
        <ele>1455</ele>
        <extensions>
          <distance>22129</distance>
        </extensions>
      </trkpt>
      <trkpt lat="46.03341" lon="6.93895">
        <ele>1454</ele>
        <extensions>
          <distance>22136</distance>
        </extensions>
      </trkpt>
      <trkpt lat="46.03338" lon="6.93892">
        <ele>1453</ele>
        <extensions>
          <distance>22140</distance>
        </extensions>
      </trkpt>
      <trkpt lat="46.03332" lon="6.93882">
        <ele>1449</ele>
        <extensions>
          <distance>22151</distance>
        </extensions>
      </trkpt>
      <trkpt lat="46.0333" lon="6.93881">
        <ele>1448</ele>
        <extensions>
          <distance>22153</distance>
        </extensions>
      </trkpt>
      <trkpt lat="46.03328" lon="6.93877">
        <ele>1448</ele>
        <extensions>
          <distance>22157</distance>
        </extensions>
      </trkpt>
      <trkpt lat="46.03325" lon="6.93874">
        <ele>1448</ele>
        <extensions>
          <distance>22161</distance>
        </extensions>
      </trkpt>
      <trkpt lat="46.03315" lon="6.93869">
        <ele>1447</ele>
        <extensions>
          <distance>22173</distance>
        </extensions>
      </trkpt>
      <trkpt lat="46.03313" lon="6.93867">
        <ele>1447</ele>
        <extensions>
          <distance>22175</distance>
        </extensions>
      </trkpt>
      <trkpt lat="46.0331" lon="6.93867">
        <ele>1447</ele>
        <extensions>
          <distance>22179</distance>
        </extensions>
      </trkpt>
      <trkpt lat="46.03305" lon="6.93863">
        <ele>1447</ele>
        <extensions>
          <distance>22185</distance>
        </extensions>
      </trkpt>
      <trkpt lat="46.03302" lon="6.93862">
        <ele>1447</ele>
        <extensions>
          <distance>22188</distance>
        </extensions>
      </trkpt>
      <trkpt lat="46.03298" lon="6.93857">
        <ele>1447</ele>
        <extensions>
          <distance>22194</distance>
        </extensions>
      </trkpt>
      <trkpt lat="46.03292" lon="6.93853">
        <ele>1446</ele>
        <extensions>
          <distance>22202</distance>
        </extensions>
      </trkpt>
      <trkpt lat="46.03286" lon="6.93843">
        <ele>1444</ele>
        <extensions>
          <distance>22212</distance>
        </extensions>
      </trkpt>
      <trkpt lat="46.03278" lon="6.93841">
        <ele>1444</ele>
        <extensions>
          <distance>22221</distance>
        </extensions>
      </trkpt>
      <trkpt lat="46.03275" lon="6.93833">
        <ele>1441</ele>
        <extensions>
          <distance>22228</distance>
        </extensions>
      </trkpt>
      <trkpt lat="46.03271" lon="6.93826">
        <ele>1439</ele>
        <extensions>
          <distance>22235</distance>
        </extensions>
      </trkpt>
      <trkpt lat="46.03268" lon="6.93817">
        <ele>1434</ele>
        <extensions>
          <distance>22245</distance>
        </extensions>
      </trkpt>
      <trkpt lat="46.03263" lon="6.93811">
        <ele>1429</ele>
        <extensions>
          <distance>22254</distance>
        </extensions>
      </trkpt>
      <trkpt lat="46.03259" lon="6.93802">
        <ele>1425</ele>
        <extensions>
          <distance>22263</distance>
        </extensions>
      </trkpt>
      <trkpt lat="46.03251" lon="6.93798">
        <ele>1425</ele>
        <extensions>
          <distance>22272</distance>
        </extensions>
      </trkpt>
      <trkpt lat="46.03246" lon="6.93794">
        <ele>1425</ele>
        <extensions>
          <distance>22278</distance>
        </extensions>
      </trkpt>
      <trkpt lat="46.03237" lon="6.9379">
        <ele>1424</ele>
        <extensions>
          <distance>22289</distance>
        </extensions>
      </trkpt>
      <trkpt lat="46.03235" lon="6.93788">
        <ele>1424</ele>
        <extensions>
          <distance>22292</distance>
        </extensions>
      </trkpt>
      <trkpt lat="46.0323" lon="6.93787">
        <ele>1423</ele>
        <extensions>
          <distance>22297</distance>
        </extensions>
      </trkpt>
      <trkpt lat="46.03221" lon="6.93776">
        <ele>1420</ele>
        <extensions>
          <distance>22311</distance>
        </extensions>
      </trkpt>
      <trkpt lat="46.03217" lon="6.93765">
        <ele>1414</ele>
        <extensions>
          <distance>22322</distance>
        </extensions>
      </trkpt>
      <trkpt lat="46.03209" lon="6.93757">
        <ele>1413</ele>
        <extensions>
          <distance>22333</distance>
        </extensions>
      </trkpt>
      <trkpt lat="46.03203" lon="6.93745">
        <ele>1409</ele>
        <extensions>
          <distance>22345</distance>
        </extensions>
      </trkpt>
      <trkpt lat="46.03198" lon="6.9374">
        <ele>1407</ele>
        <extensions>
          <distance>22352</distance>
        </extensions>
      </trkpt>
      <trkpt lat="46.03194" lon="6.93732">
        <ele>1405</ele>
        <extensions>
          <distance>22360</distance>
        </extensions>
      </trkpt>
      <trkpt lat="46.03189" lon="6.93728">
        <ele>1405</ele>
        <extensions>
          <distance>22366</distance>
        </extensions>
      </trkpt>
      <trkpt lat="46.03184" lon="6.93726">
        <ele>1404</ele>
        <extensions>
          <distance>22372</distance>
        </extensions>
      </trkpt>
      <trkpt lat="46.03177" lon="6.93715">
        <ele>1402</ele>
        <extensions>
          <distance>22384</distance>
        </extensions>
      </trkpt>
      <trkpt lat="46.03172" lon="6.9371">
        <ele>1401</ele>
        <extensions>
          <distance>22390</distance>
        </extensions>
      </trkpt>
      <trkpt lat="46.03191" lon="6.93708">
        <ele>1390</ele>
        <extensions>
          <distance>22414</distance>
        </extensions>
      </trkpt>
      <trkpt lat="46.03201" lon="6.93711">
        <ele>1389</ele>
        <extensions>
          <distance>22425</distance>
        </extensions>
      </trkpt>
      <trkpt lat="46.03215" lon="6.9372">
        <ele>1389</ele>
        <extensions>
          <distance>22442</distance>
        </extensions>
      </trkpt>
      <trkpt lat="46.03229" lon="6.9373">
        <ele>1389</ele>
        <extensions>
          <distance>22460</distance>
        </extensions>
      </trkpt>
      <trkpt lat="46.03245" lon="6.93739">
        <ele>1389</ele>
        <extensions>
          <distance>22479</distance>
        </extensions>
      </trkpt>
      <trkpt lat="46.03259" lon="6.93749">
        <ele>1389</ele>
        <extensions>
          <distance>22496</distance>
        </extensions>
      </trkpt>
      <trkpt lat="46.03264" lon="6.93755">
        <ele>1389</ele>
        <extensions>
          <distance>22504</distance>
        </extensions>
      </trkpt>
      <trkpt lat="46.03274" lon="6.93763">
        <ele>1389</ele>
        <extensions>
          <distance>22516</distance>
        </extensions>
      </trkpt>
      <trkpt lat="46.03278" lon="6.9376">
        <ele>1389</ele>
        <extensions>
          <distance>22521</distance>
        </extensions>
      </trkpt>
      <trkpt lat="46.03287" lon="6.93756">
        <ele>1383</ele>
        <extensions>
          <distance>22532</distance>
        </extensions>
      </trkpt>
      <trkpt lat="46.03292" lon="6.93751">
        <ele>1379</ele>
        <extensions>
          <distance>22540</distance>
        </extensions>
      </trkpt>
      <trkpt lat="46.03294" lon="6.93743">
        <ele>1372</ele>
        <extensions>
          <distance>22549</distance>
        </extensions>
      </trkpt>
      <trkpt lat="46.03295" lon="6.93732">
        <ele>1367</ele>
        <extensions>
          <distance>22559</distance>
        </extensions>
      </trkpt>
      <trkpt lat="46.033" lon="6.93726">
        <ele>1362</ele>
        <extensions>
          <distance>22568</distance>
        </extensions>
      </trkpt>
      <trkpt lat="46.03306" lon="6.93723">
        <ele>1360</ele>
        <extensions>
          <distance>22575</distance>
        </extensions>
      </trkpt>
      <trkpt lat="46.03318" lon="6.93727">
        <ele>1360</ele>
        <extensions>
          <distance>22589</distance>
        </extensions>
      </trkpt>
      <trkpt lat="46.03328" lon="6.93733">
        <ele>1360</ele>
        <extensions>
          <distance>22601</distance>
        </extensions>
      </trkpt>
      <trkpt lat="46.03341" lon="6.93738">
        <ele>1360</ele>
        <extensions>
          <distance>22616</distance>
        </extensions>
      </trkpt>
      <trkpt lat="46.03355" lon="6.93742">
        <ele>1360</ele>
        <extensions>
          <distance>22632</distance>
        </extensions>
      </trkpt>
      <trkpt lat="46.03367" lon="6.93748">
        <ele>1360</ele>
        <extensions>
          <distance>22646</distance>
        </extensions>
      </trkpt>
      <trkpt lat="46.03388" lon="6.93763">
        <ele>1360</ele>
        <extensions>
          <distance>22672</distance>
        </extensions>
      </trkpt>
      <trkpt lat="46.03403" lon="6.93778">
        <ele>1360</ele>
        <extensions>
          <distance>22692</distance>
        </extensions>
      </trkpt>
      <trkpt lat="46.03418" lon="6.93792">
        <ele>1360</ele>
        <extensions>
          <distance>22712</distance>
        </extensions>
      </trkpt>
      <trkpt lat="46.03426" lon="6.9379">
        <ele>1360</ele>
        <extensions>
          <distance>22721</distance>
        </extensions>
      </trkpt>
      <trkpt lat="46.03428" lon="6.93783">
        <ele>1358</ele>
        <extensions>
          <distance>22727</distance>
        </extensions>
      </trkpt>
      <trkpt lat="46.03424" lon="6.93775">
        <ele>1354</ele>
        <extensions>
          <distance>22736</distance>
        </extensions>
      </trkpt>
      <trkpt lat="46.0341" lon="6.93762">
        <ele>1352</ele>
        <extensions>
          <distance>22754</distance>
        </extensions>
      </trkpt>
      <trkpt lat="46.034" lon="6.93751">
        <ele>1350</ele>
        <extensions>
          <distance>22769</distance>
        </extensions>
      </trkpt>
      <trkpt lat="46.03391" lon="6.93739">
        <ele>1348</ele>
        <extensions>
          <distance>22782</distance>
        </extensions>
      </trkpt>
      <trkpt lat="46.03373" lon="6.93727">
        <ele>1347</ele>
        <extensions>
          <distance>22804</distance>
        </extensions>
      </trkpt>
      <trkpt lat="46.03355" lon="6.93714">
        <ele>1347</ele>
        <extensions>
          <distance>22827</distance>
        </extensions>
      </trkpt>
      <trkpt lat="46.03338" lon="6.93702">
        <ele>1345</ele>
        <extensions>
          <distance>22848</distance>
        </extensions>
      </trkpt>
      <trkpt lat="46.0332" lon="6.9369">
        <ele>1344</ele>
        <extensions>
          <distance>22870</distance>
        </extensions>
      </trkpt>
      <trkpt lat="46.03304" lon="6.93688">
        <ele>1342</ele>
        <extensions>
          <distance>22888</distance>
        </extensions>
      </trkpt>
      <trkpt lat="46.0329" lon="6.9368">
        <ele>1342</ele>
        <extensions>
          <distance>22905</distance>
        </extensions>
      </trkpt>
      <trkpt lat="46.03293" lon="6.9367">
        <ele>1336</ele>
        <extensions>
          <distance>22914</distance>
        </extensions>
      </trkpt>
      <trkpt lat="46.03313" lon="6.93663">
        <ele>1331</ele>
        <extensions>
          <distance>22937</distance>
        </extensions>
      </trkpt>
      <trkpt lat="46.03316" lon="6.93659">
        <ele>1328</ele>
        <extensions>
          <distance>22943</distance>
        </extensions>
      </trkpt>
      <trkpt lat="46.03319" lon="6.93661">
        <ele>1327</ele>
        <extensions>
          <distance>22946</distance>
        </extensions>
      </trkpt>
      <trkpt lat="46.03328" lon="6.93662">
        <ele>1327</ele>
        <extensions>
          <distance>22956</distance>
        </extensions>
      </trkpt>
      <trkpt lat="46.03338" lon="6.93666">
        <ele>1326</ele>
        <extensions>
          <distance>22968</distance>
        </extensions>
      </trkpt>
      <trkpt lat="46.03353" lon="6.93666">
        <ele>1325</ele>
        <extensions>
          <distance>22985</distance>
        </extensions>
      </trkpt>
      <trkpt lat="46.03368" lon="6.93668">
        <ele>1324</ele>
        <extensions>
          <distance>23001</distance>
        </extensions>
      </trkpt>
      <trkpt lat="46.03384" lon="6.9367">
        <ele>1320</ele>
        <extensions>
          <distance>23020</distance>
        </extensions>
      </trkpt>
      <trkpt lat="46.03403" lon="6.93681">
        <ele>1320</ele>
        <extensions>
          <distance>23042</distance>
        </extensions>
      </trkpt>
      <trkpt lat="46.03416" lon="6.93691">
        <ele>1320</ele>
        <extensions>
          <distance>23059</distance>
        </extensions>
      </trkpt>
      <trkpt lat="46.0343" lon="6.93706">
        <ele>1318</ele>
        <extensions>
          <distance>23078</distance>
        </extensions>
      </trkpt>
      <trkpt lat="46.03451" lon="6.93714">
        <ele>1316</ele>
        <extensions>
          <distance>23102</distance>
        </extensions>
      </trkpt>
      <trkpt lat="46.03463" lon="6.93711">
        <ele>1310</ele>
        <extensions>
          <distance>23117</distance>
        </extensions>
      </trkpt>
      <trkpt lat="46.03482" lon="6.93711">
        <ele>1307</ele>
        <extensions>
          <distance>23139</distance>
        </extensions>
      </trkpt>
      <trkpt lat="46.03502" lon="6.9372">
        <ele>1307</ele>
        <extensions>
          <distance>23162</distance>
        </extensions>
      </trkpt>
      <trkpt lat="46.03518" lon="6.93739">
        <ele>1305</ele>
        <extensions>
          <distance>23185</distance>
        </extensions>
      </trkpt>
      <trkpt lat="46.03533" lon="6.93745">
        <ele>1304</ele>
        <extensions>
          <distance>23202</distance>
        </extensions>
      </trkpt>
      <trkpt lat="46.03547" lon="6.93751">
        <ele>1303</ele>
        <extensions>
          <distance>23219</distance>
        </extensions>
      </trkpt>
      <trkpt lat="46.03564" lon="6.93754">
        <ele>1303</ele>
        <extensions>
          <distance>23238</distance>
        </extensions>
      </trkpt>
      <trkpt lat="46.03561" lon="6.93738">
        <ele>1296</ele>
        <extensions>
          <distance>23251</distance>
        </extensions>
      </trkpt>
      <trkpt lat="46.03545" lon="6.93726">
        <ele>1293</ele>
        <extensions>
          <distance>23271</distance>
        </extensions>
      </trkpt>
      <trkpt lat="46.03525" lon="6.93713">
        <ele>1292</ele>
        <extensions>
          <distance>23296</distance>
        </extensions>
      </trkpt>
      <trkpt lat="46.03503" lon="6.93696">
        <ele>1291</ele>
        <extensions>
          <distance>23324</distance>
        </extensions>
      </trkpt>
      <trkpt lat="46.03481" lon="6.93679">
        <ele>1290</ele>
        <extensions>
          <distance>23351</distance>
        </extensions>
      </trkpt>
      <trkpt lat="46.03463" lon="6.93656">
        <ele>1287</ele>
        <extensions>
          <distance>23378</distance>
        </extensions>
      </trkpt>
      <trkpt lat="46.03452" lon="6.93644">
        <ele>1284</ele>
        <extensions>
          <distance>23394</distance>
        </extensions>
      </trkpt>
      <trkpt lat="46.03441" lon="6.93632">
        <ele>1283</ele>
        <extensions>
          <distance>23409</distance>
        </extensions>
      </trkpt>
      <trkpt lat="46.03431" lon="6.9362">
        <ele>1283</ele>
        <extensions>
          <distance>23424</distance>
        </extensions>
      </trkpt>
      <trkpt lat="46.0342" lon="6.93608">
        <ele>1282</ele>
        <extensions>
          <distance>23439</distance>
        </extensions>
      </trkpt>
      <trkpt lat="46.03404" lon="6.93593">
        <ele>1282</ele>
        <extensions>
          <distance>23460</distance>
        </extensions>
      </trkpt>
      <trkpt lat="46.03389" lon="6.93587">
        <ele>1282</ele>
        <extensions>
          <distance>23478</distance>
        </extensions>
      </trkpt>
      <trkpt lat="46.03374" lon="6.93575">
        <ele>1281</ele>
        <extensions>
          <distance>23497</distance>
        </extensions>
      </trkpt>
      <trkpt lat="46.03366" lon="6.93554">
        <ele>1278</ele>
        <extensions>
          <distance>23516</distance>
        </extensions>
      </trkpt>
      <trkpt lat="46.03359" lon="6.93533">
        <ele>1275</ele>
        <extensions>
          <distance>23534</distance>
        </extensions>
      </trkpt>
      <trkpt lat="46.03354" lon="6.93505">
        <ele>1273</ele>
        <extensions>
          <distance>23556</distance>
        </extensions>
      </trkpt>
      <trkpt lat="46.03345" lon="6.93474">
        <ele>1270</ele>
        <extensions>
          <distance>23583</distance>
        </extensions>
      </trkpt>
      <trkpt lat="46.03336" lon="6.93449">
        <ele>1268</ele>
        <extensions>
          <distance>23604</distance>
        </extensions>
      </trkpt>
      <trkpt lat="46.03324" lon="6.93435">
        <ele>1267</ele>
        <extensions>
          <distance>23622</distance>
        </extensions>
      </trkpt>
      <trkpt lat="46.03312" lon="6.9342">
        <ele>1266</ele>
        <extensions>
          <distance>23639</distance>
        </extensions>
      </trkpt>
      <trkpt lat="46.033" lon="6.93406">
        <ele>1265</ele>
        <extensions>
          <distance>23656</distance>
        </extensions>
      </trkpt>
      <trkpt lat="46.03288" lon="6.93391">
        <ele>1264</ele>
        <extensions>
          <distance>23674</distance>
        </extensions>
      </trkpt>
      <trkpt lat="46.03274" lon="6.93372">
        <ele>1262</ele>
        <extensions>
          <distance>23696</distance>
        </extensions>
      </trkpt>
      <trkpt lat="46.03265" lon="6.93354">
        <ele>1262</ele>
        <extensions>
          <distance>23713</distance>
        </extensions>
      </trkpt>
      <trkpt lat="46.03254" lon="6.93343">
        <ele>1262</ele>
        <extensions>
          <distance>23728</distance>
        </extensions>
      </trkpt>
      <trkpt lat="46.03231" lon="6.93339">
        <ele>1262</ele>
        <extensions>
          <distance>23753</distance>
        </extensions>
      </trkpt>
      <trkpt lat="46.03216" lon="6.93337">
        <ele>1262</ele>
        <extensions>
          <distance>23770</distance>
        </extensions>
      </trkpt>
      <trkpt lat="46.032" lon="6.93336">
        <ele>1263</ele>
        <extensions>
          <distance>23788</distance>
        </extensions>
      </trkpt>
      <trkpt lat="46.03196" lon="6.9333">
        <ele>1263</ele>
        <extensions>
          <distance>23794</distance>
        </extensions>
      </trkpt>
      <trkpt lat="46.03192" lon="6.93318">
        <ele>1263</ele>
        <extensions>
          <distance>23805</distance>
        </extensions>
      </trkpt>
      <trkpt lat="46.0318" lon="6.93299">
        <ele>1264</ele>
        <extensions>
          <distance>23825</distance>
        </extensions>
      </trkpt>
      <trkpt lat="46.03176" lon="6.93294">
        <ele>1264</ele>
        <extensions>
          <distance>23830</distance>
        </extensions>
      </trkpt>
      <trkpt lat="46.03171" lon="6.93291">
        <ele>1264</ele>
        <extensions>
          <distance>23837</distance>
        </extensions>
      </trkpt>
      <trkpt lat="46.03169" lon="6.93288">
        <ele>1264</ele>
        <extensions>
          <distance>23840</distance>
        </extensions>
      </trkpt>
      <trkpt lat="46.03164" lon="6.93284">
        <ele>1264</ele>
        <extensions>
          <distance>23846</distance>
        </extensions>
      </trkpt>
      <trkpt lat="46.03157" lon="6.93272">
        <ele>1264</ele>
        <extensions>
          <distance>23858</distance>
        </extensions>
      </trkpt>
      <trkpt lat="46.03154" lon="6.9327">
        <ele>1264</ele>
        <extensions>
          <distance>23862</distance>
        </extensions>
      </trkpt>
      <trkpt lat="46.03146" lon="6.93261">
        <ele>1264</ele>
        <extensions>
          <distance>23873</distance>
        </extensions>
      </trkpt>
      <trkpt lat="46.03139" lon="6.93246">
        <ele>1265</ele>
        <extensions>
          <distance>23887</distance>
        </extensions>
      </trkpt>
      <trkpt lat="46.03133" lon="6.93237">
        <ele>1265</ele>
        <extensions>
          <distance>23897</distance>
        </extensions>
      </trkpt>
      <trkpt lat="46.03126" lon="6.93232">
        <ele>1265</ele>
        <extensions>
          <distance>23905</distance>
        </extensions>
      </trkpt>
      <trkpt lat="46.0312" lon="6.93225">
        <ele>1265</ele>
        <extensions>
          <distance>23914</distance>
        </extensions>
      </trkpt>
      <trkpt lat="46.03103" lon="6.93217">
        <ele>1266</ele>
        <extensions>
          <distance>23934</distance>
        </extensions>
      </trkpt>
      <trkpt lat="46.03101" lon="6.9321">
        <ele>1266</ele>
        <extensions>
          <distance>23940</distance>
        </extensions>
      </trkpt>
      <trkpt lat="46.03095" lon="6.93201">
        <ele>1266</ele>
        <extensions>
          <distance>23949</distance>
        </extensions>
      </trkpt>
      <trkpt lat="46.03088" lon="6.93195">
        <ele>1266</ele>
        <extensions>
          <distance>23959</distance>
        </extensions>
      </trkpt>
      <trkpt lat="46.03075" lon="6.93189">
        <ele>1267</ele>
        <extensions>
          <distance>23974</distance>
        </extensions>
      </trkpt>
      <trkpt lat="46.03065" lon="6.9318">
        <ele>1267</ele>
        <extensions>
          <distance>23987</distance>
        </extensions>
      </trkpt>
      <trkpt lat="46.03061" lon="6.93178">
        <ele>1267</ele>
        <extensions>
          <distance>23992</distance>
        </extensions>
      </trkpt>
      <trkpt lat="46.03058" lon="6.93178">
        <ele>1267</ele>
        <extensions>
          <distance>23995</distance>
        </extensions>
      </trkpt>
      <trkpt lat="46.03048" lon="6.93172">
        <ele>1267</ele>
        <extensions>
          <distance>24007</distance>
        </extensions>
      </trkpt>
      <trkpt lat="46.03034" lon="6.93159">
        <ele>1268</ele>
        <extensions>
          <distance>24025</distance>
        </extensions>
      </trkpt>
      <trkpt lat="46.03026" lon="6.93146">
        <ele>1268</ele>
        <extensions>
          <distance>24039</distance>
        </extensions>
      </trkpt>
      <trkpt lat="46.03023" lon="6.93138">
        <ele>1268</ele>
        <extensions>
          <distance>24046</distance>
        </extensions>
      </trkpt>
      <trkpt lat="46.03023" lon="6.93135">
        <ele>1268</ele>
        <extensions>
          <distance>24048</distance>
        </extensions>
      </trkpt>
      <trkpt lat="46.0302" lon="6.93127">
        <ele>1269</ele>
        <extensions>
          <distance>24055</distance>
        </extensions>
      </trkpt>
      <trkpt lat="46.03019" lon="6.93121">
        <ele>1269</ele>
        <extensions>
          <distance>24060</distance>
        </extensions>
      </trkpt>
      <trkpt lat="46.03009" lon="6.93124">
        <ele>1269</ele>
        <extensions>
          <distance>24071</distance>
        </extensions>
      </trkpt>
      <trkpt lat="46.02997" lon="6.93126">
        <ele>1270</ele>
        <extensions>
          <distance>24085</distance>
        </extensions>
      </trkpt>
      <trkpt lat="46.02985" lon="6.93126">
        <ele>1272</ele>
        <extensions>
          <distance>24098</distance>
        </extensions>
      </trkpt>
      <trkpt lat="46.02971" lon="6.93133">
        <ele>1274</ele>
        <extensions>
          <distance>24115</distance>
        </extensions>
      </trkpt>
      <trkpt lat="46.02959" lon="6.93132">
        <ele>1275</ele>
        <extensions>
          <distance>24128</distance>
        </extensions>
      </trkpt>
      <trkpt lat="46.02955" lon="6.9313">
        <ele>1276</ele>
        <extensions>
          <distance>24133</distance>
        </extensions>
      </trkpt>
      <trkpt lat="46.02941" lon="6.93134">
        <ele>1278</ele>
        <extensions>
          <distance>24149</distance>
        </extensions>
      </trkpt>
      <trkpt lat="46.02927" lon="6.93138">
        <ele>1281</ele>
        <extensions>
          <distance>24165</distance>
        </extensions>
      </trkpt>
      <trkpt lat="46.0292" lon="6.93139">
        <ele>1282</ele>
        <extensions>
          <distance>24173</distance>
        </extensions>
      </trkpt>
      <trkpt lat="46.02916" lon="6.93137">
        <ele>1282</ele>
        <extensions>
          <distance>24178</distance>
        </extensions>
      </trkpt>
      <trkpt lat="46.02908" lon="6.93138">
        <ele>1283</ele>
        <extensions>
          <distance>24187</distance>
        </extensions>
      </trkpt>
      <trkpt lat="46.02885" lon="6.93134">
        <ele>1287</ele>
        <extensions>
          <distance>24213</distance>
        </extensions>
      </trkpt>
      <trkpt lat="46.02874" lon="6.93146">
        <ele>1291</ele>
        <extensions>
          <distance>24229</distance>
        </extensions>
      </trkpt>
      <trkpt lat="46.02866" lon="6.93147">
        <ele>1293</ele>
        <extensions>
          <distance>24238</distance>
        </extensions>
      </trkpt>
      <trkpt lat="46.02851" lon="6.93146">
        <ele>1296</ele>
        <extensions>
          <distance>24255</distance>
        </extensions>
      </trkpt>
      <trkpt lat="46.02835" lon="6.93135">
        <ele>1300</ele>
        <extensions>
          <distance>24275</distance>
        </extensions>
      </trkpt>
      <trkpt lat="46.02819" lon="6.93118">
        <ele>1301</ele>
        <extensions>
          <distance>24297</distance>
        </extensions>
      </trkpt>
      <trkpt lat="46.02802" lon="6.93101">
        <ele>1302</ele>
        <extensions>
          <distance>24320</distance>
        </extensions>
      </trkpt>
      <trkpt lat="46.02788" lon="6.93089">
        <ele>1302</ele>
        <extensions>
          <distance>24338</distance>
        </extensions>
      </trkpt>
      <trkpt lat="46.02781" lon="6.93086">
        <ele>1304</ele>
        <extensions>
          <distance>24346</distance>
        </extensions>
      </trkpt>
      <trkpt lat="46.02775" lon="6.93092">
        <ele>1307</ele>
        <extensions>
          <distance>24355</distance>
        </extensions>
      </trkpt>
      <trkpt lat="46.02771" lon="6.93107">
        <ele>1312</ele>
        <extensions>
          <distance>24369</distance>
        </extensions>
      </trkpt>
      <trkpt lat="46.02763" lon="6.93125">
        <ele>1321</ele>
        <extensions>
          <distance>24387</distance>
        </extensions>
      </trkpt>
      <trkpt lat="46.02755" lon="6.93125">
        <ele>1324</ele>
        <extensions>
          <distance>24397</distance>
        </extensions>
      </trkpt>
      <trkpt lat="46.02747" lon="6.93127">
        <ele>1329</ele>
        <extensions>
          <distance>24407</distance>
        </extensions>
      </trkpt>
      <trkpt lat="46.02743" lon="6.93132">
        <ele>1332</ele>
        <extensions>
          <distance>24414</distance>
        </extensions>
      </trkpt>
      <trkpt lat="46.02741" lon="6.93145">
        <ele>1340</ele>
        <extensions>
          <distance>24427</distance>
        </extensions>
      </trkpt>
      <trkpt lat="46.02735" lon="6.93142">
        <ele>1340</ele>
        <extensions>
          <distance>24434</distance>
        </extensions>
      </trkpt>
      <trkpt lat="46.02731" lon="6.93142">
        <ele>1340</ele>
        <extensions>
          <distance>24438</distance>
        </extensions>
      </trkpt>
      <trkpt lat="46.02728" lon="6.93139">
        <ele>1340</ele>
        <extensions>
          <distance>24442</distance>
        </extensions>
      </trkpt>
      <trkpt lat="46.02717" lon="6.93136">
        <ele>1340</ele>
        <extensions>
          <distance>24455</distance>
        </extensions>
      </trkpt>
      <trkpt lat="46.02708" lon="6.93126">
        <ele>1340</ele>
        <extensions>
          <distance>24467</distance>
        </extensions>
      </trkpt>
      <trkpt lat="46.02708" lon="6.93118">
        <ele>1340</ele>
        <extensions>
          <distance>24474</distance>
        </extensions>
      </trkpt>
      <trkpt lat="46.02706" lon="6.93108">
        <ele>1339</ele>
        <extensions>
          <distance>24482</distance>
        </extensions>
      </trkpt>
      <trkpt lat="46.02702" lon="6.93101">
        <ele>1338</ele>
        <extensions>
          <distance>24489</distance>
        </extensions>
      </trkpt>
      <trkpt lat="46.02695" lon="6.93092">
        <ele>1338</ele>
        <extensions>
          <distance>24499</distance>
        </extensions>
      </trkpt>
      <trkpt lat="46.02695" lon="6.93087">
        <ele>1338</ele>
        <extensions>
          <distance>24503</distance>
        </extensions>
      </trkpt>
      <trkpt lat="46.02686" lon="6.93078">
        <ele>1338</ele>
        <extensions>
          <distance>24515</distance>
        </extensions>
      </trkpt>
      <trkpt lat="46.02679" lon="6.93068">
        <ele>1339</ele>
        <extensions>
          <distance>24526</distance>
        </extensions>
      </trkpt>
      <trkpt lat="46.02665" lon="6.9306">
        <ele>1340</ele>
        <extensions>
          <distance>24543</distance>
        </extensions>
      </trkpt>
      <trkpt lat="46.02651" lon="6.93055">
        <ele>1340</ele>
        <extensions>
          <distance>24559</distance>
        </extensions>
      </trkpt>
      <trkpt lat="46.02643" lon="6.93044">
        <ele>1341</ele>
        <extensions>
          <distance>24571</distance>
        </extensions>
      </trkpt>
      <trkpt lat="46.02638" lon="6.93039">
        <ele>1343</ele>
        <extensions>
          <distance>24578</distance>
        </extensions>
      </trkpt>
      <trkpt lat="46.02621" lon="6.93034">
        <ele>1344</ele>
        <extensions>
          <distance>24597</distance>
        </extensions>
      </trkpt>
      <trkpt lat="46.02612" lon="6.93033">
        <ele>1346</ele>
        <extensions>
          <distance>24608</distance>
        </extensions>
      </trkpt>
      <trkpt lat="46.02608" lon="6.93031">
        <ele>1346</ele>
        <extensions>
          <distance>24612</distance>
        </extensions>
      </trkpt>
      <trkpt lat="46.02603" lon="6.93032">
        <ele>1349</ele>
        <extensions>
          <distance>24618</distance>
        </extensions>
      </trkpt>
      <trkpt lat="46.02597" lon="6.93029">
        <ele>1351</ele>
        <extensions>
          <distance>24625</distance>
        </extensions>
      </trkpt>
      <trkpt lat="46.02589" lon="6.93029">
        <ele>1352</ele>
        <extensions>
          <distance>24634</distance>
        </extensions>
      </trkpt>
      <trkpt lat="46.02585" lon="6.93023">
        <ele>1354</ele>
        <extensions>
          <distance>24641</distance>
        </extensions>
      </trkpt>
      <trkpt lat="46.02579" lon="6.93021">
        <ele>1354</ele>
        <extensions>
          <distance>24648</distance>
        </extensions>
      </trkpt>
      <trkpt lat="46.02564" lon="6.93011">
        <ele>1355</ele>
        <extensions>
          <distance>24666</distance>
        </extensions>
      </trkpt>
      <trkpt lat="46.02561" lon="6.93006">
        <ele>1356</ele>
        <extensions>
          <distance>24671</distance>
        </extensions>
      </trkpt>
      <trkpt lat="46.02545" lon="6.93002">
        <ele>1358</ele>
        <extensions>
          <distance>24690</distance>
        </extensions>
      </trkpt>
      <trkpt lat="46.0254" lon="6.92999">
        <ele>1358</ele>
        <extensions>
          <distance>24696</distance>
        </extensions>
      </trkpt>
      <trkpt lat="46.02538" lon="6.92994">
        <ele>1358</ele>
        <extensions>
          <distance>24700</distance>
        </extensions>
      </trkpt>
      <trkpt lat="46.02532" lon="6.9299">
        <ele>1358</ele>
        <extensions>
          <distance>24707</distance>
        </extensions>
      </trkpt>
      <trkpt lat="46.02523" lon="6.92979">
        <ele>1358</ele>
        <extensions>
          <distance>24721</distance>
        </extensions>
      </trkpt>
      <trkpt lat="46.02518" lon="6.92975">
        <ele>1358</ele>
        <extensions>
          <distance>24727</distance>
        </extensions>
      </trkpt>
      <trkpt lat="46.02514" lon="6.92969">
        <ele>1358</ele>
        <extensions>
          <distance>24733</distance>
        </extensions>
      </trkpt>
      <trkpt lat="46.02506" lon="6.92952">
        <ele>1358</ele>
        <extensions>
          <distance>24749</distance>
        </extensions>
      </trkpt>
      <trkpt lat="46.02502" lon="6.92948">
        <ele>1358</ele>
        <extensions>
          <distance>24755</distance>
        </extensions>
      </trkpt>
      <trkpt lat="46.02492" lon="6.92947">
        <ele>1357</ele>
        <extensions>
          <distance>24766</distance>
        </extensions>
      </trkpt>
      <trkpt lat="46.02489" lon="6.92941">
        <ele>1356</ele>
        <extensions>
          <distance>24772</distance>
        </extensions>
      </trkpt>
      <trkpt lat="46.02488" lon="6.92936">
        <ele>1357</ele>
        <extensions>
          <distance>24776</distance>
        </extensions>
      </trkpt>
      <trkpt lat="46.02482" lon="6.92924">
        <ele>1357</ele>
        <extensions>
          <distance>24787</distance>
        </extensions>
      </trkpt>
      <trkpt lat="46.02471" lon="6.9291">
        <ele>1357</ele>
        <extensions>
          <distance>24803</distance>
        </extensions>
      </trkpt>
      <trkpt lat="46.02468" lon="6.92904">
        <ele>1357</ele>
        <extensions>
          <distance>24809</distance>
        </extensions>
      </trkpt>
      <trkpt lat="46.0246" lon="6.92902">
        <ele>1358</ele>
        <extensions>
          <distance>24818</distance>
        </extensions>
      </trkpt>
      <trkpt lat="46.02452" lon="6.92906">
        <ele>1361</ele>
        <extensions>
          <distance>24828</distance>
        </extensions>
      </trkpt>
      <trkpt lat="46.02447" lon="6.92903">
        <ele>1363</ele>
        <extensions>
          <distance>24834</distance>
        </extensions>
      </trkpt>
      <trkpt lat="46.02443" lon="6.929">
        <ele>1363</ele>
        <extensions>
          <distance>24839</distance>
        </extensions>
      </trkpt>
      <trkpt lat="46.02437" lon="6.9289">
        <ele>1363</ele>
        <extensions>
          <distance>24849</distance>
        </extensions>
      </trkpt>
      <trkpt lat="46.02426" lon="6.92879">
        <ele>1363</ele>
        <extensions>
          <distance>24864</distance>
        </extensions>
      </trkpt>
      <trkpt lat="46.02417" lon="6.92867">
        <ele>1363</ele>
        <extensions>
          <distance>24877</distance>
        </extensions>
      </trkpt>
      <trkpt lat="46.0241" lon="6.92866">
        <ele>1363</ele>
        <extensions>
          <distance>24885</distance>
        </extensions>
      </trkpt>
      <trkpt lat="46.02404" lon="6.92855">
        <ele>1362</ele>
        <extensions>
          <distance>24896</distance>
        </extensions>
      </trkpt>
      <trkpt lat="46.02399" lon="6.92851">
        <ele>1361</ele>
        <extensions>
          <distance>24902</distance>
        </extensions>
      </trkpt>
      <trkpt lat="46.02399" lon="6.92846">
        <ele>1361</ele>
        <extensions>
          <distance>24906</distance>
        </extensions>
      </trkpt>
      <trkpt lat="46.02397" lon="6.92839">
        <ele>1361</ele>
        <extensions>
          <distance>24912</distance>
        </extensions>
      </trkpt>
      <trkpt lat="46.02392" lon="6.92829">
        <ele>1360</ele>
        <extensions>
          <distance>24922</distance>
        </extensions>
      </trkpt>
      <trkpt lat="46.02384" lon="6.92819">
        <ele>1360</ele>
        <extensions>
          <distance>24933</distance>
        </extensions>
      </trkpt>
      <trkpt lat="46.0238" lon="6.92817">
        <ele>1360</ele>
        <extensions>
          <distance>24938</distance>
        </extensions>
      </trkpt>
      <trkpt lat="46.02377" lon="6.92811">
        <ele>1360</ele>
        <extensions>
          <distance>24944</distance>
        </extensions>
      </trkpt>
      <trkpt lat="46.02368" lon="6.92798">
        <ele>1361</ele>
        <extensions>
          <distance>24958</distance>
        </extensions>
      </trkpt>
      <trkpt lat="46.02351" lon="6.92787">
        <ele>1362</ele>
        <extensions>
          <distance>24979</distance>
        </extensions>
      </trkpt>
      <trkpt lat="46.02345" lon="6.92785">
        <ele>1362</ele>
        <extensions>
          <distance>24986</distance>
        </extensions>
      </trkpt>
      <trkpt lat="46.02341" lon="6.9278">
        <ele>1362</ele>
        <extensions>
          <distance>24992</distance>
        </extensions>
      </trkpt>
      <trkpt lat="46.02333" lon="6.92775">
        <ele>1362</ele>
        <extensions>
          <distance>25001</distance>
        </extensions>
      </trkpt>
      <trkpt lat="46.02332" lon="6.9277">
        <ele>1362</ele>
        <extensions>
          <distance>25005</distance>
        </extensions>
      </trkpt>
      <trkpt lat="46.02328" lon="6.92766">
        <ele>1362</ele>
        <extensions>
          <distance>25011</distance>
        </extensions>
      </trkpt>
      <trkpt lat="46.02324" lon="6.92758">
        <ele>1363</ele>
        <extensions>
          <distance>25018</distance>
        </extensions>
      </trkpt>
      <trkpt lat="46.02304" lon="6.92745">
        <ele>1363</ele>
        <extensions>
          <distance>25043</distance>
        </extensions>
      </trkpt>
      <trkpt lat="46.02284" lon="6.92731">
        <ele>1363</ele>
        <extensions>
          <distance>25067</distance>
        </extensions>
      </trkpt>
      <trkpt lat="46.02282" lon="6.92725">
        <ele>1364</ele>
        <extensions>
          <distance>25073</distance>
        </extensions>
      </trkpt>
      <trkpt lat="46.02262" lon="6.92706">
        <ele>1365</ele>
        <extensions>
          <distance>25099</distance>
        </extensions>
      </trkpt>
      <trkpt lat="46.02258" lon="6.92705">
        <ele>1365</ele>
        <extensions>
          <distance>25104</distance>
        </extensions>
      </trkpt>
      <trkpt lat="46.0225" lon="6.92691">
        <ele>1365</ele>
        <extensions>
          <distance>25118</distance>
        </extensions>
      </trkpt>
      <trkpt lat="46.02242" lon="6.92685">
        <ele>1365</ele>
        <extensions>
          <distance>25128</distance>
        </extensions>
      </trkpt>
      <trkpt lat="46.02238" lon="6.9268">
        <ele>1364</ele>
        <extensions>
          <distance>25134</distance>
        </extensions>
      </trkpt>
      <trkpt lat="46.02226" lon="6.92659">
        <ele>1363</ele>
        <extensions>
          <distance>25155</distance>
        </extensions>
      </trkpt>
      <trkpt lat="46.02218" lon="6.92648">
        <ele>1363</ele>
        <extensions>
          <distance>25167</distance>
        </extensions>
      </trkpt>
      <trkpt lat="46.02213" lon="6.92638">
        <ele>1363</ele>
        <extensions>
          <distance>25177</distance>
        </extensions>
      </trkpt>
      <trkpt lat="46.02207" lon="6.92632">
        <ele>1363</ele>
        <extensions>
          <distance>25185</distance>
        </extensions>
      </trkpt>
      <trkpt lat="46.022" lon="6.92628">
        <ele>1363</ele>
        <extensions>
          <distance>25193</distance>
        </extensions>
      </trkpt>
      <trkpt lat="46.02189" lon="6.92615">
        <ele>1363</ele>
        <extensions>
          <distance>25209</distance>
        </extensions>
      </trkpt>
      <trkpt lat="46.02189" lon="6.92606">
        <ele>1365</ele>
        <extensions>
          <distance>25216</distance>
        </extensions>
      </trkpt>
      <trkpt lat="46.02185" lon="6.92601">
        <ele>1365</ele>
        <extensions>
          <distance>25222</distance>
        </extensions>
      </trkpt>
      <trkpt lat="46.02174" lon="6.92595">
        <ele>1365</ele>
        <extensions>
          <distance>25235</distance>
        </extensions>
      </trkpt>
      <trkpt lat="46.02167" lon="6.92587">
        <ele>1363</ele>
        <extensions>
          <distance>25245</distance>
        </extensions>
      </trkpt>
      <trkpt lat="46.02151" lon="6.92556">
        <ele>1363</ele>
        <extensions>
          <distance>25275</distance>
        </extensions>
      </trkpt>
      <trkpt lat="46.02147" lon="6.92541">
        <ele>1362</ele>
        <extensions>
          <distance>25287</distance>
        </extensions>
      </trkpt>
      <trkpt lat="46.02152" lon="6.92543">
        <ele>1360</ele>
        <extensions>
          <distance>25293</distance>
        </extensions>
      </trkpt>
      <trkpt lat="46.02154" lon="6.92538">
        <ele>1359</ele>
        <extensions>
          <distance>25297</distance>
        </extensions>
      </trkpt>
      <trkpt lat="46.02153" lon="6.92532">
        <ele>1357</ele>
        <extensions>
          <distance>25303</distance>
        </extensions>
      </trkpt>
      <trkpt lat="46.02155" lon="6.92528">
        <ele>1356</ele>
        <extensions>
          <distance>25306</distance>
        </extensions>
      </trkpt>
      <trkpt lat="46.0216" lon="6.92528">
        <ele>1352</ele>
        <extensions>
          <distance>25313</distance>
        </extensions>
      </trkpt>
      <trkpt lat="46.02157" lon="6.92519">
        <ele>1352</ele>
        <extensions>
          <distance>25321</distance>
        </extensions>
      </trkpt>
      <trkpt lat="46.02156" lon="6.92511">
        <ele>1350</ele>
        <extensions>
          <distance>25327</distance>
        </extensions>
      </trkpt>
      <trkpt lat="46.02161" lon="6.92508">
        <ele>1348</ele>
        <extensions>
          <distance>25334</distance>
        </extensions>
      </trkpt>
      <trkpt lat="46.02166" lon="6.92509">
        <ele>1347</ele>
        <extensions>
          <distance>25339</distance>
        </extensions>
      </trkpt>
      <trkpt lat="46.02166" lon="6.92498">
        <ele>1344</ele>
        <extensions>
          <distance>25348</distance>
        </extensions>
      </trkpt>
      <trkpt lat="46.02167" lon="6.92493">
        <ele>1342</ele>
        <extensions>
          <distance>25352</distance>
        </extensions>
      </trkpt>
      <trkpt lat="46.02172" lon="6.92493">
        <ele>1341</ele>
        <extensions>
          <distance>25358</distance>
        </extensions>
      </trkpt>
      <trkpt lat="46.02179" lon="6.925">
        <ele>1340</ele>
        <extensions>
          <distance>25368</distance>
        </extensions>
      </trkpt>
      <trkpt lat="46.02183" lon="6.92496">
        <ele>1338</ele>
        <extensions>
          <distance>25374</distance>
        </extensions>
      </trkpt>
      <trkpt lat="46.02183" lon="6.92488">
        <ele>1336</ele>
        <extensions>
          <distance>25380</distance>
        </extensions>
      </trkpt>
      <trkpt lat="46.02185" lon="6.92484">
        <ele>1335</ele>
        <extensions>
          <distance>25384</distance>
        </extensions>
      </trkpt>
      <trkpt lat="46.0219" lon="6.92485">
        <ele>1334</ele>
        <extensions>
          <distance>25390</distance>
        </extensions>
      </trkpt>
      <trkpt lat="46.02196" lon="6.92484">
        <ele>1331</ele>
        <extensions>
          <distance>25397</distance>
        </extensions>
      </trkpt>
      <trkpt lat="46.02204" lon="6.92481">
        <ele>1328</ele>
        <extensions>
          <distance>25407</distance>
        </extensions>
      </trkpt>
      <trkpt lat="46.02209" lon="6.9246">
        <ele>1323</ele>
        <extensions>
          <distance>25425</distance>
        </extensions>
      </trkpt>
      <trkpt lat="46.02218" lon="6.92459">
        <ele>1322</ele>
        <extensions>
          <distance>25435</distance>
        </extensions>
      </trkpt>
      <trkpt lat="46.02225" lon="6.92454">
        <ele>1320</ele>
        <extensions>
          <distance>25444</distance>
        </extensions>
      </trkpt>
      <trkpt lat="46.02232" lon="6.92446">
        <ele>1318</ele>
        <extensions>
          <distance>25454</distance>
        </extensions>
      </trkpt>
      <trkpt lat="46.02238" lon="6.92436">
        <ele>1316</ele>
        <extensions>
          <distance>25464</distance>
        </extensions>
      </trkpt>
      <trkpt lat="46.02247" lon="6.92425">
        <ele>1314</ele>
        <extensions>
          <distance>25477</distance>
        </extensions>
      </trkpt>
      <trkpt lat="46.02258" lon="6.92409">
        <ele>1314</ele>
        <extensions>
          <distance>25495</distance>
        </extensions>
      </trkpt>
      <trkpt lat="46.02264" lon="6.92399">
        <ele>1314</ele>
        <extensions>
          <distance>25505</distance>
        </extensions>
      </trkpt>
      <trkpt lat="46.0227" lon="6.92385">
        <ele>1314</ele>
        <extensions>
          <distance>25518</distance>
        </extensions>
      </trkpt>
      <trkpt lat="46.02261" lon="6.92375">
        <ele>1314</ele>
        <extensions>
          <distance>25530</distance>
        </extensions>
      </trkpt>
      <trkpt lat="46.02254" lon="6.92371">
        <ele>1315</ele>
        <extensions>
          <distance>25539</distance>
        </extensions>
      </trkpt>
      <trkpt lat="46.0224" lon="6.92357">
        <ele>1316</ele>
        <extensions>
          <distance>25558</distance>
        </extensions>
      </trkpt>
      <trkpt lat="46.02237" lon="6.92356">
        <ele>1316</ele>
        <extensions>
          <distance>25561</distance>
        </extensions>
      </trkpt>
      <trkpt lat="46.02236" lon="6.92353">
        <ele>1317</ele>
        <extensions>
          <distance>25564</distance>
        </extensions>
      </trkpt>
      <trkpt lat="46.02227" lon="6.92347">
        <ele>1317</ele>
        <extensions>
          <distance>25575</distance>
        </extensions>
      </trkpt>
      <trkpt lat="46.02223" lon="6.92343">
        <ele>1318</ele>
        <extensions>
          <distance>25580</distance>
        </extensions>
      </trkpt>
      <trkpt lat="46.0222" lon="6.92342">
        <ele>1318</ele>
        <extensions>
          <distance>25583</distance>
        </extensions>
      </trkpt>
      <trkpt lat="46.02211" lon="6.92334">
        <ele>1319</ele>
        <extensions>
          <distance>25595</distance>
        </extensions>
      </trkpt>
      <trkpt lat="46.02208" lon="6.92333">
        <ele>1319</ele>
        <extensions>
          <distance>25599</distance>
        </extensions>
      </trkpt>
      <trkpt lat="46.02204" lon="6.92329">
        <ele>1319</ele>
        <extensions>
          <distance>25604</distance>
        </extensions>
      </trkpt>
      <trkpt lat="46.02201" lon="6.92328">
        <ele>1319</ele>
        <extensions>
          <distance>25608</distance>
        </extensions>
      </trkpt>
      <trkpt lat="46.0219" lon="6.9232">
        <ele>1320</ele>
        <extensions>
          <distance>25621</distance>
        </extensions>
      </trkpt>
      <trkpt lat="46.02182" lon="6.9231">
        <ele>1321</ele>
        <extensions>
          <distance>25633</distance>
        </extensions>
      </trkpt>
      <trkpt lat="46.02172" lon="6.92303">
        <ele>1322</ele>
        <extensions>
          <distance>25646</distance>
        </extensions>
      </trkpt>
      <trkpt lat="46.02168" lon="6.92298">
        <ele>1323</ele>
        <extensions>
          <distance>25651</distance>
        </extensions>
      </trkpt>
      <trkpt lat="46.02161" lon="6.92292">
        <ele>1323</ele>
        <extensions>
          <distance>25660</distance>
        </extensions>
      </trkpt>
      <trkpt lat="46.02152" lon="6.9228">
        <ele>1324</ele>
        <extensions>
          <distance>25674</distance>
        </extensions>
      </trkpt>
      <trkpt lat="46.02146" lon="6.92277">
        <ele>1324</ele>
        <extensions>
          <distance>25681</distance>
        </extensions>
      </trkpt>
      <trkpt lat="46.02138" lon="6.92268">
        <ele>1324</ele>
        <extensions>
          <distance>25692</distance>
        </extensions>
      </trkpt>
      <trkpt lat="46.02133" lon="6.92265">
        <ele>1325</ele>
        <extensions>
          <distance>25699</distance>
        </extensions>
      </trkpt>
      <trkpt lat="46.02132" lon="6.92262">
        <ele>1325</ele>
        <extensions>
          <distance>25701</distance>
        </extensions>
      </trkpt>
      <trkpt lat="46.02129" lon="6.9226">
        <ele>1325</ele>
        <extensions>
          <distance>25705</distance>
        </extensions>
      </trkpt>
      <trkpt lat="46.02119" lon="6.92249">
        <ele>1326</ele>
        <extensions>
          <distance>25719</distance>
        </extensions>
      </trkpt>
      <trkpt lat="46.02114" lon="6.92246">
        <ele>1326</ele>
        <extensions>
          <distance>25725</distance>
        </extensions>
      </trkpt>
      <trkpt lat="46.02105" lon="6.92243">
        <ele>1326</ele>
        <extensions>
          <distance>25735</distance>
        </extensions>
      </trkpt>
      <trkpt lat="46.02101" lon="6.92239">
        <ele>1327</ele>
        <extensions>
          <distance>25741</distance>
        </extensions>
      </trkpt>
      <trkpt lat="46.02087" lon="6.92232">
        <ele>1328</ele>
        <extensions>
          <distance>25757</distance>
        </extensions>
      </trkpt>
      <trkpt lat="46.02083" lon="6.92228">
        <ele>1328</ele>
        <extensions>
          <distance>25763</distance>
        </extensions>
      </trkpt>
      <trkpt lat="46.02079" lon="6.92226">
        <ele>1328</ele>
        <extensions>
          <distance>25767</distance>
        </extensions>
      </trkpt>
      <trkpt lat="46.02071" lon="6.92225">
        <ele>1329</ele>
        <extensions>
          <distance>25776</distance>
        </extensions>
      </trkpt>
      <trkpt lat="46.02061" lon="6.9222">
        <ele>1330</ele>
        <extensions>
          <distance>25788</distance>
        </extensions>
      </trkpt>
      <trkpt lat="46.02059" lon="6.92218">
        <ele>1330</ele>
        <extensions>
          <distance>25791</distance>
        </extensions>
      </trkpt>
      <trkpt lat="46.02051" lon="6.92215">
        <ele>1330</ele>
        <extensions>
          <distance>25800</distance>
        </extensions>
      </trkpt>
      <trkpt lat="46.02027" lon="6.92199">
        <ele>1332</ele>
        <extensions>
          <distance>25829</distance>
        </extensions>
      </trkpt>
      <trkpt lat="46.02024" lon="6.92198">
        <ele>1333</ele>
        <extensions>
          <distance>25833</distance>
        </extensions>
      </trkpt>
      <trkpt lat="46.02019" lon="6.92199">
        <ele>1333</ele>
        <extensions>
          <distance>25838</distance>
        </extensions>
      </trkpt>
      <trkpt lat="46.02005" lon="6.92193">
        <ele>1335</ele>
        <extensions>
          <distance>25855</distance>
        </extensions>
      </trkpt>
      <trkpt lat="46.01997" lon="6.92192">
        <ele>1335</ele>
        <extensions>
          <distance>25864</distance>
        </extensions>
      </trkpt>
      <trkpt lat="46.01992" lon="6.92193">
        <ele>1336</ele>
        <extensions>
          <distance>25869</distance>
        </extensions>
      </trkpt>
      <trkpt lat="46.01984" lon="6.92189">
        <ele>1336</ele>
        <extensions>
          <distance>25879</distance>
        </extensions>
      </trkpt>
      <trkpt lat="46.01979" lon="6.92189">
        <ele>1337</ele>
        <extensions>
          <distance>25884</distance>
        </extensions>
      </trkpt>
      <trkpt lat="46.01971" lon="6.92187">
        <ele>1337</ele>
        <extensions>
          <distance>25893</distance>
        </extensions>
      </trkpt>
      <trkpt lat="46.01966" lon="6.92183">
        <ele>1337</ele>
        <extensions>
          <distance>25900</distance>
        </extensions>
      </trkpt>
      <trkpt lat="46.01957" lon="6.92167">
        <ele>1337</ele>
        <extensions>
          <distance>25916</distance>
        </extensions>
      </trkpt>
      <trkpt lat="46.01951" lon="6.92158">
        <ele>1337</ele>
        <extensions>
          <distance>25925</distance>
        </extensions>
      </trkpt>
      <trkpt lat="46.01944" lon="6.9215">
        <ele>1337</ele>
        <extensions>
          <distance>25935</distance>
        </extensions>
      </trkpt>
      <trkpt lat="46.01937" lon="6.92145">
        <ele>1337</ele>
        <extensions>
          <distance>25944</distance>
        </extensions>
      </trkpt>
      <trkpt lat="46.01934" lon="6.92144">
        <ele>1337</ele>
        <extensions>
          <distance>25947</distance>
        </extensions>
      </trkpt>
      <trkpt lat="46.0192" lon="6.92131">
        <ele>1339</ele>
        <extensions>
          <distance>25966</distance>
        </extensions>
      </trkpt>
      <trkpt lat="46.01914" lon="6.92125">
        <ele>1339</ele>
        <extensions>
          <distance>25974</distance>
        </extensions>
      </trkpt>
      <trkpt lat="46.01904" lon="6.92112">
        <ele>1340</ele>
        <extensions>
          <distance>25989</distance>
        </extensions>
      </trkpt>
      <trkpt lat="46.01893" lon="6.92099">
        <ele>1340</ele>
        <extensions>
          <distance>26005</distance>
        </extensions>
      </trkpt>
      <trkpt lat="46.01888" lon="6.92099">
        <ele>1340</ele>
        <extensions>
          <distance>26010</distance>
        </extensions>
      </trkpt>
      <trkpt lat="46.01886" lon="6.92101">
        <ele>1341</ele>
        <extensions>
          <distance>26013</distance>
        </extensions>
      </trkpt>
      <trkpt lat="46.01883" lon="6.92101">
        <ele>1341</ele>
        <extensions>
          <distance>26017</distance>
        </extensions>
      </trkpt>
      <trkpt lat="46.01877" lon="6.92097">
        <ele>1341</ele>
        <extensions>
          <distance>26024</distance>
        </extensions>
      </trkpt>
      <trkpt lat="46.01874" lon="6.92097">
        <ele>1342</ele>
        <extensions>
          <distance>26027</distance>
        </extensions>
      </trkpt>
      <trkpt lat="46.01868" lon="6.92094">
        <ele>1342</ele>
        <extensions>
          <distance>26034</distance>
        </extensions>
      </trkpt>
      <trkpt lat="46.01862" lon="6.92096">
        <ele>1343</ele>
        <extensions>
          <distance>26041</distance>
        </extensions>
      </trkpt>
      <trkpt lat="46.01857" lon="6.92094">
        <ele>1343</ele>
        <extensions>
          <distance>26047</distance>
        </extensions>
      </trkpt>
      <trkpt lat="46.01855" lon="6.92092">
        <ele>1343</ele>
        <extensions>
          <distance>26050</distance>
        </extensions>
      </trkpt>
      <trkpt lat="46.01852" lon="6.92091">
        <ele>1343</ele>
        <extensions>
          <distance>26053</distance>
        </extensions>
      </trkpt>
      <trkpt lat="46.0185" lon="6.92092">
        <ele>1344</ele>
        <extensions>
          <distance>26055</distance>
        </extensions>
      </trkpt>
      <trkpt lat="46.01844" lon="6.92089">
        <ele>1344</ele>
        <extensions>
          <distance>26062</distance>
        </extensions>
      </trkpt>
      <trkpt lat="46.01834" lon="6.92089">
        <ele>1344</ele>
        <extensions>
          <distance>26074</distance>
        </extensions>
      </trkpt>
      <trkpt lat="46.01833" lon="6.92092">
        <ele>1346</ele>
        <extensions>
          <distance>26076</distance>
        </extensions>
      </trkpt>
      <trkpt lat="46.01827" lon="6.92096">
        <ele>1347</ele>
        <extensions>
          <distance>26084</distance>
        </extensions>
      </trkpt>
      <trkpt lat="46.01821" lon="6.92096">
        <ele>1347</ele>
        <extensions>
          <distance>26090</distance>
        </extensions>
      </trkpt>
      <trkpt lat="46.01818" lon="6.92097">
        <ele>1348</ele>
        <extensions>
          <distance>26094</distance>
        </extensions>
      </trkpt>
      <trkpt lat="46.01815" lon="6.92096">
        <ele>1348</ele>
        <extensions>
          <distance>26097</distance>
        </extensions>
      </trkpt>
      <trkpt lat="46.0181" lon="6.92097">
        <ele>1349</ele>
        <extensions>
          <distance>26103</distance>
        </extensions>
      </trkpt>
      <trkpt lat="46.01807" lon="6.92096">
        <ele>1349</ele>
        <extensions>
          <distance>26106</distance>
        </extensions>
      </trkpt>
      <trkpt lat="46.01805" lon="6.92098">
        <ele>1349</ele>
        <extensions>
          <distance>26109</distance>
        </extensions>
      </trkpt>
      <trkpt lat="46.018" lon="6.92097">
        <ele>1349</ele>
        <extensions>
          <distance>26115</distance>
        </extensions>
      </trkpt>
      <trkpt lat="46.01786" lon="6.92101">
        <ele>1351</ele>
        <extensions>
          <distance>26131</distance>
        </extensions>
      </trkpt>
      <trkpt lat="46.01779" lon="6.92098">
        <ele>1352</ele>
        <extensions>
          <distance>26139</distance>
        </extensions>
      </trkpt>
      <trkpt lat="46.01774" lon="6.92098">
        <ele>1352</ele>
        <extensions>
          <distance>26144</distance>
        </extensions>
      </trkpt>
      <trkpt lat="46.01772" lon="6.92097">
        <ele>1352</ele>
        <extensions>
          <distance>26147</distance>
        </extensions>
      </trkpt>
      <trkpt lat="46.01762" lon="6.92098">
        <ele>1352</ele>
        <extensions>
          <distance>26158</distance>
        </extensions>
      </trkpt>
      <trkpt lat="46.01759" lon="6.92096">
        <ele>1352</ele>
        <extensions>
          <distance>26162</distance>
        </extensions>
      </trkpt>
      <trkpt lat="46.01755" lon="6.92095">
        <ele>1353</ele>
        <extensions>
          <distance>26166</distance>
        </extensions>
      </trkpt>
      <trkpt lat="46.01753" lon="6.92096">
        <ele>1353</ele>
        <extensions>
          <distance>26168</distance>
        </extensions>
      </trkpt>
      <trkpt lat="46.01743" lon="6.92091">
        <ele>1353</ele>
        <extensions>
          <distance>26180</distance>
        </extensions>
      </trkpt>
      <trkpt lat="46.01737" lon="6.92091">
        <ele>1353</ele>
        <extensions>
          <distance>26187</distance>
        </extensions>
      </trkpt>
      <trkpt lat="46.01734" lon="6.9209">
        <ele>1353</ele>
        <extensions>
          <distance>26190</distance>
        </extensions>
      </trkpt>
      <trkpt lat="46.01732" lon="6.92091">
        <ele>1353</ele>
        <extensions>
          <distance>26193</distance>
        </extensions>
      </trkpt>
      <trkpt lat="46.0173" lon="6.9209">
        <ele>1353</ele>
        <extensions>
          <distance>26195</distance>
        </extensions>
      </trkpt>
      <trkpt lat="46.01722" lon="6.92091">
        <ele>1354</ele>
        <extensions>
          <distance>26204</distance>
        </extensions>
      </trkpt>
      <trkpt lat="46.01717" lon="6.92093">
        <ele>1354</ele>
        <extensions>
          <distance>26210</distance>
        </extensions>
      </trkpt>
      <trkpt lat="46.01709" lon="6.92091">
        <ele>1354</ele>
        <extensions>
          <distance>26219</distance>
        </extensions>
      </trkpt>
      <trkpt lat="46.01707" lon="6.92088">
        <ele>1354</ele>
        <extensions>
          <distance>26222</distance>
        </extensions>
      </trkpt>
      <trkpt lat="46.01703" lon="6.92087">
        <ele>1354</ele>
        <extensions>
          <distance>26226</distance>
        </extensions>
      </trkpt>
      <trkpt lat="46.01698" lon="6.92089">
        <ele>1355</ele>
        <extensions>
          <distance>26232</distance>
        </extensions>
      </trkpt>
      <trkpt lat="46.01692" lon="6.92083">
        <ele>1355</ele>
        <extensions>
          <distance>26240</distance>
        </extensions>
      </trkpt>
      <trkpt lat="46.01687" lon="6.9208">
        <ele>1355</ele>
        <extensions>
          <distance>26246</distance>
        </extensions>
      </trkpt>
      <trkpt lat="46.01683" lon="6.9208">
        <ele>1355</ele>
        <extensions>
          <distance>26251</distance>
        </extensions>
      </trkpt>
      <trkpt lat="46.01676" lon="6.92075">
        <ele>1355</ele>
        <extensions>
          <distance>26260</distance>
        </extensions>
      </trkpt>
      <trkpt lat="46.01673" lon="6.92075">
        <ele>1355</ele>
        <extensions>
          <distance>26263</distance>
        </extensions>
      </trkpt>
      <trkpt lat="46.01672" lon="6.92073">
        <ele>1355</ele>
        <extensions>
          <distance>26265</distance>
        </extensions>
      </trkpt>
      <trkpt lat="46.01667" lon="6.92072">
        <ele>1355</ele>
        <extensions>
          <distance>26270</distance>
        </extensions>
      </trkpt>
      <trkpt lat="46.01666" lon="6.9207">
        <ele>1355</ele>
        <extensions>
          <distance>26272</distance>
        </extensions>
      </trkpt>
      <trkpt lat="46.01664" lon="6.9207">
        <ele>1355</ele>
        <extensions>
          <distance>26275</distance>
        </extensions>
      </trkpt>
      <trkpt lat="46.01659" lon="6.92073">
        <ele>1356</ele>
        <extensions>
          <distance>26281</distance>
        </extensions>
      </trkpt>
      <trkpt lat="46.01656" lon="6.92073">
        <ele>1356</ele>
        <extensions>
          <distance>26284</distance>
        </extensions>
      </trkpt>
      <trkpt lat="46.01651" lon="6.92077">
        <ele>1357</ele>
        <extensions>
          <distance>26290</distance>
        </extensions>
      </trkpt>
      <trkpt lat="46.01646" lon="6.92079">
        <ele>1357</ele>
        <extensions>
          <distance>26296</distance>
        </extensions>
      </trkpt>
      <trkpt lat="46.0164" lon="6.92079">
        <ele>1357</ele>
        <extensions>
          <distance>26303</distance>
        </extensions>
      </trkpt>
      <trkpt lat="46.01633" lon="6.92081">
        <ele>1357</ele>
        <extensions>
          <distance>26311</distance>
        </extensions>
      </trkpt>
      <trkpt lat="46.01627" lon="6.92083">
        <ele>1357</ele>
        <extensions>
          <distance>26318</distance>
        </extensions>
      </trkpt>
      <trkpt lat="46.01618" lon="6.92089">
        <ele>1357</ele>
        <extensions>
          <distance>26329</distance>
        </extensions>
      </trkpt>
      <trkpt lat="46.01615" lon="6.9209">
        <ele>1357</ele>
        <extensions>
          <distance>26332</distance>
        </extensions>
      </trkpt>
      <trkpt lat="46.01613" lon="6.92089">
        <ele>1357</ele>
        <extensions>
          <distance>26334</distance>
        </extensions>
      </trkpt>
      <trkpt lat="46.01606" lon="6.92094">
        <ele>1357</ele>
        <extensions>
          <distance>26343</distance>
        </extensions>
      </trkpt>
      <trkpt lat="46.01605" lon="6.92096">
        <ele>1358</ele>
        <extensions>
          <distance>26345</distance>
        </extensions>
      </trkpt>
      <trkpt lat="46.01587" lon="6.92106">
        <ele>1358</ele>
        <extensions>
          <distance>26366</distance>
        </extensions>
      </trkpt>
      <trkpt lat="46.01579" lon="6.92117">
        <ele>1359</ele>
        <extensions>
          <distance>26379</distance>
        </extensions>
      </trkpt>
      <trkpt lat="46.01574" lon="6.92121">
        <ele>1359</ele>
        <extensions>
          <distance>26385</distance>
        </extensions>
      </trkpt>
      <trkpt lat="46.01569" lon="6.9213">
        <ele>1360</ele>
        <extensions>
          <distance>26394</distance>
        </extensions>
      </trkpt>
      <trkpt lat="46.0156" lon="6.92136">
        <ele>1360</ele>
        <extensions>
          <distance>26405</distance>
        </extensions>
      </trkpt>
      <trkpt lat="46.01557" lon="6.92137">
        <ele>1360</ele>
        <extensions>
          <distance>26408</distance>
        </extensions>
      </trkpt>
      <trkpt lat="46.01555" lon="6.9214">
        <ele>1361</ele>
        <extensions>
          <distance>26412</distance>
        </extensions>
      </trkpt>
      <trkpt lat="46.01553" lon="6.9214">
        <ele>1361</ele>
        <extensions>
          <distance>26414</distance>
        </extensions>
      </trkpt>
      <trkpt lat="46.01552" lon="6.92143">
        <ele>1361</ele>
        <extensions>
          <distance>26417</distance>
        </extensions>
      </trkpt>
      <trkpt lat="46.01547" lon="6.92146">
        <ele>1361</ele>
        <extensions>
          <distance>26423</distance>
        </extensions>
      </trkpt>
      <trkpt lat="46.01544" lon="6.92152">
        <ele>1362</ele>
        <extensions>
          <distance>26428</distance>
        </extensions>
      </trkpt>
      <trkpt lat="46.01542" lon="6.92159">
        <ele>1362</ele>
        <extensions>
          <distance>26434</distance>
        </extensions>
      </trkpt>
      <trkpt lat="46.01535" lon="6.92166">
        <ele>1363</ele>
        <extensions>
          <distance>26444</distance>
        </extensions>
      </trkpt>
      <trkpt lat="46.01527" lon="6.9217">
        <ele>1363</ele>
        <extensions>
          <distance>26453</distance>
        </extensions>
      </trkpt>
      <trkpt lat="46.01525" lon="6.92173">
        <ele>1363</ele>
        <extensions>
          <distance>26456</distance>
        </extensions>
      </trkpt>
      <trkpt lat="46.01517" lon="6.9218">
        <ele>1364</ele>
        <extensions>
          <distance>26467</distance>
        </extensions>
      </trkpt>
      <trkpt lat="46.01512" lon="6.92181">
        <ele>1364</ele>
        <extensions>
          <distance>26472</distance>
        </extensions>
      </trkpt>
      <trkpt lat="46.0151" lon="6.92184">
        <ele>1364</ele>
        <extensions>
          <distance>26476</distance>
        </extensions>
      </trkpt>
      <trkpt lat="46.01505" lon="6.92188">
        <ele>1365</ele>
        <extensions>
          <distance>26482</distance>
        </extensions>
      </trkpt>
      <trkpt lat="46.01497" lon="6.9219">
        <ele>1365</ele>
        <extensions>
          <distance>26491</distance>
        </extensions>
      </trkpt>
      <trkpt lat="46.01493" lon="6.92197">
        <ele>1366</ele>
        <extensions>
          <distance>26498</distance>
        </extensions>
      </trkpt>
      <trkpt lat="46.01485" lon="6.92203">
        <ele>1367</ele>
        <extensions>
          <distance>26508</distance>
        </extensions>
      </trkpt>
      <trkpt lat="46.0148" lon="6.92205">
        <ele>1368</ele>
        <extensions>
          <distance>26514</distance>
        </extensions>
      </trkpt>
      <trkpt lat="46.01472" lon="6.92205">
        <ele>1368</ele>
        <extensions>
          <distance>26523</distance>
        </extensions>
      </trkpt>
      <trkpt lat="46.01469" lon="6.92204">
        <ele>1368</ele>
        <extensions>
          <distance>26526</distance>
        </extensions>
      </trkpt>
      <trkpt lat="46.01463" lon="6.92204">
        <ele>1368</ele>
        <extensions>
          <distance>26533</distance>
        </extensions>
      </trkpt>
      <trkpt lat="46.01457" lon="6.92202">
        <ele>1368</ele>
        <extensions>
          <distance>26540</distance>
        </extensions>
      </trkpt>
      <trkpt lat="46.01445" lon="6.922">
        <ele>1368</ele>
        <extensions>
          <distance>26553</distance>
        </extensions>
      </trkpt>
      <trkpt lat="46.01429" lon="6.92201">
        <ele>1368</ele>
        <extensions>
          <distance>26571</distance>
        </extensions>
      </trkpt>
      <trkpt lat="46.01414" lon="6.92201">
        <ele>1368</ele>
        <extensions>
          <distance>26588</distance>
        </extensions>
      </trkpt>
      <trkpt lat="46.0141" lon="6.92204">
        <ele>1368</ele>
        <extensions>
          <distance>26593</distance>
        </extensions>
      </trkpt>
      <trkpt lat="46.01402" lon="6.92216">
        <ele>1370</ele>
        <extensions>
          <distance>26606</distance>
        </extensions>
      </trkpt>
      <trkpt lat="46.01394" lon="6.92223">
        <ele>1370</ele>
        <extensions>
          <distance>26616</distance>
        </extensions>
      </trkpt>
      <trkpt lat="46.01393" lon="6.92226">
        <ele>1371</ele>
        <extensions>
          <distance>26619</distance>
        </extensions>
      </trkpt>
      <trkpt lat="46.01377" lon="6.92244">
        <ele>1374</ele>
        <extensions>
          <distance>26641</distance>
        </extensions>
      </trkpt>
      <trkpt lat="46.01364" lon="6.92251">
        <ele>1375</ele>
        <extensions>
          <distance>26657</distance>
        </extensions>
      </trkpt>
      <trkpt lat="46.0135" lon="6.92257">
        <ele>1375</ele>
        <extensions>
          <distance>26673</distance>
        </extensions>
      </trkpt>
      <trkpt lat="46.01347" lon="6.92259">
        <ele>1375</ele>
        <extensions>
          <distance>26677</distance>
        </extensions>
      </trkpt>
      <trkpt lat="46.01344" lon="6.92263">
        <ele>1376</ele>
        <extensions>
          <distance>26681</distance>
        </extensions>
      </trkpt>
      <trkpt lat="46.01334" lon="6.92269">
        <ele>1377</ele>
        <extensions>
          <distance>26693</distance>
        </extensions>
      </trkpt>
      <trkpt lat="46.0133" lon="6.92274">
        <ele>1378</ele>
        <extensions>
          <distance>26699</distance>
        </extensions>
      </trkpt>
      <trkpt lat="46.01322" lon="6.92278">
        <ele>1379</ele>
        <extensions>
          <distance>26709</distance>
        </extensions>
      </trkpt>
      <trkpt lat="46.01316" lon="6.92283">
        <ele>1379</ele>
        <extensions>
          <distance>26716</distance>
        </extensions>
      </trkpt>
      <trkpt lat="46.01313" lon="6.92284">
        <ele>1379</ele>
        <extensions>
          <distance>26720</distance>
        </extensions>
      </trkpt>
      <trkpt lat="46.0131" lon="6.92288">
        <ele>1380</ele>
        <extensions>
          <distance>26725</distance>
        </extensions>
      </trkpt>
      <trkpt lat="46.01304" lon="6.92289">
        <ele>1380</ele>
        <extensions>
          <distance>26731</distance>
        </extensions>
      </trkpt>
      <trkpt lat="46.01302" lon="6.92291">
        <ele>1380</ele>
        <extensions>
          <distance>26734</distance>
        </extensions>
      </trkpt>
      <trkpt lat="46.01285" lon="6.92299">
        <ele>1380</ele>
        <extensions>
          <distance>26754</distance>
        </extensions>
      </trkpt>
      <trkpt lat="46.01281" lon="6.92307">
        <ele>1381</ele>
        <extensions>
          <distance>26761</distance>
        </extensions>
      </trkpt>
      <trkpt lat="46.01279" lon="6.92309">
        <ele>1382</ele>
        <extensions>
          <distance>26764</distance>
        </extensions>
      </trkpt>
      <trkpt lat="46.01279" lon="6.92312">
        <ele>1383</ele>
        <extensions>
          <distance>26767</distance>
        </extensions>
      </trkpt>
      <trkpt lat="46.01277" lon="6.92315">
        <ele>1384</ele>
        <extensions>
          <distance>26770</distance>
        </extensions>
      </trkpt>
      <trkpt lat="46.01272" lon="6.9233">
        <ele>1388</ele>
        <extensions>
          <distance>26783</distance>
        </extensions>
      </trkpt>
      <trkpt lat="46.01268" lon="6.92338">
        <ele>1389</ele>
        <extensions>
          <distance>26791</distance>
        </extensions>
      </trkpt>
      <trkpt lat="46.0125" lon="6.92364">
        <ele>1392</ele>
        <extensions>
          <distance>26820</distance>
        </extensions>
      </trkpt>
      <trkpt lat="46.01244" lon="6.92371">
        <ele>1393</ele>
        <extensions>
          <distance>26828</distance>
        </extensions>
      </trkpt>
      <trkpt lat="46.01241" lon="6.92378">
        <ele>1394</ele>
        <extensions>
          <distance>26835</distance>
        </extensions>
      </trkpt>
      <trkpt lat="46.01241" lon="6.92382">
        <ele>1394</ele>
        <extensions>
          <distance>26838</distance>
        </extensions>
      </trkpt>
      <trkpt lat="46.01235" lon="6.9239">
        <ele>1396</ele>
        <extensions>
          <distance>26847</distance>
        </extensions>
      </trkpt>
      <trkpt lat="46.01232" lon="6.92396">
        <ele>1396</ele>
        <extensions>
          <distance>26853</distance>
        </extensions>
      </trkpt>
      <trkpt lat="46.01224" lon="6.92406">
        <ele>1397</ele>
        <extensions>
          <distance>26865</distance>
        </extensions>
      </trkpt>
      <trkpt lat="46.01208" lon="6.92421">
        <ele>1399</ele>
        <extensions>
          <distance>26886</distance>
        </extensions>
      </trkpt>
      <trkpt lat="46.01201" lon="6.92429">
        <ele>1400</ele>
        <extensions>
          <distance>26896</distance>
        </extensions>
      </trkpt>
      <trkpt lat="46.01189" lon="6.92435">
        <ele>1400</ele>
        <extensions>
          <distance>26910</distance>
        </extensions>
      </trkpt>
      <trkpt lat="46.0117" lon="6.92436">
        <ele>1400</ele>
        <extensions>
          <distance>26931</distance>
        </extensions>
      </trkpt>
      <trkpt lat="46.01162" lon="6.92434">
        <ele>1401</ele>
        <extensions>
          <distance>26940</distance>
        </extensions>
      </trkpt>
      <trkpt lat="46.01151" lon="6.92433">
        <ele>1401</ele>
        <extensions>
          <distance>26952</distance>
        </extensions>
      </trkpt>
      <trkpt lat="46.01143" lon="6.92436">
        <ele>1401</ele>
        <extensions>
          <distance>26962</distance>
        </extensions>
      </trkpt>
      <trkpt lat="46.01138" lon="6.92436">
        <ele>1401</ele>
        <extensions>
          <distance>26967</distance>
        </extensions>
      </trkpt>
      <trkpt lat="46.01136" lon="6.92437">
        <ele>1401</ele>
        <extensions>
          <distance>26970</distance>
        </extensions>
      </trkpt>
      <trkpt lat="46.01125" lon="6.92444">
        <ele>1402</ele>
        <extensions>
          <distance>26983</distance>
        </extensions>
      </trkpt>
      <trkpt lat="46.01116" lon="6.92452">
        <ele>1405</ele>
        <extensions>
          <distance>26995</distance>
        </extensions>
      </trkpt>
      <trkpt lat="46.01111" lon="6.92453">
        <ele>1405</ele>
        <extensions>
          <distance>27001</distance>
        </extensions>
      </trkpt>
      <trkpt lat="46.01104" lon="6.92452">
        <ele>1405</ele>
        <extensions>
          <distance>27009</distance>
        </extensions>
      </trkpt>
      <trkpt lat="46.01102" lon="6.92453">
        <ele>1405</ele>
        <extensions>
          <distance>27011</distance>
        </extensions>
      </trkpt>
      <trkpt lat="46.01094" lon="6.92453">
        <ele>1406</ele>
        <extensions>
          <distance>27020</distance>
        </extensions>
      </trkpt>
      <trkpt lat="46.01088" lon="6.92452">
        <ele>1406</ele>
        <extensions>
          <distance>27027</distance>
        </extensions>
      </trkpt>
      <trkpt lat="46.01069" lon="6.92445">
        <ele>1407</ele>
        <extensions>
          <distance>27048</distance>
        </extensions>
      </trkpt>
      <trkpt lat="46.01054" lon="6.92428">
        <ele>1407</ele>
        <extensions>
          <distance>27070</distance>
        </extensions>
      </trkpt>
      <trkpt lat="46.01052" lon="6.92427">
        <ele>1407</ele>
        <extensions>
          <distance>27072</distance>
        </extensions>
      </trkpt>
      <trkpt lat="46.01038" lon="6.92424">
        <ele>1408</ele>
        <extensions>
          <distance>27088</distance>
        </extensions>
      </trkpt>
      <trkpt lat="46.01022" lon="6.92423">
        <ele>1409</ele>
        <extensions>
          <distance>27106</distance>
        </extensions>
      </trkpt>
      <trkpt lat="46.01018" lon="6.92425">
        <ele>1409</ele>
        <extensions>
          <distance>27110</distance>
        </extensions>
      </trkpt>
      <trkpt lat="46.01015" lon="6.92425">
        <ele>1409</ele>
        <extensions>
          <distance>27114</distance>
        </extensions>
      </trkpt>
      <trkpt lat="46.01009" lon="6.92427">
        <ele>1410</ele>
        <extensions>
          <distance>27120</distance>
        </extensions>
      </trkpt>
      <trkpt lat="46.01004" lon="6.92427">
        <ele>1410</ele>
        <extensions>
          <distance>27126</distance>
        </extensions>
      </trkpt>
      <trkpt lat="46.00999" lon="6.92429">
        <ele>1410</ele>
        <extensions>
          <distance>27132</distance>
        </extensions>
      </trkpt>
      <trkpt lat="46.00992" lon="6.9243">
        <ele>1410</ele>
        <extensions>
          <distance>27140</distance>
        </extensions>
      </trkpt>
      <trkpt lat="46.00977" lon="6.92429">
        <ele>1411</ele>
        <extensions>
          <distance>27156</distance>
        </extensions>
      </trkpt>
      <trkpt lat="46.0097" lon="6.92431">
        <ele>1412</ele>
        <extensions>
          <distance>27164</distance>
        </extensions>
      </trkpt>
      <trkpt lat="46.00967" lon="6.92433">
        <ele>1412</ele>
        <extensions>
          <distance>27168</distance>
        </extensions>
      </trkpt>
      <trkpt lat="46.00963" lon="6.92438">
        <ele>1412</ele>
        <extensions>
          <distance>27174</distance>
        </extensions>
      </trkpt>
      <trkpt lat="46.00947" lon="6.92444">
        <ele>1413</ele>
        <extensions>
          <distance>27192</distance>
        </extensions>
      </trkpt>
      <trkpt lat="46.00942" lon="6.92445">
        <ele>1413</ele>
        <extensions>
          <distance>27198</distance>
        </extensions>
      </trkpt>
      <trkpt lat="46.00939" lon="6.92444">
        <ele>1413</ele>
        <extensions>
          <distance>27201</distance>
        </extensions>
      </trkpt>
      <trkpt lat="46.00937" lon="6.92445">
        <ele>1413</ele>
        <extensions>
          <distance>27204</distance>
        </extensions>
      </trkpt>
      <trkpt lat="46.00932" lon="6.92445">
        <ele>1414</ele>
        <extensions>
          <distance>27209</distance>
        </extensions>
      </trkpt>
      <trkpt lat="46.0091" lon="6.92452">
        <ele>1415</ele>
        <extensions>
          <distance>27234</distance>
        </extensions>
      </trkpt>
      <trkpt lat="46.00892" lon="6.92452">
        <ele>1416</ele>
        <extensions>
          <distance>27254</distance>
        </extensions>
      </trkpt>
      <trkpt lat="46.00877" lon="6.92447">
        <ele>1417</ele>
        <extensions>
          <distance>27271</distance>
        </extensions>
      </trkpt>
      <trkpt lat="46.00872" lon="6.92447">
        <ele>1417</ele>
        <extensions>
          <distance>27277</distance>
        </extensions>
      </trkpt>
      <trkpt lat="46.00866" lon="6.92445">
        <ele>1418</ele>
        <extensions>
          <distance>27284</distance>
        </extensions>
      </trkpt>
      <trkpt lat="46.00858" lon="6.92439">
        <ele>1418</ele>
        <extensions>
          <distance>27294</distance>
        </extensions>
      </trkpt>
      <trkpt lat="46.00849" lon="6.92427">
        <ele>1419</ele>
        <extensions>
          <distance>27308</distance>
        </extensions>
      </trkpt>
      <trkpt lat="46.00838" lon="6.92421">
        <ele>1420</ele>
        <extensions>
          <distance>27321</distance>
        </extensions>
      </trkpt>
      <trkpt lat="46.00814" lon="6.92413">
        <ele>1421</ele>
        <extensions>
          <distance>27348</distance>
        </extensions>
      </trkpt>
      <trkpt lat="46.00801" lon="6.92406">
        <ele>1422</ele>
        <extensions>
          <distance>27364</distance>
        </extensions>
      </trkpt>
      <trkpt lat="46.00797" lon="6.92406">
        <ele>1422</ele>
        <extensions>
          <distance>27368</distance>
        </extensions>
      </trkpt>
      <trkpt lat="46.00782" lon="6.924">
        <ele>1424</ele>
        <extensions>
          <distance>27385</distance>
        </extensions>
      </trkpt>
      <trkpt lat="46.00776" lon="6.92399">
        <ele>1424</ele>
        <extensions>
          <distance>27392</distance>
        </extensions>
      </trkpt>
      <trkpt lat="46.00759" lon="6.92387">
        <ele>1425</ele>
        <extensions>
          <distance>27413</distance>
        </extensions>
      </trkpt>
      <trkpt lat="46.00742" lon="6.92376">
        <ele>1426</ele>
        <extensions>
          <distance>27434</distance>
        </extensions>
      </trkpt>
      <trkpt lat="46.0073" lon="6.92364">
        <ele>1428</ele>
        <extensions>
          <distance>27450</distance>
        </extensions>
      </trkpt>
      <trkpt lat="46.00717" lon="6.92348">
        <ele>1430</ele>
        <extensions>
          <distance>27469</distance>
        </extensions>
      </trkpt>
      <trkpt lat="46.0071" lon="6.92343">
        <ele>1430</ele>
        <extensions>
          <distance>27478</distance>
        </extensions>
      </trkpt>
      <trkpt lat="46.00695" lon="6.9234">
        <ele>1432</ele>
        <extensions>
          <distance>27495</distance>
        </extensions>
      </trkpt>
      <trkpt lat="46.00675" lon="6.92342">
        <ele>1434</ele>
        <extensions>
          <distance>27517</distance>
        </extensions>
      </trkpt>
      <trkpt lat="46.00668" lon="6.92339">
        <ele>1435</ele>
        <extensions>
          <distance>27526</distance>
        </extensions>
      </trkpt>
      <trkpt lat="46.00657" lon="6.9233">
        <ele>1437</ele>
        <extensions>
          <distance>27540</distance>
        </extensions>
      </trkpt>
      <trkpt lat="46.00653" lon="6.9233">
        <ele>1437</ele>
        <extensions>
          <distance>27544</distance>
        </extensions>
      </trkpt>
      <trkpt lat="46.00649" lon="6.92332">
        <ele>1438</ele>
        <extensions>
          <distance>27549</distance>
        </extensions>
      </trkpt>
      <trkpt lat="46.00644" lon="6.9233">
        <ele>1438</ele>
        <extensions>
          <distance>27555</distance>
        </extensions>
      </trkpt>
      <trkpt lat="46.00637" lon="6.9233">
        <ele>1439</ele>
        <extensions>
          <distance>27563</distance>
        </extensions>
      </trkpt>
      <trkpt lat="46.00624" lon="6.92333">
        <ele>1440</ele>
        <extensions>
          <distance>27577</distance>
        </extensions>
      </trkpt>
      <trkpt lat="46.00619" lon="6.92335">
        <ele>1441</ele>
        <extensions>
          <distance>27583</distance>
        </extensions>
      </trkpt>
      <trkpt lat="46.00617" lon="6.92337">
        <ele>1441</ele>
        <extensions>
          <distance>27586</distance>
        </extensions>
      </trkpt>
      <trkpt lat="46.00609" lon="6.9234">
        <ele>1442</ele>
        <extensions>
          <distance>27595</distance>
        </extensions>
      </trkpt>
      <trkpt lat="46.00601" lon="6.9235">
        <ele>1443</ele>
        <extensions>
          <distance>27607</distance>
        </extensions>
      </trkpt>
      <trkpt lat="46.0059" lon="6.92359">
        <ele>1443</ele>
        <extensions>
          <distance>27621</distance>
        </extensions>
      </trkpt>
      <trkpt lat="46.00581" lon="6.92377">
        <ele>1444</ele>
        <extensions>
          <distance>27638</distance>
        </extensions>
      </trkpt>
      <trkpt lat="46.00576" lon="6.92394">
        <ele>1445</ele>
        <extensions>
          <distance>27652</distance>
        </extensions>
      </trkpt>
      <trkpt lat="46.00574" lon="6.92397">
        <ele>1446</ele>
        <extensions>
          <distance>27656</distance>
        </extensions>
      </trkpt>
      <trkpt lat="46.00569" lon="6.92415">
        <ele>1447</ele>
        <extensions>
          <distance>27671</distance>
        </extensions>
      </trkpt>
      <trkpt lat="46.00564" lon="6.92425">
        <ele>1448</ele>
        <extensions>
          <distance>27680</distance>
        </extensions>
      </trkpt>
      <trkpt lat="46.00561" lon="6.92437">
        <ele>1449</ele>
        <extensions>
          <distance>27690</distance>
        </extensions>
      </trkpt>
      <trkpt lat="46.00553" lon="6.92453">
        <ele>1451</ele>
        <extensions>
          <distance>27706</distance>
        </extensions>
      </trkpt>
      <trkpt lat="46.00547" lon="6.9246">
        <ele>1451</ele>
        <extensions>
          <distance>27714</distance>
        </extensions>
      </trkpt>
      <trkpt lat="46.0054" lon="6.92462">
        <ele>1453</ele>
        <extensions>
          <distance>27722</distance>
        </extensions>
      </trkpt>
      <trkpt lat="46.00532" lon="6.92462">
        <ele>1454</ele>
        <extensions>
          <distance>27731</distance>
        </extensions>
      </trkpt>
      <trkpt lat="46.00527" lon="6.9246">
        <ele>1454</ele>
        <extensions>
          <distance>27737</distance>
        </extensions>
      </trkpt>
      <trkpt lat="46.00524" lon="6.9246">
        <ele>1454</ele>
        <extensions>
          <distance>27740</distance>
        </extensions>
      </trkpt>
      <trkpt lat="46.00516" lon="6.92456">
        <ele>1456</ele>
        <extensions>
          <distance>27750</distance>
        </extensions>
      </trkpt>
      <trkpt lat="46.00509" lon="6.92451">
        <ele>1456</ele>
        <extensions>
          <distance>27758</distance>
        </extensions>
      </trkpt>
      <trkpt lat="46.00493" lon="6.92445">
        <ele>1458</ele>
        <extensions>
          <distance>27777</distance>
        </extensions>
      </trkpt>
      <trkpt lat="46.0048" lon="6.92436">
        <ele>1458</ele>
        <extensions>
          <distance>27793</distance>
        </extensions>
      </trkpt>
      <trkpt lat="46.00474" lon="6.92434">
        <ele>1458</ele>
        <extensions>
          <distance>27800</distance>
        </extensions>
      </trkpt>
      <trkpt lat="46.00472" lon="6.92432">
        <ele>1459</ele>
        <extensions>
          <distance>27803</distance>
        </extensions>
      </trkpt>
      <trkpt lat="46.00457" lon="6.92425">
        <ele>1460</ele>
        <extensions>
          <distance>27820</distance>
        </extensions>
      </trkpt>
      <trkpt lat="46.0045" lon="6.9242">
        <ele>1460</ele>
        <extensions>
          <distance>27829</distance>
        </extensions>
      </trkpt>
      <trkpt lat="46.00437" lon="6.92415">
        <ele>1460</ele>
        <extensions>
          <distance>27844</distance>
        </extensions>
      </trkpt>
      <trkpt lat="46.00426" lon="6.92408">
        <ele>1461</ele>
        <extensions>
          <distance>27857</distance>
        </extensions>
      </trkpt>
      <trkpt lat="46.0042" lon="6.924">
        <ele>1461</ele>
        <extensions>
          <distance>27866</distance>
        </extensions>
      </trkpt>
      <trkpt lat="46.00411" lon="6.92392">
        <ele>1461</ele>
        <extensions>
          <distance>27878</distance>
        </extensions>
      </trkpt>
      <trkpt lat="46.00408" lon="6.92391">
        <ele>1461</ele>
        <extensions>
          <distance>27882</distance>
        </extensions>
      </trkpt>
      <trkpt lat="46.00404" lon="6.92387">
        <ele>1461</ele>
        <extensions>
          <distance>27887</distance>
        </extensions>
      </trkpt>
      <trkpt lat="46.0039" lon="6.92378">
        <ele>1461</ele>
        <extensions>
          <distance>27904</distance>
        </extensions>
      </trkpt>
      <trkpt lat="46.0038" lon="6.92374">
        <ele>1461</ele>
        <extensions>
          <distance>27916</distance>
        </extensions>
      </trkpt>
      <trkpt lat="46.00367" lon="6.92373">
        <ele>1461</ele>
        <extensions>
          <distance>27930</distance>
        </extensions>
      </trkpt>
      <trkpt lat="46.00361" lon="6.92371">
        <ele>1461</ele>
        <extensions>
          <distance>27937</distance>
        </extensions>
      </trkpt>
      <trkpt lat="46.00354" lon="6.92371">
        <ele>1461</ele>
        <extensions>
          <distance>27945</distance>
        </extensions>
      </trkpt>
      <trkpt lat="46.00352" lon="6.92372">
        <ele>1461</ele>
        <extensions>
          <distance>27947</distance>
        </extensions>
      </trkpt>
      <trkpt lat="46.00337" lon="6.92371">
        <ele>1461</ele>
        <extensions>
          <distance>27964</distance>
        </extensions>
      </trkpt>
      <trkpt lat="46.00321" lon="6.92375">
        <ele>1461</ele>
        <extensions>
          <distance>27982</distance>
        </extensions>
      </trkpt>
      <trkpt lat="46.00319" lon="6.92374">
        <ele>1461</ele>
        <extensions>
          <distance>27984</distance>
        </extensions>
      </trkpt>
      <trkpt lat="46.00312" lon="6.92375">
        <ele>1461</ele>
        <extensions>
          <distance>27992</distance>
        </extensions>
      </trkpt>
      <trkpt lat="46.00304" lon="6.92378">
        <ele>1460</ele>
        <extensions>
          <distance>28001</distance>
        </extensions>
      </trkpt>
      <trkpt lat="46.00294" lon="6.92378">
        <ele>1460</ele>
        <extensions>
          <distance>28012</distance>
        </extensions>
      </trkpt>
      <trkpt lat="46.0028" lon="6.92375">
        <ele>1458</ele>
        <extensions>
          <distance>28028</distance>
        </extensions>
      </trkpt>
      <trkpt lat="46.00265" lon="6.92373">
        <ele>1456</ele>
        <extensions>
          <distance>28045</distance>
        </extensions>
      </trkpt>
      <trkpt lat="46.00259" lon="6.92373">
        <ele>1456</ele>
        <extensions>
          <distance>28051</distance>
        </extensions>
      </trkpt>
      <trkpt lat="46.00258" lon="6.92372">
        <ele>1455</ele>
        <extensions>
          <distance>28053</distance>
        </extensions>
      </trkpt>
      <trkpt lat="46.00252" lon="6.92371">
        <ele>1455</ele>
        <extensions>
          <distance>28060</distance>
        </extensions>
      </trkpt>
      <trkpt lat="46.00242" lon="6.92371">
        <ele>1454</ele>
        <extensions>
          <distance>28071</distance>
        </extensions>
      </trkpt>
      <trkpt lat="46.0024" lon="6.92373">
        <ele>1453</ele>
        <extensions>
          <distance>28073</distance>
        </extensions>
      </trkpt>
      <trkpt lat="46.00237" lon="6.92374">
        <ele>1453</ele>
        <extensions>
          <distance>28077</distance>
        </extensions>
      </trkpt>
      <trkpt lat="46.0023" lon="6.92374">
        <ele>1453</ele>
        <extensions>
          <distance>28085</distance>
        </extensions>
      </trkpt>
      <trkpt lat="46.00211" lon="6.9238">
        <ele>1452</ele>
        <extensions>
          <distance>28106</distance>
        </extensions>
      </trkpt>
      <trkpt lat="46.00187" lon="6.92384">
        <ele>1450</ele>
        <extensions>
          <distance>28133</distance>
        </extensions>
      </trkpt>
      <trkpt lat="46.00166" lon="6.92392">
        <ele>1449</ele>
        <extensions>
          <distance>28157</distance>
        </extensions>
      </trkpt>
      <trkpt lat="46.00164" lon="6.92394">
        <ele>1448</ele>
        <extensions>
          <distance>28160</distance>
        </extensions>
      </trkpt>
      <trkpt lat="46.00155" lon="6.92396">
        <ele>1448</ele>
        <extensions>
          <distance>28170</distance>
        </extensions>
      </trkpt>
      <trkpt lat="46.0015" lon="6.92399">
        <ele>1448</ele>
        <extensions>
          <distance>28176</distance>
        </extensions>
      </trkpt>
      <trkpt lat="46.00147" lon="6.92398">
        <ele>1448</ele>
        <extensions>
          <distance>28180</distance>
        </extensions>
      </trkpt>
      <trkpt lat="46.00136" lon="6.92399">
        <ele>1448</ele>
        <extensions>
          <distance>28192</distance>
        </extensions>
      </trkpt>
      <trkpt lat="46.00122" lon="6.92403">
        <ele>1448</ele>
        <extensions>
          <distance>28208</distance>
        </extensions>
      </trkpt>
      <trkpt lat="46.00109" lon="6.92407">
        <ele>1448</ele>
        <extensions>
          <distance>28223</distance>
        </extensions>
      </trkpt>
      <trkpt lat="46.00093" lon="6.92408">
        <ele>1447</ele>
        <extensions>
          <distance>28240</distance>
        </extensions>
      </trkpt>
      <trkpt lat="46.00079" lon="6.92413">
        <ele>1447</ele>
        <extensions>
          <distance>28257</distance>
        </extensions>
      </trkpt>
      <trkpt lat="46.00077" lon="6.92414">
        <ele>1447</ele>
        <extensions>
          <distance>28259</distance>
        </extensions>
      </trkpt>
      <trkpt lat="46.00076" lon="6.92416">
        <ele>1447</ele>
        <extensions>
          <distance>28261</distance>
        </extensions>
      </trkpt>
      <trkpt lat="46.00073" lon="6.92417">
        <ele>1446</ele>
        <extensions>
          <distance>28264</distance>
        </extensions>
      </trkpt>
      <trkpt lat="46.00064" lon="6.92414">
        <ele>1445</ele>
        <extensions>
          <distance>28274</distance>
        </extensions>
      </trkpt>
      <trkpt lat="46.0006" lon="6.92415">
        <ele>1445</ele>
        <extensions>
          <distance>28279</distance>
        </extensions>
      </trkpt>
      <trkpt lat="46.00058" lon="6.92417">
        <ele>1445</ele>
        <extensions>
          <distance>28282</distance>
        </extensions>
      </trkpt>
      <trkpt lat="46.0005" lon="6.92418">
        <ele>1444</ele>
        <extensions>
          <distance>28291</distance>
        </extensions>
      </trkpt>
      <trkpt lat="46.00042" lon="6.92422">
        <ele>1444</ele>
        <extensions>
          <distance>28300</distance>
        </extensions>
      </trkpt>
      <trkpt lat="46.00033" lon="6.92423">
        <ele>1444</ele>
        <extensions>
          <distance>28310</distance>
        </extensions>
      </trkpt>
      <trkpt lat="46.00027" lon="6.92425">
        <ele>1444</ele>
        <extensions>
          <distance>28317</distance>
        </extensions>
      </trkpt>
      <trkpt lat="46.00016" lon="6.92426">
        <ele>1443</ele>
        <extensions>
          <distance>28329</distance>
        </extensions>
      </trkpt>
      <trkpt lat="46.00003" lon="6.92421">
        <ele>1441</ele>
        <extensions>
          <distance>28344</distance>
        </extensions>
      </trkpt>
      <trkpt lat="45.99984" lon="6.92419">
        <ele>1441</ele>
        <extensions>
          <distance>28365</distance>
        </extensions>
      </trkpt>
      <trkpt lat="45.99974" lon="6.92415">
        <ele>1439</ele>
        <extensions>
          <distance>28377</distance>
        </extensions>
      </trkpt>
      <trkpt lat="45.99971" lon="6.92415">
        <ele>1439</ele>
        <extensions>
          <distance>28380</distance>
        </extensions>
      </trkpt>
      <trkpt lat="45.99965" lon="6.92413">
        <ele>1437</ele>
        <extensions>
          <distance>28387</distance>
        </extensions>
      </trkpt>
      <trkpt lat="45.99962" lon="6.92411">
        <ele>1437</ele>
        <extensions>
          <distance>28391</distance>
        </extensions>
      </trkpt>
      <trkpt lat="45.99956" lon="6.92411">
        <ele>1437</ele>
        <extensions>
          <distance>28398</distance>
        </extensions>
      </trkpt>
      <trkpt lat="45.99954" lon="6.92412">
        <ele>1437</ele>
        <extensions>
          <distance>28400</distance>
        </extensions>
      </trkpt>
      <trkpt lat="45.99938" lon="6.92414">
        <ele>1437</ele>
        <extensions>
          <distance>28418</distance>
        </extensions>
      </trkpt>
      <trkpt lat="45.9993" lon="6.9242">
        <ele>1437</ele>
        <extensions>
          <distance>28428</distance>
        </extensions>
      </trkpt>
      <trkpt lat="45.99925" lon="6.92421">
        <ele>1437</ele>
        <extensions>
          <distance>28433</distance>
        </extensions>
      </trkpt>
      <trkpt lat="45.99923" lon="6.92423">
        <ele>1437</ele>
        <extensions>
          <distance>28436</distance>
        </extensions>
      </trkpt>
      <trkpt lat="45.999" lon="6.92431">
        <ele>1435</ele>
        <extensions>
          <distance>28463</distance>
        </extensions>
      </trkpt>
      <trkpt lat="45.99898" lon="6.92433">
        <ele>1435</ele>
        <extensions>
          <distance>28465</distance>
        </extensions>
      </trkpt>
      <trkpt lat="45.99895" lon="6.92434">
        <ele>1435</ele>
        <extensions>
          <distance>28469</distance>
        </extensions>
      </trkpt>
      <trkpt lat="45.99891" lon="6.92435">
        <ele>1434</ele>
        <extensions>
          <distance>28473</distance>
        </extensions>
      </trkpt>
      <trkpt lat="45.99882" lon="6.92435">
        <ele>1433</ele>
        <extensions>
          <distance>28483</distance>
        </extensions>
      </trkpt>
      <trkpt lat="45.99864" lon="6.92439">
        <ele>1432</ele>
        <extensions>
          <distance>28504</distance>
        </extensions>
      </trkpt>
      <trkpt lat="45.99861" lon="6.92441">
        <ele>1432</ele>
        <extensions>
          <distance>28507</distance>
        </extensions>
      </trkpt>
      <trkpt lat="45.99852" lon="6.92444">
        <ele>1431</ele>
        <extensions>
          <distance>28518</distance>
        </extensions>
      </trkpt>
      <trkpt lat="45.99842" lon="6.92451">
        <ele>1430</ele>
        <extensions>
          <distance>28530</distance>
        </extensions>
      </trkpt>
      <trkpt lat="45.99838" lon="6.92462">
        <ele>1430</ele>
        <extensions>
          <distance>28540</distance>
        </extensions>
      </trkpt>
      <trkpt lat="45.99837" lon="6.92471">
        <ele>1430</ele>
        <extensions>
          <distance>28547</distance>
        </extensions>
      </trkpt>
      <trkpt lat="45.99835" lon="6.92478">
        <ele>1430</ele>
        <extensions>
          <distance>28552</distance>
        </extensions>
      </trkpt>
      <trkpt lat="45.9983" lon="6.92487">
        <ele>1430</ele>
        <extensions>
          <distance>28561</distance>
        </extensions>
      </trkpt>
      <trkpt lat="45.99829" lon="6.92496">
        <ele>1430</ele>
        <extensions>
          <distance>28568</distance>
        </extensions>
      </trkpt>
      <trkpt lat="45.99827" lon="6.92499">
        <ele>1430</ele>
        <extensions>
          <distance>28572</distance>
        </extensions>
      </trkpt>
      <trkpt lat="45.99827" lon="6.92503">
        <ele>1430</ele>
        <extensions>
          <distance>28575</distance>
        </extensions>
      </trkpt>
      <trkpt lat="45.99818" lon="6.9251">
        <ele>1429</ele>
        <extensions>
          <distance>28586</distance>
        </extensions>
      </trkpt>
      <trkpt lat="45.99813" lon="6.92522">
        <ele>1429</ele>
        <extensions>
          <distance>28597</distance>
        </extensions>
      </trkpt>
      <trkpt lat="45.99804" lon="6.92536">
        <ele>1428</ele>
        <extensions>
          <distance>28612</distance>
        </extensions>
      </trkpt>
      <trkpt lat="45.99801" lon="6.92543">
        <ele>1427</ele>
        <extensions>
          <distance>28618</distance>
        </extensions>
      </trkpt>
      <trkpt lat="45.99797" lon="6.92546">
        <ele>1426</ele>
        <extensions>
          <distance>28623</distance>
        </extensions>
      </trkpt>
      <trkpt lat="45.99793" lon="6.92552">
        <ele>1426</ele>
        <extensions>
          <distance>28630</distance>
        </extensions>
      </trkpt>
      <trkpt lat="45.99782" lon="6.92572">
        <ele>1425</ele>
        <extensions>
          <distance>28649</distance>
        </extensions>
      </trkpt>
      <trkpt lat="45.99778" lon="6.92575">
        <ele>1424</ele>
        <extensions>
          <distance>28654</distance>
        </extensions>
      </trkpt>
      <trkpt lat="45.99765" lon="6.92593">
        <ele>1422</ele>
        <extensions>
          <distance>28675</distance>
        </extensions>
      </trkpt>
      <trkpt lat="45.99762" lon="6.92594">
        <ele>1422</ele>
        <extensions>
          <distance>28678</distance>
        </extensions>
      </trkpt>
      <trkpt lat="45.99755" lon="6.92605">
        <ele>1421</ele>
        <extensions>
          <distance>28690</distance>
        </extensions>
      </trkpt>
      <trkpt lat="45.99744" lon="6.92615">
        <ele>1420</ele>
        <extensions>
          <distance>28704</distance>
        </extensions>
      </trkpt>
      <trkpt lat="45.99733" lon="6.92628">
        <ele>1419</ele>
        <extensions>
          <distance>28720</distance>
        </extensions>
      </trkpt>
      <trkpt lat="45.99723" lon="6.92635">
        <ele>1418</ele>
        <extensions>
          <distance>28732</distance>
        </extensions>
      </trkpt>
      <trkpt lat="45.99718" lon="6.92635">
        <ele>1418</ele>
        <extensions>
          <distance>28738</distance>
        </extensions>
      </trkpt>
      <trkpt lat="45.9971" lon="6.92632">
        <ele>1417</ele>
        <extensions>
          <distance>28747</distance>
        </extensions>
      </trkpt>
      <trkpt lat="45.99706" lon="6.92632">
        <ele>1417</ele>
        <extensions>
          <distance>28752</distance>
        </extensions>
      </trkpt>
      <trkpt lat="45.99701" lon="6.92633">
        <ele>1417</ele>
        <extensions>
          <distance>28757</distance>
        </extensions>
      </trkpt>
      <trkpt lat="45.99698" lon="6.92635">
        <ele>1416</ele>
        <extensions>
          <distance>28761</distance>
        </extensions>
      </trkpt>
      <trkpt lat="45.99689" lon="6.92638">
        <ele>1416</ele>
        <extensions>
          <distance>28771</distance>
        </extensions>
      </trkpt>
      <trkpt lat="45.99679" lon="6.9264">
        <ele>1415</ele>
        <extensions>
          <distance>28783</distance>
        </extensions>
      </trkpt>
      <trkpt lat="45.99668" lon="6.92644">
        <ele>1415</ele>
        <extensions>
          <distance>28795</distance>
        </extensions>
      </trkpt>
      <trkpt lat="45.99665" lon="6.92644">
        <ele>1415</ele>
        <extensions>
          <distance>28798</distance>
        </extensions>
      </trkpt>
      <trkpt lat="45.99659" lon="6.92642">
        <ele>1415</ele>
        <extensions>
          <distance>28805</distance>
        </extensions>
      </trkpt>
      <trkpt lat="45.99658" lon="6.9264">
        <ele>1416</ele>
        <extensions>
          <distance>28807</distance>
        </extensions>
      </trkpt>
      <trkpt lat="45.99656" lon="6.92639">
        <ele>1416</ele>
        <extensions>
          <distance>28810</distance>
        </extensions>
      </trkpt>
      <trkpt lat="45.99654" lon="6.92632">
        <ele>1417</ele>
        <extensions>
          <distance>28815</distance>
        </extensions>
      </trkpt>
      <trkpt lat="45.9965" lon="6.92628">
        <ele>1417</ele>
        <extensions>
          <distance>28821</distance>
        </extensions>
      </trkpt>
      <trkpt lat="45.99644" lon="6.92625">
        <ele>1418</ele>
        <extensions>
          <distance>28828</distance>
        </extensions>
      </trkpt>
      <trkpt lat="45.9964" lon="6.9262">
        <ele>1420</ele>
        <extensions>
          <distance>28834</distance>
        </extensions>
      </trkpt>
      <trkpt lat="45.99632" lon="6.92618">
        <ele>1422</ele>
        <extensions>
          <distance>28843</distance>
        </extensions>
      </trkpt>
      <trkpt lat="45.99623" lon="6.9262">
        <ele>1422</ele>
        <extensions>
          <distance>28853</distance>
        </extensions>
      </trkpt>
      <trkpt lat="45.99618" lon="6.92627">
        <ele>1422</ele>
        <extensions>
          <distance>28861</distance>
        </extensions>
      </trkpt>
      <trkpt lat="45.9961" lon="6.92631">
        <ele>1422</ele>
        <extensions>
          <distance>28870</distance>
        </extensions>
      </trkpt>
      <trkpt lat="45.99609" lon="6.92633">
        <ele>1421</ele>
        <extensions>
          <distance>28872</distance>
        </extensions>
      </trkpt>
      <trkpt lat="45.99602" lon="6.92639">
        <ele>1421</ele>
        <extensions>
          <distance>28881</distance>
        </extensions>
      </trkpt>
      <trkpt lat="45.99588" lon="6.92646">
        <ele>1421</ele>
        <extensions>
          <distance>28898</distance>
        </extensions>
      </trkpt>
      <trkpt lat="45.99578" lon="6.92646">
        <ele>1421</ele>
        <extensions>
          <distance>28909</distance>
        </extensions>
      </trkpt>
      <trkpt lat="45.99562" lon="6.92642">
        <ele>1421</ele>
        <extensions>
          <distance>28927</distance>
        </extensions>
      </trkpt>
      <trkpt lat="45.9956" lon="6.92639">
        <ele>1422</ele>
        <extensions>
          <distance>28930</distance>
        </extensions>
      </trkpt>
      <trkpt lat="45.99549" lon="6.92631">
        <ele>1424</ele>
        <extensions>
          <distance>28944</distance>
        </extensions>
      </trkpt>
      <trkpt lat="45.99544" lon="6.92632">
        <ele>1424</ele>
        <extensions>
          <distance>28949</distance>
        </extensions>
      </trkpt>
      <trkpt lat="45.99541" lon="6.92631">
        <ele>1424</ele>
        <extensions>
          <distance>28953</distance>
        </extensions>
      </trkpt>
      <trkpt lat="45.99539" lon="6.92629">
        <ele>1424</ele>
        <extensions>
          <distance>28956</distance>
        </extensions>
      </trkpt>
      <trkpt lat="45.99537" lon="6.92629">
        <ele>1424</ele>
        <extensions>
          <distance>28958</distance>
        </extensions>
      </trkpt>
      <trkpt lat="45.99535" lon="6.92631">
        <ele>1424</ele>
        <extensions>
          <distance>28961</distance>
        </extensions>
      </trkpt>
      <trkpt lat="45.99531" lon="6.92628">
        <ele>1424</ele>
        <extensions>
          <distance>28966</distance>
        </extensions>
      </trkpt>
      <trkpt lat="45.99527" lon="6.92628">
        <ele>1424</ele>
        <extensions>
          <distance>28970</distance>
        </extensions>
      </trkpt>
      <trkpt lat="45.99521" lon="6.92626">
        <ele>1425</ele>
        <extensions>
          <distance>28977</distance>
        </extensions>
      </trkpt>
      <trkpt lat="45.99517" lon="6.92621">
        <ele>1427</ele>
        <extensions>
          <distance>28983</distance>
        </extensions>
      </trkpt>
      <trkpt lat="45.99516" lon="6.92618">
        <ele>1429</ele>
        <extensions>
          <distance>28985</distance>
        </extensions>
      </trkpt>
      <trkpt lat="45.99502" lon="6.92608">
        <ele>1432</ele>
        <extensions>
          <distance>29003</distance>
        </extensions>
      </trkpt>
      <trkpt lat="45.995" lon="6.92605">
        <ele>1432</ele>
        <extensions>
          <distance>29007</distance>
        </extensions>
      </trkpt>
      <trkpt lat="45.99495" lon="6.92603">
        <ele>1433</ele>
        <extensions>
          <distance>29012</distance>
        </extensions>
      </trkpt>
      <trkpt lat="45.99492" lon="6.92603">
        <ele>1433</ele>
        <extensions>
          <distance>29016</distance>
        </extensions>
      </trkpt>
      <trkpt lat="45.99491" lon="6.92601">
        <ele>1434</ele>
        <extensions>
          <distance>29018</distance>
        </extensions>
      </trkpt>
      <trkpt lat="45.99488" lon="6.92599">
        <ele>1434</ele>
        <extensions>
          <distance>29021</distance>
        </extensions>
      </trkpt>
      <trkpt lat="45.99484" lon="6.92588">
        <ele>1438</ele>
        <extensions>
          <distance>29032</distance>
        </extensions>
      </trkpt>
      <trkpt lat="45.9948" lon="6.92586">
        <ele>1438</ele>
        <extensions>
          <distance>29036</distance>
        </extensions>
      </trkpt>
      <trkpt lat="45.99478" lon="6.9258">
        <ele>1440</ele>
        <extensions>
          <distance>29041</distance>
        </extensions>
      </trkpt>
      <trkpt lat="45.99476" lon="6.92579">
        <ele>1441</ele>
        <extensions>
          <distance>29044</distance>
        </extensions>
      </trkpt>
      <trkpt lat="45.99475" lon="6.92572">
        <ele>1444</ele>
        <extensions>
          <distance>29050</distance>
        </extensions>
      </trkpt>
      <trkpt lat="45.99471" lon="6.92562">
        <ele>1446</ele>
        <extensions>
          <distance>29059</distance>
        </extensions>
      </trkpt>
      <trkpt lat="45.99466" lon="6.92558">
        <ele>1446</ele>
        <extensions>
          <distance>29066</distance>
        </extensions>
      </trkpt>
      <trkpt lat="45.99462" lon="6.92551">
        <ele>1447</ele>
        <extensions>
          <distance>29073</distance>
        </extensions>
      </trkpt>
      <trkpt lat="45.99459" lon="6.92549">
        <ele>1447</ele>
        <extensions>
          <distance>29077</distance>
        </extensions>
      </trkpt>
      <trkpt lat="45.99456" lon="6.92542">
        <ele>1449</ele>
        <extensions>
          <distance>29083</distance>
        </extensions>
      </trkpt>
      <trkpt lat="45.99454" lon="6.92542">
        <ele>1449</ele>
        <extensions>
          <distance>29085</distance>
        </extensions>
      </trkpt>
      <trkpt lat="45.99455" lon="6.92537">
        <ele>1450</ele>
        <extensions>
          <distance>29090</distance>
        </extensions>
      </trkpt>
      <trkpt lat="45.99458" lon="6.92537">
        <ele>1451</ele>
        <extensions>
          <distance>29093</distance>
        </extensions>
      </trkpt>
      <trkpt lat="45.99457" lon="6.92533">
        <ele>1452</ele>
        <extensions>
          <distance>29096</distance>
        </extensions>
      </trkpt>
      <trkpt lat="45.99459" lon="6.92532">
        <ele>1452</ele>
        <extensions>
          <distance>29099</distance>
        </extensions>
      </trkpt>
      <trkpt lat="45.9946" lon="6.9253">
        <ele>1452</ele>
        <extensions>
          <distance>29100</distance>
        </extensions>
      </trkpt>
      <trkpt lat="45.99455" lon="6.92523">
        <ele>1453</ele>
        <extensions>
          <distance>29108</distance>
        </extensions>
      </trkpt>
      <trkpt lat="45.99455" lon="6.9252">
        <ele>1454</ele>
        <extensions>
          <distance>29111</distance>
        </extensions>
      </trkpt>
      <trkpt lat="45.99452" lon="6.92516">
        <ele>1454</ele>
        <extensions>
          <distance>29115</distance>
        </extensions>
      </trkpt>
      <trkpt lat="45.99449" lon="6.92499">
        <ele>1457</ele>
        <extensions>
          <distance>29129</distance>
        </extensions>
      </trkpt>
      <trkpt lat="45.99453" lon="6.92494">
        <ele>1458</ele>
        <extensions>
          <distance>29135</distance>
        </extensions>
      </trkpt>
      <trkpt lat="45.99458" lon="6.92492">
        <ele>1459</ele>
        <extensions>
          <distance>29141</distance>
        </extensions>
      </trkpt>
      <trkpt lat="45.99462" lon="6.92489">
        <ele>1461</ele>
        <extensions>
          <distance>29146</distance>
        </extensions>
      </trkpt>
      <trkpt lat="45.99464" lon="6.92483">
        <ele>1461</ele>
        <extensions>
          <distance>29152</distance>
        </extensions>
      </trkpt>
      <trkpt lat="45.99467" lon="6.92479">
        <ele>1463</ele>
        <extensions>
          <distance>29156</distance>
        </extensions>
      </trkpt>
      <trkpt lat="45.99468" lon="6.92475">
        <ele>1463</ele>
        <extensions>
          <distance>29159</distance>
        </extensions>
      </trkpt>
      <trkpt lat="45.99468" lon="6.92465">
        <ele>1464</ele>
        <extensions>
          <distance>29167</distance>
        </extensions>
      </trkpt>
      <trkpt lat="45.99465" lon="6.92457">
        <ele>1465</ele>
        <extensions>
          <distance>29174</distance>
        </extensions>
      </trkpt>
      <trkpt lat="45.99462" lon="6.92452">
        <ele>1465</ele>
        <extensions>
          <distance>29180</distance>
        </extensions>
      </trkpt>
      <trkpt lat="45.99455" lon="6.92446">
        <ele>1465</ele>
        <extensions>
          <distance>29189</distance>
        </extensions>
      </trkpt>
      <trkpt lat="45.99454" lon="6.92443">
        <ele>1466</ele>
        <extensions>
          <distance>29191</distance>
        </extensions>
      </trkpt>
      <trkpt lat="45.99446" lon="6.92432">
        <ele>1467</ele>
        <extensions>
          <distance>29204</distance>
        </extensions>
      </trkpt>
      <trkpt lat="45.99446" lon="6.9243">
        <ele>1469</ele>
        <extensions>
          <distance>29205</distance>
        </extensions>
      </trkpt>
      <trkpt lat="45.99437" lon="6.92422">
        <ele>1469</ele>
        <extensions>
          <distance>29217</distance>
        </extensions>
      </trkpt>
      <trkpt lat="45.99435" lon="6.92417">
        <ele>1469</ele>
        <extensions>
          <distance>29221</distance>
        </extensions>
      </trkpt>
      <trkpt lat="45.99433" lon="6.92418">
        <ele>1470</ele>
        <extensions>
          <distance>29224</distance>
        </extensions>
      </trkpt>
      <trkpt lat="45.99429" lon="6.92417">
        <ele>1470</ele>
        <extensions>
          <distance>29229</distance>
        </extensions>
      </trkpt>
      <trkpt lat="45.99426" lon="6.92414">
        <ele>1471</ele>
        <extensions>
          <distance>29233</distance>
        </extensions>
      </trkpt>
      <trkpt lat="45.99426" lon="6.92412">
        <ele>1471</ele>
        <extensions>
          <distance>29234</distance>
        </extensions>
      </trkpt>
      <trkpt lat="45.99431" lon="6.92404">
        <ele>1476</ele>
        <extensions>
          <distance>29243</distance>
        </extensions>
      </trkpt>
      <trkpt lat="45.99432" lon="6.92399">
        <ele>1476</ele>
        <extensions>
          <distance>29247</distance>
        </extensions>
      </trkpt>
      <trkpt lat="45.9943" lon="6.92399">
        <ele>1477</ele>
        <extensions>
          <distance>29250</distance>
        </extensions>
      </trkpt>
      <trkpt lat="45.99429" lon="6.92401">
        <ele>1477</ele>
        <extensions>
          <distance>29252</distance>
        </extensions>
      </trkpt>
      <trkpt lat="45.99424" lon="6.924">
        <ele>1478</ele>
        <extensions>
          <distance>29257</distance>
        </extensions>
      </trkpt>
      <trkpt lat="45.99423" lon="6.92398">
        <ele>1478</ele>
        <extensions>
          <distance>29259</distance>
        </extensions>
      </trkpt>
      <trkpt lat="45.99423" lon="6.92394">
        <ele>1479</ele>
        <extensions>
          <distance>29262</distance>
        </extensions>
      </trkpt>
      <trkpt lat="45.9942" lon="6.92388">
        <ele>1480</ele>
        <extensions>
          <distance>29268</distance>
        </extensions>
      </trkpt>
      <trkpt lat="45.99416" lon="6.92386">
        <ele>1481</ele>
        <extensions>
          <distance>29273</distance>
        </extensions>
      </trkpt>
      <trkpt lat="45.99415" lon="6.92383">
        <ele>1483</ele>
        <extensions>
          <distance>29276</distance>
        </extensions>
      </trkpt>
      <trkpt lat="45.99416" lon="6.9238">
        <ele>1483</ele>
        <extensions>
          <distance>29279</distance>
        </extensions>
      </trkpt>
      <trkpt lat="45.99415" lon="6.92373">
        <ele>1487</ele>
        <extensions>
          <distance>29285</distance>
        </extensions>
      </trkpt>
      <trkpt lat="45.99417" lon="6.92365">
        <ele>1489</ele>
        <extensions>
          <distance>29292</distance>
        </extensions>
      </trkpt>
      <trkpt lat="45.99414" lon="6.92361">
        <ele>1491</ele>
        <extensions>
          <distance>29297</distance>
        </extensions>
      </trkpt>
      <trkpt lat="45.99412" lon="6.92355">
        <ele>1492</ele>
        <extensions>
          <distance>29302</distance>
        </extensions>
      </trkpt>
      <trkpt lat="45.99408" lon="6.92352">
        <ele>1493</ele>
        <extensions>
          <distance>29307</distance>
        </extensions>
      </trkpt>
      <trkpt lat="45.99407" lon="6.9235">
        <ele>1493</ele>
        <extensions>
          <distance>29309</distance>
        </extensions>
      </trkpt>
      <trkpt lat="45.99403" lon="6.92348">
        <ele>1494</ele>
        <extensions>
          <distance>29314</distance>
        </extensions>
      </trkpt>
      <trkpt lat="45.99402" lon="6.92346">
        <ele>1494</ele>
        <extensions>
          <distance>29316</distance>
        </extensions>
      </trkpt>
      <trkpt lat="45.99395" lon="6.92344">
        <ele>1495</ele>
        <extensions>
          <distance>29324</distance>
        </extensions>
      </trkpt>
      <trkpt lat="45.99391" lon="6.92337">
        <ele>1495</ele>
        <extensions>
          <distance>29331</distance>
        </extensions>
      </trkpt>
      <trkpt lat="45.99386" lon="6.92335">
        <ele>1496</ele>
        <extensions>
          <distance>29337</distance>
        </extensions>
      </trkpt>
      <trkpt lat="45.99383" lon="6.92331">
        <ele>1497</ele>
        <extensions>
          <distance>29341</distance>
        </extensions>
      </trkpt>
      <trkpt lat="45.99383" lon="6.92325">
        <ele>1498</ele>
        <extensions>
          <distance>29346</distance>
        </extensions>
      </trkpt>
      <trkpt lat="45.9938" lon="6.92322">
        <ele>1499</ele>
        <extensions>
          <distance>29350</distance>
        </extensions>
      </trkpt>
      <trkpt lat="45.99374" lon="6.9232">
        <ele>1499</ele>
        <extensions>
          <distance>29357</distance>
        </extensions>
      </trkpt>
      <trkpt lat="45.99374" lon="6.92317">
        <ele>1500</ele>
        <extensions>
          <distance>29359</distance>
        </extensions>
      </trkpt>
      <trkpt lat="45.9937" lon="6.92314">
        <ele>1501</ele>
        <extensions>
          <distance>29364</distance>
        </extensions>
      </trkpt>
      <trkpt lat="45.99368" lon="6.9231">
        <ele>1502</ele>
        <extensions>
          <distance>29368</distance>
        </extensions>
      </trkpt>
      <trkpt lat="45.99365" lon="6.92309">
        <ele>1502</ele>
        <extensions>
          <distance>29372</distance>
        </extensions>
      </trkpt>
      <trkpt lat="45.99362" lon="6.923">
        <ele>1504</ele>
        <extensions>
          <distance>29380</distance>
        </extensions>
      </trkpt>
      <trkpt lat="45.99359" lon="6.92298">
        <ele>1504</ele>
        <extensions>
          <distance>29383</distance>
        </extensions>
      </trkpt>
      <trkpt lat="45.99351" lon="6.92295">
        <ele>1504</ele>
        <extensions>
          <distance>29393</distance>
        </extensions>
      </trkpt>
      <trkpt lat="45.99348" lon="6.92295">
        <ele>1504</ele>
        <extensions>
          <distance>29396</distance>
        </extensions>
      </trkpt>
      <trkpt lat="45.99339" lon="6.92291">
        <ele>1505</ele>
        <extensions>
          <distance>29406</distance>
        </extensions>
      </trkpt>
      <trkpt lat="45.99335" lon="6.92285">
        <ele>1506</ele>
        <extensions>
          <distance>29413</distance>
        </extensions>
      </trkpt>
      <trkpt lat="45.9933" lon="6.92281">
        <ele>1508</ele>
        <extensions>
          <distance>29419</distance>
        </extensions>
      </trkpt>
      <trkpt lat="45.99327" lon="6.92276">
        <ele>1511</ele>
        <extensions>
          <distance>29425</distance>
        </extensions>
      </trkpt>
      <trkpt lat="45.99317" lon="6.92271">
        <ele>1512</ele>
        <extensions>
          <distance>29437</distance>
        </extensions>
      </trkpt>
      <trkpt lat="45.99315" lon="6.92266">
        <ele>1514</ele>
        <extensions>
          <distance>29442</distance>
        </extensions>
      </trkpt>
      <trkpt lat="45.99309" lon="6.92262">
        <ele>1515</ele>
        <extensions>
          <distance>29449</distance>
        </extensions>
      </trkpt>
      <trkpt lat="45.99306" lon="6.92261">
        <ele>1515</ele>
        <extensions>
          <distance>29453</distance>
        </extensions>
      </trkpt>
      <trkpt lat="45.99303" lon="6.92263">
        <ele>1515</ele>
        <extensions>
          <distance>29456</distance>
        </extensions>
      </trkpt>
      <trkpt lat="45.993" lon="6.92263">
        <ele>1515</ele>
        <extensions>
          <distance>29460</distance>
        </extensions>
      </trkpt>
      <trkpt lat="45.99295" lon="6.92261">
        <ele>1515</ele>
        <extensions>
          <distance>29465</distance>
        </extensions>
      </trkpt>
      <trkpt lat="45.99292" lon="6.92261">
        <ele>1515</ele>
        <extensions>
          <distance>29469</distance>
        </extensions>
      </trkpt>
      <trkpt lat="45.99286" lon="6.92258">
        <ele>1517</ele>
        <extensions>
          <distance>29476</distance>
        </extensions>
      </trkpt>
      <trkpt lat="45.99285" lon="6.92256">
        <ele>1517</ele>
        <extensions>
          <distance>29478</distance>
        </extensions>
      </trkpt>
      <trkpt lat="45.9928" lon="6.92253">
        <ele>1518</ele>
        <extensions>
          <distance>29484</distance>
        </extensions>
      </trkpt>
      <trkpt lat="45.99274" lon="6.92253">
        <ele>1518</ele>
        <extensions>
          <distance>29491</distance>
        </extensions>
      </trkpt>
      <trkpt lat="45.99269" lon="6.92251">
        <ele>1518</ele>
        <extensions>
          <distance>29496</distance>
        </extensions>
      </trkpt>
      <trkpt lat="45.99267" lon="6.92246">
        <ele>1519</ele>
        <extensions>
          <distance>29501</distance>
        </extensions>
      </trkpt>
      <trkpt lat="45.99264" lon="6.92244">
        <ele>1521</ele>
        <extensions>
          <distance>29505</distance>
        </extensions>
      </trkpt>
      <trkpt lat="45.99258" lon="6.92241">
        <ele>1522</ele>
        <extensions>
          <distance>29512</distance>
        </extensions>
      </trkpt>
      <trkpt lat="45.99254" lon="6.92241">
        <ele>1522</ele>
        <extensions>
          <distance>29516</distance>
        </extensions>
      </trkpt>
      <trkpt lat="45.99252" lon="6.92237">
        <ele>1523</ele>
        <extensions>
          <distance>29520</distance>
        </extensions>
      </trkpt>
      <trkpt lat="45.99249" lon="6.92236">
        <ele>1524</ele>
        <extensions>
          <distance>29524</distance>
        </extensions>
      </trkpt>
      <trkpt lat="45.99243" lon="6.92228">
        <ele>1526</ele>
        <extensions>
          <distance>29533</distance>
        </extensions>
      </trkpt>
      <trkpt lat="45.99241" lon="6.92227">
        <ele>1526</ele>
        <extensions>
          <distance>29535</distance>
        </extensions>
      </trkpt>
      <trkpt lat="45.99236" lon="6.92221">
        <ele>1527</ele>
        <extensions>
          <distance>29543</distance>
        </extensions>
      </trkpt>
      <trkpt lat="45.99236" lon="6.92213">
        <ele>1531</ele>
        <extensions>
          <distance>29550</distance>
        </extensions>
      </trkpt>
      <trkpt lat="45.99233" lon="6.92203">
        <ele>1535</ele>
        <extensions>
          <distance>29559</distance>
        </extensions>
      </trkpt>
      <trkpt lat="45.99225" lon="6.922">
        <ele>1536</ele>
        <extensions>
          <distance>29569</distance>
        </extensions>
      </trkpt>
      <trkpt lat="45.99225" lon="6.92197">
        <ele>1537</ele>
        <extensions>
          <distance>29571</distance>
        </extensions>
      </trkpt>
      <trkpt lat="45.99227" lon="6.92194">
        <ele>1538</ele>
        <extensions>
          <distance>29574</distance>
        </extensions>
      </trkpt>
      <trkpt lat="45.99218" lon="6.92188">
        <ele>1538</ele>
        <extensions>
          <distance>29585</distance>
        </extensions>
      </trkpt>
      <trkpt lat="45.9921" lon="6.92187">
        <ele>1539</ele>
        <extensions>
          <distance>29594</distance>
        </extensions>
      </trkpt>
      <trkpt lat="45.99207" lon="6.92185">
        <ele>1539</ele>
        <extensions>
          <distance>29598</distance>
        </extensions>
      </trkpt>
      <trkpt lat="45.99206" lon="6.92182">
        <ele>1539</ele>
        <extensions>
          <distance>29601</distance>
        </extensions>
      </trkpt>
      <trkpt lat="45.99207" lon="6.92179">
        <ele>1541</ele>
        <extensions>
          <distance>29603</distance>
        </extensions>
      </trkpt>
      <trkpt lat="45.99212" lon="6.92176">
        <ele>1543</ele>
        <extensions>
          <distance>29609</distance>
        </extensions>
      </trkpt>
      <trkpt lat="45.99218" lon="6.92169">
        <ele>1545</ele>
        <extensions>
          <distance>29619</distance>
        </extensions>
      </trkpt>
      <trkpt lat="45.9922" lon="6.92169">
        <ele>1545</ele>
        <extensions>
          <distance>29621</distance>
        </extensions>
      </trkpt>
      <trkpt lat="45.99222" lon="6.92167">
        <ele>1547</ele>
        <extensions>
          <distance>29623</distance>
        </extensions>
      </trkpt>
      <trkpt lat="45.99221" lon="6.92166">
        <ele>1547</ele>
        <extensions>
          <distance>29625</distance>
        </extensions>
      </trkpt>
      <trkpt lat="45.99218" lon="6.92167">
        <ele>1547</ele>
        <extensions>
          <distance>29628</distance>
        </extensions>
      </trkpt>
      <trkpt lat="45.99212" lon="6.92164">
        <ele>1548</ele>
        <extensions>
          <distance>29636</distance>
        </extensions>
      </trkpt>
      <trkpt lat="45.99209" lon="6.92164">
        <ele>1548</ele>
        <extensions>
          <distance>29639</distance>
        </extensions>
      </trkpt>
      <trkpt lat="45.99207" lon="6.92161">
        <ele>1548</ele>
        <extensions>
          <distance>29642</distance>
        </extensions>
      </trkpt>
      <trkpt lat="45.99207" lon="6.92159">
        <ele>1549</ele>
        <extensions>
          <distance>29644</distance>
        </extensions>
      </trkpt>
      <trkpt lat="45.99205" lon="6.92157">
        <ele>1549</ele>
        <extensions>
          <distance>29646</distance>
        </extensions>
      </trkpt>
      <trkpt lat="45.99202" lon="6.92149">
        <ele>1552</ele>
        <extensions>
          <distance>29654</distance>
        </extensions>
      </trkpt>
      <trkpt lat="45.99197" lon="6.92141">
        <ele>1555</ele>
        <extensions>
          <distance>29663</distance>
        </extensions>
      </trkpt>
      <trkpt lat="45.99194" lon="6.92138">
        <ele>1555</ele>
        <extensions>
          <distance>29667</distance>
        </extensions>
      </trkpt>
      <trkpt lat="45.99188" lon="6.92138">
        <ele>1556</ele>
        <extensions>
          <distance>29673</distance>
        </extensions>
      </trkpt>
      <trkpt lat="45.99185" lon="6.9214">
        <ele>1556</ele>
        <extensions>
          <distance>29677</distance>
        </extensions>
      </trkpt>
      <trkpt lat="45.99181" lon="6.92138">
        <ele>1557</ele>
        <extensions>
          <distance>29682</distance>
        </extensions>
      </trkpt>
      <trkpt lat="45.99177" lon="6.92138">
        <ele>1557</ele>
        <extensions>
          <distance>29686</distance>
        </extensions>
      </trkpt>
      <trkpt lat="45.99175" lon="6.92139">
        <ele>1558</ele>
        <extensions>
          <distance>29689</distance>
        </extensions>
      </trkpt>
      <trkpt lat="45.99171" lon="6.92145">
        <ele>1558</ele>
        <extensions>
          <distance>29695</distance>
        </extensions>
      </trkpt>
      <trkpt lat="45.99166" lon="6.92147">
        <ele>1559</ele>
        <extensions>
          <distance>29701</distance>
        </extensions>
      </trkpt>
      <trkpt lat="45.99164" lon="6.92143">
        <ele>1559</ele>
        <extensions>
          <distance>29705</distance>
        </extensions>
      </trkpt>
      <trkpt lat="45.99159" lon="6.92147">
        <ele>1560</ele>
        <extensions>
          <distance>29711</distance>
        </extensions>
      </trkpt>
      <trkpt lat="45.99155" lon="6.92144">
        <ele>1561</ele>
        <extensions>
          <distance>29716</distance>
        </extensions>
      </trkpt>
      <trkpt lat="45.99151" lon="6.92143">
        <ele>1561</ele>
        <extensions>
          <distance>29721</distance>
        </extensions>
      </trkpt>
      <trkpt lat="45.99149" lon="6.92141">
        <ele>1563</ele>
        <extensions>
          <distance>29724</distance>
        </extensions>
      </trkpt>
      <trkpt lat="45.99149" lon="6.92138">
        <ele>1565</ele>
        <extensions>
          <distance>29727</distance>
        </extensions>
      </trkpt>
      <trkpt lat="45.99148" lon="6.92137">
        <ele>1565</ele>
        <extensions>
          <distance>29728</distance>
        </extensions>
      </trkpt>
      <trkpt lat="45.99142" lon="6.92135">
        <ele>1566</ele>
        <extensions>
          <distance>29735</distance>
        </extensions>
      </trkpt>
      <trkpt lat="45.99139" lon="6.92128">
        <ele>1570</ele>
        <extensions>
          <distance>29742</distance>
        </extensions>
      </trkpt>
      <trkpt lat="45.99137" lon="6.92126">
        <ele>1570</ele>
        <extensions>
          <distance>29745</distance>
        </extensions>
      </trkpt>
      <trkpt lat="45.9913" lon="6.92125">
        <ele>1573</ele>
        <extensions>
          <distance>29753</distance>
        </extensions>
      </trkpt>
      <trkpt lat="45.99127" lon="6.92123">
        <ele>1573</ele>
        <extensions>
          <distance>29757</distance>
        </extensions>
      </trkpt>
      <trkpt lat="45.99122" lon="6.92124">
        <ele>1573</ele>
        <extensions>
          <distance>29762</distance>
        </extensions>
      </trkpt>
      <trkpt lat="45.99117" lon="6.9212">
        <ele>1575</ele>
        <extensions>
          <distance>29769</distance>
        </extensions>
      </trkpt>
      <trkpt lat="45.99113" lon="6.92119">
        <ele>1575</ele>
        <extensions>
          <distance>29773</distance>
        </extensions>
      </trkpt>
      <trkpt lat="45.9911" lon="6.92113">
        <ele>1577</ele>
        <extensions>
          <distance>29779</distance>
        </extensions>
      </trkpt>
      <trkpt lat="45.9911" lon="6.9211">
        <ele>1579</ele>
        <extensions>
          <distance>29782</distance>
        </extensions>
      </trkpt>
      <trkpt lat="45.99112" lon="6.92104">
        <ele>1583</ele>
        <extensions>
          <distance>29789</distance>
        </extensions>
      </trkpt>
      <trkpt lat="45.99108" lon="6.92089">
        <ele>1589</ele>
        <extensions>
          <distance>29803</distance>
        </extensions>
      </trkpt>
      <trkpt lat="45.99106" lon="6.92086">
        <ele>1590</ele>
        <extensions>
          <distance>29806</distance>
        </extensions>
      </trkpt>
      <trkpt lat="45.99104" lon="6.92085">
        <ele>1590</ele>
        <extensions>
          <distance>29808</distance>
        </extensions>
      </trkpt>
      <trkpt lat="45.99103" lon="6.92082">
        <ele>1592</ele>
        <extensions>
          <distance>29811</distance>
        </extensions>
      </trkpt>
      <trkpt lat="45.99096" lon="6.92081">
        <ele>1592</ele>
        <extensions>
          <distance>29819</distance>
        </extensions>
      </trkpt>
      <trkpt lat="45.99093" lon="6.92079">
        <ele>1592</ele>
        <extensions>
          <distance>29823</distance>
        </extensions>
      </trkpt>
      <trkpt lat="45.99091" lon="6.92077">
        <ele>1595</ele>
        <extensions>
          <distance>29826</distance>
        </extensions>
      </trkpt>
      <trkpt lat="45.9909" lon="6.92072">
        <ele>1596</ele>
        <extensions>
          <distance>29830</distance>
        </extensions>
      </trkpt>
      <trkpt lat="45.99073" lon="6.92074">
        <ele>1599</ele>
        <extensions>
          <distance>29849</distance>
        </extensions>
      </trkpt>
      <trkpt lat="45.99069" lon="6.9208">
        <ele>1600</ele>
        <extensions>
          <distance>29856</distance>
        </extensions>
      </trkpt>
      <trkpt lat="45.9906" lon="6.92085">
        <ele>1601</ele>
        <extensions>
          <distance>29866</distance>
        </extensions>
      </trkpt>
      <trkpt lat="45.99057" lon="6.92083">
        <ele>1601</ele>
        <extensions>
          <distance>29870</distance>
        </extensions>
      </trkpt>
      <trkpt lat="45.99058" lon="6.92079">
        <ele>1602</ele>
        <extensions>
          <distance>29874</distance>
        </extensions>
      </trkpt>
      <trkpt lat="45.99053" lon="6.92079">
        <ele>1603</ele>
        <extensions>
          <distance>29879</distance>
        </extensions>
      </trkpt>
      <trkpt lat="45.99051" lon="6.9208">
        <ele>1604</ele>
        <extensions>
          <distance>29881</distance>
        </extensions>
      </trkpt>
      <trkpt lat="45.99049" lon="6.92079">
        <ele>1604</ele>
        <extensions>
          <distance>29884</distance>
        </extensions>
      </trkpt>
      <trkpt lat="45.99048" lon="6.92077">
        <ele>1607</ele>
        <extensions>
          <distance>29887</distance>
        </extensions>
      </trkpt>
      <trkpt lat="45.9905" lon="6.92074">
        <ele>1608</ele>
        <extensions>
          <distance>29890</distance>
        </extensions>
      </trkpt>
      <trkpt lat="45.99049" lon="6.92073">
        <ele>1608</ele>
        <extensions>
          <distance>29891</distance>
        </extensions>
      </trkpt>
      <trkpt lat="45.99036" lon="6.92072">
        <ele>1611</ele>
        <extensions>
          <distance>29906</distance>
        </extensions>
      </trkpt>
      <trkpt lat="45.99027" lon="6.92066">
        <ele>1615</ele>
        <extensions>
          <distance>29918</distance>
        </extensions>
      </trkpt>
      <trkpt lat="45.99021" lon="6.92066">
        <ele>1615</ele>
        <extensions>
          <distance>29925</distance>
        </extensions>
      </trkpt>
      <trkpt lat="45.99019" lon="6.92067">
        <ele>1615</ele>
        <extensions>
          <distance>29927</distance>
        </extensions>
      </trkpt>
      <trkpt lat="45.99018" lon="6.92066">
        <ele>1615</ele>
        <extensions>
          <distance>29928</distance>
        </extensions>
      </trkpt>
      <trkpt lat="45.99014" lon="6.92066">
        <ele>1615</ele>
        <extensions>
          <distance>29933</distance>
        </extensions>
      </trkpt>
      <trkpt lat="45.99006" lon="6.92064">
        <ele>1617</ele>
        <extensions>
          <distance>29942</distance>
        </extensions>
      </trkpt>
      <trkpt lat="45.99003" lon="6.92065">
        <ele>1617</ele>
        <extensions>
          <distance>29945</distance>
        </extensions>
      </trkpt>
      <trkpt lat="45.99001" lon="6.9206">
        <ele>1619</ele>
        <extensions>
          <distance>29950</distance>
        </extensions>
      </trkpt>
      <trkpt lat="45.98998" lon="6.92061">
        <ele>1619</ele>
        <extensions>
          <distance>29953</distance>
        </extensions>
      </trkpt>
      <trkpt lat="45.98996" lon="6.9206">
        <ele>1619</ele>
        <extensions>
          <distance>29956</distance>
        </extensions>
      </trkpt>
      <trkpt lat="45.98994" lon="6.92055">
        <ele>1621</ele>
        <extensions>
          <distance>29960</distance>
        </extensions>
      </trkpt>
      <trkpt lat="45.9899" lon="6.92054">
        <ele>1621</ele>
        <extensions>
          <distance>29965</distance>
        </extensions>
      </trkpt>
      <trkpt lat="45.98987" lon="6.92051">
        <ele>1623</ele>
        <extensions>
          <distance>29969</distance>
        </extensions>
      </trkpt>
      <trkpt lat="45.98985" lon="6.92051">
        <ele>1623</ele>
        <extensions>
          <distance>29971</distance>
        </extensions>
      </trkpt>
      <trkpt lat="45.9898" lon="6.92045">
        <ele>1625</ele>
        <extensions>
          <distance>29979</distance>
        </extensions>
      </trkpt>
      <trkpt lat="45.98974" lon="6.92045">
        <ele>1625</ele>
        <extensions>
          <distance>29985</distance>
        </extensions>
      </trkpt>
      <trkpt lat="45.98969" lon="6.92042">
        <ele>1627</ele>
        <extensions>
          <distance>29992</distance>
        </extensions>
      </trkpt>
      <trkpt lat="45.98965" lon="6.92037">
        <ele>1629</ele>
        <extensions>
          <distance>29998</distance>
        </extensions>
      </trkpt>
      <trkpt lat="45.98961" lon="6.92037">
        <ele>1629</ele>
        <extensions>
          <distance>30002</distance>
        </extensions>
      </trkpt>
      <trkpt lat="45.98958" lon="6.92034">
        <ele>1631</ele>
        <extensions>
          <distance>30007</distance>
        </extensions>
      </trkpt>
      <trkpt lat="45.98957" lon="6.9203">
        <ele>1632</ele>
        <extensions>
          <distance>30010</distance>
        </extensions>
      </trkpt>
      <trkpt lat="45.98953" lon="6.92024">
        <ele>1634</ele>
        <extensions>
          <distance>30017</distance>
        </extensions>
      </trkpt>
      <trkpt lat="45.98949" lon="6.92025">
        <ele>1634</ele>
        <extensions>
          <distance>30021</distance>
        </extensions>
      </trkpt>
      <trkpt lat="45.98945" lon="6.92022">
        <ele>1636</ele>
        <extensions>
          <distance>30026</distance>
        </extensions>
      </trkpt>
      <trkpt lat="45.98945" lon="6.92017">
        <ele>1638</ele>
        <extensions>
          <distance>30031</distance>
        </extensions>
      </trkpt>
      <trkpt lat="45.98943" lon="6.92016">
        <ele>1638</ele>
        <extensions>
          <distance>30033</distance>
        </extensions>
      </trkpt>
      <trkpt lat="45.98942" lon="6.92012">
        <ele>1640</ele>
        <extensions>
          <distance>30036</distance>
        </extensions>
      </trkpt>
      <trkpt lat="45.98947" lon="6.9201">
        <ele>1640</ele>
        <extensions>
          <distance>30042</distance>
        </extensions>
      </trkpt>
      <trkpt lat="45.98947" lon="6.92007">
        <ele>1642</ele>
        <extensions>
          <distance>30045</distance>
        </extensions>
      </trkpt>
      <trkpt lat="45.98945" lon="6.92005">
        <ele>1643</ele>
        <extensions>
          <distance>30048</distance>
        </extensions>
      </trkpt>
      <trkpt lat="45.9894" lon="6.92004">
        <ele>1643</ele>
        <extensions>
          <distance>30053</distance>
        </extensions>
      </trkpt>
      <trkpt lat="45.98938" lon="6.92002">
        <ele>1643</ele>
        <extensions>
          <distance>30056</distance>
        </extensions>
      </trkpt>
      <trkpt lat="45.9894" lon="6.91997">
        <ele>1647</ele>
        <extensions>
          <distance>30061</distance>
        </extensions>
      </trkpt>
      <trkpt lat="45.98933" lon="6.91991">
        <ele>1647</ele>
        <extensions>
          <distance>30070</distance>
        </extensions>
      </trkpt>
      <trkpt lat="45.98932" lon="6.91993">
        <ele>1649</ele>
        <extensions>
          <distance>30072</distance>
        </extensions>
      </trkpt>
      <trkpt lat="45.9893" lon="6.91992">
        <ele>1649</ele>
        <extensions>
          <distance>30075</distance>
        </extensions>
      </trkpt>
      <trkpt lat="45.9893" lon="6.91987">
        <ele>1649</ele>
        <extensions>
          <distance>30079</distance>
        </extensions>
      </trkpt>
      <trkpt lat="45.98926" lon="6.9199">
        <ele>1650</ele>
        <extensions>
          <distance>30084</distance>
        </extensions>
      </trkpt>
      <trkpt lat="45.98924" lon="6.91986">
        <ele>1651</ele>
        <extensions>
          <distance>30088</distance>
        </extensions>
      </trkpt>
      <trkpt lat="45.98917" lon="6.91986">
        <ele>1651</ele>
        <extensions>
          <distance>30095</distance>
        </extensions>
      </trkpt>
      <trkpt lat="45.9891" lon="6.91982">
        <ele>1653</ele>
        <extensions>
          <distance>30104</distance>
        </extensions>
      </trkpt>
      <trkpt lat="45.98906" lon="6.91981">
        <ele>1653</ele>
        <extensions>
          <distance>30108</distance>
        </extensions>
      </trkpt>
      <trkpt lat="45.98904" lon="6.91979">
        <ele>1654</ele>
        <extensions>
          <distance>30111</distance>
        </extensions>
      </trkpt>
      <trkpt lat="45.98902" lon="6.91974">
        <ele>1656</ele>
        <extensions>
          <distance>30116</distance>
        </extensions>
      </trkpt>
      <trkpt lat="45.98904" lon="6.91972">
        <ele>1656</ele>
        <extensions>
          <distance>30119</distance>
        </extensions>
      </trkpt>
      <trkpt lat="45.98903" lon="6.9197">
        <ele>1657</ele>
        <extensions>
          <distance>30121</distance>
        </extensions>
      </trkpt>
      <trkpt lat="45.98895" lon="6.91967">
        <ele>1659</ele>
        <extensions>
          <distance>30130</distance>
        </extensions>
      </trkpt>
      <trkpt lat="45.98891" lon="6.91967">
        <ele>1659</ele>
        <extensions>
          <distance>30135</distance>
        </extensions>
      </trkpt>
      <trkpt lat="45.98889" lon="6.91966">
        <ele>1659</ele>
        <extensions>
          <distance>30137</distance>
        </extensions>
      </trkpt>
      <trkpt lat="45.98889" lon="6.91963">
        <ele>1659</ele>
        <extensions>
          <distance>30139</distance>
        </extensions>
      </trkpt>
      <trkpt lat="45.98885" lon="6.91953">
        <ele>1663</ele>
        <extensions>
          <distance>30149</distance>
        </extensions>
      </trkpt>
      <trkpt lat="45.98875" lon="6.91941">
        <ele>1666</ele>
        <extensions>
          <distance>30163</distance>
        </extensions>
      </trkpt>
      <trkpt lat="45.98872" lon="6.91934">
        <ele>1667</ele>
        <extensions>
          <distance>30170</distance>
        </extensions>
      </trkpt>
      <trkpt lat="45.98866" lon="6.91929">
        <ele>1668</ele>
        <extensions>
          <distance>30178</distance>
        </extensions>
      </trkpt>
      <trkpt lat="45.98863" lon="6.91924">
        <ele>1670</ele>
        <extensions>
          <distance>30183</distance>
        </extensions>
      </trkpt>
      <trkpt lat="45.98858" lon="6.9192">
        <ele>1671</ele>
        <extensions>
          <distance>30189</distance>
        </extensions>
      </trkpt>
      <trkpt lat="45.9885" lon="6.91911">
        <ele>1672</ele>
        <extensions>
          <distance>30201</distance>
        </extensions>
      </trkpt>
      <trkpt lat="45.98845" lon="6.91909">
        <ele>1673</ele>
        <extensions>
          <distance>30207</distance>
        </extensions>
      </trkpt>
      <trkpt lat="45.9884" lon="6.91905">
        <ele>1673</ele>
        <extensions>
          <distance>30213</distance>
        </extensions>
      </trkpt>
      <trkpt lat="45.98832" lon="6.91885">
        <ele>1679</ele>
        <extensions>
          <distance>30232</distance>
        </extensions>
      </trkpt>
      <trkpt lat="45.9883" lon="6.91883">
        <ele>1679</ele>
        <extensions>
          <distance>30234</distance>
        </extensions>
      </trkpt>
      <trkpt lat="45.9883" lon="6.9188">
        <ele>1681</ele>
        <extensions>
          <distance>30237</distance>
        </extensions>
      </trkpt>
      <trkpt lat="45.98827" lon="6.91875">
        <ele>1682</ele>
        <extensions>
          <distance>30242</distance>
        </extensions>
      </trkpt>
      <trkpt lat="45.98825" lon="6.91865">
        <ele>1684</ele>
        <extensions>
          <distance>30250</distance>
        </extensions>
      </trkpt>
      <trkpt lat="45.98824" lon="6.91864">
        <ele>1684</ele>
        <extensions>
          <distance>30252</distance>
        </extensions>
      </trkpt>
      <trkpt lat="45.98821" lon="6.91864">
        <ele>1684</ele>
        <extensions>
          <distance>30255</distance>
        </extensions>
      </trkpt>
      <trkpt lat="45.98819" lon="6.91866">
        <ele>1686</ele>
        <extensions>
          <distance>30258</distance>
        </extensions>
      </trkpt>
      <trkpt lat="45.9881" lon="6.91866">
        <ele>1686</ele>
        <extensions>
          <distance>30268</distance>
        </extensions>
      </trkpt>
      <trkpt lat="45.98805" lon="6.91863">
        <ele>1686</ele>
        <extensions>
          <distance>30274</distance>
        </extensions>
      </trkpt>
      <trkpt lat="45.98803" lon="6.91863">
        <ele>1686</ele>
        <extensions>
          <distance>30276</distance>
        </extensions>
      </trkpt>
      <trkpt lat="45.98803" lon="6.9186">
        <ele>1686</ele>
        <extensions>
          <distance>30279</distance>
        </extensions>
      </trkpt>
      <trkpt lat="45.98804" lon="6.91858">
        <ele>1687</ele>
        <extensions>
          <distance>30281</distance>
        </extensions>
      </trkpt>
      <trkpt lat="45.98806" lon="6.91857">
        <ele>1687</ele>
        <extensions>
          <distance>30283</distance>
        </extensions>
      </trkpt>
      <trkpt lat="45.98806" lon="6.91854">
        <ele>1689</ele>
        <extensions>
          <distance>30286</distance>
        </extensions>
      </trkpt>
      <trkpt lat="45.98802" lon="6.91845">
        <ele>1692</ele>
        <extensions>
          <distance>30294</distance>
        </extensions>
      </trkpt>
      <trkpt lat="45.98798" lon="6.91843">
        <ele>1692</ele>
        <extensions>
          <distance>30299</distance>
        </extensions>
      </trkpt>
      <trkpt lat="45.98792" lon="6.91843">
        <ele>1692</ele>
        <extensions>
          <distance>30306</distance>
        </extensions>
      </trkpt>
      <trkpt lat="45.98788" lon="6.9184">
        <ele>1694</ele>
        <extensions>
          <distance>30311</distance>
        </extensions>
      </trkpt>
      <trkpt lat="45.98785" lon="6.91833">
        <ele>1696</ele>
        <extensions>
          <distance>30317</distance>
        </extensions>
      </trkpt>
      <trkpt lat="45.98782" lon="6.91832">
        <ele>1696</ele>
        <extensions>
          <distance>30321</distance>
        </extensions>
      </trkpt>
      <trkpt lat="45.98773" lon="6.91824">
        <ele>1699</ele>
        <extensions>
          <distance>30333</distance>
        </extensions>
      </trkpt>
      <trkpt lat="45.98769" lon="6.91824">
        <ele>1699</ele>
        <extensions>
          <distance>30337</distance>
        </extensions>
      </trkpt>
      <trkpt lat="45.98767" lon="6.91822">
        <ele>1699</ele>
        <extensions>
          <distance>30340</distance>
        </extensions>
      </trkpt>
      <trkpt lat="45.98766" lon="6.9182">
        <ele>1700</ele>
        <extensions>
          <distance>30342</distance>
        </extensions>
      </trkpt>
      <trkpt lat="45.98771" lon="6.91813">
        <ele>1701</ele>
        <extensions>
          <distance>30350</distance>
        </extensions>
      </trkpt>
      <trkpt lat="45.98772" lon="6.91805">
        <ele>1703</ele>
        <extensions>
          <distance>30356</distance>
        </extensions>
      </trkpt>
      <trkpt lat="45.98771" lon="6.91803">
        <ele>1704</ele>
        <extensions>
          <distance>30358</distance>
        </extensions>
      </trkpt>
      <trkpt lat="45.98766" lon="6.91799">
        <ele>1704</ele>
        <extensions>
          <distance>30365</distance>
        </extensions>
      </trkpt>
      <trkpt lat="45.98765" lon="6.91794">
        <ele>1705</ele>
        <extensions>
          <distance>30369</distance>
        </extensions>
      </trkpt>
      <trkpt lat="45.98763" lon="6.91792">
        <ele>1705</ele>
        <extensions>
          <distance>30371</distance>
        </extensions>
      </trkpt>
      <trkpt lat="45.98763" lon="6.91787">
        <ele>1706</ele>
        <extensions>
          <distance>30375</distance>
        </extensions>
      </trkpt>
      <trkpt lat="45.9876" lon="6.91783">
        <ele>1706</ele>
        <extensions>
          <distance>30380</distance>
        </extensions>
      </trkpt>
      <trkpt lat="45.98758" lon="6.91785">
        <ele>1707</ele>
        <extensions>
          <distance>30383</distance>
        </extensions>
      </trkpt>
      <trkpt lat="45.98754" lon="6.91785">
        <ele>1707</ele>
        <extensions>
          <distance>30387</distance>
        </extensions>
      </trkpt>
      <trkpt lat="45.98749" lon="6.91782">
        <ele>1707</ele>
        <extensions>
          <distance>30393</distance>
        </extensions>
      </trkpt>
      <trkpt lat="45.98745" lon="6.91774">
        <ele>1707</ele>
        <extensions>
          <distance>30401</distance>
        </extensions>
      </trkpt>
      <trkpt lat="45.9874" lon="6.91768">
        <ele>1707</ele>
        <extensions>
          <distance>30408</distance>
        </extensions>
      </trkpt>
      <trkpt lat="45.98737" lon="6.91758">
        <ele>1707</ele>
        <extensions>
          <distance>30417</distance>
        </extensions>
      </trkpt>
      <trkpt lat="45.98733" lon="6.91757">
        <ele>1707</ele>
        <extensions>
          <distance>30421</distance>
        </extensions>
      </trkpt>
      <trkpt lat="45.98731" lon="6.91758">
        <ele>1707</ele>
        <extensions>
          <distance>30423</distance>
        </extensions>
      </trkpt>
      <trkpt lat="45.98727" lon="6.91753">
        <ele>1706</ele>
        <extensions>
          <distance>30429</distance>
        </extensions>
      </trkpt>
      <trkpt lat="45.98723" lon="6.91752">
        <ele>1706</ele>
        <extensions>
          <distance>30434</distance>
        </extensions>
      </trkpt>
      <trkpt lat="45.98722" lon="6.91749">
        <ele>1706</ele>
        <extensions>
          <distance>30436</distance>
        </extensions>
      </trkpt>
      <trkpt lat="45.98717" lon="6.91746">
        <ele>1705</ele>
        <extensions>
          <distance>30442</distance>
        </extensions>
      </trkpt>
      <trkpt lat="45.98715" lon="6.91746">
        <ele>1705</ele>
        <extensions>
          <distance>30445</distance>
        </extensions>
      </trkpt>
      <trkpt lat="45.98703" lon="6.91757">
        <ele>1703</ele>
        <extensions>
          <distance>30461</distance>
        </extensions>
      </trkpt>
      <trkpt lat="45.98702" lon="6.9176">
        <ele>1703</ele>
        <extensions>
          <distance>30463</distance>
        </extensions>
      </trkpt>
      <trkpt lat="45.987" lon="6.91761">
        <ele>1703</ele>
        <extensions>
          <distance>30465</distance>
        </extensions>
      </trkpt>
      <trkpt lat="45.98696" lon="6.91768">
        <ele>1703</ele>
        <extensions>
          <distance>30472</distance>
        </extensions>
      </trkpt>
      <trkpt lat="45.98692" lon="6.91772">
        <ele>1703</ele>
        <extensions>
          <distance>30478</distance>
        </extensions>
      </trkpt>
      <trkpt lat="45.98685" lon="6.91775">
        <ele>1703</ele>
        <extensions>
          <distance>30486</distance>
        </extensions>
      </trkpt>
      <trkpt lat="45.98663" lon="6.91759">
        <ele>1700</ele>
        <extensions>
          <distance>30514</distance>
        </extensions>
      </trkpt>
      <trkpt lat="45.98655" lon="6.9176">
        <ele>1700</ele>
        <extensions>
          <distance>30522</distance>
        </extensions>
      </trkpt>
      <trkpt lat="45.98648" lon="6.91757">
        <ele>1700</ele>
        <extensions>
          <distance>30531</distance>
        </extensions>
      </trkpt>
      <trkpt lat="45.98634" lon="6.91755">
        <ele>1699</ele>
        <extensions>
          <distance>30546</distance>
        </extensions>
      </trkpt>
      <trkpt lat="45.98613" lon="6.91748">
        <ele>1699</ele>
        <extensions>
          <distance>30570</distance>
        </extensions>
      </trkpt>
      <trkpt lat="45.98602" lon="6.91743">
        <ele>1699</ele>
        <extensions>
          <distance>30583</distance>
        </extensions>
      </trkpt>
      <trkpt lat="45.98583" lon="6.9174">
        <ele>1698</ele>
        <extensions>
          <distance>30604</distance>
        </extensions>
      </trkpt>
      <trkpt lat="45.98573" lon="6.91742">
        <ele>1698</ele>
        <extensions>
          <distance>30615</distance>
        </extensions>
      </trkpt>
      <trkpt lat="45.9856" lon="6.91741">
        <ele>1698</ele>
        <extensions>
          <distance>30630</distance>
        </extensions>
      </trkpt>
      <trkpt lat="45.98554" lon="6.91735">
        <ele>1698</ele>
        <extensions>
          <distance>30638</distance>
        </extensions>
      </trkpt>
      <trkpt lat="45.98548" lon="6.91717">
        <ele>1695</ele>
        <extensions>
          <distance>30654</distance>
        </extensions>
      </trkpt>
      <trkpt lat="45.98547" lon="6.91718">
        <ele>1695</ele>
        <extensions>
          <distance>30655</distance>
        </extensions>
      </trkpt>
      <trkpt lat="45.98542" lon="6.91718">
        <ele>1695</ele>
        <extensions>
          <distance>30661</distance>
        </extensions>
      </trkpt>
      <trkpt lat="45.98535" lon="6.91713">
        <ele>1695</ele>
        <extensions>
          <distance>30669</distance>
        </extensions>
      </trkpt>
      <trkpt lat="45.98524" lon="6.91714">
        <ele>1695</ele>
        <extensions>
          <distance>30681</distance>
        </extensions>
      </trkpt>
      <trkpt lat="45.98518" lon="6.91717">
        <ele>1695</ele>
        <extensions>
          <distance>30689</distance>
        </extensions>
      </trkpt>
      <trkpt lat="45.9851" lon="6.91716">
        <ele>1695</ele>
        <extensions>
          <distance>30697</distance>
        </extensions>
      </trkpt>
      <trkpt lat="45.98502" lon="6.91712">
        <ele>1693</ele>
        <extensions>
          <distance>30707</distance>
        </extensions>
      </trkpt>
      <trkpt lat="45.98497" lon="6.91706">
        <ele>1692</ele>
        <extensions>
          <distance>30714</distance>
        </extensions>
      </trkpt>
      <trkpt lat="45.98496" lon="6.91702">
        <ele>1691</ele>
        <extensions>
          <distance>30717</distance>
        </extensions>
      </trkpt>
      <trkpt lat="45.98494" lon="6.91702">
        <ele>1690</ele>
        <extensions>
          <distance>30720</distance>
        </extensions>
      </trkpt>
      <trkpt lat="45.98484" lon="6.91709">
        <ele>1688</ele>
        <extensions>
          <distance>30733</distance>
        </extensions>
      </trkpt>
      <trkpt lat="45.98481" lon="6.91707">
        <ele>1686</ele>
        <extensions>
          <distance>30736</distance>
        </extensions>
      </trkpt>
      <trkpt lat="45.98476" lon="6.91709">
        <ele>1684</ele>
        <extensions>
          <distance>30743</distance>
        </extensions>
      </trkpt>
      <trkpt lat="45.98474" lon="6.91711">
        <ele>1684</ele>
        <extensions>
          <distance>30745</distance>
        </extensions>
      </trkpt>
      <trkpt lat="45.9847" lon="6.9171">
        <ele>1682</ele>
        <extensions>
          <distance>30750</distance>
        </extensions>
      </trkpt>
      <trkpt lat="45.98464" lon="6.91711">
        <ele>1678</ele>
        <extensions>
          <distance>30758</distance>
        </extensions>
      </trkpt>
      <trkpt lat="45.98461" lon="6.91715">
        <ele>1678</ele>
        <extensions>
          <distance>30762</distance>
        </extensions>
      </trkpt>
      <trkpt lat="45.98456" lon="6.91718">
        <ele>1674</ele>
        <extensions>
          <distance>30769</distance>
        </extensions>
      </trkpt>
      <trkpt lat="45.9845" lon="6.91718">
        <ele>1671</ele>
        <extensions>
          <distance>30777</distance>
        </extensions>
      </trkpt>
      <trkpt lat="45.98447" lon="6.91726">
        <ele>1669</ele>
        <extensions>
          <distance>30784</distance>
        </extensions>
      </trkpt>
      <trkpt lat="45.98444" lon="6.91729">
        <ele>1669</ele>
        <extensions>
          <distance>30788</distance>
        </extensions>
      </trkpt>
      <trkpt lat="45.98444" lon="6.91724">
        <ele>1669</ele>
        <extensions>
          <distance>30792</distance>
        </extensions>
      </trkpt>
      <trkpt lat="45.98443" lon="6.91722">
        <ele>1666</ele>
        <extensions>
          <distance>30794</distance>
        </extensions>
      </trkpt>
      <trkpt lat="45.98441" lon="6.91722">
        <ele>1666</ele>
        <extensions>
          <distance>30796</distance>
        </extensions>
      </trkpt>
      <trkpt lat="45.98439" lon="6.9172">
        <ele>1664</ele>
        <extensions>
          <distance>30799</distance>
        </extensions>
      </trkpt>
      <trkpt lat="45.98433" lon="6.91708">
        <ele>1662</ele>
        <extensions>
          <distance>30811</distance>
        </extensions>
      </trkpt>
      <trkpt lat="45.98432" lon="6.91702">
        <ele>1662</ele>
        <extensions>
          <distance>30816</distance>
        </extensions>
      </trkpt>
      <trkpt lat="45.98427" lon="6.91688">
        <ele>1660</ele>
        <extensions>
          <distance>30828</distance>
        </extensions>
      </trkpt>
      <trkpt lat="45.98426" lon="6.91686">
        <ele>1658</ele>
        <extensions>
          <distance>30830</distance>
        </extensions>
      </trkpt>
      <trkpt lat="45.98424" lon="6.91685">
        <ele>1658</ele>
        <extensions>
          <distance>30833</distance>
        </extensions>
      </trkpt>
      <trkpt lat="45.98421" lon="6.91674">
        <ele>1657</ele>
        <extensions>
          <distance>30842</distance>
        </extensions>
      </trkpt>
      <trkpt lat="45.98416" lon="6.91669">
        <ele>1657</ele>
        <extensions>
          <distance>30849</distance>
        </extensions>
      </trkpt>
      <trkpt lat="45.98414" lon="6.91662">
        <ele>1656</ele>
        <extensions>
          <distance>30854</distance>
        </extensions>
      </trkpt>
      <trkpt lat="45.98412" lon="6.9166">
        <ele>1656</ele>
        <extensions>
          <distance>30857</distance>
        </extensions>
      </trkpt>
      <trkpt lat="45.9841" lon="6.91655">
        <ele>1655</ele>
        <extensions>
          <distance>30862</distance>
        </extensions>
      </trkpt>
      <trkpt lat="45.98408" lon="6.91654">
        <ele>1654</ele>
        <extensions>
          <distance>30864</distance>
        </extensions>
      </trkpt>
      <trkpt lat="45.98407" lon="6.91654">
        <ele>1654</ele>
        <extensions>
          <distance>30865</distance>
        </extensions>
      </trkpt>
      <trkpt lat="45.98408" lon="6.91656">
        <ele>1654</ele>
        <extensions>
          <distance>30867</distance>
        </extensions>
      </trkpt>
      <trkpt lat="45.98406" lon="6.91666">
        <ele>1652</ele>
        <extensions>
          <distance>30876</distance>
        </extensions>
      </trkpt>
      <trkpt lat="45.98397" lon="6.91681">
        <ele>1646</ele>
        <extensions>
          <distance>30892</distance>
        </extensions>
      </trkpt>
      <trkpt lat="45.984" lon="6.91685">
        <ele>1646</ele>
        <extensions>
          <distance>30897</distance>
        </extensions>
      </trkpt>
      <trkpt lat="45.98397" lon="6.91688">
        <ele>1646</ele>
        <extensions>
          <distance>30901</distance>
        </extensions>
      </trkpt>
      <trkpt lat="45.98397" lon="6.9169">
        <ele>1645</ele>
        <extensions>
          <distance>30902</distance>
        </extensions>
      </trkpt>
      <trkpt lat="45.98399" lon="6.91693">
        <ele>1645</ele>
        <extensions>
          <distance>30905</distance>
        </extensions>
      </trkpt>
      <trkpt lat="45.98397" lon="6.91706">
        <ele>1643</ele>
        <extensions>
          <distance>30916</distance>
        </extensions>
      </trkpt>
      <trkpt lat="45.98393" lon="6.9171">
        <ele>1641</ele>
        <extensions>
          <distance>30921</distance>
        </extensions>
      </trkpt>
      <trkpt lat="45.98394" lon="6.9172">
        <ele>1639</ele>
        <extensions>
          <distance>30930</distance>
        </extensions>
      </trkpt>
      <trkpt lat="45.98391" lon="6.91721">
        <ele>1637</ele>
        <extensions>
          <distance>30933</distance>
        </extensions>
      </trkpt>
      <trkpt lat="45.98387" lon="6.91719">
        <ele>1635</ele>
        <extensions>
          <distance>30939</distance>
        </extensions>
      </trkpt>
      <trkpt lat="45.98383" lon="6.91714">
        <ele>1635</ele>
        <extensions>
          <distance>30945</distance>
        </extensions>
      </trkpt>
      <trkpt lat="45.98381" lon="6.91713">
        <ele>1634</ele>
        <extensions>
          <distance>30947</distance>
        </extensions>
      </trkpt>
      <trkpt lat="45.98383" lon="6.91713">
        <ele>1634</ele>
        <extensions>
          <distance>30949</distance>
        </extensions>
      </trkpt>
      <trkpt lat="45.98384" lon="6.91715">
        <ele>1634</ele>
        <extensions>
          <distance>30951</distance>
        </extensions>
      </trkpt>
      <trkpt lat="45.98383" lon="6.9172">
        <ele>1633</ele>
        <extensions>
          <distance>30955</distance>
        </extensions>
      </trkpt>
      <trkpt lat="45.98381" lon="6.9172">
        <ele>1633</ele>
        <extensions>
          <distance>30957</distance>
        </extensions>
      </trkpt>
      <trkpt lat="45.98378" lon="6.91717">
        <ele>1632</ele>
        <extensions>
          <distance>30962</distance>
        </extensions>
      </trkpt>
      <trkpt lat="45.98375" lon="6.91717">
        <ele>1632</ele>
        <extensions>
          <distance>30965</distance>
        </extensions>
      </trkpt>
      <trkpt lat="45.98365" lon="6.91724">
        <ele>1625</ele>
        <extensions>
          <distance>30979</distance>
        </extensions>
      </trkpt>
      <trkpt lat="45.98363" lon="6.91723">
        <ele>1624</ele>
        <extensions>
          <distance>30981</distance>
        </extensions>
      </trkpt>
      <trkpt lat="45.98362" lon="6.91721">
        <ele>1624</ele>
        <extensions>
          <distance>30983</distance>
        </extensions>
      </trkpt>
      <trkpt lat="45.98352" lon="6.91729">
        <ele>1618</ele>
        <extensions>
          <distance>30997</distance>
        </extensions>
      </trkpt>
      <trkpt lat="45.98351" lon="6.91734">
        <ele>1617</ele>
        <extensions>
          <distance>31001</distance>
        </extensions>
      </trkpt>
      <trkpt lat="45.98349" lon="6.91735">
        <ele>1616</ele>
        <extensions>
          <distance>31004</distance>
        </extensions>
      </trkpt>
      <trkpt lat="45.98345" lon="6.91735">
        <ele>1616</ele>
        <extensions>
          <distance>31008</distance>
        </extensions>
      </trkpt>
      <trkpt lat="45.98339" lon="6.91731">
        <ele>1612</ele>
        <extensions>
          <distance>31016</distance>
        </extensions>
      </trkpt>
      <trkpt lat="45.98338" lon="6.91733">
        <ele>1612</ele>
        <extensions>
          <distance>31018</distance>
        </extensions>
      </trkpt>
      <trkpt lat="45.98334" lon="6.91736">
        <ele>1609</ele>
        <extensions>
          <distance>31024</distance>
        </extensions>
      </trkpt>
      <trkpt lat="45.98327" lon="6.91734">
        <ele>1607</ele>
        <extensions>
          <distance>31032</distance>
        </extensions>
      </trkpt>
      <trkpt lat="45.98324" lon="6.91735">
        <ele>1607</ele>
        <extensions>
          <distance>31035</distance>
        </extensions>
      </trkpt>
      <trkpt lat="45.98322" lon="6.91737">
        <ele>1604</ele>
        <extensions>
          <distance>31039</distance>
        </extensions>
      </trkpt>
      <trkpt lat="45.98321" lon="6.9174">
        <ele>1603</ele>
        <extensions>
          <distance>31041</distance>
        </extensions>
      </trkpt>
      <trkpt lat="45.98319" lon="6.91741">
        <ele>1602</ele>
        <extensions>
          <distance>31044</distance>
        </extensions>
      </trkpt>
      <trkpt lat="45.98315" lon="6.91737">
        <ele>1602</ele>
        <extensions>
          <distance>31049</distance>
        </extensions>
      </trkpt>
      <trkpt lat="45.98312" lon="6.91736">
        <ele>1601</ele>
        <extensions>
          <distance>31053</distance>
        </extensions>
      </trkpt>
      <trkpt lat="45.98309" lon="6.91729">
        <ele>1600</ele>
        <extensions>
          <distance>31059</distance>
        </extensions>
      </trkpt>
      <trkpt lat="45.98304" lon="6.91728">
        <ele>1599</ele>
        <extensions>
          <distance>31065</distance>
        </extensions>
      </trkpt>
      <trkpt lat="45.98301" lon="6.91724">
        <ele>1598</ele>
        <extensions>
          <distance>31070</distance>
        </extensions>
      </trkpt>
      <trkpt lat="45.98291" lon="6.91722">
        <ele>1595</ele>
        <extensions>
          <distance>31081</distance>
        </extensions>
      </trkpt>
      <trkpt lat="45.98287" lon="6.91719">
        <ele>1593</ele>
        <extensions>
          <distance>31086</distance>
        </extensions>
      </trkpt>
      <trkpt lat="45.98284" lon="6.91721">
        <ele>1592</ele>
        <extensions>
          <distance>31091</distance>
        </extensions>
      </trkpt>
      <trkpt lat="45.98281" lon="6.9172">
        <ele>1592</ele>
        <extensions>
          <distance>31094</distance>
        </extensions>
      </trkpt>
      <trkpt lat="45.9828" lon="6.91718">
        <ele>1591</ele>
        <extensions>
          <distance>31096</distance>
        </extensions>
      </trkpt>
      <trkpt lat="45.98275" lon="6.91715">
        <ele>1590</ele>
        <extensions>
          <distance>31102</distance>
        </extensions>
      </trkpt>
      <trkpt lat="45.98273" lon="6.91711">
        <ele>1589</ele>
        <extensions>
          <distance>31106</distance>
        </extensions>
      </trkpt>
      <trkpt lat="45.98269" lon="6.91709">
        <ele>1589</ele>
        <extensions>
          <distance>31111</distance>
        </extensions>
      </trkpt>
      <trkpt lat="45.98262" lon="6.91709">
        <ele>1586</ele>
        <extensions>
          <distance>31119</distance>
        </extensions>
      </trkpt>
      <trkpt lat="45.9826" lon="6.9171">
        <ele>1586</ele>
        <extensions>
          <distance>31121</distance>
        </extensions>
      </trkpt>
      <trkpt lat="45.98257" lon="6.91709">
        <ele>1585</ele>
        <extensions>
          <distance>31125</distance>
        </extensions>
      </trkpt>
      <trkpt lat="45.98251" lon="6.91705">
        <ele>1585</ele>
        <extensions>
          <distance>31132</distance>
        </extensions>
      </trkpt>
      <trkpt lat="45.98242" lon="6.91693">
        <ele>1583</ele>
        <extensions>
          <distance>31146</distance>
        </extensions>
      </trkpt>
      <trkpt lat="45.98238" lon="6.91692">
        <ele>1583</ele>
        <extensions>
          <distance>31150</distance>
        </extensions>
      </trkpt>
      <trkpt lat="45.98234" lon="6.91686">
        <ele>1582</ele>
        <extensions>
          <distance>31157</distance>
        </extensions>
      </trkpt>
      <trkpt lat="45.98232" lon="6.91686">
        <ele>1581</ele>
        <extensions>
          <distance>31159</distance>
        </extensions>
      </trkpt>
      <trkpt lat="45.98226" lon="6.91682">
        <ele>1580</ele>
        <extensions>
          <distance>31167</distance>
        </extensions>
      </trkpt>
      <trkpt lat="45.98223" lon="6.91683">
        <ele>1579</ele>
        <extensions>
          <distance>31170</distance>
        </extensions>
      </trkpt>
      <trkpt lat="45.98216" lon="6.91683">
        <ele>1576</ele>
        <extensions>
          <distance>31178</distance>
        </extensions>
      </trkpt>
      <trkpt lat="45.9821" lon="6.91677">
        <ele>1575</ele>
        <extensions>
          <distance>31187</distance>
        </extensions>
      </trkpt>
      <trkpt lat="45.98206" lon="6.91677">
        <ele>1574</ele>
        <extensions>
          <distance>31191</distance>
        </extensions>
      </trkpt>
      <trkpt lat="45.98204" lon="6.91676">
        <ele>1574</ele>
        <extensions>
          <distance>31193</distance>
        </extensions>
      </trkpt>
      <trkpt lat="45.98203" lon="6.91674">
        <ele>1573</ele>
        <extensions>
          <distance>31196</distance>
        </extensions>
      </trkpt>
      <trkpt lat="45.98201" lon="6.91674">
        <ele>1573</ele>
        <extensions>
          <distance>31198</distance>
        </extensions>
      </trkpt>
      <trkpt lat="45.98191" lon="6.9168">
        <ele>1570</ele>
        <extensions>
          <distance>31210</distance>
        </extensions>
      </trkpt>
      <trkpt lat="45.98186" lon="6.91689">
        <ele>1567</ele>
        <extensions>
          <distance>31220</distance>
        </extensions>
      </trkpt>
      <trkpt lat="45.98178" lon="6.91695">
        <ele>1565</ele>
        <extensions>
          <distance>31230</distance>
        </extensions>
      </trkpt>
      <trkpt lat="45.98174" lon="6.91696">
        <ele>1564</ele>
        <extensions>
          <distance>31234</distance>
        </extensions>
      </trkpt>
      <trkpt lat="45.98165" lon="6.91692">
        <ele>1561</ele>
        <extensions>
          <distance>31245</distance>
        </extensions>
      </trkpt>
      <trkpt lat="45.9816" lon="6.91692">
        <ele>1558</ele>
        <extensions>
          <distance>31252</distance>
        </extensions>
      </trkpt>
      <trkpt lat="45.98159" lon="6.91689">
        <ele>1558</ele>
        <extensions>
          <distance>31254</distance>
        </extensions>
      </trkpt>
      <trkpt lat="45.98156" lon="6.91687">
        <ele>1558</ele>
        <extensions>
          <distance>31258</distance>
        </extensions>
      </trkpt>
      <trkpt lat="45.9815" lon="6.91688">
        <ele>1555</ele>
        <extensions>
          <distance>31265</distance>
        </extensions>
      </trkpt>
      <trkpt lat="45.98144" lon="6.91684">
        <ele>1553</ele>
        <extensions>
          <distance>31272</distance>
        </extensions>
      </trkpt>
      <trkpt lat="45.98141" lon="6.91688">
        <ele>1551</ele>
        <extensions>
          <distance>31278</distance>
        </extensions>
      </trkpt>
      <trkpt lat="45.98139" lon="6.91688">
        <ele>1551</ele>
        <extensions>
          <distance>31280</distance>
        </extensions>
      </trkpt>
      <trkpt lat="45.98139" lon="6.91695">
        <ele>1549</ele>
        <extensions>
          <distance>31285</distance>
        </extensions>
      </trkpt>
      <trkpt lat="45.98138" lon="6.91697">
        <ele>1546</ele>
        <extensions>
          <distance>31288</distance>
        </extensions>
      </trkpt>
      <trkpt lat="45.98131" lon="6.91692">
        <ele>1546</ele>
        <extensions>
          <distance>31297</distance>
        </extensions>
      </trkpt>
      <trkpt lat="45.98125" lon="6.91686">
        <ele>1545</ele>
        <extensions>
          <distance>31305</distance>
        </extensions>
      </trkpt>
      <trkpt lat="45.98123" lon="6.9168">
        <ele>1544</ele>
        <extensions>
          <distance>31310</distance>
        </extensions>
      </trkpt>
      <trkpt lat="45.98123" lon="6.91674">
        <ele>1543</ele>
        <extensions>
          <distance>31315</distance>
        </extensions>
      </trkpt>
      <trkpt lat="45.9812" lon="6.91675">
        <ele>1543</ele>
        <extensions>
          <distance>31319</distance>
        </extensions>
      </trkpt>
      <trkpt lat="45.98118" lon="6.9168">
        <ele>1542</ele>
        <extensions>
          <distance>31323</distance>
        </extensions>
      </trkpt>
      <trkpt lat="45.98116" lon="6.91681">
        <ele>1540</ele>
        <extensions>
          <distance>31326</distance>
        </extensions>
      </trkpt>
      <trkpt lat="45.98111" lon="6.91677">
        <ele>1539</ele>
        <extensions>
          <distance>31332</distance>
        </extensions>
      </trkpt>
      <trkpt lat="45.98105" lon="6.91674">
        <ele>1538</ele>
        <extensions>
          <distance>31339</distance>
        </extensions>
      </trkpt>
      <trkpt lat="45.98103" lon="6.91675">
        <ele>1536</ele>
        <extensions>
          <distance>31342</distance>
        </extensions>
      </trkpt>
      <trkpt lat="45.98099" lon="6.91672">
        <ele>1535</ele>
        <extensions>
          <distance>31347</distance>
        </extensions>
      </trkpt>
      <trkpt lat="45.98094" lon="6.91664">
        <ele>1535</ele>
        <extensions>
          <distance>31355</distance>
        </extensions>
      </trkpt>
      <trkpt lat="45.98094" lon="6.91661">
        <ele>1534</ele>
        <extensions>
          <distance>31358</distance>
        </extensions>
      </trkpt>
      <trkpt lat="45.9809" lon="6.91658">
        <ele>1533</ele>
        <extensions>
          <distance>31363</distance>
        </extensions>
      </trkpt>
      <trkpt lat="45.98084" lon="6.9166">
        <ele>1532</ele>
        <extensions>
          <distance>31370</distance>
        </extensions>
      </trkpt>
      <trkpt lat="45.9808" lon="6.9166">
        <ele>1530</ele>
        <extensions>
          <distance>31375</distance>
        </extensions>
      </trkpt>
      <trkpt lat="45.98076" lon="6.91658">
        <ele>1529</ele>
        <extensions>
          <distance>31379</distance>
        </extensions>
      </trkpt>
      <trkpt lat="45.98069" lon="6.91657">
        <ele>1527</ele>
        <extensions>
          <distance>31388</distance>
        </extensions>
      </trkpt>
      <trkpt lat="45.98057" lon="6.91661">
        <ele>1523</ele>
        <extensions>
          <distance>31402</distance>
        </extensions>
      </trkpt>
      <trkpt lat="45.98049" lon="6.91666">
        <ele>1522</ele>
        <extensions>
          <distance>31411</distance>
        </extensions>
      </trkpt>
      <trkpt lat="45.98044" lon="6.91665">
        <ele>1521</ele>
        <extensions>
          <distance>31417</distance>
        </extensions>
      </trkpt>
      <trkpt lat="45.98044" lon="6.91663">
        <ele>1521</ele>
        <extensions>
          <distance>31419</distance>
        </extensions>
      </trkpt>
      <trkpt lat="45.98039" lon="6.91661">
        <ele>1520</ele>
        <extensions>
          <distance>31425</distance>
        </extensions>
      </trkpt>
      <trkpt lat="45.98038" lon="6.91658">
        <ele>1520</ele>
        <extensions>
          <distance>31427</distance>
        </extensions>
      </trkpt>
      <trkpt lat="45.98036" lon="6.91642">
        <ele>1520</ele>
        <extensions>
          <distance>31440</distance>
        </extensions>
      </trkpt>
      <trkpt lat="45.98033" lon="6.91637">
        <ele>1520</ele>
        <extensions>
          <distance>31445</distance>
        </extensions>
      </trkpt>
      <trkpt lat="45.98035" lon="6.91631">
        <ele>1518</ele>
        <extensions>
          <distance>31450</distance>
        </extensions>
      </trkpt>
      <trkpt lat="45.98035" lon="6.91629">
        <ele>1518</ele>
        <extensions>
          <distance>31452</distance>
        </extensions>
      </trkpt>
      <trkpt lat="45.98033" lon="6.91626">
        <ele>1517</ele>
        <extensions>
          <distance>31455</distance>
        </extensions>
      </trkpt>
      <trkpt lat="45.98031" lon="6.91626">
        <ele>1516</ele>
        <extensions>
          <distance>31457</distance>
        </extensions>
      </trkpt>
      <trkpt lat="45.98028" lon="6.91622">
        <ele>1515</ele>
        <extensions>
          <distance>31462</distance>
        </extensions>
      </trkpt>
      <trkpt lat="45.98026" lon="6.91622">
        <ele>1515</ele>
        <extensions>
          <distance>31464</distance>
        </extensions>
      </trkpt>
      <trkpt lat="45.98025" lon="6.9162">
        <ele>1515</ele>
        <extensions>
          <distance>31466</distance>
        </extensions>
      </trkpt>
      <trkpt lat="45.98023" lon="6.91619">
        <ele>1514</ele>
        <extensions>
          <distance>31469</distance>
        </extensions>
      </trkpt>
      <trkpt lat="45.9802" lon="6.9162">
        <ele>1514</ele>
        <extensions>
          <distance>31472</distance>
        </extensions>
      </trkpt>
      <trkpt lat="45.98006" lon="6.91613">
        <ele>1508</ele>
        <extensions>
          <distance>31489</distance>
        </extensions>
      </trkpt>
      <trkpt lat="45.98003" lon="6.91613">
        <ele>1507</ele>
        <extensions>
          <distance>31493</distance>
        </extensions>
      </trkpt>
      <trkpt lat="45.98001" lon="6.91611">
        <ele>1506</ele>
        <extensions>
          <distance>31495</distance>
        </extensions>
      </trkpt>
      <trkpt lat="45.97991" lon="6.91606">
        <ele>1500</ele>
        <extensions>
          <distance>31509</distance>
        </extensions>
      </trkpt>
      <trkpt lat="45.97986" lon="6.91604">
        <ele>1499</ele>
        <extensions>
          <distance>31515</distance>
        </extensions>
      </trkpt>
      <trkpt lat="45.97984" lon="6.91605">
        <ele>1497</ele>
        <extensions>
          <distance>31518</distance>
        </extensions>
      </trkpt>
      <trkpt lat="45.97981" lon="6.91604">
        <ele>1497</ele>
        <extensions>
          <distance>31521</distance>
        </extensions>
      </trkpt>
      <trkpt lat="45.9798" lon="6.916">
        <ele>1494</ele>
        <extensions>
          <distance>31525</distance>
        </extensions>
      </trkpt>
      <trkpt lat="45.97975" lon="6.91597">
        <ele>1492</ele>
        <extensions>
          <distance>31531</distance>
        </extensions>
      </trkpt>
      <trkpt lat="45.97973" lon="6.91598">
        <ele>1492</ele>
        <extensions>
          <distance>31533</distance>
        </extensions>
      </trkpt>
      <trkpt lat="45.97969" lon="6.91598">
        <ele>1490</ele>
        <extensions>
          <distance>31538</distance>
        </extensions>
      </trkpt>
      <trkpt lat="45.97968" lon="6.916">
        <ele>1490</ele>
        <extensions>
          <distance>31540</distance>
        </extensions>
      </trkpt>
      <trkpt lat="45.97962" lon="6.91602">
        <ele>1486</ele>
        <extensions>
          <distance>31548</distance>
        </extensions>
      </trkpt>
      <trkpt lat="45.97957" lon="6.91607">
        <ele>1485</ele>
        <extensions>
          <distance>31555</distance>
        </extensions>
      </trkpt>
      <trkpt lat="45.97955" lon="6.91606">
        <ele>1484</ele>
        <extensions>
          <distance>31557</distance>
        </extensions>
      </trkpt>
      <trkpt lat="45.97955" lon="6.916">
        <ele>1484</ele>
        <extensions>
          <distance>31562</distance>
        </extensions>
      </trkpt>
      <trkpt lat="45.97954" lon="6.91598">
        <ele>1482</ele>
        <extensions>
          <distance>31564</distance>
        </extensions>
      </trkpt>
      <trkpt lat="45.9795" lon="6.91607">
        <ele>1482</ele>
        <extensions>
          <distance>31572</distance>
        </extensions>
      </trkpt>
      <trkpt lat="45.97947" lon="6.91607">
        <ele>1480</ele>
        <extensions>
          <distance>31576</distance>
        </extensions>
      </trkpt>
      <trkpt lat="45.97945" lon="6.91605">
        <ele>1478</ele>
        <extensions>
          <distance>31579</distance>
        </extensions>
      </trkpt>
      <trkpt lat="45.9794" lon="6.91605">
        <ele>1478</ele>
        <extensions>
          <distance>31585</distance>
        </extensions>
      </trkpt>
      <trkpt lat="45.9794" lon="6.91602">
        <ele>1478</ele>
        <extensions>
          <distance>31587</distance>
        </extensions>
      </trkpt>
      <trkpt lat="45.97943" lon="6.91597">
        <ele>1478</ele>
        <extensions>
          <distance>31592</distance>
        </extensions>
      </trkpt>
      <trkpt lat="45.97943" lon="6.91595">
        <ele>1476</ele>
        <extensions>
          <distance>31594</distance>
        </extensions>
      </trkpt>
      <trkpt lat="45.97942" lon="6.91592">
        <ele>1476</ele>
        <extensions>
          <distance>31596</distance>
        </extensions>
      </trkpt>
      <trkpt lat="45.97938" lon="6.91592">
        <ele>1476</ele>
        <extensions>
          <distance>31601</distance>
        </extensions>
      </trkpt>
      <trkpt lat="45.97936" lon="6.91591">
        <ele>1474</ele>
        <extensions>
          <distance>31603</distance>
        </extensions>
      </trkpt>
      <trkpt lat="45.97932" lon="6.91592">
        <ele>1472</ele>
        <extensions>
          <distance>31608</distance>
        </extensions>
      </trkpt>
      <trkpt lat="45.97922" lon="6.91591">
        <ele>1469</ele>
        <extensions>
          <distance>31620</distance>
        </extensions>
      </trkpt>
      <trkpt lat="45.97918" lon="6.91593">
        <ele>1468</ele>
        <extensions>
          <distance>31624</distance>
        </extensions>
      </trkpt>
      <trkpt lat="45.97908" lon="6.91594">
        <ele>1466</ele>
        <extensions>
          <distance>31636</distance>
        </extensions>
      </trkpt>
      <trkpt lat="45.979" lon="6.91601">
        <ele>1463</ele>
        <extensions>
          <distance>31647</distance>
        </extensions>
      </trkpt>
      <trkpt lat="45.97884" lon="6.91602">
        <ele>1459</ele>
        <extensions>
          <distance>31665</distance>
        </extensions>
      </trkpt>
      <trkpt lat="45.97872" lon="6.91596">
        <ele>1456</ele>
        <extensions>
          <distance>31679</distance>
        </extensions>
      </trkpt>
      <trkpt lat="45.97862" lon="6.91596">
        <ele>1454</ele>
        <extensions>
          <distance>31690</distance>
        </extensions>
      </trkpt>
      <trkpt lat="45.9786" lon="6.91597">
        <ele>1454</ele>
        <extensions>
          <distance>31693</distance>
        </extensions>
      </trkpt>
      <trkpt lat="45.97856" lon="6.91597">
        <ele>1453</ele>
        <extensions>
          <distance>31698</distance>
        </extensions>
      </trkpt>
      <trkpt lat="45.97854" lon="6.91599">
        <ele>1451</ele>
        <extensions>
          <distance>31700</distance>
        </extensions>
      </trkpt>
      <trkpt lat="45.97851" lon="6.916">
        <ele>1450</ele>
        <extensions>
          <distance>31704</distance>
        </extensions>
      </trkpt>
      <trkpt lat="45.97849" lon="6.91599">
        <ele>1450</ele>
        <extensions>
          <distance>31707</distance>
        </extensions>
      </trkpt>
      <trkpt lat="45.97848" lon="6.91597">
        <ele>1450</ele>
        <extensions>
          <distance>31709</distance>
        </extensions>
      </trkpt>
      <trkpt lat="45.97848" lon="6.91582">
        <ele>1450</ele>
        <extensions>
          <distance>31720</distance>
        </extensions>
      </trkpt>
      <trkpt lat="45.97851" lon="6.91565">
        <ele>1450</ele>
        <extensions>
          <distance>31734</distance>
        </extensions>
      </trkpt>
      <trkpt lat="45.97836" lon="6.91549">
        <ele>1446</ele>
        <extensions>
          <distance>31755</distance>
        </extensions>
      </trkpt>
      <trkpt lat="45.9783" lon="6.91547">
        <ele>1446</ele>
        <extensions>
          <distance>31762</distance>
        </extensions>
      </trkpt>
      <trkpt lat="45.97823" lon="6.91531">
        <ele>1444</ele>
        <extensions>
          <distance>31776</distance>
        </extensions>
      </trkpt>
      <trkpt lat="45.97819" lon="6.91527">
        <ele>1444</ele>
        <extensions>
          <distance>31782</distance>
        </extensions>
      </trkpt>
      <trkpt lat="45.97817" lon="6.9152">
        <ele>1444</ele>
        <extensions>
          <distance>31788</distance>
        </extensions>
      </trkpt>
      <trkpt lat="45.97811" lon="6.9151">
        <ele>1446</ele>
        <extensions>
          <distance>31798</distance>
        </extensions>
      </trkpt>
      <trkpt lat="45.97809" lon="6.915">
        <ele>1447</ele>
        <extensions>
          <distance>31806</distance>
        </extensions>
      </trkpt>
      <trkpt lat="45.97805" lon="6.91493">
        <ele>1447</ele>
        <extensions>
          <distance>31813</distance>
        </extensions>
      </trkpt>
      <trkpt lat="45.97803" lon="6.91487">
        <ele>1448</ele>
        <extensions>
          <distance>31818</distance>
        </extensions>
      </trkpt>
      <trkpt lat="45.97801" lon="6.91476">
        <ele>1451</ele>
        <extensions>
          <distance>31827</distance>
        </extensions>
      </trkpt>
      <trkpt lat="45.97797" lon="6.91466">
        <ele>1452</ele>
        <extensions>
          <distance>31836</distance>
        </extensions>
      </trkpt>
      <trkpt lat="45.97796" lon="6.91459">
        <ele>1453</ele>
        <extensions>
          <distance>31841</distance>
        </extensions>
      </trkpt>
      <trkpt lat="45.97791" lon="6.91448">
        <ele>1454</ele>
        <extensions>
          <distance>31852</distance>
        </extensions>
      </trkpt>
      <trkpt lat="45.97791" lon="6.91445">
        <ele>1454</ele>
        <extensions>
          <distance>31854</distance>
        </extensions>
      </trkpt>
      <trkpt lat="45.97789" lon="6.91439">
        <ele>1455</ele>
        <extensions>
          <distance>31859</distance>
        </extensions>
      </trkpt>
      <trkpt lat="45.97782" lon="6.91422">
        <ele>1456</ele>
        <extensions>
          <distance>31875</distance>
        </extensions>
      </trkpt>
      <trkpt lat="45.9778" lon="6.91411">
        <ele>1459</ele>
        <extensions>
          <distance>31884</distance>
        </extensions>
      </trkpt>
      <trkpt lat="45.97778" lon="6.91409">
        <ele>1459</ele>
        <extensions>
          <distance>31886</distance>
        </extensions>
      </trkpt>
      <trkpt lat="45.97776" lon="6.91403">
        <ele>1460</ele>
        <extensions>
          <distance>31892</distance>
        </extensions>
      </trkpt>
      <trkpt lat="45.97772" lon="6.91397">
        <ele>1460</ele>
        <extensions>
          <distance>31898</distance>
        </extensions>
      </trkpt>
      <trkpt lat="45.97767" lon="6.91385">
        <ele>1460</ele>
        <extensions>
          <distance>31909</distance>
        </extensions>
      </trkpt>
      <trkpt lat="45.97761" lon="6.91376">
        <ele>1462</ele>
        <extensions>
          <distance>31919</distance>
        </extensions>
      </trkpt>
      <trkpt lat="45.97757" lon="6.91367">
        <ele>1463</ele>
        <extensions>
          <distance>31927</distance>
        </extensions>
      </trkpt>
      <trkpt lat="45.97751" lon="6.91349">
        <ele>1466</ele>
        <extensions>
          <distance>31943</distance>
        </extensions>
      </trkpt>
      <trkpt lat="45.97749" lon="6.91346">
        <ele>1466</ele>
        <extensions>
          <distance>31946</distance>
        </extensions>
      </trkpt>
      <trkpt lat="45.97749" lon="6.91343">
        <ele>1466</ele>
        <extensions>
          <distance>31948</distance>
        </extensions>
      </trkpt>
      <trkpt lat="45.97747" lon="6.9134">
        <ele>1466</ele>
        <extensions>
          <distance>31952</distance>
        </extensions>
      </trkpt>
      <trkpt lat="45.97744" lon="6.91329">
        <ele>1466</ele>
        <extensions>
          <distance>31961</distance>
        </extensions>
      </trkpt>
      <trkpt lat="45.97738" lon="6.9132">
        <ele>1466</ele>
        <extensions>
          <distance>31970</distance>
        </extensions>
      </trkpt>
      <trkpt lat="45.97729" lon="6.91314">
        <ele>1465</ele>
        <extensions>
          <distance>31981</distance>
        </extensions>
      </trkpt>
      <trkpt lat="45.97725" lon="6.91307">
        <ele>1465</ele>
        <extensions>
          <distance>31988</distance>
        </extensions>
      </trkpt>
      <trkpt lat="45.9772" lon="6.91301">
        <ele>1465</ele>
        <extensions>
          <distance>31996</distance>
        </extensions>
      </trkpt>
      <trkpt lat="45.9772" lon="6.91298">
        <ele>1465</ele>
        <extensions>
          <distance>31998</distance>
        </extensions>
      </trkpt>
      <trkpt lat="45.97716" lon="6.9129">
        <ele>1467</ele>
        <extensions>
          <distance>32006</distance>
        </extensions>
      </trkpt>
      <trkpt lat="45.97714" lon="6.91288">
        <ele>1468</ele>
        <extensions>
          <distance>32008</distance>
        </extensions>
      </trkpt>
      <trkpt lat="45.97707" lon="6.9127">
        <ele>1471</ele>
        <extensions>
          <distance>32024</distance>
        </extensions>
      </trkpt>
      <trkpt lat="45.97703" lon="6.91264">
        <ele>1471</ele>
        <extensions>
          <distance>32031</distance>
        </extensions>
      </trkpt>
      <trkpt lat="45.97694" lon="6.91245">
        <ele>1476</ele>
        <extensions>
          <distance>32049</distance>
        </extensions>
      </trkpt>
      <trkpt lat="45.97691" lon="6.91241">
        <ele>1476</ele>
        <extensions>
          <distance>32054</distance>
        </extensions>
      </trkpt>
      <trkpt lat="45.97687" lon="6.91233">
        <ele>1478</ele>
        <extensions>
          <distance>32061</distance>
        </extensions>
      </trkpt>
      <trkpt lat="45.97687" lon="6.9123">
        <ele>1478</ele>
        <extensions>
          <distance>32064</distance>
        </extensions>
      </trkpt>
      <trkpt lat="45.97685" lon="6.91226">
        <ele>1478</ele>
        <extensions>
          <distance>32067</distance>
        </extensions>
      </trkpt>
      <trkpt lat="45.97683" lon="6.91225">
        <ele>1480</ele>
        <extensions>
          <distance>32070</distance>
        </extensions>
      </trkpt>
      <trkpt lat="45.97682" lon="6.91223">
        <ele>1481</ele>
        <extensions>
          <distance>32072</distance>
        </extensions>
      </trkpt>
      <trkpt lat="45.97682" lon="6.9122">
        <ele>1483</ele>
        <extensions>
          <distance>32075</distance>
        </extensions>
      </trkpt>
      <trkpt lat="45.97679" lon="6.91211">
        <ele>1485</ele>
        <extensions>
          <distance>32083</distance>
        </extensions>
      </trkpt>
      <trkpt lat="45.97675" lon="6.91204">
        <ele>1485</ele>
        <extensions>
          <distance>32090</distance>
        </extensions>
      </trkpt>
      <trkpt lat="45.97668" lon="6.91196">
        <ele>1488</ele>
        <extensions>
          <distance>32101</distance>
        </extensions>
      </trkpt>
      <trkpt lat="45.9766" lon="6.91184">
        <ele>1491</ele>
        <extensions>
          <distance>32114</distance>
        </extensions>
      </trkpt>
      <trkpt lat="45.97659" lon="6.91179">
        <ele>1493</ele>
        <extensions>
          <distance>32118</distance>
        </extensions>
      </trkpt>
      <trkpt lat="45.97655" lon="6.91171">
        <ele>1494</ele>
        <extensions>
          <distance>32126</distance>
        </extensions>
      </trkpt>
      <trkpt lat="45.97648" lon="6.91165">
        <ele>1494</ele>
        <extensions>
          <distance>32135</distance>
        </extensions>
      </trkpt>
      <trkpt lat="45.97646" lon="6.91165">
        <ele>1494</ele>
        <extensions>
          <distance>32137</distance>
        </extensions>
      </trkpt>
      <trkpt lat="45.97643" lon="6.91159">
        <ele>1494</ele>
        <extensions>
          <distance>32143</distance>
        </extensions>
      </trkpt>
      <trkpt lat="45.97639" lon="6.91171">
        <ele>1488</ele>
        <extensions>
          <distance>32154</distance>
        </extensions>
      </trkpt>
      <trkpt lat="45.97637" lon="6.91172">
        <ele>1488</ele>
        <extensions>
          <distance>32156</distance>
        </extensions>
      </trkpt>
      <trkpt lat="45.97635" lon="6.91171">
        <ele>1488</ele>
        <extensions>
          <distance>32159</distance>
        </extensions>
      </trkpt>
      <trkpt lat="45.97632" lon="6.91165">
        <ele>1488</ele>
        <extensions>
          <distance>32164</distance>
        </extensions>
      </trkpt>
      <trkpt lat="45.97626" lon="6.91157">
        <ele>1491</ele>
        <extensions>
          <distance>32174</distance>
        </extensions>
      </trkpt>
      <trkpt lat="45.97624" lon="6.91152">
        <ele>1493</ele>
        <extensions>
          <distance>32178</distance>
        </extensions>
      </trkpt>
      <trkpt lat="45.97617" lon="6.91146">
        <ele>1493</ele>
        <extensions>
          <distance>32187</distance>
        </extensions>
      </trkpt>
      <trkpt lat="45.97613" lon="6.91145">
        <ele>1494</ele>
        <extensions>
          <distance>32192</distance>
        </extensions>
      </trkpt>
      <trkpt lat="45.9761" lon="6.91143">
        <ele>1495</ele>
        <extensions>
          <distance>32196</distance>
        </extensions>
      </trkpt>
      <trkpt lat="45.97606" lon="6.91131">
        <ele>1496</ele>
        <extensions>
          <distance>32206</distance>
        </extensions>
      </trkpt>
      <trkpt lat="45.97608" lon="6.91118">
        <ele>1504</ele>
        <extensions>
          <distance>32218</distance>
        </extensions>
      </trkpt>
      <trkpt lat="45.97606" lon="6.91111">
        <ele>1505</ele>
        <extensions>
          <distance>32224</distance>
        </extensions>
      </trkpt>
      <trkpt lat="45.97605" lon="6.91101">
        <ele>1508</ele>
        <extensions>
          <distance>32232</distance>
        </extensions>
      </trkpt>
      <trkpt lat="45.97603" lon="6.91097">
        <ele>1510</ele>
        <extensions>
          <distance>32236</distance>
        </extensions>
      </trkpt>
      <trkpt lat="45.97604" lon="6.91094">
        <ele>1512</ele>
        <extensions>
          <distance>32240</distance>
        </extensions>
      </trkpt>
      <trkpt lat="45.97599" lon="6.91082">
        <ele>1515</ele>
        <extensions>
          <distance>32251</distance>
        </extensions>
      </trkpt>
      <trkpt lat="45.97598" lon="6.91074">
        <ele>1515</ele>
        <extensions>
          <distance>32257</distance>
        </extensions>
      </trkpt>
      <trkpt lat="45.97592" lon="6.9107">
        <ele>1515</ele>
        <extensions>
          <distance>32265</distance>
        </extensions>
      </trkpt>
      <trkpt lat="45.97586" lon="6.91068">
        <ele>1515</ele>
        <extensions>
          <distance>32272</distance>
        </extensions>
      </trkpt>
      <trkpt lat="45.97579" lon="6.91061">
        <ele>1515</ele>
        <extensions>
          <distance>32281</distance>
        </extensions>
      </trkpt>
      <trkpt lat="45.97566" lon="6.91052">
        <ele>1514</ele>
        <extensions>
          <distance>32297</distance>
        </extensions>
      </trkpt>
      <trkpt lat="45.97562" lon="6.91046">
        <ele>1514</ele>
        <extensions>
          <distance>32304</distance>
        </extensions>
      </trkpt>
      <trkpt lat="45.97555" lon="6.9104">
        <ele>1513</ele>
        <extensions>
          <distance>32313</distance>
        </extensions>
      </trkpt>
      <trkpt lat="45.97546" lon="6.9103">
        <ele>1513</ele>
        <extensions>
          <distance>32325</distance>
        </extensions>
      </trkpt>
      <trkpt lat="45.97534" lon="6.91024">
        <ele>1510</ele>
        <extensions>
          <distance>32340</distance>
        </extensions>
      </trkpt>
      <trkpt lat="45.97525" lon="6.91023">
        <ele>1510</ele>
        <extensions>
          <distance>32350</distance>
        </extensions>
      </trkpt>
      <trkpt lat="45.97519" lon="6.9102">
        <ele>1510</ele>
        <extensions>
          <distance>32357</distance>
        </extensions>
      </trkpt>
      <trkpt lat="45.97509" lon="6.90998">
        <ele>1510</ele>
        <extensions>
          <distance>32377</distance>
        </extensions>
      </trkpt>
      <trkpt lat="45.97497" lon="6.90979">
        <ele>1510</ele>
        <extensions>
          <distance>32397</distance>
        </extensions>
      </trkpt>
      <trkpt lat="45.97489" lon="6.90975">
        <ele>1510</ele>
        <extensions>
          <distance>32406</distance>
        </extensions>
      </trkpt>
      <trkpt lat="45.97484" lon="6.90974">
        <ele>1510</ele>
        <extensions>
          <distance>32412</distance>
        </extensions>
      </trkpt>
      <trkpt lat="45.97467" lon="6.90977">
        <ele>1502</ele>
        <extensions>
          <distance>32431</distance>
        </extensions>
      </trkpt>
      <trkpt lat="45.9746" lon="6.90974">
        <ele>1500</ele>
        <extensions>
          <distance>32439</distance>
        </extensions>
      </trkpt>
      <trkpt lat="45.97452" lon="6.90974">
        <ele>1499</ele>
        <extensions>
          <distance>32449</distance>
        </extensions>
      </trkpt>
      <trkpt lat="45.97451" lon="6.90972">
        <ele>1499</ele>
        <extensions>
          <distance>32451</distance>
        </extensions>
      </trkpt>
      <trkpt lat="45.97449" lon="6.90972">
        <ele>1499</ele>
        <extensions>
          <distance>32453</distance>
        </extensions>
      </trkpt>
      <trkpt lat="45.97444" lon="6.90967">
        <ele>1499</ele>
        <extensions>
          <distance>32460</distance>
        </extensions>
      </trkpt>
      <trkpt lat="45.97442" lon="6.90961">
        <ele>1499</ele>
        <extensions>
          <distance>32465</distance>
        </extensions>
      </trkpt>
      <trkpt lat="45.9744" lon="6.90959">
        <ele>1499</ele>
        <extensions>
          <distance>32467</distance>
        </extensions>
      </trkpt>
      <trkpt lat="45.97431" lon="6.90932">
        <ele>1507</ele>
        <extensions>
          <distance>32491</distance>
        </extensions>
      </trkpt>
      <trkpt lat="45.97428" lon="6.9093">
        <ele>1508</ele>
        <extensions>
          <distance>32495</distance>
        </extensions>
      </trkpt>
      <trkpt lat="45.97427" lon="6.90928">
        <ele>1508</ele>
        <extensions>
          <distance>32497</distance>
        </extensions>
      </trkpt>
      <trkpt lat="45.97423" lon="6.90927">
        <ele>1508</ele>
        <extensions>
          <distance>32501</distance>
        </extensions>
      </trkpt>
      <trkpt lat="45.97418" lon="6.90917">
        <ele>1508</ele>
        <extensions>
          <distance>32511</distance>
        </extensions>
      </trkpt>
      <trkpt lat="45.97414" lon="6.90912">
        <ele>1507</ele>
        <extensions>
          <distance>32517</distance>
        </extensions>
      </trkpt>
      <trkpt lat="45.97412" lon="6.90911">
        <ele>1507</ele>
        <extensions>
          <distance>32519</distance>
        </extensions>
      </trkpt>
      <trkpt lat="45.97399" lon="6.90912">
        <ele>1501</ele>
        <extensions>
          <distance>32534</distance>
        </extensions>
      </trkpt>
      <trkpt lat="45.97396" lon="6.90909">
        <ele>1501</ele>
        <extensions>
          <distance>32538</distance>
        </extensions>
      </trkpt>
      <trkpt lat="45.97395" lon="6.90905">
        <ele>1501</ele>
        <extensions>
          <distance>32541</distance>
        </extensions>
      </trkpt>
      <trkpt lat="45.97391" lon="6.90898">
        <ele>1501</ele>
        <extensions>
          <distance>32549</distance>
        </extensions>
      </trkpt>
      <trkpt lat="45.97378" lon="6.90883">
        <ele>1501</ele>
        <extensions>
          <distance>32567</distance>
        </extensions>
      </trkpt>
      <trkpt lat="45.97374" lon="6.9088">
        <ele>1501</ele>
        <extensions>
          <distance>32572</distance>
        </extensions>
      </trkpt>
      <trkpt lat="45.97371" lon="6.90876">
        <ele>1502</ele>
        <extensions>
          <distance>32577</distance>
        </extensions>
      </trkpt>
      <trkpt lat="45.97368" lon="6.9087">
        <ele>1503</ele>
        <extensions>
          <distance>32582</distance>
        </extensions>
      </trkpt>
      <trkpt lat="45.97368" lon="6.90868">
        <ele>1503</ele>
        <extensions>
          <distance>32584</distance>
        </extensions>
      </trkpt>
      <trkpt lat="45.97364" lon="6.90867">
        <ele>1504</ele>
        <extensions>
          <distance>32588</distance>
        </extensions>
      </trkpt>
      <trkpt lat="45.97363" lon="6.90861">
        <ele>1504</ele>
        <extensions>
          <distance>32593</distance>
        </extensions>
      </trkpt>
      <trkpt lat="45.9736" lon="6.90856">
        <ele>1505</ele>
        <extensions>
          <distance>32598</distance>
        </extensions>
      </trkpt>
      <trkpt lat="45.9736" lon="6.90852">
        <ele>1506</ele>
        <extensions>
          <distance>32601</distance>
        </extensions>
      </trkpt>
      <trkpt lat="45.97356" lon="6.90842">
        <ele>1506</ele>
        <extensions>
          <distance>32610</distance>
        </extensions>
      </trkpt>
      <trkpt lat="45.97353" lon="6.90838">
        <ele>1506</ele>
        <extensions>
          <distance>32615</distance>
        </extensions>
      </trkpt>
      <trkpt lat="45.97345" lon="6.90833">
        <ele>1506</ele>
        <extensions>
          <distance>32625</distance>
        </extensions>
      </trkpt>
      <trkpt lat="45.97344" lon="6.90831">
        <ele>1506</ele>
        <extensions>
          <distance>32627</distance>
        </extensions>
      </trkpt>
      <trkpt lat="45.97342" lon="6.9083">
        <ele>1505</ele>
        <extensions>
          <distance>32629</distance>
        </extensions>
      </trkpt>
      <trkpt lat="45.97332" lon="6.90812">
        <ele>1505</ele>
        <extensions>
          <distance>32647</distance>
        </extensions>
      </trkpt>
      <trkpt lat="45.97325" lon="6.90808">
        <ele>1505</ele>
        <extensions>
          <distance>32655</distance>
        </extensions>
      </trkpt>
      <trkpt lat="45.9732" lon="6.908">
        <ele>1504</ele>
        <extensions>
          <distance>32663</distance>
        </extensions>
      </trkpt>
      <trkpt lat="45.97314" lon="6.90797">
        <ele>1500</ele>
        <extensions>
          <distance>32671</distance>
        </extensions>
      </trkpt>
      <trkpt lat="45.9731" lon="6.90793">
        <ele>1499</ele>
        <extensions>
          <distance>32676</distance>
        </extensions>
      </trkpt>
      <trkpt lat="45.97307" lon="6.90794">
        <ele>1499</ele>
        <extensions>
          <distance>32679</distance>
        </extensions>
      </trkpt>
      <trkpt lat="45.97303" lon="6.90792">
        <ele>1499</ele>
        <extensions>
          <distance>32684</distance>
        </extensions>
      </trkpt>
      <trkpt lat="45.97301" lon="6.90789">
        <ele>1499</ele>
        <extensions>
          <distance>32687</distance>
        </extensions>
      </trkpt>
      <trkpt lat="45.97297" lon="6.90787">
        <ele>1499</ele>
        <extensions>
          <distance>32692</distance>
        </extensions>
      </trkpt>
      <trkpt lat="45.97292" lon="6.90778">
        <ele>1499</ele>
        <extensions>
          <distance>32701</distance>
        </extensions>
      </trkpt>
      <trkpt lat="45.97292" lon="6.90775">
        <ele>1499</ele>
        <extensions>
          <distance>32703</distance>
        </extensions>
      </trkpt>
      <trkpt lat="45.9729" lon="6.90771">
        <ele>1500</ele>
        <extensions>
          <distance>32707</distance>
        </extensions>
      </trkpt>
      <trkpt lat="45.97284" lon="6.90761">
        <ele>1502</ele>
        <extensions>
          <distance>32717</distance>
        </extensions>
      </trkpt>
      <trkpt lat="45.97279" lon="6.90755">
        <ele>1503</ele>
        <extensions>
          <distance>32725</distance>
        </extensions>
      </trkpt>
      <trkpt lat="45.97274" lon="6.90752">
        <ele>1503</ele>
        <extensions>
          <distance>32731</distance>
        </extensions>
      </trkpt>
      <trkpt lat="45.97266" lon="6.90751">
        <ele>1503</ele>
        <extensions>
          <distance>32740</distance>
        </extensions>
      </trkpt>
      <trkpt lat="45.97261" lon="6.90748">
        <ele>1503</ele>
        <extensions>
          <distance>32746</distance>
        </extensions>
      </trkpt>
      <trkpt lat="45.97257" lon="6.90745">
        <ele>1502</ele>
        <extensions>
          <distance>32751</distance>
        </extensions>
      </trkpt>
      <trkpt lat="45.97248" lon="6.90734">
        <ele>1502</ele>
        <extensions>
          <distance>32764</distance>
        </extensions>
      </trkpt>
      <trkpt lat="45.97243" lon="6.90732">
        <ele>1502</ele>
        <extensions>
          <distance>32770</distance>
        </extensions>
      </trkpt>
      <trkpt lat="45.97242" lon="6.90733">
        <ele>1501</ele>
        <extensions>
          <distance>32771</distance>
        </extensions>
      </trkpt>
      <trkpt lat="45.97238" lon="6.90732">
        <ele>1500</ele>
        <extensions>
          <distance>32776</distance>
        </extensions>
      </trkpt>
      <trkpt lat="45.97232" lon="6.90727">
        <ele>1497</ele>
        <extensions>
          <distance>32784</distance>
        </extensions>
      </trkpt>
      <trkpt lat="45.97228" lon="6.90726">
        <ele>1496</ele>
        <extensions>
          <distance>32788</distance>
        </extensions>
      </trkpt>
      <trkpt lat="45.97217" lon="6.90716">
        <ele>1496</ele>
        <extensions>
          <distance>32803</distance>
        </extensions>
      </trkpt>
      <trkpt lat="45.97214" lon="6.90712">
        <ele>1496</ele>
        <extensions>
          <distance>32807</distance>
        </extensions>
      </trkpt>
      <trkpt lat="45.97212" lon="6.90707">
        <ele>1496</ele>
        <extensions>
          <distance>32812</distance>
        </extensions>
      </trkpt>
      <trkpt lat="45.97212" lon="6.907">
        <ele>1496</ele>
        <extensions>
          <distance>32817</distance>
        </extensions>
      </trkpt>
      <trkpt lat="45.97214" lon="6.90695">
        <ele>1497</ele>
        <extensions>
          <distance>32822</distance>
        </extensions>
      </trkpt>
      <trkpt lat="45.97215" lon="6.90688">
        <ele>1500</ele>
        <extensions>
          <distance>32827</distance>
        </extensions>
      </trkpt>
      <trkpt lat="45.97214" lon="6.90685">
        <ele>1500</ele>
        <extensions>
          <distance>32830</distance>
        </extensions>
      </trkpt>
      <trkpt lat="45.97215" lon="6.90674">
        <ele>1504</ele>
        <extensions>
          <distance>32839</distance>
        </extensions>
      </trkpt>
      <trkpt lat="45.97214" lon="6.9067">
        <ele>1504</ele>
        <extensions>
          <distance>32843</distance>
        </extensions>
      </trkpt>
      <trkpt lat="45.97209" lon="6.90664">
        <ele>1504</ele>
        <extensions>
          <distance>32850</distance>
        </extensions>
      </trkpt>
      <trkpt lat="45.97207" lon="6.90657">
        <ele>1506</ele>
        <extensions>
          <distance>32856</distance>
        </extensions>
      </trkpt>
      <trkpt lat="45.97207" lon="6.90651">
        <ele>1506</ele>
        <extensions>
          <distance>32860</distance>
        </extensions>
      </trkpt>
      <trkpt lat="45.97201" lon="6.90628">
        <ele>1508</ele>
        <extensions>
          <distance>32880</distance>
        </extensions>
      </trkpt>
      <trkpt lat="45.97196" lon="6.90626">
        <ele>1508</ele>
        <extensions>
          <distance>32885</distance>
        </extensions>
      </trkpt>
      <trkpt lat="45.97192" lon="6.90626">
        <ele>1508</ele>
        <extensions>
          <distance>32890</distance>
        </extensions>
      </trkpt>
      <trkpt lat="45.97188" lon="6.90628">
        <ele>1508</ele>
        <extensions>
          <distance>32894</distance>
        </extensions>
      </trkpt>
      <trkpt lat="45.97185" lon="6.90628">
        <ele>1507</ele>
        <extensions>
          <distance>32898</distance>
        </extensions>
      </trkpt>
      <trkpt lat="45.9718" lon="6.90632">
        <ele>1505</ele>
        <extensions>
          <distance>32904</distance>
        </extensions>
      </trkpt>
      <trkpt lat="45.97178" lon="6.90632">
        <ele>1505</ele>
        <extensions>
          <distance>32907</distance>
        </extensions>
      </trkpt>
      <trkpt lat="45.97173" lon="6.90641">
        <ele>1504</ele>
        <extensions>
          <distance>32915</distance>
        </extensions>
      </trkpt>
      <trkpt lat="45.9717" lon="6.90641">
        <ele>1503</ele>
        <extensions>
          <distance>32919</distance>
        </extensions>
      </trkpt>
      <trkpt lat="45.97166" lon="6.90637">
        <ele>1503</ele>
        <extensions>
          <distance>32924</distance>
        </extensions>
      </trkpt>
      <trkpt lat="45.97163" lon="6.90637">
        <ele>1503</ele>
        <extensions>
          <distance>32928</distance>
        </extensions>
      </trkpt>
      <trkpt lat="45.97159" lon="6.90641">
        <ele>1504</ele>
        <extensions>
          <distance>32933</distance>
        </extensions>
      </trkpt>
      <trkpt lat="45.97152" lon="6.90643">
        <ele>1504</ele>
        <extensions>
          <distance>32941</distance>
        </extensions>
      </trkpt>
      <trkpt lat="45.97147" lon="6.90637">
        <ele>1510</ele>
        <extensions>
          <distance>32948</distance>
        </extensions>
      </trkpt>
      <trkpt lat="45.97146" lon="6.90634">
        <ele>1512</ele>
        <extensions>
          <distance>32951</distance>
        </extensions>
      </trkpt>
      <trkpt lat="45.97137" lon="6.90624">
        <ele>1518</ele>
        <extensions>
          <distance>32966</distance>
        </extensions>
      </trkpt>
      <trkpt lat="45.97136" lon="6.9062">
        <ele>1520</ele>
        <extensions>
          <distance>32969</distance>
        </extensions>
      </trkpt>
      <trkpt lat="45.97134" lon="6.90618">
        <ele>1522</ele>
        <extensions>
          <distance>32973</distance>
        </extensions>
      </trkpt>
      <trkpt lat="45.97134" lon="6.90615">
        <ele>1524</ele>
        <extensions>
          <distance>32975</distance>
        </extensions>
      </trkpt>
      <trkpt lat="45.97129" lon="6.90602">
        <ele>1528</ele>
        <extensions>
          <distance>32988</distance>
        </extensions>
      </trkpt>
      <trkpt lat="45.97126" lon="6.90599">
        <ele>1529</ele>
        <extensions>
          <distance>32992</distance>
        </extensions>
      </trkpt>
      <trkpt lat="45.97122" lon="6.90598">
        <ele>1529</ele>
        <extensions>
          <distance>32997</distance>
        </extensions>
      </trkpt>
      <trkpt lat="45.97118" lon="6.90573">
        <ele>1536</ele>
        <extensions>
          <distance>33018</distance>
        </extensions>
      </trkpt>
      <trkpt lat="45.97105" lon="6.90559">
        <ele>1536</ele>
        <extensions>
          <distance>33036</distance>
        </extensions>
      </trkpt>
      <trkpt lat="45.97103" lon="6.90559">
        <ele>1536</ele>
        <extensions>
          <distance>33038</distance>
        </extensions>
      </trkpt>
      <trkpt lat="45.97102" lon="6.90557">
        <ele>1536</ele>
        <extensions>
          <distance>33040</distance>
        </extensions>
      </trkpt>
      <trkpt lat="45.971" lon="6.90557">
        <ele>1536</ele>
        <extensions>
          <distance>33042</distance>
        </extensions>
      </trkpt>
      <trkpt lat="45.97096" lon="6.90552">
        <ele>1536</ele>
        <extensions>
          <distance>33048</distance>
        </extensions>
      </trkpt>
      <trkpt lat="45.97093" lon="6.90546">
        <ele>1537</ele>
        <extensions>
          <distance>33054</distance>
        </extensions>
      </trkpt>
      <trkpt lat="45.97092" lon="6.90541">
        <ele>1539</ele>
        <extensions>
          <distance>33058</distance>
        </extensions>
      </trkpt>
      <trkpt lat="45.97087" lon="6.90533">
        <ele>1539</ele>
        <extensions>
          <distance>33066</distance>
        </extensions>
      </trkpt>
      <trkpt lat="45.97087" lon="6.90527">
        <ele>1541</ele>
        <extensions>
          <distance>33071</distance>
        </extensions>
      </trkpt>
      <trkpt lat="45.97084" lon="6.90526">
        <ele>1541</ele>
        <extensions>
          <distance>33074</distance>
        </extensions>
      </trkpt>
      <trkpt lat="45.97082" lon="6.90524">
        <ele>1541</ele>
        <extensions>
          <distance>33077</distance>
        </extensions>
      </trkpt>
      <trkpt lat="45.97071" lon="6.90502">
        <ele>1545</ele>
        <extensions>
          <distance>33098</distance>
        </extensions>
      </trkpt>
      <trkpt lat="45.97068" lon="6.90501">
        <ele>1546</ele>
        <extensions>
          <distance>33102</distance>
        </extensions>
      </trkpt>
      <trkpt lat="45.97064" lon="6.90494">
        <ele>1546</ele>
        <extensions>
          <distance>33109</distance>
        </extensions>
      </trkpt>
      <trkpt lat="45.97058" lon="6.90487">
        <ele>1546</ele>
        <extensions>
          <distance>33117</distance>
        </extensions>
      </trkpt>
      <trkpt lat="45.97054" lon="6.90486">
        <ele>1546</ele>
        <extensions>
          <distance>33122</distance>
        </extensions>
      </trkpt>
      <trkpt lat="45.97049" lon="6.90487">
        <ele>1546</ele>
        <extensions>
          <distance>33127</distance>
        </extensions>
      </trkpt>
      <trkpt lat="45.97048" lon="6.90485">
        <ele>1546</ele>
        <extensions>
          <distance>33129</distance>
        </extensions>
      </trkpt>
      <trkpt lat="45.97049" lon="6.90482">
        <ele>1546</ele>
        <extensions>
          <distance>33132</distance>
        </extensions>
      </trkpt>
      <trkpt lat="45.97048" lon="6.90478">
        <ele>1544</ele>
        <extensions>
          <distance>33135</distance>
        </extensions>
      </trkpt>
      <trkpt lat="45.97042" lon="6.90473">
        <ele>1545</ele>
        <extensions>
          <distance>33143</distance>
        </extensions>
      </trkpt>
      <trkpt lat="45.97039" lon="6.90469">
        <ele>1546</ele>
        <extensions>
          <distance>33147</distance>
        </extensions>
      </trkpt>
      <trkpt lat="45.97031" lon="6.90465">
        <ele>1546</ele>
        <extensions>
          <distance>33157</distance>
        </extensions>
      </trkpt>
      <trkpt lat="45.97028" lon="6.90461">
        <ele>1546</ele>
        <extensions>
          <distance>33161</distance>
        </extensions>
      </trkpt>
      <trkpt lat="45.97016" lon="6.9045">
        <ele>1546</ele>
        <extensions>
          <distance>33177</distance>
        </extensions>
      </trkpt>
      <trkpt lat="45.97013" lon="6.90445">
        <ele>1546</ele>
        <extensions>
          <distance>33182</distance>
        </extensions>
      </trkpt>
      <trkpt lat="45.97011" lon="6.90444">
        <ele>1546</ele>
        <extensions>
          <distance>33185</distance>
        </extensions>
      </trkpt>
      <trkpt lat="45.97001" lon="6.9043">
        <ele>1548</ele>
        <extensions>
          <distance>33200</distance>
        </extensions>
      </trkpt>
      <trkpt lat="45.96995" lon="6.90424">
        <ele>1548</ele>
        <extensions>
          <distance>33208</distance>
        </extensions>
      </trkpt>
      <trkpt lat="45.9699" lon="6.90416">
        <ele>1550</ele>
        <extensions>
          <distance>33217</distance>
        </extensions>
      </trkpt>
      <trkpt lat="45.96988" lon="6.90405">
        <ele>1552</ele>
        <extensions>
          <distance>33226</distance>
        </extensions>
      </trkpt>
      <trkpt lat="45.96985" lon="6.90397">
        <ele>1552</ele>
        <extensions>
          <distance>33233</distance>
        </extensions>
      </trkpt>
      <trkpt lat="45.96981" lon="6.90395">
        <ele>1552</ele>
        <extensions>
          <distance>33238</distance>
        </extensions>
      </trkpt>
      <trkpt lat="45.96977" lon="6.90396">
        <ele>1552</ele>
        <extensions>
          <distance>33242</distance>
        </extensions>
      </trkpt>
      <trkpt lat="45.96972" lon="6.90394">
        <ele>1554</ele>
        <extensions>
          <distance>33248</distance>
        </extensions>
      </trkpt>
      <trkpt lat="45.96968" lon="6.90388">
        <ele>1554</ele>
        <extensions>
          <distance>33254</distance>
        </extensions>
      </trkpt>
      <trkpt lat="45.96965" lon="6.90386">
        <ele>1554</ele>
        <extensions>
          <distance>33258</distance>
        </extensions>
      </trkpt>
      <trkpt lat="45.96963" lon="6.9038">
        <ele>1554</ele>
        <extensions>
          <distance>33263</distance>
        </extensions>
      </trkpt>
      <trkpt lat="45.96961" lon="6.90378">
        <ele>1554</ele>
        <extensions>
          <distance>33266</distance>
        </extensions>
      </trkpt>
      <trkpt lat="45.96954" lon="6.90364">
        <ele>1556</ele>
        <extensions>
          <distance>33279</distance>
        </extensions>
      </trkpt>
      <trkpt lat="45.96947" lon="6.90358">
        <ele>1556</ele>
        <extensions>
          <distance>33288</distance>
        </extensions>
      </trkpt>
      <trkpt lat="45.96944" lon="6.90353">
        <ele>1558</ele>
        <extensions>
          <distance>33294</distance>
        </extensions>
      </trkpt>
      <trkpt lat="45.96943" lon="6.90348">
        <ele>1560</ele>
        <extensions>
          <distance>33298</distance>
        </extensions>
      </trkpt>
      <trkpt lat="45.96938" lon="6.90338">
        <ele>1562</ele>
        <extensions>
          <distance>33308</distance>
        </extensions>
      </trkpt>
      <trkpt lat="45.96934" lon="6.90334">
        <ele>1562</ele>
        <extensions>
          <distance>33313</distance>
        </extensions>
      </trkpt>
      <trkpt lat="45.96931" lon="6.90329">
        <ele>1563</ele>
        <extensions>
          <distance>33318</distance>
        </extensions>
      </trkpt>
      <trkpt lat="45.96914" lon="6.90313">
        <ele>1565</ele>
        <extensions>
          <distance>33341</distance>
        </extensions>
      </trkpt>
      <trkpt lat="45.9691" lon="6.90303">
        <ele>1568</ele>
        <extensions>
          <distance>33350</distance>
        </extensions>
      </trkpt>
      <trkpt lat="45.96908" lon="6.90301">
        <ele>1569</ele>
        <extensions>
          <distance>33353</distance>
        </extensions>
      </trkpt>
      <trkpt lat="45.96906" lon="6.90301">
        <ele>1570</ele>
        <extensions>
          <distance>33355</distance>
        </extensions>
      </trkpt>
      <trkpt lat="45.96899" lon="6.90293">
        <ele>1570</ele>
        <extensions>
          <distance>33365</distance>
        </extensions>
      </trkpt>
      <trkpt lat="45.96895" lon="6.9029">
        <ele>1570</ele>
        <extensions>
          <distance>33370</distance>
        </extensions>
      </trkpt>
      <trkpt lat="45.96894" lon="6.90287">
        <ele>1571</ele>
        <extensions>
          <distance>33373</distance>
        </extensions>
      </trkpt>
      <trkpt lat="45.96892" lon="6.90285">
        <ele>1571</ele>
        <extensions>
          <distance>33376</distance>
        </extensions>
      </trkpt>
      <trkpt lat="45.96885" lon="6.90282">
        <ele>1571</ele>
        <extensions>
          <distance>33384</distance>
        </extensions>
      </trkpt>
      <trkpt lat="45.96881" lon="6.90278">
        <ele>1571</ele>
        <extensions>
          <distance>33389</distance>
        </extensions>
      </trkpt>
      <trkpt lat="45.96877" lon="6.90271">
        <ele>1571</ele>
        <extensions>
          <distance>33396</distance>
        </extensions>
      </trkpt>
      <trkpt lat="45.96873" lon="6.90269">
        <ele>1573</ele>
        <extensions>
          <distance>33401</distance>
        </extensions>
      </trkpt>
      <trkpt lat="45.96869" lon="6.90265">
        <ele>1573</ele>
        <extensions>
          <distance>33406</distance>
        </extensions>
      </trkpt>
      <trkpt lat="45.96855" lon="6.90255">
        <ele>1574</ele>
        <extensions>
          <distance>33424</distance>
        </extensions>
      </trkpt>
      <trkpt lat="45.96848" lon="6.90245">
        <ele>1574</ele>
        <extensions>
          <distance>33435</distance>
        </extensions>
      </trkpt>
      <trkpt lat="45.9684" lon="6.90238">
        <ele>1576</ele>
        <extensions>
          <distance>33445</distance>
        </extensions>
      </trkpt>
      <trkpt lat="45.96835" lon="6.9023">
        <ele>1576</ele>
        <extensions>
          <distance>33454</distance>
        </extensions>
      </trkpt>
      <trkpt lat="45.96829" lon="6.90225">
        <ele>1577</ele>
        <extensions>
          <distance>33461</distance>
        </extensions>
      </trkpt>
      <trkpt lat="45.9682" lon="6.90214">
        <ele>1579</ele>
        <extensions>
          <distance>33475</distance>
        </extensions>
      </trkpt>
      <trkpt lat="45.96814" lon="6.90208">
        <ele>1579</ele>
        <extensions>
          <distance>33483</distance>
        </extensions>
      </trkpt>
      <trkpt lat="45.96807" lon="6.90203">
        <ele>1579</ele>
        <extensions>
          <distance>33491</distance>
        </extensions>
      </trkpt>
      <trkpt lat="45.96806" lon="6.90201">
        <ele>1579</ele>
        <extensions>
          <distance>33493</distance>
        </extensions>
      </trkpt>
      <trkpt lat="45.96801" lon="6.90198">
        <ele>1579</ele>
        <extensions>
          <distance>33499</distance>
        </extensions>
      </trkpt>
      <trkpt lat="45.96795" lon="6.90191">
        <ele>1579</ele>
        <extensions>
          <distance>33508</distance>
        </extensions>
      </trkpt>
      <trkpt lat="45.96792" lon="6.9019">
        <ele>1577</ele>
        <extensions>
          <distance>33511</distance>
        </extensions>
      </trkpt>
      <trkpt lat="45.96778" lon="6.90181">
        <ele>1576</ele>
        <extensions>
          <distance>33528</distance>
        </extensions>
      </trkpt>
      <trkpt lat="45.96774" lon="6.90175">
        <ele>1576</ele>
        <extensions>
          <distance>33535</distance>
        </extensions>
      </trkpt>
      <trkpt lat="45.96772" lon="6.90175">
        <ele>1576</ele>
        <extensions>
          <distance>33537</distance>
        </extensions>
      </trkpt>
      <trkpt lat="45.96769" lon="6.90173">
        <ele>1576</ele>
        <extensions>
          <distance>33541</distance>
        </extensions>
      </trkpt>
      <trkpt lat="45.96766" lon="6.90173">
        <ele>1576</ele>
        <extensions>
          <distance>33544</distance>
        </extensions>
      </trkpt>
      <trkpt lat="45.96758" lon="6.90168">
        <ele>1575</ele>
        <extensions>
          <distance>33554</distance>
        </extensions>
      </trkpt>
      <trkpt lat="45.96755" lon="6.90164">
        <ele>1574</ele>
        <extensions>
          <distance>33558</distance>
        </extensions>
      </trkpt>
      <trkpt lat="45.9675" lon="6.90163">
        <ele>1573</ele>
        <extensions>
          <distance>33564</distance>
        </extensions>
      </trkpt>
      <trkpt lat="45.96743" lon="6.90159">
        <ele>1571</ele>
        <extensions>
          <distance>33573</distance>
        </extensions>
      </trkpt>
      <trkpt lat="45.9674" lon="6.90159">
        <ele>1571</ele>
        <extensions>
          <distance>33576</distance>
        </extensions>
      </trkpt>
      <trkpt lat="45.96739" lon="6.90158">
        <ele>1569</ele>
        <extensions>
          <distance>33577</distance>
        </extensions>
      </trkpt>
      <trkpt lat="45.96731" lon="6.90158">
        <ele>1567</ele>
        <extensions>
          <distance>33587</distance>
        </extensions>
      </trkpt>
      <trkpt lat="45.96729" lon="6.90157">
        <ele>1567</ele>
        <extensions>
          <distance>33589</distance>
        </extensions>
      </trkpt>
      <trkpt lat="45.96724" lon="6.9015">
        <ele>1567</ele>
        <extensions>
          <distance>33597</distance>
        </extensions>
      </trkpt>
      <trkpt lat="45.96719" lon="6.90146">
        <ele>1567</ele>
        <extensions>
          <distance>33603</distance>
        </extensions>
      </trkpt>
      <trkpt lat="45.96703" lon="6.90123">
        <ele>1569</ele>
        <extensions>
          <distance>33628</distance>
        </extensions>
      </trkpt>
      <trkpt lat="45.96691" lon="6.90119">
        <ele>1571</ele>
        <extensions>
          <distance>33642</distance>
        </extensions>
      </trkpt>
      <trkpt lat="45.96682" lon="6.90118">
        <ele>1572</ele>
        <extensions>
          <distance>33652</distance>
        </extensions>
      </trkpt>
      <trkpt lat="45.96665" lon="6.90107">
        <ele>1572</ele>
        <extensions>
          <distance>33673</distance>
        </extensions>
      </trkpt>
      <trkpt lat="45.96657" lon="6.90104">
        <ele>1573</ele>
        <extensions>
          <distance>33682</distance>
        </extensions>
      </trkpt>
      <trkpt lat="45.96653" lon="6.90098">
        <ele>1573</ele>
        <extensions>
          <distance>33689</distance>
        </extensions>
      </trkpt>
      <trkpt lat="45.96651" lon="6.90097">
        <ele>1573</ele>
        <extensions>
          <distance>33691</distance>
        </extensions>
      </trkpt>
      <trkpt lat="45.96648" lon="6.90093">
        <ele>1573</ele>
        <extensions>
          <distance>33696</distance>
        </extensions>
      </trkpt>
      <trkpt lat="45.96637" lon="6.90088">
        <ele>1573</ele>
        <extensions>
          <distance>33708</distance>
        </extensions>
      </trkpt>
      <trkpt lat="45.96637" lon="6.90086">
        <ele>1574</ele>
        <extensions>
          <distance>33710</distance>
        </extensions>
      </trkpt>
      <trkpt lat="45.96634" lon="6.90083">
        <ele>1574</ele>
        <extensions>
          <distance>33714</distance>
        </extensions>
      </trkpt>
      <trkpt lat="45.96625" lon="6.90076">
        <ele>1574</ele>
        <extensions>
          <distance>33725</distance>
        </extensions>
      </trkpt>
      <trkpt lat="45.96627" lon="6.90069">
        <ele>1574</ele>
        <extensions>
          <distance>33731</distance>
        </extensions>
      </trkpt>
      <trkpt lat="45.96631" lon="6.90067">
        <ele>1576</ele>
        <extensions>
          <distance>33736</distance>
        </extensions>
      </trkpt>
      <trkpt lat="45.96625" lon="6.9006">
        <ele>1577</ele>
        <extensions>
          <distance>33745</distance>
        </extensions>
      </trkpt>
      <trkpt lat="45.96625" lon="6.90057">
        <ele>1577</ele>
        <extensions>
          <distance>33747</distance>
        </extensions>
      </trkpt>
      <trkpt lat="45.96622" lon="6.9005">
        <ele>1578</ele>
        <extensions>
          <distance>33753</distance>
        </extensions>
      </trkpt>
      <trkpt lat="45.9662" lon="6.90048">
        <ele>1578</ele>
        <extensions>
          <distance>33756</distance>
        </extensions>
      </trkpt>
      <trkpt lat="45.96623" lon="6.90048">
        <ele>1578</ele>
        <extensions>
          <distance>33759</distance>
        </extensions>
      </trkpt>
      <trkpt lat="45.96625" lon="6.90047">
        <ele>1580</ele>
        <extensions>
          <distance>33762</distance>
        </extensions>
      </trkpt>
      <trkpt lat="45.96626" lon="6.90045">
        <ele>1580</ele>
        <extensions>
          <distance>33764</distance>
        </extensions>
      </trkpt>
      <trkpt lat="45.96628" lon="6.90045">
        <ele>1580</ele>
        <extensions>
          <distance>33766</distance>
        </extensions>
      </trkpt>
      <trkpt lat="45.96634" lon="6.90041">
        <ele>1585</ele>
        <extensions>
          <distance>33775</distance>
        </extensions>
      </trkpt>
      <trkpt lat="45.96633" lon="6.90038">
        <ele>1587</ele>
        <extensions>
          <distance>33777</distance>
        </extensions>
      </trkpt>
      <trkpt lat="45.96633" lon="6.90034">
        <ele>1588</ele>
        <extensions>
          <distance>33781</distance>
        </extensions>
      </trkpt>
      <trkpt lat="45.96634" lon="6.90032">
        <ele>1588</ele>
        <extensions>
          <distance>33783</distance>
        </extensions>
      </trkpt>
      <trkpt lat="45.96632" lon="6.90027">
        <ele>1588</ele>
        <extensions>
          <distance>33787</distance>
        </extensions>
      </trkpt>
      <trkpt lat="45.96629" lon="6.90024">
        <ele>1588</ele>
        <extensions>
          <distance>33791</distance>
        </extensions>
      </trkpt>
      <trkpt lat="45.96627" lon="6.9002">
        <ele>1588</ele>
        <extensions>
          <distance>33795</distance>
        </extensions>
      </trkpt>
      <trkpt lat="45.96627" lon="6.90015">
        <ele>1588</ele>
        <extensions>
          <distance>33799</distance>
        </extensions>
      </trkpt>
      <trkpt lat="45.96625" lon="6.90011">
        <ele>1589</ele>
        <extensions>
          <distance>33803</distance>
        </extensions>
      </trkpt>
      <trkpt lat="45.9662" lon="6.89987">
        <ele>1594</ele>
        <extensions>
          <distance>33823</distance>
        </extensions>
      </trkpt>
      <trkpt lat="45.9662" lon="6.89984">
        <ele>1596</ele>
        <extensions>
          <distance>33825</distance>
        </extensions>
      </trkpt>
      <trkpt lat="45.96621" lon="6.89983">
        <ele>1596</ele>
        <extensions>
          <distance>33827</distance>
        </extensions>
      </trkpt>
      <trkpt lat="45.96617" lon="6.89974">
        <ele>1596</ele>
        <extensions>
          <distance>33835</distance>
        </extensions>
      </trkpt>
      <trkpt lat="45.96616" lon="6.89967">
        <ele>1598</ele>
        <extensions>
          <distance>33841</distance>
        </extensions>
      </trkpt>
      <trkpt lat="45.96612" lon="6.89961">
        <ele>1599</ele>
        <extensions>
          <distance>33847</distance>
        </extensions>
      </trkpt>
      <trkpt lat="45.96608" lon="6.89951">
        <ele>1599</ele>
        <extensions>
          <distance>33856</distance>
        </extensions>
      </trkpt>
      <trkpt lat="45.96608" lon="6.89943">
        <ele>1601</ele>
        <extensions>
          <distance>33863</distance>
        </extensions>
      </trkpt>
      <trkpt lat="45.96605" lon="6.89941">
        <ele>1602</ele>
        <extensions>
          <distance>33866</distance>
        </extensions>
      </trkpt>
      <trkpt lat="45.96605" lon="6.89933">
        <ele>1603</ele>
        <extensions>
          <distance>33872</distance>
        </extensions>
      </trkpt>
      <trkpt lat="45.96603" lon="6.89928">
        <ele>1606</ele>
        <extensions>
          <distance>33878</distance>
        </extensions>
      </trkpt>
      <trkpt lat="45.96599" lon="6.89922">
        <ele>1606</ele>
        <extensions>
          <distance>33884</distance>
        </extensions>
      </trkpt>
      <trkpt lat="45.96594" lon="6.8991">
        <ele>1609</ele>
        <extensions>
          <distance>33895</distance>
        </extensions>
      </trkpt>
      <trkpt lat="45.96589" lon="6.89902">
        <ele>1609</ele>
        <extensions>
          <distance>33904</distance>
        </extensions>
      </trkpt>
      <trkpt lat="45.96582" lon="6.89884">
        <ele>1613</ele>
        <extensions>
          <distance>33920</distance>
        </extensions>
      </trkpt>
      <trkpt lat="45.96582" lon="6.89881">
        <ele>1615</ele>
        <extensions>
          <distance>33922</distance>
        </extensions>
      </trkpt>
      <trkpt lat="45.96578" lon="6.89874">
        <ele>1615</ele>
        <extensions>
          <distance>33929</distance>
        </extensions>
      </trkpt>
      <trkpt lat="45.96576" lon="6.89868">
        <ele>1617</ele>
        <extensions>
          <distance>33935</distance>
        </extensions>
      </trkpt>
      <trkpt lat="45.96574" lon="6.89867">
        <ele>1617</ele>
        <extensions>
          <distance>33937</distance>
        </extensions>
      </trkpt>
      <trkpt lat="45.96574" lon="6.89863">
        <ele>1617</ele>
        <extensions>
          <distance>33940</distance>
        </extensions>
      </trkpt>
      <trkpt lat="45.96572" lon="6.89862">
        <ele>1617</ele>
        <extensions>
          <distance>33943</distance>
        </extensions>
      </trkpt>
      <trkpt lat="45.96572" lon="6.89859">
        <ele>1618</ele>
        <extensions>
          <distance>33945</distance>
        </extensions>
      </trkpt>
      <trkpt lat="45.96568" lon="6.89857">
        <ele>1618</ele>
        <extensions>
          <distance>33950</distance>
        </extensions>
      </trkpt>
      <trkpt lat="45.96563" lon="6.89851">
        <ele>1618</ele>
        <extensions>
          <distance>33957</distance>
        </extensions>
      </trkpt>
      <trkpt lat="45.96561" lon="6.89846">
        <ele>1620</ele>
        <extensions>
          <distance>33962</distance>
        </extensions>
      </trkpt>
      <trkpt lat="45.96561" lon="6.89844">
        <ele>1620</ele>
        <extensions>
          <distance>33963</distance>
        </extensions>
      </trkpt>
      <trkpt lat="45.96564" lon="6.89842">
        <ele>1623</ele>
        <extensions>
          <distance>33968</distance>
        </extensions>
      </trkpt>
      <trkpt lat="45.96565" lon="6.89838">
        <ele>1625</ele>
        <extensions>
          <distance>33971</distance>
        </extensions>
      </trkpt>
      <trkpt lat="45.96575" lon="6.89834">
        <ele>1630</ele>
        <extensions>
          <distance>33984</distance>
        </extensions>
      </trkpt>
      <trkpt lat="45.96583" lon="6.89836">
        <ele>1632</ele>
        <extensions>
          <distance>33993</distance>
        </extensions>
      </trkpt>
      <trkpt lat="45.96585" lon="6.89833">
        <ele>1634</ele>
        <extensions>
          <distance>33997</distance>
        </extensions>
      </trkpt>
      <trkpt lat="45.96583" lon="6.89831">
        <ele>1634</ele>
        <extensions>
          <distance>34000</distance>
        </extensions>
      </trkpt>
      <trkpt lat="45.96581" lon="6.89823">
        <ele>1637</ele>
        <extensions>
          <distance>34007</distance>
        </extensions>
      </trkpt>
      <trkpt lat="45.96575" lon="6.89811">
        <ele>1638</ele>
        <extensions>
          <distance>34018</distance>
        </extensions>
      </trkpt>
      <trkpt lat="45.96564" lon="6.89801">
        <ele>1639</ele>
        <extensions>
          <distance>34033</distance>
        </extensions>
      </trkpt>
      <trkpt lat="45.96561" lon="6.89801">
        <ele>1639</ele>
        <extensions>
          <distance>34036</distance>
        </extensions>
      </trkpt>
      <trkpt lat="45.96552" lon="6.89797">
        <ele>1640</ele>
        <extensions>
          <distance>34047</distance>
        </extensions>
      </trkpt>
      <trkpt lat="45.96545" lon="6.89776">
        <ele>1644</ele>
        <extensions>
          <distance>34065</distance>
        </extensions>
      </trkpt>
      <trkpt lat="45.96543" lon="6.89774">
        <ele>1646</ele>
        <extensions>
          <distance>34068</distance>
        </extensions>
      </trkpt>
      <trkpt lat="45.96543" lon="6.89767">
        <ele>1647</ele>
        <extensions>
          <distance>34074</distance>
        </extensions>
      </trkpt>
      <trkpt lat="45.96547" lon="6.89764">
        <ele>1649</ele>
        <extensions>
          <distance>34079</distance>
        </extensions>
      </trkpt>
      <trkpt lat="45.96548" lon="6.89766">
        <ele>1649</ele>
        <extensions>
          <distance>34081</distance>
        </extensions>
      </trkpt>
      <trkpt lat="45.9655" lon="6.89767">
        <ele>1650</ele>
        <extensions>
          <distance>34084</distance>
        </extensions>
      </trkpt>
      <trkpt lat="45.96553" lon="6.89767">
        <ele>1650</ele>
        <extensions>
          <distance>34087</distance>
        </extensions>
      </trkpt>
      <trkpt lat="45.96556" lon="6.89765">
        <ele>1653</ele>
        <extensions>
          <distance>34091</distance>
        </extensions>
      </trkpt>
      <trkpt lat="45.96556" lon="6.8976">
        <ele>1655</ele>
        <extensions>
          <distance>34095</distance>
        </extensions>
      </trkpt>
      <trkpt lat="45.96551" lon="6.89748">
        <ele>1658</ele>
        <extensions>
          <distance>34107</distance>
        </extensions>
      </trkpt>
      <trkpt lat="45.96551" lon="6.89739">
        <ele>1661</ele>
        <extensions>
          <distance>34114</distance>
        </extensions>
      </trkpt>
      <trkpt lat="45.96552" lon="6.89737">
        <ele>1661</ele>
        <extensions>
          <distance>34116</distance>
        </extensions>
      </trkpt>
      <trkpt lat="45.96556" lon="6.89737">
        <ele>1662</ele>
        <extensions>
          <distance>34121</distance>
        </extensions>
      </trkpt>
      <trkpt lat="45.96557" lon="6.89738">
        <ele>1662</ele>
        <extensions>
          <distance>34122</distance>
        </extensions>
      </trkpt>
      <trkpt lat="45.96566" lon="6.89737">
        <ele>1665</ele>
        <extensions>
          <distance>34132</distance>
        </extensions>
      </trkpt>
      <trkpt lat="45.96572" lon="6.89739">
        <ele>1667</ele>
        <extensions>
          <distance>34139</distance>
        </extensions>
      </trkpt>
      <trkpt lat="45.96574" lon="6.89741">
        <ele>1667</ele>
        <extensions>
          <distance>34142</distance>
        </extensions>
      </trkpt>
      <trkpt lat="45.96578" lon="6.8974">
        <ele>1668</ele>
        <extensions>
          <distance>34147</distance>
        </extensions>
      </trkpt>
      <trkpt lat="45.9658" lon="6.89738">
        <ele>1670</ele>
        <extensions>
          <distance>34150</distance>
        </extensions>
      </trkpt>
      <trkpt lat="45.96582" lon="6.89739">
        <ele>1671</ele>
        <extensions>
          <distance>34153</distance>
        </extensions>
      </trkpt>
      <trkpt lat="45.96584" lon="6.89736">
        <ele>1671</ele>
        <extensions>
          <distance>34156</distance>
        </extensions>
      </trkpt>
      <trkpt lat="45.96589" lon="6.89736">
        <ele>1673</ele>
        <extensions>
          <distance>34161</distance>
        </extensions>
      </trkpt>
      <trkpt lat="45.96591" lon="6.89737">
        <ele>1674</ele>
        <extensions>
          <distance>34164</distance>
        </extensions>
      </trkpt>
      <trkpt lat="45.96592" lon="6.89736">
        <ele>1674</ele>
        <extensions>
          <distance>34166</distance>
        </extensions>
      </trkpt>
      <trkpt lat="45.96595" lon="6.89737">
        <ele>1676</ele>
        <extensions>
          <distance>34169</distance>
        </extensions>
      </trkpt>
      <trkpt lat="45.96599" lon="6.89736">
        <ele>1678</ele>
        <extensions>
          <distance>34174</distance>
        </extensions>
      </trkpt>
      <trkpt lat="45.96602" lon="6.89737">
        <ele>1678</ele>
        <extensions>
          <distance>34178</distance>
        </extensions>
      </trkpt>
      <trkpt lat="45.96607" lon="6.89741">
        <ele>1679</ele>
        <extensions>
          <distance>34184</distance>
        </extensions>
      </trkpt>
      <trkpt lat="45.96609" lon="6.8974">
        <ele>1680</ele>
        <extensions>
          <distance>34187</distance>
        </extensions>
      </trkpt>
      <trkpt lat="45.96605" lon="6.89737">
        <ele>1680</ele>
        <extensions>
          <distance>34192</distance>
        </extensions>
      </trkpt>
      <trkpt lat="45.96605" lon="6.89733">
        <ele>1681</ele>
        <extensions>
          <distance>34195</distance>
        </extensions>
      </trkpt>
      <trkpt lat="45.96608" lon="6.89739">
        <ele>1681</ele>
        <extensions>
          <distance>34201</distance>
        </extensions>
      </trkpt>
      <trkpt lat="45.96611" lon="6.89736">
        <ele>1681</ele>
        <extensions>
          <distance>34205</distance>
        </extensions>
      </trkpt>
      <trkpt lat="45.96619" lon="6.89741">
        <ele>1683</ele>
        <extensions>
          <distance>34214</distance>
        </extensions>
      </trkpt>
      <trkpt lat="45.9662" lon="6.89743">
        <ele>1685</ele>
        <extensions>
          <distance>34217</distance>
        </extensions>
      </trkpt>
      <trkpt lat="45.96622" lon="6.89743">
        <ele>1685</ele>
        <extensions>
          <distance>34219</distance>
        </extensions>
      </trkpt>
      <trkpt lat="45.96622" lon="6.89736">
        <ele>1686</ele>
        <extensions>
          <distance>34224</distance>
        </extensions>
      </trkpt>
      <trkpt lat="45.96621" lon="6.89737">
        <ele>1686</ele>
        <extensions>
          <distance>34226</distance>
        </extensions>
      </trkpt>
      <trkpt lat="45.9662" lon="6.89735">
        <ele>1687</ele>
        <extensions>
          <distance>34228</distance>
        </extensions>
      </trkpt>
      <trkpt lat="45.96622" lon="6.89727">
        <ele>1689</ele>
        <extensions>
          <distance>34235</distance>
        </extensions>
      </trkpt>
      <trkpt lat="45.96624" lon="6.89726">
        <ele>1691</ele>
        <extensions>
          <distance>34237</distance>
        </extensions>
      </trkpt>
      <trkpt lat="45.96625" lon="6.89724">
        <ele>1691</ele>
        <extensions>
          <distance>34239</distance>
        </extensions>
      </trkpt>
      <trkpt lat="45.96624" lon="6.8972">
        <ele>1692</ele>
        <extensions>
          <distance>34243</distance>
        </extensions>
      </trkpt>
      <trkpt lat="45.96627" lon="6.89718">
        <ele>1693</ele>
        <extensions>
          <distance>34246</distance>
        </extensions>
      </trkpt>
      <trkpt lat="45.9663" lon="6.89714">
        <ele>1695</ele>
        <extensions>
          <distance>34251</distance>
        </extensions>
      </trkpt>
      <trkpt lat="45.9663" lon="6.8971">
        <ele>1695</ele>
        <extensions>
          <distance>34255</distance>
        </extensions>
      </trkpt>
      <trkpt lat="45.96628" lon="6.89709">
        <ele>1696</ele>
        <extensions>
          <distance>34257</distance>
        </extensions>
      </trkpt>
      <trkpt lat="45.96626" lon="6.89705">
        <ele>1696</ele>
        <extensions>
          <distance>34261</distance>
        </extensions>
      </trkpt>
      <trkpt lat="45.96622" lon="6.89705">
        <ele>1696</ele>
        <extensions>
          <distance>34265</distance>
        </extensions>
      </trkpt>
      <trkpt lat="45.96621" lon="6.897">
        <ele>1695</ele>
        <extensions>
          <distance>34269</distance>
        </extensions>
      </trkpt>
      <trkpt lat="45.96617" lon="6.89701">
        <ele>1694</ele>
        <extensions>
          <distance>34274</distance>
        </extensions>
      </trkpt>
      <trkpt lat="45.96612" lon="6.89704">
        <ele>1694</ele>
        <extensions>
          <distance>34280</distance>
        </extensions>
      </trkpt>
      <trkpt lat="45.9661" lon="6.89703">
        <ele>1694</ele>
        <extensions>
          <distance>34282</distance>
        </extensions>
      </trkpt>
      <trkpt lat="45.9661" lon="6.89691">
        <ele>1694</ele>
        <extensions>
          <distance>34291</distance>
        </extensions>
      </trkpt>
      <trkpt lat="45.96607" lon="6.89688">
        <ele>1694</ele>
        <extensions>
          <distance>34295</distance>
        </extensions>
      </trkpt>
      <trkpt lat="45.96605" lon="6.8968">
        <ele>1694</ele>
        <extensions>
          <distance>34302</distance>
        </extensions>
      </trkpt>
      <trkpt lat="45.96605" lon="6.89676">
        <ele>1695</ele>
        <extensions>
          <distance>34305</distance>
        </extensions>
      </trkpt>
      <trkpt lat="45.96599" lon="6.89655">
        <ele>1698</ele>
        <extensions>
          <distance>34323</distance>
        </extensions>
      </trkpt>
      <trkpt lat="45.96599" lon="6.89646">
        <ele>1700</ele>
        <extensions>
          <distance>34330</distance>
        </extensions>
      </trkpt>
      <trkpt lat="45.96594" lon="6.89639">
        <ele>1700</ele>
        <extensions>
          <distance>34338</distance>
        </extensions>
      </trkpt>
      <trkpt lat="45.96594" lon="6.89631">
        <ele>1702</ele>
        <extensions>
          <distance>34344</distance>
        </extensions>
      </trkpt>
      <trkpt lat="45.96592" lon="6.89624">
        <ele>1702</ele>
        <extensions>
          <distance>34350</distance>
        </extensions>
      </trkpt>
      <trkpt lat="45.96587" lon="6.89615">
        <ele>1703</ele>
        <extensions>
          <distance>34359</distance>
        </extensions>
      </trkpt>
      <trkpt lat="45.96583" lon="6.89613">
        <ele>1703</ele>
        <extensions>
          <distance>34364</distance>
        </extensions>
      </trkpt>
      <trkpt lat="45.96582" lon="6.89611">
        <ele>1704</ele>
        <extensions>
          <distance>34366</distance>
        </extensions>
      </trkpt>
      <trkpt lat="45.96581" lon="6.89607">
        <ele>1704</ele>
        <extensions>
          <distance>34369</distance>
        </extensions>
      </trkpt>
      <trkpt lat="45.96581" lon="6.89598">
        <ele>1707</ele>
        <extensions>
          <distance>34376</distance>
        </extensions>
      </trkpt>
      <trkpt lat="45.96578" lon="6.89591">
        <ele>1707</ele>
        <extensions>
          <distance>34383</distance>
        </extensions>
      </trkpt>
      <trkpt lat="45.96578" lon="6.89588">
        <ele>1707</ele>
        <extensions>
          <distance>34385</distance>
        </extensions>
      </trkpt>
      <trkpt lat="45.96574" lon="6.89587">
        <ele>1707</ele>
        <extensions>
          <distance>34389</distance>
        </extensions>
      </trkpt>
      <trkpt lat="45.96568" lon="6.89583">
        <ele>1708</ele>
        <extensions>
          <distance>34397</distance>
        </extensions>
      </trkpt>
      <trkpt lat="45.96562" lon="6.89581">
        <ele>1708</ele>
        <extensions>
          <distance>34404</distance>
        </extensions>
      </trkpt>
      <trkpt lat="45.9656" lon="6.89576">
        <ele>1709</ele>
        <extensions>
          <distance>34408</distance>
        </extensions>
      </trkpt>
      <trkpt lat="45.96555" lon="6.8957">
        <ele>1709</ele>
        <extensions>
          <distance>34415</distance>
        </extensions>
      </trkpt>
      <trkpt lat="45.96553" lon="6.89566">
        <ele>1711</ele>
        <extensions>
          <distance>34419</distance>
        </extensions>
      </trkpt>
      <trkpt lat="45.96547" lon="6.89559">
        <ele>1712</ele>
        <extensions>
          <distance>34428</distance>
        </extensions>
      </trkpt>
      <trkpt lat="45.96545" lon="6.89558">
        <ele>1713</ele>
        <extensions>
          <distance>34430</distance>
        </extensions>
      </trkpt>
      <trkpt lat="45.96541" lon="6.8955">
        <ele>1714</ele>
        <extensions>
          <distance>34438</distance>
        </extensions>
      </trkpt>
      <trkpt lat="45.96536" lon="6.89535">
        <ele>1716</ele>
        <extensions>
          <distance>34451</distance>
        </extensions>
      </trkpt>
      <trkpt lat="45.96534" lon="6.89531">
        <ele>1718</ele>
        <extensions>
          <distance>34455</distance>
        </extensions>
      </trkpt>
      <trkpt lat="45.96531" lon="6.89529">
        <ele>1718</ele>
        <extensions>
          <distance>34459</distance>
        </extensions>
      </trkpt>
      <trkpt lat="45.96529" lon="6.89519">
        <ele>1720</ele>
        <extensions>
          <distance>34467</distance>
        </extensions>
      </trkpt>
      <trkpt lat="45.96527" lon="6.89513">
        <ele>1722</ele>
        <extensions>
          <distance>34473</distance>
        </extensions>
      </trkpt>
      <trkpt lat="45.96525" lon="6.89511">
        <ele>1723</ele>
        <extensions>
          <distance>34475</distance>
        </extensions>
      </trkpt>
      <trkpt lat="45.96524" lon="6.89503">
        <ele>1725</ele>
        <extensions>
          <distance>34482</distance>
        </extensions>
      </trkpt>
      <trkpt lat="45.96522" lon="6.89498">
        <ele>1726</ele>
        <extensions>
          <distance>34487</distance>
        </extensions>
      </trkpt>
      <trkpt lat="45.96514" lon="6.89491">
        <ele>1728</ele>
        <extensions>
          <distance>34497</distance>
        </extensions>
      </trkpt>
      <trkpt lat="45.96512" lon="6.8949">
        <ele>1729</ele>
        <extensions>
          <distance>34500</distance>
        </extensions>
      </trkpt>
      <trkpt lat="45.96507" lon="6.8949">
        <ele>1729</ele>
        <extensions>
          <distance>34505</distance>
        </extensions>
      </trkpt>
      <trkpt lat="45.96506" lon="6.89489">
        <ele>1729</ele>
        <extensions>
          <distance>34507</distance>
        </extensions>
      </trkpt>
      <trkpt lat="45.96508" lon="6.89482">
        <ele>1732</ele>
        <extensions>
          <distance>34513</distance>
        </extensions>
      </trkpt>
      <trkpt lat="45.96507" lon="6.8948">
        <ele>1732</ele>
        <extensions>
          <distance>34515</distance>
        </extensions>
      </trkpt>
      <trkpt lat="45.96502" lon="6.8948">
        <ele>1732</ele>
        <extensions>
          <distance>34520</distance>
        </extensions>
      </trkpt>
      <trkpt lat="45.96498" lon="6.89478">
        <ele>1733</ele>
        <extensions>
          <distance>34525</distance>
        </extensions>
      </trkpt>
      <trkpt lat="45.96498" lon="6.89475">
        <ele>1734</ele>
        <extensions>
          <distance>34527</distance>
        </extensions>
      </trkpt>
      <trkpt lat="45.96503" lon="6.89463">
        <ele>1737</ele>
        <extensions>
          <distance>34539</distance>
        </extensions>
      </trkpt>
      <trkpt lat="45.96502" lon="6.89461">
        <ele>1737</ele>
        <extensions>
          <distance>34541</distance>
        </extensions>
      </trkpt>
      <trkpt lat="45.96494" lon="6.89456">
        <ele>1739</ele>
        <extensions>
          <distance>34550</distance>
        </extensions>
      </trkpt>
      <trkpt lat="45.96492" lon="6.89456">
        <ele>1739</ele>
        <extensions>
          <distance>34553</distance>
        </extensions>
      </trkpt>
      <trkpt lat="45.96488" lon="6.8945">
        <ele>1740</ele>
        <extensions>
          <distance>34559</distance>
        </extensions>
      </trkpt>
      <trkpt lat="45.96485" lon="6.89441">
        <ele>1742</ele>
        <extensions>
          <distance>34567</distance>
        </extensions>
      </trkpt>
      <trkpt lat="45.96483" lon="6.89439">
        <ele>1742</ele>
        <extensions>
          <distance>34570</distance>
        </extensions>
      </trkpt>
      <trkpt lat="45.9648" lon="6.89432">
        <ele>1743</ele>
        <extensions>
          <distance>34576</distance>
        </extensions>
      </trkpt>
      <trkpt lat="45.9648" lon="6.89425">
        <ele>1744</ele>
        <extensions>
          <distance>34582</distance>
        </extensions>
      </trkpt>
      <trkpt lat="45.96478" lon="6.89421">
        <ele>1745</ele>
        <extensions>
          <distance>34586</distance>
        </extensions>
      </trkpt>
      <trkpt lat="45.96478" lon="6.89414">
        <ele>1745</ele>
        <extensions>
          <distance>34591</distance>
        </extensions>
      </trkpt>
      <trkpt lat="45.96477" lon="6.89412">
        <ele>1746</ele>
        <extensions>
          <distance>34593</distance>
        </extensions>
      </trkpt>
      <trkpt lat="45.96478" lon="6.89409">
        <ele>1746</ele>
        <extensions>
          <distance>34596</distance>
        </extensions>
      </trkpt>
      <trkpt lat="45.96475" lon="6.89405">
        <ele>1746</ele>
        <extensions>
          <distance>34600</distance>
        </extensions>
      </trkpt>
      <trkpt lat="45.96469" lon="6.89386">
        <ele>1749</ele>
        <extensions>
          <distance>34617</distance>
        </extensions>
      </trkpt>
      <trkpt lat="45.96468" lon="6.89384">
        <ele>1749</ele>
        <extensions>
          <distance>34619</distance>
        </extensions>
      </trkpt>
      <trkpt lat="45.96463" lon="6.8938">
        <ele>1750</ele>
        <extensions>
          <distance>34625</distance>
        </extensions>
      </trkpt>
      <trkpt lat="45.96462" lon="6.89377">
        <ele>1750</ele>
        <extensions>
          <distance>34628</distance>
        </extensions>
      </trkpt>
      <trkpt lat="45.9646" lon="6.89375">
        <ele>1750</ele>
        <extensions>
          <distance>34630</distance>
        </extensions>
      </trkpt>
      <trkpt lat="45.96457" lon="6.89367">
        <ele>1751</ele>
        <extensions>
          <distance>34637</distance>
        </extensions>
      </trkpt>
      <trkpt lat="45.96455" lon="6.89365">
        <ele>1751</ele>
        <extensions>
          <distance>34640</distance>
        </extensions>
      </trkpt>
      <trkpt lat="45.96451" lon="6.89353">
        <ele>1752</ele>
        <extensions>
          <distance>34650</distance>
        </extensions>
      </trkpt>
      <trkpt lat="45.96449" lon="6.89351">
        <ele>1752</ele>
        <extensions>
          <distance>34653</distance>
        </extensions>
      </trkpt>
      <trkpt lat="45.96449" lon="6.89349">
        <ele>1752</ele>
        <extensions>
          <distance>34655</distance>
        </extensions>
      </trkpt>
      <trkpt lat="45.96444" lon="6.89342">
        <ele>1753</ele>
        <extensions>
          <distance>34662</distance>
        </extensions>
      </trkpt>
      <trkpt lat="45.96441" lon="6.89335">
        <ele>1754</ele>
        <extensions>
          <distance>34669</distance>
        </extensions>
      </trkpt>
      <trkpt lat="45.96441" lon="6.89329">
        <ele>1754</ele>
        <extensions>
          <distance>34674</distance>
        </extensions>
      </trkpt>
      <trkpt lat="45.9644" lon="6.89327">
        <ele>1755</ele>
        <extensions>
          <distance>34676</distance>
        </extensions>
      </trkpt>
      <trkpt lat="45.96439" lon="6.89314">
        <ele>1756</ele>
        <extensions>
          <distance>34686</distance>
        </extensions>
      </trkpt>
      <trkpt lat="45.96437" lon="6.89305">
        <ele>1757</ele>
        <extensions>
          <distance>34693</distance>
        </extensions>
      </trkpt>
      <trkpt lat="45.96436" lon="6.89288">
        <ele>1760</ele>
        <extensions>
          <distance>34707</distance>
        </extensions>
      </trkpt>
      <trkpt lat="45.96435" lon="6.89286">
        <ele>1760</ele>
        <extensions>
          <distance>34709</distance>
        </extensions>
      </trkpt>
      <trkpt lat="45.96435" lon="6.89263">
        <ele>1764</ele>
        <extensions>
          <distance>34727</distance>
        </extensions>
      </trkpt>
      <trkpt lat="45.96434" lon="6.89261">
        <ele>1764</ele>
        <extensions>
          <distance>34729</distance>
        </extensions>
      </trkpt>
      <trkpt lat="45.96434" lon="6.89253">
        <ele>1765</ele>
        <extensions>
          <distance>34735</distance>
        </extensions>
      </trkpt>
      <trkpt lat="45.96433" lon="6.89251">
        <ele>1765</ele>
        <extensions>
          <distance>34737</distance>
        </extensions>
      </trkpt>
      <trkpt lat="45.96433" lon="6.89227">
        <ele>1769</ele>
        <extensions>
          <distance>34756</distance>
        </extensions>
      </trkpt>
      <trkpt lat="45.9643" lon="6.89216">
        <ele>1771</ele>
        <extensions>
          <distance>34765</distance>
        </extensions>
      </trkpt>
      <trkpt lat="45.96428" lon="6.89194">
        <ele>1775</ele>
        <extensions>
          <distance>34783</distance>
        </extensions>
      </trkpt>
      <trkpt lat="45.96426" lon="6.89187">
        <ele>1775</ele>
        <extensions>
          <distance>34789</distance>
        </extensions>
      </trkpt>
      <trkpt lat="45.96424" lon="6.89173">
        <ele>1778</ele>
        <extensions>
          <distance>34800</distance>
        </extensions>
      </trkpt>
      <trkpt lat="45.96417" lon="6.89152">
        <ele>1780</ele>
        <extensions>
          <distance>34818</distance>
        </extensions>
      </trkpt>
      <trkpt lat="45.96417" lon="6.89149">
        <ele>1781</ele>
        <extensions>
          <distance>34821</distance>
        </extensions>
      </trkpt>
      <trkpt lat="45.96415" lon="6.89145">
        <ele>1781</ele>
        <extensions>
          <distance>34825</distance>
        </extensions>
      </trkpt>
      <trkpt lat="45.96415" lon="6.89135">
        <ele>1783</ele>
        <extensions>
          <distance>34832</distance>
        </extensions>
      </trkpt>
      <trkpt lat="45.96413" lon="6.8913">
        <ele>1784</ele>
        <extensions>
          <distance>34837</distance>
        </extensions>
      </trkpt>
      <trkpt lat="45.96409" lon="6.89103">
        <ele>1787</ele>
        <extensions>
          <distance>34859</distance>
        </extensions>
      </trkpt>
      <trkpt lat="45.96408" lon="6.89102">
        <ele>1787</ele>
        <extensions>
          <distance>34860</distance>
        </extensions>
      </trkpt>
      <trkpt lat="45.96408" lon="6.89087">
        <ele>1790</ele>
        <extensions>
          <distance>34872</distance>
        </extensions>
      </trkpt>
      <trkpt lat="45.96407" lon="6.89084">
        <ele>1790</ele>
        <extensions>
          <distance>34875</distance>
        </extensions>
      </trkpt>
      <trkpt lat="45.96407" lon="6.89076">
        <ele>1792</ele>
        <extensions>
          <distance>34881</distance>
        </extensions>
      </trkpt>
      <trkpt lat="45.96406" lon="6.89074">
        <ele>1792</ele>
        <extensions>
          <distance>34883</distance>
        </extensions>
      </trkpt>
      <trkpt lat="45.96406" lon="6.89038">
        <ele>1798</ele>
        <extensions>
          <distance>34911</distance>
        </extensions>
      </trkpt>
      <trkpt lat="45.96404" lon="6.89028">
        <ele>1799</ele>
        <extensions>
          <distance>34919</distance>
        </extensions>
      </trkpt>
      <trkpt lat="45.96405" lon="6.89025">
        <ele>1799</ele>
        <extensions>
          <distance>34922</distance>
        </extensions>
      </trkpt>
      <trkpt lat="45.96404" lon="6.89006">
        <ele>1802</ele>
        <extensions>
          <distance>34937</distance>
        </extensions>
      </trkpt>
      <trkpt lat="45.964" lon="6.88989">
        <ele>1805</ele>
        <extensions>
          <distance>34951</distance>
        </extensions>
      </trkpt>
      <trkpt lat="45.96394" lon="6.88971">
        <ele>1808</ele>
        <extensions>
          <distance>34967</distance>
        </extensions>
      </trkpt>
      <trkpt lat="45.96388" lon="6.88961">
        <ele>1810</ele>
        <extensions>
          <distance>34977</distance>
        </extensions>
      </trkpt>
      <trkpt lat="45.96378" lon="6.88952">
        <ele>1812</ele>
        <extensions>
          <distance>34991</distance>
        </extensions>
      </trkpt>
      <trkpt lat="45.96377" lon="6.8895">
        <ele>1813</ele>
        <extensions>
          <distance>34993</distance>
        </extensions>
      </trkpt>
      <trkpt lat="45.96368" lon="6.88946">
        <ele>1815</ele>
        <extensions>
          <distance>35003</distance>
        </extensions>
      </trkpt>
      <trkpt lat="45.96364" lon="6.88943">
        <ele>1816</ele>
        <extensions>
          <distance>35008</distance>
        </extensions>
      </trkpt>
      <trkpt lat="45.96358" lon="6.88935">
        <ele>1818</ele>
        <extensions>
          <distance>35018</distance>
        </extensions>
      </trkpt>
      <trkpt lat="45.96357" lon="6.88931">
        <ele>1820</ele>
        <extensions>
          <distance>35021</distance>
        </extensions>
      </trkpt>
      <trkpt lat="45.96355" lon="6.88929">
        <ele>1820</ele>
        <extensions>
          <distance>35024</distance>
        </extensions>
      </trkpt>
      <trkpt lat="45.96355" lon="6.88927">
        <ele>1820</ele>
        <extensions>
          <distance>35025</distance>
        </extensions>
      </trkpt>
      <trkpt lat="45.96346" lon="6.88911">
        <ele>1825</ele>
        <extensions>
          <distance>35042</distance>
        </extensions>
      </trkpt>
      <trkpt lat="45.96346" lon="6.88909">
        <ele>1825</ele>
        <extensions>
          <distance>35044</distance>
        </extensions>
      </trkpt>
      <trkpt lat="45.96344" lon="6.88906">
        <ele>1826</ele>
        <extensions>
          <distance>35047</distance>
        </extensions>
      </trkpt>
      <trkpt lat="45.96341" lon="6.88897">
        <ele>1828</ele>
        <extensions>
          <distance>35055</distance>
        </extensions>
      </trkpt>
      <trkpt lat="45.96341" lon="6.88893">
        <ele>1828</ele>
        <extensions>
          <distance>35058</distance>
        </extensions>
      </trkpt>
      <trkpt lat="45.96339" lon="6.88887">
        <ele>1829</ele>
        <extensions>
          <distance>35064</distance>
        </extensions>
      </trkpt>
      <trkpt lat="45.9633" lon="6.8887">
        <ele>1832</ele>
        <extensions>
          <distance>35080</distance>
        </extensions>
      </trkpt>
      <trkpt lat="45.9633" lon="6.88868">
        <ele>1833</ele>
        <extensions>
          <distance>35082</distance>
        </extensions>
      </trkpt>
      <trkpt lat="45.96325" lon="6.88859">
        <ele>1834</ele>
        <extensions>
          <distance>35091</distance>
        </extensions>
      </trkpt>
      <trkpt lat="45.96323" lon="6.88858">
        <ele>1835</ele>
        <extensions>
          <distance>35094</distance>
        </extensions>
      </trkpt>
      <trkpt lat="45.96319" lon="6.88851">
        <ele>1836</ele>
        <extensions>
          <distance>35101</distance>
        </extensions>
      </trkpt>
      <trkpt lat="45.96308" lon="6.8883">
        <ele>1839</ele>
        <extensions>
          <distance>35121</distance>
        </extensions>
      </trkpt>
      <trkpt lat="45.96298" lon="6.88809">
        <ele>1841</ele>
        <extensions>
          <distance>35141</distance>
        </extensions>
      </trkpt>
      <trkpt lat="45.96292" lon="6.888">
        <ele>1843</ele>
        <extensions>
          <distance>35151</distance>
        </extensions>
      </trkpt>
      <trkpt lat="45.96287" lon="6.88789">
        <ele>1844</ele>
        <extensions>
          <distance>35161</distance>
        </extensions>
      </trkpt>
      <trkpt lat="45.96284" lon="6.88786">
        <ele>1845</ele>
        <extensions>
          <distance>35165</distance>
        </extensions>
      </trkpt>
      <trkpt lat="45.96282" lon="6.88782">
        <ele>1845</ele>
        <extensions>
          <distance>35169</distance>
        </extensions>
      </trkpt>
      <trkpt lat="45.96273" lon="6.88776">
        <ele>1846</ele>
        <extensions>
          <distance>35180</distance>
        </extensions>
      </trkpt>
      <trkpt lat="45.96266" lon="6.88776">
        <ele>1847</ele>
        <extensions>
          <distance>35188</distance>
        </extensions>
      </trkpt>
      <trkpt lat="45.9626" lon="6.88779">
        <ele>1847</ele>
        <extensions>
          <distance>35195</distance>
        </extensions>
      </trkpt>
      <trkpt lat="45.96254" lon="6.88779">
        <ele>1847</ele>
        <extensions>
          <distance>35202</distance>
        </extensions>
      </trkpt>
      <trkpt lat="45.96245" lon="6.88782">
        <ele>1848</ele>
        <extensions>
          <distance>35212</distance>
        </extensions>
      </trkpt>
      <trkpt lat="45.9624" lon="6.88782">
        <ele>1848</ele>
        <extensions>
          <distance>35217</distance>
        </extensions>
      </trkpt>
      <trkpt lat="45.96238" lon="6.88783">
        <ele>1848</ele>
        <extensions>
          <distance>35220</distance>
        </extensions>
      </trkpt>
      <trkpt lat="45.96232" lon="6.88782">
        <ele>1849</ele>
        <extensions>
          <distance>35227</distance>
        </extensions>
      </trkpt>
      <trkpt lat="45.96217" lon="6.88775">
        <ele>1850</ele>
        <extensions>
          <distance>35244</distance>
        </extensions>
      </trkpt>
      <trkpt lat="45.96202" lon="6.88758">
        <ele>1853</ele>
        <extensions>
          <distance>35266</distance>
        </extensions>
      </trkpt>
      <trkpt lat="45.96198" lon="6.88749">
        <ele>1855</ele>
        <extensions>
          <distance>35274</distance>
        </extensions>
      </trkpt>
      <trkpt lat="45.96193" lon="6.88731">
        <ele>1859</ele>
        <extensions>
          <distance>35290</distance>
        </extensions>
      </trkpt>
      <trkpt lat="45.96191" lon="6.88728">
        <ele>1859</ele>
        <extensions>
          <distance>35293</distance>
        </extensions>
      </trkpt>
      <trkpt lat="45.96185" lon="6.88697">
        <ele>1867</ele>
        <extensions>
          <distance>35319</distance>
        </extensions>
      </trkpt>
      <trkpt lat="45.96185" lon="6.88676">
        <ele>1869</ele>
        <extensions>
          <distance>35335</distance>
        </extensions>
      </trkpt>
      <trkpt lat="45.96187" lon="6.88671">
        <ele>1870</ele>
        <extensions>
          <distance>35340</distance>
        </extensions>
      </trkpt>
      <trkpt lat="45.96187" lon="6.88661">
        <ele>1871</ele>
        <extensions>
          <distance>35348</distance>
        </extensions>
      </trkpt>
      <trkpt lat="45.9619" lon="6.8865">
        <ele>1872</ele>
        <extensions>
          <distance>35357</distance>
        </extensions>
      </trkpt>
      <trkpt lat="45.96193" lon="6.88646">
        <ele>1873</ele>
        <extensions>
          <distance>35362</distance>
        </extensions>
      </trkpt>
      <trkpt lat="45.96193" lon="6.88643">
        <ele>1873</ele>
        <extensions>
          <distance>35364</distance>
        </extensions>
      </trkpt>
      <trkpt lat="45.96196" lon="6.88637">
        <ele>1873</ele>
        <extensions>
          <distance>35370</distance>
        </extensions>
      </trkpt>
      <trkpt lat="45.96196" lon="6.88628">
        <ele>1876</ele>
        <extensions>
          <distance>35377</distance>
        </extensions>
      </trkpt>
      <trkpt lat="45.96195" lon="6.88626">
        <ele>1876</ele>
        <extensions>
          <distance>35379</distance>
        </extensions>
      </trkpt>
      <trkpt lat="45.96192" lon="6.88625">
        <ele>1878</ele>
        <extensions>
          <distance>35382</distance>
        </extensions>
      </trkpt>
      <trkpt lat="45.96189" lon="6.88626">
        <ele>1879</ele>
        <extensions>
          <distance>35386</distance>
        </extensions>
      </trkpt>
      <trkpt lat="45.96185" lon="6.88631">
        <ele>1879</ele>
        <extensions>
          <distance>35392</distance>
        </extensions>
      </trkpt>
      <trkpt lat="45.96182" lon="6.88633">
        <ele>1880</ele>
        <extensions>
          <distance>35396</distance>
        </extensions>
      </trkpt>
      <trkpt lat="45.96178" lon="6.88634">
        <ele>1880</ele>
        <extensions>
          <distance>35400</distance>
        </extensions>
      </trkpt>
      <trkpt lat="45.96173" lon="6.8864">
        <ele>1882</ele>
        <extensions>
          <distance>35408</distance>
        </extensions>
      </trkpt>
      <trkpt lat="45.96171" lon="6.88641">
        <ele>1883</ele>
        <extensions>
          <distance>35410</distance>
        </extensions>
      </trkpt>
      <trkpt lat="45.96167" lon="6.8865">
        <ele>1883</ele>
        <extensions>
          <distance>35418</distance>
        </extensions>
      </trkpt>
      <trkpt lat="45.96161" lon="6.88655">
        <ele>1883</ele>
        <extensions>
          <distance>35426</distance>
        </extensions>
      </trkpt>
      <trkpt lat="45.96157" lon="6.88661">
        <ele>1883</ele>
        <extensions>
          <distance>35432</distance>
        </extensions>
      </trkpt>
      <trkpt lat="45.96154" lon="6.88663">
        <ele>1884</ele>
        <extensions>
          <distance>35436</distance>
        </extensions>
      </trkpt>
      <trkpt lat="45.96148" lon="6.88671">
        <ele>1885</ele>
        <extensions>
          <distance>35445</distance>
        </extensions>
      </trkpt>
      <trkpt lat="45.96142" lon="6.88675">
        <ele>1887</ele>
        <extensions>
          <distance>35453</distance>
        </extensions>
      </trkpt>
      <trkpt lat="45.96139" lon="6.88679">
        <ele>1887</ele>
        <extensions>
          <distance>35457</distance>
        </extensions>
      </trkpt>
      <trkpt lat="45.96133" lon="6.88682">
        <ele>1888</ele>
        <extensions>
          <distance>35465</distance>
        </extensions>
      </trkpt>
      <trkpt lat="45.96128" lon="6.88684">
        <ele>1888</ele>
        <extensions>
          <distance>35470</distance>
        </extensions>
      </trkpt>
      <trkpt lat="45.96119" lon="6.88685">
        <ele>1888</ele>
        <extensions>
          <distance>35480</distance>
        </extensions>
      </trkpt>
      <trkpt lat="45.96118" lon="6.88686">
        <ele>1888</ele>
        <extensions>
          <distance>35482</distance>
        </extensions>
      </trkpt>
      <trkpt lat="45.96106" lon="6.88686">
        <ele>1890</ele>
        <extensions>
          <distance>35495</distance>
        </extensions>
      </trkpt>
      <trkpt lat="45.96095" lon="6.88683">
        <ele>1891</ele>
        <extensions>
          <distance>35508</distance>
        </extensions>
      </trkpt>
      <trkpt lat="45.96089" lon="6.88683">
        <ele>1892</ele>
        <extensions>
          <distance>35514</distance>
        </extensions>
      </trkpt>
      <trkpt lat="45.96087" lon="6.88684">
        <ele>1892</ele>
        <extensions>
          <distance>35517</distance>
        </extensions>
      </trkpt>
      <trkpt lat="45.96071" lon="6.88679">
        <ele>1892</ele>
        <extensions>
          <distance>35535</distance>
        </extensions>
      </trkpt>
      <trkpt lat="45.9607" lon="6.88677">
        <ele>1892</ele>
        <extensions>
          <distance>35537</distance>
        </extensions>
      </trkpt>
      <trkpt lat="45.96054" lon="6.88668">
        <ele>1892</ele>
        <extensions>
          <distance>35556</distance>
        </extensions>
      </trkpt>
      <trkpt lat="45.9605" lon="6.88664">
        <ele>1892</ele>
        <extensions>
          <distance>35561</distance>
        </extensions>
      </trkpt>
      <trkpt lat="45.96049" lon="6.88662">
        <ele>1892</ele>
        <extensions>
          <distance>35563</distance>
        </extensions>
      </trkpt>
      <trkpt lat="45.96052" lon="6.88642">
        <ele>1892</ele>
        <extensions>
          <distance>35579</distance>
        </extensions>
      </trkpt>
      <trkpt lat="45.9605" lon="6.88639">
        <ele>1892</ele>
        <extensions>
          <distance>35582</distance>
        </extensions>
      </trkpt>
      <trkpt lat="45.96046" lon="6.88636">
        <ele>1892</ele>
        <extensions>
          <distance>35587</distance>
        </extensions>
      </trkpt>
      <trkpt lat="45.96043" lon="6.88625">
        <ele>1891</ele>
        <extensions>
          <distance>35596</distance>
        </extensions>
      </trkpt>
      <trkpt lat="45.96032" lon="6.88605">
        <ele>1889</ele>
        <extensions>
          <distance>35616</distance>
        </extensions>
      </trkpt>
      <trkpt lat="45.96025" lon="6.88598">
        <ele>1887</ele>
        <extensions>
          <distance>35626</distance>
        </extensions>
      </trkpt>
      <trkpt lat="45.96021" lon="6.88596">
        <ele>1886</ele>
        <extensions>
          <distance>35630</distance>
        </extensions>
      </trkpt>
      <trkpt lat="45.96018" lon="6.88596">
        <ele>1886</ele>
        <extensions>
          <distance>35634</distance>
        </extensions>
      </trkpt>
      <trkpt lat="45.96017" lon="6.88583">
        <ele>1885</ele>
        <extensions>
          <distance>35644</distance>
        </extensions>
      </trkpt>
      <trkpt lat="45.96012" lon="6.88583">
        <ele>1885</ele>
        <extensions>
          <distance>35649</distance>
        </extensions>
      </trkpt>
      <trkpt lat="45.95999" lon="6.88575">
        <ele>1882</ele>
        <extensions>
          <distance>35666</distance>
        </extensions>
      </trkpt>
      <trkpt lat="45.95992" lon="6.88578">
        <ele>1879</ele>
        <extensions>
          <distance>35674</distance>
        </extensions>
      </trkpt>
      <trkpt lat="45.95982" lon="6.8857">
        <ele>1877</ele>
        <extensions>
          <distance>35687</distance>
        </extensions>
      </trkpt>
      <trkpt lat="45.95977" lon="6.88559">
        <ele>1877</ele>
        <extensions>
          <distance>35697</distance>
        </extensions>
      </trkpt>
      <trkpt lat="45.95976" lon="6.88553">
        <ele>1877</ele>
        <extensions>
          <distance>35702</distance>
        </extensions>
      </trkpt>
      <trkpt lat="45.95973" lon="6.88547">
        <ele>1876</ele>
        <extensions>
          <distance>35708</distance>
        </extensions>
      </trkpt>
      <trkpt lat="45.95961" lon="6.88532">
        <ele>1874</ele>
        <extensions>
          <distance>35725</distance>
        </extensions>
      </trkpt>
      <trkpt lat="45.95955" lon="6.88527">
        <ele>1873</ele>
        <extensions>
          <distance>35733</distance>
        </extensions>
      </trkpt>
      <trkpt lat="45.95943" lon="6.88522">
        <ele>1869</ele>
        <extensions>
          <distance>35748</distance>
        </extensions>
      </trkpt>
      <trkpt lat="45.95939" lon="6.88528">
        <ele>1866</ele>
        <extensions>
          <distance>35755</distance>
        </extensions>
      </trkpt>
      <trkpt lat="45.95931" lon="6.88509">
        <ele>1866</ele>
        <extensions>
          <distance>35772</distance>
        </extensions>
      </trkpt>
      <trkpt lat="45.95928" lon="6.88507">
        <ele>1865</ele>
        <extensions>
          <distance>35776</distance>
        </extensions>
      </trkpt>
      <trkpt lat="45.95926" lon="6.88507">
        <ele>1865</ele>
        <extensions>
          <distance>35778</distance>
        </extensions>
      </trkpt>
      <trkpt lat="45.95923" lon="6.88504">
        <ele>1863</ele>
        <extensions>
          <distance>35782</distance>
        </extensions>
      </trkpt>
      <trkpt lat="45.95916" lon="6.885">
        <ele>1863</ele>
        <extensions>
          <distance>35791</distance>
        </extensions>
      </trkpt>
      <trkpt lat="45.95907" lon="6.88485">
        <ele>1862</ele>
        <extensions>
          <distance>35806</distance>
        </extensions>
      </trkpt>
      <trkpt lat="45.95901" lon="6.88478">
        <ele>1862</ele>
        <extensions>
          <distance>35814</distance>
        </extensions>
      </trkpt>
      <trkpt lat="45.95897" lon="6.88467">
        <ele>1862</ele>
        <extensions>
          <distance>35824</distance>
        </extensions>
      </trkpt>
      <trkpt lat="45.95894" lon="6.88464">
        <ele>1863</ele>
        <extensions>
          <distance>35828</distance>
        </extensions>
      </trkpt>
      <trkpt lat="45.95892" lon="6.88459">
        <ele>1863</ele>
        <extensions>
          <distance>35833</distance>
        </extensions>
      </trkpt>
      <trkpt lat="45.95892" lon="6.8843">
        <ele>1865</ele>
        <extensions>
          <distance>35855</distance>
        </extensions>
      </trkpt>
      <trkpt lat="45.95893" lon="6.88428">
        <ele>1865</ele>
        <extensions>
          <distance>35857</distance>
        </extensions>
      </trkpt>
      <trkpt lat="45.95893" lon="6.88424">
        <ele>1866</ele>
        <extensions>
          <distance>35860</distance>
        </extensions>
      </trkpt>
      <trkpt lat="45.95889" lon="6.88416">
        <ele>1866</ele>
        <extensions>
          <distance>35868</distance>
        </extensions>
      </trkpt>
      <trkpt lat="45.95887" lon="6.88415">
        <ele>1865</ele>
        <extensions>
          <distance>35870</distance>
        </extensions>
      </trkpt>
      <trkpt lat="45.95886" lon="6.88403">
        <ele>1865</ele>
        <extensions>
          <distance>35880</distance>
        </extensions>
      </trkpt>
      <trkpt lat="45.95884" lon="6.88396">
        <ele>1865</ele>
        <extensions>
          <distance>35885</distance>
        </extensions>
      </trkpt>
      <trkpt lat="45.95885" lon="6.88393">
        <ele>1865</ele>
        <extensions>
          <distance>35888</distance>
        </extensions>
      </trkpt>
      <trkpt lat="45.95884" lon="6.88391">
        <ele>1865</ele>
        <extensions>
          <distance>35890</distance>
        </extensions>
      </trkpt>
      <trkpt lat="45.95885" lon="6.88383">
        <ele>1865</ele>
        <extensions>
          <distance>35896</distance>
        </extensions>
      </trkpt>
      <trkpt lat="45.95891" lon="6.88376">
        <ele>1866</ele>
        <extensions>
          <distance>35905</distance>
        </extensions>
      </trkpt>
      <trkpt lat="45.95886" lon="6.88368">
        <ele>1866</ele>
        <extensions>
          <distance>35913</distance>
        </extensions>
      </trkpt>
      <trkpt lat="45.95883" lon="6.88356">
        <ele>1866</ele>
        <extensions>
          <distance>35923</distance>
        </extensions>
      </trkpt>
      <trkpt lat="45.95873" lon="6.88338">
        <ele>1867</ele>
        <extensions>
          <distance>35941</distance>
        </extensions>
      </trkpt>
      <trkpt lat="45.95871" lon="6.88332">
        <ele>1866</ele>
        <extensions>
          <distance>35946</distance>
        </extensions>
      </trkpt>
      <trkpt lat="45.95871" lon="6.88322">
        <ele>1866</ele>
        <extensions>
          <distance>35954</distance>
        </extensions>
      </trkpt>
      <trkpt lat="45.95865" lon="6.88298">
        <ele>1866</ele>
        <extensions>
          <distance>35974</distance>
        </extensions>
      </trkpt>
      <trkpt lat="45.95859" lon="6.88284">
        <ele>1866</ele>
        <extensions>
          <distance>35986</distance>
        </extensions>
      </trkpt>
      <trkpt lat="45.95858" lon="6.88278">
        <ele>1866</ele>
        <extensions>
          <distance>35991</distance>
        </extensions>
      </trkpt>
      <trkpt lat="45.95855" lon="6.88274">
        <ele>1866</ele>
        <extensions>
          <distance>35996</distance>
        </extensions>
      </trkpt>
      <trkpt lat="45.95854" lon="6.8827">
        <ele>1866</ele>
        <extensions>
          <distance>35999</distance>
        </extensions>
      </trkpt>
      <trkpt lat="45.95851" lon="6.88268">
        <ele>1866</ele>
        <extensions>
          <distance>36003</distance>
        </extensions>
      </trkpt>
      <trkpt lat="45.95849" lon="6.88263">
        <ele>1865</ele>
        <extensions>
          <distance>36007</distance>
        </extensions>
      </trkpt>
      <trkpt lat="45.95849" lon="6.88251">
        <ele>1865</ele>
        <extensions>
          <distance>36016</distance>
        </extensions>
      </trkpt>
      <trkpt lat="45.95844" lon="6.88234">
        <ele>1865</ele>
        <extensions>
          <distance>36031</distance>
        </extensions>
      </trkpt>
      <trkpt lat="45.95841" lon="6.88229">
        <ele>1865</ele>
        <extensions>
          <distance>36036</distance>
        </extensions>
      </trkpt>
      <trkpt lat="45.95835" lon="6.88201">
        <ele>1862</ele>
        <extensions>
          <distance>36058</distance>
        </extensions>
      </trkpt>
      <trkpt lat="45.95833" lon="6.88181">
        <ele>1858</ele>
        <extensions>
          <distance>36075</distance>
        </extensions>
      </trkpt>
      <trkpt lat="45.95832" lon="6.8818">
        <ele>1858</ele>
        <extensions>
          <distance>36076</distance>
        </extensions>
      </trkpt>
      <trkpt lat="45.95829" lon="6.88168">
        <ele>1857</ele>
        <extensions>
          <distance>36086</distance>
        </extensions>
      </trkpt>
      <trkpt lat="45.95829" lon="6.88162">
        <ele>1856</ele>
        <extensions>
          <distance>36091</distance>
        </extensions>
      </trkpt>
      <trkpt lat="45.9583" lon="6.8816">
        <ele>1856</ele>
        <extensions>
          <distance>36092</distance>
        </extensions>
      </trkpt>
      <trkpt lat="45.9583" lon="6.88145">
        <ele>1856</ele>
        <extensions>
          <distance>36104</distance>
        </extensions>
      </trkpt>
      <trkpt lat="45.95828" lon="6.88135">
        <ele>1857</ele>
        <extensions>
          <distance>36112</distance>
        </extensions>
      </trkpt>
      <trkpt lat="45.95826" lon="6.88131">
        <ele>1857</ele>
        <extensions>
          <distance>36116</distance>
        </extensions>
      </trkpt>
      <trkpt lat="45.95826" lon="6.88124">
        <ele>1858</ele>
        <extensions>
          <distance>36121</distance>
        </extensions>
      </trkpt>
      <trkpt lat="45.95829" lon="6.88115">
        <ele>1860</ele>
        <extensions>
          <distance>36129</distance>
        </extensions>
      </trkpt>
      <trkpt lat="45.95833" lon="6.88108">
        <ele>1863</ele>
        <extensions>
          <distance>36136</distance>
        </extensions>
      </trkpt>
      <trkpt lat="45.95833" lon="6.88098">
        <ele>1864</ele>
        <extensions>
          <distance>36144</distance>
        </extensions>
      </trkpt>
      <trkpt lat="45.95836" lon="6.88093">
        <ele>1867</ele>
        <extensions>
          <distance>36150</distance>
        </extensions>
      </trkpt>
      <trkpt lat="45.95837" lon="6.88094">
        <ele>1867</ele>
        <extensions>
          <distance>36151</distance>
        </extensions>
      </trkpt>
      <trkpt lat="45.95838" lon="6.88093">
        <ele>1867</ele>
        <extensions>
          <distance>36153</distance>
        </extensions>
      </trkpt>
      <trkpt lat="45.95841" lon="6.88087">
        <ele>1867</ele>
        <extensions>
          <distance>36158</distance>
        </extensions>
      </trkpt>
      <trkpt lat="45.95841" lon="6.88084">
        <ele>1867</ele>
        <extensions>
          <distance>36161</distance>
        </extensions>
      </trkpt>
      <trkpt lat="45.95839" lon="6.88082">
        <ele>1867</ele>
        <extensions>
          <distance>36163</distance>
        </extensions>
      </trkpt>
      <trkpt lat="45.9584" lon="6.88081">
        <ele>1867</ele>
        <extensions>
          <distance>36165</distance>
        </extensions>
      </trkpt>
      <trkpt lat="45.9584" lon="6.88076">
        <ele>1865</ele>
        <extensions>
          <distance>36169</distance>
        </extensions>
      </trkpt>
      <trkpt lat="45.95841" lon="6.88074">
        <ele>1865</ele>
        <extensions>
          <distance>36170</distance>
        </extensions>
      </trkpt>
      <trkpt lat="45.9584" lon="6.88073">
        <ele>1865</ele>
        <extensions>
          <distance>36172</distance>
        </extensions>
      </trkpt>
      <trkpt lat="45.95839" lon="6.88076">
        <ele>1863</ele>
        <extensions>
          <distance>36175</distance>
        </extensions>
      </trkpt>
      <trkpt lat="45.95838" lon="6.88075">
        <ele>1863</ele>
        <extensions>
          <distance>36176</distance>
        </extensions>
      </trkpt>
      <trkpt lat="45.95843" lon="6.88069">
        <ele>1863</ele>
        <extensions>
          <distance>36183</distance>
        </extensions>
      </trkpt>
      <trkpt lat="45.95843" lon="6.88065">
        <ele>1865</ele>
        <extensions>
          <distance>36186</distance>
        </extensions>
      </trkpt>
      <trkpt lat="45.95845" lon="6.88062">
        <ele>1863</ele>
        <extensions>
          <distance>36190</distance>
        </extensions>
      </trkpt>
      <trkpt lat="45.95852" lon="6.88057">
        <ele>1863</ele>
        <extensions>
          <distance>36198</distance>
        </extensions>
      </trkpt>
      <trkpt lat="45.95852" lon="6.88054">
        <ele>1863</ele>
        <extensions>
          <distance>36201</distance>
        </extensions>
      </trkpt>
      <trkpt lat="45.9585" lon="6.88052">
        <ele>1861</ele>
        <extensions>
          <distance>36203</distance>
        </extensions>
      </trkpt>
      <trkpt lat="45.9585" lon="6.88049">
        <ele>1861</ele>
        <extensions>
          <distance>36206</distance>
        </extensions>
      </trkpt>
      <trkpt lat="45.95852" lon="6.88046">
        <ele>1861</ele>
        <extensions>
          <distance>36209</distance>
        </extensions>
      </trkpt>
      <trkpt lat="45.95854" lon="6.88046">
        <ele>1861</ele>
        <extensions>
          <distance>36211</distance>
        </extensions>
      </trkpt>
      <trkpt lat="45.95858" lon="6.8804">
        <ele>1861</ele>
        <extensions>
          <distance>36218</distance>
        </extensions>
      </trkpt>
      <trkpt lat="45.95863" lon="6.88037">
        <ele>1861</ele>
        <extensions>
          <distance>36224</distance>
        </extensions>
      </trkpt>
      <trkpt lat="45.95874" lon="6.88018">
        <ele>1861</ele>
        <extensions>
          <distance>36243</distance>
        </extensions>
      </trkpt>
      <trkpt lat="45.95874" lon="6.88011">
        <ele>1859</ele>
        <extensions>
          <distance>36248</distance>
        </extensions>
      </trkpt>
      <trkpt lat="45.95873" lon="6.88009">
        <ele>1859</ele>
        <extensions>
          <distance>36250</distance>
        </extensions>
      </trkpt>
      <trkpt lat="45.95875" lon="6.88007">
        <ele>1859</ele>
        <extensions>
          <distance>36253</distance>
        </extensions>
      </trkpt>
      <trkpt lat="45.95876" lon="6.88003">
        <ele>1857</ele>
        <extensions>
          <distance>36256</distance>
        </extensions>
      </trkpt>
      <trkpt lat="45.95875" lon="6.88003">
        <ele>1857</ele>
        <extensions>
          <distance>36257</distance>
        </extensions>
      </trkpt>
      <trkpt lat="45.95876" lon="6.87991">
        <ele>1857</ele>
        <extensions>
          <distance>36267</distance>
        </extensions>
      </trkpt>
      <trkpt lat="45.95881" lon="6.87984">
        <ele>1857</ele>
        <extensions>
          <distance>36274</distance>
        </extensions>
      </trkpt>
      <trkpt lat="45.95889" lon="6.87977">
        <ele>1858</ele>
        <extensions>
          <distance>36285</distance>
        </extensions>
      </trkpt>
      <trkpt lat="45.95891" lon="6.87977">
        <ele>1860</ele>
        <extensions>
          <distance>36287</distance>
        </extensions>
      </trkpt>
      <trkpt lat="45.95893" lon="6.87974">
        <ele>1862</ele>
        <extensions>
          <distance>36290</distance>
        </extensions>
      </trkpt>
      <trkpt lat="45.95898" lon="6.87973">
        <ele>1863</ele>
        <extensions>
          <distance>36296</distance>
        </extensions>
      </trkpt>
      <trkpt lat="45.95904" lon="6.8797">
        <ele>1866</ele>
        <extensions>
          <distance>36304</distance>
        </extensions>
      </trkpt>
      <trkpt lat="45.95908" lon="6.87956">
        <ele>1866</ele>
        <extensions>
          <distance>36315</distance>
        </extensions>
      </trkpt>
      <trkpt lat="45.95914" lon="6.87941">
        <ele>1867</ele>
        <extensions>
          <distance>36329</distance>
        </extensions>
      </trkpt>
      <trkpt lat="45.95915" lon="6.87933">
        <ele>1868</ele>
        <extensions>
          <distance>36335</distance>
        </extensions>
      </trkpt>
      <trkpt lat="45.95921" lon="6.87921">
        <ele>1869</ele>
        <extensions>
          <distance>36347</distance>
        </extensions>
      </trkpt>
      <trkpt lat="45.95922" lon="6.87911">
        <ele>1869</ele>
        <extensions>
          <distance>36354</distance>
        </extensions>
      </trkpt>
      <trkpt lat="45.95924" lon="6.87904">
        <ele>1869</ele>
        <extensions>
          <distance>36360</distance>
        </extensions>
      </trkpt>
      <trkpt lat="45.95924" lon="6.87889">
        <ele>1869</ele>
        <extensions>
          <distance>36372</distance>
        </extensions>
      </trkpt>
      <trkpt lat="45.95925" lon="6.87885">
        <ele>1869</ele>
        <extensions>
          <distance>36375</distance>
        </extensions>
      </trkpt>
      <trkpt lat="45.95924" lon="6.87882">
        <ele>1869</ele>
        <extensions>
          <distance>36378</distance>
        </extensions>
      </trkpt>
      <trkpt lat="45.95923" lon="6.8786">
        <ele>1869</ele>
        <extensions>
          <distance>36395</distance>
        </extensions>
      </trkpt>
      <trkpt lat="45.95922" lon="6.87857">
        <ele>1869</ele>
        <extensions>
          <distance>36397</distance>
        </extensions>
      </trkpt>
      <trkpt lat="45.95925" lon="6.87843">
        <ele>1869</ele>
        <extensions>
          <distance>36409</distance>
        </extensions>
      </trkpt>
      <trkpt lat="45.95925" lon="6.87832">
        <ele>1872</ele>
        <extensions>
          <distance>36417</distance>
        </extensions>
      </trkpt>
      <trkpt lat="45.95924" lon="6.8783">
        <ele>1872</ele>
        <extensions>
          <distance>36419</distance>
        </extensions>
      </trkpt>
      <trkpt lat="45.95924" lon="6.8782">
        <ele>1872</ele>
        <extensions>
          <distance>36427</distance>
        </extensions>
      </trkpt>
      <trkpt lat="45.95922" lon="6.87815">
        <ele>1871</ele>
        <extensions>
          <distance>36432</distance>
        </extensions>
      </trkpt>
      <trkpt lat="45.95919" lon="6.87814">
        <ele>1870</ele>
        <extensions>
          <distance>36435</distance>
        </extensions>
      </trkpt>
      <trkpt lat="45.95914" lon="6.8781">
        <ele>1870</ele>
        <extensions>
          <distance>36441</distance>
        </extensions>
      </trkpt>
      <trkpt lat="45.95907" lon="6.87802">
        <ele>1870</ele>
        <extensions>
          <distance>36451</distance>
        </extensions>
      </trkpt>
      <trkpt lat="45.95904" lon="6.87801">
        <ele>1870</ele>
        <extensions>
          <distance>36455</distance>
        </extensions>
      </trkpt>
      <trkpt lat="45.959" lon="6.87797">
        <ele>1870</ele>
        <extensions>
          <distance>36460</distance>
        </extensions>
      </trkpt>
      <trkpt lat="45.95896" lon="6.87785">
        <ele>1871</ele>
        <extensions>
          <distance>36470</distance>
        </extensions>
      </trkpt>
      <trkpt lat="45.95894" lon="6.87782">
        <ele>1871</ele>
        <extensions>
          <distance>36474</distance>
        </extensions>
      </trkpt>
      <trkpt lat="45.95894" lon="6.8778">
        <ele>1871</ele>
        <extensions>
          <distance>36475</distance>
        </extensions>
      </trkpt>
      <trkpt lat="45.95891" lon="6.87776">
        <ele>1871</ele>
        <extensions>
          <distance>36480</distance>
        </extensions>
      </trkpt>
      <trkpt lat="45.9588" lon="6.87767">
        <ele>1871</ele>
        <extensions>
          <distance>36494</distance>
        </extensions>
      </trkpt>
      <trkpt lat="45.95876" lon="6.87767">
        <ele>1871</ele>
        <extensions>
          <distance>36498</distance>
        </extensions>
      </trkpt>
      <trkpt lat="45.95874" lon="6.87766">
        <ele>1871</ele>
        <extensions>
          <distance>36501</distance>
        </extensions>
      </trkpt>
      <trkpt lat="45.95858" lon="6.87755">
        <ele>1871</ele>
        <extensions>
          <distance>36520</distance>
        </extensions>
      </trkpt>
      <trkpt lat="45.95842" lon="6.8774">
        <ele>1871</ele>
        <extensions>
          <distance>36542</distance>
        </extensions>
      </trkpt>
      <trkpt lat="45.95837" lon="6.87734">
        <ele>1871</ele>
        <extensions>
          <distance>36549</distance>
        </extensions>
      </trkpt>
      <trkpt lat="45.95837" lon="6.87727">
        <ele>1871</ele>
        <extensions>
          <distance>36554</distance>
        </extensions>
      </trkpt>
      <trkpt lat="45.9584" lon="6.87717">
        <ele>1871</ele>
        <extensions>
          <distance>36563</distance>
        </extensions>
      </trkpt>
      <trkpt lat="45.95842" lon="6.87712">
        <ele>1872</ele>
        <extensions>
          <distance>36567</distance>
        </extensions>
      </trkpt>
      <trkpt lat="45.95844" lon="6.8771">
        <ele>1873</ele>
        <extensions>
          <distance>36570</distance>
        </extensions>
      </trkpt>
      <trkpt lat="45.95847" lon="6.87701">
        <ele>1873</ele>
        <extensions>
          <distance>36578</distance>
        </extensions>
      </trkpt>
      <trkpt lat="45.95849" lon="6.877">
        <ele>1873</ele>
        <extensions>
          <distance>36580</distance>
        </extensions>
      </trkpt>
      <trkpt lat="45.95849" lon="6.87698">
        <ele>1873</ele>
        <extensions>
          <distance>36582</distance>
        </extensions>
      </trkpt>
      <trkpt lat="45.9586" lon="6.87674">
        <ele>1873</ele>
        <extensions>
          <distance>36604</distance>
        </extensions>
      </trkpt>
      <trkpt lat="45.95864" lon="6.8766">
        <ele>1873</ele>
        <extensions>
          <distance>36616</distance>
        </extensions>
      </trkpt>
      <trkpt lat="45.95864" lon="6.87653">
        <ele>1873</ele>
        <extensions>
          <distance>36621</distance>
        </extensions>
      </trkpt>
      <trkpt lat="45.95866" lon="6.87649">
        <ele>1874</ele>
        <extensions>
          <distance>36625</distance>
        </extensions>
      </trkpt>
      <trkpt lat="45.95867" lon="6.87643">
        <ele>1874</ele>
        <extensions>
          <distance>36630</distance>
        </extensions>
      </trkpt>
      <trkpt lat="45.95871" lon="6.87635">
        <ele>1875</ele>
        <extensions>
          <distance>36637</distance>
        </extensions>
      </trkpt>
      <trkpt lat="45.95871" lon="6.87633">
        <ele>1875</ele>
        <extensions>
          <distance>36639</distance>
        </extensions>
      </trkpt>
      <trkpt lat="45.95873" lon="6.87631">
        <ele>1875</ele>
        <extensions>
          <distance>36641</distance>
        </extensions>
      </trkpt>
      <trkpt lat="45.95873" lon="6.87629">
        <ele>1875</ele>
        <extensions>
          <distance>36643</distance>
        </extensions>
      </trkpt>
      <trkpt lat="45.95875" lon="6.87626">
        <ele>1875</ele>
        <extensions>
          <distance>36646</distance>
        </extensions>
      </trkpt>
      <trkpt lat="45.95876" lon="6.87616">
        <ele>1875</ele>
        <extensions>
          <distance>36654</distance>
        </extensions>
      </trkpt>
      <trkpt lat="45.95877" lon="6.87614">
        <ele>1875</ele>
        <extensions>
          <distance>36656</distance>
        </extensions>
      </trkpt>
      <trkpt lat="45.95877" lon="6.87606">
        <ele>1875</ele>
        <extensions>
          <distance>36662</distance>
        </extensions>
      </trkpt>
      <trkpt lat="45.95876" lon="6.87603">
        <ele>1875</ele>
        <extensions>
          <distance>36665</distance>
        </extensions>
      </trkpt>
      <trkpt lat="45.95877" lon="6.87585">
        <ele>1876</ele>
        <extensions>
          <distance>36679</distance>
        </extensions>
      </trkpt>
      <trkpt lat="45.95874" lon="6.8758">
        <ele>1877</ele>
        <extensions>
          <distance>36684</distance>
        </extensions>
      </trkpt>
      <trkpt lat="45.95873" lon="6.87576">
        <ele>1877</ele>
        <extensions>
          <distance>36687</distance>
        </extensions>
      </trkpt>
      <trkpt lat="45.95873" lon="6.87569">
        <ele>1878</ele>
        <extensions>
          <distance>36693</distance>
        </extensions>
      </trkpt>
      <trkpt lat="45.95871" lon="6.87564">
        <ele>1878</ele>
        <extensions>
          <distance>36697</distance>
        </extensions>
      </trkpt>
      <trkpt lat="45.95871" lon="6.87559">
        <ele>1878</ele>
        <extensions>
          <distance>36701</distance>
        </extensions>
      </trkpt>
      <trkpt lat="45.95869" lon="6.87555">
        <ele>1878</ele>
        <extensions>
          <distance>36705</distance>
        </extensions>
      </trkpt>
      <trkpt lat="45.95868" lon="6.87545">
        <ele>1877</ele>
        <extensions>
          <distance>36713</distance>
        </extensions>
      </trkpt>
      <trkpt lat="45.95864" lon="6.87539">
        <ele>1878</ele>
        <extensions>
          <distance>36719</distance>
        </extensions>
      </trkpt>
      <trkpt lat="45.95862" lon="6.87533">
        <ele>1878</ele>
        <extensions>
          <distance>36724</distance>
        </extensions>
      </trkpt>
      <trkpt lat="45.95852" lon="6.8752">
        <ele>1878</ele>
        <extensions>
          <distance>36739</distance>
        </extensions>
      </trkpt>
      <trkpt lat="45.95842" lon="6.875">
        <ele>1878</ele>
        <extensions>
          <distance>36758</distance>
        </extensions>
      </trkpt>
      <trkpt lat="45.95836" lon="6.87495">
        <ele>1878</ele>
        <extensions>
          <distance>36766</distance>
        </extensions>
      </trkpt>
      <trkpt lat="45.95833" lon="6.87493">
        <ele>1878</ele>
        <extensions>
          <distance>36770</distance>
        </extensions>
      </trkpt>
      <trkpt lat="45.95829" lon="6.87493">
        <ele>1878</ele>
        <extensions>
          <distance>36774</distance>
        </extensions>
      </trkpt>
      <trkpt lat="45.95827" lon="6.87492">
        <ele>1878</ele>
        <extensions>
          <distance>36777</distance>
        </extensions>
      </trkpt>
      <trkpt lat="45.95821" lon="6.87495">
        <ele>1876</ele>
        <extensions>
          <distance>36784</distance>
        </extensions>
      </trkpt>
      <trkpt lat="45.95816" lon="6.87493">
        <ele>1875</ele>
        <extensions>
          <distance>36789</distance>
        </extensions>
      </trkpt>
      <trkpt lat="45.95812" lon="6.87493">
        <ele>1874</ele>
        <extensions>
          <distance>36794</distance>
        </extensions>
      </trkpt>
      <trkpt lat="45.9581" lon="6.87494">
        <ele>1874</ele>
        <extensions>
          <distance>36796</distance>
        </extensions>
      </trkpt>
      <trkpt lat="45.95805" lon="6.87493">
        <ele>1873</ele>
        <extensions>
          <distance>36802</distance>
        </extensions>
      </trkpt>
      <trkpt lat="45.95798" lon="6.87487">
        <ele>1873</ele>
        <extensions>
          <distance>36811</distance>
        </extensions>
      </trkpt>
      <trkpt lat="45.95785" lon="6.87483">
        <ele>1873</ele>
        <extensions>
          <distance>36826</distance>
        </extensions>
      </trkpt>
      <trkpt lat="45.95775" lon="6.87475">
        <ele>1873</ele>
        <extensions>
          <distance>36838</distance>
        </extensions>
      </trkpt>
      <trkpt lat="45.95772" lon="6.87471">
        <ele>1873</ele>
        <extensions>
          <distance>36843</distance>
        </extensions>
      </trkpt>
      <trkpt lat="45.95767" lon="6.8746">
        <ele>1873</ele>
        <extensions>
          <distance>36853</distance>
        </extensions>
      </trkpt>
      <trkpt lat="45.95764" lon="6.87457">
        <ele>1874</ele>
        <extensions>
          <distance>36857</distance>
        </extensions>
      </trkpt>
      <trkpt lat="45.95759" lon="6.87448">
        <ele>1876</ele>
        <extensions>
          <distance>36866</distance>
        </extensions>
      </trkpt>
      <trkpt lat="45.95754" lon="6.87443">
        <ele>1876</ele>
        <extensions>
          <distance>36873</distance>
        </extensions>
      </trkpt>
      <trkpt lat="45.95751" lon="6.87441">
        <ele>1876</ele>
        <extensions>
          <distance>36877</distance>
        </extensions>
      </trkpt>
      <trkpt lat="45.95749" lon="6.87441">
        <ele>1876</ele>
        <extensions>
          <distance>36879</distance>
        </extensions>
      </trkpt>
      <trkpt lat="45.95747" lon="6.87439">
        <ele>1876</ele>
        <extensions>
          <distance>36881</distance>
        </extensions>
      </trkpt>
      <trkpt lat="45.95741" lon="6.87439">
        <ele>1876</ele>
        <extensions>
          <distance>36888</distance>
        </extensions>
      </trkpt>
      <trkpt lat="45.95739" lon="6.87437">
        <ele>1876</ele>
        <extensions>
          <distance>36891</distance>
        </extensions>
      </trkpt>
      <trkpt lat="45.95736" lon="6.87437">
        <ele>1876</ele>
        <extensions>
          <distance>36894</distance>
        </extensions>
      </trkpt>
      <trkpt lat="45.95733" lon="6.87434">
        <ele>1876</ele>
        <extensions>
          <distance>36898</distance>
        </extensions>
      </trkpt>
      <trkpt lat="45.95721" lon="6.87429">
        <ele>1877</ele>
        <extensions>
          <distance>36912</distance>
        </extensions>
      </trkpt>
      <trkpt lat="45.95706" lon="6.87413">
        <ele>1877</ele>
        <extensions>
          <distance>36933</distance>
        </extensions>
      </trkpt>
      <trkpt lat="45.95694" lon="6.87392">
        <ele>1877</ele>
        <extensions>
          <distance>36954</distance>
        </extensions>
      </trkpt>
      <trkpt lat="45.95691" lon="6.8739">
        <ele>1877</ele>
        <extensions>
          <distance>36958</distance>
        </extensions>
      </trkpt>
      <trkpt lat="45.95684" lon="6.87377">
        <ele>1878</ele>
        <extensions>
          <distance>36970</distance>
        </extensions>
      </trkpt>
      <trkpt lat="45.95681" lon="6.87373">
        <ele>1878</ele>
        <extensions>
          <distance>36975</distance>
        </extensions>
      </trkpt>
      <trkpt lat="45.95679" lon="6.87372">
        <ele>1878</ele>
        <extensions>
          <distance>36977</distance>
        </extensions>
      </trkpt>
      <trkpt lat="45.95677" lon="6.87372">
        <ele>1878</ele>
        <extensions>
          <distance>36980</distance>
        </extensions>
      </trkpt>
      <trkpt lat="45.95671" lon="6.87369">
        <ele>1878</ele>
        <extensions>
          <distance>36987</distance>
        </extensions>
      </trkpt>
      <trkpt lat="45.95664" lon="6.87369">
        <ele>1878</ele>
        <extensions>
          <distance>36994</distance>
        </extensions>
      </trkpt>
      <trkpt lat="45.9566" lon="6.87371">
        <ele>1877</ele>
        <extensions>
          <distance>36999</distance>
        </extensions>
      </trkpt>
      <trkpt lat="45.95656" lon="6.87371">
        <ele>1877</ele>
        <extensions>
          <distance>37004</distance>
        </extensions>
      </trkpt>
      <trkpt lat="45.9565" lon="6.87375">
        <ele>1877</ele>
        <extensions>
          <distance>37011</distance>
        </extensions>
      </trkpt>
      <trkpt lat="45.95638" lon="6.87379">
        <ele>1877</ele>
        <extensions>
          <distance>37025</distance>
        </extensions>
      </trkpt>
      <trkpt lat="45.95626" lon="6.87378">
        <ele>1877</ele>
        <extensions>
          <distance>37038</distance>
        </extensions>
      </trkpt>
      <trkpt lat="45.95619" lon="6.87375">
        <ele>1876</ele>
        <extensions>
          <distance>37046</distance>
        </extensions>
      </trkpt>
      <trkpt lat="45.956" lon="6.87376">
        <ele>1876</ele>
        <extensions>
          <distance>37067</distance>
        </extensions>
      </trkpt>
      <trkpt lat="45.95586" lon="6.8737">
        <ele>1876</ele>
        <extensions>
          <distance>37083</distance>
        </extensions>
      </trkpt>
      <trkpt lat="45.95584" lon="6.8737">
        <ele>1876</ele>
        <extensions>
          <distance>37086</distance>
        </extensions>
      </trkpt>
      <trkpt lat="45.95575" lon="6.87365">
        <ele>1874</ele>
        <extensions>
          <distance>37096</distance>
        </extensions>
      </trkpt>
      <trkpt lat="45.95564" lon="6.87363">
        <ele>1873</ele>
        <extensions>
          <distance>37109</distance>
        </extensions>
      </trkpt>
      <trkpt lat="45.95562" lon="6.87361">
        <ele>1873</ele>
        <extensions>
          <distance>37112</distance>
        </extensions>
      </trkpt>
      <trkpt lat="45.9556" lon="6.87361">
        <ele>1873</ele>
        <extensions>
          <distance>37114</distance>
        </extensions>
      </trkpt>
      <trkpt lat="45.95554" lon="6.87356">
        <ele>1872</ele>
        <extensions>
          <distance>37121</distance>
        </extensions>
      </trkpt>
      <trkpt lat="45.95551" lon="6.87355">
        <ele>1872</ele>
        <extensions>
          <distance>37125</distance>
        </extensions>
      </trkpt>
      <trkpt lat="45.95546" lon="6.8735">
        <ele>1872</ele>
        <extensions>
          <distance>37132</distance>
        </extensions>
      </trkpt>
      <trkpt lat="45.95544" lon="6.8735">
        <ele>1872</ele>
        <extensions>
          <distance>37134</distance>
        </extensions>
      </trkpt>
      <trkpt lat="45.9554" lon="6.87347">
        <ele>1872</ele>
        <extensions>
          <distance>37139</distance>
        </extensions>
      </trkpt>
      <trkpt lat="45.95533" lon="6.87348">
        <ele>1872</ele>
        <extensions>
          <distance>37147</distance>
        </extensions>
      </trkpt>
      <trkpt lat="45.95531" lon="6.8735">
        <ele>1872</ele>
        <extensions>
          <distance>37149</distance>
        </extensions>
      </trkpt>
      <trkpt lat="45.95523" lon="6.8735">
        <ele>1871</ele>
        <extensions>
          <distance>37158</distance>
        </extensions>
      </trkpt>
      <trkpt lat="45.9551" lon="6.87344">
        <ele>1870</ele>
        <extensions>
          <distance>37174</distance>
        </extensions>
      </trkpt>
      <trkpt lat="45.95501" lon="6.87343">
        <ele>1870</ele>
        <extensions>
          <distance>37184</distance>
        </extensions>
      </trkpt>
      <trkpt lat="45.95498" lon="6.87341">
        <ele>1870</ele>
        <extensions>
          <distance>37187</distance>
        </extensions>
      </trkpt>
      <trkpt lat="45.95495" lon="6.87341">
        <ele>1870</ele>
        <extensions>
          <distance>37191</distance>
        </extensions>
      </trkpt>
      <trkpt lat="45.95489" lon="6.87339">
        <ele>1870</ele>
        <extensions>
          <distance>37197</distance>
        </extensions>
      </trkpt>
      <trkpt lat="45.95483" lon="6.87339">
        <ele>1870</ele>
        <extensions>
          <distance>37204</distance>
        </extensions>
      </trkpt>
      <trkpt lat="45.95482" lon="6.87338">
        <ele>1870</ele>
        <extensions>
          <distance>37205</distance>
        </extensions>
      </trkpt>
      <trkpt lat="45.95479" lon="6.87338">
        <ele>1870</ele>
        <extensions>
          <distance>37209</distance>
        </extensions>
      </trkpt>
      <trkpt lat="45.95473" lon="6.87336">
        <ele>1870</ele>
        <extensions>
          <distance>37216</distance>
        </extensions>
      </trkpt>
      <trkpt lat="45.9547" lon="6.87338">
        <ele>1869</ele>
        <extensions>
          <distance>37219</distance>
        </extensions>
      </trkpt>
      <trkpt lat="45.95461" lon="6.87339">
        <ele>1868</ele>
        <extensions>
          <distance>37229</distance>
        </extensions>
      </trkpt>
      <trkpt lat="45.95459" lon="6.87336">
        <ele>1865</ele>
        <extensions>
          <distance>37234</distance>
        </extensions>
      </trkpt>
      <trkpt lat="45.95457" lon="6.87321">
        <ele>1865</ele>
        <extensions>
          <distance>37246</distance>
        </extensions>
      </trkpt>
      <trkpt lat="45.95452" lon="6.87307">
        <ele>1865</ele>
        <extensions>
          <distance>37258</distance>
        </extensions>
      </trkpt>
      <trkpt lat="45.95448" lon="6.873">
        <ele>1864</ele>
        <extensions>
          <distance>37265</distance>
        </extensions>
      </trkpt>
      <trkpt lat="45.95444" lon="6.87296">
        <ele>1864</ele>
        <extensions>
          <distance>37270</distance>
        </extensions>
      </trkpt>
      <trkpt lat="45.95438" lon="6.87284">
        <ele>1862</ele>
        <extensions>
          <distance>37282</distance>
        </extensions>
      </trkpt>
      <trkpt lat="45.95428" lon="6.87275">
        <ele>1860</ele>
        <extensions>
          <distance>37295</distance>
        </extensions>
      </trkpt>
      <trkpt lat="45.95427" lon="6.87268">
        <ele>1859</ele>
        <extensions>
          <distance>37301</distance>
        </extensions>
      </trkpt>
      <trkpt lat="45.95425" lon="6.87265">
        <ele>1859</ele>
        <extensions>
          <distance>37304</distance>
        </extensions>
      </trkpt>
      <trkpt lat="45.9542" lon="6.87261">
        <ele>1859</ele>
        <extensions>
          <distance>37310</distance>
        </extensions>
      </trkpt>
      <trkpt lat="45.95417" lon="6.8726">
        <ele>1858</ele>
        <extensions>
          <distance>37314</distance>
        </extensions>
      </trkpt>
      <trkpt lat="45.95416" lon="6.87249">
        <ele>1857</ele>
        <extensions>
          <distance>37322</distance>
        </extensions>
      </trkpt>
      <trkpt lat="45.95414" lon="6.87242">
        <ele>1856</ele>
        <extensions>
          <distance>37328</distance>
        </extensions>
      </trkpt>
      <trkpt lat="45.95412" lon="6.87239">
        <ele>1856</ele>
        <extensions>
          <distance>37332</distance>
        </extensions>
      </trkpt>
      <trkpt lat="45.9541" lon="6.87238">
        <ele>1856</ele>
        <extensions>
          <distance>37334</distance>
        </extensions>
      </trkpt>
      <trkpt lat="45.95406" lon="6.87226">
        <ele>1856</ele>
        <extensions>
          <distance>37344</distance>
        </extensions>
      </trkpt>
      <trkpt lat="45.95405" lon="6.87212">
        <ele>1856</ele>
        <extensions>
          <distance>37355</distance>
        </extensions>
      </trkpt>
      <trkpt lat="45.95403" lon="6.87207">
        <ele>1856</ele>
        <extensions>
          <distance>37360</distance>
        </extensions>
      </trkpt>
      <trkpt lat="45.954" lon="6.87203">
        <ele>1856</ele>
        <extensions>
          <distance>37364</distance>
        </extensions>
      </trkpt>
      <trkpt lat="45.95397" lon="6.87194">
        <ele>1856</ele>
        <extensions>
          <distance>37372</distance>
        </extensions>
      </trkpt>
      <trkpt lat="45.95393" lon="6.87192">
        <ele>1856</ele>
        <extensions>
          <distance>37377</distance>
        </extensions>
      </trkpt>
      <trkpt lat="45.95383" lon="6.87192">
        <ele>1855</ele>
        <extensions>
          <distance>37388</distance>
        </extensions>
      </trkpt>
      <trkpt lat="45.95373" lon="6.87197">
        <ele>1856</ele>
        <extensions>
          <distance>37400</distance>
        </extensions>
      </trkpt>
      <trkpt lat="45.95362" lon="6.87198">
        <ele>1856</ele>
        <extensions>
          <distance>37412</distance>
        </extensions>
      </trkpt>
      <trkpt lat="45.95359" lon="6.87197">
        <ele>1856</ele>
        <extensions>
          <distance>37415</distance>
        </extensions>
      </trkpt>
      <trkpt lat="45.95356" lon="6.87188">
        <ele>1860</ele>
        <extensions>
          <distance>37423</distance>
        </extensions>
      </trkpt>
      <trkpt lat="45.95354" lon="6.87186">
        <ele>1862</ele>
        <extensions>
          <distance>37426</distance>
        </extensions>
      </trkpt>
      <trkpt lat="45.95348" lon="6.87184">
        <ele>1862</ele>
        <extensions>
          <distance>37433</distance>
        </extensions>
      </trkpt>
      <trkpt lat="45.95345" lon="6.87184">
        <ele>1862</ele>
        <extensions>
          <distance>37436</distance>
        </extensions>
      </trkpt>
      <trkpt lat="45.95341" lon="6.87186">
        <ele>1862</ele>
        <extensions>
          <distance>37441</distance>
        </extensions>
      </trkpt>
      <trkpt lat="45.9534" lon="6.87188">
        <ele>1861</ele>
        <extensions>
          <distance>37443</distance>
        </extensions>
      </trkpt>
      <trkpt lat="45.95337" lon="6.87189">
        <ele>1861</ele>
        <extensions>
          <distance>37446</distance>
        </extensions>
      </trkpt>
      <trkpt lat="45.95334" lon="6.87195">
        <ele>1857</ele>
        <extensions>
          <distance>37452</distance>
        </extensions>
      </trkpt>
      <trkpt lat="45.95329" lon="6.872">
        <ele>1856</ele>
        <extensions>
          <distance>37459</distance>
        </extensions>
      </trkpt>
      <trkpt lat="45.95324" lon="6.87202">
        <ele>1856</ele>
        <extensions>
          <distance>37464</distance>
        </extensions>
      </trkpt>
      <trkpt lat="45.95322" lon="6.87199">
        <ele>1856</ele>
        <extensions>
          <distance>37468</distance>
        </extensions>
      </trkpt>
      <trkpt lat="45.9532" lon="6.87192">
        <ele>1856</ele>
        <extensions>
          <distance>37473</distance>
        </extensions>
      </trkpt>
      <trkpt lat="45.9532" lon="6.87186">
        <ele>1856</ele>
        <extensions>
          <distance>37478</distance>
        </extensions>
      </trkpt>
      <trkpt lat="45.95317" lon="6.87179">
        <ele>1856</ele>
        <extensions>
          <distance>37484</distance>
        </extensions>
      </trkpt>
      <trkpt lat="45.95312" lon="6.87175">
        <ele>1859</ele>
        <extensions>
          <distance>37491</distance>
        </extensions>
      </trkpt>
      <trkpt lat="45.95308" lon="6.87174">
        <ele>1859</ele>
        <extensions>
          <distance>37495</distance>
        </extensions>
      </trkpt>
      <trkpt lat="45.95305" lon="6.87171">
        <ele>1859</ele>
        <extensions>
          <distance>37499</distance>
        </extensions>
      </trkpt>
      <trkpt lat="45.95298" lon="6.87154">
        <ele>1859</ele>
        <extensions>
          <distance>37515</distance>
        </extensions>
      </trkpt>
      <trkpt lat="45.95299" lon="6.87121">
        <ele>1859</ele>
        <extensions>
          <distance>37540</distance>
        </extensions>
      </trkpt>
      <trkpt lat="45.95297" lon="6.87115">
        <ele>1859</ele>
        <extensions>
          <distance>37545</distance>
        </extensions>
      </trkpt>
      <trkpt lat="45.95287" lon="6.8711">
        <ele>1860</ele>
        <extensions>
          <distance>37557</distance>
        </extensions>
      </trkpt>
      <trkpt lat="45.95277" lon="6.87109">
        <ele>1862</ele>
        <extensions>
          <distance>37568</distance>
        </extensions>
      </trkpt>
      <trkpt lat="45.95274" lon="6.87106">
        <ele>1862</ele>
        <extensions>
          <distance>37573</distance>
        </extensions>
      </trkpt>
      <trkpt lat="45.95273" lon="6.87103">
        <ele>1862</ele>
        <extensions>
          <distance>37575</distance>
        </extensions>
      </trkpt>
      <trkpt lat="45.95273" lon="6.87097">
        <ele>1862</ele>
        <extensions>
          <distance>37580</distance>
        </extensions>
      </trkpt>
      <trkpt lat="45.9527" lon="6.8709">
        <ele>1862</ele>
        <extensions>
          <distance>37586</distance>
        </extensions>
      </trkpt>
      <trkpt lat="45.95263" lon="6.87084">
        <ele>1862</ele>
        <extensions>
          <distance>37595</distance>
        </extensions>
      </trkpt>
      <trkpt lat="45.95256" lon="6.87085">
        <ele>1862</ele>
        <extensions>
          <distance>37603</distance>
        </extensions>
      </trkpt>
      <trkpt lat="45.9525" lon="6.87089">
        <ele>1860</ele>
        <extensions>
          <distance>37610</distance>
        </extensions>
      </trkpt>
      <trkpt lat="45.95246" lon="6.87089">
        <ele>1860</ele>
        <extensions>
          <distance>37615</distance>
        </extensions>
      </trkpt>
      <trkpt lat="45.95245" lon="6.8709">
        <ele>1860</ele>
        <extensions>
          <distance>37616</distance>
        </extensions>
      </trkpt>
      <trkpt lat="45.95238" lon="6.87089">
        <ele>1860</ele>
        <extensions>
          <distance>37624</distance>
        </extensions>
      </trkpt>
      <trkpt lat="45.9523" lon="6.87094">
        <ele>1860</ele>
        <extensions>
          <distance>37634</distance>
        </extensions>
      </trkpt>
      <trkpt lat="45.95227" lon="6.87093">
        <ele>1860</ele>
        <extensions>
          <distance>37637</distance>
        </extensions>
      </trkpt>
      <trkpt lat="45.95221" lon="6.87087">
        <ele>1860</ele>
        <extensions>
          <distance>37645</distance>
        </extensions>
      </trkpt>
      <trkpt lat="45.9522" lon="6.87087">
        <ele>1859</ele>
        <extensions>
          <distance>37646</distance>
        </extensions>
      </trkpt>
      <trkpt lat="45.95214" lon="6.8708">
        <ele>1859</ele>
        <extensions>
          <distance>37655</distance>
        </extensions>
      </trkpt>
      <trkpt lat="45.95207" lon="6.8708">
        <ele>1859</ele>
        <extensions>
          <distance>37663</distance>
        </extensions>
      </trkpt>
      <trkpt lat="45.95199" lon="6.87087">
        <ele>1858</ele>
        <extensions>
          <distance>37673</distance>
        </extensions>
      </trkpt>
      <trkpt lat="45.95197" lon="6.87087">
        <ele>1858</ele>
        <extensions>
          <distance>37675</distance>
        </extensions>
      </trkpt>
      <trkpt lat="45.95193" lon="6.87091">
        <ele>1856</ele>
        <extensions>
          <distance>37681</distance>
        </extensions>
      </trkpt>
      <trkpt lat="45.95191" lon="6.87092">
        <ele>1854</ele>
        <extensions>
          <distance>37683</distance>
        </extensions>
      </trkpt>
      <trkpt lat="45.95186" lon="6.87092">
        <ele>1854</ele>
        <extensions>
          <distance>37689</distance>
        </extensions>
      </trkpt>
      <trkpt lat="45.95182" lon="6.87094">
        <ele>1854</ele>
        <extensions>
          <distance>37693</distance>
        </extensions>
      </trkpt>
      <trkpt lat="45.95172" lon="6.87094">
        <ele>1854</ele>
        <extensions>
          <distance>37705</distance>
        </extensions>
      </trkpt>
      <trkpt lat="45.95164" lon="6.87088">
        <ele>1858</ele>
        <extensions>
          <distance>37715</distance>
        </extensions>
      </trkpt>
      <trkpt lat="45.95158" lon="6.87085">
        <ele>1859</ele>
        <extensions>
          <distance>37722</distance>
        </extensions>
      </trkpt>
      <trkpt lat="45.95153" lon="6.87084">
        <ele>1859</ele>
        <extensions>
          <distance>37727</distance>
        </extensions>
      </trkpt>
      <trkpt lat="45.95149" lon="6.87086">
        <ele>1859</ele>
        <extensions>
          <distance>37732</distance>
        </extensions>
      </trkpt>
      <trkpt lat="45.95143" lon="6.87093">
        <ele>1859</ele>
        <extensions>
          <distance>37741</distance>
        </extensions>
      </trkpt>
      <trkpt lat="45.95141" lon="6.87093">
        <ele>1859</ele>
        <extensions>
          <distance>37743</distance>
        </extensions>
      </trkpt>
      <trkpt lat="45.95138" lon="6.87097">
        <ele>1859</ele>
        <extensions>
          <distance>37747</distance>
        </extensions>
      </trkpt>
      <trkpt lat="45.95137" lon="6.87097">
        <ele>1859</ele>
        <extensions>
          <distance>37749</distance>
        </extensions>
      </trkpt>
      <trkpt lat="45.95138" lon="6.87092">
        <ele>1859</ele>
        <extensions>
          <distance>37753</distance>
        </extensions>
      </trkpt>
      <trkpt lat="45.95137" lon="6.8708">
        <ele>1859</ele>
        <extensions>
          <distance>37762</distance>
        </extensions>
      </trkpt>
      <trkpt lat="45.9514" lon="6.87074">
        <ele>1859</ele>
        <extensions>
          <distance>37768</distance>
        </extensions>
      </trkpt>
      <trkpt lat="45.95139" lon="6.87047">
        <ele>1856</ele>
        <extensions>
          <distance>37789</distance>
        </extensions>
      </trkpt>
      <trkpt lat="45.95139" lon="6.87052">
        <ele>1854</ele>
        <extensions>
          <distance>37793</distance>
        </extensions>
      </trkpt>
      <trkpt lat="45.95137" lon="6.87059">
        <ele>1854</ele>
        <extensions>
          <distance>37798</distance>
        </extensions>
      </trkpt>
      <trkpt lat="45.95134" lon="6.87063">
        <ele>1854</ele>
        <extensions>
          <distance>37803</distance>
        </extensions>
      </trkpt>
      <trkpt lat="45.95134" lon="6.87065">
        <ele>1854</ele>
        <extensions>
          <distance>37805</distance>
        </extensions>
      </trkpt>
      <trkpt lat="45.95132" lon="6.87064">
        <ele>1854</ele>
        <extensions>
          <distance>37807</distance>
        </extensions>
      </trkpt>
      <trkpt lat="45.95131" lon="6.87061">
        <ele>1853</ele>
        <extensions>
          <distance>37810</distance>
        </extensions>
      </trkpt>
      <trkpt lat="45.95131" lon="6.87049">
        <ele>1851</ele>
        <extensions>
          <distance>37819</distance>
        </extensions>
      </trkpt>
      <trkpt lat="45.95132" lon="6.87046">
        <ele>1850</ele>
        <extensions>
          <distance>37822</distance>
        </extensions>
      </trkpt>
      <trkpt lat="45.95132" lon="6.87039">
        <ele>1849</ele>
        <extensions>
          <distance>37827</distance>
        </extensions>
      </trkpt>
      <trkpt lat="45.95133" lon="6.87037">
        <ele>1849</ele>
        <extensions>
          <distance>37829</distance>
        </extensions>
      </trkpt>
      <trkpt lat="45.95132" lon="6.87017">
        <ele>1845</ele>
        <extensions>
          <distance>37845</distance>
        </extensions>
      </trkpt>
      <trkpt lat="45.95131" lon="6.87015">
        <ele>1845</ele>
        <extensions>
          <distance>37847</distance>
        </extensions>
      </trkpt>
      <trkpt lat="45.95132" lon="6.87012">
        <ele>1844</ele>
        <extensions>
          <distance>37850</distance>
        </extensions>
      </trkpt>
      <trkpt lat="45.95131" lon="6.8701">
        <ele>1843</ele>
        <extensions>
          <distance>37852</distance>
        </extensions>
      </trkpt>
      <trkpt lat="45.95132" lon="6.87007">
        <ele>1843</ele>
        <extensions>
          <distance>37854</distance>
        </extensions>
      </trkpt>
      <trkpt lat="45.95132" lon="6.87">
        <ele>1842</ele>
        <extensions>
          <distance>37860</distance>
        </extensions>
      </trkpt>
      <trkpt lat="45.95128" lon="6.86988">
        <ele>1838</ele>
        <extensions>
          <distance>37871</distance>
        </extensions>
      </trkpt>
      <trkpt lat="45.95128" lon="6.86981">
        <ele>1838</ele>
        <extensions>
          <distance>37877</distance>
        </extensions>
      </trkpt>
      <trkpt lat="45.95126" lon="6.86982">
        <ele>1838</ele>
        <extensions>
          <distance>37879</distance>
        </extensions>
      </trkpt>
      <trkpt lat="45.95127" lon="6.86986">
        <ele>1838</ele>
        <extensions>
          <distance>37882</distance>
        </extensions>
      </trkpt>
      <trkpt lat="45.95127" lon="6.86997">
        <ele>1837</ele>
        <extensions>
          <distance>37891</distance>
        </extensions>
      </trkpt>
      <trkpt lat="45.95125" lon="6.86998">
        <ele>1836</ele>
        <extensions>
          <distance>37893</distance>
        </extensions>
      </trkpt>
      <trkpt lat="45.9512" lon="6.86988">
        <ele>1834</ele>
        <extensions>
          <distance>37903</distance>
        </extensions>
      </trkpt>
      <trkpt lat="45.95117" lon="6.86978">
        <ele>1832</ele>
        <extensions>
          <distance>37911</distance>
        </extensions>
      </trkpt>
      <trkpt lat="45.95117" lon="6.86971">
        <ele>1832</ele>
        <extensions>
          <distance>37917</distance>
        </extensions>
      </trkpt>
      <trkpt lat="45.95118" lon="6.8697">
        <ele>1831</ele>
        <extensions>
          <distance>37918</distance>
        </extensions>
      </trkpt>
      <trkpt lat="45.95119" lon="6.86959">
        <ele>1831</ele>
        <extensions>
          <distance>37927</distance>
        </extensions>
      </trkpt>
      <trkpt lat="45.95121" lon="6.86951">
        <ele>1830</ele>
        <extensions>
          <distance>37934</distance>
        </extensions>
      </trkpt>
      <trkpt lat="45.95121" lon="6.86943">
        <ele>1830</ele>
        <extensions>
          <distance>37940</distance>
        </extensions>
      </trkpt>
      <trkpt lat="45.95119" lon="6.86937">
        <ele>1828</ele>
        <extensions>
          <distance>37945</distance>
        </extensions>
      </trkpt>
      <trkpt lat="45.95117" lon="6.86937">
        <ele>1827</ele>
        <extensions>
          <distance>37947</distance>
        </extensions>
      </trkpt>
      <trkpt lat="45.95115" lon="6.86939">
        <ele>1827</ele>
        <extensions>
          <distance>37950</distance>
        </extensions>
      </trkpt>
      <trkpt lat="45.95112" lon="6.86939">
        <ele>1826</ele>
        <extensions>
          <distance>37953</distance>
        </extensions>
      </trkpt>
      <trkpt lat="45.95105" lon="6.86928">
        <ele>1823</ele>
        <extensions>
          <distance>37966</distance>
        </extensions>
      </trkpt>
      <trkpt lat="45.95098" lon="6.86931">
        <ele>1821</ele>
        <extensions>
          <distance>37974</distance>
        </extensions>
      </trkpt>
      <trkpt lat="45.95096" lon="6.86933">
        <ele>1820</ele>
        <extensions>
          <distance>37977</distance>
        </extensions>
      </trkpt>
      <trkpt lat="45.95086" lon="6.86933">
        <ele>1818</ele>
        <extensions>
          <distance>37988</distance>
        </extensions>
      </trkpt>
      <trkpt lat="45.95085" lon="6.86932">
        <ele>1818</ele>
        <extensions>
          <distance>37989</distance>
        </extensions>
      </trkpt>
      <trkpt lat="45.95078" lon="6.86933">
        <ele>1816</ele>
        <extensions>
          <distance>37998</distance>
        </extensions>
      </trkpt>
      <trkpt lat="45.95077" lon="6.86932">
        <ele>1816</ele>
        <extensions>
          <distance>37999</distance>
        </extensions>
      </trkpt>
      <trkpt lat="45.95074" lon="6.86932">
        <ele>1815</ele>
        <extensions>
          <distance>38002</distance>
        </extensions>
      </trkpt>
      <trkpt lat="45.95068" lon="6.86936">
        <ele>1814</ele>
        <extensions>
          <distance>38010</distance>
        </extensions>
      </trkpt>
      <trkpt lat="45.95053" lon="6.86941">
        <ele>1812</ele>
        <extensions>
          <distance>38027</distance>
        </extensions>
      </trkpt>
      <trkpt lat="45.95048" lon="6.86941">
        <ele>1812</ele>
        <extensions>
          <distance>38033</distance>
        </extensions>
      </trkpt>
      <trkpt lat="45.95042" lon="6.86939">
        <ele>1812</ele>
        <extensions>
          <distance>38039</distance>
        </extensions>
      </trkpt>
      <trkpt lat="45.95034" lon="6.86923">
        <ele>1812</ele>
        <extensions>
          <distance>38055</distance>
        </extensions>
      </trkpt>
      <trkpt lat="45.95031" lon="6.86914">
        <ele>1812</ele>
        <extensions>
          <distance>38062</distance>
        </extensions>
      </trkpt>
      <trkpt lat="45.95027" lon="6.86909">
        <ele>1812</ele>
        <extensions>
          <distance>38068</distance>
        </extensions>
      </trkpt>
      <trkpt lat="45.95025" lon="6.86904">
        <ele>1812</ele>
        <extensions>
          <distance>38073</distance>
        </extensions>
      </trkpt>
      <trkpt lat="45.9502" lon="6.86898">
        <ele>1812</ele>
        <extensions>
          <distance>38080</distance>
        </extensions>
      </trkpt>
      <trkpt lat="45.95018" lon="6.86888">
        <ele>1811</ele>
        <extensions>
          <distance>38088</distance>
        </extensions>
      </trkpt>
      <trkpt lat="45.95012" lon="6.86881">
        <ele>1810</ele>
        <extensions>
          <distance>38097</distance>
        </extensions>
      </trkpt>
      <trkpt lat="45.95007" lon="6.86879">
        <ele>1810</ele>
        <extensions>
          <distance>38102</distance>
        </extensions>
      </trkpt>
      <trkpt lat="45.95003" lon="6.86876">
        <ele>1810</ele>
        <extensions>
          <distance>38107</distance>
        </extensions>
      </trkpt>
      <trkpt lat="45.94999" lon="6.86871">
        <ele>1809</ele>
        <extensions>
          <distance>38113</distance>
        </extensions>
      </trkpt>
      <trkpt lat="45.94995" lon="6.86869">
        <ele>1809</ele>
        <extensions>
          <distance>38118</distance>
        </extensions>
      </trkpt>
      <trkpt lat="45.94989" lon="6.8686">
        <ele>1809</ele>
        <extensions>
          <distance>38128</distance>
        </extensions>
      </trkpt>
      <trkpt lat="45.94984" lon="6.86857">
        <ele>1810</ele>
        <extensions>
          <distance>38134</distance>
        </extensions>
      </trkpt>
      <trkpt lat="45.9498" lon="6.86851">
        <ele>1810</ele>
        <extensions>
          <distance>38140</distance>
        </extensions>
      </trkpt>
      <trkpt lat="45.94975" lon="6.86846">
        <ele>1811</ele>
        <extensions>
          <distance>38147</distance>
        </extensions>
      </trkpt>
      <trkpt lat="45.9497" lon="6.86842">
        <ele>1812</ele>
        <extensions>
          <distance>38153</distance>
        </extensions>
      </trkpt>
      <trkpt lat="45.94967" lon="6.86842">
        <ele>1812</ele>
        <extensions>
          <distance>38157</distance>
        </extensions>
      </trkpt>
      <trkpt lat="45.94961" lon="6.86838">
        <ele>1813</ele>
        <extensions>
          <distance>38164</distance>
        </extensions>
      </trkpt>
      <trkpt lat="45.94958" lon="6.86832">
        <ele>1814</ele>
        <extensions>
          <distance>38170</distance>
        </extensions>
      </trkpt>
      <trkpt lat="45.94954" lon="6.8683">
        <ele>1815</ele>
        <extensions>
          <distance>38175</distance>
        </extensions>
      </trkpt>
      <trkpt lat="45.94951" lon="6.8683">
        <ele>1815</ele>
        <extensions>
          <distance>38178</distance>
        </extensions>
      </trkpt>
      <trkpt lat="45.9495" lon="6.86828">
        <ele>1815</ele>
        <extensions>
          <distance>38180</distance>
        </extensions>
      </trkpt>
      <trkpt lat="45.94948" lon="6.86828">
        <ele>1815</ele>
        <extensions>
          <distance>38182</distance>
        </extensions>
      </trkpt>
      <trkpt lat="45.94946" lon="6.86824">
        <ele>1816</ele>
        <extensions>
          <distance>38186</distance>
        </extensions>
      </trkpt>
      <trkpt lat="45.94945" lon="6.86824">
        <ele>1816</ele>
        <extensions>
          <distance>38187</distance>
        </extensions>
      </trkpt>
      <trkpt lat="45.94942" lon="6.8682">
        <ele>1817</ele>
        <extensions>
          <distance>38192</distance>
        </extensions>
      </trkpt>
      <trkpt lat="45.94938" lon="6.86818">
        <ele>1817</ele>
        <extensions>
          <distance>38196</distance>
        </extensions>
      </trkpt>
      <trkpt lat="45.9493" lon="6.86818">
        <ele>1817</ele>
        <extensions>
          <distance>38205</distance>
        </extensions>
      </trkpt>
      <trkpt lat="45.94926" lon="6.8682">
        <ele>1817</ele>
        <extensions>
          <distance>38210</distance>
        </extensions>
      </trkpt>
      <trkpt lat="45.9492" lon="6.86829">
        <ele>1815</ele>
        <extensions>
          <distance>38220</distance>
        </extensions>
      </trkpt>
      <trkpt lat="45.94917" lon="6.86844">
        <ele>1811</ele>
        <extensions>
          <distance>38232</distance>
        </extensions>
      </trkpt>
      <trkpt lat="45.94917" lon="6.86853">
        <ele>1809</ele>
        <extensions>
          <distance>38239</distance>
        </extensions>
      </trkpt>
      <trkpt lat="45.94918" lon="6.86854">
        <ele>1809</ele>
        <extensions>
          <distance>38240</distance>
        </extensions>
      </trkpt>
      <trkpt lat="45.94917" lon="6.86888">
        <ele>1802</ele>
        <extensions>
          <distance>38268</distance>
        </extensions>
      </trkpt>
      <trkpt lat="45.94918" lon="6.86889">
        <ele>1802</ele>
        <extensions>
          <distance>38269</distance>
        </extensions>
      </trkpt>
      <trkpt lat="45.9492" lon="6.86899">
        <ele>1800</ele>
        <extensions>
          <distance>38277</distance>
        </extensions>
      </trkpt>
      <trkpt lat="45.94921" lon="6.86915">
        <ele>1797</ele>
        <extensions>
          <distance>38290</distance>
        </extensions>
      </trkpt>
      <trkpt lat="45.94914" lon="6.86931">
        <ele>1794</ele>
        <extensions>
          <distance>38305</distance>
        </extensions>
      </trkpt>
      <trkpt lat="45.94907" lon="6.86935">
        <ele>1792</ele>
        <extensions>
          <distance>38314</distance>
        </extensions>
      </trkpt>
      <trkpt lat="45.94905" lon="6.86935">
        <ele>1792</ele>
        <extensions>
          <distance>38316</distance>
        </extensions>
      </trkpt>
      <trkpt lat="45.94904" lon="6.86937">
        <ele>1792</ele>
        <extensions>
          <distance>38318</distance>
        </extensions>
      </trkpt>
      <trkpt lat="45.94902" lon="6.86937">
        <ele>1792</ele>
        <extensions>
          <distance>38320</distance>
        </extensions>
      </trkpt>
      <trkpt lat="45.94892" lon="6.86942">
        <ele>1790</ele>
        <extensions>
          <distance>38332</distance>
        </extensions>
      </trkpt>
      <trkpt lat="45.94891" lon="6.86944">
        <ele>1790</ele>
        <extensions>
          <distance>38334</distance>
        </extensions>
      </trkpt>
      <trkpt lat="45.94891" lon="6.86953">
        <ele>1788</ele>
        <extensions>
          <distance>38341</distance>
        </extensions>
      </trkpt>
      <trkpt lat="45.94888" lon="6.86957">
        <ele>1787</ele>
        <extensions>
          <distance>38346</distance>
        </extensions>
      </trkpt>
      <trkpt lat="45.94889" lon="6.86968">
        <ele>1785</ele>
        <extensions>
          <distance>38354</distance>
        </extensions>
      </trkpt>
      <trkpt lat="45.94888" lon="6.8697">
        <ele>1785</ele>
        <extensions>
          <distance>38356</distance>
        </extensions>
      </trkpt>
      <trkpt lat="45.94888" lon="6.86974">
        <ele>1784</ele>
        <extensions>
          <distance>38360</distance>
        </extensions>
      </trkpt>
      <trkpt lat="45.94885" lon="6.8698">
        <ele>1783</ele>
        <extensions>
          <distance>38365</distance>
        </extensions>
      </trkpt>
      <trkpt lat="45.94886" lon="6.86987">
        <ele>1782</ele>
        <extensions>
          <distance>38371</distance>
        </extensions>
      </trkpt>
      <trkpt lat="45.94884" lon="6.86993">
        <ele>1781</ele>
        <extensions>
          <distance>38376</distance>
        </extensions>
      </trkpt>
      <trkpt lat="45.94878" lon="6.86998">
        <ele>1780</ele>
        <extensions>
          <distance>38384</distance>
        </extensions>
      </trkpt>
      <trkpt lat="45.94874" lon="6.87005">
        <ele>1779</ele>
        <extensions>
          <distance>38391</distance>
        </extensions>
      </trkpt>
      <trkpt lat="45.94868" lon="6.87007">
        <ele>1778</ele>
        <extensions>
          <distance>38398</distance>
        </extensions>
      </trkpt>
      <trkpt lat="45.94855" lon="6.87008">
        <ele>1777</ele>
        <extensions>
          <distance>38413</distance>
        </extensions>
      </trkpt>
      <trkpt lat="45.94848" lon="6.87011">
        <ele>1776</ele>
        <extensions>
          <distance>38421</distance>
        </extensions>
      </trkpt>
      <trkpt lat="45.94841" lon="6.87011">
        <ele>1775</ele>
        <extensions>
          <distance>38429</distance>
        </extensions>
      </trkpt>
      <trkpt lat="45.94839" lon="6.8701">
        <ele>1775</ele>
        <extensions>
          <distance>38431</distance>
        </extensions>
      </trkpt>
      <trkpt lat="45.94837" lon="6.87011">
        <ele>1774</ele>
        <extensions>
          <distance>38433</distance>
        </extensions>
      </trkpt>
      <trkpt lat="45.94834" lon="6.8701">
        <ele>1774</ele>
        <extensions>
          <distance>38437</distance>
        </extensions>
      </trkpt>
      <trkpt lat="45.94831" lon="6.87011">
        <ele>1773</ele>
        <extensions>
          <distance>38440</distance>
        </extensions>
      </trkpt>
      <trkpt lat="45.9483" lon="6.8701">
        <ele>1773</ele>
        <extensions>
          <distance>38442</distance>
        </extensions>
      </trkpt>
      <trkpt lat="45.94819" lon="6.8701">
        <ele>1770</ele>
        <extensions>
          <distance>38454</distance>
        </extensions>
      </trkpt>
      <trkpt lat="45.94809" lon="6.87022">
        <ele>1765</ele>
        <extensions>
          <distance>38470</distance>
        </extensions>
      </trkpt>
      <trkpt lat="45.94799" lon="6.8702">
        <ele>1759</ele>
        <extensions>
          <distance>38482</distance>
        </extensions>
      </trkpt>
      <trkpt lat="45.94797" lon="6.87024">
        <ele>1758</ele>
        <extensions>
          <distance>38486</distance>
        </extensions>
      </trkpt>
      <trkpt lat="45.94793" lon="6.87028">
        <ele>1755</ele>
        <extensions>
          <distance>38492</distance>
        </extensions>
      </trkpt>
      <trkpt lat="45.9479" lon="6.87028">
        <ele>1755</ele>
        <extensions>
          <distance>38496</distance>
        </extensions>
      </trkpt>
      <trkpt lat="45.94786" lon="6.87022">
        <ele>1755</ele>
        <extensions>
          <distance>38502</distance>
        </extensions>
      </trkpt>
      <trkpt lat="45.94786" lon="6.87013">
        <ele>1755</ele>
        <extensions>
          <distance>38509</distance>
        </extensions>
      </trkpt>
      <trkpt lat="45.94785" lon="6.87012">
        <ele>1755</ele>
        <extensions>
          <distance>38511</distance>
        </extensions>
      </trkpt>
      <trkpt lat="45.94784" lon="6.87008">
        <ele>1755</ele>
        <extensions>
          <distance>38514</distance>
        </extensions>
      </trkpt>
      <trkpt lat="45.94785" lon="6.87008">
        <ele>1755</ele>
        <extensions>
          <distance>38515</distance>
        </extensions>
      </trkpt>
      <trkpt lat="45.94784" lon="6.87006">
        <ele>1755</ele>
        <extensions>
          <distance>38517</distance>
        </extensions>
      </trkpt>
      <trkpt lat="45.94783" lon="6.87007">
        <ele>1755</ele>
        <extensions>
          <distance>38518</distance>
        </extensions>
      </trkpt>
      <trkpt lat="45.9478" lon="6.87006">
        <ele>1753</ele>
        <extensions>
          <distance>38522</distance>
        </extensions>
      </trkpt>
      <trkpt lat="45.94778" lon="6.87003">
        <ele>1751</ele>
        <extensions>
          <distance>38525</distance>
        </extensions>
      </trkpt>
      <trkpt lat="45.94778" lon="6.87008">
        <ele>1751</ele>
        <extensions>
          <distance>38529</distance>
        </extensions>
      </trkpt>
      <trkpt lat="45.94777" lon="6.87009">
        <ele>1751</ele>
        <extensions>
          <distance>38530</distance>
        </extensions>
      </trkpt>
      <trkpt lat="45.94777" lon="6.87006">
        <ele>1751</ele>
        <extensions>
          <distance>38533</distance>
        </extensions>
      </trkpt>
      <trkpt lat="45.94776" lon="6.87005">
        <ele>1751</ele>
        <extensions>
          <distance>38534</distance>
        </extensions>
      </trkpt>
      <trkpt lat="45.94776" lon="6.86994">
        <ele>1751</ele>
        <extensions>
          <distance>38543</distance>
        </extensions>
      </trkpt>
      <trkpt lat="45.94774" lon="6.86991">
        <ele>1752</ele>
        <extensions>
          <distance>38546</distance>
        </extensions>
      </trkpt>
      <trkpt lat="45.9477" lon="6.86988">
        <ele>1753</ele>
        <extensions>
          <distance>38551</distance>
        </extensions>
      </trkpt>
      <trkpt lat="45.94771" lon="6.86982">
        <ele>1753</ele>
        <extensions>
          <distance>38556</distance>
        </extensions>
      </trkpt>
      <trkpt lat="45.94767" lon="6.86969">
        <ele>1752</ele>
        <extensions>
          <distance>38567</distance>
        </extensions>
      </trkpt>
      <trkpt lat="45.94768" lon="6.8697">
        <ele>1752</ele>
        <extensions>
          <distance>38568</distance>
        </extensions>
      </trkpt>
      <trkpt lat="45.94768" lon="6.86974">
        <ele>1752</ele>
        <extensions>
          <distance>38571</distance>
        </extensions>
      </trkpt>
      <trkpt lat="45.94763" lon="6.86969">
        <ele>1749</ele>
        <extensions>
          <distance>38578</distance>
        </extensions>
      </trkpt>
      <trkpt lat="45.94754" lon="6.86966">
        <ele>1744</ele>
        <extensions>
          <distance>38588</distance>
        </extensions>
      </trkpt>
      <trkpt lat="45.94752" lon="6.86967">
        <ele>1740</ele>
        <extensions>
          <distance>38593</distance>
        </extensions>
      </trkpt>
      <trkpt lat="45.94752" lon="6.8697">
        <ele>1740</ele>
        <extensions>
          <distance>38595</distance>
        </extensions>
      </trkpt>
      <trkpt lat="45.94739" lon="6.86969">
        <ele>1730</ele>
        <extensions>
          <distance>38613</distance>
        </extensions>
      </trkpt>
      <trkpt lat="45.94736" lon="6.86967">
        <ele>1729</ele>
        <extensions>
          <distance>38616</distance>
        </extensions>
      </trkpt>
      <trkpt lat="45.94733" lon="6.86967">
        <ele>1727</ele>
        <extensions>
          <distance>38620</distance>
        </extensions>
      </trkpt>
      <trkpt lat="45.9473" lon="6.86969">
        <ele>1723</ele>
        <extensions>
          <distance>38626</distance>
        </extensions>
      </trkpt>
      <trkpt lat="45.94726" lon="6.8697">
        <ele>1723</ele>
        <extensions>
          <distance>38630</distance>
        </extensions>
      </trkpt>
      <trkpt lat="45.94724" lon="6.86967">
        <ele>1723</ele>
        <extensions>
          <distance>38633</distance>
        </extensions>
      </trkpt>
      <trkpt lat="45.94726" lon="6.86968">
        <ele>1723</ele>
        <extensions>
          <distance>38636</distance>
        </extensions>
      </trkpt>
      <trkpt lat="45.94728" lon="6.86967">
        <ele>1723</ele>
        <extensions>
          <distance>38638</distance>
        </extensions>
      </trkpt>
      <trkpt lat="45.94733" lon="6.86968">
        <ele>1726</ele>
        <extensions>
          <distance>38644</distance>
        </extensions>
      </trkpt>
      <trkpt lat="45.94734" lon="6.86971">
        <ele>1726</ele>
        <extensions>
          <distance>38647</distance>
        </extensions>
      </trkpt>
      <trkpt lat="45.94737" lon="6.86974">
        <ele>1729</ele>
        <extensions>
          <distance>38651</distance>
        </extensions>
      </trkpt>
      <trkpt lat="45.94742" lon="6.86974">
        <ele>1730</ele>
        <extensions>
          <distance>38657</distance>
        </extensions>
      </trkpt>
      <trkpt lat="45.94743" lon="6.86976">
        <ele>1730</ele>
        <extensions>
          <distance>38659</distance>
        </extensions>
      </trkpt>
      <trkpt lat="45.94743" lon="6.8698">
        <ele>1730</ele>
        <extensions>
          <distance>38662</distance>
        </extensions>
      </trkpt>
      <trkpt lat="45.94742" lon="6.86982">
        <ele>1730</ele>
        <extensions>
          <distance>38664</distance>
        </extensions>
      </trkpt>
      <trkpt lat="45.94744" lon="6.86989">
        <ele>1728</ele>
        <extensions>
          <distance>38670</distance>
        </extensions>
      </trkpt>
      <trkpt lat="45.94743" lon="6.8699">
        <ele>1728</ele>
        <extensions>
          <distance>38671</distance>
        </extensions>
      </trkpt>
      <trkpt lat="45.94743" lon="6.87002">
        <ele>1725</ele>
        <extensions>
          <distance>38681</distance>
        </extensions>
      </trkpt>
      <trkpt lat="45.94742" lon="6.87005">
        <ele>1725</ele>
        <extensions>
          <distance>38683</distance>
        </extensions>
      </trkpt>
      <trkpt lat="45.94742" lon="6.87009">
        <ele>1725</ele>
        <extensions>
          <distance>38686</distance>
        </extensions>
      </trkpt>
      <trkpt lat="45.94743" lon="6.87011">
        <ele>1724</ele>
        <extensions>
          <distance>38688</distance>
        </extensions>
      </trkpt>
      <trkpt lat="45.94742" lon="6.87013">
        <ele>1724</ele>
        <extensions>
          <distance>38690</distance>
        </extensions>
      </trkpt>
      <trkpt lat="45.94741" lon="6.87029">
        <ele>1721</ele>
        <extensions>
          <distance>38703</distance>
        </extensions>
      </trkpt>
      <trkpt lat="45.94744" lon="6.87035">
        <ele>1720</ele>
        <extensions>
          <distance>38709</distance>
        </extensions>
      </trkpt>
      <trkpt lat="45.94744" lon="6.87039">
        <ele>1719</ele>
        <extensions>
          <distance>38712</distance>
        </extensions>
      </trkpt>
      <trkpt lat="45.94745" lon="6.87041">
        <ele>1719</ele>
        <extensions>
          <distance>38714</distance>
        </extensions>
      </trkpt>
      <trkpt lat="45.94743" lon="6.87046">
        <ele>1716</ele>
        <extensions>
          <distance>38719</distance>
        </extensions>
      </trkpt>
      <trkpt lat="45.94741" lon="6.87058">
        <ele>1714</ele>
        <extensions>
          <distance>38728</distance>
        </extensions>
      </trkpt>
      <trkpt lat="45.94743" lon="6.87068">
        <ele>1713</ele>
        <extensions>
          <distance>38737</distance>
        </extensions>
      </trkpt>
      <trkpt lat="45.94746" lon="6.87076">
        <ele>1713</ele>
        <extensions>
          <distance>38744</distance>
        </extensions>
      </trkpt>
      <trkpt lat="45.9475" lon="6.87081">
        <ele>1712</ele>
        <extensions>
          <distance>38750</distance>
        </extensions>
      </trkpt>
      <trkpt lat="45.94751" lon="6.87084">
        <ele>1711</ele>
        <extensions>
          <distance>38752</distance>
        </extensions>
      </trkpt>
      <trkpt lat="45.9475" lon="6.87093">
        <ele>1711</ele>
        <extensions>
          <distance>38759</distance>
        </extensions>
      </trkpt>
      <trkpt lat="45.94751" lon="6.87095">
        <ele>1711</ele>
        <extensions>
          <distance>38761</distance>
        </extensions>
      </trkpt>
      <trkpt lat="45.94752" lon="6.87118">
        <ele>1705</ele>
        <extensions>
          <distance>38780</distance>
        </extensions>
      </trkpt>
      <trkpt lat="45.9475" lon="6.8712">
        <ele>1705</ele>
        <extensions>
          <distance>38783</distance>
        </extensions>
      </trkpt>
      <trkpt lat="45.9475" lon="6.87122">
        <ele>1704</ele>
        <extensions>
          <distance>38784</distance>
        </extensions>
      </trkpt>
      <trkpt lat="45.94747" lon="6.87127">
        <ele>1702</ele>
        <extensions>
          <distance>38790</distance>
        </extensions>
      </trkpt>
      <trkpt lat="45.94744" lon="6.87128">
        <ele>1700</ele>
        <extensions>
          <distance>38793</distance>
        </extensions>
      </trkpt>
      <trkpt lat="45.9474" lon="6.87136">
        <ele>1699</ele>
        <extensions>
          <distance>38801</distance>
        </extensions>
      </trkpt>
      <trkpt lat="45.9474" lon="6.87145">
        <ele>1698</ele>
        <extensions>
          <distance>38808</distance>
        </extensions>
      </trkpt>
      <trkpt lat="45.94736" lon="6.87154">
        <ele>1695</ele>
        <extensions>
          <distance>38817</distance>
        </extensions>
      </trkpt>
      <trkpt lat="45.94733" lon="6.87155">
        <ele>1695</ele>
        <extensions>
          <distance>38820</distance>
        </extensions>
      </trkpt>
      <trkpt lat="45.94732" lon="6.87148">
        <ele>1694</ele>
        <extensions>
          <distance>38826</distance>
        </extensions>
      </trkpt>
      <trkpt lat="45.94729" lon="6.87143">
        <ele>1693</ele>
        <extensions>
          <distance>38831</distance>
        </extensions>
      </trkpt>
      <trkpt lat="45.94728" lon="6.87139">
        <ele>1693</ele>
        <extensions>
          <distance>38834</distance>
        </extensions>
      </trkpt>
      <trkpt lat="45.94727" lon="6.87139">
        <ele>1691</ele>
        <extensions>
          <distance>38836</distance>
        </extensions>
      </trkpt>
      <trkpt lat="45.94726" lon="6.87141">
        <ele>1691</ele>
        <extensions>
          <distance>38838</distance>
        </extensions>
      </trkpt>
      <trkpt lat="45.94727" lon="6.87147">
        <ele>1691</ele>
        <extensions>
          <distance>38843</distance>
        </extensions>
      </trkpt>
      <trkpt lat="45.94725" lon="6.87151">
        <ele>1691</ele>
        <extensions>
          <distance>38846</distance>
        </extensions>
      </trkpt>
      <trkpt lat="45.94726" lon="6.87153">
        <ele>1691</ele>
        <extensions>
          <distance>38848</distance>
        </extensions>
      </trkpt>
      <trkpt lat="45.94726" lon="6.87158">
        <ele>1690</ele>
        <extensions>
          <distance>38852</distance>
        </extensions>
      </trkpt>
      <trkpt lat="45.94725" lon="6.8716">
        <ele>1690</ele>
        <extensions>
          <distance>38854</distance>
        </extensions>
      </trkpt>
      <trkpt lat="45.94724" lon="6.8716">
        <ele>1690</ele>
        <extensions>
          <distance>38855</distance>
        </extensions>
      </trkpt>
      <trkpt lat="45.94722" lon="6.8717">
        <ele>1687</ele>
        <extensions>
          <distance>38864</distance>
        </extensions>
      </trkpt>
      <trkpt lat="45.9472" lon="6.87172">
        <ele>1687</ele>
        <extensions>
          <distance>38866</distance>
        </extensions>
      </trkpt>
      <trkpt lat="45.94716" lon="6.87163">
        <ele>1686</ele>
        <extensions>
          <distance>38875</distance>
        </extensions>
      </trkpt>
      <trkpt lat="45.94715" lon="6.8715">
        <ele>1685</ele>
        <extensions>
          <distance>38885</distance>
        </extensions>
      </trkpt>
      <trkpt lat="45.94712" lon="6.87146">
        <ele>1682</ele>
        <extensions>
          <distance>38890</distance>
        </extensions>
      </trkpt>
      <trkpt lat="45.94712" lon="6.87143">
        <ele>1682</ele>
        <extensions>
          <distance>38892</distance>
        </extensions>
      </trkpt>
      <trkpt lat="45.9471" lon="6.8714">
        <ele>1682</ele>
        <extensions>
          <distance>38895</distance>
        </extensions>
      </trkpt>
      <trkpt lat="45.94709" lon="6.87133">
        <ele>1678</ele>
        <extensions>
          <distance>38901</distance>
        </extensions>
      </trkpt>
      <trkpt lat="45.94707" lon="6.87131">
        <ele>1678</ele>
        <extensions>
          <distance>38904</distance>
        </extensions>
      </trkpt>
      <trkpt lat="45.94705" lon="6.87131">
        <ele>1675</ele>
        <extensions>
          <distance>38907</distance>
        </extensions>
      </trkpt>
      <trkpt lat="45.947" lon="6.87126">
        <ele>1671</ele>
        <extensions>
          <distance>38915</distance>
        </extensions>
      </trkpt>
      <trkpt lat="45.94698" lon="6.8712">
        <ele>1671</ele>
        <extensions>
          <distance>38920</distance>
        </extensions>
      </trkpt>
      <trkpt lat="45.94695" lon="6.87119">
        <ele>1668</ele>
        <extensions>
          <distance>38924</distance>
        </extensions>
      </trkpt>
      <trkpt lat="45.94694" lon="6.87116">
        <ele>1668</ele>
        <extensions>
          <distance>38927</distance>
        </extensions>
      </trkpt>
      <trkpt lat="45.9469" lon="6.87115">
        <ele>1664</ele>
        <extensions>
          <distance>38932</distance>
        </extensions>
      </trkpt>
      <trkpt lat="45.94687" lon="6.87109">
        <ele>1661</ele>
        <extensions>
          <distance>38939</distance>
        </extensions>
      </trkpt>
      <trkpt lat="45.94687" lon="6.87082">
        <ele>1660</ele>
        <extensions>
          <distance>38960</distance>
        </extensions>
      </trkpt>
      <trkpt lat="45.94683" lon="6.87062">
        <ele>1660</ele>
        <extensions>
          <distance>38976</distance>
        </extensions>
      </trkpt>
      <trkpt lat="45.9468" lon="6.87059">
        <ele>1659</ele>
        <extensions>
          <distance>38980</distance>
        </extensions>
      </trkpt>
      <trkpt lat="45.94677" lon="6.87051">
        <ele>1659</ele>
        <extensions>
          <distance>38987</distance>
        </extensions>
      </trkpt>
      <trkpt lat="45.94676" lon="6.87052">
        <ele>1659</ele>
        <extensions>
          <distance>38988</distance>
        </extensions>
      </trkpt>
      <trkpt lat="45.94671" lon="6.87045">
        <ele>1659</ele>
        <extensions>
          <distance>38996</distance>
        </extensions>
      </trkpt>
      <trkpt lat="45.94671" lon="6.87042">
        <ele>1659</ele>
        <extensions>
          <distance>38998</distance>
        </extensions>
      </trkpt>
      <trkpt lat="45.94668" lon="6.87035">
        <ele>1657</ele>
        <extensions>
          <distance>39005</distance>
        </extensions>
      </trkpt>
      <trkpt lat="45.94668" lon="6.87031">
        <ele>1654</ele>
        <extensions>
          <distance>39009</distance>
        </extensions>
      </trkpt>
      <trkpt lat="45.94667" lon="6.87029">
        <ele>1654</ele>
        <extensions>
          <distance>39011</distance>
        </extensions>
      </trkpt>
      <trkpt lat="45.94661" lon="6.87026">
        <ele>1653</ele>
        <extensions>
          <distance>39018</distance>
        </extensions>
      </trkpt>
      <trkpt lat="45.94659" lon="6.87022">
        <ele>1653</ele>
        <extensions>
          <distance>39022</distance>
        </extensions>
      </trkpt>
      <trkpt lat="45.94656" lon="6.87022">
        <ele>1653</ele>
        <extensions>
          <distance>39025</distance>
        </extensions>
      </trkpt>
      <trkpt lat="45.94658" lon="6.87025">
        <ele>1653</ele>
        <extensions>
          <distance>39029</distance>
        </extensions>
      </trkpt>
      <trkpt lat="45.94664" lon="6.87027">
        <ele>1655</ele>
        <extensions>
          <distance>39035</distance>
        </extensions>
      </trkpt>
      <trkpt lat="45.94665" lon="6.8703">
        <ele>1655</ele>
        <extensions>
          <distance>39038</distance>
        </extensions>
      </trkpt>
      <trkpt lat="45.94667" lon="6.87032">
        <ele>1655</ele>
        <extensions>
          <distance>39041</distance>
        </extensions>
      </trkpt>
      <trkpt lat="45.94669" lon="6.8704">
        <ele>1655</ele>
        <extensions>
          <distance>39047</distance>
        </extensions>
      </trkpt>
      <trkpt lat="45.94669" lon="6.87046">
        <ele>1653</ele>
        <extensions>
          <distance>39052</distance>
        </extensions>
      </trkpt>
      <trkpt lat="45.94668" lon="6.87047">
        <ele>1653</ele>
        <extensions>
          <distance>39053</distance>
        </extensions>
      </trkpt>
      <trkpt lat="45.94668" lon="6.8706">
        <ele>1650</ele>
        <extensions>
          <distance>39064</distance>
        </extensions>
      </trkpt>
      <trkpt lat="45.9467" lon="6.87068">
        <ele>1650</ele>
        <extensions>
          <distance>39070</distance>
        </extensions>
      </trkpt>
      <trkpt lat="45.94673" lon="6.87073">
        <ele>1650</ele>
        <extensions>
          <distance>39075</distance>
        </extensions>
      </trkpt>
      <trkpt lat="45.94674" lon="6.8708">
        <ele>1650</ele>
        <extensions>
          <distance>39081</distance>
        </extensions>
      </trkpt>
      <trkpt lat="45.94677" lon="6.87089">
        <ele>1652</ele>
        <extensions>
          <distance>39089</distance>
        </extensions>
      </trkpt>
      <trkpt lat="45.94677" lon="6.87108">
        <ele>1653</ele>
        <extensions>
          <distance>39103</distance>
        </extensions>
      </trkpt>
      <trkpt lat="45.94678" lon="6.8711">
        <ele>1653</ele>
        <extensions>
          <distance>39105</distance>
        </extensions>
      </trkpt>
      <trkpt lat="45.94678" lon="6.87115">
        <ele>1653</ele>
        <extensions>
          <distance>39109</distance>
        </extensions>
      </trkpt>
      <trkpt lat="45.94677" lon="6.87117">
        <ele>1653</ele>
        <extensions>
          <distance>39111</distance>
        </extensions>
      </trkpt>
      <trkpt lat="45.94678" lon="6.8712">
        <ele>1653</ele>
        <extensions>
          <distance>39114</distance>
        </extensions>
      </trkpt>
      <trkpt lat="45.94677" lon="6.87122">
        <ele>1653</ele>
        <extensions>
          <distance>39116</distance>
        </extensions>
      </trkpt>
      <trkpt lat="45.94672" lon="6.87127">
        <ele>1650</ele>
        <extensions>
          <distance>39123</distance>
        </extensions>
      </trkpt>
      <trkpt lat="45.94669" lon="6.87127">
        <ele>1646</ele>
        <extensions>
          <distance>39128</distance>
        </extensions>
      </trkpt>
      <trkpt lat="45.9466" lon="6.8714">
        <ele>1639</ele>
        <extensions>
          <distance>39144</distance>
        </extensions>
      </trkpt>
      <trkpt lat="45.9466" lon="6.87146">
        <ele>1639</ele>
        <extensions>
          <distance>39148</distance>
        </extensions>
      </trkpt>
      <trkpt lat="45.94658" lon="6.87153">
        <ele>1637</ele>
        <extensions>
          <distance>39154</distance>
        </extensions>
      </trkpt>
      <trkpt lat="45.94655" lon="6.87177">
        <ele>1636</ele>
        <extensions>
          <distance>39173</distance>
        </extensions>
      </trkpt>
      <trkpt lat="45.9465" lon="6.87191">
        <ele>1633</ele>
        <extensions>
          <distance>39186</distance>
        </extensions>
      </trkpt>
      <trkpt lat="45.94647" lon="6.87196">
        <ele>1633</ele>
        <extensions>
          <distance>39191</distance>
        </extensions>
      </trkpt>
      <trkpt lat="45.94653" lon="6.87212">
        <ele>1632</ele>
        <extensions>
          <distance>39205</distance>
        </extensions>
      </trkpt>
      <trkpt lat="45.94655" lon="6.87214">
        <ele>1631</ele>
        <extensions>
          <distance>39208</distance>
        </extensions>
      </trkpt>
      <trkpt lat="45.94657" lon="6.87219">
        <ele>1630</ele>
        <extensions>
          <distance>39212</distance>
        </extensions>
      </trkpt>
      <trkpt lat="45.94658" lon="6.87232">
        <ele>1630</ele>
        <extensions>
          <distance>39222</distance>
        </extensions>
      </trkpt>
      <trkpt lat="45.94661" lon="6.87238">
        <ele>1630</ele>
        <extensions>
          <distance>39228</distance>
        </extensions>
      </trkpt>
      <trkpt lat="45.94661" lon="6.8725">
        <ele>1630</ele>
        <extensions>
          <distance>39237</distance>
        </extensions>
      </trkpt>
      <trkpt lat="45.94666" lon="6.87254">
        <ele>1629</ele>
        <extensions>
          <distance>39244</distance>
        </extensions>
      </trkpt>
      <trkpt lat="45.94664" lon="6.87257">
        <ele>1628</ele>
        <extensions>
          <distance>39247</distance>
        </extensions>
      </trkpt>
      <trkpt lat="45.94662" lon="6.87258">
        <ele>1626</ele>
        <extensions>
          <distance>39250</distance>
        </extensions>
      </trkpt>
      <trkpt lat="45.9466" lon="6.87258">
        <ele>1626</ele>
        <extensions>
          <distance>39252</distance>
        </extensions>
      </trkpt>
      <trkpt lat="45.94658" lon="6.87252">
        <ele>1624</ele>
        <extensions>
          <distance>39257</distance>
        </extensions>
      </trkpt>
      <trkpt lat="45.94653" lon="6.87249">
        <ele>1622</ele>
        <extensions>
          <distance>39264</distance>
        </extensions>
      </trkpt>
      <trkpt lat="45.94649" lon="6.87236">
        <ele>1622</ele>
        <extensions>
          <distance>39275</distance>
        </extensions>
      </trkpt>
      <trkpt lat="45.94645" lon="6.87232">
        <ele>1620</ele>
        <extensions>
          <distance>39280</distance>
        </extensions>
      </trkpt>
      <trkpt lat="45.94642" lon="6.8723">
        <ele>1620</ele>
        <extensions>
          <distance>39284</distance>
        </extensions>
      </trkpt>
      <trkpt lat="45.9464" lon="6.8723">
        <ele>1617</ele>
        <extensions>
          <distance>39286</distance>
        </extensions>
      </trkpt>
      <trkpt lat="45.94639" lon="6.87228">
        <ele>1617</ele>
        <extensions>
          <distance>39288</distance>
        </extensions>
      </trkpt>
      <trkpt lat="45.94638" lon="6.87228">
        <ele>1616</ele>
        <extensions>
          <distance>39289</distance>
        </extensions>
      </trkpt>
      <trkpt lat="45.94634" lon="6.87221">
        <ele>1614</ele>
        <extensions>
          <distance>39297</distance>
        </extensions>
      </trkpt>
      <trkpt lat="45.94631" lon="6.87219">
        <ele>1612</ele>
        <extensions>
          <distance>39301</distance>
        </extensions>
      </trkpt>
      <trkpt lat="45.94631" lon="6.87216">
        <ele>1611</ele>
        <extensions>
          <distance>39304</distance>
        </extensions>
      </trkpt>
      <trkpt lat="45.94629" lon="6.87213">
        <ele>1611</ele>
        <extensions>
          <distance>39307</distance>
        </extensions>
      </trkpt>
      <trkpt lat="45.94629" lon="6.87207">
        <ele>1611</ele>
        <extensions>
          <distance>39312</distance>
        </extensions>
      </trkpt>
      <trkpt lat="45.94626" lon="6.87196">
        <ele>1611</ele>
        <extensions>
          <distance>39321</distance>
        </extensions>
      </trkpt>
      <trkpt lat="45.94626" lon="6.87181">
        <ele>1611</ele>
        <extensions>
          <distance>39332</distance>
        </extensions>
      </trkpt>
      <trkpt lat="45.94629" lon="6.8716">
        <ele>1611</ele>
        <extensions>
          <distance>39349</distance>
        </extensions>
      </trkpt>
      <trkpt lat="45.94628" lon="6.87155">
        <ele>1609</ele>
        <extensions>
          <distance>39353</distance>
        </extensions>
      </trkpt>
      <trkpt lat="45.94631" lon="6.87144">
        <ele>1609</ele>
        <extensions>
          <distance>39362</distance>
        </extensions>
      </trkpt>
      <trkpt lat="45.94631" lon="6.87129">
        <ele>1608</ele>
        <extensions>
          <distance>39374</distance>
        </extensions>
      </trkpt>
      <trkpt lat="45.94626" lon="6.87109">
        <ele>1606</ele>
        <extensions>
          <distance>39390</distance>
        </extensions>
      </trkpt>
      <trkpt lat="45.94623" lon="6.87105">
        <ele>1602</ele>
        <extensions>
          <distance>39396</distance>
        </extensions>
      </trkpt>
      <trkpt lat="45.94618" lon="6.87105">
        <ele>1601</ele>
        <extensions>
          <distance>39401</distance>
        </extensions>
      </trkpt>
      <trkpt lat="45.94618" lon="6.87097">
        <ele>1600</ele>
        <extensions>
          <distance>39407</distance>
        </extensions>
      </trkpt>
      <trkpt lat="45.94617" lon="6.87095">
        <ele>1599</ele>
        <extensions>
          <distance>39410</distance>
        </extensions>
      </trkpt>
      <trkpt lat="45.94617" lon="6.87089">
        <ele>1599</ele>
        <extensions>
          <distance>39414</distance>
        </extensions>
      </trkpt>
      <trkpt lat="45.94615" lon="6.87084">
        <ele>1599</ele>
        <extensions>
          <distance>39419</distance>
        </extensions>
      </trkpt>
      <trkpt lat="45.94615" lon="6.8708">
        <ele>1598</ele>
        <extensions>
          <distance>39422</distance>
        </extensions>
      </trkpt>
      <trkpt lat="45.94611" lon="6.87075">
        <ele>1598</ele>
        <extensions>
          <distance>39428</distance>
        </extensions>
      </trkpt>
      <trkpt lat="45.94611" lon="6.87073">
        <ele>1598</ele>
        <extensions>
          <distance>39429</distance>
        </extensions>
      </trkpt>
      <trkpt lat="45.94608" lon="6.87072">
        <ele>1597</ele>
        <extensions>
          <distance>39433</distance>
        </extensions>
      </trkpt>
      <trkpt lat="45.94603" lon="6.87073">
        <ele>1595</ele>
        <extensions>
          <distance>39439</distance>
        </extensions>
      </trkpt>
      <trkpt lat="45.946" lon="6.87075">
        <ele>1591</ele>
        <extensions>
          <distance>39444</distance>
        </extensions>
      </trkpt>
      <trkpt lat="45.94593" lon="6.87075">
        <ele>1585</ele>
        <extensions>
          <distance>39454</distance>
        </extensions>
      </trkpt>
      <trkpt lat="45.94588" lon="6.87073">
        <ele>1583</ele>
        <extensions>
          <distance>39460</distance>
        </extensions>
      </trkpt>
      <trkpt lat="45.94582" lon="6.87068">
        <ele>1581</ele>
        <extensions>
          <distance>39468</distance>
        </extensions>
      </trkpt>
      <trkpt lat="45.94579" lon="6.87064">
        <ele>1579</ele>
        <extensions>
          <distance>39473</distance>
        </extensions>
      </trkpt>
      <trkpt lat="45.94577" lon="6.87063">
        <ele>1579</ele>
        <extensions>
          <distance>39475</distance>
        </extensions>
      </trkpt>
      <trkpt lat="45.94575" lon="6.87059">
        <ele>1576</ele>
        <extensions>
          <distance>39480</distance>
        </extensions>
      </trkpt>
      <trkpt lat="45.94571" lon="6.87056">
        <ele>1574</ele>
        <extensions>
          <distance>39485</distance>
        </extensions>
      </trkpt>
      <trkpt lat="45.94571" lon="6.87053">
        <ele>1574</ele>
        <extensions>
          <distance>39487</distance>
        </extensions>
      </trkpt>
      <trkpt lat="45.94568" lon="6.87047">
        <ele>1574</ele>
        <extensions>
          <distance>39493</distance>
        </extensions>
      </trkpt>
      <trkpt lat="45.94566" lon="6.8704">
        <ele>1573</ele>
        <extensions>
          <distance>39499</distance>
        </extensions>
      </trkpt>
      <trkpt lat="45.94565" lon="6.87033">
        <ele>1573</ele>
        <extensions>
          <distance>39505</distance>
        </extensions>
      </trkpt>
      <trkpt lat="45.94566" lon="6.87011">
        <ele>1572</ele>
        <extensions>
          <distance>39522</distance>
        </extensions>
      </trkpt>
      <trkpt lat="45.94556" lon="6.86989">
        <ele>1572</ele>
        <extensions>
          <distance>39542</distance>
        </extensions>
      </trkpt>
      <trkpt lat="45.94556" lon="6.86975">
        <ele>1572</ele>
        <extensions>
          <distance>39553</distance>
        </extensions>
      </trkpt>
      <trkpt lat="45.94555" lon="6.86974">
        <ele>1571</ele>
        <extensions>
          <distance>39554</distance>
        </extensions>
      </trkpt>
      <trkpt lat="45.94553" lon="6.86966">
        <ele>1571</ele>
        <extensions>
          <distance>39561</distance>
        </extensions>
      </trkpt>
      <trkpt lat="45.94553" lon="6.86961">
        <ele>1571</ele>
        <extensions>
          <distance>39565</distance>
        </extensions>
      </trkpt>
      <trkpt lat="45.94548" lon="6.86945">
        <ele>1570</ele>
        <extensions>
          <distance>39578</distance>
        </extensions>
      </trkpt>
      <trkpt lat="45.94545" lon="6.86939">
        <ele>1568</ele>
        <extensions>
          <distance>39584</distance>
        </extensions>
      </trkpt>
      <trkpt lat="45.94544" lon="6.8694">
        <ele>1568</ele>
        <extensions>
          <distance>39585</distance>
        </extensions>
      </trkpt>
      <trkpt lat="45.94541" lon="6.86937">
        <ele>1566</ele>
        <extensions>
          <distance>39590</distance>
        </extensions>
      </trkpt>
      <trkpt lat="45.9453" lon="6.8693">
        <ele>1560</ele>
        <extensions>
          <distance>39605</distance>
        </extensions>
      </trkpt>
      <trkpt lat="45.94523" lon="6.8693">
        <ele>1553</ele>
        <extensions>
          <distance>39615</distance>
        </extensions>
      </trkpt>
      <trkpt lat="45.9452" lon="6.86932">
        <ele>1550</ele>
        <extensions>
          <distance>39620</distance>
        </extensions>
      </trkpt>
      <trkpt lat="45.94509" lon="6.86933">
        <ele>1544</ele>
        <extensions>
          <distance>39634</distance>
        </extensions>
      </trkpt>
      <trkpt lat="45.94503" lon="6.86935">
        <ele>1537</ele>
        <extensions>
          <distance>39643</distance>
        </extensions>
      </trkpt>
      <trkpt lat="45.94499" lon="6.86939">
        <ele>1532</ele>
        <extensions>
          <distance>39651</distance>
        </extensions>
      </trkpt>
      <trkpt lat="45.94496" lon="6.86939">
        <ele>1532</ele>
        <extensions>
          <distance>39654</distance>
        </extensions>
      </trkpt>
      <trkpt lat="45.94487" lon="6.86942">
        <ele>1526</ele>
        <extensions>
          <distance>39666</distance>
        </extensions>
      </trkpt>
      <trkpt lat="45.94478" lon="6.8694">
        <ele>1526</ele>
        <extensions>
          <distance>39676</distance>
        </extensions>
      </trkpt>
      <trkpt lat="45.94476" lon="6.86939">
        <ele>1526</ele>
        <extensions>
          <distance>39678</distance>
        </extensions>
      </trkpt>
      <trkpt lat="45.94476" lon="6.86937">
        <ele>1526</ele>
        <extensions>
          <distance>39680</distance>
        </extensions>
      </trkpt>
      <trkpt lat="45.94474" lon="6.86937">
        <ele>1526</ele>
        <extensions>
          <distance>39682</distance>
        </extensions>
      </trkpt>
      <trkpt lat="45.94471" lon="6.86935">
        <ele>1526</ele>
        <extensions>
          <distance>39686</distance>
        </extensions>
      </trkpt>
      <trkpt lat="45.94463" lon="6.8692">
        <ele>1534</ele>
        <extensions>
          <distance>39701</distance>
        </extensions>
      </trkpt>
      <trkpt lat="45.94459" lon="6.86919">
        <ele>1534</ele>
        <extensions>
          <distance>39706</distance>
        </extensions>
      </trkpt>
      <trkpt lat="45.94454" lon="6.86915">
        <ele>1534</ele>
        <extensions>
          <distance>39712</distance>
        </extensions>
      </trkpt>
      <trkpt lat="45.9445" lon="6.86916">
        <ele>1534</ele>
        <extensions>
          <distance>39717</distance>
        </extensions>
      </trkpt>
      <trkpt lat="45.94442" lon="6.86916">
        <ele>1534</ele>
        <extensions>
          <distance>39725</distance>
        </extensions>
      </trkpt>
      <trkpt lat="45.94438" lon="6.86918">
        <ele>1534</ele>
        <extensions>
          <distance>39730</distance>
        </extensions>
      </trkpt>
      <trkpt lat="45.94436" lon="6.86921">
        <ele>1534</ele>
        <extensions>
          <distance>39733</distance>
        </extensions>
      </trkpt>
      <trkpt lat="45.94433" lon="6.86921">
        <ele>1533</ele>
        <extensions>
          <distance>39737</distance>
        </extensions>
      </trkpt>
      <trkpt lat="45.94427" lon="6.86929">
        <ele>1532</ele>
        <extensions>
          <distance>39746</distance>
        </extensions>
      </trkpt>
      <trkpt lat="45.94427" lon="6.86931">
        <ele>1532</ele>
        <extensions>
          <distance>39747</distance>
        </extensions>
      </trkpt>
      <trkpt lat="45.94424" lon="6.86935">
        <ele>1531</ele>
        <extensions>
          <distance>39752</distance>
        </extensions>
      </trkpt>
      <trkpt lat="45.94425" lon="6.86936">
        <ele>1531</ele>
        <extensions>
          <distance>39753</distance>
        </extensions>
      </trkpt>
      <trkpt lat="45.94424" lon="6.86938">
        <ele>1528</ele>
        <extensions>
          <distance>39756</distance>
        </extensions>
      </trkpt>
      <trkpt lat="45.9442" lon="6.86943">
        <ele>1527</ele>
        <extensions>
          <distance>39762</distance>
        </extensions>
      </trkpt>
      <trkpt lat="45.94416" lon="6.86946">
        <ele>1526</ele>
        <extensions>
          <distance>39767</distance>
        </extensions>
      </trkpt>
      <trkpt lat="45.94413" lon="6.86951">
        <ele>1526</ele>
        <extensions>
          <distance>39773</distance>
        </extensions>
      </trkpt>
      <trkpt lat="45.94416" lon="6.86951">
        <ele>1525</ele>
        <extensions>
          <distance>39776</distance>
        </extensions>
      </trkpt>
      <trkpt lat="45.94431" lon="6.8694">
        <ele>1525</ele>
        <extensions>
          <distance>39795</distance>
        </extensions>
      </trkpt>
      <trkpt lat="45.94437" lon="6.86941">
        <ele>1524</ele>
        <extensions>
          <distance>39802</distance>
        </extensions>
      </trkpt>
      <trkpt lat="45.94441" lon="6.8694">
        <ele>1524</ele>
        <extensions>
          <distance>39806</distance>
        </extensions>
      </trkpt>
      <trkpt lat="45.94448" lon="6.86941">
        <ele>1524</ele>
        <extensions>
          <distance>39814</distance>
        </extensions>
      </trkpt>
      <trkpt lat="45.94454" lon="6.8695">
        <ele>1519</ele>
        <extensions>
          <distance>39824</distance>
        </extensions>
      </trkpt>
      <trkpt lat="45.94459" lon="6.86965">
        <ele>1512</ele>
        <extensions>
          <distance>39839</distance>
        </extensions>
      </trkpt>
      <trkpt lat="45.94466" lon="6.86977">
        <ele>1509</ele>
        <extensions>
          <distance>39851</distance>
        </extensions>
      </trkpt>
      <trkpt lat="45.94471" lon="6.86988">
        <ele>1508</ele>
        <extensions>
          <distance>39861</distance>
        </extensions>
      </trkpt>
      <trkpt lat="45.94475" lon="6.86989">
        <ele>1508</ele>
        <extensions>
          <distance>39866</distance>
        </extensions>
      </trkpt>
      <trkpt lat="45.94479" lon="6.86995">
        <ele>1507</ele>
        <extensions>
          <distance>39872</distance>
        </extensions>
      </trkpt>
      <trkpt lat="45.9448" lon="6.86999">
        <ele>1507</ele>
        <extensions>
          <distance>39875</distance>
        </extensions>
      </trkpt>
      <trkpt lat="45.94478" lon="6.87002">
        <ele>1503</ele>
        <extensions>
          <distance>39879</distance>
        </extensions>
      </trkpt>
      <trkpt lat="45.94474" lon="6.87003">
        <ele>1503</ele>
        <extensions>
          <distance>39884</distance>
        </extensions>
      </trkpt>
      <trkpt lat="45.94465" lon="6.87011">
        <ele>1496</ele>
        <extensions>
          <distance>39897</distance>
        </extensions>
      </trkpt>
      <trkpt lat="45.9444" lon="6.87001">
        <ele>1495</ele>
        <extensions>
          <distance>39926</distance>
        </extensions>
      </trkpt>
      <trkpt lat="45.94431" lon="6.87007">
        <ele>1490</ele>
        <extensions>
          <distance>39937</distance>
        </extensions>
      </trkpt>
      <trkpt lat="45.94422" lon="6.8702">
        <ele>1482</ele>
        <extensions>
          <distance>39954</distance>
        </extensions>
      </trkpt>
      <trkpt lat="45.94421" lon="6.87024">
        <ele>1480</ele>
        <extensions>
          <distance>39957</distance>
        </extensions>
      </trkpt>
      <trkpt lat="45.94414" lon="6.87034">
        <ele>1475</ele>
        <extensions>
          <distance>39970</distance>
        </extensions>
      </trkpt>
      <trkpt lat="45.94403" lon="6.87045">
        <ele>1466</ele>
        <extensions>
          <distance>39987</distance>
        </extensions>
      </trkpt>
      <trkpt lat="45.944" lon="6.87046">
        <ele>1466</ele>
        <extensions>
          <distance>39990</distance>
        </extensions>
      </trkpt>
      <trkpt lat="45.94391" lon="6.87057">
        <ele>1463</ele>
        <extensions>
          <distance>40004</distance>
        </extensions>
      </trkpt>
      <trkpt lat="45.94388" lon="6.87058">
        <ele>1463</ele>
        <extensions>
          <distance>40007</distance>
        </extensions>
      </trkpt>
      <trkpt lat="45.94385" lon="6.87057">
        <ele>1463</ele>
        <extensions>
          <distance>40011</distance>
        </extensions>
      </trkpt>
      <trkpt lat="45.94382" lon="6.87054">
        <ele>1463</ele>
        <extensions>
          <distance>40015</distance>
        </extensions>
      </trkpt>
      <trkpt lat="45.94378" lon="6.87053">
        <ele>1465</ele>
        <extensions>
          <distance>40019</distance>
        </extensions>
      </trkpt>
      <trkpt lat="45.94376" lon="6.87051">
        <ele>1465</ele>
        <extensions>
          <distance>40022</distance>
        </extensions>
      </trkpt>
      <trkpt lat="45.94372" lon="6.87051">
        <ele>1465</ele>
        <extensions>
          <distance>40026</distance>
        </extensions>
      </trkpt>
      <trkpt lat="45.94366" lon="6.87049">
        <ele>1465</ele>
        <extensions>
          <distance>40033</distance>
        </extensions>
      </trkpt>
      <trkpt lat="45.94359" lon="6.87053">
        <ele>1465</ele>
        <extensions>
          <distance>40042</distance>
        </extensions>
      </trkpt>
      <trkpt lat="45.94352" lon="6.87061">
        <ele>1463</ele>
        <extensions>
          <distance>40052</distance>
        </extensions>
      </trkpt>
      <trkpt lat="45.94348" lon="6.87064">
        <ele>1460</ele>
        <extensions>
          <distance>40057</distance>
        </extensions>
      </trkpt>
      <trkpt lat="45.94339" lon="6.87067">
        <ele>1459</ele>
        <extensions>
          <distance>40067</distance>
        </extensions>
      </trkpt>
      <trkpt lat="45.94329" lon="6.87072">
        <ele>1456</ele>
        <extensions>
          <distance>40079</distance>
        </extensions>
      </trkpt>
      <trkpt lat="45.94323" lon="6.87072">
        <ele>1456</ele>
        <extensions>
          <distance>40086</distance>
        </extensions>
      </trkpt>
      <trkpt lat="45.94313" lon="6.87075">
        <ele>1453</ele>
        <extensions>
          <distance>40097</distance>
        </extensions>
      </trkpt>
      <trkpt lat="45.94304" lon="6.8708">
        <ele>1451</ele>
        <extensions>
          <distance>40108</distance>
        </extensions>
      </trkpt>
      <trkpt lat="45.94292" lon="6.87093">
        <ele>1444</ele>
        <extensions>
          <distance>40126</distance>
        </extensions>
      </trkpt>
      <trkpt lat="45.94285" lon="6.87093">
        <ele>1443</ele>
        <extensions>
          <distance>40134</distance>
        </extensions>
      </trkpt>
      <trkpt lat="45.94278" lon="6.87088">
        <ele>1443</ele>
        <extensions>
          <distance>40143</distance>
        </extensions>
      </trkpt>
      <trkpt lat="45.94274" lon="6.87088">
        <ele>1443</ele>
        <extensions>
          <distance>40147</distance>
        </extensions>
      </trkpt>
      <trkpt lat="45.94262" lon="6.87085">
        <ele>1444</ele>
        <extensions>
          <distance>40161</distance>
        </extensions>
      </trkpt>
      <trkpt lat="45.9426" lon="6.87082">
        <ele>1444</ele>
        <extensions>
          <distance>40164</distance>
        </extensions>
      </trkpt>
      <trkpt lat="45.94257" lon="6.87081">
        <ele>1445</ele>
        <extensions>
          <distance>40167</distance>
        </extensions>
      </trkpt>
      <trkpt lat="45.94254" lon="6.87078">
        <ele>1445</ele>
        <extensions>
          <distance>40171</distance>
        </extensions>
      </trkpt>
      <trkpt lat="45.94252" lon="6.87074">
        <ele>1445</ele>
        <extensions>
          <distance>40175</distance>
        </extensions>
      </trkpt>
      <trkpt lat="45.94246" lon="6.87068">
        <ele>1445</ele>
        <extensions>
          <distance>40183</distance>
        </extensions>
      </trkpt>
      <trkpt lat="45.94241" lon="6.87055">
        <ele>1445</ele>
        <extensions>
          <distance>40195</distance>
        </extensions>
      </trkpt>
      <trkpt lat="45.94235" lon="6.8705">
        <ele>1445</ele>
        <extensions>
          <distance>40203</distance>
        </extensions>
      </trkpt>
      <trkpt lat="45.94218" lon="6.87044">
        <ele>1444</ele>
        <extensions>
          <distance>40222</distance>
        </extensions>
      </trkpt>
      <trkpt lat="45.94215" lon="6.87045">
        <ele>1440</ele>
        <extensions>
          <distance>40226</distance>
        </extensions>
      </trkpt>
      <trkpt lat="45.94208" lon="6.87043">
        <ele>1440</ele>
        <extensions>
          <distance>40233</distance>
        </extensions>
      </trkpt>
      <trkpt lat="45.942" lon="6.87047">
        <ele>1433</ele>
        <extensions>
          <distance>40244</distance>
        </extensions>
      </trkpt>
      <trkpt lat="45.94196" lon="6.87046">
        <ele>1431</ele>
        <extensions>
          <distance>40249</distance>
        </extensions>
      </trkpt>
      <trkpt lat="45.94193" lon="6.87044">
        <ele>1430</ele>
        <extensions>
          <distance>40253</distance>
        </extensions>
      </trkpt>
      <trkpt lat="45.9419" lon="6.87045">
        <ele>1427</ele>
        <extensions>
          <distance>40258</distance>
        </extensions>
      </trkpt>
      <trkpt lat="45.94185" lon="6.87044">
        <ele>1427</ele>
        <extensions>
          <distance>40263</distance>
        </extensions>
      </trkpt>
      <trkpt lat="45.94179" lon="6.87033">
        <ele>1427</ele>
        <extensions>
          <distance>40274</distance>
        </extensions>
      </trkpt>
      <trkpt lat="45.94169" lon="6.87019">
        <ele>1427</ele>
        <extensions>
          <distance>40290</distance>
        </extensions>
      </trkpt>
      <trkpt lat="45.94166" lon="6.8701">
        <ele>1428</ele>
        <extensions>
          <distance>40297</distance>
        </extensions>
      </trkpt>
      <trkpt lat="45.9416" lon="6.87003">
        <ele>1428</ele>
        <extensions>
          <distance>40306</distance>
        </extensions>
      </trkpt>
      <trkpt lat="45.94146" lon="6.86999">
        <ele>1428</ele>
        <extensions>
          <distance>40322</distance>
        </extensions>
      </trkpt>
      <trkpt lat="45.94143" lon="6.86997">
        <ele>1428</ele>
        <extensions>
          <distance>40325</distance>
        </extensions>
      </trkpt>
      <trkpt lat="45.94139" lon="6.86997">
        <ele>1426</ele>
        <extensions>
          <distance>40330</distance>
        </extensions>
      </trkpt>
      <trkpt lat="45.94128" lon="6.86994">
        <ele>1421</ele>
        <extensions>
          <distance>40342</distance>
        </extensions>
      </trkpt>
      <trkpt lat="45.9412" lon="6.86989">
        <ele>1418</ele>
        <extensions>
          <distance>40353</distance>
        </extensions>
      </trkpt>
      <trkpt lat="45.94116" lon="6.86989">
        <ele>1417</ele>
        <extensions>
          <distance>40357</distance>
        </extensions>
      </trkpt>
      <trkpt lat="45.94108" lon="6.86979">
        <ele>1416</ele>
        <extensions>
          <distance>40369</distance>
        </extensions>
      </trkpt>
      <trkpt lat="45.94102" lon="6.86977">
        <ele>1414</ele>
        <extensions>
          <distance>40376</distance>
        </extensions>
      </trkpt>
      <trkpt lat="45.941" lon="6.86975">
        <ele>1414</ele>
        <extensions>
          <distance>40379</distance>
        </extensions>
      </trkpt>
      <trkpt lat="45.94089" lon="6.86974">
        <ele>1409</ele>
        <extensions>
          <distance>40392</distance>
        </extensions>
      </trkpt>
      <trkpt lat="45.94086" lon="6.86975">
        <ele>1406</ele>
        <extensions>
          <distance>40396</distance>
        </extensions>
      </trkpt>
      <trkpt lat="45.94075" lon="6.86973">
        <ele>1402</ele>
        <extensions>
          <distance>40409</distance>
        </extensions>
      </trkpt>
      <trkpt lat="45.94071" lon="6.86971">
        <ele>1402</ele>
        <extensions>
          <distance>40414</distance>
        </extensions>
      </trkpt>
      <trkpt lat="45.94064" lon="6.86963">
        <ele>1402</ele>
        <extensions>
          <distance>40424</distance>
        </extensions>
      </trkpt>
      <trkpt lat="45.94062" lon="6.86959">
        <ele>1402</ele>
        <extensions>
          <distance>40428</distance>
        </extensions>
      </trkpt>
      <trkpt lat="45.94055" lon="6.86954">
        <ele>1402</ele>
        <extensions>
          <distance>40437</distance>
        </extensions>
      </trkpt>
      <trkpt lat="45.94049" lon="6.86954">
        <ele>1402</ele>
        <extensions>
          <distance>40443</distance>
        </extensions>
      </trkpt>
      <trkpt lat="45.94043" lon="6.86958">
        <ele>1396</ele>
        <extensions>
          <distance>40451</distance>
        </extensions>
      </trkpt>
      <trkpt lat="45.94019" lon="6.86955">
        <ele>1391</ele>
        <extensions>
          <distance>40478</distance>
        </extensions>
      </trkpt>
      <trkpt lat="45.94015" lon="6.86956">
        <ele>1390</ele>
        <extensions>
          <distance>40483</distance>
        </extensions>
      </trkpt>
      <trkpt lat="45.94004" lon="6.86962">
        <ele>1385</ele>
        <extensions>
          <distance>40497</distance>
        </extensions>
      </trkpt>
      <trkpt lat="45.93998" lon="6.86967">
        <ele>1381</ele>
        <extensions>
          <distance>40506</distance>
        </extensions>
      </trkpt>
      <trkpt lat="45.93995" lon="6.86967">
        <ele>1381</ele>
        <extensions>
          <distance>40509</distance>
        </extensions>
      </trkpt>
      <trkpt lat="45.93987" lon="6.86963">
        <ele>1380</ele>
        <extensions>
          <distance>40518</distance>
        </extensions>
      </trkpt>
      <trkpt lat="45.93979" lon="6.86963">
        <ele>1380</ele>
        <extensions>
          <distance>40527</distance>
        </extensions>
      </trkpt>
      <trkpt lat="45.93979" lon="6.86962">
        <ele>1380</ele>
        <extensions>
          <distance>40528</distance>
        </extensions>
      </trkpt>
      <trkpt lat="45.93982" lon="6.8696">
        <ele>1381</ele>
        <extensions>
          <distance>40532</distance>
        </extensions>
      </trkpt>
      <trkpt lat="45.93989" lon="6.86959">
        <ele>1382</ele>
        <extensions>
          <distance>40539</distance>
        </extensions>
      </trkpt>
      <trkpt lat="45.93997" lon="6.86963">
        <ele>1383</ele>
        <extensions>
          <distance>40549</distance>
        </extensions>
      </trkpt>
      <trkpt lat="45.94005" lon="6.86963">
        <ele>1385</ele>
        <extensions>
          <distance>40558</distance>
        </extensions>
      </trkpt>
      <trkpt lat="45.9401" lon="6.86959">
        <ele>1385</ele>
        <extensions>
          <distance>40564</distance>
        </extensions>
      </trkpt>
      <trkpt lat="45.94017" lon="6.86957">
        <ele>1385</ele>
        <extensions>
          <distance>40572</distance>
        </extensions>
      </trkpt>
      <trkpt lat="45.94027" lon="6.86961">
        <ele>1385</ele>
        <extensions>
          <distance>40584</distance>
        </extensions>
      </trkpt>
      <trkpt lat="45.94042" lon="6.86971">
        <ele>1385</ele>
        <extensions>
          <distance>40602</distance>
        </extensions>
      </trkpt>
      <trkpt lat="45.94047" lon="6.8698">
        <ele>1384</ele>
        <extensions>
          <distance>40611</distance>
        </extensions>
      </trkpt>
      <trkpt lat="45.9405" lon="6.86991">
        <ele>1380</ele>
        <extensions>
          <distance>40620</distance>
        </extensions>
      </trkpt>
      <trkpt lat="45.94053" lon="6.86995">
        <ele>1380</ele>
        <extensions>
          <distance>40625</distance>
        </extensions>
      </trkpt>
      <trkpt lat="45.94058" lon="6.86997">
        <ele>1378</ele>
        <extensions>
          <distance>40631</distance>
        </extensions>
      </trkpt>
      <trkpt lat="45.94062" lon="6.87">
        <ele>1378</ele>
        <extensions>
          <distance>40636</distance>
        </extensions>
      </trkpt>
      <trkpt lat="45.94067" lon="6.87006">
        <ele>1378</ele>
        <extensions>
          <distance>40643</distance>
        </extensions>
      </trkpt>
      <trkpt lat="45.94067" lon="6.8701">
        <ele>1378</ele>
        <extensions>
          <distance>40646</distance>
        </extensions>
      </trkpt>
      <trkpt lat="45.94071" lon="6.87017">
        <ele>1376</ele>
        <extensions>
          <distance>40653</distance>
        </extensions>
      </trkpt>
      <trkpt lat="45.94072" lon="6.87021">
        <ele>1374</ele>
        <extensions>
          <distance>40657</distance>
        </extensions>
      </trkpt>
      <trkpt lat="45.94077" lon="6.87028">
        <ele>1373</ele>
        <extensions>
          <distance>40665</distance>
        </extensions>
      </trkpt>
      <trkpt lat="45.94081" lon="6.87037">
        <ele>1373</ele>
        <extensions>
          <distance>40673</distance>
        </extensions>
      </trkpt>
      <trkpt lat="45.94087" lon="6.87047">
        <ele>1372</ele>
        <extensions>
          <distance>40683</distance>
        </extensions>
      </trkpt>
      <trkpt lat="45.94089" lon="6.87062">
        <ele>1367</ele>
        <extensions>
          <distance>40696</distance>
        </extensions>
      </trkpt>
      <trkpt lat="45.94096" lon="6.87071">
        <ele>1366</ele>
        <extensions>
          <distance>40706</distance>
        </extensions>
      </trkpt>
      <trkpt lat="45.94098" lon="6.87077">
        <ele>1365</ele>
        <extensions>
          <distance>40711</distance>
        </extensions>
      </trkpt>
      <trkpt lat="45.94104" lon="6.87084">
        <ele>1365</ele>
        <extensions>
          <distance>40720</distance>
        </extensions>
      </trkpt>
      <trkpt lat="45.94105" lon="6.87087">
        <ele>1363</ele>
        <extensions>
          <distance>40723</distance>
        </extensions>
      </trkpt>
      <trkpt lat="45.94112" lon="6.87092">
        <ele>1362</ele>
        <extensions>
          <distance>40732</distance>
        </extensions>
      </trkpt>
      <trkpt lat="45.94116" lon="6.87098">
        <ele>1361</ele>
        <extensions>
          <distance>40738</distance>
        </extensions>
      </trkpt>
      <trkpt lat="45.94118" lon="6.87102">
        <ele>1361</ele>
        <extensions>
          <distance>40742</distance>
        </extensions>
      </trkpt>
      <trkpt lat="45.94122" lon="6.87123">
        <ele>1352</ele>
        <extensions>
          <distance>40760</distance>
        </extensions>
      </trkpt>
      <trkpt lat="45.94126" lon="6.87129">
        <ele>1350</ele>
        <extensions>
          <distance>40767</distance>
        </extensions>
      </trkpt>
      <trkpt lat="45.94139" lon="6.87159">
        <ele>1350</ele>
        <extensions>
          <distance>40794</distance>
        </extensions>
      </trkpt>
      <trkpt lat="45.94144" lon="6.87166">
        <ele>1349</ele>
        <extensions>
          <distance>40802</distance>
        </extensions>
      </trkpt>
      <trkpt lat="45.94149" lon="6.87183">
        <ele>1347</ele>
        <extensions>
          <distance>40816</distance>
        </extensions>
      </trkpt>
      <trkpt lat="45.9415" lon="6.87206">
        <ele>1343</ele>
        <extensions>
          <distance>40835</distance>
        </extensions>
      </trkpt>
      <trkpt lat="45.94154" lon="6.87223">
        <ele>1343</ele>
        <extensions>
          <distance>40849</distance>
        </extensions>
      </trkpt>
      <trkpt lat="45.94153" lon="6.87223">
        <ele>1343</ele>
        <extensions>
          <distance>40850</distance>
        </extensions>
      </trkpt>
      <trkpt lat="45.94152" lon="6.87227">
        <ele>1342</ele>
        <extensions>
          <distance>40853</distance>
        </extensions>
      </trkpt>
      <trkpt lat="45.9415" lon="6.8723">
        <ele>1337</ele>
        <extensions>
          <distance>40857</distance>
        </extensions>
      </trkpt>
      <trkpt lat="45.94147" lon="6.87231">
        <ele>1334</ele>
        <extensions>
          <distance>40862</distance>
        </extensions>
      </trkpt>
      <trkpt lat="45.94136" lon="6.87225">
        <ele>1328</ele>
        <extensions>
          <distance>40876</distance>
        </extensions>
      </trkpt>
      <trkpt lat="45.9413" lon="6.87218">
        <ele>1323</ele>
        <extensions>
          <distance>40886</distance>
        </extensions>
      </trkpt>
      <trkpt lat="45.94123" lon="6.87213">
        <ele>1321</ele>
        <extensions>
          <distance>40895</distance>
        </extensions>
      </trkpt>
      <trkpt lat="45.94119" lon="6.87212">
        <ele>1318</ele>
        <extensions>
          <distance>40900</distance>
        </extensions>
      </trkpt>
      <trkpt lat="45.94116" lon="6.87209">
        <ele>1317</ele>
        <extensions>
          <distance>40904</distance>
        </extensions>
      </trkpt>
      <trkpt lat="45.94108" lon="6.8721">
        <ele>1312</ele>
        <extensions>
          <distance>40914</distance>
        </extensions>
      </trkpt>
      <trkpt lat="45.94094" lon="6.87208">
        <ele>1306</ele>
        <extensions>
          <distance>40931</distance>
        </extensions>
      </trkpt>
      <trkpt lat="45.94081" lon="6.872">
        <ele>1303</ele>
        <extensions>
          <distance>40947</distance>
        </extensions>
      </trkpt>
      <trkpt lat="45.94078" lon="6.87197">
        <ele>1303</ele>
        <extensions>
          <distance>40951</distance>
        </extensions>
      </trkpt>
      <trkpt lat="45.94071" lon="6.87194">
        <ele>1303</ele>
        <extensions>
          <distance>40959</distance>
        </extensions>
      </trkpt>
      <trkpt lat="45.94055" lon="6.87192">
        <ele>1298</ele>
        <extensions>
          <distance>40978</distance>
        </extensions>
      </trkpt>
      <trkpt lat="45.94046" lon="6.87181">
        <ele>1297</ele>
        <extensions>
          <distance>40991</distance>
        </extensions>
      </trkpt>
      <trkpt lat="45.94042" lon="6.87178">
        <ele>1297</ele>
        <extensions>
          <distance>40996</distance>
        </extensions>
      </trkpt>
      <trkpt lat="45.94026" lon="6.87169">
        <ele>1293</ele>
        <extensions>
          <distance>41015</distance>
        </extensions>
      </trkpt>
      <trkpt lat="45.94022" lon="6.87168">
        <ele>1291</ele>
        <extensions>
          <distance>41020</distance>
        </extensions>
      </trkpt>
      <trkpt lat="45.94009" lon="6.87159">
        <ele>1287</ele>
        <extensions>
          <distance>41037</distance>
        </extensions>
      </trkpt>
      <trkpt lat="45.93996" lon="6.87147">
        <ele>1286</ele>
        <extensions>
          <distance>41054</distance>
        </extensions>
      </trkpt>
      <trkpt lat="45.93991" lon="6.87139">
        <ele>1286</ele>
        <extensions>
          <distance>41062</distance>
        </extensions>
      </trkpt>
      <trkpt lat="45.93987" lon="6.87137">
        <ele>1284</ele>
        <extensions>
          <distance>41067</distance>
        </extensions>
      </trkpt>
      <trkpt lat="45.93985" lon="6.87134">
        <ele>1284</ele>
        <extensions>
          <distance>41070</distance>
        </extensions>
      </trkpt>
      <trkpt lat="45.93974" lon="6.87131">
        <ele>1280</ele>
        <extensions>
          <distance>41083</distance>
        </extensions>
      </trkpt>
      <trkpt lat="45.93966" lon="6.87131">
        <ele>1278</ele>
        <extensions>
          <distance>41092</distance>
        </extensions>
      </trkpt>
      <trkpt lat="45.93963" lon="6.8713">
        <ele>1278</ele>
        <extensions>
          <distance>41096</distance>
        </extensions>
      </trkpt>
      <trkpt lat="45.9396" lon="6.8713">
        <ele>1277</ele>
        <extensions>
          <distance>41099</distance>
        </extensions>
      </trkpt>
      <trkpt lat="45.93954" lon="6.87132">
        <ele>1273</ele>
        <extensions>
          <distance>41107</distance>
        </extensions>
      </trkpt>
      <trkpt lat="45.93941" lon="6.8713">
        <ele>1271</ele>
        <extensions>
          <distance>41122</distance>
        </extensions>
      </trkpt>
      <trkpt lat="45.93936" lon="6.87127">
        <ele>1270</ele>
        <extensions>
          <distance>41128</distance>
        </extensions>
      </trkpt>
      <trkpt lat="45.93928" lon="6.87125">
        <ele>1270</ele>
        <extensions>
          <distance>41137</distance>
        </extensions>
      </trkpt>
      <trkpt lat="45.93925" lon="6.87123">
        <ele>1270</ele>
        <extensions>
          <distance>41141</distance>
        </extensions>
      </trkpt>
      <trkpt lat="45.93923" lon="6.87124">
        <ele>1268</ele>
        <extensions>
          <distance>41143</distance>
        </extensions>
      </trkpt>
      <trkpt lat="45.93918" lon="6.87123">
        <ele>1268</ele>
        <extensions>
          <distance>41148</distance>
        </extensions>
      </trkpt>
      <trkpt lat="45.93913" lon="6.87121">
        <ele>1267</ele>
        <extensions>
          <distance>41154</distance>
        </extensions>
      </trkpt>
      <trkpt lat="45.9391" lon="6.87118">
        <ele>1266</ele>
        <extensions>
          <distance>41159</distance>
        </extensions>
      </trkpt>
      <trkpt lat="45.93906" lon="6.87119">
        <ele>1265</ele>
        <extensions>
          <distance>41163</distance>
        </extensions>
      </trkpt>
      <trkpt lat="45.93894" lon="6.87117">
        <ele>1262</ele>
        <extensions>
          <distance>41177</distance>
        </extensions>
      </trkpt>
      <trkpt lat="45.93885" lon="6.87119">
        <ele>1255</ele>
        <extensions>
          <distance>41189</distance>
        </extensions>
      </trkpt>
      <trkpt lat="45.93866" lon="6.87112">
        <ele>1253</ele>
        <extensions>
          <distance>41211</distance>
        </extensions>
      </trkpt>
      <trkpt lat="45.93862" lon="6.87108">
        <ele>1252</ele>
        <extensions>
          <distance>41217</distance>
        </extensions>
      </trkpt>
      <trkpt lat="45.93851" lon="6.87107">
        <ele>1246</ele>
        <extensions>
          <distance>41230</distance>
        </extensions>
      </trkpt>
      <trkpt lat="45.93845" lon="6.87103">
        <ele>1246</ele>
        <extensions>
          <distance>41238</distance>
        </extensions>
      </trkpt>
      <trkpt lat="45.93838" lon="6.87101">
        <ele>1246</ele>
        <extensions>
          <distance>41246</distance>
        </extensions>
      </trkpt>
      <trkpt lat="45.93841" lon="6.87099">
        <ele>1245</ele>
        <extensions>
          <distance>41249</distance>
        </extensions>
      </trkpt>
      <trkpt lat="45.93843" lon="6.87101">
        <ele>1244</ele>
        <extensions>
          <distance>41252</distance>
        </extensions>
      </trkpt>
      <trkpt lat="45.93853" lon="6.87121">
        <ele>1244</ele>
        <extensions>
          <distance>41271</distance>
        </extensions>
      </trkpt>
      <trkpt lat="45.93857" lon="6.87122">
        <ele>1244</ele>
        <extensions>
          <distance>41276</distance>
        </extensions>
      </trkpt>
      <trkpt lat="45.93867" lon="6.87122">
        <ele>1244</ele>
        <extensions>
          <distance>41287</distance>
        </extensions>
      </trkpt>
      <trkpt lat="45.93882" lon="6.87133">
        <ele>1244</ele>
        <extensions>
          <distance>41305</distance>
        </extensions>
      </trkpt>
      <trkpt lat="45.93883" lon="6.87136">
        <ele>1244</ele>
        <extensions>
          <distance>41308</distance>
        </extensions>
      </trkpt>
      <trkpt lat="45.93885" lon="6.87136">
        <ele>1244</ele>
        <extensions>
          <distance>41310</distance>
        </extensions>
      </trkpt>
      <trkpt lat="45.93885" lon="6.87138">
        <ele>1244</ele>
        <extensions>
          <distance>41312</distance>
        </extensions>
      </trkpt>
      <trkpt lat="45.93887" lon="6.87141">
        <ele>1244</ele>
        <extensions>
          <distance>41315</distance>
        </extensions>
      </trkpt>
      <trkpt lat="45.93891" lon="6.87144">
        <ele>1244</ele>
        <extensions>
          <distance>41320</distance>
        </extensions>
      </trkpt>
      <trkpt lat="45.93889" lon="6.87139">
        <ele>1243</ele>
        <extensions>
          <distance>41325</distance>
        </extensions>
      </trkpt>
      <trkpt lat="45.93892" lon="6.87137">
        <ele>1242</ele>
        <extensions>
          <distance>41328</distance>
        </extensions>
      </trkpt>
      <trkpt lat="45.93896" lon="6.87149">
        <ele>1240</ele>
        <extensions>
          <distance>41339</distance>
        </extensions>
      </trkpt>
      <trkpt lat="45.93904" lon="6.87162">
        <ele>1236</ele>
        <extensions>
          <distance>41353</distance>
        </extensions>
      </trkpt>
      <trkpt lat="45.93912" lon="6.87179">
        <ele>1230</ele>
        <extensions>
          <distance>41370</distance>
        </extensions>
      </trkpt>
      <trkpt lat="45.93913" lon="6.87185">
        <ele>1228</ele>
        <extensions>
          <distance>41375</distance>
        </extensions>
      </trkpt>
      <trkpt lat="45.93917" lon="6.87195">
        <ele>1223</ele>
        <extensions>
          <distance>41385</distance>
        </extensions>
      </trkpt>
      <trkpt lat="45.93918" lon="6.87202">
        <ele>1222</ele>
        <extensions>
          <distance>41391</distance>
        </extensions>
      </trkpt>
      <trkpt lat="45.93921" lon="6.87209">
        <ele>1220</ele>
        <extensions>
          <distance>41398</distance>
        </extensions>
      </trkpt>
      <trkpt lat="45.93921" lon="6.87212">
        <ele>1219</ele>
        <extensions>
          <distance>41400</distance>
        </extensions>
      </trkpt>
      <trkpt lat="45.93924" lon="6.87222">
        <ele>1216</ele>
        <extensions>
          <distance>41409</distance>
        </extensions>
      </trkpt>
      <trkpt lat="45.93926" lon="6.87241">
        <ele>1214</ele>
        <extensions>
          <distance>41424</distance>
        </extensions>
      </trkpt>
      <trkpt lat="45.93936" lon="6.87257">
        <ele>1213</ele>
        <extensions>
          <distance>41441</distance>
        </extensions>
      </trkpt>
      <trkpt lat="45.93939" lon="6.87259">
        <ele>1212</ele>
        <extensions>
          <distance>41444</distance>
        </extensions>
      </trkpt>
      <trkpt lat="45.93954" lon="6.87283">
        <ele>1212</ele>
        <extensions>
          <distance>41469</distance>
        </extensions>
      </trkpt>
      <trkpt lat="45.93957" lon="6.87297">
        <ele>1211</ele>
        <extensions>
          <distance>41481</distance>
        </extensions>
      </trkpt>
      <trkpt lat="45.93965" lon="6.87314">
        <ele>1211</ele>
        <extensions>
          <distance>41497</distance>
        </extensions>
      </trkpt>
      <trkpt lat="45.93968" lon="6.87326">
        <ele>1209</ele>
        <extensions>
          <distance>41507</distance>
        </extensions>
      </trkpt>
      <trkpt lat="45.9397" lon="6.8734">
        <ele>1206</ele>
        <extensions>
          <distance>41518</distance>
        </extensions>
      </trkpt>
      <trkpt lat="45.93977" lon="6.87359">
        <ele>1205</ele>
        <extensions>
          <distance>41535</distance>
        </extensions>
      </trkpt>
      <trkpt lat="45.93982" lon="6.87365">
        <ele>1204</ele>
        <extensions>
          <distance>41542</distance>
        </extensions>
      </trkpt>
      <trkpt lat="45.93989" lon="6.87369">
        <ele>1203</ele>
        <extensions>
          <distance>41551</distance>
        </extensions>
      </trkpt>
      <trkpt lat="45.93992" lon="6.87374">
        <ele>1203</ele>
        <extensions>
          <distance>41556</distance>
        </extensions>
      </trkpt>
      <trkpt lat="45.93993" lon="6.8738">
        <ele>1201</ele>
        <extensions>
          <distance>41561</distance>
        </extensions>
      </trkpt>
      <trkpt lat="45.9399" lon="6.87384">
        <ele>1199</ele>
        <extensions>
          <distance>41566</distance>
        </extensions>
      </trkpt>
      <trkpt lat="45.93987" lon="6.87384">
        <ele>1199</ele>
        <extensions>
          <distance>41569</distance>
        </extensions>
      </trkpt>
      <trkpt lat="45.93974" lon="6.87371">
        <ele>1199</ele>
        <extensions>
          <distance>41587</distance>
        </extensions>
      </trkpt>
      <trkpt lat="45.93968" lon="6.87359">
        <ele>1198</ele>
        <extensions>
          <distance>41598</distance>
        </extensions>
      </trkpt>
      <trkpt lat="45.93961" lon="6.87355">
        <ele>1198</ele>
        <extensions>
          <distance>41606</distance>
        </extensions>
      </trkpt>
      <trkpt lat="45.93956" lon="6.87342">
        <ele>1198</ele>
        <extensions>
          <distance>41618</distance>
        </extensions>
      </trkpt>
      <trkpt lat="45.93953" lon="6.87338">
        <ele>1198</ele>
        <extensions>
          <distance>41622</distance>
        </extensions>
      </trkpt>
      <trkpt lat="45.9395" lon="6.87337">
        <ele>1197</ele>
        <extensions>
          <distance>41626</distance>
        </extensions>
      </trkpt>
      <trkpt lat="45.93949" lon="6.87332">
        <ele>1197</ele>
        <extensions>
          <distance>41630</distance>
        </extensions>
      </trkpt>
      <trkpt lat="45.93944" lon="6.87326">
        <ele>1196</ele>
        <extensions>
          <distance>41637</distance>
        </extensions>
      </trkpt>
      <trkpt lat="45.9394" lon="6.87324">
        <ele>1196</ele>
        <extensions>
          <distance>41642</distance>
        </extensions>
      </trkpt>
      <trkpt lat="45.93938" lon="6.87321">
        <ele>1196</ele>
        <extensions>
          <distance>41645</distance>
        </extensions>
      </trkpt>
      <trkpt lat="45.93935" lon="6.87319">
        <ele>1195</ele>
        <extensions>
          <distance>41649</distance>
        </extensions>
      </trkpt>
      <trkpt lat="45.93927" lon="6.8731">
        <ele>1195</ele>
        <extensions>
          <distance>41660</distance>
        </extensions>
      </trkpt>
      <trkpt lat="45.93912" lon="6.87284">
        <ele>1194</ele>
        <extensions>
          <distance>41686</distance>
        </extensions>
      </trkpt>
      <trkpt lat="45.93902" lon="6.87271">
        <ele>1194</ele>
        <extensions>
          <distance>41701</distance>
        </extensions>
      </trkpt>
      <trkpt lat="45.939" lon="6.87267">
        <ele>1193</ele>
        <extensions>
          <distance>41705</distance>
        </extensions>
      </trkpt>
      <trkpt lat="45.93894" lon="6.87262">
        <ele>1192</ele>
        <extensions>
          <distance>41713</distance>
        </extensions>
      </trkpt>
      <trkpt lat="45.93889" lon="6.87256">
        <ele>1192</ele>
        <extensions>
          <distance>41720</distance>
        </extensions>
      </trkpt>
      <trkpt lat="45.93868" lon="6.8724">
        <ele>1192</ele>
        <extensions>
          <distance>41747</distance>
        </extensions>
      </trkpt>
      <trkpt lat="45.93857" lon="6.87223">
        <ele>1192</ele>
        <extensions>
          <distance>41765</distance>
        </extensions>
      </trkpt>
      <trkpt lat="45.93846" lon="6.87198">
        <ele>1198</ele>
        <extensions>
          <distance>41788</distance>
        </extensions>
      </trkpt>
      <trkpt lat="45.93835" lon="6.87173">
        <ele>1207</ele>
        <extensions>
          <distance>41812</distance>
        </extensions>
      </trkpt>
      <trkpt lat="45.93825" lon="6.8716">
        <ele>1209</ele>
        <extensions>
          <distance>41827</distance>
        </extensions>
      </trkpt>
      <trkpt lat="45.93815" lon="6.87146">
        <ele>1211</ele>
        <extensions>
          <distance>41843</distance>
        </extensions>
      </trkpt>
      <trkpt lat="45.93806" lon="6.87133">
        <ele>1211</ele>
        <extensions>
          <distance>41857</distance>
        </extensions>
      </trkpt>
      <trkpt lat="45.93796" lon="6.87119">
        <ele>1212</ele>
        <extensions>
          <distance>41873</distance>
        </extensions>
      </trkpt>
      <trkpt lat="45.9378" lon="6.87104">
        <ele>1213</ele>
        <extensions>
          <distance>41894</distance>
        </extensions>
      </trkpt>
      <trkpt lat="45.93764" lon="6.87088">
        <ele>1213</ele>
        <extensions>
          <distance>41916</distance>
        </extensions>
      </trkpt>
      <trkpt lat="45.93753" lon="6.87071">
        <ele>1214</ele>
        <extensions>
          <distance>41934</distance>
        </extensions>
      </trkpt>
      <trkpt lat="45.93742" lon="6.87055">
        <ele>1214</ele>
        <extensions>
          <distance>41951</distance>
        </extensions>
      </trkpt>
      <trkpt lat="45.93728" lon="6.87031">
        <ele>1221</ele>
        <extensions>
          <distance>41976</distance>
        </extensions>
      </trkpt>
      <trkpt lat="45.93711" lon="6.8703">
        <ele>1221</ele>
        <extensions>
          <distance>41995</distance>
        </extensions>
      </trkpt>
      <trkpt lat="45.93693" lon="6.87029">
        <ele>1221</ele>
        <extensions>
          <distance>42015</distance>
        </extensions>
      </trkpt>
      <trkpt lat="45.93677" lon="6.8703">
        <ele>1221</ele>
        <extensions>
          <distance>42033</distance>
        </extensions>
      </trkpt>
      <trkpt lat="45.93662" lon="6.87031">
        <ele>1219</ele>
        <extensions>
          <distance>42049</distance>
        </extensions>
      </trkpt>
      <trkpt lat="45.93647" lon="6.87026">
        <ele>1219</ele>
        <extensions>
          <distance>42067</distance>
        </extensions>
      </trkpt>
      <trkpt lat="45.93632" lon="6.87021">
        <ele>1217</ele>
        <extensions>
          <distance>42084</distance>
        </extensions>
      </trkpt>
      <trkpt lat="45.93618" lon="6.87016">
        <ele>1216</ele>
        <extensions>
          <distance>42100</distance>
        </extensions>
      </trkpt>
      <trkpt lat="45.93603" lon="6.87011">
        <ele>1215</ele>
        <extensions>
          <distance>42117</distance>
        </extensions>
      </trkpt>
      <trkpt lat="45.93589" lon="6.87002">
        <ele>1215</ele>
        <extensions>
          <distance>42134</distance>
        </extensions>
      </trkpt>
      <trkpt lat="45.93575" lon="6.86993">
        <ele>1215</ele>
        <extensions>
          <distance>42151</distance>
        </extensions>
      </trkpt>
      <trkpt lat="45.93559" lon="6.86976">
        <ele>1215</ele>
        <extensions>
          <distance>42173</distance>
        </extensions>
      </trkpt>
      <trkpt lat="45.93541" lon="6.86959">
        <ele>1217</ele>
        <extensions>
          <distance>42197</distance>
        </extensions>
      </trkpt>
      <trkpt lat="45.93523" lon="6.86944">
        <ele>1217</ele>
        <extensions>
          <distance>42220</distance>
        </extensions>
      </trkpt>
      <trkpt lat="45.93504" lon="6.86929">
        <ele>1217</ele>
        <extensions>
          <distance>42244</distance>
        </extensions>
      </trkpt>
      <trkpt lat="45.93488" lon="6.86913">
        <ele>1217</ele>
        <extensions>
          <distance>42266</distance>
        </extensions>
      </trkpt>
      <trkpt lat="45.93472" lon="6.86901">
        <ele>1216</ele>
        <extensions>
          <distance>42286</distance>
        </extensions>
      </trkpt>
      <trkpt lat="45.93462" lon="6.86887">
        <ele>1215</ele>
        <extensions>
          <distance>42302</distance>
        </extensions>
      </trkpt>
      <trkpt lat="45.93451" lon="6.86873">
        <ele>1215</ele>
        <extensions>
          <distance>42318</distance>
        </extensions>
      </trkpt>
      <trkpt lat="45.9344" lon="6.86859">
        <ele>1213</ele>
        <extensions>
          <distance>42334</distance>
        </extensions>
      </trkpt>
      <trkpt lat="45.9343" lon="6.86845">
        <ele>1213</ele>
        <extensions>
          <distance>42350</distance>
        </extensions>
      </trkpt>
      <trkpt lat="45.93418" lon="6.86831">
        <ele>1212</ele>
        <extensions>
          <distance>42367</distance>
        </extensions>
      </trkpt>
      <trkpt lat="45.93406" lon="6.86818">
        <ele>1211</ele>
        <extensions>
          <distance>42384</distance>
        </extensions>
      </trkpt>
      <trkpt lat="45.93392" lon="6.86806">
        <ele>1209</ele>
        <extensions>
          <distance>42402</distance>
        </extensions>
      </trkpt>
      <trkpt lat="45.93378" lon="6.86793">
        <ele>1208</ele>
        <extensions>
          <distance>42421</distance>
        </extensions>
      </trkpt>
      <trkpt lat="45.93364" lon="6.86783">
        <ele>1206</ele>
        <extensions>
          <distance>42438</distance>
        </extensions>
      </trkpt>
      <trkpt lat="45.9335" lon="6.86782">
        <ele>1204</ele>
        <extensions>
          <distance>42454</distance>
        </extensions>
      </trkpt>
      <trkpt lat="45.93337" lon="6.86781">
        <ele>1202</ele>
        <extensions>
          <distance>42468</distance>
        </extensions>
      </trkpt>
      <trkpt lat="45.93324" lon="6.86772">
        <ele>1201</ele>
        <extensions>
          <distance>42485</distance>
        </extensions>
      </trkpt>
      <trkpt lat="45.93312" lon="6.86763">
        <ele>1201</ele>
        <extensions>
          <distance>42500</distance>
        </extensions>
      </trkpt>
      <trkpt lat="45.93293" lon="6.86757">
        <ele>1201</ele>
        <extensions>
          <distance>42521</distance>
        </extensions>
      </trkpt>
      <trkpt lat="45.93275" lon="6.86755">
        <ele>1198</ele>
        <extensions>
          <distance>42541</distance>
        </extensions>
      </trkpt>
      <trkpt lat="45.93252" lon="6.86755">
        <ele>1194</ele>
        <extensions>
          <distance>42567</distance>
        </extensions>
      </trkpt>
      <trkpt lat="45.93229" lon="6.86756">
        <ele>1185</ele>
        <extensions>
          <distance>42594</distance>
        </extensions>
      </trkpt>
      <trkpt lat="45.93206" lon="6.86756">
        <ele>1178</ele>
        <extensions>
          <distance>42621</distance>
        </extensions>
      </trkpt>
      <trkpt lat="45.93183" lon="6.86757">
        <ele>1171</ele>
        <extensions>
          <distance>42647</distance>
        </extensions>
      </trkpt>
      <trkpt lat="45.93168" lon="6.86754">
        <ele>1165</ele>
        <extensions>
          <distance>42665</distance>
        </extensions>
      </trkpt>
      <trkpt lat="45.93151" lon="6.86759">
        <ele>1158</ele>
        <extensions>
          <distance>42686</distance>
        </extensions>
      </trkpt>
      <trkpt lat="45.93136" lon="6.86761">
        <ele>1153</ele>
        <extensions>
          <distance>42703</distance>
        </extensions>
      </trkpt>
      <trkpt lat="45.93117" lon="6.86761">
        <ele>1145</ele>
        <extensions>
          <distance>42726</distance>
        </extensions>
      </trkpt>
      <trkpt lat="45.93107" lon="6.86764">
        <ele>1141</ele>
        <extensions>
          <distance>42738</distance>
        </extensions>
      </trkpt>
      <trkpt lat="45.93114" lon="6.86782">
        <ele>1137</ele>
        <extensions>
          <distance>42754</distance>
        </extensions>
      </trkpt>
      <trkpt lat="45.93093" lon="6.86778">
        <ele>1132</ele>
        <extensions>
          <distance>42778</distance>
        </extensions>
      </trkpt>
      <trkpt lat="45.93072" lon="6.86774">
        <ele>1126</ele>
        <extensions>
          <distance>42803</distance>
        </extensions>
      </trkpt>
      <trkpt lat="45.93054" lon="6.86764">
        <ele>1124</ele>
        <extensions>
          <distance>42824</distance>
        </extensions>
      </trkpt>
      <trkpt lat="45.93034" lon="6.86764">
        <ele>1117</ele>
        <extensions>
          <distance>42847</distance>
        </extensions>
      </trkpt>
      <trkpt lat="45.93012" lon="6.86762">
        <ele>1110</ele>
        <extensions>
          <distance>42873</distance>
        </extensions>
      </trkpt>
      <trkpt lat="45.92995" lon="6.86754">
        <ele>1106</ele>
        <extensions>
          <distance>42893</distance>
        </extensions>
      </trkpt>
      <trkpt lat="45.92976" lon="6.86743">
        <ele>1101</ele>
        <extensions>
          <distance>42916</distance>
        </extensions>
      </trkpt>
      <trkpt lat="45.92953" lon="6.86736">
        <ele>1094</ele>
        <extensions>
          <distance>42943</distance>
        </extensions>
      </trkpt>
      <trkpt lat="45.92935" lon="6.86725">
        <ele>1090</ele>
        <extensions>
          <distance>42966</distance>
        </extensions>
      </trkpt>
      <trkpt lat="45.92915" lon="6.86717">
        <ele>1084</ele>
        <extensions>
          <distance>42989</distance>
        </extensions>
      </trkpt>
      <trkpt lat="45.92907" lon="6.86739">
        <ele>1076</ele>
        <extensions>
          <distance>43010</distance>
        </extensions>
      </trkpt>
      <trkpt lat="45.92899" lon="6.86761">
        <ele>1070</ele>
        <extensions>
          <distance>43030</distance>
        </extensions>
      </trkpt>
      <trkpt lat="45.92887" lon="6.86778">
        <ele>1063</ele>
        <extensions>
          <distance>43050</distance>
        </extensions>
      </trkpt>
      <trkpt lat="45.92873" lon="6.8679">
        <ele>1057</ele>
        <extensions>
          <distance>43070</distance>
        </extensions>
      </trkpt>
      <trkpt lat="45.92856" lon="6.86793">
        <ele>1054</ele>
        <extensions>
          <distance>43089</distance>
        </extensions>
      </trkpt>
      <trkpt lat="45.92853" lon="6.86803">
        <ele>1053</ele>
        <extensions>
          <distance>43097</distance>
        </extensions>
      </trkpt>
      <trkpt lat="45.92843" lon="6.86824">
        <ele>1050</ele>
        <extensions>
          <distance>43117</distance>
        </extensions>
      </trkpt>
      <trkpt lat="45.92833" lon="6.86845">
        <ele>1048</ele>
        <extensions>
          <distance>43137</distance>
        </extensions>
      </trkpt>
      <trkpt lat="45.92827" lon="6.86862">
        <ele>1048</ele>
        <extensions>
          <distance>43152</distance>
        </extensions>
      </trkpt>
      <trkpt lat="45.9282" lon="6.86876">
        <ele>1047</ele>
        <extensions>
          <distance>43165</distance>
        </extensions>
      </trkpt>
      <trkpt lat="45.92817" lon="6.86879">
        <ele>1047</ele>
        <extensions>
          <distance>43169</distance>
        </extensions>
      </trkpt>
      <trkpt lat="45.92813" lon="6.86881">
        <ele>1047</ele>
        <extensions>
          <distance>43174</distance>
        </extensions>
      </trkpt>
      <trkpt lat="45.92809" lon="6.8688">
        <ele>1047</ele>
        <extensions>
          <distance>43179</distance>
        </extensions>
      </trkpt>
      <trkpt lat="45.92803" lon="6.86875">
        <ele>1046</ele>
        <extensions>
          <distance>43186</distance>
        </extensions>
      </trkpt>
      <trkpt lat="45.92793" lon="6.8687">
        <ele>1046</ele>
        <extensions>
          <distance>43198</distance>
        </extensions>
      </trkpt>
      <trkpt lat="45.92786" lon="6.86868">
        <ele>1046</ele>
        <extensions>
          <distance>43206</distance>
        </extensions>
      </trkpt>
      <trkpt lat="45.92769" lon="6.86859">
        <ele>1046</ele>
        <extensions>
          <distance>43226</distance>
        </extensions>
      </trkpt>
      <trkpt lat="45.92754" lon="6.86848">
        <ele>1046</ele>
        <extensions>
          <distance>43245</distance>
        </extensions>
      </trkpt>
      <trkpt lat="45.9274" lon="6.86838">
        <ele>1046</ele>
        <extensions>
          <distance>43262</distance>
        </extensions>
      </trkpt>
      <trkpt lat="45.9274" lon="6.8683">
        <ele>1046</ele>
        <extensions>
          <distance>43268</distance>
        </extensions>
      </trkpt>
      <trkpt lat="45.92737" lon="6.86822">
        <ele>1046</ele>
        <extensions>
          <distance>43275</distance>
        </extensions>
      </trkpt>
      <trkpt lat="45.92724" lon="6.86801">
        <ele>1046</ele>
        <extensions>
          <distance>43297</distance>
        </extensions>
      </trkpt>
      <trkpt lat="45.92713" lon="6.86793">
        <ele>1046</ele>
        <extensions>
          <distance>43311</distance>
        </extensions>
      </trkpt>
      <trkpt lat="45.92695" lon="6.86775">
        <ele>1046</ele>
        <extensions>
          <distance>43335</distance>
        </extensions>
      </trkpt>
      <trkpt lat="45.92678" lon="6.86761">
        <ele>1046</ele>
        <extensions>
          <distance>43357</distance>
        </extensions>
      </trkpt>
      <trkpt lat="45.92663" lon="6.86743">
        <ele>1047</ele>
        <extensions>
          <distance>43379</distance>
        </extensions>
      </trkpt>
      <trkpt lat="45.92654" lon="6.86727">
        <ele>1048</ele>
        <extensions>
          <distance>43395</distance>
        </extensions>
      </trkpt>
      <trkpt lat="45.9263" lon="6.8671">
        <ele>1050</ele>
        <extensions>
          <distance>43425</distance>
        </extensions>
      </trkpt>
      <trkpt lat="45.92614" lon="6.86697">
        <ele>1052</ele>
        <extensions>
          <distance>43445</distance>
        </extensions>
      </trkpt>
      <trkpt lat="45.92598" lon="6.86689">
        <ele>1053</ele>
        <extensions>
          <distance>43464</distance>
        </extensions>
      </trkpt>
      <trkpt lat="45.92584" lon="6.86688">
        <ele>1054</ele>
        <extensions>
          <distance>43480</distance>
        </extensions>
      </trkpt>
      <trkpt lat="45.92569" lon="6.86686">
        <ele>1054</ele>
        <extensions>
          <distance>43496</distance>
        </extensions>
      </trkpt>
      <trkpt lat="45.92555" lon="6.86679">
        <ele>1055</ele>
        <extensions>
          <distance>43513</distance>
        </extensions>
      </trkpt>
      <trkpt lat="45.92533" lon="6.86665">
        <ele>1056</ele>
        <extensions>
          <distance>43540</distance>
        </extensions>
      </trkpt>
      <trkpt lat="45.92516" lon="6.86659">
        <ele>1056</ele>
        <extensions>
          <distance>43559</distance>
        </extensions>
      </trkpt>
      <trkpt lat="45.925" lon="6.86652">
        <ele>1056</ele>
        <extensions>
          <distance>43578</distance>
        </extensions>
      </trkpt>
      <trkpt lat="45.92494" lon="6.86665">
        <ele>1056</ele>
        <extensions>
          <distance>43590</distance>
        </extensions>
      </trkpt>
      <trkpt lat="45.92489" lon="6.86687">
        <ele>1055</ele>
        <extensions>
          <distance>43608</distance>
        </extensions>
      </trkpt>
      <trkpt lat="45.92483" lon="6.86709">
        <ele>1054</ele>
        <extensions>
          <distance>43626</distance>
        </extensions>
      </trkpt>
      <trkpt lat="45.92477" lon="6.86727">
        <ele>1051</ele>
        <extensions>
          <distance>43642</distance>
        </extensions>
      </trkpt>
      <trkpt lat="45.92464" lon="6.86743">
        <ele>1048</ele>
        <extensions>
          <distance>43661</distance>
        </extensions>
      </trkpt>
      <trkpt lat="45.92448" lon="6.86751">
        <ele>1045</ele>
        <extensions>
          <distance>43680</distance>
        </extensions>
      </trkpt>
      <trkpt lat="45.92441" lon="6.86752">
        <ele>1045</ele>
        <extensions>
          <distance>43688</distance>
        </extensions>
      </trkpt>
      <trkpt lat="45.92436" lon="6.86754">
        <ele>1045</ele>
        <extensions>
          <distance>43694</distance>
        </extensions>
      </trkpt>
      <trkpt lat="45.92424" lon="6.86762">
        <ele>1044</ele>
        <extensions>
          <distance>43708</distance>
        </extensions>
      </trkpt>
      <trkpt lat="45.92419" lon="6.8677">
        <ele>1044</ele>
        <extensions>
          <distance>43717</distance>
        </extensions>
      </trkpt>
      <trkpt lat="45.92416" lon="6.86782">
        <ele>1043</ele>
        <extensions>
          <distance>43726</distance>
        </extensions>
      </trkpt>
      <trkpt lat="45.92417" lon="6.86785">
        <ele>1043</ele>
        <extensions>
          <distance>43729</distance>
        </extensions>
      </trkpt>
      <trkpt lat="45.92417" lon="6.86794">
        <ele>1043</ele>
        <extensions>
          <distance>43736</distance>
        </extensions>
      </trkpt>
      <trkpt lat="45.92419" lon="6.86803">
        <ele>1042</ele>
        <extensions>
          <distance>43743</distance>
        </extensions>
      </trkpt>
      <trkpt lat="45.92419" lon="6.86808">
        <ele>1042</ele>
        <extensions>
          <distance>43747</distance>
        </extensions>
      </trkpt>
      <trkpt lat="45.92416" lon="6.86819">
        <ele>1042</ele>
        <extensions>
          <distance>43756</distance>
        </extensions>
      </trkpt>
      <trkpt lat="45.92415" lon="6.86827">
        <ele>1041</ele>
        <extensions>
          <distance>43763</distance>
        </extensions>
      </trkpt>
      <trkpt lat="45.92404" lon="6.86849">
        <ele>1040</ele>
        <extensions>
          <distance>43784</distance>
        </extensions>
      </trkpt>
      <trkpt lat="45.92402" lon="6.86858">
        <ele>1039</ele>
        <extensions>
          <distance>43791</distance>
        </extensions>
      </trkpt>
      <trkpt lat="45.92402" lon="6.86881">
        <ele>1038</ele>
        <extensions>
          <distance>43809</distance>
        </extensions>
      </trkpt>
      <trkpt lat="45.92396" lon="6.86905">
        <ele>1037</ele>
        <extensions>
          <distance>43829</distance>
        </extensions>
      </trkpt>
      <trkpt lat="45.92397" lon="6.86932">
        <ele>1037</ele>
        <extensions>
          <distance>43850</distance>
        </extensions>
      </trkpt>
      <trkpt lat="45.92398" lon="6.86936">
        <ele>1037</ele>
        <extensions>
          <distance>43853</distance>
        </extensions>
      </trkpt>
      <trkpt lat="45.92396" lon="6.86937">
        <ele>1036</ele>
        <extensions>
          <distance>43855</distance>
        </extensions>
      </trkpt>
      <trkpt lat="45.92392" lon="6.86955">
        <ele>1036</ele>
        <extensions>
          <distance>43870</distance>
        </extensions>
      </trkpt>
      <trkpt lat="45.92388" lon="6.86967">
        <ele>1036</ele>
        <extensions>
          <distance>43880</distance>
        </extensions>
      </trkpt>
      <trkpt lat="45.92374" lon="6.86995">
        <ele>1035</ele>
        <extensions>
          <distance>43907</distance>
        </extensions>
      </trkpt>
      <trkpt lat="45.92365" lon="6.87024">
        <ele>1035</ele>
        <extensions>
          <distance>43932</distance>
        </extensions>
      </trkpt>
      <trkpt lat="45.92359" lon="6.87047">
        <ele>1035</ele>
        <extensions>
          <distance>43951</distance>
        </extensions>
      </trkpt>
      <trkpt lat="45.92352" lon="6.87071">
        <ele>1035</ele>
        <extensions>
          <distance>43971</distance>
        </extensions>
      </trkpt>
      <trkpt lat="45.92347" lon="6.87084">
        <ele>1035</ele>
        <extensions>
          <distance>43983</distance>
        </extensions>
      </trkpt>
      <trkpt lat="45.92346" lon="6.87099">
        <ele>1034</ele>
        <extensions>
          <distance>43994</distance>
        </extensions>
      </trkpt>
      <trkpt lat="45.92339" lon="6.87129">
        <ele>1034</ele>
        <extensions>
          <distance>44019</distance>
        </extensions>
      </trkpt>
      <trkpt lat="45.92334" lon="6.87145">
        <ele>1034</ele>
        <extensions>
          <distance>44032</distance>
        </extensions>
      </trkpt>
      <trkpt lat="45.92327" lon="6.87145">
        <ele>1034</ele>
        <extensions>
          <distance>44040</distance>
        </extensions>
      </trkpt>
      <trkpt lat="45.92315" lon="6.87129">
        <ele>1034</ele>
        <extensions>
          <distance>44058</distance>
        </extensions>
      </trkpt>
      <trkpt lat="45.92303" lon="6.87113">
        <ele>1034</ele>
        <extensions>
          <distance>44077</distance>
        </extensions>
      </trkpt>
      <trkpt lat="45.92302" lon="6.87075">
        <ele>1034</ele>
        <extensions>
          <distance>44106</distance>
        </extensions>
      </trkpt>
      <trkpt lat="45.92303" lon="6.87051">
        <ele>1034</ele>
        <extensions>
          <distance>44125</distance>
        </extensions>
      </trkpt>
      <trkpt lat="45.92311" lon="6.87026">
        <ele>1034</ele>
        <extensions>
          <distance>44146</distance>
        </extensions>
      </trkpt>
      <trkpt lat="45.92319" lon="6.87006">
        <ele>1034</ele>
        <extensions>
          <distance>44164</distance>
        </extensions>
      </trkpt>
      <trkpt lat="45.92335" lon="6.86982">
        <ele>1034</ele>
        <extensions>
          <distance>44190</distance>
        </extensions>
      </trkpt>
      <trkpt lat="45.92345" lon="6.86962">
        <ele>1035</ele>
        <extensions>
          <distance>44209</distance>
        </extensions>
      </trkpt>
      <trkpt lat="45.92352" lon="6.86938">
        <ele>1035</ele>
        <extensions>
          <distance>44229</distance>
        </extensions>
      </trkpt>
      <trkpt lat="45.92356" lon="6.86931">
        <ele>1036</ele>
        <extensions>
          <distance>44236</distance>
        </extensions>
      </trkpt>
      <trkpt lat="45.9236" lon="6.86919">
        <ele>1036</ele>
        <extensions>
          <distance>44246</distance>
        </extensions>
      </trkpt>
      <trkpt lat="45.92362" lon="6.86911">
        <ele>1036</ele>
        <extensions>
          <distance>44253</distance>
        </extensions>
      </trkpt>
      <trkpt lat="45.92362" lon="6.86907">
        <ele>1036</ele>
        <extensions>
          <distance>44256</distance>
        </extensions>
      </trkpt>
      <trkpt lat="45.92365" lon="6.86897">
        <ele>1036</ele>
        <extensions>
          <distance>44264</distance>
        </extensions>
      </trkpt>
      <trkpt lat="45.92372" lon="6.86895">
        <ele>1036.5</ele>
        <extensions>
          <distance>44272</distance>
        </extensions>
      </trkpt>
    </trkseg>
  </trk>
</gpx>