<?xml version="1.0" encoding="UTF-8"?>
<gpx
  creator="LiveTrail"
  version="1.1"
  xmlns="http://www.topografix.com/GPX/1/1"
  xmlns:xsi="http://www.w3.org/2001/XMLSchema-instance"
  xsi:schemaLocation="http://www.topografix.com/GPX/1/1 https://www.topografix.com/GPX/1/1/gpx.xsd">
  <metadata>
    <name>LiveTrail Race</name>
    <bounds maxlat="46.06817" maxlon="6.82825" minlat="45.90186" minlon="6.97371"></bounds>
    <copyright author="LiveTrail®"></copyright>
    <link href="https://livetrail.run"></link>
  </metadata>
  <wpt lat="45.92357" lon="6.8692">
    <ele>1037</ele>
    <name>Place du triangle de l'amitié</name>
    <extensions>
      <distance>0</distance>
    </extensions>
  </wpt>
  <wpt lat="45.93329" lon="6.83662">
    <ele>2464</ele>
    <name>Brévent</name>
    <extensions>
      <distance>10000</distance>
    </extensions>
  </wpt>
  <wpt lat="45.93647" lon="6.85238">
    <ele>2041</ele>
    <name>Planpraz</name>
    <extensions>
      <distance>12630</distance>
    </extensions>
  </wpt>
  <wpt lat="45.96022" lon="6.88588">
    <ele>1889</ele>
    <name>Flégère</name>
    <extensions>
      <distance>17940</distance>
    </extensions>
  </wpt>
  <wpt lat="45.98245" lon="6.90655">
    <ele>2129</ele>
    <name>Tete aux vents</name>
    <extensions>
      <distance>21530</distance>
    </extensions>
  </wpt>
  <wpt lat="46.01873" lon="6.91836">
    <ele>1349</ele>
    <name>Buet</name>
    <extensions>
      <distance>28320</distance>
    </extensions>
  </wpt>
  <wpt lat="46.04307" lon="6.9356">
    <ele>1327</ele>
    <name>La villaz</name>
    <extensions>
      <distance>34950</distance>
    </extensions>
  </wpt>
  <wpt lat="46.06817" lon="6.93803">
    <ele>1987</ele>
    <name>Emosson</name>
    <extensions>
      <distance>40460</distance>
    </extensions>
  </wpt>
  <wpt lat="46.05959" lon="6.95709">
    <ele>1150</ele>
    <name>Le Chatelard</name>
    <extensions>
      <distance>44510</distance>
    </extensions>
  </wpt>
  <wpt lat="46.04678" lon="6.95708">
    <ele>1536</ele>
    <name>Les Esserts</name>
    <extensions>
      <distance>47019</distance>
    </extensions>
  </wpt>
  <wpt lat="46.03942" lon="6.96941">
    <ele>2002</ele>
    <name>Catogne</name>
    <extensions>
      <distance>50630</distance>
    </extensions>
  </wpt>
  <wpt lat="46.02448" lon="6.95143">
    <ele>1997</ele>
    <name>Col des Posettes</name>
    <extensions>
      <distance>54830</distance>
    </extensions>
  </wpt>
  <wpt lat="46.00068" lon="6.94886">
    <ele>1479</ele>
    <name>Le Tour 90</name>
    <extensions>
      <distance>59840</distance>
    </extensions>
  </wpt>
  <wpt lat="45.94095" lon="6.8998">
    <ele>1091</ele>
    <name>Les Bois</name>
    <extensions>
      <distance>69590</distance>
    </extensions>
  </wpt>
  <wpt lat="45.93311" lon="6.91857">
    <ele>1839</ele>
    <name>Montenvers 90/duo</name>
    <extensions>
      <distance>73960</distance>
    </extensions>
  </wpt>
  <wpt lat="45.92847" lon="6.91265">
    <ele>2195</ele>
    <name>Le Signal 90km/duo</name>
    <extensions>
      <distance>76540</distance>
    </extensions>
  </wpt>
  <wpt lat="45.90552" lon="6.88285">
    <ele>2198</ele>
    <name>Plan de l'Aiguille</name>
    <extensions>
      <distance>80920</distance>
    </extensions>
  </wpt>
  <wpt lat="45.92362" lon="6.86901">
    <ele>1041</ele>
    <name>Arrivée Place du triangle de l'amitié</name>
    <extensions>
      <distance>88345</distance>
    </extensions>
  </wpt>
  <trk>
    <trkseg>
      <trkpt lat="45.92357" lon="6.8692">
        <ele>1037.5</ele>
        <extensions>
          <distance>0</distance>
        </extensions>
      </trkpt>
      <trkpt lat="45.92364" lon="6.8689599999999995">
        <ele>1038</ele>
        <extensions>
          <distance>20</distance>
        </extensions>
      </trkpt>
      <trkpt lat="45.92371" lon="6.86872">
        <ele>1038</ele>
        <extensions>
          <distance>40</distance>
        </extensions>
      </trkpt>
      <trkpt lat="45.92366" lon="6.86867">
        <ele>1038</ele>
        <extensions>
          <distance>47</distance>
        </extensions>
      </trkpt>
      <trkpt lat="45.92366" lon="6.86859">
        <ele>1038</ele>
        <extensions>
          <distance>53</distance>
        </extensions>
      </trkpt>
      <trkpt lat="45.923694999999995" lon="6.86836">
        <ele>1039</ele>
        <extensions>
          <distance>72</distance>
        </extensions>
      </trkpt>
      <trkpt lat="45.92373" lon="6.86813">
        <ele>1040</ele>
        <extensions>
          <distance>90</distance>
        </extensions>
      </trkpt>
      <trkpt lat="45.92371" lon="6.86799">
        <ele>1041</ele>
        <extensions>
          <distance>101</distance>
        </extensions>
      </trkpt>
      <trkpt lat="45.92362" lon="6.86771">
        <ele>1042</ele>
        <extensions>
          <distance>125</distance>
        </extensions>
      </trkpt>
      <trkpt lat="45.92366" lon="6.86765">
        <ele>1043</ele>
        <extensions>
          <distance>131</distance>
        </extensions>
      </trkpt>
      <trkpt lat="45.92367" lon="6.86756">
        <ele>1043</ele>
        <extensions>
          <distance>138</distance>
        </extensions>
      </trkpt>
      <trkpt lat="45.92366" lon="6.86753">
        <ele>1044</ele>
        <extensions>
          <distance>141</distance>
        </extensions>
      </trkpt>
      <trkpt lat="45.9236" lon="6.86746">
        <ele>1044</ele>
        <extensions>
          <distance>150</distance>
        </extensions>
      </trkpt>
      <trkpt lat="45.92354" lon="6.86746">
        <ele>1044</ele>
        <extensions>
          <distance>156</distance>
        </extensions>
      </trkpt>
      <trkpt lat="45.92349" lon="6.86729">
        <ele>1045</ele>
        <extensions>
          <distance>171</distance>
        </extensions>
      </trkpt>
      <trkpt lat="45.9235025" lon="6.8670525">
        <ele>1049</ele>
        <extensions>
          <distance>189</distance>
        </extensions>
      </trkpt>
      <trkpt lat="45.923515" lon="6.866815">
        <ele>1051</ele>
        <extensions>
          <distance>208</distance>
        </extensions>
      </trkpt>
      <trkpt lat="45.923527500000006" lon="6.8665775">
        <ele>1053</ele>
        <extensions>
          <distance>227</distance>
        </extensions>
      </trkpt>
      <trkpt lat="45.92354" lon="6.86634">
        <ele>1055</ele>
        <extensions>
          <distance>245</distance>
        </extensions>
      </trkpt>
      <trkpt lat="45.92357" lon="6.866065">
        <ele>1057</ele>
        <extensions>
          <distance>267</distance>
        </extensions>
      </trkpt>
      <trkpt lat="45.9236" lon="6.86579">
        <ele>1059</ele>
        <extensions>
          <distance>288</distance>
        </extensions>
      </trkpt>
      <trkpt lat="45.92364125" lon="6.86553625">
        <ele>1061</ele>
        <extensions>
          <distance>309</distance>
        </extensions>
      </trkpt>
      <trkpt lat="45.9236825" lon="6.865282499999999">
        <ele>1064</ele>
        <extensions>
          <distance>329</distance>
        </extensions>
      </trkpt>
      <trkpt lat="45.92372375" lon="6.86502875">
        <ele>1067</ele>
        <extensions>
          <distance>350</distance>
        </extensions>
      </trkpt>
      <trkpt lat="45.923765" lon="6.864775">
        <ele>1070</ele>
        <extensions>
          <distance>370</distance>
        </extensions>
      </trkpt>
      <trkpt lat="45.92380625" lon="6.86452125">
        <ele>1074</ele>
        <extensions>
          <distance>391</distance>
        </extensions>
      </trkpt>
      <trkpt lat="45.9238475" lon="6.8642675">
        <ele>1077</ele>
        <extensions>
          <distance>411</distance>
        </extensions>
      </trkpt>
      <trkpt lat="45.92388875" lon="6.86401375">
        <ele>1080</ele>
        <extensions>
          <distance>432</distance>
        </extensions>
      </trkpt>
      <trkpt lat="45.92393" lon="6.86376">
        <ele>1083</ele>
        <extensions>
          <distance>452</distance>
        </extensions>
      </trkpt>
      <trkpt lat="45.9238" lon="6.86365">
        <ele>1084</ele>
        <extensions>
          <distance>469</distance>
        </extensions>
      </trkpt>
      <trkpt lat="45.92376" lon="6.86359">
        <ele>1085</ele>
        <extensions>
          <distance>475</distance>
        </extensions>
      </trkpt>
      <trkpt lat="45.92374" lon="6.86341">
        <ele>1087</ele>
        <extensions>
          <distance>490</distance>
        </extensions>
      </trkpt>
      <trkpt lat="45.92375" lon="6.86332">
        <ele>1088</ele>
        <extensions>
          <distance>497</distance>
        </extensions>
      </trkpt>
      <trkpt lat="45.92359" lon="6.86322">
        <ele>1088</ele>
        <extensions>
          <distance>516</distance>
        </extensions>
      </trkpt>
      <trkpt lat="45.92336" lon="6.86316">
        <ele>1089</ele>
        <extensions>
          <distance>542</distance>
        </extensions>
      </trkpt>
      <trkpt lat="45.92322" lon="6.86308">
        <ele>1089</ele>
        <extensions>
          <distance>559</distance>
        </extensions>
      </trkpt>
      <trkpt lat="45.9230975" lon="6.8629774999999995">
        <ele>1089</ele>
        <extensions>
          <distance>575</distance>
        </extensions>
      </trkpt>
      <trkpt lat="45.922975" lon="6.862875">
        <ele>1089</ele>
        <extensions>
          <distance>590</distance>
        </extensions>
      </trkpt>
      <trkpt lat="45.922852500000005" lon="6.8627725">
        <ele>1089</ele>
        <extensions>
          <distance>606</distance>
        </extensions>
      </trkpt>
      <trkpt lat="45.92273" lon="6.86267">
        <ele>1089</ele>
        <extensions>
          <distance>622</distance>
        </extensions>
      </trkpt>
      <trkpt lat="45.92264" lon="6.86264">
        <ele>1089</ele>
        <extensions>
          <distance>632</distance>
        </extensions>
      </trkpt>
      <trkpt lat="45.92242" lon="6.86268">
        <ele>1089</ele>
        <extensions>
          <distance>657</distance>
        </extensions>
      </trkpt>
      <trkpt lat="45.92238" lon="6.86267">
        <ele>1089</ele>
        <extensions>
          <distance>661</distance>
        </extensions>
      </trkpt>
      <trkpt lat="45.922264999999996" lon="6.862509999999999">
        <ele>1089</ele>
        <extensions>
          <distance>679</distance>
        </extensions>
      </trkpt>
      <trkpt lat="45.92215" lon="6.862349999999999">
        <ele>1089</ele>
        <extensions>
          <distance>697</distance>
        </extensions>
      </trkpt>
      <trkpt lat="45.922035" lon="6.86219">
        <ele>1089</ele>
        <extensions>
          <distance>715</distance>
        </extensions>
      </trkpt>
      <trkpt lat="45.92192" lon="6.86203">
        <ele>1089</ele>
        <extensions>
          <distance>733</distance>
        </extensions>
      </trkpt>
      <trkpt lat="45.92178" lon="6.861845">
        <ele>1089</ele>
        <extensions>
          <distance>754</distance>
        </extensions>
      </trkpt>
      <trkpt lat="45.92164" lon="6.86166">
        <ele>1088</ele>
        <extensions>
          <distance>775</distance>
        </extensions>
      </trkpt>
      <trkpt lat="45.92152874999999" lon="6.8614575">
        <ele>1088</ele>
        <extensions>
          <distance>795</distance>
        </extensions>
      </trkpt>
      <trkpt lat="45.9214175" lon="6.861255">
        <ele>1088</ele>
        <extensions>
          <distance>815</distance>
        </extensions>
      </trkpt>
      <trkpt lat="45.92130625" lon="6.8610524999999996">
        <ele>1088</ele>
        <extensions>
          <distance>835</distance>
        </extensions>
      </trkpt>
      <trkpt lat="45.921195" lon="6.860849999999999">
        <ele>1088</ele>
        <extensions>
          <distance>855</distance>
        </extensions>
      </trkpt>
      <trkpt lat="45.921083749999994" lon="6.860647499999999">
        <ele>1088</ele>
        <extensions>
          <distance>875</distance>
        </extensions>
      </trkpt>
      <trkpt lat="45.9209725" lon="6.8604449999999995">
        <ele>1088</ele>
        <extensions>
          <distance>895</distance>
        </extensions>
      </trkpt>
      <trkpt lat="45.92086125" lon="6.8602425">
        <ele>1088</ele>
        <extensions>
          <distance>915</distance>
        </extensions>
      </trkpt>
      <trkpt lat="45.92075" lon="6.86004">
        <ele>1088</ele>
        <extensions>
          <distance>935</distance>
        </extensions>
      </trkpt>
      <trkpt lat="45.92064" lon="6.86">
        <ele>1087</ele>
        <extensions>
          <distance>947</distance>
        </extensions>
      </trkpt>
      <trkpt lat="45.92049" lon="6.85973">
        <ele>1086</ele>
        <extensions>
          <distance>974</distance>
        </extensions>
      </trkpt>
      <trkpt lat="45.92049" lon="6.85962">
        <ele>1086</ele>
        <extensions>
          <distance>983</distance>
        </extensions>
      </trkpt>
      <trkpt lat="45.92041" lon="6.85949">
        <ele>1085</ele>
        <extensions>
          <distance>996</distance>
        </extensions>
      </trkpt>
      <trkpt lat="45.92031" lon="6.85942">
        <ele>1085</ele>
        <extensions>
          <distance>1009</distance>
        </extensions>
      </trkpt>
      <trkpt lat="45.920245" lon="6.859249999999999">
        <ele>1086</ele>
        <extensions>
          <distance>1024</distance>
        </extensions>
      </trkpt>
      <trkpt lat="45.92018" lon="6.85908">
        <ele>1086</ele>
        <extensions>
          <distance>1039</distance>
        </extensions>
      </trkpt>
      <trkpt lat="45.920195" lon="6.858885">
        <ele>1086</ele>
        <extensions>
          <distance>1054</distance>
        </extensions>
      </trkpt>
      <trkpt lat="45.92021" lon="6.85869">
        <ele>1086</ele>
        <extensions>
          <distance>1069</distance>
        </extensions>
      </trkpt>
      <trkpt lat="45.920135" lon="6.85844">
        <ele>1086</ele>
        <extensions>
          <distance>1090</distance>
        </extensions>
      </trkpt>
      <trkpt lat="45.92006" lon="6.85819">
        <ele>1086</ele>
        <extensions>
          <distance>1111</distance>
        </extensions>
      </trkpt>
      <trkpt lat="45.91994" lon="6.8579799999999995">
        <ele>1086</ele>
        <extensions>
          <distance>1132</distance>
        </extensions>
      </trkpt>
      <trkpt lat="45.91982" lon="6.85777">
        <ele>1086</ele>
        <extensions>
          <distance>1153</distance>
        </extensions>
      </trkpt>
      <trkpt lat="45.91979" lon="6.85761">
        <ele>1086</ele>
        <extensions>
          <distance>1166</distance>
        </extensions>
      </trkpt>
      <trkpt lat="45.91981" lon="6.85731">
        <ele>1088</ele>
        <extensions>
          <distance>1190</distance>
        </extensions>
      </trkpt>
      <trkpt lat="45.91983" lon="6.85701">
        <ele>1088</ele>
        <extensions>
          <distance>1213</distance>
        </extensions>
      </trkpt>
      <trkpt lat="45.919777499999995" lon="6.8567350000000005">
        <ele>1088</ele>
        <extensions>
          <distance>1235</distance>
        </extensions>
      </trkpt>
      <trkpt lat="45.919725" lon="6.85646">
        <ele>1088</ele>
        <extensions>
          <distance>1257</distance>
        </extensions>
      </trkpt>
      <trkpt lat="45.919672500000004" lon="6.856185">
        <ele>1089</ele>
        <extensions>
          <distance>1279</distance>
        </extensions>
      </trkpt>
      <trkpt lat="45.91962" lon="6.85591">
        <ele>1089</ele>
        <extensions>
          <distance>1302</distance>
        </extensions>
      </trkpt>
      <trkpt lat="45.919579999999996" lon="6.8556">
        <ele>1089</ele>
        <extensions>
          <distance>1326</distance>
        </extensions>
      </trkpt>
      <trkpt lat="45.91954" lon="6.85529">
        <ele>1090</ele>
        <extensions>
          <distance>1350</distance>
        </extensions>
      </trkpt>
      <trkpt lat="45.91948" lon="6.855040000000001">
        <ele>1091</ele>
        <extensions>
          <distance>1371</distance>
        </extensions>
      </trkpt>
      <trkpt lat="45.91942" lon="6.85479">
        <ele>1092</ele>
        <extensions>
          <distance>1391</distance>
        </extensions>
      </trkpt>
      <trkpt lat="45.91936" lon="6.85463">
        <ele>1092</ele>
        <extensions>
          <distance>1406</distance>
        </extensions>
      </trkpt>
      <trkpt lat="45.91926" lon="6.8543">
        <ele>1093</ele>
        <extensions>
          <distance>1433</distance>
        </extensions>
      </trkpt>
      <trkpt lat="45.91923" lon="6.85408">
        <ele>1093</ele>
        <extensions>
          <distance>1451</distance>
        </extensions>
      </trkpt>
      <trkpt lat="45.91922" lon="6.85371">
        <ele>1095</ele>
        <extensions>
          <distance>1480</distance>
        </extensions>
      </trkpt>
      <trkpt lat="45.91917" lon="6.85359">
        <ele>1095</ele>
        <extensions>
          <distance>1490</distance>
        </extensions>
      </trkpt>
      <trkpt lat="45.919129999999996" lon="6.853384999999999">
        <ele>1096</ele>
        <extensions>
          <distance>1507</distance>
        </extensions>
      </trkpt>
      <trkpt lat="45.91909" lon="6.85318">
        <ele>1096</ele>
        <extensions>
          <distance>1524</distance>
        </extensions>
      </trkpt>
      <trkpt lat="45.91911" lon="6.852855">
        <ele>1100</ele>
        <extensions>
          <distance>1549</distance>
        </extensions>
      </trkpt>
      <trkpt lat="45.91913" lon="6.85253">
        <ele>1105</ele>
        <extensions>
          <distance>1575</distance>
        </extensions>
      </trkpt>
      <trkpt lat="45.91907" lon="6.8522">
        <ele>1105</ele>
        <extensions>
          <distance>1601</distance>
        </extensions>
      </trkpt>
      <trkpt lat="45.918949999999995" lon="6.85203">
        <ele>1105</ele>
        <extensions>
          <distance>1620</distance>
        </extensions>
      </trkpt>
      <trkpt lat="45.91883" lon="6.85186">
        <ele>1105</ele>
        <extensions>
          <distance>1639</distance>
        </extensions>
      </trkpt>
      <trkpt lat="45.918705" lon="6.851725">
        <ele>1107</ele>
        <extensions>
          <distance>1656</distance>
        </extensions>
      </trkpt>
      <trkpt lat="45.91858" lon="6.85159">
        <ele>1107</ele>
        <extensions>
          <distance>1674</distance>
        </extensions>
      </trkpt>
      <trkpt lat="45.91856" lon="6.8515">
        <ele>1107</ele>
        <extensions>
          <distance>1681</distance>
        </extensions>
      </trkpt>
      <trkpt lat="45.91861" lon="6.85131">
        <ele>1113</ele>
        <extensions>
          <distance>1697</distance>
        </extensions>
      </trkpt>
      <trkpt lat="45.91854" lon="6.85105">
        <ele>1121</ele>
        <extensions>
          <distance>1720</distance>
        </extensions>
      </trkpt>
      <trkpt lat="45.91843" lon="6.85084">
        <ele>1127</ele>
        <extensions>
          <distance>1741</distance>
        </extensions>
      </trkpt>
      <trkpt lat="45.91835" lon="6.85073">
        <ele>1133</ele>
        <extensions>
          <distance>1755</distance>
        </extensions>
      </trkpt>
      <trkpt lat="45.91831" lon="6.85062">
        <ele>1137</ele>
        <extensions>
          <distance>1765</distance>
        </extensions>
      </trkpt>
      <trkpt lat="45.91811" lon="6.8504">
        <ele>1144</ele>
        <extensions>
          <distance>1794</distance>
        </extensions>
      </trkpt>
      <trkpt lat="45.917964999999995" lon="6.85019">
        <ele>1146</ele>
        <extensions>
          <distance>1817</distance>
        </extensions>
      </trkpt>
      <trkpt lat="45.91782" lon="6.84998">
        <ele>1149</ele>
        <extensions>
          <distance>1840</distance>
        </extensions>
      </trkpt>
      <trkpt lat="45.91775" lon="6.84985">
        <ele>1150</ele>
        <extensions>
          <distance>1853</distance>
        </extensions>
      </trkpt>
      <trkpt lat="45.917654999999996" lon="6.849595">
        <ele>1151</ele>
        <extensions>
          <distance>1876</distance>
        </extensions>
      </trkpt>
      <trkpt lat="45.91756" lon="6.84934">
        <ele>1154</ele>
        <extensions>
          <distance>1898</distance>
        </extensions>
      </trkpt>
      <trkpt lat="45.91755" lon="6.84919">
        <ele>1155</ele>
        <extensions>
          <distance>1910</distance>
        </extensions>
      </trkpt>
      <trkpt lat="45.917465" lon="6.849035000000001">
        <ele>1156</ele>
        <extensions>
          <distance>1925</distance>
        </extensions>
      </trkpt>
      <trkpt lat="45.91738" lon="6.84888">
        <ele>1157</ele>
        <extensions>
          <distance>1941</distance>
        </extensions>
      </trkpt>
      <trkpt lat="45.91727" lon="6.84862">
        <ele>1158</ele>
        <extensions>
          <distance>1964</distance>
        </extensions>
      </trkpt>
      <trkpt lat="45.91726" lon="6.84852">
        <ele>1158</ele>
        <extensions>
          <distance>1972</distance>
        </extensions>
      </trkpt>
      <trkpt lat="45.91733" lon="6.848319999999999">
        <ele>1165</ele>
        <extensions>
          <distance>1990</distance>
        </extensions>
      </trkpt>
      <trkpt lat="45.9174" lon="6.84812">
        <ele>1172</ele>
        <extensions>
          <distance>2009</distance>
        </extensions>
      </trkpt>
      <trkpt lat="45.91746" lon="6.84781">
        <ele>1184</ele>
        <extensions>
          <distance>2036</distance>
        </extensions>
      </trkpt>
      <trkpt lat="45.91742" lon="6.84772">
        <ele>1184</ele>
        <extensions>
          <distance>2045</distance>
        </extensions>
      </trkpt>
      <trkpt lat="45.91731" lon="6.84756">
        <ele>1185</ele>
        <extensions>
          <distance>2062</distance>
        </extensions>
      </trkpt>
      <trkpt lat="45.9172" lon="6.8474">
        <ele>1185</ele>
        <extensions>
          <distance>2079</distance>
        </extensions>
      </trkpt>
      <trkpt lat="45.91712" lon="6.84723">
        <ele>1186</ele>
        <extensions>
          <distance>2095</distance>
        </extensions>
      </trkpt>
      <trkpt lat="45.91723" lon="6.84737">
        <ele>1187</ele>
        <extensions>
          <distance>2112</distance>
        </extensions>
      </trkpt>
      <trkpt lat="45.91731" lon="6.84744">
        <ele>1188</ele>
        <extensions>
          <distance>2122</distance>
        </extensions>
      </trkpt>
      <trkpt lat="45.91738" lon="6.84747">
        <ele>1192</ele>
        <extensions>
          <distance>2131</distance>
        </extensions>
      </trkpt>
      <trkpt lat="45.91756" lon="6.84749">
        <ele>1198</ele>
        <extensions>
          <distance>2152</distance>
        </extensions>
      </trkpt>
      <trkpt lat="45.91764" lon="6.84757">
        <ele>1198</ele>
        <extensions>
          <distance>2163</distance>
        </extensions>
      </trkpt>
      <trkpt lat="45.91768" lon="6.84768">
        <ele>1198</ele>
        <extensions>
          <distance>2172</distance>
        </extensions>
      </trkpt>
      <trkpt lat="45.917705" lon="6.84793">
        <ele>1198</ele>
        <extensions>
          <distance>2192</distance>
        </extensions>
      </trkpt>
      <trkpt lat="45.91773" lon="6.84818">
        <ele>1198</ele>
        <extensions>
          <distance>2212</distance>
        </extensions>
      </trkpt>
      <trkpt lat="45.91779" lon="6.84828">
        <ele>1198</ele>
        <extensions>
          <distance>2222</distance>
        </extensions>
      </trkpt>
      <trkpt lat="45.91784" lon="6.84826">
        <ele>1198</ele>
        <extensions>
          <distance>2228</distance>
        </extensions>
      </trkpt>
      <trkpt lat="45.91799" lon="6.84808">
        <ele>1211</ele>
        <extensions>
          <distance>2250</distance>
        </extensions>
      </trkpt>
      <trkpt lat="45.91806" lon="6.84806">
        <ele>1216</ele>
        <extensions>
          <distance>2260</distance>
        </extensions>
      </trkpt>
      <trkpt lat="45.91809" lon="6.84807">
        <ele>1216</ele>
        <extensions>
          <distance>2263</distance>
        </extensions>
      </trkpt>
      <trkpt lat="45.91819" lon="6.84824">
        <ele>1216</ele>
        <extensions>
          <distance>2280</distance>
        </extensions>
      </trkpt>
      <trkpt lat="45.91823" lon="6.84838">
        <ele>1216</ele>
        <extensions>
          <distance>2292</distance>
        </extensions>
      </trkpt>
      <trkpt lat="45.91826" lon="6.84858">
        <ele>1216</ele>
        <extensions>
          <distance>2308</distance>
        </extensions>
      </trkpt>
      <trkpt lat="45.91831" lon="6.84872">
        <ele>1216</ele>
        <extensions>
          <distance>2320</distance>
        </extensions>
      </trkpt>
      <trkpt lat="45.91831" lon="6.84881">
        <ele>1214</ele>
        <extensions>
          <distance>2327</distance>
        </extensions>
      </trkpt>
      <trkpt lat="45.91839" lon="6.8491">
        <ele>1214</ele>
        <extensions>
          <distance>2351</distance>
        </extensions>
      </trkpt>
      <trkpt lat="45.918495" lon="6.84924">
        <ele>1214</ele>
        <extensions>
          <distance>2367</distance>
        </extensions>
      </trkpt>
      <trkpt lat="45.9186" lon="6.84938">
        <ele>1214</ele>
        <extensions>
          <distance>2383</distance>
        </extensions>
      </trkpt>
      <trkpt lat="45.918745" lon="6.84951">
        <ele>1215</ele>
        <extensions>
          <distance>2402</distance>
        </extensions>
      </trkpt>
      <trkpt lat="45.91889" lon="6.84964">
        <ele>1217</ele>
        <extensions>
          <distance>2421</distance>
        </extensions>
      </trkpt>
      <trkpt lat="45.91903" lon="6.84993">
        <ele>1217</ele>
        <extensions>
          <distance>2449</distance>
        </extensions>
      </trkpt>
      <trkpt lat="45.91913" lon="6.85003">
        <ele>1217</ele>
        <extensions>
          <distance>2462</distance>
        </extensions>
      </trkpt>
      <trkpt lat="45.91924" lon="6.8501">
        <ele>1217</ele>
        <extensions>
          <distance>2475</distance>
        </extensions>
      </trkpt>
      <trkpt lat="45.91937" lon="6.850155">
        <ele>1217</ele>
        <extensions>
          <distance>2491</distance>
        </extensions>
      </trkpt>
      <trkpt lat="45.9195" lon="6.85021">
        <ele>1217</ele>
        <extensions>
          <distance>2506</distance>
        </extensions>
      </trkpt>
      <trkpt lat="45.91964" lon="6.85022">
        <ele>1216</ele>
        <extensions>
          <distance>2521</distance>
        </extensions>
      </trkpt>
      <trkpt lat="45.91969" lon="6.85024">
        <ele>1216</ele>
        <extensions>
          <distance>2527</distance>
        </extensions>
      </trkpt>
      <trkpt lat="45.91978" lon="6.85035">
        <ele>1217</ele>
        <extensions>
          <distance>2540</distance>
        </extensions>
      </trkpt>
      <trkpt lat="45.919915" lon="6.8504375">
        <ele>1217</ele>
        <extensions>
          <distance>2557</distance>
        </extensions>
      </trkpt>
      <trkpt lat="45.92005" lon="6.850524999999999">
        <ele>1217</ele>
        <extensions>
          <distance>2573</distance>
        </extensions>
      </trkpt>
      <trkpt lat="45.920185000000004" lon="6.8506124999999995">
        <ele>1219</ele>
        <extensions>
          <distance>2590</distance>
        </extensions>
      </trkpt>
      <trkpt lat="45.92032" lon="6.8507">
        <ele>1220</ele>
        <extensions>
          <distance>2606</distance>
        </extensions>
      </trkpt>
      <trkpt lat="45.92057" lon="6.85084">
        <ele>1220</ele>
        <extensions>
          <distance>2636</distance>
        </extensions>
      </trkpt>
      <trkpt lat="45.92079" lon="6.85105">
        <ele>1220</ele>
        <extensions>
          <distance>2665</distance>
        </extensions>
      </trkpt>
      <trkpt lat="45.921" lon="6.851175">
        <ele>1220</ele>
        <extensions>
          <distance>2690</distance>
        </extensions>
      </trkpt>
      <trkpt lat="45.92121" lon="6.8513">
        <ele>1220</ele>
        <extensions>
          <distance>2716</distance>
        </extensions>
      </trkpt>
      <trkpt lat="45.9213" lon="6.85139">
        <ele>1220</ele>
        <extensions>
          <distance>2728</distance>
        </extensions>
      </trkpt>
      <trkpt lat="45.9214" lon="6.85139">
        <ele>1220</ele>
        <extensions>
          <distance>2739</distance>
        </extensions>
      </trkpt>
      <trkpt lat="45.92156" lon="6.85123">
        <ele>1222</ele>
        <extensions>
          <distance>2761</distance>
        </extensions>
      </trkpt>
      <trkpt lat="45.92164" lon="6.85118">
        <ele>1224</ele>
        <extensions>
          <distance>2770</distance>
        </extensions>
      </trkpt>
      <trkpt lat="45.92167" lon="6.85118">
        <ele>1224</ele>
        <extensions>
          <distance>2774</distance>
        </extensions>
      </trkpt>
      <trkpt lat="45.92175" lon="6.85139">
        <ele>1224</ele>
        <extensions>
          <distance>2792</distance>
        </extensions>
      </trkpt>
      <trkpt lat="45.92185" lon="6.85156">
        <ele>1224</ele>
        <extensions>
          <distance>2810</distance>
        </extensions>
      </trkpt>
      <trkpt lat="45.921935000000005" lon="6.8517399999999995">
        <ele>1224</ele>
        <extensions>
          <distance>2826</distance>
        </extensions>
      </trkpt>
      <trkpt lat="45.92202" lon="6.85192">
        <ele>1224</ele>
        <extensions>
          <distance>2843</distance>
        </extensions>
      </trkpt>
      <trkpt lat="45.92216" lon="6.85207">
        <ele>1224</ele>
        <extensions>
          <distance>2863</distance>
        </extensions>
      </trkpt>
      <trkpt lat="45.92213" lon="6.85188">
        <ele>1226</ele>
        <extensions>
          <distance>2878</distance>
        </extensions>
      </trkpt>
      <trkpt lat="45.92201" lon="6.85162">
        <ele>1229</ele>
        <extensions>
          <distance>2902</distance>
        </extensions>
      </trkpt>
      <trkpt lat="45.92203" lon="6.85138">
        <ele>1237</ele>
        <extensions>
          <distance>2923</distance>
        </extensions>
      </trkpt>
      <trkpt lat="45.922" lon="6.85125">
        <ele>1240</ele>
        <extensions>
          <distance>2934</distance>
        </extensions>
      </trkpt>
      <trkpt lat="45.92185" lon="6.85098">
        <ele>1241</ele>
        <extensions>
          <distance>2960</distance>
        </extensions>
      </trkpt>
      <trkpt lat="45.92185" lon="6.85069">
        <ele>1246</ele>
        <extensions>
          <distance>2983</distance>
        </extensions>
      </trkpt>
      <trkpt lat="45.92183" lon="6.85063">
        <ele>1246</ele>
        <extensions>
          <distance>2989</distance>
        </extensions>
      </trkpt>
      <trkpt lat="45.92181" lon="6.85061">
        <ele>1246</ele>
        <extensions>
          <distance>2991</distance>
        </extensions>
      </trkpt>
      <trkpt lat="45.921685" lon="6.850725">
        <ele>1246</ele>
        <extensions>
          <distance>3008</distance>
        </extensions>
      </trkpt>
      <trkpt lat="45.92156" lon="6.85084">
        <ele>1246</ele>
        <extensions>
          <distance>3024</distance>
        </extensions>
      </trkpt>
      <trkpt lat="45.921414999999996" lon="6.850825">
        <ele>1246</ele>
        <extensions>
          <distance>3040</distance>
        </extensions>
      </trkpt>
      <trkpt lat="45.92127" lon="6.85081">
        <ele>1246</ele>
        <extensions>
          <distance>3057</distance>
        </extensions>
      </trkpt>
      <trkpt lat="45.92116" lon="6.85069">
        <ele>1250</ele>
        <extensions>
          <distance>3072</distance>
        </extensions>
      </trkpt>
      <trkpt lat="45.921049999999994" lon="6.850569999999999">
        <ele>1256</ele>
        <extensions>
          <distance>3089</distance>
        </extensions>
      </trkpt>
      <trkpt lat="45.920939999999995" lon="6.8504499999999995">
        <ele>1257</ele>
        <extensions>
          <distance>3104</distance>
        </extensions>
      </trkpt>
      <trkpt lat="45.920829999999995" lon="6.85033">
        <ele>1260</ele>
        <extensions>
          <distance>3120</distance>
        </extensions>
      </trkpt>
      <trkpt lat="45.920719999999996" lon="6.85021">
        <ele>1262</ele>
        <extensions>
          <distance>3135</distance>
        </extensions>
      </trkpt>
      <trkpt lat="45.920609999999996" lon="6.85009">
        <ele>1264</ele>
        <extensions>
          <distance>3150</distance>
        </extensions>
      </trkpt>
      <trkpt lat="45.9205" lon="6.84997">
        <ele>1264</ele>
        <extensions>
          <distance>3166</distance>
        </extensions>
      </trkpt>
      <trkpt lat="45.92039" lon="6.84985">
        <ele>1266</ele>
        <extensions>
          <distance>3181</distance>
        </extensions>
      </trkpt>
      <trkpt lat="45.92045" lon="6.84949">
        <ele>1283</ele>
        <extensions>
          <distance>3213</distance>
        </extensions>
      </trkpt>
      <trkpt lat="45.920395" lon="6.849305">
        <ele>1284</ele>
        <extensions>
          <distance>3229</distance>
        </extensions>
      </trkpt>
      <trkpt lat="45.92034" lon="6.84912">
        <ele>1290</ele>
        <extensions>
          <distance>3245</distance>
        </extensions>
      </trkpt>
      <trkpt lat="45.92055" lon="6.8492">
        <ele>1300</ele>
        <extensions>
          <distance>3271</distance>
        </extensions>
      </trkpt>
      <trkpt lat="45.92067" lon="6.84939">
        <ele>1301</ele>
        <extensions>
          <distance>3291</distance>
        </extensions>
      </trkpt>
      <trkpt lat="45.92074" lon="6.84925">
        <ele>1308</ele>
        <extensions>
          <distance>3305</distance>
        </extensions>
      </trkpt>
      <trkpt lat="45.92085" lon="6.849415">
        <ele>1308</ele>
        <extensions>
          <distance>3323</distance>
        </extensions>
      </trkpt>
      <trkpt lat="45.92096" lon="6.84958">
        <ele>1309</ele>
        <extensions>
          <distance>3341</distance>
        </extensions>
      </trkpt>
      <trkpt lat="45.921170000000004" lon="6.84965">
        <ele>1311</ele>
        <extensions>
          <distance>3365</distance>
        </extensions>
      </trkpt>
      <trkpt lat="45.92138" lon="6.84972">
        <ele>1312</ele>
        <extensions>
          <distance>3389</distance>
        </extensions>
      </trkpt>
      <trkpt lat="45.921245" lon="6.84943">
        <ele>1324</ele>
        <extensions>
          <distance>3417</distance>
        </extensions>
      </trkpt>
      <trkpt lat="45.92111" lon="6.84914">
        <ele>1334</ele>
        <extensions>
          <distance>3446</distance>
        </extensions>
      </trkpt>
      <trkpt lat="45.92115" lon="6.84877">
        <ele>1345</ele>
        <extensions>
          <distance>3477</distance>
        </extensions>
      </trkpt>
      <trkpt lat="45.92099" lon="6.84867">
        <ele>1347</ele>
        <extensions>
          <distance>3497</distance>
        </extensions>
      </trkpt>
      <trkpt lat="45.92083" lon="6.84857">
        <ele>1350</ele>
        <extensions>
          <distance>3516</distance>
        </extensions>
      </trkpt>
      <trkpt lat="45.920695" lon="6.848325">
        <ele>1355</ele>
        <extensions>
          <distance>3541</distance>
        </extensions>
      </trkpt>
      <trkpt lat="45.92056" lon="6.84808">
        <ele>1365</ele>
        <extensions>
          <distance>3567</distance>
        </extensions>
      </trkpt>
      <trkpt lat="45.920365000000004" lon="6.84797">
        <ele>1365</ele>
        <extensions>
          <distance>3591</distance>
        </extensions>
      </trkpt>
      <trkpt lat="45.92017" lon="6.84786">
        <ele>1366</ele>
        <extensions>
          <distance>3614</distance>
        </extensions>
      </trkpt>
      <trkpt lat="45.9201" lon="6.8475225">
        <ele>1373</ele>
        <extensions>
          <distance>3642</distance>
        </extensions>
      </trkpt>
      <trkpt lat="45.92003" lon="6.847185">
        <ele>1379</ele>
        <extensions>
          <distance>3670</distance>
        </extensions>
      </trkpt>
      <trkpt lat="45.91996" lon="6.8468475">
        <ele>1380</ele>
        <extensions>
          <distance>3697</distance>
        </extensions>
      </trkpt>
      <trkpt lat="45.91989" lon="6.84651">
        <ele>1381</ele>
        <extensions>
          <distance>3724</distance>
        </extensions>
      </trkpt>
      <trkpt lat="45.92004" lon="6.8466825">
        <ele>1385</ele>
        <extensions>
          <distance>3746</distance>
        </extensions>
      </trkpt>
      <trkpt lat="45.920190000000005" lon="6.846855">
        <ele>1388</ele>
        <extensions>
          <distance>3767</distance>
        </extensions>
      </trkpt>
      <trkpt lat="45.92034" lon="6.847027499999999">
        <ele>1391</ele>
        <extensions>
          <distance>3789</distance>
        </extensions>
      </trkpt>
      <trkpt lat="45.92049" lon="6.8472">
        <ele>1391</ele>
        <extensions>
          <distance>3810</distance>
        </extensions>
      </trkpt>
      <trkpt lat="45.92073" lon="6.84711">
        <ele>1399</ele>
        <extensions>
          <distance>3839</distance>
        </extensions>
      </trkpt>
      <trkpt lat="45.92097" lon="6.84702">
        <ele>1410</ele>
        <extensions>
          <distance>3868</distance>
        </extensions>
      </trkpt>
      <trkpt lat="45.92109" lon="6.84713">
        <ele>1410</ele>
        <extensions>
          <distance>3884</distance>
        </extensions>
      </trkpt>
      <trkpt lat="45.92121" lon="6.84724">
        <ele>1412</ele>
        <extensions>
          <distance>3900</distance>
        </extensions>
      </trkpt>
      <trkpt lat="45.921355000000005" lon="6.84724125">
        <ele>1419</ele>
        <extensions>
          <distance>3917</distance>
        </extensions>
      </trkpt>
      <trkpt lat="45.9215" lon="6.8472425">
        <ele>1425</ele>
        <extensions>
          <distance>3934</distance>
        </extensions>
      </trkpt>
      <trkpt lat="45.921645" lon="6.8472437500000005">
        <ele>1430</ele>
        <extensions>
          <distance>3951</distance>
        </extensions>
      </trkpt>
      <trkpt lat="45.92179" lon="6.847245">
        <ele>1437</ele>
        <extensions>
          <distance>3968</distance>
        </extensions>
      </trkpt>
      <trkpt lat="45.921935000000005" lon="6.8472462499999995">
        <ele>1441</ele>
        <extensions>
          <distance>3985</distance>
        </extensions>
      </trkpt>
      <trkpt lat="45.92208" lon="6.8472475">
        <ele>1442</ele>
        <extensions>
          <distance>4001</distance>
        </extensions>
      </trkpt>
      <trkpt lat="45.922225" lon="6.84724875">
        <ele>1442</ele>
        <extensions>
          <distance>4017</distance>
        </extensions>
      </trkpt>
      <trkpt lat="45.92237" lon="6.84725">
        <ele>1442</ele>
        <extensions>
          <distance>4033</distance>
        </extensions>
      </trkpt>
      <trkpt lat="45.922261250000005" lon="6.8471125">
        <ele>1448</ele>
        <extensions>
          <distance>4050</distance>
        </extensions>
      </trkpt>
      <trkpt lat="45.9221525" lon="6.8469750000000005">
        <ele>1456</ele>
        <extensions>
          <distance>4068</distance>
        </extensions>
      </trkpt>
      <trkpt lat="45.92204375" lon="6.8468375">
        <ele>1465</ele>
        <extensions>
          <distance>4086</distance>
        </extensions>
      </trkpt>
      <trkpt lat="45.921935000000005" lon="6.8467">
        <ele>1467</ele>
        <extensions>
          <distance>4103</distance>
        </extensions>
      </trkpt>
      <trkpt lat="45.92182625" lon="6.8465625">
        <ele>1467</ele>
        <extensions>
          <distance>4119</distance>
        </extensions>
      </trkpt>
      <trkpt lat="45.9217175" lon="6.846425">
        <ele>1468</ele>
        <extensions>
          <distance>4135</distance>
        </extensions>
      </trkpt>
      <trkpt lat="45.921608750000004" lon="6.8462875">
        <ele>1469</ele>
        <extensions>
          <distance>4151</distance>
        </extensions>
      </trkpt>
      <trkpt lat="45.9215" lon="6.84615">
        <ele>1469</ele>
        <extensions>
          <distance>4167</distance>
        </extensions>
      </trkpt>
      <trkpt lat="45.921365" lon="6.845965">
        <ele>1471</ele>
        <extensions>
          <distance>4188</distance>
        </extensions>
      </trkpt>
      <trkpt lat="45.92123" lon="6.84578">
        <ele>1471</ele>
        <extensions>
          <distance>4209</distance>
        </extensions>
      </trkpt>
      <trkpt lat="45.921212499999996" lon="6.8455449999999995">
        <ele>1474</ele>
        <extensions>
          <distance>4227</distance>
        </extensions>
      </trkpt>
      <trkpt lat="45.921195" lon="6.84531">
        <ele>1478</ele>
        <extensions>
          <distance>4246</distance>
        </extensions>
      </trkpt>
      <trkpt lat="45.9211775" lon="6.845075">
        <ele>1480</ele>
        <extensions>
          <distance>4264</distance>
        </extensions>
      </trkpt>
      <trkpt lat="45.92116" lon="6.84484">
        <ele>1488</ele>
        <extensions>
          <distance>4284</distance>
        </extensions>
      </trkpt>
      <trkpt lat="45.9211175" lon="6.844545">
        <ele>1497</ele>
        <extensions>
          <distance>4309</distance>
        </extensions>
      </trkpt>
      <trkpt lat="45.921075" lon="6.84425">
        <ele>1506</ele>
        <extensions>
          <distance>4334</distance>
        </extensions>
      </trkpt>
      <trkpt lat="45.9210325" lon="6.843954999999999">
        <ele>1515</ele>
        <extensions>
          <distance>4359</distance>
        </extensions>
      </trkpt>
      <trkpt lat="45.92099" lon="6.84366">
        <ele>1522</ele>
        <extensions>
          <distance>4383</distance>
        </extensions>
      </trkpt>
      <trkpt lat="45.920880000000004" lon="6.8433925">
        <ele>1526</ele>
        <extensions>
          <distance>4408</distance>
        </extensions>
      </trkpt>
      <trkpt lat="45.920770000000005" lon="6.843125000000001">
        <ele>1530</ele>
        <extensions>
          <distance>4432</distance>
        </extensions>
      </trkpt>
      <trkpt lat="45.92066" lon="6.842857500000001">
        <ele>1532</ele>
        <extensions>
          <distance>4456</distance>
        </extensions>
      </trkpt>
      <trkpt lat="45.92055" lon="6.84259">
        <ele>1533</ele>
        <extensions>
          <distance>4481</distance>
        </extensions>
      </trkpt>
      <trkpt lat="45.920585" lon="6.84236875">
        <ele>1542</ele>
        <extensions>
          <distance>4500</distance>
        </extensions>
      </trkpt>
      <trkpt lat="45.92062" lon="6.8421475">
        <ele>1548</ele>
        <extensions>
          <distance>4519</distance>
        </extensions>
      </trkpt>
      <trkpt lat="45.920655" lon="6.84192625">
        <ele>1550</ele>
        <extensions>
          <distance>4537</distance>
        </extensions>
      </trkpt>
      <trkpt lat="45.92069" lon="6.841705">
        <ele>1554</ele>
        <extensions>
          <distance>4555</distance>
        </extensions>
      </trkpt>
      <trkpt lat="45.920725000000004" lon="6.84148375">
        <ele>1557</ele>
        <extensions>
          <distance>4572</distance>
        </extensions>
      </trkpt>
      <trkpt lat="45.92076" lon="6.8412625">
        <ele>1559</ele>
        <extensions>
          <distance>4590</distance>
        </extensions>
      </trkpt>
      <trkpt lat="45.920795" lon="6.84104125">
        <ele>1559</ele>
        <extensions>
          <distance>4608</distance>
        </extensions>
      </trkpt>
      <trkpt lat="45.92083" lon="6.84082">
        <ele>1559</ele>
        <extensions>
          <distance>4625</distance>
        </extensions>
      </trkpt>
      <trkpt lat="45.92067" lon="6.8406825">
        <ele>1560</ele>
        <extensions>
          <distance>4646</distance>
        </extensions>
      </trkpt>
      <trkpt lat="45.92051" lon="6.8405450000000005">
        <ele>1568</ele>
        <extensions>
          <distance>4668</distance>
        </extensions>
      </trkpt>
      <trkpt lat="45.92035" lon="6.8404075">
        <ele>1572</ele>
        <extensions>
          <distance>4689</distance>
        </extensions>
      </trkpt>
      <trkpt lat="45.92019" lon="6.84027">
        <ele>1574</ele>
        <extensions>
          <distance>4710</distance>
        </extensions>
      </trkpt>
      <trkpt lat="45.92024" lon="6.83997">
        <ele>1581</ele>
        <extensions>
          <distance>4735</distance>
        </extensions>
      </trkpt>
      <trkpt lat="45.92029" lon="6.83967">
        <ele>1586</ele>
        <extensions>
          <distance>4759</distance>
        </extensions>
      </trkpt>
      <trkpt lat="45.92054" lon="6.839765">
        <ele>1591</ele>
        <extensions>
          <distance>4789</distance>
        </extensions>
      </trkpt>
      <trkpt lat="45.92079" lon="6.83986">
        <ele>1593</ele>
        <extensions>
          <distance>4817</distance>
        </extensions>
      </trkpt>
      <trkpt lat="45.92104" lon="6.839955">
        <ele>1596</ele>
        <extensions>
          <distance>4846</distance>
        </extensions>
      </trkpt>
      <trkpt lat="45.92129" lon="6.84005">
        <ele>1604</ele>
        <extensions>
          <distance>4876</distance>
        </extensions>
      </trkpt>
      <trkpt lat="45.921175" lon="6.839765">
        <ele>1606</ele>
        <extensions>
          <distance>4902</distance>
        </extensions>
      </trkpt>
      <trkpt lat="45.92106" lon="6.83948">
        <ele>1615</ele>
        <extensions>
          <distance>4928</distance>
        </extensions>
      </trkpt>
      <trkpt lat="45.9212" lon="6.839545">
        <ele>1617</ele>
        <extensions>
          <distance>4945</distance>
        </extensions>
      </trkpt>
      <trkpt lat="45.92134" lon="6.83961">
        <ele>1619</ele>
        <extensions>
          <distance>4961</distance>
        </extensions>
      </trkpt>
      <trkpt lat="45.92148" lon="6.839675">
        <ele>1627</ele>
        <extensions>
          <distance>4980</distance>
        </extensions>
      </trkpt>
      <trkpt lat="45.92162" lon="6.83974">
        <ele>1631</ele>
        <extensions>
          <distance>4996</distance>
        </extensions>
      </trkpt>
      <trkpt lat="45.921475" lon="6.83943">
        <ele>1631</ele>
        <extensions>
          <distance>5025</distance>
        </extensions>
      </trkpt>
      <trkpt lat="45.92133" lon="6.839119999999999">
        <ele>1638</ele>
        <extensions>
          <distance>5055</distance>
        </extensions>
      </trkpt>
      <trkpt lat="45.921184999999994" lon="6.83881">
        <ele>1647</ele>
        <extensions>
          <distance>5085</distance>
        </extensions>
      </trkpt>
      <trkpt lat="45.92104" lon="6.8385">
        <ele>1657</ele>
        <extensions>
          <distance>5116</distance>
        </extensions>
      </trkpt>
      <trkpt lat="45.921175" lon="6.83849">
        <ele>1661</ele>
        <extensions>
          <distance>5131</distance>
        </extensions>
      </trkpt>
      <trkpt lat="45.92131" lon="6.83848">
        <ele>1668</ele>
        <extensions>
          <distance>5148</distance>
        </extensions>
      </trkpt>
      <trkpt lat="45.921165" lon="6.838265">
        <ele>1670</ele>
        <extensions>
          <distance>5171</distance>
        </extensions>
      </trkpt>
      <trkpt lat="45.92102" lon="6.83805">
        <ele>1678</ele>
        <extensions>
          <distance>5195</distance>
        </extensions>
      </trkpt>
      <trkpt lat="45.92121" lon="6.83808">
        <ele>1682</ele>
        <extensions>
          <distance>5217</distance>
        </extensions>
      </trkpt>
      <trkpt lat="45.9214" lon="6.83811">
        <ele>1688</ele>
        <extensions>
          <distance>5239</distance>
        </extensions>
      </trkpt>
      <trkpt lat="45.92129" lon="6.8378675">
        <ele>1696</ele>
        <extensions>
          <distance>5263</distance>
        </extensions>
      </trkpt>
      <trkpt lat="45.92118" lon="6.837625">
        <ele>1708</ele>
        <extensions>
          <distance>5288</distance>
        </extensions>
      </trkpt>
      <trkpt lat="45.92107" lon="6.8373825">
        <ele>1714</ele>
        <extensions>
          <distance>5311</distance>
        </extensions>
      </trkpt>
      <trkpt lat="45.92096" lon="6.83714">
        <ele>1715</ele>
        <extensions>
          <distance>5334</distance>
        </extensions>
      </trkpt>
      <trkpt lat="45.921095" lon="6.837205">
        <ele>1723</ele>
        <extensions>
          <distance>5351</distance>
        </extensions>
      </trkpt>
      <trkpt lat="45.92123" lon="6.83727">
        <ele>1725</ele>
        <extensions>
          <distance>5367</distance>
        </extensions>
      </trkpt>
      <trkpt lat="45.9210975" lon="6.837095">
        <ele>1726</ele>
        <extensions>
          <distance>5387</distance>
        </extensions>
      </trkpt>
      <trkpt lat="45.920964999999995" lon="6.83692">
        <ele>1729</ele>
        <extensions>
          <distance>5407</distance>
        </extensions>
      </trkpt>
      <trkpt lat="45.920832499999996" lon="6.8367450000000005">
        <ele>1731</ele>
        <extensions>
          <distance>5427</distance>
        </extensions>
      </trkpt>
      <trkpt lat="45.9207" lon="6.83657">
        <ele>1737</ele>
        <extensions>
          <distance>5448</distance>
        </extensions>
      </trkpt>
      <trkpt lat="45.920564999999996" lon="6.8363975">
        <ele>1743</ele>
        <extensions>
          <distance>5469</distance>
        </extensions>
      </trkpt>
      <trkpt lat="45.920429999999996" lon="6.836225000000001">
        <ele>1749</ele>
        <extensions>
          <distance>5490</distance>
        </extensions>
      </trkpt>
      <trkpt lat="45.920294999999996" lon="6.836052500000001">
        <ele>1754</ele>
        <extensions>
          <distance>5510</distance>
        </extensions>
      </trkpt>
      <trkpt lat="45.92016" lon="6.83588">
        <ele>1756</ele>
        <extensions>
          <distance>5531</distance>
        </extensions>
      </trkpt>
      <trkpt lat="45.92018" lon="6.83586">
        <ele>1756</ele>
        <extensions>
          <distance>5533</distance>
        </extensions>
      </trkpt>
      <trkpt lat="45.92024" lon="6.83591">
        <ele>1759</ele>
        <extensions>
          <distance>5541</distance>
        </extensions>
      </trkpt>
      <trkpt lat="45.9204" lon="6.83595">
        <ele>1762</ele>
        <extensions>
          <distance>5560</distance>
        </extensions>
      </trkpt>
      <trkpt lat="45.92042" lon="6.83591">
        <ele>1765</ele>
        <extensions>
          <distance>5565</distance>
        </extensions>
      </trkpt>
      <trkpt lat="45.92028" lon="6.83578">
        <ele>1766</ele>
        <extensions>
          <distance>5583</distance>
        </extensions>
      </trkpt>
      <trkpt lat="45.92027" lon="6.83575">
        <ele>1766</ele>
        <extensions>
          <distance>5586</distance>
        </extensions>
      </trkpt>
      <trkpt lat="45.92028" lon="6.83574">
        <ele>1768</ele>
        <extensions>
          <distance>5587</distance>
        </extensions>
      </trkpt>
      <trkpt lat="45.92042" lon="6.835795">
        <ele>1773</ele>
        <extensions>
          <distance>5604</distance>
        </extensions>
      </trkpt>
      <trkpt lat="45.92056" lon="6.83585">
        <ele>1777</ele>
        <extensions>
          <distance>5621</distance>
        </extensions>
      </trkpt>
      <trkpt lat="45.92057" lon="6.8357">
        <ele>1784</ele>
        <extensions>
          <distance>5634</distance>
        </extensions>
      </trkpt>
      <trkpt lat="45.92076" lon="6.83562">
        <ele>1792</ele>
        <extensions>
          <distance>5658</distance>
        </extensions>
      </trkpt>
      <trkpt lat="45.92066" lon="6.83559">
        <ele>1793</ele>
        <extensions>
          <distance>5669</distance>
        </extensions>
      </trkpt>
      <trkpt lat="45.92071" lon="6.83548">
        <ele>1798</ele>
        <extensions>
          <distance>5680</distance>
        </extensions>
      </trkpt>
      <trkpt lat="45.92089" lon="6.8354">
        <ele>1807</ele>
        <extensions>
          <distance>5703</distance>
        </extensions>
      </trkpt>
      <trkpt lat="45.9208" lon="6.83532">
        <ele>1809</ele>
        <extensions>
          <distance>5715</distance>
        </extensions>
      </trkpt>
      <trkpt lat="45.9207" lon="6.83528">
        <ele>1809</ele>
        <extensions>
          <distance>5726</distance>
        </extensions>
      </trkpt>
      <trkpt lat="45.9206" lon="6.83528">
        <ele>1811</ele>
        <extensions>
          <distance>5738</distance>
        </extensions>
      </trkpt>
      <trkpt lat="45.92069" lon="6.83524">
        <ele>1813</ele>
        <extensions>
          <distance>5748</distance>
        </extensions>
      </trkpt>
      <trkpt lat="45.92081" lon="6.83523">
        <ele>1815</ele>
        <extensions>
          <distance>5762</distance>
        </extensions>
      </trkpt>
      <trkpt lat="45.92074" lon="6.83513">
        <ele>1819</ele>
        <extensions>
          <distance>5774</distance>
        </extensions>
      </trkpt>
      <trkpt lat="45.92065" lon="6.83508">
        <ele>1820</ele>
        <extensions>
          <distance>5784</distance>
        </extensions>
      </trkpt>
      <trkpt lat="45.92073" lon="6.83502">
        <ele>1826</ele>
        <extensions>
          <distance>5795</distance>
        </extensions>
      </trkpt>
      <trkpt lat="45.92068" lon="6.83489">
        <ele>1831</ele>
        <extensions>
          <distance>5808</distance>
        </extensions>
      </trkpt>
      <trkpt lat="45.92078" lon="6.83492">
        <ele>1833</ele>
        <extensions>
          <distance>5819</distance>
        </extensions>
      </trkpt>
      <trkpt lat="45.92072" lon="6.8348">
        <ele>1838</ele>
        <extensions>
          <distance>5832</distance>
        </extensions>
      </trkpt>
      <trkpt lat="45.92067" lon="6.83455">
        <ele>1850</ele>
        <extensions>
          <distance>5855</distance>
        </extensions>
      </trkpt>
      <trkpt lat="45.92077" lon="6.83457">
        <ele>1853</ele>
        <extensions>
          <distance>5867</distance>
        </extensions>
      </trkpt>
      <trkpt lat="45.92077" lon="6.83444">
        <ele>1860</ele>
        <extensions>
          <distance>5879</distance>
        </extensions>
      </trkpt>
      <trkpt lat="45.92069" lon="6.83435">
        <ele>1862</ele>
        <extensions>
          <distance>5890</distance>
        </extensions>
      </trkpt>
      <trkpt lat="45.92078" lon="6.83434">
        <ele>1866</ele>
        <extensions>
          <distance>5901</distance>
        </extensions>
      </trkpt>
      <trkpt lat="45.92085" lon="6.83445">
        <ele>1866</ele>
        <extensions>
          <distance>5913</distance>
        </extensions>
      </trkpt>
      <trkpt lat="45.92093" lon="6.83453">
        <ele>1867</ele>
        <extensions>
          <distance>5924</distance>
        </extensions>
      </trkpt>
      <trkpt lat="45.92107" lon="6.8346350000000005">
        <ele>1871</ele>
        <extensions>
          <distance>5942</distance>
        </extensions>
      </trkpt>
      <trkpt lat="45.92121" lon="6.83474">
        <ele>1873</ele>
        <extensions>
          <distance>5959</distance>
        </extensions>
      </trkpt>
      <trkpt lat="45.92121" lon="6.8346">
        <ele>1880</ele>
        <extensions>
          <distance>5971</distance>
        </extensions>
      </trkpt>
      <trkpt lat="45.92113" lon="6.8345">
        <ele>1880</ele>
        <extensions>
          <distance>5983</distance>
        </extensions>
      </trkpt>
      <trkpt lat="45.92118" lon="6.83439">
        <ele>1888</ele>
        <extensions>
          <distance>5995</distance>
        </extensions>
      </trkpt>
      <trkpt lat="45.92103" lon="6.83423">
        <ele>1891</ele>
        <extensions>
          <distance>6016</distance>
        </extensions>
      </trkpt>
      <trkpt lat="45.92099" lon="6.83397">
        <ele>1895</ele>
        <extensions>
          <distance>6037</distance>
        </extensions>
      </trkpt>
      <trkpt lat="45.92095" lon="6.83384">
        <ele>1896</ele>
        <extensions>
          <distance>6048</distance>
        </extensions>
      </trkpt>
      <trkpt lat="45.92104" lon="6.83389">
        <ele>1901</ele>
        <extensions>
          <distance>6059</distance>
        </extensions>
      </trkpt>
      <trkpt lat="45.92102" lon="6.83375">
        <ele>1906</ele>
        <extensions>
          <distance>6072</distance>
        </extensions>
      </trkpt>
      <trkpt lat="45.92095" lon="6.83351">
        <ele>1908</ele>
        <extensions>
          <distance>6092</distance>
        </extensions>
      </trkpt>
      <trkpt lat="45.92104" lon="6.83355">
        <ele>1911</ele>
        <extensions>
          <distance>6103</distance>
        </extensions>
      </trkpt>
      <trkpt lat="45.921" lon="6.83341">
        <ele>1916</ele>
        <extensions>
          <distance>6115</distance>
        </extensions>
      </trkpt>
      <trkpt lat="45.9211" lon="6.83343">
        <ele>1922</ele>
        <extensions>
          <distance>6128</distance>
        </extensions>
      </trkpt>
      <trkpt lat="45.92104500000001" lon="6.83323">
        <ele>1926</ele>
        <extensions>
          <distance>6145</distance>
        </extensions>
      </trkpt>
      <trkpt lat="45.92099" lon="6.83303">
        <ele>1930</ele>
        <extensions>
          <distance>6162</distance>
        </extensions>
      </trkpt>
      <trkpt lat="45.92107" lon="6.83312">
        <ele>1932</ele>
        <extensions>
          <distance>6174</distance>
        </extensions>
      </trkpt>
      <trkpt lat="45.92106" lon="6.83298">
        <ele>1934</ele>
        <extensions>
          <distance>6185</distance>
        </extensions>
      </trkpt>
      <trkpt lat="45.92109" lon="6.83307">
        <ele>1938</ele>
        <extensions>
          <distance>6194</distance>
        </extensions>
      </trkpt>
      <trkpt lat="45.92125" lon="6.83327">
        <ele>1939</ele>
        <extensions>
          <distance>6217</distance>
        </extensions>
      </trkpt>
      <trkpt lat="45.92134" lon="6.83333">
        <ele>1941</ele>
        <extensions>
          <distance>6228</distance>
        </extensions>
      </trkpt>
      <trkpt lat="45.92136" lon="6.8333">
        <ele>1941</ele>
        <extensions>
          <distance>6232</distance>
        </extensions>
      </trkpt>
      <trkpt lat="45.9213" lon="6.83325">
        <ele>1943</ele>
        <extensions>
          <distance>6239</distance>
        </extensions>
      </trkpt>
      <trkpt lat="45.92129" lon="6.83318">
        <ele>1944</ele>
        <extensions>
          <distance>6245</distance>
        </extensions>
      </trkpt>
      <trkpt lat="45.92121" lon="6.83304">
        <ele>1946</ele>
        <extensions>
          <distance>6259</distance>
        </extensions>
      </trkpt>
      <trkpt lat="45.92121" lon="6.83293">
        <ele>1948</ele>
        <extensions>
          <distance>6268</distance>
        </extensions>
      </trkpt>
      <trkpt lat="45.92124" lon="6.83299">
        <ele>1948</ele>
        <extensions>
          <distance>6274</distance>
        </extensions>
      </trkpt>
      <trkpt lat="45.92129" lon="6.83303">
        <ele>1949</ele>
        <extensions>
          <distance>6280</distance>
        </extensions>
      </trkpt>
      <trkpt lat="45.92133" lon="6.83302">
        <ele>1953</ele>
        <extensions>
          <distance>6285</distance>
        </extensions>
      </trkpt>
      <trkpt lat="45.92132" lon="6.83298">
        <ele>1955</ele>
        <extensions>
          <distance>6289</distance>
        </extensions>
      </trkpt>
      <trkpt lat="45.92126" lon="6.83289">
        <ele>1955</ele>
        <extensions>
          <distance>6298</distance>
        </extensions>
      </trkpt>
      <trkpt lat="45.92128" lon="6.83286">
        <ele>1957</ele>
        <extensions>
          <distance>6302</distance>
        </extensions>
      </trkpt>
      <trkpt lat="45.92139" lon="6.83295">
        <ele>1958</ele>
        <extensions>
          <distance>6316</distance>
        </extensions>
      </trkpt>
      <trkpt lat="45.9214" lon="6.833">
        <ele>1958</ele>
        <extensions>
          <distance>6320</distance>
        </extensions>
      </trkpt>
      <trkpt lat="45.9215" lon="6.83306">
        <ele>1959</ele>
        <extensions>
          <distance>6332</distance>
        </extensions>
      </trkpt>
      <trkpt lat="45.92154" lon="6.83324">
        <ele>1962</ele>
        <extensions>
          <distance>6347</distance>
        </extensions>
      </trkpt>
      <trkpt lat="45.92157" lon="6.83328">
        <ele>1962</ele>
        <extensions>
          <distance>6352</distance>
        </extensions>
      </trkpt>
      <trkpt lat="45.92161" lon="6.83326">
        <ele>1964</ele>
        <extensions>
          <distance>6357</distance>
        </extensions>
      </trkpt>
      <trkpt lat="45.92158" lon="6.83304">
        <ele>1966</ele>
        <extensions>
          <distance>6374</distance>
        </extensions>
      </trkpt>
      <trkpt lat="45.92154" lon="6.83296">
        <ele>1967</ele>
        <extensions>
          <distance>6382</distance>
        </extensions>
      </trkpt>
      <trkpt lat="45.92146" lon="6.83287">
        <ele>1967</ele>
        <extensions>
          <distance>6393</distance>
        </extensions>
      </trkpt>
      <trkpt lat="45.92146" lon="6.83283">
        <ele>1969</ele>
        <extensions>
          <distance>6396</distance>
        </extensions>
      </trkpt>
      <trkpt lat="45.92164" lon="6.83293">
        <ele>1971</ele>
        <extensions>
          <distance>6418</distance>
        </extensions>
      </trkpt>
      <trkpt lat="45.92167" lon="6.83303">
        <ele>1973</ele>
        <extensions>
          <distance>6427</distance>
        </extensions>
      </trkpt>
      <trkpt lat="45.92173" lon="6.83306">
        <ele>1973</ele>
        <extensions>
          <distance>6434</distance>
        </extensions>
      </trkpt>
      <trkpt lat="45.92193" lon="6.83309">
        <ele>1978</ele>
        <extensions>
          <distance>6456</distance>
        </extensions>
      </trkpt>
      <trkpt lat="45.92204" lon="6.83313">
        <ele>1979</ele>
        <extensions>
          <distance>6469</distance>
        </extensions>
      </trkpt>
      <trkpt lat="45.92206" lon="6.83312">
        <ele>1979</ele>
        <extensions>
          <distance>6471</distance>
        </extensions>
      </trkpt>
      <trkpt lat="45.92208" lon="6.83308">
        <ele>1981</ele>
        <extensions>
          <distance>6475</distance>
        </extensions>
      </trkpt>
      <trkpt lat="45.92195" lon="6.83298">
        <ele>1983</ele>
        <extensions>
          <distance>6492</distance>
        </extensions>
      </trkpt>
      <trkpt lat="45.92191" lon="6.83288">
        <ele>1985</ele>
        <extensions>
          <distance>6501</distance>
        </extensions>
      </trkpt>
      <trkpt lat="45.92184" lon="6.83282">
        <ele>1986</ele>
        <extensions>
          <distance>6510</distance>
        </extensions>
      </trkpt>
      <trkpt lat="45.92179" lon="6.83267">
        <ele>1990</ele>
        <extensions>
          <distance>6524</distance>
        </extensions>
      </trkpt>
      <trkpt lat="45.92169" lon="6.83253">
        <ele>1991</ele>
        <extensions>
          <distance>6539</distance>
        </extensions>
      </trkpt>
      <trkpt lat="45.92168" lon="6.83248">
        <ele>1993</ele>
        <extensions>
          <distance>6543</distance>
        </extensions>
      </trkpt>
      <trkpt lat="45.92169" lon="6.83247">
        <ele>1993</ele>
        <extensions>
          <distance>6545</distance>
        </extensions>
      </trkpt>
      <trkpt lat="45.9218" lon="6.8325">
        <ele>1996</ele>
        <extensions>
          <distance>6558</distance>
        </extensions>
      </trkpt>
      <trkpt lat="45.92192" lon="6.83259">
        <ele>1998</ele>
        <extensions>
          <distance>6573</distance>
        </extensions>
      </trkpt>
      <trkpt lat="45.9221" lon="6.83266">
        <ele>2000</ele>
        <extensions>
          <distance>6594</distance>
        </extensions>
      </trkpt>
      <trkpt lat="45.92214" lon="6.83265">
        <ele>2001</ele>
        <extensions>
          <distance>6598</distance>
        </extensions>
      </trkpt>
      <trkpt lat="45.92214" lon="6.83261">
        <ele>2002</ele>
        <extensions>
          <distance>6601</distance>
        </extensions>
      </trkpt>
      <trkpt lat="45.92206" lon="6.83257">
        <ele>2003</ele>
        <extensions>
          <distance>6611</distance>
        </extensions>
      </trkpt>
      <trkpt lat="45.922" lon="6.83245">
        <ele>2005</ele>
        <extensions>
          <distance>6622</distance>
        </extensions>
      </trkpt>
      <trkpt lat="45.92193" lon="6.83239">
        <ele>2006</ele>
        <extensions>
          <distance>6632</distance>
        </extensions>
      </trkpt>
      <trkpt lat="45.9219" lon="6.83232">
        <ele>2007</ele>
        <extensions>
          <distance>6638</distance>
        </extensions>
      </trkpt>
      <trkpt lat="45.92176" lon="6.83222">
        <ele>2008</ele>
        <extensions>
          <distance>6655</distance>
        </extensions>
      </trkpt>
      <trkpt lat="45.92175" lon="6.83214">
        <ele>2013</ele>
        <extensions>
          <distance>6662</distance>
        </extensions>
      </trkpt>
      <trkpt lat="45.92192" lon="6.83223">
        <ele>2013</ele>
        <extensions>
          <distance>6683</distance>
        </extensions>
      </trkpt>
      <trkpt lat="45.92208" lon="6.83224">
        <ele>2016</ele>
        <extensions>
          <distance>6701</distance>
        </extensions>
      </trkpt>
      <trkpt lat="45.92211" lon="6.83227">
        <ele>2018</ele>
        <extensions>
          <distance>6705</distance>
        </extensions>
      </trkpt>
      <trkpt lat="45.92226" lon="6.83229">
        <ele>2019</ele>
        <extensions>
          <distance>6722</distance>
        </extensions>
      </trkpt>
      <trkpt lat="45.92233" lon="6.83236">
        <ele>2022</ele>
        <extensions>
          <distance>6732</distance>
        </extensions>
      </trkpt>
      <trkpt lat="45.92244" lon="6.83237">
        <ele>2024</ele>
        <extensions>
          <distance>6744</distance>
        </extensions>
      </trkpt>
      <trkpt lat="45.92244" lon="6.83233">
        <ele>2024</ele>
        <extensions>
          <distance>6747</distance>
        </extensions>
      </trkpt>
      <trkpt lat="45.9224" lon="6.83231">
        <ele>2026</ele>
        <extensions>
          <distance>6752</distance>
        </extensions>
      </trkpt>
      <trkpt lat="45.92227" lon="6.83206">
        <ele>2030</ele>
        <extensions>
          <distance>6776</distance>
        </extensions>
      </trkpt>
      <trkpt lat="45.92218" lon="6.83203">
        <ele>2030</ele>
        <extensions>
          <distance>6787</distance>
        </extensions>
      </trkpt>
      <trkpt lat="45.92218" lon="6.83201">
        <ele>2030</ele>
        <extensions>
          <distance>6788</distance>
        </extensions>
      </trkpt>
      <trkpt lat="45.92237" lon="6.83197">
        <ele>2036</ele>
        <extensions>
          <distance>6810</distance>
        </extensions>
      </trkpt>
      <trkpt lat="45.9224" lon="6.83195">
        <ele>2039</ele>
        <extensions>
          <distance>6815</distance>
        </extensions>
      </trkpt>
      <trkpt lat="45.9224" lon="6.83191">
        <ele>2039</ele>
        <extensions>
          <distance>6818</distance>
        </extensions>
      </trkpt>
      <trkpt lat="45.922245000000004" lon="6.831825">
        <ele>2040</ele>
        <extensions>
          <distance>6836</distance>
        </extensions>
      </trkpt>
      <trkpt lat="45.92209" lon="6.83174">
        <ele>2041</ele>
        <extensions>
          <distance>6855</distance>
        </extensions>
      </trkpt>
      <trkpt lat="45.92209" lon="6.83171">
        <ele>2044</ele>
        <extensions>
          <distance>6858</distance>
        </extensions>
      </trkpt>
      <trkpt lat="45.92215" lon="6.83171">
        <ele>2045</ele>
        <extensions>
          <distance>6864</distance>
        </extensions>
      </trkpt>
      <trkpt lat="45.92216" lon="6.83168">
        <ele>2046</ele>
        <extensions>
          <distance>6867</distance>
        </extensions>
      </trkpt>
      <trkpt lat="45.92207" lon="6.83164">
        <ele>2047</ele>
        <extensions>
          <distance>6878</distance>
        </extensions>
      </trkpt>
      <trkpt lat="45.92193" lon="6.83162">
        <ele>2047</ele>
        <extensions>
          <distance>6893</distance>
        </extensions>
      </trkpt>
      <trkpt lat="45.92193" lon="6.83157">
        <ele>2048</ele>
        <extensions>
          <distance>6897</distance>
        </extensions>
      </trkpt>
      <trkpt lat="45.92212" lon="6.83152">
        <ele>2055</ele>
        <extensions>
          <distance>6919</distance>
        </extensions>
      </trkpt>
      <trkpt lat="45.92218" lon="6.83154">
        <ele>2055</ele>
        <extensions>
          <distance>6926</distance>
        </extensions>
      </trkpt>
      <trkpt lat="45.92219" lon="6.83151">
        <ele>2057</ele>
        <extensions>
          <distance>6929</distance>
        </extensions>
      </trkpt>
      <trkpt lat="45.92203" lon="6.83139">
        <ele>2060</ele>
        <extensions>
          <distance>6949</distance>
        </extensions>
      </trkpt>
      <trkpt lat="45.92188" lon="6.83137">
        <ele>2060</ele>
        <extensions>
          <distance>6966</distance>
        </extensions>
      </trkpt>
      <trkpt lat="45.9218" lon="6.83133">
        <ele>2062</ele>
        <extensions>
          <distance>6975</distance>
        </extensions>
      </trkpt>
      <trkpt lat="45.92173" lon="6.83127">
        <ele>2062</ele>
        <extensions>
          <distance>6984</distance>
        </extensions>
      </trkpt>
      <trkpt lat="45.9217" lon="6.83122">
        <ele>2063</ele>
        <extensions>
          <distance>6990</distance>
        </extensions>
      </trkpt>
      <trkpt lat="45.92164" lon="6.83118">
        <ele>2066</ele>
        <extensions>
          <distance>6998</distance>
        </extensions>
      </trkpt>
      <trkpt lat="45.92163" lon="6.83112">
        <ele>2066</ele>
        <extensions>
          <distance>7002</distance>
        </extensions>
      </trkpt>
      <trkpt lat="45.92165" lon="6.83112">
        <ele>2067</ele>
        <extensions>
          <distance>7005</distance>
        </extensions>
      </trkpt>
      <trkpt lat="45.92173" lon="6.83118">
        <ele>2069</ele>
        <extensions>
          <distance>7015</distance>
        </extensions>
      </trkpt>
      <trkpt lat="45.92184" lon="6.83117">
        <ele>2070</ele>
        <extensions>
          <distance>7027</distance>
        </extensions>
      </trkpt>
      <trkpt lat="45.92199" lon="6.83112">
        <ele>2073</ele>
        <extensions>
          <distance>7045</distance>
        </extensions>
      </trkpt>
      <trkpt lat="45.922" lon="6.83109">
        <ele>2075</ele>
        <extensions>
          <distance>7047</distance>
        </extensions>
      </trkpt>
      <trkpt lat="45.92199" lon="6.83107">
        <ele>2076</ele>
        <extensions>
          <distance>7050</distance>
        </extensions>
      </trkpt>
      <trkpt lat="45.92187" lon="6.83105">
        <ele>2076</ele>
        <extensions>
          <distance>7063</distance>
        </extensions>
      </trkpt>
      <trkpt lat="45.9218" lon="6.83102">
        <ele>2076</ele>
        <extensions>
          <distance>7071</distance>
        </extensions>
      </trkpt>
      <trkpt lat="45.92174" lon="6.83097">
        <ele>2077</ele>
        <extensions>
          <distance>7079</distance>
        </extensions>
      </trkpt>
      <trkpt lat="45.92173" lon="6.83093">
        <ele>2078</ele>
        <extensions>
          <distance>7082</distance>
        </extensions>
      </trkpt>
      <trkpt lat="45.92199" lon="6.83085">
        <ele>2086</ele>
        <extensions>
          <distance>7113</distance>
        </extensions>
      </trkpt>
      <trkpt lat="45.92209" lon="6.8308">
        <ele>2089</ele>
        <extensions>
          <distance>7125</distance>
        </extensions>
      </trkpt>
      <trkpt lat="45.92223" lon="6.83082">
        <ele>2092</ele>
        <extensions>
          <distance>7141</distance>
        </extensions>
      </trkpt>
      <trkpt lat="45.92238" lon="6.83089">
        <ele>2096</ele>
        <extensions>
          <distance>7159</distance>
        </extensions>
      </trkpt>
      <trkpt lat="45.92224" lon="6.83067">
        <ele>2097</ele>
        <extensions>
          <distance>7182</distance>
        </extensions>
      </trkpt>
      <trkpt lat="45.92212" lon="6.83055">
        <ele>2100</ele>
        <extensions>
          <distance>7198</distance>
        </extensions>
      </trkpt>
      <trkpt lat="45.92209" lon="6.8305">
        <ele>2102</ele>
        <extensions>
          <distance>7204</distance>
        </extensions>
      </trkpt>
      <trkpt lat="45.92194" lon="6.83042">
        <ele>2103</ele>
        <extensions>
          <distance>7222</distance>
        </extensions>
      </trkpt>
      <trkpt lat="45.92186" lon="6.83042">
        <ele>2104</ele>
        <extensions>
          <distance>7230</distance>
        </extensions>
      </trkpt>
      <trkpt lat="45.92183" lon="6.83037">
        <ele>2105</ele>
        <extensions>
          <distance>7236</distance>
        </extensions>
      </trkpt>
      <trkpt lat="45.92184" lon="6.83034">
        <ele>2107</ele>
        <extensions>
          <distance>7239</distance>
        </extensions>
      </trkpt>
      <trkpt lat="45.9219" lon="6.83034">
        <ele>2107</ele>
        <extensions>
          <distance>7245</distance>
        </extensions>
      </trkpt>
      <trkpt lat="45.92194" lon="6.83032">
        <ele>2109</ele>
        <extensions>
          <distance>7250</distance>
        </extensions>
      </trkpt>
      <trkpt lat="45.92195" lon="6.83029">
        <ele>2110</ele>
        <extensions>
          <distance>7253</distance>
        </extensions>
      </trkpt>
      <trkpt lat="45.92194" lon="6.83027">
        <ele>2110</ele>
        <extensions>
          <distance>7255</distance>
        </extensions>
      </trkpt>
      <trkpt lat="45.92182" lon="6.83025">
        <ele>2111</ele>
        <extensions>
          <distance>7268</distance>
        </extensions>
      </trkpt>
      <trkpt lat="45.92182" lon="6.83022">
        <ele>2112</ele>
        <extensions>
          <distance>7271</distance>
        </extensions>
      </trkpt>
      <trkpt lat="45.9219" lon="6.83021">
        <ele>2113</ele>
        <extensions>
          <distance>7280</distance>
        </extensions>
      </trkpt>
      <trkpt lat="45.92193" lon="6.83018">
        <ele>2116</ele>
        <extensions>
          <distance>7285</distance>
        </extensions>
      </trkpt>
      <trkpt lat="45.92192" lon="6.83016">
        <ele>2116</ele>
        <extensions>
          <distance>7287</distance>
        </extensions>
      </trkpt>
      <trkpt lat="45.92184" lon="6.83013">
        <ele>2116</ele>
        <extensions>
          <distance>7296</distance>
        </extensions>
      </trkpt>
      <trkpt lat="45.92179" lon="6.83">
        <ele>2121</ele>
        <extensions>
          <distance>7308</distance>
        </extensions>
      </trkpt>
      <trkpt lat="45.92175" lon="6.82997">
        <ele>2121</ele>
        <extensions>
          <distance>7313</distance>
        </extensions>
      </trkpt>
      <trkpt lat="45.92165" lon="6.82961">
        <ele>2126</ele>
        <extensions>
          <distance>7343</distance>
        </extensions>
      </trkpt>
      <trkpt lat="45.92168" lon="6.82961">
        <ele>2126</ele>
        <extensions>
          <distance>7347</distance>
        </extensions>
      </trkpt>
      <trkpt lat="45.92173" lon="6.82968">
        <ele>2126</ele>
        <extensions>
          <distance>7354</distance>
        </extensions>
      </trkpt>
      <trkpt lat="45.92176" lon="6.82969">
        <ele>2128</ele>
        <extensions>
          <distance>7358</distance>
        </extensions>
      </trkpt>
      <trkpt lat="45.92177" lon="6.82967">
        <ele>2129</ele>
        <extensions>
          <distance>7360</distance>
        </extensions>
      </trkpt>
      <trkpt lat="45.92173" lon="6.82963">
        <ele>2129</ele>
        <extensions>
          <distance>7365</distance>
        </extensions>
      </trkpt>
      <trkpt lat="45.92173" lon="6.82959">
        <ele>2130</ele>
        <extensions>
          <distance>7369</distance>
        </extensions>
      </trkpt>
      <trkpt lat="45.92178" lon="6.82965">
        <ele>2132</ele>
        <extensions>
          <distance>7376</distance>
        </extensions>
      </trkpt>
      <trkpt lat="45.92189" lon="6.82943">
        <ele>2141</ele>
        <extensions>
          <distance>7399</distance>
        </extensions>
      </trkpt>
      <trkpt lat="45.92195" lon="6.82915">
        <ele>2144</ele>
        <extensions>
          <distance>7422</distance>
        </extensions>
      </trkpt>
      <trkpt lat="45.92198" lon="6.82929">
        <ele>2145</ele>
        <extensions>
          <distance>7433</distance>
        </extensions>
      </trkpt>
      <trkpt lat="45.92198" lon="6.82943">
        <ele>2145</ele>
        <extensions>
          <distance>7444</distance>
        </extensions>
      </trkpt>
      <trkpt lat="45.92207" lon="6.82936">
        <ele>2150</ele>
        <extensions>
          <distance>7456</distance>
        </extensions>
      </trkpt>
      <trkpt lat="45.92216" lon="6.82934">
        <ele>2154</ele>
        <extensions>
          <distance>7467</distance>
        </extensions>
      </trkpt>
      <trkpt lat="45.92227" lon="6.82934">
        <ele>2159</ele>
        <extensions>
          <distance>7480</distance>
        </extensions>
      </trkpt>
      <trkpt lat="45.92242" lon="6.8292">
        <ele>2161</ele>
        <extensions>
          <distance>7500</distance>
        </extensions>
      </trkpt>
      <trkpt lat="45.92252" lon="6.82922">
        <ele>2166</ele>
        <extensions>
          <distance>7512</distance>
        </extensions>
      </trkpt>
      <trkpt lat="45.92249" lon="6.82935">
        <ele>2168</ele>
        <extensions>
          <distance>7523</distance>
        </extensions>
      </trkpt>
      <trkpt lat="45.92271" lon="6.82936">
        <ele>2168</ele>
        <extensions>
          <distance>7547</distance>
        </extensions>
      </trkpt>
      <trkpt lat="45.9228" lon="6.82931">
        <ele>2172</ele>
        <extensions>
          <distance>7558</distance>
        </extensions>
      </trkpt>
      <trkpt lat="45.92287" lon="6.8292">
        <ele>2172</ele>
        <extensions>
          <distance>7570</distance>
        </extensions>
      </trkpt>
      <trkpt lat="45.92293" lon="6.82892">
        <ele>2173</ele>
        <extensions>
          <distance>7592</distance>
        </extensions>
      </trkpt>
      <trkpt lat="45.92302" lon="6.82884">
        <ele>2173</ele>
        <extensions>
          <distance>7604</distance>
        </extensions>
      </trkpt>
      <trkpt lat="45.92311" lon="6.82887">
        <ele>2180</ele>
        <extensions>
          <distance>7615</distance>
        </extensions>
      </trkpt>
      <trkpt lat="45.92328" lon="6.82884">
        <ele>2186</ele>
        <extensions>
          <distance>7635</distance>
        </extensions>
      </trkpt>
      <trkpt lat="45.92329" lon="6.82892">
        <ele>2189</ele>
        <extensions>
          <distance>7642</distance>
        </extensions>
      </trkpt>
      <trkpt lat="45.92332" lon="6.82892">
        <ele>2189</ele>
        <extensions>
          <distance>7645</distance>
        </extensions>
      </trkpt>
      <trkpt lat="45.92333" lon="6.82884">
        <ele>2190</ele>
        <extensions>
          <distance>7652</distance>
        </extensions>
      </trkpt>
      <trkpt lat="45.92341" lon="6.82875">
        <ele>2194</ele>
        <extensions>
          <distance>7664</distance>
        </extensions>
      </trkpt>
      <trkpt lat="45.92354" lon="6.8285">
        <ele>2196</ele>
        <extensions>
          <distance>7688</distance>
        </extensions>
      </trkpt>
      <trkpt lat="45.92354" lon="6.82846">
        <ele>2196</ele>
        <extensions>
          <distance>7691</distance>
        </extensions>
      </trkpt>
      <trkpt lat="45.92347" lon="6.82841">
        <ele>2196</ele>
        <extensions>
          <distance>7700</distance>
        </extensions>
      </trkpt>
      <trkpt lat="45.9234" lon="6.82829">
        <ele>2196</ele>
        <extensions>
          <distance>7712</distance>
        </extensions>
      </trkpt>
      <trkpt lat="45.9234" lon="6.82825">
        <ele>2197</ele>
        <extensions>
          <distance>7715</distance>
        </extensions>
      </trkpt>
      <trkpt lat="45.923555" lon="6.82832">
        <ele>2201</ele>
        <extensions>
          <distance>7733</distance>
        </extensions>
      </trkpt>
      <trkpt lat="45.92371" lon="6.82839">
        <ele>2204</ele>
        <extensions>
          <distance>7752</distance>
        </extensions>
      </trkpt>
      <trkpt lat="45.92397" lon="6.82846">
        <ele>2212</ele>
        <extensions>
          <distance>7782</distance>
        </extensions>
      </trkpt>
      <trkpt lat="45.9241" lon="6.82856">
        <ele>2214</ele>
        <extensions>
          <distance>7799</distance>
        </extensions>
      </trkpt>
      <trkpt lat="45.92424" lon="6.82862">
        <ele>2217</ele>
        <extensions>
          <distance>7815</distance>
        </extensions>
      </trkpt>
      <trkpt lat="45.92432" lon="6.82872">
        <ele>2218</ele>
        <extensions>
          <distance>7827</distance>
        </extensions>
      </trkpt>
      <trkpt lat="45.92431" lon="6.82878">
        <ele>2220</ele>
        <extensions>
          <distance>7832</distance>
        </extensions>
      </trkpt>
      <trkpt lat="45.924094999999994" lon="6.828925">
        <ele>2220</ele>
        <extensions>
          <distance>7858</distance>
        </extensions>
      </trkpt>
      <trkpt lat="45.92388" lon="6.82907">
        <ele>2221</ele>
        <extensions>
          <distance>7885</distance>
        </extensions>
      </trkpt>
      <trkpt lat="45.9238" lon="6.82934">
        <ele>2225</ele>
        <extensions>
          <distance>7908</distance>
        </extensions>
      </trkpt>
      <trkpt lat="45.92382" lon="6.82949">
        <ele>2225</ele>
        <extensions>
          <distance>7920</distance>
        </extensions>
      </trkpt>
      <trkpt lat="45.92385" lon="6.8295">
        <ele>2227</ele>
        <extensions>
          <distance>7923</distance>
        </extensions>
      </trkpt>
      <trkpt lat="45.92387" lon="6.82942">
        <ele>2227</ele>
        <extensions>
          <distance>7930</distance>
        </extensions>
      </trkpt>
      <trkpt lat="45.92391" lon="6.82936">
        <ele>2229</ele>
        <extensions>
          <distance>7936</distance>
        </extensions>
      </trkpt>
      <trkpt lat="45.92402" lon="6.82932">
        <ele>2232</ele>
        <extensions>
          <distance>7949</distance>
        </extensions>
      </trkpt>
      <trkpt lat="45.92409" lon="6.82924">
        <ele>2233</ele>
        <extensions>
          <distance>7959</distance>
        </extensions>
      </trkpt>
      <trkpt lat="45.92417" lon="6.82922">
        <ele>2234</ele>
        <extensions>
          <distance>7968</distance>
        </extensions>
      </trkpt>
      <trkpt lat="45.924319999999994" lon="6.82922">
        <ele>2237</ele>
        <extensions>
          <distance>7985</distance>
        </extensions>
      </trkpt>
      <trkpt lat="45.92447" lon="6.82922">
        <ele>2238</ele>
        <extensions>
          <distance>8002</distance>
        </extensions>
      </trkpt>
      <trkpt lat="45.92463" lon="6.82926">
        <ele>2243</ele>
        <extensions>
          <distance>8021</distance>
        </extensions>
      </trkpt>
      <trkpt lat="45.92479" lon="6.8293">
        <ele>2249</ele>
        <extensions>
          <distance>8040</distance>
        </extensions>
      </trkpt>
      <trkpt lat="45.92483" lon="6.82917">
        <ele>2249</ele>
        <extensions>
          <distance>8051</distance>
        </extensions>
      </trkpt>
      <trkpt lat="45.92486" lon="6.8293">
        <ele>2251</ele>
        <extensions>
          <distance>8061</distance>
        </extensions>
      </trkpt>
      <trkpt lat="45.92493" lon="6.82946">
        <ele>2255</ele>
        <extensions>
          <distance>8076</distance>
        </extensions>
      </trkpt>
      <trkpt lat="45.92505" lon="6.82964">
        <ele>2259</ele>
        <extensions>
          <distance>8096</distance>
        </extensions>
      </trkpt>
      <trkpt lat="45.92518" lon="6.82968">
        <ele>2261</ele>
        <extensions>
          <distance>8111</distance>
        </extensions>
      </trkpt>
      <trkpt lat="45.92527" lon="6.82975">
        <ele>2262</ele>
        <extensions>
          <distance>8122</distance>
        </extensions>
      </trkpt>
      <trkpt lat="45.92514" lon="6.82976">
        <ele>2262</ele>
        <extensions>
          <distance>8137</distance>
        </extensions>
      </trkpt>
      <trkpt lat="45.92509" lon="6.82978">
        <ele>2264</ele>
        <extensions>
          <distance>8143</distance>
        </extensions>
      </trkpt>
      <trkpt lat="45.92508" lon="6.82981">
        <ele>2265</ele>
        <extensions>
          <distance>8145</distance>
        </extensions>
      </trkpt>
      <trkpt lat="45.92514" lon="6.82986">
        <ele>2265</ele>
        <extensions>
          <distance>8153</distance>
        </extensions>
      </trkpt>
      <trkpt lat="45.92515" lon="6.8299">
        <ele>2265</ele>
        <extensions>
          <distance>8156</distance>
        </extensions>
      </trkpt>
      <trkpt lat="45.92511" lon="6.83019">
        <ele>2265</ele>
        <extensions>
          <distance>8179</distance>
        </extensions>
      </trkpt>
      <trkpt lat="45.92506" lon="6.83031">
        <ele>2265</ele>
        <extensions>
          <distance>8190</distance>
        </extensions>
      </trkpt>
      <trkpt lat="45.92505" lon="6.8304">
        <ele>2265</ele>
        <extensions>
          <distance>8197</distance>
        </extensions>
      </trkpt>
      <trkpt lat="45.92498" lon="6.83061">
        <ele>2265</ele>
        <extensions>
          <distance>8215</distance>
        </extensions>
      </trkpt>
      <trkpt lat="45.92502" lon="6.83078">
        <ele>2265</ele>
        <extensions>
          <distance>8229</distance>
        </extensions>
      </trkpt>
      <trkpt lat="45.92501" lon="6.83092">
        <ele>2265</ele>
        <extensions>
          <distance>8240</distance>
        </extensions>
      </trkpt>
      <trkpt lat="45.92502" lon="6.83099">
        <ele>2265</ele>
        <extensions>
          <distance>8246</distance>
        </extensions>
      </trkpt>
      <trkpt lat="45.92512" lon="6.83127">
        <ele>2267</ele>
        <extensions>
          <distance>8270</distance>
        </extensions>
      </trkpt>
      <trkpt lat="45.92512" lon="6.83134">
        <ele>2267</ele>
        <extensions>
          <distance>8275</distance>
        </extensions>
      </trkpt>
      <trkpt lat="45.925225" lon="6.83157">
        <ele>2272</ele>
        <extensions>
          <distance>8297</distance>
        </extensions>
      </trkpt>
      <trkpt lat="45.92533" lon="6.8318">
        <ele>2272</ele>
        <extensions>
          <distance>8318</distance>
        </extensions>
      </trkpt>
      <trkpt lat="45.92529" lon="6.83187">
        <ele>2272</ele>
        <extensions>
          <distance>8325</distance>
        </extensions>
      </trkpt>
      <trkpt lat="45.9253" lon="6.83191">
        <ele>2272</ele>
        <extensions>
          <distance>8329</distance>
        </extensions>
      </trkpt>
      <trkpt lat="45.92546" lon="6.83207">
        <ele>2271</ele>
        <extensions>
          <distance>8350</distance>
        </extensions>
      </trkpt>
      <trkpt lat="45.9255" lon="6.83214">
        <ele>2269</ele>
        <extensions>
          <distance>8357</distance>
        </extensions>
      </trkpt>
      <trkpt lat="45.92558" lon="6.83242">
        <ele>2265</ele>
        <extensions>
          <distance>8381</distance>
        </extensions>
      </trkpt>
      <trkpt lat="45.92561" lon="6.83246">
        <ele>2265</ele>
        <extensions>
          <distance>8386</distance>
        </extensions>
      </trkpt>
      <trkpt lat="45.9256" lon="6.83258">
        <ele>2265</ele>
        <extensions>
          <distance>8395</distance>
        </extensions>
      </trkpt>
      <trkpt lat="45.92566" lon="6.83264">
        <ele>2265</ele>
        <extensions>
          <distance>8403</distance>
        </extensions>
      </trkpt>
      <trkpt lat="45.92573" lon="6.8328">
        <ele>2266</ele>
        <extensions>
          <distance>8418</distance>
        </extensions>
      </trkpt>
      <trkpt lat="45.92579" lon="6.83284">
        <ele>2266</ele>
        <extensions>
          <distance>8425</distance>
        </extensions>
      </trkpt>
      <trkpt lat="45.92582" lon="6.83291">
        <ele>2267</ele>
        <extensions>
          <distance>8432</distance>
        </extensions>
      </trkpt>
      <trkpt lat="45.92587" lon="6.83295">
        <ele>2268</ele>
        <extensions>
          <distance>8438</distance>
        </extensions>
      </trkpt>
      <trkpt lat="45.92599" lon="6.83316">
        <ele>2273</ele>
        <extensions>
          <distance>8460</distance>
        </extensions>
      </trkpt>
      <trkpt lat="45.92606" lon="6.83322">
        <ele>2274</ele>
        <extensions>
          <distance>8469</distance>
        </extensions>
      </trkpt>
      <trkpt lat="45.92609" lon="6.83329">
        <ele>2277</ele>
        <extensions>
          <distance>8476</distance>
        </extensions>
      </trkpt>
      <trkpt lat="45.92621" lon="6.83338">
        <ele>2277</ele>
        <extensions>
          <distance>8491</distance>
        </extensions>
      </trkpt>
      <trkpt lat="45.92625" lon="6.83345">
        <ele>2278</ele>
        <extensions>
          <distance>8498</distance>
        </extensions>
      </trkpt>
      <trkpt lat="45.92644" lon="6.83367">
        <ele>2280</ele>
        <extensions>
          <distance>8525</distance>
        </extensions>
      </trkpt>
      <trkpt lat="45.92653" lon="6.83364">
        <ele>2280</ele>
        <extensions>
          <distance>8535</distance>
        </extensions>
      </trkpt>
      <trkpt lat="45.92654" lon="6.83361">
        <ele>2280</ele>
        <extensions>
          <distance>8538</distance>
        </extensions>
      </trkpt>
      <trkpt lat="45.92648" lon="6.83328">
        <ele>2280</ele>
        <extensions>
          <distance>8564</distance>
        </extensions>
      </trkpt>
      <trkpt lat="45.92648" lon="6.83314">
        <ele>2283</ele>
        <extensions>
          <distance>8575</distance>
        </extensions>
      </trkpt>
      <trkpt lat="45.92651" lon="6.83313">
        <ele>2283</ele>
        <extensions>
          <distance>8579</distance>
        </extensions>
      </trkpt>
      <trkpt lat="45.92668" lon="6.83319">
        <ele>2283</ele>
        <extensions>
          <distance>8598</distance>
        </extensions>
      </trkpt>
      <trkpt lat="45.92673" lon="6.83318">
        <ele>2284</ele>
        <extensions>
          <distance>8604</distance>
        </extensions>
      </trkpt>
      <trkpt lat="45.9268" lon="6.8332">
        <ele>2285</ele>
        <extensions>
          <distance>8612</distance>
        </extensions>
      </trkpt>
      <trkpt lat="45.926935" lon="6.83329">
        <ele>2285</ele>
        <extensions>
          <distance>8628</distance>
        </extensions>
      </trkpt>
      <trkpt lat="45.92707" lon="6.83338">
        <ele>2285</ele>
        <extensions>
          <distance>8645</distance>
        </extensions>
      </trkpt>
      <trkpt lat="45.92722" lon="6.83341">
        <ele>2285</ele>
        <extensions>
          <distance>8662</distance>
        </extensions>
      </trkpt>
      <trkpt lat="45.92736" lon="6.83353">
        <ele>2285</ele>
        <extensions>
          <distance>8680</distance>
        </extensions>
      </trkpt>
      <trkpt lat="45.92745" lon="6.83358">
        <ele>2284</ele>
        <extensions>
          <distance>8690</distance>
        </extensions>
      </trkpt>
      <trkpt lat="45.92757" lon="6.83374">
        <ele>2284</ele>
        <extensions>
          <distance>8709</distance>
        </extensions>
      </trkpt>
      <trkpt lat="45.92773" lon="6.83377">
        <ele>2284</ele>
        <extensions>
          <distance>8727</distance>
        </extensions>
      </trkpt>
      <trkpt lat="45.92776" lon="6.83382">
        <ele>2284</ele>
        <extensions>
          <distance>8732</distance>
        </extensions>
      </trkpt>
      <trkpt lat="45.92782" lon="6.83384">
        <ele>2284</ele>
        <extensions>
          <distance>8739</distance>
        </extensions>
      </trkpt>
      <trkpt lat="45.92786" lon="6.83379">
        <ele>2282</ele>
        <extensions>
          <distance>8744</distance>
        </extensions>
      </trkpt>
      <trkpt lat="45.92792" lon="6.83383">
        <ele>2281</ele>
        <extensions>
          <distance>8752</distance>
        </extensions>
      </trkpt>
      <trkpt lat="45.92802" lon="6.83386">
        <ele>2281</ele>
        <extensions>
          <distance>8763</distance>
        </extensions>
      </trkpt>
      <trkpt lat="45.92812" lon="6.83387">
        <ele>2281</ele>
        <extensions>
          <distance>8774</distance>
        </extensions>
      </trkpt>
      <trkpt lat="45.92819" lon="6.83386">
        <ele>2282</ele>
        <extensions>
          <distance>8782</distance>
        </extensions>
      </trkpt>
      <trkpt lat="45.92825" lon="6.8339">
        <ele>2282</ele>
        <extensions>
          <distance>8789</distance>
        </extensions>
      </trkpt>
      <trkpt lat="45.92844" lon="6.83397">
        <ele>2283</ele>
        <extensions>
          <distance>8811</distance>
        </extensions>
      </trkpt>
      <trkpt lat="45.92861" lon="6.83401">
        <ele>2285</ele>
        <extensions>
          <distance>8830</distance>
        </extensions>
      </trkpt>
      <trkpt lat="45.92873" lon="6.83407">
        <ele>2285</ele>
        <extensions>
          <distance>8845</distance>
        </extensions>
      </trkpt>
      <trkpt lat="45.92878" lon="6.83419">
        <ele>2287</ele>
        <extensions>
          <distance>8855</distance>
        </extensions>
      </trkpt>
      <trkpt lat="45.92885" lon="6.8343">
        <ele>2289</ele>
        <extensions>
          <distance>8867</distance>
        </extensions>
      </trkpt>
      <trkpt lat="45.92898" lon="6.83442">
        <ele>2290</ele>
        <extensions>
          <distance>8884</distance>
        </extensions>
      </trkpt>
      <trkpt lat="45.92913" lon="6.83451">
        <ele>2292</ele>
        <extensions>
          <distance>8902</distance>
        </extensions>
      </trkpt>
      <trkpt lat="45.92925" lon="6.83456">
        <ele>2294</ele>
        <extensions>
          <distance>8917</distance>
        </extensions>
      </trkpt>
      <trkpt lat="45.92931" lon="6.83458">
        <ele>2296</ele>
        <extensions>
          <distance>8923</distance>
        </extensions>
      </trkpt>
      <trkpt lat="45.92936" lon="6.83455">
        <ele>2296</ele>
        <extensions>
          <distance>8929</distance>
        </extensions>
      </trkpt>
      <trkpt lat="45.9294" lon="6.83459">
        <ele>2299</ele>
        <extensions>
          <distance>8936</distance>
        </extensions>
      </trkpt>
      <trkpt lat="45.92938" lon="6.8347">
        <ele>2300</ele>
        <extensions>
          <distance>8944</distance>
        </extensions>
      </trkpt>
      <trkpt lat="45.92942" lon="6.83469">
        <ele>2301</ele>
        <extensions>
          <distance>8949</distance>
        </extensions>
      </trkpt>
      <trkpt lat="45.92946" lon="6.83479">
        <ele>2301</ele>
        <extensions>
          <distance>8958</distance>
        </extensions>
      </trkpt>
      <trkpt lat="45.92951" lon="6.83475">
        <ele>2303</ele>
        <extensions>
          <distance>8964</distance>
        </extensions>
      </trkpt>
      <trkpt lat="45.92954" lon="6.83481">
        <ele>2303</ele>
        <extensions>
          <distance>8970</distance>
        </extensions>
      </trkpt>
      <trkpt lat="45.92957" lon="6.83474">
        <ele>2305</ele>
        <extensions>
          <distance>8977</distance>
        </extensions>
      </trkpt>
      <trkpt lat="45.9297" lon="6.83466">
        <ele>2309</ele>
        <extensions>
          <distance>8993</distance>
        </extensions>
      </trkpt>
      <trkpt lat="45.92975" lon="6.83454">
        <ele>2310</ele>
        <extensions>
          <distance>9004</distance>
        </extensions>
      </trkpt>
      <trkpt lat="45.92977" lon="6.83454">
        <ele>2312</ele>
        <extensions>
          <distance>9006</distance>
        </extensions>
      </trkpt>
      <trkpt lat="45.92979" lon="6.83464">
        <ele>2312</ele>
        <extensions>
          <distance>9014</distance>
        </extensions>
      </trkpt>
      <trkpt lat="45.92982" lon="6.83467">
        <ele>2314</ele>
        <extensions>
          <distance>9018</distance>
        </extensions>
      </trkpt>
      <trkpt lat="45.92985" lon="6.83452">
        <ele>2315</ele>
        <extensions>
          <distance>9031</distance>
        </extensions>
      </trkpt>
      <trkpt lat="45.92993" lon="6.83455">
        <ele>2316</ele>
        <extensions>
          <distance>9040</distance>
        </extensions>
      </trkpt>
      <trkpt lat="45.92998" lon="6.83459">
        <ele>2318</ele>
        <extensions>
          <distance>9047</distance>
        </extensions>
      </trkpt>
      <trkpt lat="45.92998" lon="6.83465">
        <ele>2318</ele>
        <extensions>
          <distance>9051</distance>
        </extensions>
      </trkpt>
      <trkpt lat="45.93023" lon="6.83459">
        <ele>2321</ele>
        <extensions>
          <distance>9080</distance>
        </extensions>
      </trkpt>
      <trkpt lat="45.93037" lon="6.83461">
        <ele>2323</ele>
        <extensions>
          <distance>9095</distance>
        </extensions>
      </trkpt>
      <trkpt lat="45.93041" lon="6.83464">
        <ele>2324</ele>
        <extensions>
          <distance>9100</distance>
        </extensions>
      </trkpt>
      <trkpt lat="45.93047" lon="6.8349">
        <ele>2329</ele>
        <extensions>
          <distance>9122</distance>
        </extensions>
      </trkpt>
      <trkpt lat="45.93051" lon="6.83488">
        <ele>2329</ele>
        <extensions>
          <distance>9127</distance>
        </extensions>
      </trkpt>
      <trkpt lat="45.93055" lon="6.83493">
        <ele>2329</ele>
        <extensions>
          <distance>9133</distance>
        </extensions>
      </trkpt>
      <trkpt lat="45.9306" lon="6.83493">
        <ele>2330</ele>
        <extensions>
          <distance>9138</distance>
        </extensions>
      </trkpt>
      <trkpt lat="45.93064" lon="6.8349">
        <ele>2330</ele>
        <extensions>
          <distance>9143</distance>
        </extensions>
      </trkpt>
      <trkpt lat="45.9307" lon="6.8349">
        <ele>2330</ele>
        <extensions>
          <distance>9150</distance>
        </extensions>
      </trkpt>
      <trkpt lat="45.93077" lon="6.83484">
        <ele>2330</ele>
        <extensions>
          <distance>9159</distance>
        </extensions>
      </trkpt>
      <trkpt lat="45.9308" lon="6.83486">
        <ele>2330</ele>
        <extensions>
          <distance>9163</distance>
        </extensions>
      </trkpt>
      <trkpt lat="45.93082" lon="6.83492">
        <ele>2332</ele>
        <extensions>
          <distance>9168</distance>
        </extensions>
      </trkpt>
      <trkpt lat="45.93077" lon="6.83507">
        <ele>2333</ele>
        <extensions>
          <distance>9181</distance>
        </extensions>
      </trkpt>
      <trkpt lat="45.93086" lon="6.83509">
        <ele>2335</ele>
        <extensions>
          <distance>9191</distance>
        </extensions>
      </trkpt>
      <trkpt lat="45.93095" lon="6.83506">
        <ele>2337</ele>
        <extensions>
          <distance>9202</distance>
        </extensions>
      </trkpt>
      <trkpt lat="45.93101" lon="6.83507">
        <ele>2339</ele>
        <extensions>
          <distance>9209</distance>
        </extensions>
      </trkpt>
      <trkpt lat="45.9312" lon="6.835">
        <ele>2341</ele>
        <extensions>
          <distance>9231</distance>
        </extensions>
      </trkpt>
      <trkpt lat="45.93126" lon="6.83506">
        <ele>2342</ele>
        <extensions>
          <distance>9239</distance>
        </extensions>
      </trkpt>
      <trkpt lat="45.93133" lon="6.83509">
        <ele>2344</ele>
        <extensions>
          <distance>9247</distance>
        </extensions>
      </trkpt>
      <trkpt lat="45.93143" lon="6.83508">
        <ele>2345</ele>
        <extensions>
          <distance>9258</distance>
        </extensions>
      </trkpt>
      <trkpt lat="45.93159" lon="6.83498">
        <ele>2348</ele>
        <extensions>
          <distance>9278</distance>
        </extensions>
      </trkpt>
      <trkpt lat="45.93174" lon="6.8348">
        <ele>2351</ele>
        <extensions>
          <distance>9300</distance>
        </extensions>
      </trkpt>
      <trkpt lat="45.93188" lon="6.83474">
        <ele>2352</ele>
        <extensions>
          <distance>9316</distance>
        </extensions>
      </trkpt>
      <trkpt lat="45.93196" lon="6.83479">
        <ele>2356</ele>
        <extensions>
          <distance>9326</distance>
        </extensions>
      </trkpt>
      <trkpt lat="45.93199" lon="6.83485">
        <ele>2357</ele>
        <extensions>
          <distance>9332</distance>
        </extensions>
      </trkpt>
      <trkpt lat="45.93189" lon="6.83497">
        <ele>2358</ele>
        <extensions>
          <distance>9347</distance>
        </extensions>
      </trkpt>
      <trkpt lat="45.93189" lon="6.83506">
        <ele>2361</ele>
        <extensions>
          <distance>9354</distance>
        </extensions>
      </trkpt>
      <trkpt lat="45.93207" lon="6.83502">
        <ele>2364</ele>
        <extensions>
          <distance>9374</distance>
        </extensions>
      </trkpt>
      <trkpt lat="45.93214" lon="6.83504">
        <ele>2367</ele>
        <extensions>
          <distance>9383</distance>
        </extensions>
      </trkpt>
      <trkpt lat="45.93221" lon="6.83503">
        <ele>2371</ele>
        <extensions>
          <distance>9392</distance>
        </extensions>
      </trkpt>
      <trkpt lat="45.93204" lon="6.83532">
        <ele>2375</ele>
        <extensions>
          <distance>9421</distance>
        </extensions>
      </trkpt>
      <trkpt lat="45.93211" lon="6.83533">
        <ele>2377</ele>
        <extensions>
          <distance>9429</distance>
        </extensions>
      </trkpt>
      <trkpt lat="45.93207" lon="6.83542">
        <ele>2379</ele>
        <extensions>
          <distance>9438</distance>
        </extensions>
      </trkpt>
      <trkpt lat="45.93196" lon="6.83556">
        <ele>2381</ele>
        <extensions>
          <distance>9454</distance>
        </extensions>
      </trkpt>
      <trkpt lat="45.93191" lon="6.83558">
        <ele>2381</ele>
        <extensions>
          <distance>9460</distance>
        </extensions>
      </trkpt>
      <trkpt lat="45.93188" lon="6.83562">
        <ele>2382</ele>
        <extensions>
          <distance>9465</distance>
        </extensions>
      </trkpt>
      <trkpt lat="45.93183" lon="6.83563">
        <ele>2382</ele>
        <extensions>
          <distance>9470</distance>
        </extensions>
      </trkpt>
      <trkpt lat="45.93177" lon="6.8357">
        <ele>2382</ele>
        <extensions>
          <distance>9479</distance>
        </extensions>
      </trkpt>
      <trkpt lat="45.93167" lon="6.83592">
        <ele>2386</ele>
        <extensions>
          <distance>9500</distance>
        </extensions>
      </trkpt>
      <trkpt lat="45.93147" lon="6.83617">
        <ele>2386</ele>
        <extensions>
          <distance>9529</distance>
        </extensions>
      </trkpt>
      <trkpt lat="45.93145" lon="6.83629">
        <ele>2390</ele>
        <extensions>
          <distance>9539</distance>
        </extensions>
      </trkpt>
      <trkpt lat="45.93145" lon="6.83648">
        <ele>2393</ele>
        <extensions>
          <distance>9554</distance>
        </extensions>
      </trkpt>
      <trkpt lat="45.93154" lon="6.83639">
        <ele>2395</ele>
        <extensions>
          <distance>9566</distance>
        </extensions>
      </trkpt>
      <trkpt lat="45.93156" lon="6.83634">
        <ele>2395</ele>
        <extensions>
          <distance>9571</distance>
        </extensions>
      </trkpt>
      <trkpt lat="45.93163" lon="6.83626">
        <ele>2396</ele>
        <extensions>
          <distance>9581</distance>
        </extensions>
      </trkpt>
      <trkpt lat="45.93189" lon="6.83617">
        <ele>2402</ele>
        <extensions>
          <distance>9611</distance>
        </extensions>
      </trkpt>
      <trkpt lat="45.931830000000005" lon="6.83638">
        <ele>2405</ele>
        <extensions>
          <distance>9629</distance>
        </extensions>
      </trkpt>
      <trkpt lat="45.93177" lon="6.83659">
        <ele>2406</ele>
        <extensions>
          <distance>9646</distance>
        </extensions>
      </trkpt>
      <trkpt lat="45.93178" lon="6.83662">
        <ele>2407</ele>
        <extensions>
          <distance>9649</distance>
        </extensions>
      </trkpt>
      <trkpt lat="45.93186" lon="6.83653">
        <ele>2408</ele>
        <extensions>
          <distance>9660</distance>
        </extensions>
      </trkpt>
      <trkpt lat="45.93191" lon="6.83653">
        <ele>2410</ele>
        <extensions>
          <distance>9666</distance>
        </extensions>
      </trkpt>
      <trkpt lat="45.93186" lon="6.83673">
        <ele>2411</ele>
        <extensions>
          <distance>9683</distance>
        </extensions>
      </trkpt>
      <trkpt lat="45.93197" lon="6.8367">
        <ele>2415</ele>
        <extensions>
          <distance>9696</distance>
        </extensions>
      </trkpt>
      <trkpt lat="45.93192" lon="6.83682">
        <ele>2416</ele>
        <extensions>
          <distance>9707</distance>
        </extensions>
      </trkpt>
      <trkpt lat="45.93209" lon="6.83686">
        <ele>2423</ele>
        <extensions>
          <distance>9727</distance>
        </extensions>
      </trkpt>
      <trkpt lat="45.93221" lon="6.83678">
        <ele>2428</ele>
        <extensions>
          <distance>9742</distance>
        </extensions>
      </trkpt>
      <trkpt lat="45.93233" lon="6.83665">
        <ele>2429</ele>
        <extensions>
          <distance>9759</distance>
        </extensions>
      </trkpt>
      <trkpt lat="45.93241" lon="6.83661">
        <ele>2432</ele>
        <extensions>
          <distance>9769</distance>
        </extensions>
      </trkpt>
      <trkpt lat="45.93249" lon="6.83653">
        <ele>2434</ele>
        <extensions>
          <distance>9780</distance>
        </extensions>
      </trkpt>
      <trkpt lat="45.93263" lon="6.83651">
        <ele>2439</ele>
        <extensions>
          <distance>9796</distance>
        </extensions>
      </trkpt>
      <trkpt lat="45.93273" lon="6.83644">
        <ele>2441</ele>
        <extensions>
          <distance>9809</distance>
        </extensions>
      </trkpt>
      <trkpt lat="45.93284" lon="6.83641">
        <ele>2444</ele>
        <extensions>
          <distance>9822</distance>
        </extensions>
      </trkpt>
      <trkpt lat="45.93273" lon="6.83665">
        <ele>2449</ele>
        <extensions>
          <distance>9844</distance>
        </extensions>
      </trkpt>
      <trkpt lat="45.93278" lon="6.83661">
        <ele>2450</ele>
        <extensions>
          <distance>9851</distance>
        </extensions>
      </trkpt>
      <trkpt lat="45.93298" lon="6.83653">
        <ele>2457</ele>
        <extensions>
          <distance>9875</distance>
        </extensions>
      </trkpt>
      <trkpt lat="45.93316" lon="6.83642">
        <ele>2461</ele>
        <extensions>
          <distance>9897</distance>
        </extensions>
      </trkpt>
      <trkpt lat="45.93328" lon="6.83638">
        <ele>2464</ele>
        <extensions>
          <distance>9911</distance>
        </extensions>
      </trkpt>
      <trkpt lat="45.93313" lon="6.83667">
        <ele>2468</ele>
        <extensions>
          <distance>9939</distance>
        </extensions>
      </trkpt>
      <trkpt lat="45.93315" lon="6.83669">
        <ele>2469</ele>
        <extensions>
          <distance>9942</distance>
        </extensions>
      </trkpt>
      <trkpt lat="45.93319" lon="6.83663">
        <ele>2470</ele>
        <extensions>
          <distance>9948</distance>
        </extensions>
      </trkpt>
      <trkpt lat="45.93329" lon="6.83662">
        <ele>2472</ele>
        <extensions>
          <distance>9960</distance>
        </extensions>
      </trkpt>
      <trkpt lat="45.933425" lon="6.836634999999999">
        <ele>2476</ele>
        <extensions>
          <distance>9976</distance>
        </extensions>
      </trkpt>
      <trkpt lat="45.93356" lon="6.83665">
        <ele>2477</ele>
        <extensions>
          <distance>9991</distance>
        </extensions>
      </trkpt>
      <trkpt lat="45.93369" lon="6.83669">
        <ele>2479</ele>
        <extensions>
          <distance>10005</distance>
        </extensions>
      </trkpt>
      <trkpt lat="45.93389" lon="6.8369">
        <ele>2481</ele>
        <extensions>
          <distance>10033</distance>
        </extensions>
      </trkpt>
      <trkpt lat="45.93403" lon="6.83689">
        <ele>2481</ele>
        <extensions>
          <distance>10049</distance>
        </extensions>
      </trkpt>
      <trkpt lat="45.93412" lon="6.83692">
        <ele>2481</ele>
        <extensions>
          <distance>10059</distance>
        </extensions>
      </trkpt>
      <trkpt lat="45.93413" lon="6.8369">
        <ele>2481</ele>
        <extensions>
          <distance>10061</distance>
        </extensions>
      </trkpt>
      <trkpt lat="45.93433" lon="6.83688">
        <ele>2472</ele>
        <extensions>
          <distance>10083</distance>
        </extensions>
      </trkpt>
      <trkpt lat="45.9344" lon="6.8369">
        <ele>2471</ele>
        <extensions>
          <distance>10091</distance>
        </extensions>
      </trkpt>
      <trkpt lat="45.93455" lon="6.83707">
        <ele>2471</ele>
        <extensions>
          <distance>10113</distance>
        </extensions>
      </trkpt>
      <trkpt lat="45.93462" lon="6.83717">
        <ele>2471</ele>
        <extensions>
          <distance>10124</distance>
        </extensions>
      </trkpt>
      <trkpt lat="45.9348" lon="6.83734">
        <ele>2470</ele>
        <extensions>
          <distance>10148</distance>
        </extensions>
      </trkpt>
      <trkpt lat="45.935005000000004" lon="6.83746">
        <ele>2464</ele>
        <extensions>
          <distance>10173</distance>
        </extensions>
      </trkpt>
      <trkpt lat="45.93521" lon="6.83758">
        <ele>2461</ele>
        <extensions>
          <distance>10197</distance>
        </extensions>
      </trkpt>
      <trkpt lat="45.9353" lon="6.83761">
        <ele>2457</ele>
        <extensions>
          <distance>10208</distance>
        </extensions>
      </trkpt>
      <trkpt lat="45.935435" lon="6.837535">
        <ele>2455</ele>
        <extensions>
          <distance>10224</distance>
        </extensions>
      </trkpt>
      <trkpt lat="45.93557" lon="6.83746">
        <ele>2452</ele>
        <extensions>
          <distance>10241</distance>
        </extensions>
      </trkpt>
      <trkpt lat="45.93571" lon="6.83732">
        <ele>2448</ele>
        <extensions>
          <distance>10260</distance>
        </extensions>
      </trkpt>
      <trkpt lat="45.9359" lon="6.83726">
        <ele>2445</ele>
        <extensions>
          <distance>10282</distance>
        </extensions>
      </trkpt>
      <trkpt lat="45.93602" lon="6.83727">
        <ele>2444</ele>
        <extensions>
          <distance>10295</distance>
        </extensions>
      </trkpt>
      <trkpt lat="45.93608" lon="6.8373">
        <ele>2442</ele>
        <extensions>
          <distance>10303</distance>
        </extensions>
      </trkpt>
      <trkpt lat="45.936195" lon="6.837445">
        <ele>2441</ele>
        <extensions>
          <distance>10320</distance>
        </extensions>
      </trkpt>
      <trkpt lat="45.93631" lon="6.83759">
        <ele>2438</ele>
        <extensions>
          <distance>10337</distance>
        </extensions>
      </trkpt>
      <trkpt lat="45.936435" lon="6.8377099999999995">
        <ele>2435</ele>
        <extensions>
          <distance>10354</distance>
        </extensions>
      </trkpt>
      <trkpt lat="45.93656" lon="6.83783">
        <ele>2433</ele>
        <extensions>
          <distance>10371</distance>
        </extensions>
      </trkpt>
      <trkpt lat="45.93666" lon="6.8379650000000005">
        <ele>2432</ele>
        <extensions>
          <distance>10386</distance>
        </extensions>
      </trkpt>
      <trkpt lat="45.93676" lon="6.8381">
        <ele>2432</ele>
        <extensions>
          <distance>10401</distance>
        </extensions>
      </trkpt>
      <trkpt lat="45.93679" lon="6.83816">
        <ele>2431</ele>
        <extensions>
          <distance>10407</distance>
        </extensions>
      </trkpt>
      <trkpt lat="45.93679" lon="6.83824">
        <ele>2428</ele>
        <extensions>
          <distance>10414</distance>
        </extensions>
      </trkpt>
      <trkpt lat="45.93675" lon="6.83831">
        <ele>2426</ele>
        <extensions>
          <distance>10421</distance>
        </extensions>
      </trkpt>
      <trkpt lat="45.93671" lon="6.83834">
        <ele>2425</ele>
        <extensions>
          <distance>10426</distance>
        </extensions>
      </trkpt>
      <trkpt lat="45.9365" lon="6.83837">
        <ele>2423</ele>
        <extensions>
          <distance>10450</distance>
        </extensions>
      </trkpt>
      <trkpt lat="45.93634" lon="6.83834">
        <ele>2421</ele>
        <extensions>
          <distance>10468</distance>
        </extensions>
      </trkpt>
      <trkpt lat="45.93614" lon="6.83834">
        <ele>2419</ele>
        <extensions>
          <distance>10490</distance>
        </extensions>
      </trkpt>
      <trkpt lat="45.935925" lon="6.8384">
        <ele>2417</ele>
        <extensions>
          <distance>10514</distance>
        </extensions>
      </trkpt>
      <trkpt lat="45.93571" lon="6.8384599999999995">
        <ele>2411</ele>
        <extensions>
          <distance>10539</distance>
        </extensions>
      </trkpt>
      <trkpt lat="45.935495" lon="6.83852">
        <ele>2403</ele>
        <extensions>
          <distance>10565</distance>
        </extensions>
      </trkpt>
      <trkpt lat="45.93528" lon="6.83858">
        <ele>2399</ele>
        <extensions>
          <distance>10590</distance>
        </extensions>
      </trkpt>
      <trkpt lat="45.93526" lon="6.83866">
        <ele>2395</ele>
        <extensions>
          <distance>10597</distance>
        </extensions>
      </trkpt>
      <trkpt lat="45.93528" lon="6.8387">
        <ele>2393</ele>
        <extensions>
          <distance>10601</distance>
        </extensions>
      </trkpt>
      <trkpt lat="45.93542" lon="6.83876">
        <ele>2392</ele>
        <extensions>
          <distance>10618</distance>
        </extensions>
      </trkpt>
      <trkpt lat="45.93545" lon="6.839119999999999">
        <ele>2381</ele>
        <extensions>
          <distance>10648</distance>
        </extensions>
      </trkpt>
      <trkpt lat="45.93548" lon="6.83948">
        <ele>2371</ele>
        <extensions>
          <distance>10678</distance>
        </extensions>
      </trkpt>
      <trkpt lat="45.93567" lon="6.83955">
        <ele>2366</ele>
        <extensions>
          <distance>10700</distance>
        </extensions>
      </trkpt>
      <trkpt lat="45.93571" lon="6.83958">
        <ele>2365</ele>
        <extensions>
          <distance>10705</distance>
        </extensions>
      </trkpt>
      <trkpt lat="45.93573" lon="6.83963">
        <ele>2362</ele>
        <extensions>
          <distance>10710</distance>
        </extensions>
      </trkpt>
      <trkpt lat="45.93572" lon="6.83976">
        <ele>2360</ele>
        <extensions>
          <distance>10721</distance>
        </extensions>
      </trkpt>
      <trkpt lat="45.93566" lon="6.83997">
        <ele>2356</ele>
        <extensions>
          <distance>10739</distance>
        </extensions>
      </trkpt>
      <trkpt lat="45.93558" lon="6.84011">
        <ele>2352</ele>
        <extensions>
          <distance>10753</distance>
        </extensions>
      </trkpt>
      <trkpt lat="45.93548" lon="6.84022">
        <ele>2351</ele>
        <extensions>
          <distance>10767</distance>
        </extensions>
      </trkpt>
      <trkpt lat="45.93546" lon="6.84028">
        <ele>2348</ele>
        <extensions>
          <distance>10773</distance>
        </extensions>
      </trkpt>
      <trkpt lat="45.93527" lon="6.840335">
        <ele>2344</ele>
        <extensions>
          <distance>10795</distance>
        </extensions>
      </trkpt>
      <trkpt lat="45.93508" lon="6.84039">
        <ele>2338</ele>
        <extensions>
          <distance>10817</distance>
        </extensions>
      </trkpt>
      <trkpt lat="45.935" lon="6.84038">
        <ele>2337</ele>
        <extensions>
          <distance>10826</distance>
        </extensions>
      </trkpt>
      <trkpt lat="45.93494" lon="6.84045">
        <ele>2333</ele>
        <extensions>
          <distance>10836</distance>
        </extensions>
      </trkpt>
      <trkpt lat="45.93497" lon="6.84054">
        <ele>2330</ele>
        <extensions>
          <distance>10844</distance>
        </extensions>
      </trkpt>
      <trkpt lat="45.93517" lon="6.84079">
        <ele>2322</ele>
        <extensions>
          <distance>10874</distance>
        </extensions>
      </trkpt>
      <trkpt lat="45.935334999999995" lon="6.8408999999999995">
        <ele>2318</ele>
        <extensions>
          <distance>10895</distance>
        </extensions>
      </trkpt>
      <trkpt lat="45.9355" lon="6.84101">
        <ele>2314</ele>
        <extensions>
          <distance>10916</distance>
        </extensions>
      </trkpt>
      <trkpt lat="45.93562" lon="6.84105">
        <ele>2313</ele>
        <extensions>
          <distance>10929</distance>
        </extensions>
      </trkpt>
      <trkpt lat="45.935755" lon="6.84104">
        <ele>2312</ele>
        <extensions>
          <distance>10944</distance>
        </extensions>
      </trkpt>
      <trkpt lat="45.93589" lon="6.84103">
        <ele>2312</ele>
        <extensions>
          <distance>10959</distance>
        </extensions>
      </trkpt>
      <trkpt lat="45.936" lon="6.84098">
        <ele>2311</ele>
        <extensions>
          <distance>10972</distance>
        </extensions>
      </trkpt>
      <trkpt lat="45.93619" lon="6.841">
        <ele>2305</ele>
        <extensions>
          <distance>10994</distance>
        </extensions>
      </trkpt>
      <trkpt lat="45.93636" lon="6.8409">
        <ele>2303</ele>
        <extensions>
          <distance>11015</distance>
        </extensions>
      </trkpt>
      <trkpt lat="45.9365" lon="6.84088">
        <ele>2299</ele>
        <extensions>
          <distance>11031</distance>
        </extensions>
      </trkpt>
      <trkpt lat="45.93667" lon="6.84089">
        <ele>2299</ele>
        <extensions>
          <distance>11050</distance>
        </extensions>
      </trkpt>
      <trkpt lat="45.93688" lon="6.84098">
        <ele>2297</ele>
        <extensions>
          <distance>11074</distance>
        </extensions>
      </trkpt>
      <trkpt lat="45.93709" lon="6.84112">
        <ele>2293</ele>
        <extensions>
          <distance>11100</distance>
        </extensions>
      </trkpt>
      <trkpt lat="45.937315" lon="6.84124">
        <ele>2288</ele>
        <extensions>
          <distance>11127</distance>
        </extensions>
      </trkpt>
      <trkpt lat="45.93754" lon="6.84136">
        <ele>2280</ele>
        <extensions>
          <distance>11155</distance>
        </extensions>
      </trkpt>
      <trkpt lat="45.93765" lon="6.84146">
        <ele>2277</ele>
        <extensions>
          <distance>11170</distance>
        </extensions>
      </trkpt>
      <trkpt lat="45.93787" lon="6.84161">
        <ele>2273</ele>
        <extensions>
          <distance>11197</distance>
        </extensions>
      </trkpt>
      <trkpt lat="45.93792" lon="6.84172">
        <ele>2271</ele>
        <extensions>
          <distance>11207</distance>
        </extensions>
      </trkpt>
      <trkpt lat="45.93787" lon="6.84175">
        <ele>2266</ele>
        <extensions>
          <distance>11215</distance>
        </extensions>
      </trkpt>
      <trkpt lat="45.93777" lon="6.84175">
        <ele>2264</ele>
        <extensions>
          <distance>11226</distance>
        </extensions>
      </trkpt>
      <trkpt lat="45.93767" lon="6.84182">
        <ele>2261</ele>
        <extensions>
          <distance>11239</distance>
        </extensions>
      </trkpt>
      <trkpt lat="45.93749" lon="6.84187">
        <ele>2254</ele>
        <extensions>
          <distance>11261</distance>
        </extensions>
      </trkpt>
      <trkpt lat="45.9374" lon="6.84187">
        <ele>2252</ele>
        <extensions>
          <distance>11271</distance>
        </extensions>
      </trkpt>
      <trkpt lat="45.93727" lon="6.84182">
        <ele>2250</ele>
        <extensions>
          <distance>11286</distance>
        </extensions>
      </trkpt>
      <trkpt lat="45.93714" lon="6.84182">
        <ele>2247</ele>
        <extensions>
          <distance>11301</distance>
        </extensions>
      </trkpt>
      <trkpt lat="45.93702" lon="6.84184">
        <ele>2244</ele>
        <extensions>
          <distance>11314</distance>
        </extensions>
      </trkpt>
      <trkpt lat="45.9368" lon="6.84199">
        <ele>2239</ele>
        <extensions>
          <distance>11342</distance>
        </extensions>
      </trkpt>
      <trkpt lat="45.9368" lon="6.84204">
        <ele>2235</ele>
        <extensions>
          <distance>11347</distance>
        </extensions>
      </trkpt>
      <trkpt lat="45.93682" lon="6.84208">
        <ele>2234</ele>
        <extensions>
          <distance>11351</distance>
        </extensions>
      </trkpt>
      <trkpt lat="45.93706" lon="6.84219">
        <ele>2232</ele>
        <extensions>
          <distance>11379</distance>
        </extensions>
      </trkpt>
      <trkpt lat="45.93712" lon="6.84224">
        <ele>2231</ele>
        <extensions>
          <distance>11387</distance>
        </extensions>
      </trkpt>
      <trkpt lat="45.9373" lon="6.84248">
        <ele>2224</ele>
        <extensions>
          <distance>11415</distance>
        </extensions>
      </trkpt>
      <trkpt lat="45.93748" lon="6.84272">
        <ele>2219</ele>
        <extensions>
          <distance>11443</distance>
        </extensions>
      </trkpt>
      <trkpt lat="45.93748" lon="6.84277">
        <ele>2217</ele>
        <extensions>
          <distance>11447</distance>
        </extensions>
      </trkpt>
      <trkpt lat="45.93743" lon="6.8428">
        <ele>2216</ele>
        <extensions>
          <distance>11453</distance>
        </extensions>
      </trkpt>
      <trkpt lat="45.93725" lon="6.84285">
        <ele>2213</ele>
        <extensions>
          <distance>11474</distance>
        </extensions>
      </trkpt>
      <trkpt lat="45.93707" lon="6.8429">
        <ele>2211</ele>
        <extensions>
          <distance>11494</distance>
        </extensions>
      </trkpt>
      <trkpt lat="45.93705" lon="6.84294">
        <ele>2210</ele>
        <extensions>
          <distance>11498</distance>
        </extensions>
      </trkpt>
      <trkpt lat="45.93705" lon="6.84299">
        <ele>2210</ele>
        <extensions>
          <distance>11502</distance>
        </extensions>
      </trkpt>
      <trkpt lat="45.93709" lon="6.84305">
        <ele>2208</ele>
        <extensions>
          <distance>11509</distance>
        </extensions>
      </trkpt>
      <trkpt lat="45.93733" lon="6.8431750000000005">
        <ele>2204</ele>
        <extensions>
          <distance>11538</distance>
        </extensions>
      </trkpt>
      <trkpt lat="45.93757" lon="6.8433">
        <ele>2200</ele>
        <extensions>
          <distance>11566</distance>
        </extensions>
      </trkpt>
      <trkpt lat="45.93765" lon="6.84337">
        <ele>2198</ele>
        <extensions>
          <distance>11577</distance>
        </extensions>
      </trkpt>
      <trkpt lat="45.93773" lon="6.84346">
        <ele>2197</ele>
        <extensions>
          <distance>11588</distance>
        </extensions>
      </trkpt>
      <trkpt lat="45.937815" lon="6.843625">
        <ele>2193</ele>
        <extensions>
          <distance>11605</distance>
        </extensions>
      </trkpt>
      <trkpt lat="45.9379" lon="6.84379">
        <ele>2193</ele>
        <extensions>
          <distance>11620</distance>
        </extensions>
      </trkpt>
      <trkpt lat="45.9379" lon="6.8439">
        <ele>2189</ele>
        <extensions>
          <distance>11629</distance>
        </extensions>
      </trkpt>
      <trkpt lat="45.93786" lon="6.8439">
        <ele>2188</ele>
        <extensions>
          <distance>11634</distance>
        </extensions>
      </trkpt>
      <trkpt lat="45.93771" lon="6.84381">
        <ele>2185</ele>
        <extensions>
          <distance>11652</distance>
        </extensions>
      </trkpt>
      <trkpt lat="45.93756" lon="6.84375">
        <ele>2182</ele>
        <extensions>
          <distance>11670</distance>
        </extensions>
      </trkpt>
      <trkpt lat="45.93747" lon="6.84374">
        <ele>2180</ele>
        <extensions>
          <distance>11680</distance>
        </extensions>
      </trkpt>
      <trkpt lat="45.93742" lon="6.84376">
        <ele>2178</ele>
        <extensions>
          <distance>11686</distance>
        </extensions>
      </trkpt>
      <trkpt lat="45.93738" lon="6.84382">
        <ele>2176</ele>
        <extensions>
          <distance>11693</distance>
        </extensions>
      </trkpt>
      <trkpt lat="45.93738" lon="6.84387">
        <ele>2175</ele>
        <extensions>
          <distance>11697</distance>
        </extensions>
      </trkpt>
      <trkpt lat="45.93745" lon="6.84407">
        <ele>2171</ele>
        <extensions>
          <distance>11715</distance>
        </extensions>
      </trkpt>
      <trkpt lat="45.93747" lon="6.844265">
        <ele>2167</ele>
        <extensions>
          <distance>11730</distance>
        </extensions>
      </trkpt>
      <trkpt lat="45.93749" lon="6.84446">
        <ele>2164</ele>
        <extensions>
          <distance>11746</distance>
        </extensions>
      </trkpt>
      <trkpt lat="45.93752" lon="6.84454">
        <ele>2162</ele>
        <extensions>
          <distance>11753</distance>
        </extensions>
      </trkpt>
      <trkpt lat="45.93759" lon="6.84459">
        <ele>2162</ele>
        <extensions>
          <distance>11762</distance>
        </extensions>
      </trkpt>
      <trkpt lat="45.93779" lon="6.84467">
        <ele>2160</ele>
        <extensions>
          <distance>11785</distance>
        </extensions>
      </trkpt>
      <trkpt lat="45.93785" lon="6.84472">
        <ele>2159</ele>
        <extensions>
          <distance>11793</distance>
        </extensions>
      </trkpt>
      <trkpt lat="45.93797" lon="6.84488">
        <ele>2157</ele>
        <extensions>
          <distance>11811</distance>
        </extensions>
      </trkpt>
      <trkpt lat="45.93799" lon="6.84501">
        <ele>2155</ele>
        <extensions>
          <distance>11821</distance>
        </extensions>
      </trkpt>
      <trkpt lat="45.93798" lon="6.84521">
        <ele>2152</ele>
        <extensions>
          <distance>11837</distance>
        </extensions>
      </trkpt>
      <trkpt lat="45.93794" lon="6.84527">
        <ele>2150</ele>
        <extensions>
          <distance>11844</distance>
        </extensions>
      </trkpt>
      <trkpt lat="45.93776" lon="6.84535">
        <ele>2144</ele>
        <extensions>
          <distance>11866</distance>
        </extensions>
      </trkpt>
      <trkpt lat="45.93762" lon="6.84548">
        <ele>2141</ele>
        <extensions>
          <distance>11885</distance>
        </extensions>
      </trkpt>
      <trkpt lat="45.93759" lon="6.8457">
        <ele>2139</ele>
        <extensions>
          <distance>11902</distance>
        </extensions>
      </trkpt>
      <trkpt lat="45.93755" lon="6.84584">
        <ele>2137</ele>
        <extensions>
          <distance>11914</distance>
        </extensions>
      </trkpt>
      <trkpt lat="45.93746" lon="6.846064999999999">
        <ele>2135</ele>
        <extensions>
          <distance>11934</distance>
        </extensions>
      </trkpt>
      <trkpt lat="45.93737" lon="6.84629">
        <ele>2133</ele>
        <extensions>
          <distance>11955</distance>
        </extensions>
      </trkpt>
      <trkpt lat="45.93731" lon="6.8466">
        <ele>2125</ele>
        <extensions>
          <distance>11981</distance>
        </extensions>
      </trkpt>
      <trkpt lat="45.937265" lon="6.84692">
        <ele>2119</ele>
        <extensions>
          <distance>12007</distance>
        </extensions>
      </trkpt>
      <trkpt lat="45.93722" lon="6.84724">
        <ele>2117</ele>
        <extensions>
          <distance>12032</distance>
        </extensions>
      </trkpt>
      <trkpt lat="45.93725" lon="6.84744">
        <ele>2117</ele>
        <extensions>
          <distance>12048</distance>
        </extensions>
      </trkpt>
      <trkpt lat="45.93733" lon="6.84761">
        <ele>2115</ele>
        <extensions>
          <distance>12064</distance>
        </extensions>
      </trkpt>
      <trkpt lat="45.9374275" lon="6.8477525">
        <ele>2114</ele>
        <extensions>
          <distance>12080</distance>
        </extensions>
      </trkpt>
      <trkpt lat="45.937525" lon="6.847895">
        <ele>2109</ele>
        <extensions>
          <distance>12096</distance>
        </extensions>
      </trkpt>
      <trkpt lat="45.9376225" lon="6.8480375">
        <ele>2104</ele>
        <extensions>
          <distance>12112</distance>
        </extensions>
      </trkpt>
      <trkpt lat="45.93772" lon="6.84818">
        <ele>2098</ele>
        <extensions>
          <distance>12128</distance>
        </extensions>
      </trkpt>
      <trkpt lat="45.9378175" lon="6.8483425">
        <ele>2095</ele>
        <extensions>
          <distance>12145</distance>
        </extensions>
      </trkpt>
      <trkpt lat="45.937915000000004" lon="6.848505">
        <ele>2091</ele>
        <extensions>
          <distance>12162</distance>
        </extensions>
      </trkpt>
      <trkpt lat="45.9380125" lon="6.8486675">
        <ele>2085</ele>
        <extensions>
          <distance>12180</distance>
        </extensions>
      </trkpt>
      <trkpt lat="45.93811" lon="6.84883">
        <ele>2080</ele>
        <extensions>
          <distance>12197</distance>
        </extensions>
      </trkpt>
      <trkpt lat="45.93812" lon="6.84904">
        <ele>2075</ele>
        <extensions>
          <distance>12215</distance>
        </extensions>
      </trkpt>
      <trkpt lat="45.93804" lon="6.84927">
        <ele>2070</ele>
        <extensions>
          <distance>12235</distance>
        </extensions>
      </trkpt>
      <trkpt lat="45.93795" lon="6.84926">
        <ele>2069</ele>
        <extensions>
          <distance>12245</distance>
        </extensions>
      </trkpt>
      <trkpt lat="45.93789" lon="6.84928">
        <ele>2068</ele>
        <extensions>
          <distance>12252</distance>
        </extensions>
      </trkpt>
      <trkpt lat="45.93781" lon="6.84935">
        <ele>2066</ele>
        <extensions>
          <distance>12263</distance>
        </extensions>
      </trkpt>
      <trkpt lat="45.9377475" lon="6.8495525">
        <ele>2064</ele>
        <extensions>
          <distance>12280</distance>
        </extensions>
      </trkpt>
      <trkpt lat="45.937685" lon="6.849755">
        <ele>2061</ele>
        <extensions>
          <distance>12297</distance>
        </extensions>
      </trkpt>
      <trkpt lat="45.9376225" lon="6.8499575">
        <ele>2059</ele>
        <extensions>
          <distance>12315</distance>
        </extensions>
      </trkpt>
      <trkpt lat="45.93756" lon="6.85016">
        <ele>2055</ele>
        <extensions>
          <distance>12332</distance>
        </extensions>
      </trkpt>
      <trkpt lat="45.937529999999995" lon="6.85035">
        <ele>2054</ele>
        <extensions>
          <distance>12347</distance>
        </extensions>
      </trkpt>
      <trkpt lat="45.9375" lon="6.85054">
        <ele>2050</ele>
        <extensions>
          <distance>12363</distance>
        </extensions>
      </trkpt>
      <trkpt lat="45.93743" lon="6.85077">
        <ele>2045</ele>
        <extensions>
          <distance>12383</distance>
        </extensions>
      </trkpt>
      <trkpt lat="45.93737" lon="6.85091">
        <ele>2045</ele>
        <extensions>
          <distance>12396</distance>
        </extensions>
      </trkpt>
      <trkpt lat="45.93721" lon="6.85112">
        <ele>2045</ele>
        <extensions>
          <distance>12420</distance>
        </extensions>
      </trkpt>
      <trkpt lat="45.93707" lon="6.85126">
        <ele>2045</ele>
        <extensions>
          <distance>12439</distance>
        </extensions>
      </trkpt>
      <trkpt lat="45.93683" lon="6.85133">
        <ele>2045</ele>
        <extensions>
          <distance>12466</distance>
        </extensions>
      </trkpt>
      <trkpt lat="45.93687" lon="6.85155">
        <ele>2046</ele>
        <extensions>
          <distance>12484</distance>
        </extensions>
      </trkpt>
      <trkpt lat="45.93674" lon="6.8518">
        <ele>2046</ele>
        <extensions>
          <distance>12508</distance>
        </extensions>
      </trkpt>
      <trkpt lat="45.936645" lon="6.851945">
        <ele>2047</ele>
        <extensions>
          <distance>12523</distance>
        </extensions>
      </trkpt>
      <trkpt lat="45.93655" lon="6.85209">
        <ele>2047</ele>
        <extensions>
          <distance>12539</distance>
        </extensions>
      </trkpt>
      <trkpt lat="45.93647" lon="6.85238">
        <ele>2048</ele>
        <extensions>
          <distance>12563</distance>
        </extensions>
      </trkpt>
      <trkpt lat="45.936585" lon="6.85227125">
        <ele>2049</ele>
        <extensions>
          <distance>12578</distance>
        </extensions>
      </trkpt>
      <trkpt lat="45.9367" lon="6.8521625">
        <ele>2049</ele>
        <extensions>
          <distance>12594</distance>
        </extensions>
      </trkpt>
      <trkpt lat="45.936815" lon="6.8520537500000005">
        <ele>2049</ele>
        <extensions>
          <distance>12609</distance>
        </extensions>
      </trkpt>
      <trkpt lat="45.936930000000004" lon="6.851945000000001">
        <ele>2049</ele>
        <extensions>
          <distance>12624</distance>
        </extensions>
      </trkpt>
      <trkpt lat="45.937045000000005" lon="6.851836250000001">
        <ele>2048</ele>
        <extensions>
          <distance>12639</distance>
        </extensions>
      </trkpt>
      <trkpt lat="45.937160000000006" lon="6.851727500000001">
        <ele>2048</ele>
        <extensions>
          <distance>12655</distance>
        </extensions>
      </trkpt>
      <trkpt lat="45.937275" lon="6.85161875">
        <ele>2046</ele>
        <extensions>
          <distance>12670</distance>
        </extensions>
      </trkpt>
      <trkpt lat="45.93739" lon="6.85151">
        <ele>2045</ele>
        <extensions>
          <distance>12685</distance>
        </extensions>
      </trkpt>
      <trkpt lat="45.9375325" lon="6.8515162499999995">
        <ele>2045</ele>
        <extensions>
          <distance>12701</distance>
        </extensions>
      </trkpt>
      <trkpt lat="45.937675" lon="6.8515225">
        <ele>2045</ele>
        <extensions>
          <distance>12717</distance>
        </extensions>
      </trkpt>
      <trkpt lat="45.9378175" lon="6.85152875">
        <ele>2045</ele>
        <extensions>
          <distance>12733</distance>
        </extensions>
      </trkpt>
      <trkpt lat="45.937960000000004" lon="6.851535">
        <ele>2045</ele>
        <extensions>
          <distance>12749</distance>
        </extensions>
      </trkpt>
      <trkpt lat="45.9381025" lon="6.85154125">
        <ele>2045</ele>
        <extensions>
          <distance>12765</distance>
        </extensions>
      </trkpt>
      <trkpt lat="45.938245" lon="6.851547500000001">
        <ele>2047</ele>
        <extensions>
          <distance>12780</distance>
        </extensions>
      </trkpt>
      <trkpt lat="45.938387500000005" lon="6.851553750000001">
        <ele>2048</ele>
        <extensions>
          <distance>12796</distance>
        </extensions>
      </trkpt>
      <trkpt lat="45.93853" lon="6.85156">
        <ele>2048</ele>
        <extensions>
          <distance>12812</distance>
        </extensions>
      </trkpt>
      <trkpt lat="45.93844" lon="6.851265">
        <ele>2048</ele>
        <extensions>
          <distance>12837</distance>
        </extensions>
      </trkpt>
      <trkpt lat="45.93835" lon="6.85097">
        <ele>2052</ele>
        <extensions>
          <distance>12862</distance>
        </extensions>
      </trkpt>
      <trkpt lat="45.93826" lon="6.850675000000001">
        <ele>2057</ele>
        <extensions>
          <distance>12888</distance>
        </extensions>
      </trkpt>
      <trkpt lat="45.93817" lon="6.85038">
        <ele>2061</ele>
        <extensions>
          <distance>12913</distance>
        </extensions>
      </trkpt>
      <trkpt lat="45.93841" lon="6.85027">
        <ele>2063</ele>
        <extensions>
          <distance>12941</distance>
        </extensions>
      </trkpt>
      <trkpt lat="45.93859" lon="6.85004">
        <ele>2063</ele>
        <extensions>
          <distance>12968</distance>
        </extensions>
      </trkpt>
      <trkpt lat="45.938685" lon="6.8499">
        <ele>2063</ele>
        <extensions>
          <distance>12983</distance>
        </extensions>
      </trkpt>
      <trkpt lat="45.93878" lon="6.84976">
        <ele>2063</ele>
        <extensions>
          <distance>12998</distance>
        </extensions>
      </trkpt>
      <trkpt lat="45.938950000000006" lon="6.849615">
        <ele>2063</ele>
        <extensions>
          <distance>13020</distance>
        </extensions>
      </trkpt>
      <trkpt lat="45.93912" lon="6.84947">
        <ele>2063</ele>
        <extensions>
          <distance>13042</distance>
        </extensions>
      </trkpt>
      <trkpt lat="45.93925" lon="6.84938">
        <ele>2064</ele>
        <extensions>
          <distance>13058</distance>
        </extensions>
      </trkpt>
      <trkpt lat="45.9393" lon="6.84927">
        <ele>2065</ele>
        <extensions>
          <distance>13068</distance>
        </extensions>
      </trkpt>
      <trkpt lat="45.93938" lon="6.84919">
        <ele>2065</ele>
        <extensions>
          <distance>13079</distance>
        </extensions>
      </trkpt>
      <trkpt lat="45.93946" lon="6.84916">
        <ele>2065</ele>
        <extensions>
          <distance>13088</distance>
        </extensions>
      </trkpt>
      <trkpt lat="45.93965" lon="6.849145">
        <ele>2065</ele>
        <extensions>
          <distance>13110</distance>
        </extensions>
      </trkpt>
      <trkpt lat="45.93984" lon="6.84913">
        <ele>2065</ele>
        <extensions>
          <distance>13131</distance>
        </extensions>
      </trkpt>
      <trkpt lat="45.94002" lon="6.84916">
        <ele>2064</ele>
        <extensions>
          <distance>13151</distance>
        </extensions>
      </trkpt>
      <trkpt lat="45.94022" lon="6.84927">
        <ele>2061</ele>
        <extensions>
          <distance>13175</distance>
        </extensions>
      </trkpt>
      <trkpt lat="45.94042" lon="6.84935">
        <ele>2059</ele>
        <extensions>
          <distance>13198</distance>
        </extensions>
      </trkpt>
      <trkpt lat="45.940635" lon="6.849285">
        <ele>2058</ele>
        <extensions>
          <distance>13222</distance>
        </extensions>
      </trkpt>
      <trkpt lat="45.94085" lon="6.84922">
        <ele>2057</ele>
        <extensions>
          <distance>13247</distance>
        </extensions>
      </trkpt>
      <trkpt lat="45.94098" lon="6.84921">
        <ele>2056</ele>
        <extensions>
          <distance>13261</distance>
        </extensions>
      </trkpt>
      <trkpt lat="45.941159999999996" lon="6.84924">
        <ele>2054</ele>
        <extensions>
          <distance>13281</distance>
        </extensions>
      </trkpt>
      <trkpt lat="45.94134" lon="6.84927">
        <ele>2050</ele>
        <extensions>
          <distance>13302</distance>
        </extensions>
      </trkpt>
      <trkpt lat="45.9414" lon="6.84926">
        <ele>2050</ele>
        <extensions>
          <distance>13309</distance>
        </extensions>
      </trkpt>
      <trkpt lat="45.94154" lon="6.8492">
        <ele>2048</ele>
        <extensions>
          <distance>13325</distance>
        </extensions>
      </trkpt>
      <trkpt lat="45.94162" lon="6.84919">
        <ele>2048</ele>
        <extensions>
          <distance>13334</distance>
        </extensions>
      </trkpt>
      <trkpt lat="45.9417" lon="6.84922">
        <ele>2046</ele>
        <extensions>
          <distance>13343</distance>
        </extensions>
      </trkpt>
      <trkpt lat="45.94186" lon="6.849335">
        <ele>2042</ele>
        <extensions>
          <distance>13364</distance>
        </extensions>
      </trkpt>
      <trkpt lat="45.94202" lon="6.84945">
        <ele>2039</ele>
        <extensions>
          <distance>13384</distance>
        </extensions>
      </trkpt>
      <trkpt lat="45.94211" lon="6.84954">
        <ele>2036</ele>
        <extensions>
          <distance>13396</distance>
        </extensions>
      </trkpt>
      <trkpt lat="45.9422" lon="6.84959">
        <ele>2033</ele>
        <extensions>
          <distance>13407</distance>
        </extensions>
      </trkpt>
      <trkpt lat="45.9424" lon="6.84965">
        <ele>2032</ele>
        <extensions>
          <distance>13430</distance>
        </extensions>
      </trkpt>
      <trkpt lat="45.942535" lon="6.8496749999999995">
        <ele>2031</ele>
        <extensions>
          <distance>13445</distance>
        </extensions>
      </trkpt>
      <trkpt lat="45.94267" lon="6.8497">
        <ele>2029</ele>
        <extensions>
          <distance>13461</distance>
        </extensions>
      </trkpt>
      <trkpt lat="45.942805" lon="6.84975">
        <ele>2026</ele>
        <extensions>
          <distance>13476</distance>
        </extensions>
      </trkpt>
      <trkpt lat="45.94294" lon="6.8498">
        <ele>2024</ele>
        <extensions>
          <distance>13492</distance>
        </extensions>
      </trkpt>
      <trkpt lat="45.943079999999995" lon="6.8498850000000004">
        <ele>2021</ele>
        <extensions>
          <distance>13509</distance>
        </extensions>
      </trkpt>
      <trkpt lat="45.94322" lon="6.84997">
        <ele>2020</ele>
        <extensions>
          <distance>13526</distance>
        </extensions>
      </trkpt>
      <trkpt lat="45.943325" lon="6.85011">
        <ele>2018</ele>
        <extensions>
          <distance>13542</distance>
        </extensions>
      </trkpt>
      <trkpt lat="45.94343" lon="6.85025">
        <ele>2015</ele>
        <extensions>
          <distance>13558</distance>
        </extensions>
      </trkpt>
      <trkpt lat="45.94358" lon="6.85037">
        <ele>2014</ele>
        <extensions>
          <distance>13577</distance>
        </extensions>
      </trkpt>
      <trkpt lat="45.94369" lon="6.85051">
        <ele>2013</ele>
        <extensions>
          <distance>13594</distance>
        </extensions>
      </trkpt>
      <trkpt lat="45.94375" lon="6.85062">
        <ele>2013</ele>
        <extensions>
          <distance>13605</distance>
        </extensions>
      </trkpt>
      <trkpt lat="45.94378" lon="6.85089">
        <ele>2012</ele>
        <extensions>
          <distance>13626</distance>
        </extensions>
      </trkpt>
      <trkpt lat="45.94377" lon="6.85109">
        <ele>2011</ele>
        <extensions>
          <distance>13641</distance>
        </extensions>
      </trkpt>
      <trkpt lat="45.94381" lon="6.85127">
        <ele>2011</ele>
        <extensions>
          <distance>13656</distance>
        </extensions>
      </trkpt>
      <trkpt lat="45.94385" lon="6.85137">
        <ele>2010</ele>
        <extensions>
          <distance>13665</distance>
        </extensions>
      </trkpt>
      <trkpt lat="45.94397" lon="6.8515250000000005">
        <ele>2007</ele>
        <extensions>
          <distance>13683</distance>
        </extensions>
      </trkpt>
      <trkpt lat="45.94409" lon="6.85168">
        <ele>2004</ele>
        <extensions>
          <distance>13701</distance>
        </extensions>
      </trkpt>
      <trkpt lat="45.94408" lon="6.85171">
        <ele>2003</ele>
        <extensions>
          <distance>13704</distance>
        </extensions>
      </trkpt>
      <trkpt lat="45.94402" lon="6.85177">
        <ele>2002</ele>
        <extensions>
          <distance>13712</distance>
        </extensions>
      </trkpt>
      <trkpt lat="45.944" lon="6.85189">
        <ele>2000</ele>
        <extensions>
          <distance>13722</distance>
        </extensions>
      </trkpt>
      <trkpt lat="45.94401" lon="6.85193">
        <ele>1998</ele>
        <extensions>
          <distance>13725</distance>
        </extensions>
      </trkpt>
      <trkpt lat="45.9442" lon="6.85208">
        <ele>1991</ele>
        <extensions>
          <distance>13751</distance>
        </extensions>
      </trkpt>
      <trkpt lat="45.94437" lon="6.85217">
        <ele>1987</ele>
        <extensions>
          <distance>13771</distance>
        </extensions>
      </trkpt>
      <trkpt lat="45.94443" lon="6.85225">
        <ele>1986</ele>
        <extensions>
          <distance>13780</distance>
        </extensions>
      </trkpt>
      <trkpt lat="45.94442" lon="6.85229">
        <ele>1985</ele>
        <extensions>
          <distance>13784</distance>
        </extensions>
      </trkpt>
      <trkpt lat="45.94429" lon="6.85241">
        <ele>1980</ele>
        <extensions>
          <distance>13802</distance>
        </extensions>
      </trkpt>
      <trkpt lat="45.94421" lon="6.85258">
        <ele>1976</ele>
        <extensions>
          <distance>13818</distance>
        </extensions>
      </trkpt>
      <trkpt lat="45.94423" lon="6.85269">
        <ele>1972</ele>
        <extensions>
          <distance>13828</distance>
        </extensions>
      </trkpt>
      <trkpt lat="45.94431" lon="6.85273">
        <ele>1970</ele>
        <extensions>
          <distance>13837</distance>
        </extensions>
      </trkpt>
      <trkpt lat="45.944475" lon="6.852765">
        <ele>1967</ele>
        <extensions>
          <distance>13856</distance>
        </extensions>
      </trkpt>
      <trkpt lat="45.94464" lon="6.8528">
        <ele>1961</ele>
        <extensions>
          <distance>13876</distance>
        </extensions>
      </trkpt>
      <trkpt lat="45.94472" lon="6.85284">
        <ele>1959</ele>
        <extensions>
          <distance>13885</distance>
        </extensions>
      </trkpt>
      <trkpt lat="45.94479" lon="6.85292">
        <ele>1958</ele>
        <extensions>
          <distance>13895</distance>
        </extensions>
      </trkpt>
      <trkpt lat="45.94483" lon="6.853">
        <ele>1957</ele>
        <extensions>
          <distance>13903</distance>
        </extensions>
      </trkpt>
      <trkpt lat="45.94493" lon="6.85329">
        <ele>1956</ele>
        <extensions>
          <distance>13928</distance>
        </extensions>
      </trkpt>
      <trkpt lat="45.944964999999996" lon="6.853540000000001">
        <ele>1955</ele>
        <extensions>
          <distance>13948</distance>
        </extensions>
      </trkpt>
      <trkpt lat="45.945" lon="6.85379">
        <ele>1954</ele>
        <extensions>
          <distance>13968</distance>
        </extensions>
      </trkpt>
      <trkpt lat="45.945080000000004" lon="6.854075">
        <ele>1951</ele>
        <extensions>
          <distance>13992</distance>
        </extensions>
      </trkpt>
      <trkpt lat="45.94516" lon="6.85436">
        <ele>1948</ele>
        <extensions>
          <distance>14016</distance>
        </extensions>
      </trkpt>
      <trkpt lat="45.945282500000005" lon="6.85466">
        <ele>1944</ele>
        <extensions>
          <distance>14043</distance>
        </extensions>
      </trkpt>
      <trkpt lat="45.945405" lon="6.85496">
        <ele>1941</ele>
        <extensions>
          <distance>14070</distance>
        </extensions>
      </trkpt>
      <trkpt lat="45.9455275" lon="6.8552599999999995">
        <ele>1938</ele>
        <extensions>
          <distance>14097</distance>
        </extensions>
      </trkpt>
      <trkpt lat="45.94565" lon="6.85556">
        <ele>1935</ele>
        <extensions>
          <distance>14124</distance>
        </extensions>
      </trkpt>
      <trkpt lat="45.94577" lon="6.85579">
        <ele>1934</ele>
        <extensions>
          <distance>14147</distance>
        </extensions>
      </trkpt>
      <trkpt lat="45.9459" lon="6.85599">
        <ele>1933</ele>
        <extensions>
          <distance>14168</distance>
        </extensions>
      </trkpt>
      <trkpt lat="45.94597" lon="6.85634">
        <ele>1927</ele>
        <extensions>
          <distance>14196</distance>
        </extensions>
      </trkpt>
      <trkpt lat="45.946039999999996" lon="6.85662">
        <ele>1926</ele>
        <extensions>
          <distance>14220</distance>
        </extensions>
      </trkpt>
      <trkpt lat="45.94611" lon="6.8569">
        <ele>1919</ele>
        <extensions>
          <distance>14243</distance>
        </extensions>
      </trkpt>
      <trkpt lat="45.94617" lon="6.85704">
        <ele>1919</ele>
        <extensions>
          <distance>14256</distance>
        </extensions>
      </trkpt>
      <trkpt lat="45.94632" lon="6.85722">
        <ele>1919</ele>
        <extensions>
          <distance>14278</distance>
        </extensions>
      </trkpt>
      <trkpt lat="45.94643" lon="6.85748">
        <ele>1918</ele>
        <extensions>
          <distance>14301</distance>
        </extensions>
      </trkpt>
      <trkpt lat="45.94649" lon="6.85782">
        <ele>1915</ele>
        <extensions>
          <distance>14329</distance>
        </extensions>
      </trkpt>
      <trkpt lat="45.94648" lon="6.85817">
        <ele>1911</ele>
        <extensions>
          <distance>14356</distance>
        </extensions>
      </trkpt>
      <trkpt lat="45.94654" lon="6.85836">
        <ele>1909</ele>
        <extensions>
          <distance>14372</distance>
        </extensions>
      </trkpt>
      <trkpt lat="45.94654" lon="6.85853">
        <ele>1905</ele>
        <extensions>
          <distance>14386</distance>
        </extensions>
      </trkpt>
      <trkpt lat="45.9466" lon="6.85879">
        <ele>1905</ele>
        <extensions>
          <distance>14407</distance>
        </extensions>
      </trkpt>
      <trkpt lat="45.946645" lon="6.85912">
        <ele>1900</ele>
        <extensions>
          <distance>14434</distance>
        </extensions>
      </trkpt>
      <trkpt lat="45.94669" lon="6.85945">
        <ele>1896</ele>
        <extensions>
          <distance>14460</distance>
        </extensions>
      </trkpt>
      <trkpt lat="45.946735" lon="6.859655">
        <ele>1896</ele>
        <extensions>
          <distance>14477</distance>
        </extensions>
      </trkpt>
      <trkpt lat="45.94678" lon="6.85986">
        <ele>1896</ele>
        <extensions>
          <distance>14493</distance>
        </extensions>
      </trkpt>
      <trkpt lat="45.946777499999996" lon="6.8601675">
        <ele>1896</ele>
        <extensions>
          <distance>14517</distance>
        </extensions>
      </trkpt>
      <trkpt lat="45.946775" lon="6.860475">
        <ele>1896</ele>
        <extensions>
          <distance>14541</distance>
        </extensions>
      </trkpt>
      <trkpt lat="45.9467725" lon="6.8607825">
        <ele>1895</ele>
        <extensions>
          <distance>14565</distance>
        </extensions>
      </trkpt>
      <trkpt lat="45.94677" lon="6.86109">
        <ele>1896</ele>
        <extensions>
          <distance>14589</distance>
        </extensions>
      </trkpt>
      <trkpt lat="45.946695000000005" lon="6.861385">
        <ele>1896</ele>
        <extensions>
          <distance>14613</distance>
        </extensions>
      </trkpt>
      <trkpt lat="45.94662" lon="6.86168">
        <ele>1896</ele>
        <extensions>
          <distance>14637</distance>
        </extensions>
      </trkpt>
      <trkpt lat="45.94659" lon="6.86187">
        <ele>1896</ele>
        <extensions>
          <distance>14652</distance>
        </extensions>
      </trkpt>
      <trkpt lat="45.946560000000005" lon="6.86206">
        <ele>1895</ele>
        <extensions>
          <distance>14668</distance>
        </extensions>
      </trkpt>
      <trkpt lat="45.94653" lon="6.8622499999999995">
        <ele>1895</ele>
        <extensions>
          <distance>14683</distance>
        </extensions>
      </trkpt>
      <trkpt lat="45.9465" lon="6.86244">
        <ele>1895</ele>
        <extensions>
          <distance>14698</distance>
        </extensions>
      </trkpt>
      <trkpt lat="45.9464" lon="6.86274">
        <ele>1895</ele>
        <extensions>
          <distance>14724</distance>
        </extensions>
      </trkpt>
      <trkpt lat="45.94627" lon="6.86282">
        <ele>1889</ele>
        <extensions>
          <distance>14739</distance>
        </extensions>
      </trkpt>
      <trkpt lat="45.94623" lon="6.86296">
        <ele>1887</ele>
        <extensions>
          <distance>14751</distance>
        </extensions>
      </trkpt>
      <trkpt lat="45.946245000000005" lon="6.863245">
        <ele>1887</ele>
        <extensions>
          <distance>14773</distance>
        </extensions>
      </trkpt>
      <trkpt lat="45.94626" lon="6.86353">
        <ele>1886</ele>
        <extensions>
          <distance>14796</distance>
        </extensions>
      </trkpt>
      <trkpt lat="45.94619" lon="6.8637">
        <ele>1882</ele>
        <extensions>
          <distance>14811</distance>
        </extensions>
      </trkpt>
      <trkpt lat="45.94603" lon="6.86389">
        <ele>1876</ele>
        <extensions>
          <distance>14835</distance>
        </extensions>
      </trkpt>
      <trkpt lat="45.94597" lon="6.86407">
        <ele>1874</ele>
        <extensions>
          <distance>14851</distance>
        </extensions>
      </trkpt>
      <trkpt lat="45.94606" lon="6.86425">
        <ele>1874</ele>
        <extensions>
          <distance>14868</distance>
        </extensions>
      </trkpt>
      <trkpt lat="45.946195" lon="6.864285000000001">
        <ele>1873</ele>
        <extensions>
          <distance>14883</distance>
        </extensions>
      </trkpt>
      <trkpt lat="45.94633" lon="6.86432">
        <ele>1873</ele>
        <extensions>
          <distance>14898</distance>
        </extensions>
      </trkpt>
      <trkpt lat="45.94642" lon="6.864470000000001">
        <ele>1873</ele>
        <extensions>
          <distance>14914</distance>
        </extensions>
      </trkpt>
      <trkpt lat="45.94651" lon="6.86462">
        <ele>1872</ele>
        <extensions>
          <distance>14929</distance>
        </extensions>
      </trkpt>
      <trkpt lat="45.9466" lon="6.8647">
        <ele>1872</ele>
        <extensions>
          <distance>14941</distance>
        </extensions>
      </trkpt>
      <trkpt lat="45.94664" lon="6.86496">
        <ele>1871</ele>
        <extensions>
          <distance>14962</distance>
        </extensions>
      </trkpt>
      <trkpt lat="45.94679" lon="6.86508">
        <ele>1868</ele>
        <extensions>
          <distance>14981</distance>
        </extensions>
      </trkpt>
      <trkpt lat="45.94693" lon="6.86535">
        <ele>1866</ele>
        <extensions>
          <distance>15007</distance>
        </extensions>
      </trkpt>
      <trkpt lat="45.94693" lon="6.86559">
        <ele>1861</ele>
        <extensions>
          <distance>15026</distance>
        </extensions>
      </trkpt>
      <trkpt lat="45.946955" lon="6.865785000000001">
        <ele>1854</ele>
        <extensions>
          <distance>15043</distance>
        </extensions>
      </trkpt>
      <trkpt lat="45.94698" lon="6.86598">
        <ele>1854</ele>
        <extensions>
          <distance>15058</distance>
        </extensions>
      </trkpt>
      <trkpt lat="45.94717" lon="6.8662">
        <ele>1853</ele>
        <extensions>
          <distance>15085</distance>
        </extensions>
      </trkpt>
      <trkpt lat="45.94724" lon="6.86619">
        <ele>1849</ele>
        <extensions>
          <distance>15093</distance>
        </extensions>
      </trkpt>
      <trkpt lat="45.94737" lon="6.86625">
        <ele>1849</ele>
        <extensions>
          <distance>15109</distance>
        </extensions>
      </trkpt>
      <trkpt lat="45.94746" lon="6.86642">
        <ele>1846</ele>
        <extensions>
          <distance>15125</distance>
        </extensions>
      </trkpt>
      <trkpt lat="45.94757" lon="6.86647">
        <ele>1845</ele>
        <extensions>
          <distance>15138</distance>
        </extensions>
      </trkpt>
      <trkpt lat="45.94765" lon="6.86648">
        <ele>1845</ele>
        <extensions>
          <distance>15147</distance>
        </extensions>
      </trkpt>
      <trkpt lat="45.94786" lon="6.86661">
        <ele>1845</ele>
        <extensions>
          <distance>15173</distance>
        </extensions>
      </trkpt>
      <trkpt lat="45.94791" lon="6.86669">
        <ele>1845</ele>
        <extensions>
          <distance>15181</distance>
        </extensions>
      </trkpt>
      <trkpt lat="45.94809" lon="6.86662">
        <ele>1845</ele>
        <extensions>
          <distance>15202</distance>
        </extensions>
      </trkpt>
      <trkpt lat="45.94834" lon="6.86673">
        <ele>1845</ele>
        <extensions>
          <distance>15231</distance>
        </extensions>
      </trkpt>
      <trkpt lat="45.948395000000005" lon="6.86691">
        <ele>1841</ele>
        <extensions>
          <distance>15246</distance>
        </extensions>
      </trkpt>
      <trkpt lat="45.94845" lon="6.86709">
        <ele>1841</ele>
        <extensions>
          <distance>15261</distance>
        </extensions>
      </trkpt>
      <trkpt lat="45.948555" lon="6.8672450000000005">
        <ele>1837</ele>
        <extensions>
          <distance>15278</distance>
        </extensions>
      </trkpt>
      <trkpt lat="45.94866" lon="6.8674">
        <ele>1835</ele>
        <extensions>
          <distance>15295</distance>
        </extensions>
      </trkpt>
      <trkpt lat="45.94875" lon="6.86763">
        <ele>1832</ele>
        <extensions>
          <distance>15316</distance>
        </extensions>
      </trkpt>
      <trkpt lat="45.94883" lon="6.86769">
        <ele>1832</ele>
        <extensions>
          <distance>15326</distance>
        </extensions>
      </trkpt>
      <trkpt lat="45.94891" lon="6.86779">
        <ele>1828</ele>
        <extensions>
          <distance>15338</distance>
        </extensions>
      </trkpt>
      <trkpt lat="45.94905" lon="6.86783">
        <ele>1826</ele>
        <extensions>
          <distance>15354</distance>
        </extensions>
      </trkpt>
      <trkpt lat="45.94907" lon="6.86787">
        <ele>1826</ele>
        <extensions>
          <distance>15358</distance>
        </extensions>
      </trkpt>
      <trkpt lat="45.94905" lon="6.86793">
        <ele>1824</ele>
        <extensions>
          <distance>15363</distance>
        </extensions>
      </trkpt>
      <trkpt lat="45.94918" lon="6.86799">
        <ele>1823</ele>
        <extensions>
          <distance>15378</distance>
        </extensions>
      </trkpt>
      <trkpt lat="45.94922" lon="6.86811">
        <ele>1819</ele>
        <extensions>
          <distance>15389</distance>
        </extensions>
      </trkpt>
      <trkpt lat="45.94927" lon="6.86815">
        <ele>1818</ele>
        <extensions>
          <distance>15395</distance>
        </extensions>
      </trkpt>
      <trkpt lat="45.94942" lon="6.86819">
        <ele>1817</ele>
        <extensions>
          <distance>15412</distance>
        </extensions>
      </trkpt>
      <trkpt lat="45.94951" lon="6.86829">
        <ele>1815</ele>
        <extensions>
          <distance>15425</distance>
        </extensions>
      </trkpt>
      <trkpt lat="45.94958" lon="6.8683">
        <ele>1815</ele>
        <extensions>
          <distance>15433</distance>
        </extensions>
      </trkpt>
      <trkpt lat="45.9496" lon="6.86836">
        <ele>1813</ele>
        <extensions>
          <distance>15438</distance>
        </extensions>
      </trkpt>
      <trkpt lat="45.94973" lon="6.86843">
        <ele>1811</ele>
        <extensions>
          <distance>15454</distance>
        </extensions>
      </trkpt>
      <trkpt lat="45.949845" lon="6.8685325">
        <ele>1811</ele>
        <extensions>
          <distance>15469</distance>
        </extensions>
      </trkpt>
      <trkpt lat="45.949960000000004" lon="6.868634999999999">
        <ele>1811</ele>
        <extensions>
          <distance>15484</distance>
        </extensions>
      </trkpt>
      <trkpt lat="45.950075" lon="6.8687375">
        <ele>1811</ele>
        <extensions>
          <distance>15499</distance>
        </extensions>
      </trkpt>
      <trkpt lat="45.95019" lon="6.86884">
        <ele>1812</ele>
        <extensions>
          <distance>15514</distance>
        </extensions>
      </trkpt>
      <trkpt lat="45.95021" lon="6.86896">
        <ele>1812</ele>
        <extensions>
          <distance>15524</distance>
        </extensions>
      </trkpt>
      <trkpt lat="45.95031" lon="6.869095">
        <ele>1812</ele>
        <extensions>
          <distance>15539</distance>
        </extensions>
      </trkpt>
      <trkpt lat="45.95041" lon="6.86923">
        <ele>1812</ele>
        <extensions>
          <distance>15554</distance>
        </extensions>
      </trkpt>
      <trkpt lat="45.95045" lon="6.86933">
        <ele>1812</ele>
        <extensions>
          <distance>15563</distance>
        </extensions>
      </trkpt>
      <trkpt lat="45.9506" lon="6.86934">
        <ele>1813</ele>
        <extensions>
          <distance>15580</distance>
        </extensions>
      </trkpt>
      <trkpt lat="45.95075" lon="6.86926">
        <ele>1816</ele>
        <extensions>
          <distance>15598</distance>
        </extensions>
      </trkpt>
      <trkpt lat="45.95087" lon="6.86929">
        <ele>1818</ele>
        <extensions>
          <distance>15611</distance>
        </extensions>
      </trkpt>
      <trkpt lat="45.95112" lon="6.8693">
        <ele>1825</ele>
        <extensions>
          <distance>15640</distance>
        </extensions>
      </trkpt>
      <trkpt lat="45.9512" lon="6.86939">
        <ele>1829</ele>
        <extensions>
          <distance>15652</distance>
        </extensions>
      </trkpt>
      <trkpt lat="45.951184999999995" lon="6.869615">
        <ele>1831</ele>
        <extensions>
          <distance>15670</distance>
        </extensions>
      </trkpt>
      <trkpt lat="45.95117" lon="6.86984">
        <ele>1832</ele>
        <extensions>
          <distance>15687</distance>
        </extensions>
      </trkpt>
      <trkpt lat="45.95121" lon="6.86993">
        <ele>1834</ele>
        <extensions>
          <distance>15696</distance>
        </extensions>
      </trkpt>
      <trkpt lat="45.95131" lon="6.86983">
        <ele>1841</ele>
        <extensions>
          <distance>15711</distance>
        </extensions>
      </trkpt>
      <trkpt lat="45.95135" lon="6.8701">
        <ele>1846</ele>
        <extensions>
          <distance>15733</distance>
        </extensions>
      </trkpt>
      <trkpt lat="45.95133" lon="6.870369999999999">
        <ele>1849</ele>
        <extensions>
          <distance>15754</distance>
        </extensions>
      </trkpt>
      <trkpt lat="45.95131" lon="6.87064">
        <ele>1854</ele>
        <extensions>
          <distance>15776</distance>
        </extensions>
      </trkpt>
      <trkpt lat="45.95138" lon="6.87052">
        <ele>1854</ele>
        <extensions>
          <distance>15788</distance>
        </extensions>
      </trkpt>
      <trkpt lat="45.95142" lon="6.8705">
        <ele>1857</ele>
        <extensions>
          <distance>15793</distance>
        </extensions>
      </trkpt>
      <trkpt lat="45.951405" lon="6.870715000000001">
        <ele>1859</ele>
        <extensions>
          <distance>15810</distance>
        </extensions>
      </trkpt>
      <trkpt lat="45.95139" lon="6.87093">
        <ele>1859</ele>
        <extensions>
          <distance>15826</distance>
        </extensions>
      </trkpt>
      <trkpt lat="45.95151" lon="6.87082">
        <ele>1859</ele>
        <extensions>
          <distance>15842</distance>
        </extensions>
      </trkpt>
      <trkpt lat="45.95158" lon="6.87078">
        <ele>1860</ele>
        <extensions>
          <distance>15851</distance>
        </extensions>
      </trkpt>
      <trkpt lat="45.95172" lon="6.87088">
        <ele>1859</ele>
        <extensions>
          <distance>15868</distance>
        </extensions>
      </trkpt>
      <trkpt lat="45.95188" lon="6.87089">
        <ele>1857</ele>
        <extensions>
          <distance>15886</distance>
        </extensions>
      </trkpt>
      <trkpt lat="45.95214" lon="6.8708">
        <ele>1857</ele>
        <extensions>
          <distance>15916</distance>
        </extensions>
      </trkpt>
      <trkpt lat="45.95228" lon="6.87094">
        <ele>1857</ele>
        <extensions>
          <distance>15935</distance>
        </extensions>
      </trkpt>
      <trkpt lat="45.95232" lon="6.87093">
        <ele>1860</ele>
        <extensions>
          <distance>15939</distance>
        </extensions>
      </trkpt>
      <trkpt lat="45.95237" lon="6.87086">
        <ele>1862</ele>
        <extensions>
          <distance>15947</distance>
        </extensions>
      </trkpt>
      <trkpt lat="45.95246" lon="6.8709">
        <ele>1863</ele>
        <extensions>
          <distance>15958</distance>
        </extensions>
      </trkpt>
      <trkpt lat="45.95256" lon="6.87084">
        <ele>1863</ele>
        <extensions>
          <distance>15970</distance>
        </extensions>
      </trkpt>
      <trkpt lat="45.95265" lon="6.87084">
        <ele>1863</ele>
        <extensions>
          <distance>15980</distance>
        </extensions>
      </trkpt>
      <trkpt lat="45.95271" lon="6.87088">
        <ele>1864</ele>
        <extensions>
          <distance>15987</distance>
        </extensions>
      </trkpt>
      <trkpt lat="45.95279" lon="6.87106">
        <ele>1864</ele>
        <extensions>
          <distance>16004</distance>
        </extensions>
      </trkpt>
      <trkpt lat="45.95287" lon="6.87106">
        <ele>1864</ele>
        <extensions>
          <distance>16013</distance>
        </extensions>
      </trkpt>
      <trkpt lat="45.95295" lon="6.8711">
        <ele>1864</ele>
        <extensions>
          <distance>16022</distance>
        </extensions>
      </trkpt>
      <trkpt lat="45.95301" lon="6.87121">
        <ele>1861</ele>
        <extensions>
          <distance>16033</distance>
        </extensions>
      </trkpt>
      <trkpt lat="45.95301" lon="6.87147">
        <ele>1862</ele>
        <extensions>
          <distance>16053</distance>
        </extensions>
      </trkpt>
      <trkpt lat="45.95316" lon="6.87178">
        <ele>1862</ele>
        <extensions>
          <distance>16082</distance>
        </extensions>
      </trkpt>
      <trkpt lat="45.95328" lon="6.87198">
        <ele>1861</ele>
        <extensions>
          <distance>16103</distance>
        </extensions>
      </trkpt>
      <trkpt lat="45.95344" lon="6.87182">
        <ele>1860</ele>
        <extensions>
          <distance>16124</distance>
        </extensions>
      </trkpt>
      <trkpt lat="45.95357" lon="6.87184">
        <ele>1860</ele>
        <extensions>
          <distance>16139</distance>
        </extensions>
      </trkpt>
      <trkpt lat="45.95367" lon="6.87194">
        <ele>1859</ele>
        <extensions>
          <distance>16152</distance>
        </extensions>
      </trkpt>
      <trkpt lat="45.95385" lon="6.87189">
        <ele>1859</ele>
        <extensions>
          <distance>16173</distance>
        </extensions>
      </trkpt>
      <trkpt lat="45.95397" lon="6.87192">
        <ele>1859</ele>
        <extensions>
          <distance>16186</distance>
        </extensions>
      </trkpt>
      <trkpt lat="45.95406" lon="6.87208">
        <ele>1859</ele>
        <extensions>
          <distance>16202</distance>
        </extensions>
      </trkpt>
      <trkpt lat="45.9541" lon="6.87227">
        <ele>1859</ele>
        <extensions>
          <distance>16218</distance>
        </extensions>
      </trkpt>
      <trkpt lat="45.95419" lon="6.87243">
        <ele>1860</ele>
        <extensions>
          <distance>16234</distance>
        </extensions>
      </trkpt>
      <trkpt lat="45.95418" lon="6.87257">
        <ele>1862</ele>
        <extensions>
          <distance>16245</distance>
        </extensions>
      </trkpt>
      <trkpt lat="45.95428" lon="6.87265">
        <ele>1862</ele>
        <extensions>
          <distance>16257</distance>
        </extensions>
      </trkpt>
      <trkpt lat="45.95432" lon="6.87276">
        <ele>1863</ele>
        <extensions>
          <distance>16267</distance>
        </extensions>
      </trkpt>
      <trkpt lat="45.95442" lon="6.8729">
        <ele>1863</ele>
        <extensions>
          <distance>16282</distance>
        </extensions>
      </trkpt>
      <trkpt lat="45.95452" lon="6.87304">
        <ele>1867</ele>
        <extensions>
          <distance>16298</distance>
        </extensions>
      </trkpt>
      <trkpt lat="45.95458" lon="6.87318">
        <ele>1867</ele>
        <extensions>
          <distance>16311</distance>
        </extensions>
      </trkpt>
      <trkpt lat="45.95463" lon="6.87336">
        <ele>1870</ele>
        <extensions>
          <distance>16326</distance>
        </extensions>
      </trkpt>
      <trkpt lat="45.95479" lon="6.87332">
        <ele>1873</ele>
        <extensions>
          <distance>16344</distance>
        </extensions>
      </trkpt>
      <trkpt lat="45.955" lon="6.87336">
        <ele>1873</ele>
        <extensions>
          <distance>16368</distance>
        </extensions>
      </trkpt>
      <trkpt lat="45.955155" lon="6.873415">
        <ele>1874</ele>
        <extensions>
          <distance>16386</distance>
        </extensions>
      </trkpt>
      <trkpt lat="45.95531" lon="6.87347">
        <ele>1875</ele>
        <extensions>
          <distance>16404</distance>
        </extensions>
      </trkpt>
      <trkpt lat="45.95544" lon="6.87342">
        <ele>1875</ele>
        <extensions>
          <distance>16418</distance>
        </extensions>
      </trkpt>
      <trkpt lat="45.9555" lon="6.87349">
        <ele>1876</ele>
        <extensions>
          <distance>16427</distance>
        </extensions>
      </trkpt>
      <trkpt lat="45.95564" lon="6.87357">
        <ele>1877</ele>
        <extensions>
          <distance>16444</distance>
        </extensions>
      </trkpt>
      <trkpt lat="45.955830000000006" lon="6.87364">
        <ele>1877</ele>
        <extensions>
          <distance>16466</distance>
        </extensions>
      </trkpt>
      <trkpt lat="45.95602" lon="6.87371">
        <ele>1877</ele>
        <extensions>
          <distance>16487</distance>
        </extensions>
      </trkpt>
      <trkpt lat="45.95619" lon="6.8737">
        <ele>1878</ele>
        <extensions>
          <distance>16506</distance>
        </extensions>
      </trkpt>
      <trkpt lat="45.95641" lon="6.87376">
        <ele>1879</ele>
        <extensions>
          <distance>16531</distance>
        </extensions>
      </trkpt>
      <trkpt lat="45.95662" lon="6.87369">
        <ele>1879</ele>
        <extensions>
          <distance>16555</distance>
        </extensions>
      </trkpt>
      <trkpt lat="45.95673" lon="6.87369">
        <ele>1879</ele>
        <extensions>
          <distance>16568</distance>
        </extensions>
      </trkpt>
      <trkpt lat="45.95685" lon="6.87376">
        <ele>1877</ele>
        <extensions>
          <distance>16582</distance>
        </extensions>
      </trkpt>
      <trkpt lat="45.95696" lon="6.87393">
        <ele>1877</ele>
        <extensions>
          <distance>16600</distance>
        </extensions>
      </trkpt>
      <trkpt lat="45.95707" lon="6.8741">
        <ele>1877</ele>
        <extensions>
          <distance>16618</distance>
        </extensions>
      </trkpt>
      <trkpt lat="45.95722" lon="6.87428">
        <ele>1876</ele>
        <extensions>
          <distance>16640</distance>
        </extensions>
      </trkpt>
      <trkpt lat="45.957409999999996" lon="6.874365">
        <ele>1876</ele>
        <extensions>
          <distance>16662</distance>
        </extensions>
      </trkpt>
      <trkpt lat="45.9576" lon="6.87445">
        <ele>1876</ele>
        <extensions>
          <distance>16684</distance>
        </extensions>
      </trkpt>
      <trkpt lat="45.95774" lon="6.87469">
        <ele>1876</ele>
        <extensions>
          <distance>16708</distance>
        </extensions>
      </trkpt>
      <trkpt lat="45.9579" lon="6.87483">
        <ele>1876</ele>
        <extensions>
          <distance>16729</distance>
        </extensions>
      </trkpt>
      <trkpt lat="45.958105" lon="6.874890000000001">
        <ele>1876</ele>
        <extensions>
          <distance>16752</distance>
        </extensions>
      </trkpt>
      <trkpt lat="45.95831" lon="6.87495">
        <ele>1877</ele>
        <extensions>
          <distance>16776</distance>
        </extensions>
      </trkpt>
      <trkpt lat="45.9584" lon="6.87495">
        <ele>1878</ele>
        <extensions>
          <distance>16786</distance>
        </extensions>
      </trkpt>
      <trkpt lat="45.95852" lon="6.87518">
        <ele>1878</ele>
        <extensions>
          <distance>16808</distance>
        </extensions>
      </trkpt>
      <trkpt lat="45.95856" lon="6.87521">
        <ele>1878</ele>
        <extensions>
          <distance>16813</distance>
        </extensions>
      </trkpt>
      <trkpt lat="45.95866" lon="6.87539">
        <ele>1878</ele>
        <extensions>
          <distance>16831</distance>
        </extensions>
      </trkpt>
      <trkpt lat="45.9587" lon="6.8756">
        <ele>1878</ele>
        <extensions>
          <distance>16848</distance>
        </extensions>
      </trkpt>
      <trkpt lat="45.95874" lon="6.8757">
        <ele>1878</ele>
        <extensions>
          <distance>16856</distance>
        </extensions>
      </trkpt>
      <trkpt lat="45.95877" lon="6.87588">
        <ele>1877</ele>
        <extensions>
          <distance>16871</distance>
        </extensions>
      </trkpt>
      <trkpt lat="45.95876" lon="6.876">
        <ele>1876</ele>
        <extensions>
          <distance>16880</distance>
        </extensions>
      </trkpt>
      <trkpt lat="45.95878" lon="6.8761">
        <ele>1876</ele>
        <extensions>
          <distance>16888</distance>
        </extensions>
      </trkpt>
      <trkpt lat="45.95875" lon="6.87624">
        <ele>1875</ele>
        <extensions>
          <distance>16900</distance>
        </extensions>
      </trkpt>
      <trkpt lat="45.95867" lon="6.87643">
        <ele>1874</ele>
        <extensions>
          <distance>16917</distance>
        </extensions>
      </trkpt>
      <trkpt lat="45.95864" lon="6.87664">
        <ele>1874</ele>
        <extensions>
          <distance>16933</distance>
        </extensions>
      </trkpt>
      <trkpt lat="45.958565" lon="6.876815000000001">
        <ele>1874</ele>
        <extensions>
          <distance>16949</distance>
        </extensions>
      </trkpt>
      <trkpt lat="45.95849" lon="6.87699">
        <ele>1873</ele>
        <extensions>
          <distance>16965</distance>
        </extensions>
      </trkpt>
      <trkpt lat="45.95838" lon="6.87731">
        <ele>1873</ele>
        <extensions>
          <distance>16993</distance>
        </extensions>
      </trkpt>
      <trkpt lat="45.9584" lon="6.87736">
        <ele>1873</ele>
        <extensions>
          <distance>16997</distance>
        </extensions>
      </trkpt>
      <trkpt lat="45.9586" lon="6.87756">
        <ele>1873</ele>
        <extensions>
          <distance>17025</distance>
        </extensions>
      </trkpt>
      <trkpt lat="45.958735" lon="6.877644999999999">
        <ele>1871</ele>
        <extensions>
          <distance>17041</distance>
        </extensions>
      </trkpt>
      <trkpt lat="45.95887" lon="6.87773">
        <ele>1872</ele>
        <extensions>
          <distance>17057</distance>
        </extensions>
      </trkpt>
      <trkpt lat="45.95895" lon="6.8778">
        <ele>1872</ele>
        <extensions>
          <distance>17068</distance>
        </extensions>
      </trkpt>
      <trkpt lat="45.95902" lon="6.878">
        <ele>1872</ele>
        <extensions>
          <distance>17085</distance>
        </extensions>
      </trkpt>
      <trkpt lat="45.95914" lon="6.87805">
        <ele>1872</ele>
        <extensions>
          <distance>17099</distance>
        </extensions>
      </trkpt>
      <trkpt lat="45.95923" lon="6.87823">
        <ele>1872</ele>
        <extensions>
          <distance>17116</distance>
        </extensions>
      </trkpt>
      <trkpt lat="45.95926" lon="6.87834">
        <ele>1871</ele>
        <extensions>
          <distance>17125</distance>
        </extensions>
      </trkpt>
      <trkpt lat="45.95922" lon="6.87861">
        <ele>1871</ele>
        <extensions>
          <distance>17147</distance>
        </extensions>
      </trkpt>
      <trkpt lat="45.95925" lon="6.87894">
        <ele>1869</ele>
        <extensions>
          <distance>17172</distance>
        </extensions>
      </trkpt>
      <trkpt lat="45.9592" lon="6.87921">
        <ele>1867</ele>
        <extensions>
          <distance>17194</distance>
        </extensions>
      </trkpt>
      <trkpt lat="45.95912" lon="6.87944">
        <ele>1867</ele>
        <extensions>
          <distance>17214</distance>
        </extensions>
      </trkpt>
      <trkpt lat="45.95904" lon="6.87967">
        <ele>1866</ele>
        <extensions>
          <distance>17234</distance>
        </extensions>
      </trkpt>
      <trkpt lat="45.95882" lon="6.87986">
        <ele>1864</ele>
        <extensions>
          <distance>17263</distance>
        </extensions>
      </trkpt>
      <trkpt lat="45.95877" lon="6.8800550000000005">
        <ele>1863</ele>
        <extensions>
          <distance>17279</distance>
        </extensions>
      </trkpt>
      <trkpt lat="45.95872" lon="6.88025">
        <ele>1862</ele>
        <extensions>
          <distance>17295</distance>
        </extensions>
      </trkpt>
      <trkpt lat="45.958574999999996" lon="6.88044">
        <ele>1860</ele>
        <extensions>
          <distance>17317</distance>
        </extensions>
      </trkpt>
      <trkpt lat="45.95843" lon="6.88063">
        <ele>1862</ele>
        <extensions>
          <distance>17339</distance>
        </extensions>
      </trkpt>
      <trkpt lat="45.9583" lon="6.88073">
        <ele>1862</ele>
        <extensions>
          <distance>17355</distance>
        </extensions>
      </trkpt>
      <trkpt lat="45.95837" lon="6.88075">
        <ele>1860</ele>
        <extensions>
          <distance>17363</distance>
        </extensions>
      </trkpt>
      <trkpt lat="45.95836" lon="6.88093">
        <ele>1858</ele>
        <extensions>
          <distance>17377</distance>
        </extensions>
      </trkpt>
      <trkpt lat="45.95827" lon="6.88125">
        <ele>1858</ele>
        <extensions>
          <distance>17404</distance>
        </extensions>
      </trkpt>
      <trkpt lat="45.958295" lon="6.881515">
        <ele>1860</ele>
        <extensions>
          <distance>17425</distance>
        </extensions>
      </trkpt>
      <trkpt lat="45.95832" lon="6.88178">
        <ele>1863</ele>
        <extensions>
          <distance>17445</distance>
        </extensions>
      </trkpt>
      <trkpt lat="45.95838" lon="6.88213">
        <ele>1863</ele>
        <extensions>
          <distance>17473</distance>
        </extensions>
      </trkpt>
      <trkpt lat="45.958425" lon="6.882315">
        <ele>1865</ele>
        <extensions>
          <distance>17488</distance>
        </extensions>
      </trkpt>
      <trkpt lat="45.95847" lon="6.8825">
        <ele>1865</ele>
        <extensions>
          <distance>17504</distance>
        </extensions>
      </trkpt>
      <trkpt lat="45.95857" lon="6.88265">
        <ele>1865</ele>
        <extensions>
          <distance>17520</distance>
        </extensions>
      </trkpt>
      <trkpt lat="45.958635" lon="6.882875">
        <ele>1867</ele>
        <extensions>
          <distance>17539</distance>
        </extensions>
      </trkpt>
      <trkpt lat="45.9587" lon="6.8831">
        <ele>1867</ele>
        <extensions>
          <distance>17558</distance>
        </extensions>
      </trkpt>
      <trkpt lat="45.95871" lon="6.88326">
        <ele>1867</ele>
        <extensions>
          <distance>17570</distance>
        </extensions>
      </trkpt>
      <trkpt lat="45.95881" lon="6.88349">
        <ele>1867</ele>
        <extensions>
          <distance>17591</distance>
        </extensions>
      </trkpt>
      <trkpt lat="45.95891" lon="6.88372">
        <ele>1867</ele>
        <extensions>
          <distance>17612</distance>
        </extensions>
      </trkpt>
      <trkpt lat="45.95885" lon="6.88393">
        <ele>1866</ele>
        <extensions>
          <distance>17630</distance>
        </extensions>
      </trkpt>
      <trkpt lat="45.95891" lon="6.88413">
        <ele>1866</ele>
        <extensions>
          <distance>17646</distance>
        </extensions>
      </trkpt>
      <trkpt lat="45.95894" lon="6.88432">
        <ele>1865</ele>
        <extensions>
          <distance>17662</distance>
        </extensions>
      </trkpt>
      <trkpt lat="45.95893" lon="6.88447">
        <ele>1864</ele>
        <extensions>
          <distance>17673</distance>
        </extensions>
      </trkpt>
      <trkpt lat="45.95896" lon="6.88461">
        <ele>1864</ele>
        <extensions>
          <distance>17685</distance>
        </extensions>
      </trkpt>
      <trkpt lat="45.95901" lon="6.88475">
        <ele>1864</ele>
        <extensions>
          <distance>17697</distance>
        </extensions>
      </trkpt>
      <trkpt lat="45.95914" lon="6.88494">
        <ele>1864</ele>
        <extensions>
          <distance>17717</distance>
        </extensions>
      </trkpt>
      <trkpt lat="45.95916" lon="6.88502">
        <ele>1864</ele>
        <extensions>
          <distance>17724</distance>
        </extensions>
      </trkpt>
      <trkpt lat="45.95927" lon="6.88507">
        <ele>1865</ele>
        <extensions>
          <distance>17737</distance>
        </extensions>
      </trkpt>
      <trkpt lat="45.95938" lon="6.88519">
        <ele>1868</ele>
        <extensions>
          <distance>17752</distance>
        </extensions>
      </trkpt>
      <trkpt lat="45.95962" lon="6.88529">
        <ele>1874</ele>
        <extensions>
          <distance>17781</distance>
        </extensions>
      </trkpt>
      <trkpt lat="45.95973" lon="6.88538">
        <ele>1877</ele>
        <extensions>
          <distance>17795</distance>
        </extensions>
      </trkpt>
      <trkpt lat="45.95977" lon="6.8855">
        <ele>1877</ele>
        <extensions>
          <distance>17805</distance>
        </extensions>
      </trkpt>
      <trkpt lat="45.95977" lon="6.88555">
        <ele>1878</ele>
        <extensions>
          <distance>17809</distance>
        </extensions>
      </trkpt>
      <trkpt lat="45.95987" lon="6.88577">
        <ele>1878</ele>
        <extensions>
          <distance>17830</distance>
        </extensions>
      </trkpt>
      <trkpt lat="45.95998" lon="6.88577">
        <ele>1881</ele>
        <extensions>
          <distance>17842</distance>
        </extensions>
      </trkpt>
      <trkpt lat="45.96022" lon="6.88588">
        <ele>1887</ele>
        <extensions>
          <distance>17871</distance>
        </extensions>
      </trkpt>
      <trkpt lat="45.96036" lon="6.88599">
        <ele>1890</ele>
        <extensions>
          <distance>17889</distance>
        </extensions>
      </trkpt>
      <trkpt lat="45.96044" lon="6.88611">
        <ele>1891</ele>
        <extensions>
          <distance>17902</distance>
        </extensions>
      </trkpt>
      <trkpt lat="45.96053" lon="6.88642">
        <ele>1891</ele>
        <extensions>
          <distance>17928</distance>
        </extensions>
      </trkpt>
      <trkpt lat="45.96054" lon="6.88653">
        <ele>1891</ele>
        <extensions>
          <distance>17936</distance>
        </extensions>
      </trkpt>
      <trkpt lat="45.9607" lon="6.8868">
        <ele>1891</ele>
        <extensions>
          <distance>17964</distance>
        </extensions>
      </trkpt>
      <trkpt lat="45.96076" lon="6.88684">
        <ele>1891</ele>
        <extensions>
          <distance>17971</distance>
        </extensions>
      </trkpt>
      <trkpt lat="45.96097" lon="6.88684">
        <ele>1890</ele>
        <extensions>
          <distance>17994</distance>
        </extensions>
      </trkpt>
      <trkpt lat="45.96111" lon="6.88688">
        <ele>1889</ele>
        <extensions>
          <distance>18010</distance>
        </extensions>
      </trkpt>
      <trkpt lat="45.96123" lon="6.88684">
        <ele>1888</ele>
        <extensions>
          <distance>18024</distance>
        </extensions>
      </trkpt>
      <trkpt lat="45.96143" lon="6.88674">
        <ele>1888</ele>
        <extensions>
          <distance>18048</distance>
        </extensions>
      </trkpt>
      <trkpt lat="45.96163" lon="6.886514999999999">
        <ele>1883</ele>
        <extensions>
          <distance>18076</distance>
        </extensions>
      </trkpt>
      <trkpt lat="45.96183" lon="6.88629">
        <ele>1880</ele>
        <extensions>
          <distance>18104</distance>
        </extensions>
      </trkpt>
      <trkpt lat="45.96191" lon="6.88625">
        <ele>1878</ele>
        <extensions>
          <distance>18114</distance>
        </extensions>
      </trkpt>
      <trkpt lat="45.96194" lon="6.88626">
        <ele>1878</ele>
        <extensions>
          <distance>18117</distance>
        </extensions>
      </trkpt>
      <trkpt lat="45.96196" lon="6.8863">
        <ele>1875</ele>
        <extensions>
          <distance>18122</distance>
        </extensions>
      </trkpt>
      <trkpt lat="45.96193" lon="6.88637">
        <ele>1874</ele>
        <extensions>
          <distance>18128</distance>
        </extensions>
      </trkpt>
      <trkpt lat="45.96191" lon="6.88668">
        <ele>1868</ele>
        <extensions>
          <distance>18153</distance>
        </extensions>
      </trkpt>
      <trkpt lat="45.96193" lon="6.88702">
        <ele>1863</ele>
        <extensions>
          <distance>18180</distance>
        </extensions>
      </trkpt>
      <trkpt lat="45.96202" lon="6.88738">
        <ele>1856</ele>
        <extensions>
          <distance>18210</distance>
        </extensions>
      </trkpt>
      <trkpt lat="45.96214" lon="6.88716">
        <ele>1855</ele>
        <extensions>
          <distance>18232</distance>
        </extensions>
      </trkpt>
      <trkpt lat="45.96234" lon="6.887">
        <ele>1849</ele>
        <extensions>
          <distance>18258</distance>
        </extensions>
      </trkpt>
      <trkpt lat="45.96257" lon="6.88691">
        <ele>1849</ele>
        <extensions>
          <distance>18284</distance>
        </extensions>
      </trkpt>
      <trkpt lat="45.96273" lon="6.88688">
        <ele>1849</ele>
        <extensions>
          <distance>18302</distance>
        </extensions>
      </trkpt>
      <trkpt lat="45.96285" lon="6.88688">
        <ele>1849</ele>
        <extensions>
          <distance>18316</distance>
        </extensions>
      </trkpt>
      <trkpt lat="45.96296" lon="6.88691">
        <ele>1850</ele>
        <extensions>
          <distance>18328</distance>
        </extensions>
      </trkpt>
      <trkpt lat="45.96315" lon="6.887005">
        <ele>1853</ele>
        <extensions>
          <distance>18351</distance>
        </extensions>
      </trkpt>
      <trkpt lat="45.96334" lon="6.8871">
        <ele>1854</ele>
        <extensions>
          <distance>18373</distance>
        </extensions>
      </trkpt>
      <trkpt lat="45.96347" lon="6.88722">
        <ele>1856</ele>
        <extensions>
          <distance>18390</distance>
        </extensions>
      </trkpt>
      <trkpt lat="45.9636" lon="6.88734">
        <ele>1857</ele>
        <extensions>
          <distance>18408</distance>
        </extensions>
      </trkpt>
      <trkpt lat="45.9638" lon="6.88746">
        <ele>1861</ele>
        <extensions>
          <distance>18432</distance>
        </extensions>
      </trkpt>
      <trkpt lat="45.96394" lon="6.88758">
        <ele>1863</ele>
        <extensions>
          <distance>18450</distance>
        </extensions>
      </trkpt>
      <trkpt lat="45.96405" lon="6.88784">
        <ele>1863</ele>
        <extensions>
          <distance>18474</distance>
        </extensions>
      </trkpt>
      <trkpt lat="45.96416" lon="6.8881">
        <ele>1863</ele>
        <extensions>
          <distance>18497</distance>
        </extensions>
      </trkpt>
      <trkpt lat="45.96423" lon="6.88817">
        <ele>1863</ele>
        <extensions>
          <distance>18507</distance>
        </extensions>
      </trkpt>
      <trkpt lat="45.96436" lon="6.88826">
        <ele>1862</ele>
        <extensions>
          <distance>18523</distance>
        </extensions>
      </trkpt>
      <trkpt lat="45.96455" lon="6.88848">
        <ele>1856</ele>
        <extensions>
          <distance>18550</distance>
        </extensions>
      </trkpt>
      <trkpt lat="45.96462" lon="6.88859">
        <ele>1855</ele>
        <extensions>
          <distance>18562</distance>
        </extensions>
      </trkpt>
      <trkpt lat="45.96471" lon="6.88862">
        <ele>1854</ele>
        <extensions>
          <distance>18572</distance>
        </extensions>
      </trkpt>
      <trkpt lat="45.964834999999994" lon="6.88888">
        <ele>1854</ele>
        <extensions>
          <distance>18596</distance>
        </extensions>
      </trkpt>
      <trkpt lat="45.96496" lon="6.88914">
        <ele>1854</ele>
        <extensions>
          <distance>18621</distance>
        </extensions>
      </trkpt>
      <trkpt lat="45.96505" lon="6.88916">
        <ele>1854</ele>
        <extensions>
          <distance>18631</distance>
        </extensions>
      </trkpt>
      <trkpt lat="45.96512" lon="6.8892">
        <ele>1854</ele>
        <extensions>
          <distance>18639</distance>
        </extensions>
      </trkpt>
      <trkpt lat="45.9652" lon="6.88931">
        <ele>1854</ele>
        <extensions>
          <distance>18652</distance>
        </extensions>
      </trkpt>
      <trkpt lat="45.96533" lon="6.88938">
        <ele>1855</ele>
        <extensions>
          <distance>18667</distance>
        </extensions>
      </trkpt>
      <trkpt lat="45.96554" lon="6.88937">
        <ele>1856</ele>
        <extensions>
          <distance>18690</distance>
        </extensions>
      </trkpt>
      <trkpt lat="45.96559" lon="6.88951">
        <ele>1858</ele>
        <extensions>
          <distance>18703</distance>
        </extensions>
      </trkpt>
      <trkpt lat="45.96576" lon="6.88966">
        <ele>1859</ele>
        <extensions>
          <distance>18725</distance>
        </extensions>
      </trkpt>
      <trkpt lat="45.9659" lon="6.8897">
        <ele>1861</ele>
        <extensions>
          <distance>18741</distance>
        </extensions>
      </trkpt>
      <trkpt lat="45.96602" lon="6.8898025">
        <ele>1862</ele>
        <extensions>
          <distance>18756</distance>
        </extensions>
      </trkpt>
      <trkpt lat="45.966139999999996" lon="6.889905000000001">
        <ele>1863</ele>
        <extensions>
          <distance>18772</distance>
        </extensions>
      </trkpt>
      <trkpt lat="45.96626" lon="6.8900075">
        <ele>1865</ele>
        <extensions>
          <distance>18787</distance>
        </extensions>
      </trkpt>
      <trkpt lat="45.96638" lon="6.89011">
        <ele>1866</ele>
        <extensions>
          <distance>18803</distance>
        </extensions>
      </trkpt>
      <trkpt lat="45.96652" lon="6.89013">
        <ele>1868</ele>
        <extensions>
          <distance>18819</distance>
        </extensions>
      </trkpt>
      <trkpt lat="45.96655" lon="6.89033">
        <ele>1868</ele>
        <extensions>
          <distance>18835</distance>
        </extensions>
      </trkpt>
      <trkpt lat="45.96667" lon="6.89041">
        <ele>1868</ele>
        <extensions>
          <distance>18849</distance>
        </extensions>
      </trkpt>
      <trkpt lat="45.96677" lon="6.89067">
        <ele>1870</ele>
        <extensions>
          <distance>18872</distance>
        </extensions>
      </trkpt>
      <trkpt lat="45.96687" lon="6.89082">
        <ele>1870</ele>
        <extensions>
          <distance>18888</distance>
        </extensions>
      </trkpt>
      <trkpt lat="45.96696" lon="6.89086">
        <ele>1870</ele>
        <extensions>
          <distance>18899</distance>
        </extensions>
      </trkpt>
      <trkpt lat="45.96713" lon="6.89111">
        <ele>1870</ele>
        <extensions>
          <distance>18926</distance>
        </extensions>
      </trkpt>
      <trkpt lat="45.96731" lon="6.89125">
        <ele>1873</ele>
        <extensions>
          <distance>18949</distance>
        </extensions>
      </trkpt>
      <trkpt lat="45.96737" lon="6.89125">
        <ele>1876</ele>
        <extensions>
          <distance>18956</distance>
        </extensions>
      </trkpt>
      <trkpt lat="45.96742" lon="6.89131">
        <ele>1876</ele>
        <extensions>
          <distance>18963</distance>
        </extensions>
      </trkpt>
      <trkpt lat="45.96747" lon="6.8914">
        <ele>1876</ele>
        <extensions>
          <distance>18972</distance>
        </extensions>
      </trkpt>
      <trkpt lat="45.96748" lon="6.8915">
        <ele>1877</ele>
        <extensions>
          <distance>18980</distance>
        </extensions>
      </trkpt>
      <trkpt lat="45.96753" lon="6.89164">
        <ele>1880</ele>
        <extensions>
          <distance>18993</distance>
        </extensions>
      </trkpt>
      <trkpt lat="45.96754" lon="6.89174">
        <ele>1881</ele>
        <extensions>
          <distance>19000</distance>
        </extensions>
      </trkpt>
      <trkpt lat="45.96759" lon="6.89185">
        <ele>1881</ele>
        <extensions>
          <distance>19011</distance>
        </extensions>
      </trkpt>
      <trkpt lat="45.96767" lon="6.89189">
        <ele>1884</ele>
        <extensions>
          <distance>19020</distance>
        </extensions>
      </trkpt>
      <trkpt lat="45.96771" lon="6.89194">
        <ele>1884</ele>
        <extensions>
          <distance>19026</distance>
        </extensions>
      </trkpt>
      <trkpt lat="45.96782" lon="6.89197">
        <ele>1886</ele>
        <extensions>
          <distance>19039</distance>
        </extensions>
      </trkpt>
      <trkpt lat="45.96789" lon="6.89204">
        <ele>1886</ele>
        <extensions>
          <distance>19048</distance>
        </extensions>
      </trkpt>
      <trkpt lat="45.968" lon="6.89209">
        <ele>1887</ele>
        <extensions>
          <distance>19061</distance>
        </extensions>
      </trkpt>
      <trkpt lat="45.96824" lon="6.89211">
        <ele>1893</ele>
        <extensions>
          <distance>19088</distance>
        </extensions>
      </trkpt>
      <trkpt lat="45.968424999999996" lon="6.8922">
        <ele>1895</ele>
        <extensions>
          <distance>19110</distance>
        </extensions>
      </trkpt>
      <trkpt lat="45.96861" lon="6.89229">
        <ele>1898</ele>
        <extensions>
          <distance>19132</distance>
        </extensions>
      </trkpt>
      <trkpt lat="45.9687" lon="6.89227">
        <ele>1900</ele>
        <extensions>
          <distance>19142</distance>
        </extensions>
      </trkpt>
      <trkpt lat="45.96874" lon="6.89231">
        <ele>1900</ele>
        <extensions>
          <distance>19148</distance>
        </extensions>
      </trkpt>
      <trkpt lat="45.96887" lon="6.89261">
        <ele>1903</ele>
        <extensions>
          <distance>19175</distance>
        </extensions>
      </trkpt>
      <trkpt lat="45.96898" lon="6.89281">
        <ele>1905</ele>
        <extensions>
          <distance>19195</distance>
        </extensions>
      </trkpt>
      <trkpt lat="45.969" lon="6.89291">
        <ele>1907</ele>
        <extensions>
          <distance>19203</distance>
        </extensions>
      </trkpt>
      <trkpt lat="45.969" lon="6.89302">
        <ele>1908</ele>
        <extensions>
          <distance>19212</distance>
        </extensions>
      </trkpt>
      <trkpt lat="45.96905" lon="6.89308">
        <ele>1911</ele>
        <extensions>
          <distance>19220</distance>
        </extensions>
      </trkpt>
      <trkpt lat="45.96906" lon="6.89318">
        <ele>1912</ele>
        <extensions>
          <distance>19228</distance>
        </extensions>
      </trkpt>
      <trkpt lat="45.9691" lon="6.8931">
        <ele>1913</ele>
        <extensions>
          <distance>19235</distance>
        </extensions>
      </trkpt>
      <trkpt lat="45.96913" lon="6.8931">
        <ele>1915</ele>
        <extensions>
          <distance>19239</distance>
        </extensions>
      </trkpt>
      <trkpt lat="45.96917" lon="6.89304">
        <ele>1916</ele>
        <extensions>
          <distance>19245</distance>
        </extensions>
      </trkpt>
      <trkpt lat="45.96919" lon="6.89306">
        <ele>1916</ele>
        <extensions>
          <distance>19248</distance>
        </extensions>
      </trkpt>
      <trkpt lat="45.969175" lon="6.893425000000001">
        <ele>1924</ele>
        <extensions>
          <distance>19277</distance>
        </extensions>
      </trkpt>
      <trkpt lat="45.96916" lon="6.89379">
        <ele>1928</ele>
        <extensions>
          <distance>19306</distance>
        </extensions>
      </trkpt>
      <trkpt lat="45.96921" lon="6.89404">
        <ele>1931</ele>
        <extensions>
          <distance>19326</distance>
        </extensions>
      </trkpt>
      <trkpt lat="45.96929" lon="6.89399">
        <ele>1936</ele>
        <extensions>
          <distance>19337</distance>
        </extensions>
      </trkpt>
      <trkpt lat="45.96935" lon="6.8941">
        <ele>1936</ele>
        <extensions>
          <distance>19348</distance>
        </extensions>
      </trkpt>
      <trkpt lat="45.96956" lon="6.89427">
        <ele>1941</ele>
        <extensions>
          <distance>19375</distance>
        </extensions>
      </trkpt>
      <trkpt lat="45.96966" lon="6.89429">
        <ele>1946</ele>
        <extensions>
          <distance>19388</distance>
        </extensions>
      </trkpt>
      <trkpt lat="45.96974" lon="6.89434">
        <ele>1948</ele>
        <extensions>
          <distance>19397</distance>
        </extensions>
      </trkpt>
      <trkpt lat="45.96992" lon="6.8944">
        <ele>1954</ele>
        <extensions>
          <distance>19419</distance>
        </extensions>
      </trkpt>
      <trkpt lat="45.96999" lon="6.89447">
        <ele>1954</ele>
        <extensions>
          <distance>19428</distance>
        </extensions>
      </trkpt>
      <trkpt lat="45.97005" lon="6.89457">
        <ele>1955</ele>
        <extensions>
          <distance>19439</distance>
        </extensions>
      </trkpt>
      <trkpt lat="45.97021" lon="6.89474">
        <ele>1956</ele>
        <extensions>
          <distance>19461</distance>
        </extensions>
      </trkpt>
      <trkpt lat="45.97031" lon="6.89482">
        <ele>1957</ele>
        <extensions>
          <distance>19474</distance>
        </extensions>
      </trkpt>
      <trkpt lat="45.97042" lon="6.89485">
        <ele>1957</ele>
        <extensions>
          <distance>19486</distance>
        </extensions>
      </trkpt>
      <trkpt lat="45.97049" lon="6.89491">
        <ele>1958</ele>
        <extensions>
          <distance>19495</distance>
        </extensions>
      </trkpt>
      <trkpt lat="45.9707" lon="6.89499">
        <ele>1958</ele>
        <extensions>
          <distance>19519</distance>
        </extensions>
      </trkpt>
      <trkpt lat="45.97084" lon="6.89517">
        <ele>1958</ele>
        <extensions>
          <distance>19540</distance>
        </extensions>
      </trkpt>
      <trkpt lat="45.97093" lon="6.89523">
        <ele>1958</ele>
        <extensions>
          <distance>19551</distance>
        </extensions>
      </trkpt>
      <trkpt lat="45.97101" lon="6.89534">
        <ele>1958</ele>
        <extensions>
          <distance>19563</distance>
        </extensions>
      </trkpt>
      <trkpt lat="45.9711" lon="6.8954">
        <ele>1958</ele>
        <extensions>
          <distance>19575</distance>
        </extensions>
      </trkpt>
      <trkpt lat="45.97121" lon="6.89552">
        <ele>1958</ele>
        <extensions>
          <distance>19590</distance>
        </extensions>
      </trkpt>
      <trkpt lat="45.97131" lon="6.89567">
        <ele>1958</ele>
        <extensions>
          <distance>19606</distance>
        </extensions>
      </trkpt>
      <trkpt lat="45.9714" lon="6.89573">
        <ele>1958</ele>
        <extensions>
          <distance>19617</distance>
        </extensions>
      </trkpt>
      <trkpt lat="45.97146" lon="6.89595">
        <ele>1954</ele>
        <extensions>
          <distance>19635</distance>
        </extensions>
      </trkpt>
      <trkpt lat="45.97152" lon="6.89603">
        <ele>1954</ele>
        <extensions>
          <distance>19644</distance>
        </extensions>
      </trkpt>
      <trkpt lat="45.97163" lon="6.89611">
        <ele>1954</ele>
        <extensions>
          <distance>19658</distance>
        </extensions>
      </trkpt>
      <trkpt lat="45.97181" lon="6.89629">
        <ele>1954</ele>
        <extensions>
          <distance>19683</distance>
        </extensions>
      </trkpt>
      <trkpt lat="45.97195" lon="6.89654">
        <ele>1954</ele>
        <extensions>
          <distance>19707</distance>
        </extensions>
      </trkpt>
      <trkpt lat="45.97207" lon="6.89663">
        <ele>1954</ele>
        <extensions>
          <distance>19722</distance>
        </extensions>
      </trkpt>
      <trkpt lat="45.97219" lon="6.89672">
        <ele>1956</ele>
        <extensions>
          <distance>19737</distance>
        </extensions>
      </trkpt>
      <trkpt lat="45.972319999999996" lon="6.896865">
        <ele>1957</ele>
        <extensions>
          <distance>19756</distance>
        </extensions>
      </trkpt>
      <trkpt lat="45.97245" lon="6.89701">
        <ele>1957</ele>
        <extensions>
          <distance>19774</distance>
        </extensions>
      </trkpt>
      <trkpt lat="45.9726" lon="6.89729">
        <ele>1959</ele>
        <extensions>
          <distance>19801</distance>
        </extensions>
      </trkpt>
      <trkpt lat="45.97262" lon="6.89743">
        <ele>1960</ele>
        <extensions>
          <distance>19813</distance>
        </extensions>
      </trkpt>
      <trkpt lat="45.97278" lon="6.89754">
        <ele>1960</ele>
        <extensions>
          <distance>19832</distance>
        </extensions>
      </trkpt>
      <trkpt lat="45.97289" lon="6.89782">
        <ele>1960</ele>
        <extensions>
          <distance>19857</distance>
        </extensions>
      </trkpt>
      <trkpt lat="45.97296" lon="6.89786">
        <ele>1959</ele>
        <extensions>
          <distance>19866</distance>
        </extensions>
      </trkpt>
      <trkpt lat="45.973110000000005" lon="6.897869999999999">
        <ele>1959</ele>
        <extensions>
          <distance>19882</distance>
        </extensions>
      </trkpt>
      <trkpt lat="45.97326" lon="6.89788">
        <ele>1958</ele>
        <extensions>
          <distance>19899</distance>
        </extensions>
      </trkpt>
      <trkpt lat="45.9733" lon="6.89782">
        <ele>1957</ele>
        <extensions>
          <distance>19906</distance>
        </extensions>
      </trkpt>
      <trkpt lat="45.97342" lon="6.89775">
        <ele>1956</ele>
        <extensions>
          <distance>19920</distance>
        </extensions>
      </trkpt>
      <trkpt lat="45.97361" lon="6.89789">
        <ele>1948</ele>
        <extensions>
          <distance>19945</distance>
        </extensions>
      </trkpt>
      <trkpt lat="45.97374" lon="6.89784">
        <ele>1947</ele>
        <extensions>
          <distance>19960</distance>
        </extensions>
      </trkpt>
      <trkpt lat="45.97387" lon="6.89775">
        <ele>1947</ele>
        <extensions>
          <distance>19976</distance>
        </extensions>
      </trkpt>
      <trkpt lat="45.97396" lon="6.89772">
        <ele>1947</ele>
        <extensions>
          <distance>19986</distance>
        </extensions>
      </trkpt>
      <trkpt lat="45.97404" lon="6.89777">
        <ele>1943</ele>
        <extensions>
          <distance>19996</distance>
        </extensions>
      </trkpt>
      <trkpt lat="45.97424" lon="6.89778">
        <ele>1941</ele>
        <extensions>
          <distance>20018</distance>
        </extensions>
      </trkpt>
      <trkpt lat="45.97433" lon="6.89782">
        <ele>1940</ele>
        <extensions>
          <distance>20029</distance>
        </extensions>
      </trkpt>
      <trkpt lat="45.974495000000005" lon="6.89795">
        <ele>1940</ele>
        <extensions>
          <distance>20050</distance>
        </extensions>
      </trkpt>
      <trkpt lat="45.97466" lon="6.89808">
        <ele>1940</ele>
        <extensions>
          <distance>20071</distance>
        </extensions>
      </trkpt>
      <trkpt lat="45.9747" lon="6.89818">
        <ele>1940</ele>
        <extensions>
          <distance>20080</distance>
        </extensions>
      </trkpt>
      <trkpt lat="45.97477" lon="6.89819">
        <ele>1940</ele>
        <extensions>
          <distance>20087</distance>
        </extensions>
      </trkpt>
      <trkpt lat="45.97483" lon="6.89824">
        <ele>1940</ele>
        <extensions>
          <distance>20095</distance>
        </extensions>
      </trkpt>
      <trkpt lat="45.97487" lon="6.89839">
        <ele>1941</ele>
        <extensions>
          <distance>20108</distance>
        </extensions>
      </trkpt>
      <trkpt lat="45.97498" lon="6.89841">
        <ele>1941</ele>
        <extensions>
          <distance>20120</distance>
        </extensions>
      </trkpt>
      <trkpt lat="45.97506" lon="6.89845">
        <ele>1942</ele>
        <extensions>
          <distance>20129</distance>
        </extensions>
      </trkpt>
      <trkpt lat="45.97513" lon="6.89845">
        <ele>1942</ele>
        <extensions>
          <distance>20137</distance>
        </extensions>
      </trkpt>
      <trkpt lat="45.97517" lon="6.89849">
        <ele>1943</ele>
        <extensions>
          <distance>20143</distance>
        </extensions>
      </trkpt>
      <trkpt lat="45.97528" lon="6.8985">
        <ele>1944</ele>
        <extensions>
          <distance>20155</distance>
        </extensions>
      </trkpt>
      <trkpt lat="45.975415" lon="6.898585000000001">
        <ele>1946</ele>
        <extensions>
          <distance>20171</distance>
        </extensions>
      </trkpt>
      <trkpt lat="45.97555" lon="6.89867">
        <ele>1948</ele>
        <extensions>
          <distance>20188</distance>
        </extensions>
      </trkpt>
      <trkpt lat="45.975735" lon="6.898725000000001">
        <ele>1950</ele>
        <extensions>
          <distance>20209</distance>
        </extensions>
      </trkpt>
      <trkpt lat="45.97592" lon="6.89878">
        <ele>1951</ele>
        <extensions>
          <distance>20230</distance>
        </extensions>
      </trkpt>
      <trkpt lat="45.97614" lon="6.8988">
        <ele>1952</ele>
        <extensions>
          <distance>20254</distance>
        </extensions>
      </trkpt>
      <trkpt lat="45.97634" lon="6.89885">
        <ele>1953</ele>
        <extensions>
          <distance>20277</distance>
        </extensions>
      </trkpt>
      <trkpt lat="45.976485" lon="6.89892">
        <ele>1953</ele>
        <extensions>
          <distance>20294</distance>
        </extensions>
      </trkpt>
      <trkpt lat="45.97663" lon="6.89899">
        <ele>1953</ele>
        <extensions>
          <distance>20311</distance>
        </extensions>
      </trkpt>
      <trkpt lat="45.97682" lon="6.89906">
        <ele>1953</ele>
        <extensions>
          <distance>20333</distance>
        </extensions>
      </trkpt>
      <trkpt lat="45.9769" lon="6.89914">
        <ele>1953</ele>
        <extensions>
          <distance>20344</distance>
        </extensions>
      </trkpt>
      <trkpt lat="45.97696" lon="6.89916">
        <ele>1953</ele>
        <extensions>
          <distance>20351</distance>
        </extensions>
      </trkpt>
      <trkpt lat="45.97706" lon="6.8991">
        <ele>1953</ele>
        <extensions>
          <distance>20363</distance>
        </extensions>
      </trkpt>
      <trkpt lat="45.97719" lon="6.899175">
        <ele>1953</ele>
        <extensions>
          <distance>20378</distance>
        </extensions>
      </trkpt>
      <trkpt lat="45.97732" lon="6.89925">
        <ele>1955</ele>
        <extensions>
          <distance>20394</distance>
        </extensions>
      </trkpt>
      <trkpt lat="45.9774" lon="6.89926">
        <ele>1956</ele>
        <extensions>
          <distance>20403</distance>
        </extensions>
      </trkpt>
      <trkpt lat="45.97747" lon="6.89923">
        <ele>1959</ele>
        <extensions>
          <distance>20411</distance>
        </extensions>
      </trkpt>
      <trkpt lat="45.97754" lon="6.89926">
        <ele>1959</ele>
        <extensions>
          <distance>20419</distance>
        </extensions>
      </trkpt>
      <trkpt lat="45.97759" lon="6.89931">
        <ele>1959</ele>
        <extensions>
          <distance>20426</distance>
        </extensions>
      </trkpt>
      <trkpt lat="45.97765" lon="6.89931">
        <ele>1960</ele>
        <extensions>
          <distance>20433</distance>
        </extensions>
      </trkpt>
      <trkpt lat="45.97775" lon="6.89939">
        <ele>1960</ele>
        <extensions>
          <distance>20446</distance>
        </extensions>
      </trkpt>
      <trkpt lat="45.97782" lon="6.89961">
        <ele>1961</ele>
        <extensions>
          <distance>20464</distance>
        </extensions>
      </trkpt>
      <trkpt lat="45.97803" lon="6.89974">
        <ele>1964</ele>
        <extensions>
          <distance>20490</distance>
        </extensions>
      </trkpt>
      <trkpt lat="45.97806" lon="6.89983">
        <ele>1964</ele>
        <extensions>
          <distance>20498</distance>
        </extensions>
      </trkpt>
      <trkpt lat="45.978184999999996" lon="6.900005">
        <ele>1966</ele>
        <extensions>
          <distance>20517</distance>
        </extensions>
      </trkpt>
      <trkpt lat="45.97831" lon="6.90018">
        <ele>1969</ele>
        <extensions>
          <distance>20537</distance>
        </extensions>
      </trkpt>
      <trkpt lat="45.978359999999995" lon="6.900525">
        <ele>1973</ele>
        <extensions>
          <distance>20564</distance>
        </extensions>
      </trkpt>
      <trkpt lat="45.97841" lon="6.90087">
        <ele>1977</ele>
        <extensions>
          <distance>20592</distance>
        </extensions>
      </trkpt>
      <trkpt lat="45.97853" lon="6.90115">
        <ele>1981</ele>
        <extensions>
          <distance>20618</distance>
        </extensions>
      </trkpt>
      <trkpt lat="45.9785725" lon="6.9013349999999996">
        <ele>1983</ele>
        <extensions>
          <distance>20633</distance>
        </extensions>
      </trkpt>
      <trkpt lat="45.978615000000005" lon="6.90152">
        <ele>1986</ele>
        <extensions>
          <distance>20648</distance>
        </extensions>
      </trkpt>
      <trkpt lat="45.978657500000004" lon="6.901705">
        <ele>1988</ele>
        <extensions>
          <distance>20663</distance>
        </extensions>
      </trkpt>
      <trkpt lat="45.9787" lon="6.90189">
        <ele>1991</ele>
        <extensions>
          <distance>20679</distance>
        </extensions>
      </trkpt>
      <trkpt lat="45.97875" lon="6.90204">
        <ele>1993</ele>
        <extensions>
          <distance>20692</distance>
        </extensions>
      </trkpt>
      <trkpt lat="45.97874" lon="6.90224">
        <ele>1996</ele>
        <extensions>
          <distance>20708</distance>
        </extensions>
      </trkpt>
      <trkpt lat="45.97868" lon="6.90239">
        <ele>1997</ele>
        <extensions>
          <distance>20721</distance>
        </extensions>
      </trkpt>
      <trkpt lat="45.97868" lon="6.90265">
        <ele>1999</ele>
        <extensions>
          <distance>20742</distance>
        </extensions>
      </trkpt>
      <trkpt lat="45.97876" lon="6.90288">
        <ele>2001</ele>
        <extensions>
          <distance>20761</distance>
        </extensions>
      </trkpt>
      <trkpt lat="45.97879" lon="6.90306">
        <ele>2002</ele>
        <extensions>
          <distance>20776</distance>
        </extensions>
      </trkpt>
      <trkpt lat="45.97893" lon="6.90337">
        <ele>2007</ele>
        <extensions>
          <distance>20805</distance>
        </extensions>
      </trkpt>
      <trkpt lat="45.97904" lon="6.90355">
        <ele>2010</ele>
        <extensions>
          <distance>20824</distance>
        </extensions>
      </trkpt>
      <trkpt lat="45.97911" lon="6.90361">
        <ele>2010</ele>
        <extensions>
          <distance>20833</distance>
        </extensions>
      </trkpt>
      <trkpt lat="45.97931" lon="6.90362">
        <ele>2014</ele>
        <extensions>
          <distance>20855</distance>
        </extensions>
      </trkpt>
      <trkpt lat="45.97943" lon="6.90355">
        <ele>2017</ele>
        <extensions>
          <distance>20870</distance>
        </extensions>
      </trkpt>
      <trkpt lat="45.979569999999995" lon="6.90352">
        <ele>2019</ele>
        <extensions>
          <distance>20886</distance>
        </extensions>
      </trkpt>
      <trkpt lat="45.97971" lon="6.90349">
        <ele>2021</ele>
        <extensions>
          <distance>20902</distance>
        </extensions>
      </trkpt>
      <trkpt lat="45.97984" lon="6.90352">
        <ele>2022</ele>
        <extensions>
          <distance>20916</distance>
        </extensions>
      </trkpt>
      <trkpt lat="45.97996" lon="6.90348">
        <ele>2025</ele>
        <extensions>
          <distance>20930</distance>
        </extensions>
      </trkpt>
      <trkpt lat="45.98003" lon="6.90352">
        <ele>2026</ele>
        <extensions>
          <distance>20939</distance>
        </extensions>
      </trkpt>
      <trkpt lat="45.98023" lon="6.90353">
        <ele>2031</ele>
        <extensions>
          <distance>20962</distance>
        </extensions>
      </trkpt>
      <trkpt lat="45.98027" lon="6.90364">
        <ele>2032</ele>
        <extensions>
          <distance>20971</distance>
        </extensions>
      </trkpt>
      <trkpt lat="45.98027" lon="6.90384">
        <ele>2033</ele>
        <extensions>
          <distance>20987</distance>
        </extensions>
      </trkpt>
      <trkpt lat="45.98024" lon="6.90402">
        <ele>2034</ele>
        <extensions>
          <distance>21001</distance>
        </extensions>
      </trkpt>
      <trkpt lat="45.98019" lon="6.9041">
        <ele>2035</ele>
        <extensions>
          <distance>21009</distance>
        </extensions>
      </trkpt>
      <trkpt lat="45.98018" lon="6.90419">
        <ele>2036</ele>
        <extensions>
          <distance>21017</distance>
        </extensions>
      </trkpt>
      <trkpt lat="45.98027" lon="6.90444">
        <ele>2039</ele>
        <extensions>
          <distance>21039</distance>
        </extensions>
      </trkpt>
      <trkpt lat="45.98032" lon="6.90435">
        <ele>2044</ele>
        <extensions>
          <distance>21049</distance>
        </extensions>
      </trkpt>
      <trkpt lat="45.98034" lon="6.90426">
        <ele>2045</ele>
        <extensions>
          <distance>21056</distance>
        </extensions>
      </trkpt>
      <trkpt lat="45.98037" lon="6.90424">
        <ele>2047</ele>
        <extensions>
          <distance>21060</distance>
        </extensions>
      </trkpt>
      <trkpt lat="45.9804" lon="6.90455">
        <ele>2049</ele>
        <extensions>
          <distance>21085</distance>
        </extensions>
      </trkpt>
      <trkpt lat="45.98045" lon="6.90462">
        <ele>2054</ele>
        <extensions>
          <distance>21093</distance>
        </extensions>
      </trkpt>
      <trkpt lat="45.98047" lon="6.90468">
        <ele>2054</ele>
        <extensions>
          <distance>21098</distance>
        </extensions>
      </trkpt>
      <trkpt lat="45.98052" lon="6.90472">
        <ele>2055</ele>
        <extensions>
          <distance>21105</distance>
        </extensions>
      </trkpt>
      <trkpt lat="45.98065" lon="6.90475">
        <ele>2059</ele>
        <extensions>
          <distance>21120</distance>
        </extensions>
      </trkpt>
      <trkpt lat="45.98074" lon="6.90475">
        <ele>2062</ele>
        <extensions>
          <distance>21130</distance>
        </extensions>
      </trkpt>
      <trkpt lat="45.98082" lon="6.90479">
        <ele>2065</ele>
        <extensions>
          <distance>21140</distance>
        </extensions>
      </trkpt>
      <trkpt lat="45.98092" lon="6.90496">
        <ele>2067</ele>
        <extensions>
          <distance>21157</distance>
        </extensions>
      </trkpt>
      <trkpt lat="45.98102" lon="6.90495">
        <ele>2070</ele>
        <extensions>
          <distance>21169</distance>
        </extensions>
      </trkpt>
      <trkpt lat="45.98104" lon="6.90488">
        <ele>2071</ele>
        <extensions>
          <distance>21175</distance>
        </extensions>
      </trkpt>
      <trkpt lat="45.98107" lon="6.90484">
        <ele>2072</ele>
        <extensions>
          <distance>21179</distance>
        </extensions>
      </trkpt>
      <trkpt lat="45.9812" lon="6.90493">
        <ele>2076</ele>
        <extensions>
          <distance>21196</distance>
        </extensions>
      </trkpt>
      <trkpt lat="45.9813" lon="6.90493">
        <ele>2079</ele>
        <extensions>
          <distance>21207</distance>
        </extensions>
      </trkpt>
      <trkpt lat="45.98133" lon="6.90488">
        <ele>2081</ele>
        <extensions>
          <distance>21213</distance>
        </extensions>
      </trkpt>
      <trkpt lat="45.98136" lon="6.90487">
        <ele>2083</ele>
        <extensions>
          <distance>21217</distance>
        </extensions>
      </trkpt>
      <trkpt lat="45.98141" lon="6.90505">
        <ele>2087</ele>
        <extensions>
          <distance>21232</distance>
        </extensions>
      </trkpt>
      <trkpt lat="45.9814" lon="6.90517">
        <ele>2087</ele>
        <extensions>
          <distance>21242</distance>
        </extensions>
      </trkpt>
      <trkpt lat="45.98142" lon="6.90518">
        <ele>2087</ele>
        <extensions>
          <distance>21244</distance>
        </extensions>
      </trkpt>
      <trkpt lat="45.98151" lon="6.9051">
        <ele>2094</ele>
        <extensions>
          <distance>21257</distance>
        </extensions>
      </trkpt>
      <trkpt lat="45.98153" lon="6.90511">
        <ele>2095</ele>
        <extensions>
          <distance>21259</distance>
        </extensions>
      </trkpt>
      <trkpt lat="45.9815" lon="6.90521">
        <ele>2097</ele>
        <extensions>
          <distance>21268</distance>
        </extensions>
      </trkpt>
      <trkpt lat="45.98156" lon="6.9052">
        <ele>2099</ele>
        <extensions>
          <distance>21275</distance>
        </extensions>
      </trkpt>
      <trkpt lat="45.98157" lon="6.90523">
        <ele>2102</ele>
        <extensions>
          <distance>21279</distance>
        </extensions>
      </trkpt>
      <trkpt lat="45.98154" lon="6.90536">
        <ele>2102</ele>
        <extensions>
          <distance>21289</distance>
        </extensions>
      </trkpt>
      <trkpt lat="45.98156" lon="6.90538">
        <ele>2103</ele>
        <extensions>
          <distance>21292</distance>
        </extensions>
      </trkpt>
      <trkpt lat="45.98157" lon="6.90535">
        <ele>2103</ele>
        <extensions>
          <distance>21295</distance>
        </extensions>
      </trkpt>
      <trkpt lat="45.98159" lon="6.90535">
        <ele>2103</ele>
        <extensions>
          <distance>21297</distance>
        </extensions>
      </trkpt>
      <trkpt lat="45.98161" lon="6.90546">
        <ele>2105</ele>
        <extensions>
          <distance>21306</distance>
        </extensions>
      </trkpt>
      <trkpt lat="45.98163" lon="6.90545">
        <ele>2105</ele>
        <extensions>
          <distance>21308</distance>
        </extensions>
      </trkpt>
      <trkpt lat="45.98165" lon="6.90554">
        <ele>2107</ele>
        <extensions>
          <distance>21315</distance>
        </extensions>
      </trkpt>
      <trkpt lat="45.9817" lon="6.90554">
        <ele>2107</ele>
        <extensions>
          <distance>21321</distance>
        </extensions>
      </trkpt>
      <trkpt lat="45.98181" lon="6.90589">
        <ele>2109</ele>
        <extensions>
          <distance>21351</distance>
        </extensions>
      </trkpt>
      <trkpt lat="45.9819" lon="6.90602">
        <ele>2109</ele>
        <extensions>
          <distance>21365</distance>
        </extensions>
      </trkpt>
      <trkpt lat="45.98195" lon="6.90602">
        <ele>2115</ele>
        <extensions>
          <distance>21372</distance>
        </extensions>
      </trkpt>
      <trkpt lat="45.98203" lon="6.90615">
        <ele>2115</ele>
        <extensions>
          <distance>21385</distance>
        </extensions>
      </trkpt>
      <trkpt lat="45.98204" lon="6.90609">
        <ele>2118</ele>
        <extensions>
          <distance>21390</distance>
        </extensions>
      </trkpt>
      <trkpt lat="45.98206" lon="6.90612">
        <ele>2119</ele>
        <extensions>
          <distance>21393</distance>
        </extensions>
      </trkpt>
      <trkpt lat="45.98209" lon="6.90613">
        <ele>2119</ele>
        <extensions>
          <distance>21397</distance>
        </extensions>
      </trkpt>
      <trkpt lat="45.98211" lon="6.90627">
        <ele>2121</ele>
        <extensions>
          <distance>21408</distance>
        </extensions>
      </trkpt>
      <trkpt lat="45.9822" lon="6.90638">
        <ele>2122</ele>
        <extensions>
          <distance>21421</distance>
        </extensions>
      </trkpt>
      <trkpt lat="45.98224" lon="6.9064">
        <ele>2125</ele>
        <extensions>
          <distance>21426</distance>
        </extensions>
      </trkpt>
      <trkpt lat="45.98229" lon="6.9065">
        <ele>2127</ele>
        <extensions>
          <distance>21436</distance>
        </extensions>
      </trkpt>
      <trkpt lat="45.98236" lon="6.90657">
        <ele>2129</ele>
        <extensions>
          <distance>21446</distance>
        </extensions>
      </trkpt>
      <trkpt lat="45.98245" lon="6.90655">
        <ele>2132</ele>
        <extensions>
          <distance>21456</distance>
        </extensions>
      </trkpt>
      <trkpt lat="45.98266" lon="6.90642">
        <ele>2137</ele>
        <extensions>
          <distance>21482</distance>
        </extensions>
      </trkpt>
      <trkpt lat="45.9828" lon="6.90638">
        <ele>2137</ele>
        <extensions>
          <distance>21498</distance>
        </extensions>
      </trkpt>
      <trkpt lat="45.98293" lon="6.90642">
        <ele>2138</ele>
        <extensions>
          <distance>21513</distance>
        </extensions>
      </trkpt>
      <trkpt lat="45.983" lon="6.90642">
        <ele>2138</ele>
        <extensions>
          <distance>21521</distance>
        </extensions>
      </trkpt>
      <trkpt lat="45.98322" lon="6.90653">
        <ele>2138</ele>
        <extensions>
          <distance>21547</distance>
        </extensions>
      </trkpt>
      <trkpt lat="45.9833" lon="6.90652">
        <ele>2138</ele>
        <extensions>
          <distance>21555</distance>
        </extensions>
      </trkpt>
      <trkpt lat="45.98339" lon="6.90653">
        <ele>2139</ele>
        <extensions>
          <distance>21566</distance>
        </extensions>
      </trkpt>
      <trkpt lat="45.98345" lon="6.90664">
        <ele>2139</ele>
        <extensions>
          <distance>21576</distance>
        </extensions>
      </trkpt>
      <trkpt lat="45.98354" lon="6.90669">
        <ele>2139</ele>
        <extensions>
          <distance>21587</distance>
        </extensions>
      </trkpt>
      <trkpt lat="45.98362" lon="6.90679">
        <ele>2138</ele>
        <extensions>
          <distance>21599</distance>
        </extensions>
      </trkpt>
      <trkpt lat="45.98371" lon="6.90684">
        <ele>2138</ele>
        <extensions>
          <distance>21610</distance>
        </extensions>
      </trkpt>
      <trkpt lat="45.983832500000005" lon="6.90695">
        <ele>2137</ele>
        <extensions>
          <distance>21626</distance>
        </extensions>
      </trkpt>
      <trkpt lat="45.983955" lon="6.9070599999999995">
        <ele>2136</ele>
        <extensions>
          <distance>21642</distance>
        </extensions>
      </trkpt>
      <trkpt lat="45.9840775" lon="6.90717">
        <ele>2136</ele>
        <extensions>
          <distance>21658</distance>
        </extensions>
      </trkpt>
      <trkpt lat="45.9842" lon="6.90728">
        <ele>2136</ele>
        <extensions>
          <distance>21674</distance>
        </extensions>
      </trkpt>
      <trkpt lat="45.98428" lon="6.90741">
        <ele>2135</ele>
        <extensions>
          <distance>21687</distance>
        </extensions>
      </trkpt>
      <trkpt lat="45.98444" lon="6.90744">
        <ele>2134</ele>
        <extensions>
          <distance>21705</distance>
        </extensions>
      </trkpt>
      <trkpt lat="45.9846" lon="6.90758">
        <ele>2134</ele>
        <extensions>
          <distance>21726</distance>
        </extensions>
      </trkpt>
      <trkpt lat="45.98468" lon="6.90762">
        <ele>2134</ele>
        <extensions>
          <distance>21735</distance>
        </extensions>
      </trkpt>
      <trkpt lat="45.9847" lon="6.90766">
        <ele>2134</ele>
        <extensions>
          <distance>21739</distance>
        </extensions>
      </trkpt>
      <trkpt lat="45.98487" lon="6.907665">
        <ele>2134</ele>
        <extensions>
          <distance>21758</distance>
        </extensions>
      </trkpt>
      <trkpt lat="45.98504" lon="6.90767">
        <ele>2133</ele>
        <extensions>
          <distance>21777</distance>
        </extensions>
      </trkpt>
      <trkpt lat="45.98519" lon="6.90772">
        <ele>2133</ele>
        <extensions>
          <distance>21794</distance>
        </extensions>
      </trkpt>
      <trkpt lat="45.98526" lon="6.90776">
        <ele>2133</ele>
        <extensions>
          <distance>21803</distance>
        </extensions>
      </trkpt>
      <trkpt lat="45.98538" lon="6.90793">
        <ele>2130</ele>
        <extensions>
          <distance>21821</distance>
        </extensions>
      </trkpt>
      <trkpt lat="45.98543" lon="6.9081">
        <ele>2126</ele>
        <extensions>
          <distance>21836</distance>
        </extensions>
      </trkpt>
      <trkpt lat="45.98551" lon="6.90822">
        <ele>2125</ele>
        <extensions>
          <distance>21849</distance>
        </extensions>
      </trkpt>
      <trkpt lat="45.98563" lon="6.90828">
        <ele>2124</ele>
        <extensions>
          <distance>21863</distance>
        </extensions>
      </trkpt>
      <trkpt lat="45.98569" lon="6.90829">
        <ele>2123</ele>
        <extensions>
          <distance>21870</distance>
        </extensions>
      </trkpt>
      <trkpt lat="45.98576" lon="6.90846">
        <ele>2121</ele>
        <extensions>
          <distance>21885</distance>
        </extensions>
      </trkpt>
      <trkpt lat="45.98601" lon="6.90858">
        <ele>2118</ele>
        <extensions>
          <distance>21915</distance>
        </extensions>
      </trkpt>
      <trkpt lat="45.98608" lon="6.90869">
        <ele>2116</ele>
        <extensions>
          <distance>21927</distance>
        </extensions>
      </trkpt>
      <trkpt lat="45.98611" lon="6.90878">
        <ele>2115</ele>
        <extensions>
          <distance>21934</distance>
        </extensions>
      </trkpt>
      <trkpt lat="45.98612" lon="6.9089">
        <ele>2114</ele>
        <extensions>
          <distance>21944</distance>
        </extensions>
      </trkpt>
      <trkpt lat="45.98619" lon="6.90904">
        <ele>2111</ele>
        <extensions>
          <distance>21958</distance>
        </extensions>
      </trkpt>
      <trkpt lat="45.98642" lon="6.90917">
        <ele>2108</ele>
        <extensions>
          <distance>21985</distance>
        </extensions>
      </trkpt>
      <trkpt lat="45.98643" lon="6.90933">
        <ele>2106</ele>
        <extensions>
          <distance>21998</distance>
        </extensions>
      </trkpt>
      <trkpt lat="45.98646" lon="6.90938">
        <ele>2106</ele>
        <extensions>
          <distance>22003</distance>
        </extensions>
      </trkpt>
      <trkpt lat="45.98649" lon="6.90951">
        <ele>2105</ele>
        <extensions>
          <distance>22013</distance>
        </extensions>
      </trkpt>
      <trkpt lat="45.986645" lon="6.909765">
        <ele>2105</ele>
        <extensions>
          <distance>22040</distance>
        </extensions>
      </trkpt>
      <trkpt lat="45.9868" lon="6.91002">
        <ele>2100</ele>
        <extensions>
          <distance>22066</distance>
        </extensions>
      </trkpt>
      <trkpt lat="45.98686" lon="6.91006">
        <ele>2099</ele>
        <extensions>
          <distance>22074</distance>
        </extensions>
      </trkpt>
      <trkpt lat="45.98686" lon="6.91015">
        <ele>2096</ele>
        <extensions>
          <distance>22081</distance>
        </extensions>
      </trkpt>
      <trkpt lat="45.98691" lon="6.9102">
        <ele>2095</ele>
        <extensions>
          <distance>22088</distance>
        </extensions>
      </trkpt>
      <trkpt lat="45.98702" lon="6.91023">
        <ele>2095</ele>
        <extensions>
          <distance>22100</distance>
        </extensions>
      </trkpt>
      <trkpt lat="45.98705" lon="6.9103">
        <ele>2094</ele>
        <extensions>
          <distance>22107</distance>
        </extensions>
      </trkpt>
      <trkpt lat="45.98715" lon="6.91038">
        <ele>2091</ele>
        <extensions>
          <distance>22120</distance>
        </extensions>
      </trkpt>
      <trkpt lat="45.98726" lon="6.91039">
        <ele>2090</ele>
        <extensions>
          <distance>22132</distance>
        </extensions>
      </trkpt>
      <trkpt lat="45.98737" lon="6.91051">
        <ele>2087</ele>
        <extensions>
          <distance>22148</distance>
        </extensions>
      </trkpt>
      <trkpt lat="45.98753" lon="6.91075">
        <ele>2085</ele>
        <extensions>
          <distance>22173</distance>
        </extensions>
      </trkpt>
      <trkpt lat="45.98764" lon="6.91085">
        <ele>2083</ele>
        <extensions>
          <distance>22188</distance>
        </extensions>
      </trkpt>
      <trkpt lat="45.98776" lon="6.91089">
        <ele>2081</ele>
        <extensions>
          <distance>22202</distance>
        </extensions>
      </trkpt>
      <trkpt lat="45.98786" lon="6.91096">
        <ele>2079</ele>
        <extensions>
          <distance>22214</distance>
        </extensions>
      </trkpt>
      <trkpt lat="45.98802" lon="6.91116">
        <ele>2076</ele>
        <extensions>
          <distance>22238</distance>
        </extensions>
      </trkpt>
      <trkpt lat="45.98804" lon="6.91123">
        <ele>2075</ele>
        <extensions>
          <distance>22244</distance>
        </extensions>
      </trkpt>
      <trkpt lat="45.98818" lon="6.91132">
        <ele>2075</ele>
        <extensions>
          <distance>22261</distance>
        </extensions>
      </trkpt>
      <trkpt lat="45.98842" lon="6.91138">
        <ele>2072</ele>
        <extensions>
          <distance>22288</distance>
        </extensions>
      </trkpt>
      <trkpt lat="45.988535" lon="6.91152">
        <ele>2071</ele>
        <extensions>
          <distance>22305</distance>
        </extensions>
      </trkpt>
      <trkpt lat="45.98865" lon="6.91166">
        <ele>2069</ele>
        <extensions>
          <distance>22322</distance>
        </extensions>
      </trkpt>
      <trkpt lat="45.98876" lon="6.91172">
        <ele>2069</ele>
        <extensions>
          <distance>22335</distance>
        </extensions>
      </trkpt>
      <trkpt lat="45.98884" lon="6.91181">
        <ele>2068</ele>
        <extensions>
          <distance>22346</distance>
        </extensions>
      </trkpt>
      <trkpt lat="45.98899" lon="6.91187">
        <ele>2066</ele>
        <extensions>
          <distance>22364</distance>
        </extensions>
      </trkpt>
      <trkpt lat="45.989115" lon="6.91201">
        <ele>2063</ele>
        <extensions>
          <distance>22382</distance>
        </extensions>
      </trkpt>
      <trkpt lat="45.98924" lon="6.91215">
        <ele>2059</ele>
        <extensions>
          <distance>22400</distance>
        </extensions>
      </trkpt>
      <trkpt lat="45.98934" lon="6.9122">
        <ele>2058</ele>
        <extensions>
          <distance>22411</distance>
        </extensions>
      </trkpt>
      <trkpt lat="45.98937" lon="6.91219">
        <ele>2058</ele>
        <extensions>
          <distance>22415</distance>
        </extensions>
      </trkpt>
      <trkpt lat="45.98939" lon="6.91213">
        <ele>2058</ele>
        <extensions>
          <distance>22420</distance>
        </extensions>
      </trkpt>
      <trkpt lat="45.98938" lon="6.91208">
        <ele>2058</ele>
        <extensions>
          <distance>22424</distance>
        </extensions>
      </trkpt>
      <trkpt lat="45.98942" lon="6.91201">
        <ele>2058</ele>
        <extensions>
          <distance>22431</distance>
        </extensions>
      </trkpt>
      <trkpt lat="45.98955" lon="6.91205">
        <ele>2058</ele>
        <extensions>
          <distance>22446</distance>
        </extensions>
      </trkpt>
      <trkpt lat="45.98969" lon="6.91214">
        <ele>2056</ele>
        <extensions>
          <distance>22463</distance>
        </extensions>
      </trkpt>
      <trkpt lat="45.98975" lon="6.91212">
        <ele>2056</ele>
        <extensions>
          <distance>22470</distance>
        </extensions>
      </trkpt>
      <trkpt lat="45.98985" lon="6.91204">
        <ele>2056</ele>
        <extensions>
          <distance>22483</distance>
        </extensions>
      </trkpt>
      <trkpt lat="45.98992" lon="6.91195">
        <ele>2056</ele>
        <extensions>
          <distance>22493</distance>
        </extensions>
      </trkpt>
      <trkpt lat="45.98999" lon="6.91178">
        <ele>2056</ele>
        <extensions>
          <distance>22508</distance>
        </extensions>
      </trkpt>
      <trkpt lat="45.99014" lon="6.911625">
        <ele>2055</ele>
        <extensions>
          <distance>22529</distance>
        </extensions>
      </trkpt>
      <trkpt lat="45.99029" lon="6.91147">
        <ele>2055</ele>
        <extensions>
          <distance>22549</distance>
        </extensions>
      </trkpt>
      <trkpt lat="45.99041" lon="6.9113">
        <ele>2054</ele>
        <extensions>
          <distance>22568</distance>
        </extensions>
      </trkpt>
      <trkpt lat="45.99053" lon="6.91113">
        <ele>2053</ele>
        <extensions>
          <distance>22587</distance>
        </extensions>
      </trkpt>
      <trkpt lat="45.99063" lon="6.9111">
        <ele>2053</ele>
        <extensions>
          <distance>22598</distance>
        </extensions>
      </trkpt>
      <trkpt lat="45.99084" lon="6.91125">
        <ele>2053</ele>
        <extensions>
          <distance>22624</distance>
        </extensions>
      </trkpt>
      <trkpt lat="45.99108" lon="6.91134">
        <ele>2053</ele>
        <extensions>
          <distance>22652</distance>
        </extensions>
      </trkpt>
      <trkpt lat="45.991235" lon="6.91136">
        <ele>2053</ele>
        <extensions>
          <distance>22669</distance>
        </extensions>
      </trkpt>
      <trkpt lat="45.99139" lon="6.91138">
        <ele>2055</ele>
        <extensions>
          <distance>22687</distance>
        </extensions>
      </trkpt>
      <trkpt lat="45.99159" lon="6.91134">
        <ele>2056</ele>
        <extensions>
          <distance>22709</distance>
        </extensions>
      </trkpt>
      <trkpt lat="45.99165" lon="6.91136">
        <ele>2057</ele>
        <extensions>
          <distance>22716</distance>
        </extensions>
      </trkpt>
      <trkpt lat="45.991775000000004" lon="6.91153">
        <ele>2060</ele>
        <extensions>
          <distance>22735</distance>
        </extensions>
      </trkpt>
      <trkpt lat="45.9919" lon="6.9117">
        <ele>2061</ele>
        <extensions>
          <distance>22754</distance>
        </extensions>
      </trkpt>
      <trkpt lat="45.992055" lon="6.9116599999999995">
        <ele>2063</ele>
        <extensions>
          <distance>22772</distance>
        </extensions>
      </trkpt>
      <trkpt lat="45.99221" lon="6.91162">
        <ele>2064</ele>
        <extensions>
          <distance>22790</distance>
        </extensions>
      </trkpt>
      <trkpt lat="45.99245" lon="6.91165">
        <ele>2064</ele>
        <extensions>
          <distance>22816</distance>
        </extensions>
      </trkpt>
      <trkpt lat="45.99255" lon="6.91156">
        <ele>2064</ele>
        <extensions>
          <distance>22829</distance>
        </extensions>
      </trkpt>
      <trkpt lat="45.99264" lon="6.91155">
        <ele>2064</ele>
        <extensions>
          <distance>22840</distance>
        </extensions>
      </trkpt>
      <trkpt lat="45.99276" lon="6.91172">
        <ele>2064</ele>
        <extensions>
          <distance>22858</distance>
        </extensions>
      </trkpt>
      <trkpt lat="45.99291" lon="6.9117">
        <ele>2064</ele>
        <extensions>
          <distance>22875</distance>
        </extensions>
      </trkpt>
      <trkpt lat="45.99302" lon="6.91171">
        <ele>2063</ele>
        <extensions>
          <distance>22887</distance>
        </extensions>
      </trkpt>
      <trkpt lat="45.99322" lon="6.91166">
        <ele>2063</ele>
        <extensions>
          <distance>22910</distance>
        </extensions>
      </trkpt>
      <trkpt lat="45.99334" lon="6.91174">
        <ele>2063</ele>
        <extensions>
          <distance>22925</distance>
        </extensions>
      </trkpt>
      <trkpt lat="45.99341" lon="6.91183">
        <ele>2062</ele>
        <extensions>
          <distance>22935</distance>
        </extensions>
      </trkpt>
      <trkpt lat="45.99347" lon="6.91175">
        <ele>2061</ele>
        <extensions>
          <distance>22944</distance>
        </extensions>
      </trkpt>
      <trkpt lat="45.99357" lon="6.9117">
        <ele>2061</ele>
        <extensions>
          <distance>22956</distance>
        </extensions>
      </trkpt>
      <trkpt lat="45.99365" lon="6.91173">
        <ele>2061</ele>
        <extensions>
          <distance>22965</distance>
        </extensions>
      </trkpt>
      <trkpt lat="45.99387" lon="6.91175">
        <ele>2061</ele>
        <extensions>
          <distance>22990</distance>
        </extensions>
      </trkpt>
      <trkpt lat="45.99401" lon="6.91166">
        <ele>2060</ele>
        <extensions>
          <distance>23007</distance>
        </extensions>
      </trkpt>
      <trkpt lat="45.99408" lon="6.91166">
        <ele>2059</ele>
        <extensions>
          <distance>23014</distance>
        </extensions>
      </trkpt>
      <trkpt lat="45.994204999999994" lon="6.9117750000000004">
        <ele>2058</ele>
        <extensions>
          <distance>23031</distance>
        </extensions>
      </trkpt>
      <trkpt lat="45.99433" lon="6.91189">
        <ele>2055</ele>
        <extensions>
          <distance>23048</distance>
        </extensions>
      </trkpt>
      <trkpt lat="45.994455" lon="6.912005">
        <ele>2052</ele>
        <extensions>
          <distance>23064</distance>
        </extensions>
      </trkpt>
      <trkpt lat="45.99458" lon="6.91212">
        <ele>2050</ele>
        <extensions>
          <distance>23081</distance>
        </extensions>
      </trkpt>
      <trkpt lat="45.9948" lon="6.91224">
        <ele>2044</ele>
        <extensions>
          <distance>23108</distance>
        </extensions>
      </trkpt>
      <trkpt lat="45.99487" lon="6.91244">
        <ele>2041</ele>
        <extensions>
          <distance>23125</distance>
        </extensions>
      </trkpt>
      <trkpt lat="45.9949" lon="6.91247">
        <ele>2041</ele>
        <extensions>
          <distance>23130</distance>
        </extensions>
      </trkpt>
      <trkpt lat="45.99496" lon="6.91243">
        <ele>2037</ele>
        <extensions>
          <distance>23138</distance>
        </extensions>
      </trkpt>
      <trkpt lat="45.99506" lon="6.91256">
        <ele>2035</ele>
        <extensions>
          <distance>23153</distance>
        </extensions>
      </trkpt>
      <trkpt lat="45.99511" lon="6.91255">
        <ele>2034</ele>
        <extensions>
          <distance>23158</distance>
        </extensions>
      </trkpt>
      <trkpt lat="45.99517" lon="6.91251">
        <ele>2032</ele>
        <extensions>
          <distance>23166</distance>
        </extensions>
      </trkpt>
      <trkpt lat="45.99526" lon="6.91251">
        <ele>2030</ele>
        <extensions>
          <distance>23176</distance>
        </extensions>
      </trkpt>
      <trkpt lat="45.9955" lon="6.91261">
        <ele>2026</ele>
        <extensions>
          <distance>23204</distance>
        </extensions>
      </trkpt>
      <trkpt lat="45.99559" lon="6.91266">
        <ele>2024</ele>
        <extensions>
          <distance>23215</distance>
        </extensions>
      </trkpt>
      <trkpt lat="45.99564" lon="6.91273">
        <ele>2022</ele>
        <extensions>
          <distance>23223</distance>
        </extensions>
      </trkpt>
      <trkpt lat="45.99582" lon="6.91281">
        <ele>2019</ele>
        <extensions>
          <distance>23244</distance>
        </extensions>
      </trkpt>
      <trkpt lat="45.99593" lon="6.9129">
        <ele>2018</ele>
        <extensions>
          <distance>23258</distance>
        </extensions>
      </trkpt>
      <trkpt lat="45.99606" lon="6.91294">
        <ele>2017</ele>
        <extensions>
          <distance>23273</distance>
        </extensions>
      </trkpt>
      <trkpt lat="45.99614" lon="6.91304">
        <ele>2017</ele>
        <extensions>
          <distance>23285</distance>
        </extensions>
      </trkpt>
      <trkpt lat="45.99621" lon="6.91303">
        <ele>2017</ele>
        <extensions>
          <distance>23293</distance>
        </extensions>
      </trkpt>
      <trkpt lat="45.99631" lon="6.91312">
        <ele>2017</ele>
        <extensions>
          <distance>23306</distance>
        </extensions>
      </trkpt>
      <trkpt lat="45.99638" lon="6.91313">
        <ele>2016</ele>
        <extensions>
          <distance>23314</distance>
        </extensions>
      </trkpt>
      <trkpt lat="45.99658" lon="6.91322">
        <ele>2016</ele>
        <extensions>
          <distance>23337</distance>
        </extensions>
      </trkpt>
      <trkpt lat="45.99678" lon="6.91316">
        <ele>2013</ele>
        <extensions>
          <distance>23360</distance>
        </extensions>
      </trkpt>
      <trkpt lat="45.99701" lon="6.91336">
        <ele>2004</ele>
        <extensions>
          <distance>23391</distance>
        </extensions>
      </trkpt>
      <trkpt lat="45.99712" lon="6.9136">
        <ele>1999</ele>
        <extensions>
          <distance>23414</distance>
        </extensions>
      </trkpt>
      <trkpt lat="45.997335" lon="6.91372">
        <ele>1993</ele>
        <extensions>
          <distance>23440</distance>
        </extensions>
      </trkpt>
      <trkpt lat="45.99755" lon="6.91384">
        <ele>1987</ele>
        <extensions>
          <distance>23467</distance>
        </extensions>
      </trkpt>
      <trkpt lat="45.99765" lon="6.91374">
        <ele>1987</ele>
        <extensions>
          <distance>23480</distance>
        </extensions>
      </trkpt>
      <trkpt lat="45.997785" lon="6.913815">
        <ele>1982</ele>
        <extensions>
          <distance>23497</distance>
        </extensions>
      </trkpt>
      <trkpt lat="45.99792" lon="6.91389">
        <ele>1978</ele>
        <extensions>
          <distance>23513</distance>
        </extensions>
      </trkpt>
      <trkpt lat="45.99802" lon="6.91386">
        <ele>1977</ele>
        <extensions>
          <distance>23525</distance>
        </extensions>
      </trkpt>
      <trkpt lat="45.998" lon="6.91407">
        <ele>1971</ele>
        <extensions>
          <distance>23542</distance>
        </extensions>
      </trkpt>
      <trkpt lat="45.99811" lon="6.91426">
        <ele>1964</ele>
        <extensions>
          <distance>23562</distance>
        </extensions>
      </trkpt>
      <trkpt lat="45.99822" lon="6.91429">
        <ele>1958</ele>
        <extensions>
          <distance>23576</distance>
        </extensions>
      </trkpt>
      <trkpt lat="45.99825" lon="6.91452">
        <ele>1951</ele>
        <extensions>
          <distance>23596</distance>
        </extensions>
      </trkpt>
      <trkpt lat="45.99843" lon="6.91459">
        <ele>1943</ele>
        <extensions>
          <distance>23618</distance>
        </extensions>
      </trkpt>
      <trkpt lat="45.99867" lon="6.91451">
        <ele>1942</ele>
        <extensions>
          <distance>23645</distance>
        </extensions>
      </trkpt>
      <trkpt lat="45.99878" lon="6.91461">
        <ele>1933</ele>
        <extensions>
          <distance>23661</distance>
        </extensions>
      </trkpt>
      <trkpt lat="45.9988" lon="6.91482">
        <ele>1925</ele>
        <extensions>
          <distance>23679</distance>
        </extensions>
      </trkpt>
      <trkpt lat="45.998995" lon="6.914905">
        <ele>1917</ele>
        <extensions>
          <distance>23703</distance>
        </extensions>
      </trkpt>
      <trkpt lat="45.99919" lon="6.91499">
        <ele>1912</ele>
        <extensions>
          <distance>23726</distance>
        </extensions>
      </trkpt>
      <trkpt lat="45.99931" lon="6.91518">
        <ele>1903</ele>
        <extensions>
          <distance>23748</distance>
        </extensions>
      </trkpt>
      <trkpt lat="45.99936" lon="6.9152">
        <ele>1903</ele>
        <extensions>
          <distance>23754</distance>
        </extensions>
      </trkpt>
      <trkpt lat="45.99955" lon="6.91507">
        <ele>1902</ele>
        <extensions>
          <distance>23777</distance>
        </extensions>
      </trkpt>
      <trkpt lat="45.99963" lon="6.91512">
        <ele>1899</ele>
        <extensions>
          <distance>23787</distance>
        </extensions>
      </trkpt>
      <trkpt lat="45.99982" lon="6.91514">
        <ele>1895</ele>
        <extensions>
          <distance>23809</distance>
        </extensions>
      </trkpt>
      <trkpt lat="46.00003" lon="6.91508">
        <ele>1895</ele>
        <extensions>
          <distance>23833</distance>
        </extensions>
      </trkpt>
      <trkpt lat="46.00012" lon="6.91515">
        <ele>1894</ele>
        <extensions>
          <distance>23844</distance>
        </extensions>
      </trkpt>
      <trkpt lat="46.00026" lon="6.91516">
        <ele>1891</ele>
        <extensions>
          <distance>23860</distance>
        </extensions>
      </trkpt>
      <trkpt lat="46.000370000000004" lon="6.91533">
        <ele>1882</ele>
        <extensions>
          <distance>23880</distance>
        </extensions>
      </trkpt>
      <trkpt lat="46.00048" lon="6.9155">
        <ele>1871</ele>
        <extensions>
          <distance>23901</distance>
        </extensions>
      </trkpt>
      <trkpt lat="46.00053" lon="6.91553">
        <ele>1868</ele>
        <extensions>
          <distance>23908</distance>
        </extensions>
      </trkpt>
      <trkpt lat="46.00061" lon="6.91548">
        <ele>1867</ele>
        <extensions>
          <distance>23917</distance>
        </extensions>
      </trkpt>
      <trkpt lat="46.00069" lon="6.9155">
        <ele>1867</ele>
        <extensions>
          <distance>23926</distance>
        </extensions>
      </trkpt>
      <trkpt lat="46.00073" lon="6.91547">
        <ele>1867</ele>
        <extensions>
          <distance>23931</distance>
        </extensions>
      </trkpt>
      <trkpt lat="46.00071" lon="6.91555">
        <ele>1864</ele>
        <extensions>
          <distance>23938</distance>
        </extensions>
      </trkpt>
      <trkpt lat="46.00066" lon="6.91564">
        <ele>1856</ele>
        <extensions>
          <distance>23950</distance>
        </extensions>
      </trkpt>
      <trkpt lat="46.00059" lon="6.91569">
        <ele>1855</ele>
        <extensions>
          <distance>23959</distance>
        </extensions>
      </trkpt>
      <trkpt lat="46.00059" lon="6.91575">
        <ele>1853</ele>
        <extensions>
          <distance>23964</distance>
        </extensions>
      </trkpt>
      <trkpt lat="46.00074" lon="6.91576">
        <ele>1850</ele>
        <extensions>
          <distance>23981</distance>
        </extensions>
      </trkpt>
      <trkpt lat="46.00076" lon="6.91579">
        <ele>1847</ele>
        <extensions>
          <distance>23985</distance>
        </extensions>
      </trkpt>
      <trkpt lat="46.0009" lon="6.91572">
        <ele>1847</ele>
        <extensions>
          <distance>24002</distance>
        </extensions>
      </trkpt>
      <trkpt lat="46.00092" lon="6.91575">
        <ele>1842</ele>
        <extensions>
          <distance>24005</distance>
        </extensions>
      </trkpt>
      <trkpt lat="46.00089" lon="6.91577">
        <ele>1842</ele>
        <extensions>
          <distance>24009</distance>
        </extensions>
      </trkpt>
      <trkpt lat="46.00085" lon="6.91584">
        <ele>1842</ele>
        <extensions>
          <distance>24016</distance>
        </extensions>
      </trkpt>
      <trkpt lat="46.00083" lon="6.91591">
        <ele>1839</ele>
        <extensions>
          <distance>24022</distance>
        </extensions>
      </trkpt>
      <trkpt lat="46.00074" lon="6.916">
        <ele>1837</ele>
        <extensions>
          <distance>24034</distance>
        </extensions>
      </trkpt>
      <trkpt lat="46.00062" lon="6.91603">
        <ele>1837</ele>
        <extensions>
          <distance>24048</distance>
        </extensions>
      </trkpt>
      <trkpt lat="46.00051" lon="6.91597">
        <ele>1836</ele>
        <extensions>
          <distance>24061</distance>
        </extensions>
      </trkpt>
      <trkpt lat="46.00035" lon="6.916015">
        <ele>1835</ele>
        <extensions>
          <distance>24079</distance>
        </extensions>
      </trkpt>
      <trkpt lat="46.00019" lon="6.91606">
        <ele>1834</ele>
        <extensions>
          <distance>24097</distance>
        </extensions>
      </trkpt>
      <trkpt lat="46.00019" lon="6.91607">
        <ele>1832</ele>
        <extensions>
          <distance>24098</distance>
        </extensions>
      </trkpt>
      <trkpt lat="45.99997" lon="6.91614">
        <ele>1830</ele>
        <extensions>
          <distance>24123</distance>
        </extensions>
      </trkpt>
      <trkpt lat="46.00001" lon="6.91619">
        <ele>1828</ele>
        <extensions>
          <distance>24130</distance>
        </extensions>
      </trkpt>
      <trkpt lat="46.00015" lon="6.91626">
        <ele>1823</ele>
        <extensions>
          <distance>24147</distance>
        </extensions>
      </trkpt>
      <trkpt lat="46.00016" lon="6.9163">
        <ele>1821</ele>
        <extensions>
          <distance>24150</distance>
        </extensions>
      </trkpt>
      <trkpt lat="46.00013" lon="6.91634">
        <ele>1818</ele>
        <extensions>
          <distance>24156</distance>
        </extensions>
      </trkpt>
      <trkpt lat="45.99994" lon="6.91636">
        <ele>1818</ele>
        <extensions>
          <distance>24177</distance>
        </extensions>
      </trkpt>
      <trkpt lat="45.99985" lon="6.91645">
        <ele>1813</ele>
        <extensions>
          <distance>24190</distance>
        </extensions>
      </trkpt>
      <trkpt lat="45.999719999999996" lon="6.916505">
        <ele>1808</ele>
        <extensions>
          <distance>24206</distance>
        </extensions>
      </trkpt>
      <trkpt lat="45.99959" lon="6.91656">
        <ele>1807</ele>
        <extensions>
          <distance>24221</distance>
        </extensions>
      </trkpt>
      <trkpt lat="45.99956" lon="6.91663">
        <ele>1803</ele>
        <extensions>
          <distance>24228</distance>
        </extensions>
      </trkpt>
      <trkpt lat="45.99958" lon="6.9167">
        <ele>1800</ele>
        <extensions>
          <distance>24234</distance>
        </extensions>
      </trkpt>
      <trkpt lat="45.99966" lon="6.91677">
        <ele>1794</ele>
        <extensions>
          <distance>24246</distance>
        </extensions>
      </trkpt>
      <trkpt lat="45.99965" lon="6.91679">
        <ele>1794</ele>
        <extensions>
          <distance>24248</distance>
        </extensions>
      </trkpt>
      <trkpt lat="45.99954" lon="6.91682">
        <ele>1794</ele>
        <extensions>
          <distance>24261</distance>
        </extensions>
      </trkpt>
      <trkpt lat="45.99955" lon="6.91687">
        <ele>1791</ele>
        <extensions>
          <distance>24265</distance>
        </extensions>
      </trkpt>
      <trkpt lat="45.99968" lon="6.91691">
        <ele>1787</ele>
        <extensions>
          <distance>24280</distance>
        </extensions>
      </trkpt>
      <trkpt lat="45.99968" lon="6.91694">
        <ele>1785</ele>
        <extensions>
          <distance>24283</distance>
        </extensions>
      </trkpt>
      <trkpt lat="45.99962" lon="6.91701">
        <ele>1781</ele>
        <extensions>
          <distance>24293</distance>
        </extensions>
      </trkpt>
      <trkpt lat="45.99969" lon="6.9171">
        <ele>1775</ele>
        <extensions>
          <distance>24305</distance>
        </extensions>
      </trkpt>
      <trkpt lat="45.99979" lon="6.91713">
        <ele>1774</ele>
        <extensions>
          <distance>24316</distance>
        </extensions>
      </trkpt>
      <trkpt lat="45.99979" lon="6.91719">
        <ele>1771</ele>
        <extensions>
          <distance>24321</distance>
        </extensions>
      </trkpt>
      <trkpt lat="45.99982" lon="6.91721">
        <ele>1769</ele>
        <extensions>
          <distance>24325</distance>
        </extensions>
      </trkpt>
      <trkpt lat="45.99983" lon="6.91716">
        <ele>1769</ele>
        <extensions>
          <distance>24329</distance>
        </extensions>
      </trkpt>
      <trkpt lat="45.99987" lon="6.91721">
        <ele>1768</ele>
        <extensions>
          <distance>24335</distance>
        </extensions>
      </trkpt>
      <trkpt lat="45.99989" lon="6.91721">
        <ele>1767</ele>
        <extensions>
          <distance>24337</distance>
        </extensions>
      </trkpt>
      <trkpt lat="45.9999" lon="6.91711">
        <ele>1767</ele>
        <extensions>
          <distance>24345</distance>
        </extensions>
      </trkpt>
      <trkpt lat="46.00002" lon="6.91714">
        <ele>1766</ele>
        <extensions>
          <distance>24359</distance>
        </extensions>
      </trkpt>
      <trkpt lat="45.99998" lon="6.91727">
        <ele>1761</ele>
        <extensions>
          <distance>24371</distance>
        </extensions>
      </trkpt>
      <trkpt lat="46" lon="6.91727">
        <ele>1761</ele>
        <extensions>
          <distance>24373</distance>
        </extensions>
      </trkpt>
      <trkpt lat="46.00002" lon="6.91723">
        <ele>1760</ele>
        <extensions>
          <distance>24377</distance>
        </extensions>
      </trkpt>
      <trkpt lat="46.00004" lon="6.91723">
        <ele>1760</ele>
        <extensions>
          <distance>24379</distance>
        </extensions>
      </trkpt>
      <trkpt lat="46.00003" lon="6.91733">
        <ele>1756</ele>
        <extensions>
          <distance>24387</distance>
        </extensions>
      </trkpt>
      <trkpt lat="46" lon="6.9174">
        <ele>1753</ele>
        <extensions>
          <distance>24394</distance>
        </extensions>
      </trkpt>
      <trkpt lat="46.00002" lon="6.91744">
        <ele>1753</ele>
        <extensions>
          <distance>24398</distance>
        </extensions>
      </trkpt>
      <trkpt lat="46.00014" lon="6.91739">
        <ele>1753</ele>
        <extensions>
          <distance>24412</distance>
        </extensions>
      </trkpt>
      <trkpt lat="46.00016" lon="6.91734">
        <ele>1751</ele>
        <extensions>
          <distance>24417</distance>
        </extensions>
      </trkpt>
      <trkpt lat="46.00018" lon="6.91735">
        <ele>1750</ele>
        <extensions>
          <distance>24419</distance>
        </extensions>
      </trkpt>
      <trkpt lat="46.00017" lon="6.9174">
        <ele>1748</ele>
        <extensions>
          <distance>24423</distance>
        </extensions>
      </trkpt>
      <trkpt lat="46.00035" lon="6.91745">
        <ele>1742</ele>
        <extensions>
          <distance>24445</distance>
        </extensions>
      </trkpt>
      <trkpt lat="46.00044" lon="6.91752">
        <ele>1740</ele>
        <extensions>
          <distance>24456</distance>
        </extensions>
      </trkpt>
      <trkpt lat="46.00064" lon="6.91758">
        <ele>1734</ele>
        <extensions>
          <distance>24480</distance>
        </extensions>
      </trkpt>
      <trkpt lat="46.00056" lon="6.91761">
        <ele>1734</ele>
        <extensions>
          <distance>24489</distance>
        </extensions>
      </trkpt>
      <trkpt lat="46.00047" lon="6.9177">
        <ele>1729</ele>
        <extensions>
          <distance>24502</distance>
        </extensions>
      </trkpt>
      <trkpt lat="46.00037" lon="6.91775">
        <ele>1728</ele>
        <extensions>
          <distance>24514</distance>
        </extensions>
      </trkpt>
      <trkpt lat="46.00038" lon="6.91786">
        <ele>1724</ele>
        <extensions>
          <distance>24523</distance>
        </extensions>
      </trkpt>
      <trkpt lat="46.00058" lon="6.91783">
        <ele>1722</ele>
        <extensions>
          <distance>24545</distance>
        </extensions>
      </trkpt>
      <trkpt lat="46.00069" lon="6.91792">
        <ele>1719</ele>
        <extensions>
          <distance>24560</distance>
        </extensions>
      </trkpt>
      <trkpt lat="46.00076" lon="6.91805">
        <ele>1716</ele>
        <extensions>
          <distance>24573</distance>
        </extensions>
      </trkpt>
      <trkpt lat="46.00085" lon="6.91799">
        <ele>1716</ele>
        <extensions>
          <distance>24584</distance>
        </extensions>
      </trkpt>
      <trkpt lat="46.0011" lon="6.91796">
        <ele>1711</ele>
        <extensions>
          <distance>24612</distance>
        </extensions>
      </trkpt>
      <trkpt lat="46.00116" lon="6.91792">
        <ele>1710</ele>
        <extensions>
          <distance>24619</distance>
        </extensions>
      </trkpt>
      <trkpt lat="46.00115" lon="6.91796">
        <ele>1709</ele>
        <extensions>
          <distance>24622</distance>
        </extensions>
      </trkpt>
      <trkpt lat="46.00106" lon="6.91808">
        <ele>1708</ele>
        <extensions>
          <distance>24636</distance>
        </extensions>
      </trkpt>
      <trkpt lat="46.00105" lon="6.91815">
        <ele>1706</ele>
        <extensions>
          <distance>24642</distance>
        </extensions>
      </trkpt>
      <trkpt lat="46.00107" lon="6.91815">
        <ele>1704</ele>
        <extensions>
          <distance>24645</distance>
        </extensions>
      </trkpt>
      <trkpt lat="46.0011" lon="6.91808">
        <ele>1704</ele>
        <extensions>
          <distance>24651</distance>
        </extensions>
      </trkpt>
      <trkpt lat="46.00111" lon="6.91831">
        <ele>1697</ele>
        <extensions>
          <distance>24670</distance>
        </extensions>
      </trkpt>
      <trkpt lat="46.00116" lon="6.91822">
        <ele>1697</ele>
        <extensions>
          <distance>24679</distance>
        </extensions>
      </trkpt>
      <trkpt lat="46.00123" lon="6.9182">
        <ele>1694</ele>
        <extensions>
          <distance>24687</distance>
        </extensions>
      </trkpt>
      <trkpt lat="46.00119" lon="6.9183">
        <ele>1691</ele>
        <extensions>
          <distance>24697</distance>
        </extensions>
      </trkpt>
      <trkpt lat="46.00121" lon="6.91831">
        <ele>1690</ele>
        <extensions>
          <distance>24699</distance>
        </extensions>
      </trkpt>
      <trkpt lat="46.00125" lon="6.91826">
        <ele>1690</ele>
        <extensions>
          <distance>24705</distance>
        </extensions>
      </trkpt>
      <trkpt lat="46.00133" lon="6.91829">
        <ele>1689</ele>
        <extensions>
          <distance>24714</distance>
        </extensions>
      </trkpt>
      <trkpt lat="46.00131" lon="6.9184">
        <ele>1684</ele>
        <extensions>
          <distance>24724</distance>
        </extensions>
      </trkpt>
      <trkpt lat="46.00135" lon="6.9183">
        <ele>1684</ele>
        <extensions>
          <distance>24733</distance>
        </extensions>
      </trkpt>
      <trkpt lat="46.00136" lon="6.91836">
        <ele>1681</ele>
        <extensions>
          <distance>24738</distance>
        </extensions>
      </trkpt>
      <trkpt lat="46.00137" lon="6.91832">
        <ele>1681</ele>
        <extensions>
          <distance>24741</distance>
        </extensions>
      </trkpt>
      <trkpt lat="46.00137" lon="6.91841">
        <ele>1679</ele>
        <extensions>
          <distance>24748</distance>
        </extensions>
      </trkpt>
      <trkpt lat="46.00143" lon="6.91834">
        <ele>1679</ele>
        <extensions>
          <distance>24757</distance>
        </extensions>
      </trkpt>
      <trkpt lat="46.00145" lon="6.9184">
        <ele>1678</ele>
        <extensions>
          <distance>24762</distance>
        </extensions>
      </trkpt>
      <trkpt lat="46.00149" lon="6.91835">
        <ele>1676</ele>
        <extensions>
          <distance>24768</distance>
        </extensions>
      </trkpt>
      <trkpt lat="46.00154" lon="6.91835">
        <ele>1676</ele>
        <extensions>
          <distance>24774</distance>
        </extensions>
      </trkpt>
      <trkpt lat="46.00171" lon="6.91843">
        <ele>1661</ele>
        <extensions>
          <distance>24798</distance>
        </extensions>
      </trkpt>
      <trkpt lat="46.00181" lon="6.91832">
        <ele>1659</ele>
        <extensions>
          <distance>24812</distance>
        </extensions>
      </trkpt>
      <trkpt lat="46.00188" lon="6.91829">
        <ele>1658</ele>
        <extensions>
          <distance>24820</distance>
        </extensions>
      </trkpt>
      <trkpt lat="46.00189" lon="6.91834">
        <ele>1653</ele>
        <extensions>
          <distance>24827</distance>
        </extensions>
      </trkpt>
      <trkpt lat="46.00182" lon="6.91844">
        <ele>1651</ele>
        <extensions>
          <distance>24838</distance>
        </extensions>
      </trkpt>
      <trkpt lat="46.00183" lon="6.91845">
        <ele>1650</ele>
        <extensions>
          <distance>24839</distance>
        </extensions>
      </trkpt>
      <trkpt lat="46.00189" lon="6.91842">
        <ele>1650</ele>
        <extensions>
          <distance>24846</distance>
        </extensions>
      </trkpt>
      <trkpt lat="46.00191" lon="6.91844">
        <ele>1648</ele>
        <extensions>
          <distance>24849</distance>
        </extensions>
      </trkpt>
      <trkpt lat="46.00182" lon="6.91856">
        <ele>1643</ele>
        <extensions>
          <distance>24864</distance>
        </extensions>
      </trkpt>
      <trkpt lat="46.00183" lon="6.91858">
        <ele>1643</ele>
        <extensions>
          <distance>24866</distance>
        </extensions>
      </trkpt>
      <trkpt lat="46.00189" lon="6.91858">
        <ele>1641</ele>
        <extensions>
          <distance>24872</distance>
        </extensions>
      </trkpt>
      <trkpt lat="46.0019" lon="6.9186">
        <ele>1639</ele>
        <extensions>
          <distance>24875</distance>
        </extensions>
      </trkpt>
      <trkpt lat="46.00183" lon="6.91865">
        <ele>1638</ele>
        <extensions>
          <distance>24884</distance>
        </extensions>
      </trkpt>
      <trkpt lat="46.00193" lon="6.91865">
        <ele>1635</ele>
        <extensions>
          <distance>24895</distance>
        </extensions>
      </trkpt>
      <trkpt lat="46.00193" lon="6.91868">
        <ele>1635</ele>
        <extensions>
          <distance>24897</distance>
        </extensions>
      </trkpt>
      <trkpt lat="46.00189" lon="6.91873">
        <ele>1633</ele>
        <extensions>
          <distance>24903</distance>
        </extensions>
      </trkpt>
      <trkpt lat="46.00181" lon="6.91878">
        <ele>1630</ele>
        <extensions>
          <distance>24914</distance>
        </extensions>
      </trkpt>
      <trkpt lat="46.00182" lon="6.9188">
        <ele>1630</ele>
        <extensions>
          <distance>24916</distance>
        </extensions>
      </trkpt>
      <trkpt lat="46.0019" lon="6.91884">
        <ele>1626</ele>
        <extensions>
          <distance>24926</distance>
        </extensions>
      </trkpt>
      <trkpt lat="46.00202" lon="6.91884">
        <ele>1624</ele>
        <extensions>
          <distance>24939</distance>
        </extensions>
      </trkpt>
      <trkpt lat="46.00206" lon="6.91881">
        <ele>1622</ele>
        <extensions>
          <distance>24945</distance>
        </extensions>
      </trkpt>
      <trkpt lat="46.00208" lon="6.91882">
        <ele>1622</ele>
        <extensions>
          <distance>24947</distance>
        </extensions>
      </trkpt>
      <trkpt lat="46.001945" lon="6.91897">
        <ele>1615</ele>
        <extensions>
          <distance>24967</distance>
        </extensions>
      </trkpt>
      <trkpt lat="46.00181" lon="6.91912">
        <ele>1608</ele>
        <extensions>
          <distance>24987</distance>
        </extensions>
      </trkpt>
      <trkpt lat="46.00199" lon="6.91921">
        <ele>1600</ele>
        <extensions>
          <distance>25010</distance>
        </extensions>
      </trkpt>
      <trkpt lat="46.00215" lon="6.9192">
        <ele>1597</ele>
        <extensions>
          <distance>25028</distance>
        </extensions>
      </trkpt>
      <trkpt lat="46.0021" lon="6.91935">
        <ele>1591</ele>
        <extensions>
          <distance>25042</distance>
        </extensions>
      </trkpt>
      <trkpt lat="46.00203" lon="6.91945">
        <ele>1589</ele>
        <extensions>
          <distance>25053</distance>
        </extensions>
      </trkpt>
      <trkpt lat="46.001895" lon="6.919595">
        <ele>1582</ele>
        <extensions>
          <distance>25073</distance>
        </extensions>
      </trkpt>
      <trkpt lat="46.00176" lon="6.91974">
        <ele>1576</ele>
        <extensions>
          <distance>25093</distance>
        </extensions>
      </trkpt>
      <trkpt lat="46.00176" lon="6.91978">
        <ele>1573</ele>
        <extensions>
          <distance>25097</distance>
        </extensions>
      </trkpt>
      <trkpt lat="46.00198" lon="6.91986">
        <ele>1568</ele>
        <extensions>
          <distance>25123</distance>
        </extensions>
      </trkpt>
      <trkpt lat="46.00188" lon="6.91993">
        <ele>1563</ele>
        <extensions>
          <distance>25136</distance>
        </extensions>
      </trkpt>
      <trkpt lat="46.00174" lon="6.91997">
        <ele>1563</ele>
        <extensions>
          <distance>25152</distance>
        </extensions>
      </trkpt>
      <trkpt lat="46.00174" lon="6.92">
        <ele>1561</ele>
        <extensions>
          <distance>25154</distance>
        </extensions>
      </trkpt>
      <trkpt lat="46.00181" lon="6.92001">
        <ele>1561</ele>
        <extensions>
          <distance>25162</distance>
        </extensions>
      </trkpt>
      <trkpt lat="46.00196" lon="6.9201">
        <ele>1555</ele>
        <extensions>
          <distance>25181</distance>
        </extensions>
      </trkpt>
      <trkpt lat="46.00205" lon="6.92012">
        <ele>1554</ele>
        <extensions>
          <distance>25191</distance>
        </extensions>
      </trkpt>
      <trkpt lat="46.00192" lon="6.92023">
        <ele>1548</ele>
        <extensions>
          <distance>25209</distance>
        </extensions>
      </trkpt>
      <trkpt lat="46.00176" lon="6.92023">
        <ele>1547</ele>
        <extensions>
          <distance>25227</distance>
        </extensions>
      </trkpt>
      <trkpt lat="46.0018" lon="6.9203">
        <ele>1545</ele>
        <extensions>
          <distance>25234</distance>
        </extensions>
      </trkpt>
      <trkpt lat="46.00194" lon="6.9204">
        <ele>1540</ele>
        <extensions>
          <distance>25252</distance>
        </extensions>
      </trkpt>
      <trkpt lat="46.00209" lon="6.9204">
        <ele>1539</ele>
        <extensions>
          <distance>25269</distance>
        </extensions>
      </trkpt>
      <trkpt lat="46.00205" lon="6.92047">
        <ele>1537</ele>
        <extensions>
          <distance>25276</distance>
        </extensions>
      </trkpt>
      <trkpt lat="46.00196" lon="6.92054">
        <ele>1534</ele>
        <extensions>
          <distance>25288</distance>
        </extensions>
      </trkpt>
      <trkpt lat="46.00179" lon="6.9206">
        <ele>1531</ele>
        <extensions>
          <distance>25307</distance>
        </extensions>
      </trkpt>
      <trkpt lat="46.00163" lon="6.92063">
        <ele>1527</ele>
        <extensions>
          <distance>25326</distance>
        </extensions>
      </trkpt>
      <trkpt lat="46.00185" lon="6.92079">
        <ele>1521</ele>
        <extensions>
          <distance>25354</distance>
        </extensions>
      </trkpt>
      <trkpt lat="46.00171" lon="6.92083">
        <ele>1518</ele>
        <extensions>
          <distance>25370</distance>
        </extensions>
      </trkpt>
      <trkpt lat="46.00192" lon="6.92096">
        <ele>1513</ele>
        <extensions>
          <distance>25396</distance>
        </extensions>
      </trkpt>
      <trkpt lat="46.00206" lon="6.921005">
        <ele>1510</ele>
        <extensions>
          <distance>25412</distance>
        </extensions>
      </trkpt>
      <trkpt lat="46.0022" lon="6.92105">
        <ele>1507</ele>
        <extensions>
          <distance>25428</distance>
        </extensions>
      </trkpt>
      <trkpt lat="46.00241" lon="6.92114">
        <ele>1500</ele>
        <extensions>
          <distance>25454</distance>
        </extensions>
      </trkpt>
      <trkpt lat="46.00262" lon="6.92123">
        <ele>1493</ele>
        <extensions>
          <distance>25479</distance>
        </extensions>
      </trkpt>
      <trkpt lat="46.00283" lon="6.92134">
        <ele>1487</ele>
        <extensions>
          <distance>25504</distance>
        </extensions>
      </trkpt>
      <trkpt lat="46.00285" lon="6.9214">
        <ele>1483</ele>
        <extensions>
          <distance>25511</distance>
        </extensions>
      </trkpt>
      <trkpt lat="46.00283" lon="6.92146">
        <ele>1482</ele>
        <extensions>
          <distance>25516</distance>
        </extensions>
      </trkpt>
      <trkpt lat="46.00293" lon="6.92154">
        <ele>1479</ele>
        <extensions>
          <distance>25529</distance>
        </extensions>
      </trkpt>
      <trkpt lat="46.00291" lon="6.92172">
        <ele>1474</ele>
        <extensions>
          <distance>25544</distance>
        </extensions>
      </trkpt>
      <trkpt lat="46.00297" lon="6.92177">
        <ele>1474</ele>
        <extensions>
          <distance>25552</distance>
        </extensions>
      </trkpt>
      <trkpt lat="46.00307" lon="6.92173">
        <ele>1473</ele>
        <extensions>
          <distance>25564</distance>
        </extensions>
      </trkpt>
      <trkpt lat="46.00315" lon="6.92184">
        <ele>1471</ele>
        <extensions>
          <distance>25576</distance>
        </extensions>
      </trkpt>
      <trkpt lat="46.00333" lon="6.92184">
        <ele>1470</ele>
        <extensions>
          <distance>25596</distance>
        </extensions>
      </trkpt>
      <trkpt lat="46.00346" lon="6.92193">
        <ele>1469</ele>
        <extensions>
          <distance>25612</distance>
        </extensions>
      </trkpt>
      <trkpt lat="46.00354" lon="6.92209">
        <ele>1468</ele>
        <extensions>
          <distance>25627</distance>
        </extensions>
      </trkpt>
      <trkpt lat="46.00362" lon="6.92225">
        <ele>1467</ele>
        <extensions>
          <distance>25643</distance>
        </extensions>
      </trkpt>
      <trkpt lat="46.00369" lon="6.92245">
        <ele>1465</ele>
        <extensions>
          <distance>25660</distance>
        </extensions>
      </trkpt>
      <trkpt lat="46.0037" lon="6.92254">
        <ele>1463</ele>
        <extensions>
          <distance>25667</distance>
        </extensions>
      </trkpt>
      <trkpt lat="46.00366" lon="6.92284">
        <ele>1459</ele>
        <extensions>
          <distance>25691</distance>
        </extensions>
      </trkpt>
      <trkpt lat="46.00375" lon="6.923075">
        <ele>1458</ele>
        <extensions>
          <distance>25712</distance>
        </extensions>
      </trkpt>
      <trkpt lat="46.00384" lon="6.92331">
        <ele>1458</ele>
        <extensions>
          <distance>25733</distance>
        </extensions>
      </trkpt>
      <trkpt lat="46.00389" lon="6.92336">
        <ele>1458</ele>
        <extensions>
          <distance>25740</distance>
        </extensions>
      </trkpt>
      <trkpt lat="46.00394" lon="6.92335">
        <ele>1458</ele>
        <extensions>
          <distance>25745</distance>
        </extensions>
      </trkpt>
      <trkpt lat="46.00407" lon="6.92316">
        <ele>1458</ele>
        <extensions>
          <distance>25766</distance>
        </extensions>
      </trkpt>
      <trkpt lat="46.00413" lon="6.92314">
        <ele>1459</ele>
        <extensions>
          <distance>25773</distance>
        </extensions>
      </trkpt>
      <trkpt lat="46.00416" lon="6.9231">
        <ele>1459</ele>
        <extensions>
          <distance>25777</distance>
        </extensions>
      </trkpt>
      <trkpt lat="46.00431" lon="6.92305">
        <ele>1461</ele>
        <extensions>
          <distance>25794</distance>
        </extensions>
      </trkpt>
      <trkpt lat="46.00437" lon="6.92306">
        <ele>1462</ele>
        <extensions>
          <distance>25801</distance>
        </extensions>
      </trkpt>
      <trkpt lat="46.0044" lon="6.92304">
        <ele>1462</ele>
        <extensions>
          <distance>25805</distance>
        </extensions>
      </trkpt>
      <trkpt lat="46.00446" lon="6.92304">
        <ele>1463</ele>
        <extensions>
          <distance>25812</distance>
        </extensions>
      </trkpt>
      <trkpt lat="46.00453" lon="6.92298">
        <ele>1463</ele>
        <extensions>
          <distance>25821</distance>
        </extensions>
      </trkpt>
      <trkpt lat="46.00466" lon="6.92306">
        <ele>1463</ele>
        <extensions>
          <distance>25836</distance>
        </extensions>
      </trkpt>
      <trkpt lat="46.00471" lon="6.92304">
        <ele>1463</ele>
        <extensions>
          <distance>25842</distance>
        </extensions>
      </trkpt>
      <trkpt lat="46.00478" lon="6.92308">
        <ele>1462</ele>
        <extensions>
          <distance>25850</distance>
        </extensions>
      </trkpt>
      <trkpt lat="46.00484" lon="6.92305">
        <ele>1461</ele>
        <extensions>
          <distance>25858</distance>
        </extensions>
      </trkpt>
      <trkpt lat="46.00492" lon="6.92297">
        <ele>1461</ele>
        <extensions>
          <distance>25868</distance>
        </extensions>
      </trkpt>
      <trkpt lat="46.00511" lon="6.92289">
        <ele>1460</ele>
        <extensions>
          <distance>25890</distance>
        </extensions>
      </trkpt>
      <trkpt lat="46.005275" lon="6.922855">
        <ele>1458</ele>
        <extensions>
          <distance>25909</distance>
        </extensions>
      </trkpt>
      <trkpt lat="46.00544" lon="6.92282">
        <ele>1457</ele>
        <extensions>
          <distance>25928</distance>
        </extensions>
      </trkpt>
      <trkpt lat="46.00549" lon="6.92273">
        <ele>1456</ele>
        <extensions>
          <distance>25936</distance>
        </extensions>
      </trkpt>
      <trkpt lat="46.00556" lon="6.92268">
        <ele>1456</ele>
        <extensions>
          <distance>25945</distance>
        </extensions>
      </trkpt>
      <trkpt lat="46.00566" lon="6.92271">
        <ele>1455</ele>
        <extensions>
          <distance>25957</distance>
        </extensions>
      </trkpt>
      <trkpt lat="46.00576" lon="6.92265">
        <ele>1454</ele>
        <extensions>
          <distance>25969</distance>
        </extensions>
      </trkpt>
      <trkpt lat="46.0059" lon="6.92267">
        <ele>1453</ele>
        <extensions>
          <distance>25984</distance>
        </extensions>
      </trkpt>
      <trkpt lat="46.00593" lon="6.92263">
        <ele>1453</ele>
        <extensions>
          <distance>25989</distance>
        </extensions>
      </trkpt>
      <trkpt lat="46.00605" lon="6.9227">
        <ele>1451</ele>
        <extensions>
          <distance>26003</distance>
        </extensions>
      </trkpt>
      <trkpt lat="46.00614" lon="6.92266">
        <ele>1450</ele>
        <extensions>
          <distance>26014</distance>
        </extensions>
      </trkpt>
      <trkpt lat="46.00629" lon="6.92252">
        <ele>1449</ele>
        <extensions>
          <distance>26034</distance>
        </extensions>
      </trkpt>
      <trkpt lat="46.00645" lon="6.922599999999999">
        <ele>1446</ele>
        <extensions>
          <distance>26053</distance>
        </extensions>
      </trkpt>
      <trkpt lat="46.00661" lon="6.92268">
        <ele>1442</ele>
        <extensions>
          <distance>26072</distance>
        </extensions>
      </trkpt>
      <trkpt lat="46.00665" lon="6.92269">
        <ele>1442</ele>
        <extensions>
          <distance>26077</distance>
        </extensions>
      </trkpt>
      <trkpt lat="46.00687" lon="6.92265">
        <ele>1439</ele>
        <extensions>
          <distance>26101</distance>
        </extensions>
      </trkpt>
      <trkpt lat="46.00701" lon="6.9228">
        <ele>1436</ele>
        <extensions>
          <distance>26121</distance>
        </extensions>
      </trkpt>
      <trkpt lat="46.00706" lon="6.92272">
        <ele>1435</ele>
        <extensions>
          <distance>26129</distance>
        </extensions>
      </trkpt>
      <trkpt lat="46.00727" lon="6.9226">
        <ele>1434</ele>
        <extensions>
          <distance>26155</distance>
        </extensions>
      </trkpt>
      <trkpt lat="46.0074" lon="6.92247">
        <ele>1434</ele>
        <extensions>
          <distance>26172</distance>
        </extensions>
      </trkpt>
      <trkpt lat="46.0076" lon="6.922445">
        <ele>1434</ele>
        <extensions>
          <distance>26194</distance>
        </extensions>
      </trkpt>
      <trkpt lat="46.0078" lon="6.92242">
        <ele>1434</ele>
        <extensions>
          <distance>26217</distance>
        </extensions>
      </trkpt>
      <trkpt lat="46.00794" lon="6.92248">
        <ele>1434</ele>
        <extensions>
          <distance>26233</distance>
        </extensions>
      </trkpt>
      <trkpt lat="46.00802" lon="6.9225">
        <ele>1434</ele>
        <extensions>
          <distance>26242</distance>
        </extensions>
      </trkpt>
      <trkpt lat="46.008134999999996" lon="6.922610000000001">
        <ele>1433</ele>
        <extensions>
          <distance>26257</distance>
        </extensions>
      </trkpt>
      <trkpt lat="46.00825" lon="6.92272">
        <ele>1431</ele>
        <extensions>
          <distance>26273</distance>
        </extensions>
      </trkpt>
      <trkpt lat="46.008385" lon="6.922815">
        <ele>1431</ele>
        <extensions>
          <distance>26290</distance>
        </extensions>
      </trkpt>
      <trkpt lat="46.00852" lon="6.92291">
        <ele>1430</ele>
        <extensions>
          <distance>26306</distance>
        </extensions>
      </trkpt>
      <trkpt lat="46.00866" lon="6.92296">
        <ele>1430</ele>
        <extensions>
          <distance>26322</distance>
        </extensions>
      </trkpt>
      <trkpt lat="46.0088" lon="6.92301">
        <ele>1430</ele>
        <extensions>
          <distance>26338</distance>
        </extensions>
      </trkpt>
      <trkpt lat="46.00889" lon="6.9231">
        <ele>1429</ele>
        <extensions>
          <distance>26351</distance>
        </extensions>
      </trkpt>
      <trkpt lat="46.00897" lon="6.9231">
        <ele>1429</ele>
        <extensions>
          <distance>26359</distance>
        </extensions>
      </trkpt>
      <trkpt lat="46.00908" lon="6.92315">
        <ele>1427</ele>
        <extensions>
          <distance>26372</distance>
        </extensions>
      </trkpt>
      <trkpt lat="46.0093" lon="6.92309">
        <ele>1427</ele>
        <extensions>
          <distance>26397</distance>
        </extensions>
      </trkpt>
      <trkpt lat="46.00951" lon="6.92307">
        <ele>1426</ele>
        <extensions>
          <distance>26421</distance>
        </extensions>
      </trkpt>
      <trkpt lat="46.00973" lon="6.92287">
        <ele>1426</ele>
        <extensions>
          <distance>26450</distance>
        </extensions>
      </trkpt>
      <trkpt lat="46.00986" lon="6.922805">
        <ele>1427</ele>
        <extensions>
          <distance>26465</distance>
        </extensions>
      </trkpt>
      <trkpt lat="46.00999" lon="6.92274">
        <ele>1427</ele>
        <extensions>
          <distance>26480</distance>
        </extensions>
      </trkpt>
      <trkpt lat="46.01009" lon="6.92262">
        <ele>1427</ele>
        <extensions>
          <distance>26495</distance>
        </extensions>
      </trkpt>
      <trkpt lat="46.010225" lon="6.92257">
        <ele>1427</ele>
        <extensions>
          <distance>26510</distance>
        </extensions>
      </trkpt>
      <trkpt lat="46.01036" lon="6.92252">
        <ele>1427</ele>
        <extensions>
          <distance>26526</distance>
        </extensions>
      </trkpt>
      <trkpt lat="46.01044" lon="6.92243">
        <ele>1427</ele>
        <extensions>
          <distance>26537</distance>
        </extensions>
      </trkpt>
      <trkpt lat="46.01066" lon="6.92238">
        <ele>1426</ele>
        <extensions>
          <distance>26562</distance>
        </extensions>
      </trkpt>
      <trkpt lat="46.01074" lon="6.92233">
        <ele>1425</ele>
        <extensions>
          <distance>26571</distance>
        </extensions>
      </trkpt>
      <trkpt lat="46.01095" lon="6.92232">
        <ele>1421</ele>
        <extensions>
          <distance>26595</distance>
        </extensions>
      </trkpt>
      <trkpt lat="46.01105" lon="6.9223">
        <ele>1418</ele>
        <extensions>
          <distance>26606</distance>
        </extensions>
      </trkpt>
      <trkpt lat="46.01117" lon="6.92215">
        <ele>1417</ele>
        <extensions>
          <distance>26624</distance>
        </extensions>
      </trkpt>
      <trkpt lat="46.011335" lon="6.921895">
        <ele>1416</ele>
        <extensions>
          <distance>26651</distance>
        </extensions>
      </trkpt>
      <trkpt lat="46.0115" lon="6.92164">
        <ele>1416</ele>
        <extensions>
          <distance>26678</distance>
        </extensions>
      </trkpt>
      <trkpt lat="46.01165" lon="6.92138">
        <ele>1415</ele>
        <extensions>
          <distance>26704</distance>
        </extensions>
      </trkpt>
      <trkpt lat="46.01182" lon="6.92125">
        <ele>1415</ele>
        <extensions>
          <distance>26726</distance>
        </extensions>
      </trkpt>
      <trkpt lat="46.01182" lon="6.921">
        <ele>1413</ele>
        <extensions>
          <distance>26745</distance>
        </extensions>
      </trkpt>
      <trkpt lat="46.011995" lon="6.92089">
        <ele>1412</ele>
        <extensions>
          <distance>26766</distance>
        </extensions>
      </trkpt>
      <trkpt lat="46.01217" lon="6.92078">
        <ele>1409</ele>
        <extensions>
          <distance>26788</distance>
        </extensions>
      </trkpt>
      <trkpt lat="46.01229" lon="6.92059">
        <ele>1408</ele>
        <extensions>
          <distance>26808</distance>
        </extensions>
      </trkpt>
      <trkpt lat="46.01244" lon="6.92051">
        <ele>1406</ele>
        <extensions>
          <distance>26826</distance>
        </extensions>
      </trkpt>
      <trkpt lat="46.01259" lon="6.92043">
        <ele>1403</ele>
        <extensions>
          <distance>26844</distance>
        </extensions>
      </trkpt>
      <trkpt lat="46.012735000000006" lon="6.920335">
        <ele>1402</ele>
        <extensions>
          <distance>26861</distance>
        </extensions>
      </trkpt>
      <trkpt lat="46.01288" lon="6.92024">
        <ele>1400</ele>
        <extensions>
          <distance>26879</distance>
        </extensions>
      </trkpt>
      <trkpt lat="46.013025" lon="6.920315">
        <ele>1396</ele>
        <extensions>
          <distance>26897</distance>
        </extensions>
      </trkpt>
      <trkpt lat="46.01317" lon="6.92039">
        <ele>1393</ele>
        <extensions>
          <distance>26914</distance>
        </extensions>
      </trkpt>
      <trkpt lat="46.01336" lon="6.92035">
        <ele>1390</ele>
        <extensions>
          <distance>26936</distance>
        </extensions>
      </trkpt>
      <trkpt lat="46.01357" lon="6.9202200000000005">
        <ele>1388</ele>
        <extensions>
          <distance>26961</distance>
        </extensions>
      </trkpt>
      <trkpt lat="46.01378" lon="6.92009">
        <ele>1385</ele>
        <extensions>
          <distance>26987</distance>
        </extensions>
      </trkpt>
      <trkpt lat="46.01383" lon="6.92002">
        <ele>1385</ele>
        <extensions>
          <distance>26995</distance>
        </extensions>
      </trkpt>
      <trkpt lat="46.01399" lon="6.92001">
        <ele>1385</ele>
        <extensions>
          <distance>27012</distance>
        </extensions>
      </trkpt>
      <trkpt lat="46.01404" lon="6.91963">
        <ele>1385</ele>
        <extensions>
          <distance>27042</distance>
        </extensions>
      </trkpt>
      <trkpt lat="46.01409" lon="6.91925">
        <ele>1385</ele>
        <extensions>
          <distance>27072</distance>
        </extensions>
      </trkpt>
      <trkpt lat="46.01418" lon="6.91909">
        <ele>1385</ele>
        <extensions>
          <distance>27088</distance>
        </extensions>
      </trkpt>
      <trkpt lat="46.014295000000004" lon="6.918965">
        <ele>1385</ele>
        <extensions>
          <distance>27104</distance>
        </extensions>
      </trkpt>
      <trkpt lat="46.01441" lon="6.91884">
        <ele>1385</ele>
        <extensions>
          <distance>27120</distance>
        </extensions>
      </trkpt>
      <trkpt lat="46.01451" lon="6.918665000000001">
        <ele>1385</ele>
        <extensions>
          <distance>27138</distance>
        </extensions>
      </trkpt>
      <trkpt lat="46.01461" lon="6.91849">
        <ele>1385</ele>
        <extensions>
          <distance>27155</distance>
        </extensions>
      </trkpt>
      <trkpt lat="46.014695" lon="6.918315">
        <ele>1385</ele>
        <extensions>
          <distance>27172</distance>
        </extensions>
      </trkpt>
      <trkpt lat="46.01478" lon="6.91814">
        <ele>1385</ele>
        <extensions>
          <distance>27188</distance>
        </extensions>
      </trkpt>
      <trkpt lat="46.01495" lon="6.91799">
        <ele>1388</ele>
        <extensions>
          <distance>27211</distance>
        </extensions>
      </trkpt>
      <trkpt lat="46.01508" lon="6.91781">
        <ele>1389</ele>
        <extensions>
          <distance>27231</distance>
        </extensions>
      </trkpt>
      <trkpt lat="46.01521" lon="6.91747">
        <ele>1392</ele>
        <extensions>
          <distance>27261</distance>
        </extensions>
      </trkpt>
      <trkpt lat="46.01534" lon="6.91725">
        <ele>1392</ele>
        <extensions>
          <distance>27283</distance>
        </extensions>
      </trkpt>
      <trkpt lat="46.01551" lon="6.91712">
        <ele>1392</ele>
        <extensions>
          <distance>27305</distance>
        </extensions>
      </trkpt>
      <trkpt lat="46.01567" lon="6.917085">
        <ele>1392</ele>
        <extensions>
          <distance>27323</distance>
        </extensions>
      </trkpt>
      <trkpt lat="46.01583" lon="6.91705">
        <ele>1390</ele>
        <extensions>
          <distance>27341</distance>
        </extensions>
      </trkpt>
      <trkpt lat="46.016" lon="6.91698">
        <ele>1390</ele>
        <extensions>
          <distance>27360</distance>
        </extensions>
      </trkpt>
      <trkpt lat="46.01616" lon="6.91684">
        <ele>1390</ele>
        <extensions>
          <distance>27381</distance>
        </extensions>
      </trkpt>
      <trkpt lat="46.01625" lon="6.91668">
        <ele>1390</ele>
        <extensions>
          <distance>27397</distance>
        </extensions>
      </trkpt>
      <trkpt lat="46.01636" lon="6.91636">
        <ele>1394</ele>
        <extensions>
          <distance>27425</distance>
        </extensions>
      </trkpt>
      <trkpt lat="46.01647" lon="6.91614">
        <ele>1394</ele>
        <extensions>
          <distance>27446</distance>
        </extensions>
      </trkpt>
      <trkpt lat="46.016625" lon="6.915935">
        <ele>1394</ele>
        <extensions>
          <distance>27469</distance>
        </extensions>
      </trkpt>
      <trkpt lat="46.01678" lon="6.91573">
        <ele>1394</ele>
        <extensions>
          <distance>27492</distance>
        </extensions>
      </trkpt>
      <trkpt lat="46.01692" lon="6.91567">
        <ele>1393</ele>
        <extensions>
          <distance>27509</distance>
        </extensions>
      </trkpt>
      <trkpt lat="46.01704" lon="6.91566">
        <ele>1391</ele>
        <extensions>
          <distance>27522</distance>
        </extensions>
      </trkpt>
      <trkpt lat="46.01713" lon="6.91557">
        <ele>1390</ele>
        <extensions>
          <distance>27534</distance>
        </extensions>
      </trkpt>
      <trkpt lat="46.017265" lon="6.9154599999999995">
        <ele>1389</ele>
        <extensions>
          <distance>27551</distance>
        </extensions>
      </trkpt>
      <trkpt lat="46.0174" lon="6.91535">
        <ele>1387</ele>
        <extensions>
          <distance>27569</distance>
        </extensions>
      </trkpt>
      <trkpt lat="46.017535" lon="6.91536">
        <ele>1385</ele>
        <extensions>
          <distance>27584</distance>
        </extensions>
      </trkpt>
      <trkpt lat="46.01767" lon="6.91537">
        <ele>1384</ele>
        <extensions>
          <distance>27599</distance>
        </extensions>
      </trkpt>
      <trkpt lat="46.017555" lon="6.915505">
        <ele>1384</ele>
        <extensions>
          <distance>27616</distance>
        </extensions>
      </trkpt>
      <trkpt lat="46.01744" lon="6.91564">
        <ele>1383</ele>
        <extensions>
          <distance>27632</distance>
        </extensions>
      </trkpt>
      <trkpt lat="46.01733" lon="6.915825">
        <ele>1383</ele>
        <extensions>
          <distance>27651</distance>
        </extensions>
      </trkpt>
      <trkpt lat="46.01722" lon="6.91601">
        <ele>1383</ele>
        <extensions>
          <distance>27670</distance>
        </extensions>
      </trkpt>
      <trkpt lat="46.01717" lon="6.91622">
        <ele>1382</ele>
        <extensions>
          <distance>27687</distance>
        </extensions>
      </trkpt>
      <trkpt lat="46.017084999999994" lon="6.9164525">
        <ele>1380</ele>
        <extensions>
          <distance>27707</distance>
        </extensions>
      </trkpt>
      <trkpt lat="46.016999999999996" lon="6.916685">
        <ele>1378</ele>
        <extensions>
          <distance>27728</distance>
        </extensions>
      </trkpt>
      <trkpt lat="46.016915" lon="6.9169175">
        <ele>1377</ele>
        <extensions>
          <distance>27748</distance>
        </extensions>
      </trkpt>
      <trkpt lat="46.01683" lon="6.91715">
        <ele>1376</ele>
        <extensions>
          <distance>27768</distance>
        </extensions>
      </trkpt>
      <trkpt lat="46.01666" lon="6.91728">
        <ele>1375</ele>
        <extensions>
          <distance>27790</distance>
        </extensions>
      </trkpt>
      <trkpt lat="46.01655" lon="6.91744">
        <ele>1375</ele>
        <extensions>
          <distance>27807</distance>
        </extensions>
      </trkpt>
      <trkpt lat="46.01644" lon="6.9176">
        <ele>1375</ele>
        <extensions>
          <distance>27825</distance>
        </extensions>
      </trkpt>
      <trkpt lat="46.01634" lon="6.91762">
        <ele>1375</ele>
        <extensions>
          <distance>27836</distance>
        </extensions>
      </trkpt>
      <trkpt lat="46.01629" lon="6.91767">
        <ele>1375</ele>
        <extensions>
          <distance>27843</distance>
        </extensions>
      </trkpt>
      <trkpt lat="46.01621" lon="6.91786">
        <ele>1372</ele>
        <extensions>
          <distance>27860</distance>
        </extensions>
      </trkpt>
      <trkpt lat="46.01611" lon="6.918">
        <ele>1370</ele>
        <extensions>
          <distance>27876</distance>
        </extensions>
      </trkpt>
      <trkpt lat="46.0161" lon="6.91811">
        <ele>1369</ele>
        <extensions>
          <distance>27884</distance>
        </extensions>
      </trkpt>
      <trkpt lat="46.01611" lon="6.91814">
        <ele>1368</ele>
        <extensions>
          <distance>27887</distance>
        </extensions>
      </trkpt>
      <trkpt lat="46.0162" lon="6.918335">
        <ele>1365</ele>
        <extensions>
          <distance>27905</distance>
        </extensions>
      </trkpt>
      <trkpt lat="46.01629" lon="6.91853">
        <ele>1362</ele>
        <extensions>
          <distance>27924</distance>
        </extensions>
      </trkpt>
      <trkpt lat="46.01641" lon="6.91873">
        <ele>1359</ele>
        <extensions>
          <distance>27944</distance>
        </extensions>
      </trkpt>
      <trkpt lat="46.016585" lon="6.9187449999999995">
        <ele>1358</ele>
        <extensions>
          <distance>27964</distance>
        </extensions>
      </trkpt>
      <trkpt lat="46.01676" lon="6.91876">
        <ele>1357</ele>
        <extensions>
          <distance>27983</distance>
        </extensions>
      </trkpt>
      <trkpt lat="46.01696" lon="6.91886">
        <ele>1355</ele>
        <extensions>
          <distance>28007</distance>
        </extensions>
      </trkpt>
      <trkpt lat="46.01716" lon="6.91884">
        <ele>1355</ele>
        <extensions>
          <distance>28029</distance>
        </extensions>
      </trkpt>
      <trkpt lat="46.017309999999995" lon="6.918845">
        <ele>1353</ele>
        <extensions>
          <distance>28046</distance>
        </extensions>
      </trkpt>
      <trkpt lat="46.01746" lon="6.91885">
        <ele>1352</ele>
        <extensions>
          <distance>28063</distance>
        </extensions>
      </trkpt>
      <trkpt lat="46.0176" lon="6.91883">
        <ele>1351</ele>
        <extensions>
          <distance>28078</distance>
        </extensions>
      </trkpt>
      <trkpt lat="46.01774" lon="6.91881">
        <ele>1350</ele>
        <extensions>
          <distance>28094</distance>
        </extensions>
      </trkpt>
      <trkpt lat="46.0179" lon="6.91883">
        <ele>1350</ele>
        <extensions>
          <distance>28112</distance>
        </extensions>
      </trkpt>
      <trkpt lat="46.01807" lon="6.91864">
        <ele>1350</ele>
        <extensions>
          <distance>28136</distance>
        </extensions>
      </trkpt>
      <trkpt lat="46.01818" lon="6.91845">
        <ele>1350</ele>
        <extensions>
          <distance>28155</distance>
        </extensions>
      </trkpt>
      <trkpt lat="46.01829" lon="6.91826">
        <ele>1349</ele>
        <extensions>
          <distance>28174</distance>
        </extensions>
      </trkpt>
      <trkpt lat="46.01833" lon="6.91824">
        <ele>1349</ele>
        <extensions>
          <distance>28179</distance>
        </extensions>
      </trkpt>
      <trkpt lat="46.01851" lon="6.91821">
        <ele>1349</ele>
        <extensions>
          <distance>28199</distance>
        </extensions>
      </trkpt>
      <trkpt lat="46.01875" lon="6.9183">
        <ele>1350</ele>
        <extensions>
          <distance>28227</distance>
        </extensions>
      </trkpt>
      <trkpt lat="46.01873" lon="6.91836">
        <ele>1350</ele>
        <extensions>
          <distance>28232</distance>
        </extensions>
      </trkpt>
      <trkpt lat="46.018775" lon="6.91812">
        <ele>1350</ele>
        <extensions>
          <distance>28251</distance>
        </extensions>
      </trkpt>
      <trkpt lat="46.01882" lon="6.91788">
        <ele>1351</ele>
        <extensions>
          <distance>28270</distance>
        </extensions>
      </trkpt>
      <trkpt lat="46.0187" lon="6.91755">
        <ele>1353</ele>
        <extensions>
          <distance>28299</distance>
        </extensions>
      </trkpt>
      <trkpt lat="46.01868" lon="6.91744">
        <ele>1353</ele>
        <extensions>
          <distance>28308</distance>
        </extensions>
      </trkpt>
      <trkpt lat="46.0187" lon="6.91724">
        <ele>1353</ele>
        <extensions>
          <distance>28324</distance>
        </extensions>
      </trkpt>
      <trkpt lat="46.01877" lon="6.91709">
        <ele>1354</ele>
        <extensions>
          <distance>28338</distance>
        </extensions>
      </trkpt>
      <trkpt lat="46.01883" lon="6.916845">
        <ele>1356</ele>
        <extensions>
          <distance>28358</distance>
        </extensions>
      </trkpt>
      <trkpt lat="46.01889" lon="6.9166">
        <ele>1358</ele>
        <extensions>
          <distance>28378</distance>
        </extensions>
      </trkpt>
      <trkpt lat="46.01896" lon="6.91644">
        <ele>1360</ele>
        <extensions>
          <distance>28393</distance>
        </extensions>
      </trkpt>
      <trkpt lat="46.019115" lon="6.916175">
        <ele>1362</ele>
        <extensions>
          <distance>28419</distance>
        </extensions>
      </trkpt>
      <trkpt lat="46.01927" lon="6.91591">
        <ele>1364</ele>
        <extensions>
          <distance>28446</distance>
        </extensions>
      </trkpt>
      <trkpt lat="46.01931" lon="6.9157">
        <ele>1366</ele>
        <extensions>
          <distance>28463</distance>
        </extensions>
      </trkpt>
      <trkpt lat="46.019335" lon="6.915415">
        <ele>1369</ele>
        <extensions>
          <distance>28486</distance>
        </extensions>
      </trkpt>
      <trkpt lat="46.01936" lon="6.91513">
        <ele>1370</ele>
        <extensions>
          <distance>28508</distance>
        </extensions>
      </trkpt>
      <trkpt lat="46.01935" lon="6.91484">
        <ele>1372</ele>
        <extensions>
          <distance>28531</distance>
        </extensions>
      </trkpt>
      <trkpt lat="46.01915" lon="6.91483">
        <ele>1374</ele>
        <extensions>
          <distance>28553</distance>
        </extensions>
      </trkpt>
      <trkpt lat="46.01908" lon="6.91462">
        <ele>1378</ele>
        <extensions>
          <distance>28571</distance>
        </extensions>
      </trkpt>
      <trkpt lat="46.01909" lon="6.91429">
        <ele>1385</ele>
        <extensions>
          <distance>28598</distance>
        </extensions>
      </trkpt>
      <trkpt lat="46.01919" lon="6.91419">
        <ele>1386</ele>
        <extensions>
          <distance>28611</distance>
        </extensions>
      </trkpt>
      <trkpt lat="46.0192" lon="6.9141">
        <ele>1387</ele>
        <extensions>
          <distance>28619</distance>
        </extensions>
      </trkpt>
      <trkpt lat="46.01909" lon="6.91388">
        <ele>1395</ele>
        <extensions>
          <distance>28641</distance>
        </extensions>
      </trkpt>
      <trkpt lat="46.01903" lon="6.91386">
        <ele>1397</ele>
        <extensions>
          <distance>28648</distance>
        </extensions>
      </trkpt>
      <trkpt lat="46.01902" lon="6.91378">
        <ele>1400</ele>
        <extensions>
          <distance>28655</distance>
        </extensions>
      </trkpt>
      <trkpt lat="46.01921" lon="6.91368">
        <ele>1400</ele>
        <extensions>
          <distance>28677</distance>
        </extensions>
      </trkpt>
      <trkpt lat="46.01929" lon="6.91354">
        <ele>1404</ele>
        <extensions>
          <distance>28691</distance>
        </extensions>
      </trkpt>
      <trkpt lat="46.01939" lon="6.91345">
        <ele>1406</ele>
        <extensions>
          <distance>28705</distance>
        </extensions>
      </trkpt>
      <trkpt lat="46.01952" lon="6.91344">
        <ele>1407</ele>
        <extensions>
          <distance>28719</distance>
        </extensions>
      </trkpt>
      <trkpt lat="46.01973" lon="6.91336">
        <ele>1409</ele>
        <extensions>
          <distance>28743</distance>
        </extensions>
      </trkpt>
      <trkpt lat="46.01982" lon="6.91329">
        <ele>1409</ele>
        <extensions>
          <distance>28755</distance>
        </extensions>
      </trkpt>
      <trkpt lat="46.01984" lon="6.91317">
        <ele>1410</ele>
        <extensions>
          <distance>28764</distance>
        </extensions>
      </trkpt>
      <trkpt lat="46.01995" lon="6.913">
        <ele>1410</ele>
        <extensions>
          <distance>28782</distance>
        </extensions>
      </trkpt>
      <trkpt lat="46.01997" lon="6.91292">
        <ele>1410</ele>
        <extensions>
          <distance>28789</distance>
        </extensions>
      </trkpt>
      <trkpt lat="46.02001" lon="6.9129">
        <ele>1411</ele>
        <extensions>
          <distance>28794</distance>
        </extensions>
      </trkpt>
      <trkpt lat="46.02001" lon="6.91287">
        <ele>1411</ele>
        <extensions>
          <distance>28796</distance>
        </extensions>
      </trkpt>
      <trkpt lat="46.01996" lon="6.91282">
        <ele>1413</ele>
        <extensions>
          <distance>28803</distance>
        </extensions>
      </trkpt>
      <trkpt lat="46.01993" lon="6.91283">
        <ele>1413</ele>
        <extensions>
          <distance>28806</distance>
        </extensions>
      </trkpt>
      <trkpt lat="46.01982" lon="6.91279">
        <ele>1419</ele>
        <extensions>
          <distance>28820</distance>
        </extensions>
      </trkpt>
      <trkpt lat="46.0197" lon="6.91284">
        <ele>1421</ele>
        <extensions>
          <distance>28834</distance>
        </extensions>
      </trkpt>
      <trkpt lat="46.01964" lon="6.91275">
        <ele>1425</ele>
        <extensions>
          <distance>28844</distance>
        </extensions>
      </trkpt>
      <trkpt lat="46.01965" lon="6.9125499999999995">
        <ele>1430</ele>
        <extensions>
          <distance>28861</distance>
        </extensions>
      </trkpt>
      <trkpt lat="46.01966" lon="6.91235">
        <ele>1434</ele>
        <extensions>
          <distance>28877</distance>
        </extensions>
      </trkpt>
      <trkpt lat="46.0198" lon="6.91212">
        <ele>1435</ele>
        <extensions>
          <distance>28900</distance>
        </extensions>
      </trkpt>
      <trkpt lat="46.01981" lon="6.91207">
        <ele>1437</ele>
        <extensions>
          <distance>28904</distance>
        </extensions>
      </trkpt>
      <trkpt lat="46.01977" lon="6.91176">
        <ele>1444</ele>
        <extensions>
          <distance>28930</distance>
        </extensions>
      </trkpt>
      <trkpt lat="46.01977" lon="6.91138">
        <ele>1447</ele>
        <extensions>
          <distance>28959</distance>
        </extensions>
      </trkpt>
      <trkpt lat="46.01975" lon="6.91126">
        <ele>1448</ele>
        <extensions>
          <distance>28969</distance>
        </extensions>
      </trkpt>
      <trkpt lat="46.01978" lon="6.91095">
        <ele>1450</ele>
        <extensions>
          <distance>28993</distance>
        </extensions>
      </trkpt>
      <trkpt lat="46.01967" lon="6.91073">
        <ele>1454</ele>
        <extensions>
          <distance>29015</distance>
        </extensions>
      </trkpt>
      <trkpt lat="46.01962" lon="6.91055">
        <ele>1459</ele>
        <extensions>
          <distance>29031</distance>
        </extensions>
      </trkpt>
      <trkpt lat="46.01956" lon="6.91045">
        <ele>1460</ele>
        <extensions>
          <distance>29041</distance>
        </extensions>
      </trkpt>
      <trkpt lat="46.01954" lon="6.91024">
        <ele>1460</ele>
        <extensions>
          <distance>29057</distance>
        </extensions>
      </trkpt>
      <trkpt lat="46.01956" lon="6.91015">
        <ele>1461</ele>
        <extensions>
          <distance>29064</distance>
        </extensions>
      </trkpt>
      <trkpt lat="46.01954" lon="6.90999">
        <ele>1461</ele>
        <extensions>
          <distance>29077</distance>
        </extensions>
      </trkpt>
      <trkpt lat="46.01956" lon="6.90984">
        <ele>1461</ele>
        <extensions>
          <distance>29089</distance>
        </extensions>
      </trkpt>
      <trkpt lat="46.01951" lon="6.90948">
        <ele>1467</ele>
        <extensions>
          <distance>29118</distance>
        </extensions>
      </trkpt>
      <trkpt lat="46.0195" lon="6.90942">
        <ele>1468</ele>
        <extensions>
          <distance>29122</distance>
        </extensions>
      </trkpt>
      <trkpt lat="46.01947" lon="6.90939">
        <ele>1471</ele>
        <extensions>
          <distance>29127</distance>
        </extensions>
      </trkpt>
      <trkpt lat="46.01941" lon="6.90921">
        <ele>1475</ele>
        <extensions>
          <distance>29143</distance>
        </extensions>
      </trkpt>
      <trkpt lat="46.01934" lon="6.90891">
        <ele>1475</ele>
        <extensions>
          <distance>29168</distance>
        </extensions>
      </trkpt>
      <trkpt lat="46.01935" lon="6.90876">
        <ele>1475</ele>
        <extensions>
          <distance>29180</distance>
        </extensions>
      </trkpt>
      <trkpt lat="46.01943" lon="6.90861">
        <ele>1475</ele>
        <extensions>
          <distance>29194</distance>
        </extensions>
      </trkpt>
      <trkpt lat="46.01947" lon="6.90846">
        <ele>1475</ele>
        <extensions>
          <distance>29207</distance>
        </extensions>
      </trkpt>
      <trkpt lat="46.01942" lon="6.90814">
        <ele>1475</ele>
        <extensions>
          <distance>29232</distance>
        </extensions>
      </trkpt>
      <trkpt lat="46.01941" lon="6.90792">
        <ele>1475</ele>
        <extensions>
          <distance>29249</distance>
        </extensions>
      </trkpt>
      <trkpt lat="46.0193" lon="6.90761">
        <ele>1478</ele>
        <extensions>
          <distance>29276</distance>
        </extensions>
      </trkpt>
      <trkpt lat="46.01925" lon="6.90752">
        <ele>1479</ele>
        <extensions>
          <distance>29285</distance>
        </extensions>
      </trkpt>
      <trkpt lat="46.0191" lon="6.90738">
        <ele>1486</ele>
        <extensions>
          <distance>29306</distance>
        </extensions>
      </trkpt>
      <trkpt lat="46.01905" lon="6.90727">
        <ele>1486</ele>
        <extensions>
          <distance>29316</distance>
        </extensions>
      </trkpt>
      <trkpt lat="46.019035" lon="6.907035">
        <ele>1486</ele>
        <extensions>
          <distance>29334</distance>
        </extensions>
      </trkpt>
      <trkpt lat="46.01902" lon="6.9068">
        <ele>1488</ele>
        <extensions>
          <distance>29353</distance>
        </extensions>
      </trkpt>
      <trkpt lat="46.01894" lon="6.90655">
        <ele>1488</ele>
        <extensions>
          <distance>29374</distance>
        </extensions>
      </trkpt>
      <trkpt lat="46.0189" lon="6.9065">
        <ele>1488</ele>
        <extensions>
          <distance>29380</distance>
        </extensions>
      </trkpt>
      <trkpt lat="46.01879" lon="6.90626">
        <ele>1494</ele>
        <extensions>
          <distance>29402</distance>
        </extensions>
      </trkpt>
      <trkpt lat="46.01875" lon="6.90602">
        <ele>1495</ele>
        <extensions>
          <distance>29422</distance>
        </extensions>
      </trkpt>
      <trkpt lat="46.01871" lon="6.90578">
        <ele>1496</ele>
        <extensions>
          <distance>29441</distance>
        </extensions>
      </trkpt>
      <trkpt lat="46.0187" lon="6.90563">
        <ele>1496</ele>
        <extensions>
          <distance>29452</distance>
        </extensions>
      </trkpt>
      <trkpt lat="46.01867" lon="6.90556">
        <ele>1496</ele>
        <extensions>
          <distance>29459</distance>
        </extensions>
      </trkpt>
      <trkpt lat="46.01866" lon="6.905365">
        <ele>1496</ele>
        <extensions>
          <distance>29474</distance>
        </extensions>
      </trkpt>
      <trkpt lat="46.01865" lon="6.90517">
        <ele>1496</ele>
        <extensions>
          <distance>29489</distance>
        </extensions>
      </trkpt>
      <trkpt lat="46.01857" lon="6.90486">
        <ele>1496</ele>
        <extensions>
          <distance>29515</distance>
        </extensions>
      </trkpt>
      <trkpt lat="46.01853" lon="6.90458">
        <ele>1496</ele>
        <extensions>
          <distance>29537</distance>
        </extensions>
      </trkpt>
      <trkpt lat="46.018425" lon="6.9043600000000005">
        <ele>1499</ele>
        <extensions>
          <distance>29557</distance>
        </extensions>
      </trkpt>
      <trkpt lat="46.01832" lon="6.90414">
        <ele>1505</ele>
        <extensions>
          <distance>29579</distance>
        </extensions>
      </trkpt>
      <trkpt lat="46.01825" lon="6.90393">
        <ele>1506</ele>
        <extensions>
          <distance>29597</distance>
        </extensions>
      </trkpt>
      <trkpt lat="46.01827" lon="6.90384">
        <ele>1509</ele>
        <extensions>
          <distance>29605</distance>
        </extensions>
      </trkpt>
      <trkpt lat="46.01823" lon="6.90365">
        <ele>1509</ele>
        <extensions>
          <distance>29620</distance>
        </extensions>
      </trkpt>
      <trkpt lat="46.018215" lon="6.903359999999999">
        <ele>1509</ele>
        <extensions>
          <distance>29642</distance>
        </extensions>
      </trkpt>
      <trkpt lat="46.0182" lon="6.90307">
        <ele>1507</ele>
        <extensions>
          <distance>29665</distance>
        </extensions>
      </trkpt>
      <trkpt lat="46.01828" lon="6.90295">
        <ele>1509</ele>
        <extensions>
          <distance>29678</distance>
        </extensions>
      </trkpt>
      <trkpt lat="46.01834" lon="6.903">
        <ele>1507</ele>
        <extensions>
          <distance>29686</distance>
        </extensions>
      </trkpt>
      <trkpt lat="46.01847" lon="6.90294">
        <ele>1505</ele>
        <extensions>
          <distance>29701</distance>
        </extensions>
      </trkpt>
      <trkpt lat="46.0186" lon="6.9031">
        <ele>1504</ele>
        <extensions>
          <distance>29720</distance>
        </extensions>
      </trkpt>
      <trkpt lat="46.018575" lon="6.903365">
        <ele>1503</ele>
        <extensions>
          <distance>29741</distance>
        </extensions>
      </trkpt>
      <trkpt lat="46.01855" lon="6.90363">
        <ele>1500</ele>
        <extensions>
          <distance>29761</distance>
        </extensions>
      </trkpt>
      <trkpt lat="46.01855" lon="6.90388">
        <ele>1497</ele>
        <extensions>
          <distance>29781</distance>
        </extensions>
      </trkpt>
      <trkpt lat="46.01855" lon="6.90413">
        <ele>1496</ele>
        <extensions>
          <distance>29800</distance>
        </extensions>
      </trkpt>
      <trkpt lat="46.0186" lon="6.90429">
        <ele>1496</ele>
        <extensions>
          <distance>29814</distance>
        </extensions>
      </trkpt>
      <trkpt lat="46.01867" lon="6.90435">
        <ele>1496</ele>
        <extensions>
          <distance>29823</distance>
        </extensions>
      </trkpt>
      <trkpt lat="46.01876" lon="6.90461">
        <ele>1496</ele>
        <extensions>
          <distance>29846</distance>
        </extensions>
      </trkpt>
      <trkpt lat="46.01892" lon="6.90489">
        <ele>1503</ele>
        <extensions>
          <distance>29874</distance>
        </extensions>
      </trkpt>
      <trkpt lat="46.01896" lon="6.9050899999999995">
        <ele>1503</ele>
        <extensions>
          <distance>29890</distance>
        </extensions>
      </trkpt>
      <trkpt lat="46.019" lon="6.90529">
        <ele>1503</ele>
        <extensions>
          <distance>29906</distance>
        </extensions>
      </trkpt>
      <trkpt lat="46.019125" lon="6.90563">
        <ele>1503</ele>
        <extensions>
          <distance>29936</distance>
        </extensions>
      </trkpt>
      <trkpt lat="46.01925" lon="6.90597">
        <ele>1505</ele>
        <extensions>
          <distance>29966</distance>
        </extensions>
      </trkpt>
      <trkpt lat="46.01943" lon="6.90615">
        <ele>1512</ele>
        <extensions>
          <distance>29990</distance>
        </extensions>
      </trkpt>
      <trkpt lat="46.019605" lon="6.906375000000001">
        <ele>1514</ele>
        <extensions>
          <distance>30016</distance>
        </extensions>
      </trkpt>
      <trkpt lat="46.01978" lon="6.9066">
        <ele>1514</ele>
        <extensions>
          <distance>30043</distance>
        </extensions>
      </trkpt>
      <trkpt lat="46.01991" lon="6.90646">
        <ele>1522</ele>
        <extensions>
          <distance>30061</distance>
        </extensions>
      </trkpt>
      <trkpt lat="46.020095" lon="6.90668">
        <ele>1523</ele>
        <extensions>
          <distance>30088</distance>
        </extensions>
      </trkpt>
      <trkpt lat="46.02028" lon="6.9069">
        <ele>1525</ele>
        <extensions>
          <distance>30115</distance>
        </extensions>
      </trkpt>
      <trkpt lat="46.02046" lon="6.90693">
        <ele>1526</ele>
        <extensions>
          <distance>30135</distance>
        </extensions>
      </trkpt>
      <trkpt lat="46.0205375" lon="6.9071575">
        <ele>1527</ele>
        <extensions>
          <distance>30155</distance>
        </extensions>
      </trkpt>
      <trkpt lat="46.020615" lon="6.907385">
        <ele>1527</ele>
        <extensions>
          <distance>30174</distance>
        </extensions>
      </trkpt>
      <trkpt lat="46.020692499999996" lon="6.9076125">
        <ele>1528</ele>
        <extensions>
          <distance>30194</distance>
        </extensions>
      </trkpt>
      <trkpt lat="46.02077" lon="6.90784">
        <ele>1528</ele>
        <extensions>
          <distance>30213</distance>
        </extensions>
      </trkpt>
      <trkpt lat="46.020799999999994" lon="6.908060000000001">
        <ele>1530</ele>
        <extensions>
          <distance>30231</distance>
        </extensions>
      </trkpt>
      <trkpt lat="46.02083" lon="6.90828">
        <ele>1532</ele>
        <extensions>
          <distance>30248</distance>
        </extensions>
      </trkpt>
      <trkpt lat="46.02081" lon="6.90847">
        <ele>1533</ele>
        <extensions>
          <distance>30263</distance>
        </extensions>
      </trkpt>
      <trkpt lat="46.02084" lon="6.90875">
        <ele>1535</ele>
        <extensions>
          <distance>30285</distance>
        </extensions>
      </trkpt>
      <trkpt lat="46.0209" lon="6.90894">
        <ele>1535</ele>
        <extensions>
          <distance>30301</distance>
        </extensions>
      </trkpt>
      <trkpt lat="46.02096" lon="6.90886">
        <ele>1536</ele>
        <extensions>
          <distance>30310</distance>
        </extensions>
      </trkpt>
      <trkpt lat="46.02101" lon="6.90867">
        <ele>1538</ele>
        <extensions>
          <distance>30326</distance>
        </extensions>
      </trkpt>
      <trkpt lat="46.02113" lon="6.9084">
        <ele>1540</ele>
        <extensions>
          <distance>30351</distance>
        </extensions>
      </trkpt>
      <trkpt lat="46.021195" lon="6.90817">
        <ele>1540</ele>
        <extensions>
          <distance>30370</distance>
        </extensions>
      </trkpt>
      <trkpt lat="46.02126" lon="6.90794">
        <ele>1542</ele>
        <extensions>
          <distance>30390</distance>
        </extensions>
      </trkpt>
      <trkpt lat="46.02143" lon="6.90774">
        <ele>1544</ele>
        <extensions>
          <distance>30414</distance>
        </extensions>
      </trkpt>
      <trkpt lat="46.02159" lon="6.90768">
        <ele>1544</ele>
        <extensions>
          <distance>30432</distance>
        </extensions>
      </trkpt>
      <trkpt lat="46.02178" lon="6.90768">
        <ele>1544</ele>
        <extensions>
          <distance>30454</distance>
        </extensions>
      </trkpt>
      <trkpt lat="46.02198" lon="6.9079">
        <ele>1544</ele>
        <extensions>
          <distance>30482</distance>
        </extensions>
      </trkpt>
      <trkpt lat="46.02211" lon="6.90796">
        <ele>1544</ele>
        <extensions>
          <distance>30497</distance>
        </extensions>
      </trkpt>
      <trkpt lat="46.02224" lon="6.9080200000000005">
        <ele>1544</ele>
        <extensions>
          <distance>30512</distance>
        </extensions>
      </trkpt>
      <trkpt lat="46.022369999999995" lon="6.90808">
        <ele>1544</ele>
        <extensions>
          <distance>30527</distance>
        </extensions>
      </trkpt>
      <trkpt lat="46.0225" lon="6.90814">
        <ele>1544</ele>
        <extensions>
          <distance>30542</distance>
        </extensions>
      </trkpt>
      <trkpt lat="46.02274" lon="6.90812">
        <ele>1544</ele>
        <extensions>
          <distance>30569</distance>
        </extensions>
      </trkpt>
      <trkpt lat="46.0229" lon="6.90824">
        <ele>1544</ele>
        <extensions>
          <distance>30589</distance>
        </extensions>
      </trkpt>
      <trkpt lat="46.02312" lon="6.90833">
        <ele>1545</ele>
        <extensions>
          <distance>30615</distance>
        </extensions>
      </trkpt>
      <trkpt lat="46.023275" lon="6.908425">
        <ele>1545</ele>
        <extensions>
          <distance>30633</distance>
        </extensions>
      </trkpt>
      <trkpt lat="46.02343" lon="6.90852">
        <ele>1545</ele>
        <extensions>
          <distance>30652</distance>
        </extensions>
      </trkpt>
      <trkpt lat="46.02362" lon="6.90872">
        <ele>1545</ele>
        <extensions>
          <distance>30678</distance>
        </extensions>
      </trkpt>
      <trkpt lat="46.02372" lon="6.90902">
        <ele>1544</ele>
        <extensions>
          <distance>30704</distance>
        </extensions>
      </trkpt>
      <trkpt lat="46.023759999999996" lon="6.9092199999999995">
        <ele>1542</ele>
        <extensions>
          <distance>30720</distance>
        </extensions>
      </trkpt>
      <trkpt lat="46.0238" lon="6.90942">
        <ele>1540</ele>
        <extensions>
          <distance>30736</distance>
        </extensions>
      </trkpt>
      <trkpt lat="46.0238" lon="6.90941">
        <ele>1540</ele>
        <extensions>
          <distance>30737</distance>
        </extensions>
      </trkpt>
      <trkpt lat="46.02383" lon="6.90951">
        <ele>1540</ele>
        <extensions>
          <distance>30745</distance>
        </extensions>
      </trkpt>
      <trkpt lat="46.02395" lon="6.90961">
        <ele>1540</ele>
        <extensions>
          <distance>30761</distance>
        </extensions>
      </trkpt>
      <trkpt lat="46.02408" lon="6.90978">
        <ele>1540</ele>
        <extensions>
          <distance>30780</distance>
        </extensions>
      </trkpt>
      <trkpt lat="46.02422" lon="6.91004">
        <ele>1542</ele>
        <extensions>
          <distance>30806</distance>
        </extensions>
      </trkpt>
      <trkpt lat="46.02429" lon="6.91007">
        <ele>1543</ele>
        <extensions>
          <distance>30814</distance>
        </extensions>
      </trkpt>
      <trkpt lat="46.02443" lon="6.90989">
        <ele>1548</ele>
        <extensions>
          <distance>30835</distance>
        </extensions>
      </trkpt>
      <trkpt lat="46.02459" lon="6.910125">
        <ele>1551</ele>
        <extensions>
          <distance>30861</distance>
        </extensions>
      </trkpt>
      <trkpt lat="46.02475" lon="6.91036">
        <ele>1552</ele>
        <extensions>
          <distance>30886</distance>
        </extensions>
      </trkpt>
      <trkpt lat="46.0248" lon="6.91041">
        <ele>1553</ele>
        <extensions>
          <distance>30893</distance>
        </extensions>
      </trkpt>
      <trkpt lat="46.02485" lon="6.91041">
        <ele>1554</ele>
        <extensions>
          <distance>30899</distance>
        </extensions>
      </trkpt>
      <trkpt lat="46.0249" lon="6.91038">
        <ele>1556</ele>
        <extensions>
          <distance>30905</distance>
        </extensions>
      </trkpt>
      <trkpt lat="46.02487" lon="6.91014">
        <ele>1559</ele>
        <extensions>
          <distance>30924</distance>
        </extensions>
      </trkpt>
      <trkpt lat="46.02492" lon="6.91009">
        <ele>1561</ele>
        <extensions>
          <distance>30931</distance>
        </extensions>
      </trkpt>
      <trkpt lat="46.02507" lon="6.910235">
        <ele>1564</ele>
        <extensions>
          <distance>30951</distance>
        </extensions>
      </trkpt>
      <trkpt lat="46.02522" lon="6.91038">
        <ele>1568</ele>
        <extensions>
          <distance>30972</distance>
        </extensions>
      </trkpt>
      <trkpt lat="46.02531499999999" lon="6.91054">
        <ele>1569</ele>
        <extensions>
          <distance>30988</distance>
        </extensions>
      </trkpt>
      <trkpt lat="46.025409999999994" lon="6.9107">
        <ele>1570</ele>
        <extensions>
          <distance>31004</distance>
        </extensions>
      </trkpt>
      <trkpt lat="46.025504999999995" lon="6.91086">
        <ele>1570</ele>
        <extensions>
          <distance>31021</distance>
        </extensions>
      </trkpt>
      <trkpt lat="46.0256" lon="6.91102">
        <ele>1572</ele>
        <extensions>
          <distance>31037</distance>
        </extensions>
      </trkpt>
      <trkpt lat="46.02566" lon="6.9112">
        <ele>1572</ele>
        <extensions>
          <distance>31052</distance>
        </extensions>
      </trkpt>
      <trkpt lat="46.02577" lon="6.91131">
        <ele>1573</ele>
        <extensions>
          <distance>31067</distance>
        </extensions>
      </trkpt>
      <trkpt lat="46.02595" lon="6.911515">
        <ele>1573</ele>
        <extensions>
          <distance>31093</distance>
        </extensions>
      </trkpt>
      <trkpt lat="46.02613" lon="6.91172">
        <ele>1574</ele>
        <extensions>
          <distance>31118</distance>
        </extensions>
      </trkpt>
      <trkpt lat="46.026305" lon="6.91193">
        <ele>1576</ele>
        <extensions>
          <distance>31144</distance>
        </extensions>
      </trkpt>
      <trkpt lat="46.02648" lon="6.91214">
        <ele>1576</ele>
        <extensions>
          <distance>31169</distance>
        </extensions>
      </trkpt>
      <trkpt lat="46.02657" lon="6.9123">
        <ele>1576</ele>
        <extensions>
          <distance>31185</distance>
        </extensions>
      </trkpt>
      <trkpt lat="46.02666" lon="6.91246">
        <ele>1577</ele>
        <extensions>
          <distance>31201</distance>
        </extensions>
      </trkpt>
      <trkpt lat="46.02674" lon="6.91269">
        <ele>1577</ele>
        <extensions>
          <distance>31221</distance>
        </extensions>
      </trkpt>
      <trkpt lat="46.026915" lon="6.91294">
        <ele>1577</ele>
        <extensions>
          <distance>31248</distance>
        </extensions>
      </trkpt>
      <trkpt lat="46.02709" lon="6.91319">
        <ele>1580</ele>
        <extensions>
          <distance>31276</distance>
        </extensions>
      </trkpt>
      <trkpt lat="46.0273" lon="6.91336">
        <ele>1587</ele>
        <extensions>
          <distance>31304</distance>
        </extensions>
      </trkpt>
      <trkpt lat="46.02743" lon="6.9135">
        <ele>1590</ele>
        <extensions>
          <distance>31322</distance>
        </extensions>
      </trkpt>
      <trkpt lat="46.027575" lon="6.913715">
        <ele>1594</ele>
        <extensions>
          <distance>31345</distance>
        </extensions>
      </trkpt>
      <trkpt lat="46.02772" lon="6.91393">
        <ele>1595</ele>
        <extensions>
          <distance>31369</distance>
        </extensions>
      </trkpt>
      <trkpt lat="46.027860000000004" lon="6.914085">
        <ele>1598</ele>
        <extensions>
          <distance>31388</distance>
        </extensions>
      </trkpt>
      <trkpt lat="46.028" lon="6.91424">
        <ele>1602</ele>
        <extensions>
          <distance>31408</distance>
        </extensions>
      </trkpt>
      <trkpt lat="46.02813999999999" lon="6.9143799999999995">
        <ele>1605</ele>
        <extensions>
          <distance>31428</distance>
        </extensions>
      </trkpt>
      <trkpt lat="46.028279999999995" lon="6.9145199999999996">
        <ele>1607</ele>
        <extensions>
          <distance>31447</distance>
        </extensions>
      </trkpt>
      <trkpt lat="46.02842" lon="6.91466">
        <ele>1609</ele>
        <extensions>
          <distance>31466</distance>
        </extensions>
      </trkpt>
      <trkpt lat="46.02856" lon="6.9148">
        <ele>1614</ele>
        <extensions>
          <distance>31485</distance>
        </extensions>
      </trkpt>
      <trkpt lat="46.02865" lon="6.914955">
        <ele>1614</ele>
        <extensions>
          <distance>31501</distance>
        </extensions>
      </trkpt>
      <trkpt lat="46.02874" lon="6.91511">
        <ele>1615</ele>
        <extensions>
          <distance>31517</distance>
        </extensions>
      </trkpt>
      <trkpt lat="46.028904999999995" lon="6.915315">
        <ele>1615</ele>
        <extensions>
          <distance>31541</distance>
        </extensions>
      </trkpt>
      <trkpt lat="46.02907" lon="6.91552">
        <ele>1617</ele>
        <extensions>
          <distance>31565</distance>
        </extensions>
      </trkpt>
      <trkpt lat="46.02921499999999" lon="6.915685">
        <ele>1619</ele>
        <extensions>
          <distance>31586</distance>
        </extensions>
      </trkpt>
      <trkpt lat="46.02936" lon="6.91585">
        <ele>1622</ele>
        <extensions>
          <distance>31607</distance>
        </extensions>
      </trkpt>
      <trkpt lat="46.029505" lon="6.916015">
        <ele>1625</ele>
        <extensions>
          <distance>31627</distance>
        </extensions>
      </trkpt>
      <trkpt lat="46.02965" lon="6.91618">
        <ele>1626</ele>
        <extensions>
          <distance>31648</distance>
        </extensions>
      </trkpt>
      <trkpt lat="46.0297925" lon="6.9163475000000005">
        <ele>1628</ele>
        <extensions>
          <distance>31669</distance>
        </extensions>
      </trkpt>
      <trkpt lat="46.029934999999995" lon="6.916515">
        <ele>1633</ele>
        <extensions>
          <distance>31690</distance>
        </extensions>
      </trkpt>
      <trkpt lat="46.0300775" lon="6.9166825">
        <ele>1633</ele>
        <extensions>
          <distance>31710</distance>
        </extensions>
      </trkpt>
      <trkpt lat="46.03022" lon="6.91685">
        <ele>1634</ele>
        <extensions>
          <distance>31731</distance>
        </extensions>
      </trkpt>
      <trkpt lat="46.030375" lon="6.916995">
        <ele>1640</ele>
        <extensions>
          <distance>31752</distance>
        </extensions>
      </trkpt>
      <trkpt lat="46.03053" lon="6.91714">
        <ele>1643</ele>
        <extensions>
          <distance>31772</distance>
        </extensions>
      </trkpt>
      <trkpt lat="46.030685" lon="6.917285">
        <ele>1644</ele>
        <extensions>
          <distance>31793</distance>
        </extensions>
      </trkpt>
      <trkpt lat="46.03084" lon="6.91743">
        <ele>1646</ele>
        <extensions>
          <distance>31814</distance>
        </extensions>
      </trkpt>
      <trkpt lat="46.03103" lon="6.917555">
        <ele>1648</ele>
        <extensions>
          <distance>31837</distance>
        </extensions>
      </trkpt>
      <trkpt lat="46.03122" lon="6.91768">
        <ele>1649</ele>
        <extensions>
          <distance>31860</distance>
        </extensions>
      </trkpt>
      <trkpt lat="46.03131" lon="6.91766">
        <ele>1650</ele>
        <extensions>
          <distance>31870</distance>
        </extensions>
      </trkpt>
      <trkpt lat="46.03141" lon="6.91757">
        <ele>1650</ele>
        <extensions>
          <distance>31883</distance>
        </extensions>
      </trkpt>
      <trkpt lat="46.03156" lon="6.91756">
        <ele>1650</ele>
        <extensions>
          <distance>31900</distance>
        </extensions>
      </trkpt>
      <trkpt lat="46.03165" lon="6.91759">
        <ele>1650</ele>
        <extensions>
          <distance>31910</distance>
        </extensions>
      </trkpt>
      <trkpt lat="46.03173" lon="6.91758">
        <ele>1653</ele>
        <extensions>
          <distance>31919</distance>
        </extensions>
      </trkpt>
      <trkpt lat="46.03181" lon="6.91751">
        <ele>1652</ele>
        <extensions>
          <distance>31930</distance>
        </extensions>
      </trkpt>
      <trkpt lat="46.03198" lon="6.91757">
        <ele>1650</ele>
        <extensions>
          <distance>31949</distance>
        </extensions>
      </trkpt>
      <trkpt lat="46.03213" lon="6.91743">
        <ele>1651</ele>
        <extensions>
          <distance>31969</distance>
        </extensions>
      </trkpt>
      <trkpt lat="46.03218" lon="6.91743">
        <ele>1652</ele>
        <extensions>
          <distance>31975</distance>
        </extensions>
      </trkpt>
      <trkpt lat="46.03236" lon="6.91752">
        <ele>1652</ele>
        <extensions>
          <distance>31996</distance>
        </extensions>
      </trkpt>
      <trkpt lat="46.03262" lon="6.9175">
        <ele>1653</ele>
        <extensions>
          <distance>32025</distance>
        </extensions>
      </trkpt>
      <trkpt lat="46.03281" lon="6.91756">
        <ele>1661</ele>
        <extensions>
          <distance>32048</distance>
        </extensions>
      </trkpt>
      <trkpt lat="46.0329" lon="6.91761">
        <ele>1664</ele>
        <extensions>
          <distance>32059</distance>
        </extensions>
      </trkpt>
      <trkpt lat="46.03297" lon="6.91773">
        <ele>1670</ele>
        <extensions>
          <distance>32073</distance>
        </extensions>
      </trkpt>
      <trkpt lat="46.03292" lon="6.91787">
        <ele>1670</ele>
        <extensions>
          <distance>32085</distance>
        </extensions>
      </trkpt>
      <trkpt lat="46.03291" lon="6.918">
        <ele>1673</ele>
        <extensions>
          <distance>32095</distance>
        </extensions>
      </trkpt>
      <trkpt lat="46.03295" lon="6.91813">
        <ele>1680</ele>
        <extensions>
          <distance>32108</distance>
        </extensions>
      </trkpt>
      <trkpt lat="46.03293" lon="6.91834">
        <ele>1681</ele>
        <extensions>
          <distance>32125</distance>
        </extensions>
      </trkpt>
      <trkpt lat="46.03287" lon="6.91856">
        <ele>1681</ele>
        <extensions>
          <distance>32143</distance>
        </extensions>
      </trkpt>
      <trkpt lat="46.03285" lon="6.91874">
        <ele>1683</ele>
        <extensions>
          <distance>32157</distance>
        </extensions>
      </trkpt>
      <trkpt lat="46.03282" lon="6.91882">
        <ele>1684</ele>
        <extensions>
          <distance>32164</distance>
        </extensions>
      </trkpt>
      <trkpt lat="46.03287" lon="6.91891">
        <ele>1684</ele>
        <extensions>
          <distance>32173</distance>
        </extensions>
      </trkpt>
      <trkpt lat="46.033045" lon="6.919085">
        <ele>1691</ele>
        <extensions>
          <distance>32198</distance>
        </extensions>
      </trkpt>
      <trkpt lat="46.03322" lon="6.9192599999999995">
        <ele>1698</ele>
        <extensions>
          <distance>32222</distance>
        </extensions>
      </trkpt>
      <trkpt lat="46.033395" lon="6.919435">
        <ele>1704</ele>
        <extensions>
          <distance>32247</distance>
        </extensions>
      </trkpt>
      <trkpt lat="46.03357" lon="6.91961">
        <ele>1708</ele>
        <extensions>
          <distance>32271</distance>
        </extensions>
      </trkpt>
      <trkpt lat="46.0337" lon="6.91965">
        <ele>1714</ele>
        <extensions>
          <distance>32287</distance>
        </extensions>
      </trkpt>
      <trkpt lat="46.03378" lon="6.91971">
        <ele>1716</ele>
        <extensions>
          <distance>32297</distance>
        </extensions>
      </trkpt>
      <trkpt lat="46.03385" lon="6.91982">
        <ele>1716</ele>
        <extensions>
          <distance>32308</distance>
        </extensions>
      </trkpt>
      <trkpt lat="46.03388" lon="6.91995">
        <ele>1718</ele>
        <extensions>
          <distance>32319</distance>
        </extensions>
      </trkpt>
      <trkpt lat="46.03394" lon="6.92001">
        <ele>1718</ele>
        <extensions>
          <distance>32327</distance>
        </extensions>
      </trkpt>
      <trkpt lat="46.03417" lon="6.92008">
        <ele>1722</ele>
        <extensions>
          <distance>32354</distance>
        </extensions>
      </trkpt>
      <trkpt lat="46.03427" lon="6.92014">
        <ele>1728</ele>
        <extensions>
          <distance>32367</distance>
        </extensions>
      </trkpt>
      <trkpt lat="46.03442" lon="6.92039">
        <ele>1729</ele>
        <extensions>
          <distance>32393</distance>
        </extensions>
      </trkpt>
      <trkpt lat="46.03461" lon="6.92054">
        <ele>1732</ele>
        <extensions>
          <distance>32417</distance>
        </extensions>
      </trkpt>
      <trkpt lat="46.03459" lon="6.92053">
        <ele>1734</ele>
        <extensions>
          <distance>32419</distance>
        </extensions>
      </trkpt>
      <trkpt lat="46.034845000000004" lon="6.920505">
        <ele>1737</ele>
        <extensions>
          <distance>32448</distance>
        </extensions>
      </trkpt>
      <trkpt lat="46.0351" lon="6.92048">
        <ele>1737</ele>
        <extensions>
          <distance>32477</distance>
        </extensions>
      </trkpt>
      <trkpt lat="46.03514" lon="6.92046">
        <ele>1738</ele>
        <extensions>
          <distance>32481</distance>
        </extensions>
      </trkpt>
      <trkpt lat="46.03527" lon="6.920515">
        <ele>1738</ele>
        <extensions>
          <distance>32496</distance>
        </extensions>
      </trkpt>
      <trkpt lat="46.0354" lon="6.92057">
        <ele>1738</ele>
        <extensions>
          <distance>32511</distance>
        </extensions>
      </trkpt>
      <trkpt lat="46.03549" lon="6.92055">
        <ele>1740</ele>
        <extensions>
          <distance>32522</distance>
        </extensions>
      </trkpt>
      <trkpt lat="46.03556" lon="6.92047">
        <ele>1747</ele>
        <extensions>
          <distance>32534</distance>
        </extensions>
      </trkpt>
      <trkpt lat="46.03564" lon="6.92041">
        <ele>1747</ele>
        <extensions>
          <distance>32544</distance>
        </extensions>
      </trkpt>
      <trkpt lat="46.0357" lon="6.92043">
        <ele>1747</ele>
        <extensions>
          <distance>32551</distance>
        </extensions>
      </trkpt>
      <trkpt lat="46.03572" lon="6.920665">
        <ele>1748</ele>
        <extensions>
          <distance>32569</distance>
        </extensions>
      </trkpt>
      <trkpt lat="46.03574" lon="6.9209">
        <ele>1750</ele>
        <extensions>
          <distance>32587</distance>
        </extensions>
      </trkpt>
      <trkpt lat="46.03579" lon="6.9212">
        <ele>1750</ele>
        <extensions>
          <distance>32611</distance>
        </extensions>
      </trkpt>
      <trkpt lat="46.03588" lon="6.92135">
        <ele>1750</ele>
        <extensions>
          <distance>32627</distance>
        </extensions>
      </trkpt>
      <trkpt lat="46.0361" lon="6.92151">
        <ele>1757</ele>
        <extensions>
          <distance>32654</distance>
        </extensions>
      </trkpt>
      <trkpt lat="46.036255" lon="6.921685">
        <ele>1757</ele>
        <extensions>
          <distance>32676</distance>
        </extensions>
      </trkpt>
      <trkpt lat="46.03641" lon="6.92186">
        <ele>1757</ele>
        <extensions>
          <distance>32698</distance>
        </extensions>
      </trkpt>
      <trkpt lat="46.036455" lon="6.922045">
        <ele>1757</ele>
        <extensions>
          <distance>32713</distance>
        </extensions>
      </trkpt>
      <trkpt lat="46.0365" lon="6.92223">
        <ele>1754</ele>
        <extensions>
          <distance>32729</distance>
        </extensions>
      </trkpt>
      <trkpt lat="46.03658" lon="6.92249">
        <ele>1749</ele>
        <extensions>
          <distance>32751</distance>
        </extensions>
      </trkpt>
      <trkpt lat="46.03672" lon="6.92266">
        <ele>1746</ele>
        <extensions>
          <distance>32772</distance>
        </extensions>
      </trkpt>
      <trkpt lat="46.03663" lon="6.92274">
        <ele>1741</ele>
        <extensions>
          <distance>32785</distance>
        </extensions>
      </trkpt>
      <trkpt lat="46.03649" lon="6.92273">
        <ele>1735</ele>
        <extensions>
          <distance>32801</distance>
        </extensions>
      </trkpt>
      <trkpt lat="46.03653" lon="6.92289">
        <ele>1730</ele>
        <extensions>
          <distance>32815</distance>
        </extensions>
      </trkpt>
      <trkpt lat="46.03654" lon="6.92303">
        <ele>1726</ele>
        <extensions>
          <distance>32827</distance>
        </extensions>
      </trkpt>
      <trkpt lat="46.03657" lon="6.92311">
        <ele>1723</ele>
        <extensions>
          <distance>32835</distance>
        </extensions>
      </trkpt>
      <trkpt lat="46.03663" lon="6.92315">
        <ele>1722</ele>
        <extensions>
          <distance>32842</distance>
        </extensions>
      </trkpt>
      <trkpt lat="46.03676" lon="6.9232949999999995">
        <ele>1719</ele>
        <extensions>
          <distance>32861</distance>
        </extensions>
      </trkpt>
      <trkpt lat="46.03689" lon="6.92344">
        <ele>1713</ele>
        <extensions>
          <distance>32880</distance>
        </extensions>
      </trkpt>
      <trkpt lat="46.03703" lon="6.92345">
        <ele>1712</ele>
        <extensions>
          <distance>32895</distance>
        </extensions>
      </trkpt>
      <trkpt lat="46.03714" lon="6.92339">
        <ele>1709</ele>
        <extensions>
          <distance>32909</distance>
        </extensions>
      </trkpt>
      <trkpt lat="46.037305" lon="6.923365">
        <ele>1700</ele>
        <extensions>
          <distance>32929</distance>
        </extensions>
      </trkpt>
      <trkpt lat="46.03747" lon="6.92334">
        <ele>1696</ele>
        <extensions>
          <distance>32948</distance>
        </extensions>
      </trkpt>
      <trkpt lat="46.03768" lon="6.92344">
        <ele>1695</ele>
        <extensions>
          <distance>32973</distance>
        </extensions>
      </trkpt>
      <trkpt lat="46.03768" lon="6.92351">
        <ele>1692</ele>
        <extensions>
          <distance>32978</distance>
        </extensions>
      </trkpt>
      <trkpt lat="46.03758" lon="6.92341">
        <ele>1691</ele>
        <extensions>
          <distance>32992</distance>
        </extensions>
      </trkpt>
      <trkpt lat="46.03752" lon="6.92342">
        <ele>1690</ele>
        <extensions>
          <distance>32999</distance>
        </extensions>
      </trkpt>
      <trkpt lat="46.03747" lon="6.92347">
        <ele>1688</ele>
        <extensions>
          <distance>33006</distance>
        </extensions>
      </trkpt>
      <trkpt lat="46.03761" lon="6.92361">
        <ele>1683</ele>
        <extensions>
          <distance>33025</distance>
        </extensions>
      </trkpt>
      <trkpt lat="46.03774" lon="6.92383">
        <ele>1677</ele>
        <extensions>
          <distance>33048</distance>
        </extensions>
      </trkpt>
      <trkpt lat="46.03791" lon="6.924015">
        <ele>1674</ele>
        <extensions>
          <distance>33072</distance>
        </extensions>
      </trkpt>
      <trkpt lat="46.03808" lon="6.9242">
        <ele>1671</ele>
        <extensions>
          <distance>33096</distance>
        </extensions>
      </trkpt>
      <trkpt lat="46.03817" lon="6.92422">
        <ele>1670</ele>
        <extensions>
          <distance>33106</distance>
        </extensions>
      </trkpt>
      <trkpt lat="46.03824" lon="6.9244">
        <ele>1667</ele>
        <extensions>
          <distance>33123</distance>
        </extensions>
      </trkpt>
      <trkpt lat="46.038265" lon="6.924670000000001">
        <ele>1661</ele>
        <extensions>
          <distance>33145</distance>
        </extensions>
      </trkpt>
      <trkpt lat="46.03829" lon="6.92494">
        <ele>1656</ele>
        <extensions>
          <distance>33166</distance>
        </extensions>
      </trkpt>
      <trkpt lat="46.038235" lon="6.9251450000000006">
        <ele>1650</ele>
        <extensions>
          <distance>33184</distance>
        </extensions>
      </trkpt>
      <trkpt lat="46.03818" lon="6.92535">
        <ele>1647</ele>
        <extensions>
          <distance>33202</distance>
        </extensions>
      </trkpt>
      <trkpt lat="46.03826" lon="6.92554">
        <ele>1642</ele>
        <extensions>
          <distance>33219</distance>
        </extensions>
      </trkpt>
      <trkpt lat="46.03838" lon="6.92575">
        <ele>1634</ele>
        <extensions>
          <distance>33242</distance>
        </extensions>
      </trkpt>
      <trkpt lat="46.03851" lon="6.92568">
        <ele>1633</ele>
        <extensions>
          <distance>33257</distance>
        </extensions>
      </trkpt>
      <trkpt lat="46.0386" lon="6.92566">
        <ele>1631</ele>
        <extensions>
          <distance>33268</distance>
        </extensions>
      </trkpt>
      <trkpt lat="46.038785000000004" lon="6.925685">
        <ele>1625</ele>
        <extensions>
          <distance>33289</distance>
        </extensions>
      </trkpt>
      <trkpt lat="46.03897" lon="6.92571">
        <ele>1623</ele>
        <extensions>
          <distance>33310</distance>
        </extensions>
      </trkpt>
      <trkpt lat="46.039114999999995" lon="6.92585">
        <ele>1618</ele>
        <extensions>
          <distance>33330</distance>
        </extensions>
      </trkpt>
      <trkpt lat="46.03926" lon="6.92599">
        <ele>1615</ele>
        <extensions>
          <distance>33350</distance>
        </extensions>
      </trkpt>
      <trkpt lat="46.039384999999996" lon="6.926159999999999">
        <ele>1610</ele>
        <extensions>
          <distance>33369</distance>
        </extensions>
      </trkpt>
      <trkpt lat="46.03951" lon="6.92633">
        <ele>1606</ele>
        <extensions>
          <distance>33389</distance>
        </extensions>
      </trkpt>
      <trkpt lat="46.03972" lon="6.92636">
        <ele>1604</ele>
        <extensions>
          <distance>33412</distance>
        </extensions>
      </trkpt>
      <trkpt lat="46.03983" lon="6.92646">
        <ele>1601</ele>
        <extensions>
          <distance>33427</distance>
        </extensions>
      </trkpt>
      <trkpt lat="46.03989" lon="6.92659">
        <ele>1595</ele>
        <extensions>
          <distance>33441</distance>
        </extensions>
      </trkpt>
      <trkpt lat="46.03998" lon="6.92662">
        <ele>1594</ele>
        <extensions>
          <distance>33451</distance>
        </extensions>
      </trkpt>
      <trkpt lat="46.04006" lon="6.9267">
        <ele>1589</ele>
        <extensions>
          <distance>33463</distance>
        </extensions>
      </trkpt>
      <trkpt lat="46.04024" lon="6.92677">
        <ele>1583</ele>
        <extensions>
          <distance>33484</distance>
        </extensions>
      </trkpt>
      <trkpt lat="46.04024" lon="6.9268">
        <ele>1583</ele>
        <extensions>
          <distance>33486</distance>
        </extensions>
      </trkpt>
      <trkpt lat="46.04018" lon="6.92679">
        <ele>1581</ele>
        <extensions>
          <distance>33493</distance>
        </extensions>
      </trkpt>
      <trkpt lat="46.0401" lon="6.92682">
        <ele>1580</ele>
        <extensions>
          <distance>33503</distance>
        </extensions>
      </trkpt>
      <trkpt lat="46.0401" lon="6.92685">
        <ele>1579</ele>
        <extensions>
          <distance>33505</distance>
        </extensions>
      </trkpt>
      <trkpt lat="46.04015" lon="6.92687">
        <ele>1578</ele>
        <extensions>
          <distance>33511</distance>
        </extensions>
      </trkpt>
      <trkpt lat="46.0402" lon="6.92694">
        <ele>1573</ele>
        <extensions>
          <distance>33520</distance>
        </extensions>
      </trkpt>
      <trkpt lat="46.04018" lon="6.92697">
        <ele>1573</ele>
        <extensions>
          <distance>33523</distance>
        </extensions>
      </trkpt>
      <trkpt lat="46.04017" lon="6.92696">
        <ele>1572</ele>
        <extensions>
          <distance>33524</distance>
        </extensions>
      </trkpt>
      <trkpt lat="46.04006" lon="6.92699">
        <ele>1571</ele>
        <extensions>
          <distance>33537</distance>
        </extensions>
      </trkpt>
      <trkpt lat="46.04005" lon="6.92703">
        <ele>1570</ele>
        <extensions>
          <distance>33540</distance>
        </extensions>
      </trkpt>
      <trkpt lat="46.04005" lon="6.92709">
        <ele>1567</ele>
        <extensions>
          <distance>33546</distance>
        </extensions>
      </trkpt>
      <trkpt lat="46.04017" lon="6.92731">
        <ele>1561</ele>
        <extensions>
          <distance>33568</distance>
        </extensions>
      </trkpt>
      <trkpt lat="46.04014" lon="6.92727">
        <ele>1558</ele>
        <extensions>
          <distance>33574</distance>
        </extensions>
      </trkpt>
      <trkpt lat="46.04004" lon="6.92722">
        <ele>1557</ele>
        <extensions>
          <distance>33586</distance>
        </extensions>
      </trkpt>
      <trkpt lat="46.03995" lon="6.92724">
        <ele>1555</ele>
        <extensions>
          <distance>33596</distance>
        </extensions>
      </trkpt>
      <trkpt lat="46.03993" lon="6.92739">
        <ele>1552</ele>
        <extensions>
          <distance>33608</distance>
        </extensions>
      </trkpt>
      <trkpt lat="46.03988" lon="6.92733">
        <ele>1552</ele>
        <extensions>
          <distance>33615</distance>
        </extensions>
      </trkpt>
      <trkpt lat="46.03987" lon="6.92736">
        <ele>1550</ele>
        <extensions>
          <distance>33618</distance>
        </extensions>
      </trkpt>
      <trkpt lat="46.03993" lon="6.92749">
        <ele>1545</ele>
        <extensions>
          <distance>33631</distance>
        </extensions>
      </trkpt>
      <trkpt lat="46.03999" lon="6.92754">
        <ele>1544</ele>
        <extensions>
          <distance>33639</distance>
        </extensions>
      </trkpt>
      <trkpt lat="46.04005" lon="6.92754">
        <ele>1543</ele>
        <extensions>
          <distance>33646</distance>
        </extensions>
      </trkpt>
      <trkpt lat="46.04013" lon="6.92759">
        <ele>1542</ele>
        <extensions>
          <distance>33655</distance>
        </extensions>
      </trkpt>
      <trkpt lat="46.0402" lon="6.92769">
        <ele>1537</ele>
        <extensions>
          <distance>33667</distance>
        </extensions>
      </trkpt>
      <trkpt lat="46.04026" lon="6.92772">
        <ele>1535</ele>
        <extensions>
          <distance>33675</distance>
        </extensions>
      </trkpt>
      <trkpt lat="46.04024" lon="6.92774">
        <ele>1534</ele>
        <extensions>
          <distance>33678</distance>
        </extensions>
      </trkpt>
      <trkpt lat="46.04012" lon="6.9277">
        <ele>1534</ele>
        <extensions>
          <distance>33691</distance>
        </extensions>
      </trkpt>
      <trkpt lat="46.04009" lon="6.92772">
        <ele>1532</ele>
        <extensions>
          <distance>33695</distance>
        </extensions>
      </trkpt>
      <trkpt lat="46.04009" lon="6.92788">
        <ele>1527</ele>
        <extensions>
          <distance>33708</distance>
        </extensions>
      </trkpt>
      <trkpt lat="46.04013" lon="6.92795">
        <ele>1525</ele>
        <extensions>
          <distance>33715</distance>
        </extensions>
      </trkpt>
      <trkpt lat="46.04017" lon="6.92797">
        <ele>1524</ele>
        <extensions>
          <distance>33720</distance>
        </extensions>
      </trkpt>
      <trkpt lat="46.04018" lon="6.92801">
        <ele>1522</ele>
        <extensions>
          <distance>33724</distance>
        </extensions>
      </trkpt>
      <trkpt lat="46.04005" lon="6.92791">
        <ele>1521</ele>
        <extensions>
          <distance>33740</distance>
        </extensions>
      </trkpt>
      <trkpt lat="46.03995" lon="6.92801">
        <ele>1520</ele>
        <extensions>
          <distance>33754</distance>
        </extensions>
      </trkpt>
      <trkpt lat="46.03994" lon="6.92806">
        <ele>1519</ele>
        <extensions>
          <distance>33758</distance>
        </extensions>
      </trkpt>
      <trkpt lat="46.03997" lon="6.92819">
        <ele>1514</ele>
        <extensions>
          <distance>33769</distance>
        </extensions>
      </trkpt>
      <trkpt lat="46.04004" lon="6.92822">
        <ele>1512</ele>
        <extensions>
          <distance>33777</distance>
        </extensions>
      </trkpt>
      <trkpt lat="46.04005" lon="6.92826">
        <ele>1512</ele>
        <extensions>
          <distance>33781</distance>
        </extensions>
      </trkpt>
      <trkpt lat="46.04001" lon="6.92822">
        <ele>1512</ele>
        <extensions>
          <distance>33786</distance>
        </extensions>
      </trkpt>
      <trkpt lat="46.03998" lon="6.92822">
        <ele>1512</ele>
        <extensions>
          <distance>33789</distance>
        </extensions>
      </trkpt>
      <trkpt lat="46.03996" lon="6.92817">
        <ele>1512</ele>
        <extensions>
          <distance>33794</distance>
        </extensions>
      </trkpt>
      <trkpt lat="46.03985" lon="6.9281">
        <ele>1512</ele>
        <extensions>
          <distance>33807</distance>
        </extensions>
      </trkpt>
      <trkpt lat="46.03968" lon="6.92804">
        <ele>1512</ele>
        <extensions>
          <distance>33827</distance>
        </extensions>
      </trkpt>
      <trkpt lat="46.03961" lon="6.92807">
        <ele>1512</ele>
        <extensions>
          <distance>33835</distance>
        </extensions>
      </trkpt>
      <trkpt lat="46.03958" lon="6.92806">
        <ele>1511</ele>
        <extensions>
          <distance>33838</distance>
        </extensions>
      </trkpt>
      <trkpt lat="46.03948" lon="6.92816">
        <ele>1504</ele>
        <extensions>
          <distance>33854</distance>
        </extensions>
      </trkpt>
      <trkpt lat="46.03938" lon="6.92813">
        <ele>1503</ele>
        <extensions>
          <distance>33865</distance>
        </extensions>
      </trkpt>
      <trkpt lat="46.03915" lon="6.92813">
        <ele>1499</ele>
        <extensions>
          <distance>33891</distance>
        </extensions>
      </trkpt>
      <trkpt lat="46.03905" lon="6.92811">
        <ele>1498</ele>
        <extensions>
          <distance>33902</distance>
        </extensions>
      </trkpt>
      <trkpt lat="46.03897" lon="6.92817">
        <ele>1490</ele>
        <extensions>
          <distance>33914</distance>
        </extensions>
      </trkpt>
      <trkpt lat="46.03904" lon="6.92833">
        <ele>1487</ele>
        <extensions>
          <distance>33929</distance>
        </extensions>
      </trkpt>
      <trkpt lat="46.0391" lon="6.92842">
        <ele>1485</ele>
        <extensions>
          <distance>33939</distance>
        </extensions>
      </trkpt>
      <trkpt lat="46.03924" lon="6.9285">
        <ele>1485</ele>
        <extensions>
          <distance>33955</distance>
        </extensions>
      </trkpt>
      <trkpt lat="46.03924" lon="6.92858">
        <ele>1480</ele>
        <extensions>
          <distance>33962</distance>
        </extensions>
      </trkpt>
      <trkpt lat="46.0392" lon="6.92863">
        <ele>1476</ele>
        <extensions>
          <distance>33969</distance>
        </extensions>
      </trkpt>
      <trkpt lat="46.03918" lon="6.92861">
        <ele>1476</ele>
        <extensions>
          <distance>33972</distance>
        </extensions>
      </trkpt>
      <trkpt lat="46.03917" lon="6.92862">
        <ele>1476</ele>
        <extensions>
          <distance>33973</distance>
        </extensions>
      </trkpt>
      <trkpt lat="46.0393" lon="6.92878">
        <ele>1467</ele>
        <extensions>
          <distance>33994</distance>
        </extensions>
      </trkpt>
      <trkpt lat="46.03931" lon="6.92882">
        <ele>1465</ele>
        <extensions>
          <distance>33997</distance>
        </extensions>
      </trkpt>
      <trkpt lat="46.03928" lon="6.92882">
        <ele>1465</ele>
        <extensions>
          <distance>34001</distance>
        </extensions>
      </trkpt>
      <trkpt lat="46.03925" lon="6.92885">
        <ele>1465</ele>
        <extensions>
          <distance>34005</distance>
        </extensions>
      </trkpt>
      <trkpt lat="46.03915" lon="6.92878">
        <ele>1465</ele>
        <extensions>
          <distance>34017</distance>
        </extensions>
      </trkpt>
      <trkpt lat="46.03913" lon="6.92879">
        <ele>1465</ele>
        <extensions>
          <distance>34020</distance>
        </extensions>
      </trkpt>
      <trkpt lat="46.0391" lon="6.92876">
        <ele>1465</ele>
        <extensions>
          <distance>34024</distance>
        </extensions>
      </trkpt>
      <trkpt lat="46.03901" lon="6.92876">
        <ele>1462</ele>
        <extensions>
          <distance>34034</distance>
        </extensions>
      </trkpt>
      <trkpt lat="46.039" lon="6.92877">
        <ele>1459</ele>
        <extensions>
          <distance>34037</distance>
        </extensions>
      </trkpt>
      <trkpt lat="46.03909" lon="6.92895">
        <ele>1455</ele>
        <extensions>
          <distance>34055</distance>
        </extensions>
      </trkpt>
      <trkpt lat="46.03907" lon="6.92899">
        <ele>1454</ele>
        <extensions>
          <distance>34059</distance>
        </extensions>
      </trkpt>
      <trkpt lat="46.03927" lon="6.92913">
        <ele>1452</ele>
        <extensions>
          <distance>34083</distance>
        </extensions>
      </trkpt>
      <trkpt lat="46.0394" lon="6.92931">
        <ele>1446</ele>
        <extensions>
          <distance>34104</distance>
        </extensions>
      </trkpt>
      <trkpt lat="46.03955" lon="6.92959">
        <ele>1438</ele>
        <extensions>
          <distance>34133</distance>
        </extensions>
      </trkpt>
      <trkpt lat="46.03967" lon="6.92972">
        <ele>1433</ele>
        <extensions>
          <distance>34150</distance>
        </extensions>
      </trkpt>
      <trkpt lat="46.03977" lon="6.92978">
        <ele>1431</ele>
        <extensions>
          <distance>34162</distance>
        </extensions>
      </trkpt>
      <trkpt lat="46.04002" lon="6.92985">
        <ele>1421</ele>
        <extensions>
          <distance>34192</distance>
        </extensions>
      </trkpt>
      <trkpt lat="46.04009" lon="6.92981">
        <ele>1421</ele>
        <extensions>
          <distance>34201</distance>
        </extensions>
      </trkpt>
      <trkpt lat="46.04034" lon="6.92976">
        <ele>1421</ele>
        <extensions>
          <distance>34229</distance>
        </extensions>
      </trkpt>
      <trkpt lat="46.04054" lon="6.92993">
        <ele>1420</ele>
        <extensions>
          <distance>34255</distance>
        </extensions>
      </trkpt>
      <trkpt lat="46.04064" lon="6.92996">
        <ele>1420</ele>
        <extensions>
          <distance>34266</distance>
        </extensions>
      </trkpt>
      <trkpt lat="46.04073" lon="6.93002">
        <ele>1420</ele>
        <extensions>
          <distance>34277</distance>
        </extensions>
      </trkpt>
      <trkpt lat="46.04079" lon="6.93014">
        <ele>1416</ele>
        <extensions>
          <distance>34289</distance>
        </extensions>
      </trkpt>
      <trkpt lat="46.04093" lon="6.93028">
        <ele>1409</ele>
        <extensions>
          <distance>34309</distance>
        </extensions>
      </trkpt>
      <trkpt lat="46.04104" lon="6.93054">
        <ele>1400</ele>
        <extensions>
          <distance>34334</distance>
        </extensions>
      </trkpt>
      <trkpt lat="46.04111" lon="6.93061">
        <ele>1398</ele>
        <extensions>
          <distance>34344</distance>
        </extensions>
      </trkpt>
      <trkpt lat="46.041295000000005" lon="6.93075">
        <ele>1397</ele>
        <extensions>
          <distance>34367</distance>
        </extensions>
      </trkpt>
      <trkpt lat="46.04148" lon="6.93089">
        <ele>1397</ele>
        <extensions>
          <distance>34390</distance>
        </extensions>
      </trkpt>
      <trkpt lat="46.041615" lon="6.931175">
        <ele>1397</ele>
        <extensions>
          <distance>34417</distance>
        </extensions>
      </trkpt>
      <trkpt lat="46.04175" lon="6.93146">
        <ele>1396</ele>
        <extensions>
          <distance>34444</distance>
        </extensions>
      </trkpt>
      <trkpt lat="46.041825" lon="6.93172">
        <ele>1391</ele>
        <extensions>
          <distance>34466</distance>
        </extensions>
      </trkpt>
      <trkpt lat="46.0419" lon="6.93198">
        <ele>1389</ele>
        <extensions>
          <distance>34487</distance>
        </extensions>
      </trkpt>
      <trkpt lat="46.0419375" lon="6.93225125">
        <ele>1380</ele>
        <extensions>
          <distance>34510</distance>
        </extensions>
      </trkpt>
      <trkpt lat="46.041975" lon="6.9325225">
        <ele>1375</ele>
        <extensions>
          <distance>34532</distance>
        </extensions>
      </trkpt>
      <trkpt lat="46.0420125" lon="6.93279375">
        <ele>1371</ele>
        <extensions>
          <distance>34554</distance>
        </extensions>
      </trkpt>
      <trkpt lat="46.04205" lon="6.933065">
        <ele>1365</ele>
        <extensions>
          <distance>34576</distance>
        </extensions>
      </trkpt>
      <trkpt lat="46.0420875" lon="6.93333625">
        <ele>1362</ele>
        <extensions>
          <distance>34598</distance>
        </extensions>
      </trkpt>
      <trkpt lat="46.042125" lon="6.9336075">
        <ele>1360</ele>
        <extensions>
          <distance>34619</distance>
        </extensions>
      </trkpt>
      <trkpt lat="46.0421625" lon="6.93387875">
        <ele>1357</ele>
        <extensions>
          <distance>34641</distance>
        </extensions>
      </trkpt>
      <trkpt lat="46.0422" lon="6.93415">
        <ele>1355</ele>
        <extensions>
          <distance>34662</distance>
        </extensions>
      </trkpt>
      <trkpt lat="46.042328749999996" lon="6.93435">
        <ele>1351</ele>
        <extensions>
          <distance>34684</distance>
        </extensions>
      </trkpt>
      <trkpt lat="46.0424575" lon="6.93455">
        <ele>1347</ele>
        <extensions>
          <distance>34705</distance>
        </extensions>
      </trkpt>
      <trkpt lat="46.04258625" lon="6.934749999999999">
        <ele>1339</ele>
        <extensions>
          <distance>34728</distance>
        </extensions>
      </trkpt>
      <trkpt lat="46.042715" lon="6.93495">
        <ele>1332</ele>
        <extensions>
          <distance>34750</distance>
        </extensions>
      </trkpt>
      <trkpt lat="46.04284375" lon="6.93515">
        <ele>1327</ele>
        <extensions>
          <distance>34772</distance>
        </extensions>
      </trkpt>
      <trkpt lat="46.042972500000005" lon="6.93535">
        <ele>1323</ele>
        <extensions>
          <distance>34793</distance>
        </extensions>
      </trkpt>
      <trkpt lat="46.04310125000001" lon="6.935549999999999">
        <ele>1321</ele>
        <extensions>
          <distance>34814</distance>
        </extensions>
      </trkpt>
      <trkpt lat="46.04323" lon="6.93575">
        <ele>1321</ele>
        <extensions>
          <distance>34835</distance>
        </extensions>
      </trkpt>
      <trkpt lat="46.04307" lon="6.9356">
        <ele>1319</ele>
        <extensions>
          <distance>34857</distance>
        </extensions>
      </trkpt>
      <trkpt lat="46.04301" lon="6.93561">
        <ele>1317</ele>
        <extensions>
          <distance>34863</distance>
        </extensions>
      </trkpt>
      <trkpt lat="46.0430925" lon="6.93577">
        <ele>1316</ele>
        <extensions>
          <distance>34879</distance>
        </extensions>
      </trkpt>
      <trkpt lat="46.043175000000005" lon="6.93593">
        <ele>1315</ele>
        <extensions>
          <distance>34894</distance>
        </extensions>
      </trkpt>
      <trkpt lat="46.0432575" lon="6.93609">
        <ele>1314</ele>
        <extensions>
          <distance>34910</distance>
        </extensions>
      </trkpt>
      <trkpt lat="46.04334" lon="6.93625">
        <ele>1313</ele>
        <extensions>
          <distance>34925</distance>
        </extensions>
      </trkpt>
      <trkpt lat="46.04352" lon="6.93652">
        <ele>1310</ele>
        <extensions>
          <distance>34954</distance>
        </extensions>
      </trkpt>
      <trkpt lat="46.04366" lon="6.93665">
        <ele>1310</ele>
        <extensions>
          <distance>34973</distance>
        </extensions>
      </trkpt>
      <trkpt lat="46.0437925" lon="6.9367350000000005">
        <ele>1309</ele>
        <extensions>
          <distance>34989</distance>
        </extensions>
      </trkpt>
      <trkpt lat="46.043925" lon="6.93682">
        <ele>1308</ele>
        <extensions>
          <distance>35005</distance>
        </extensions>
      </trkpt>
      <trkpt lat="46.0440575" lon="6.936904999999999">
        <ele>1306</ele>
        <extensions>
          <distance>35021</distance>
        </extensions>
      </trkpt>
      <trkpt lat="46.04419" lon="6.93699">
        <ele>1306</ele>
        <extensions>
          <distance>35038</distance>
        </extensions>
      </trkpt>
      <trkpt lat="46.04436" lon="6.93705">
        <ele>1306</ele>
        <extensions>
          <distance>35057</distance>
        </extensions>
      </trkpt>
      <trkpt lat="46.04439" lon="6.93709">
        <ele>1306</ele>
        <extensions>
          <distance>35062</distance>
        </extensions>
      </trkpt>
      <trkpt lat="46.04457" lon="6.937095">
        <ele>1306</ele>
        <extensions>
          <distance>35082</distance>
        </extensions>
      </trkpt>
      <trkpt lat="46.04475" lon="6.9371">
        <ele>1307</ele>
        <extensions>
          <distance>35102</distance>
        </extensions>
      </trkpt>
      <trkpt lat="46.04492" lon="6.93702">
        <ele>1311</ele>
        <extensions>
          <distance>35122</distance>
        </extensions>
      </trkpt>
      <trkpt lat="46.04504" lon="6.93688">
        <ele>1317</ele>
        <extensions>
          <distance>35140</distance>
        </extensions>
      </trkpt>
      <trkpt lat="46.04503" lon="6.93669">
        <ele>1327</ele>
        <extensions>
          <distance>35158</distance>
        </extensions>
      </trkpt>
      <trkpt lat="46.045154999999994" lon="6.93645">
        <ele>1334</ele>
        <extensions>
          <distance>35182</distance>
        </extensions>
      </trkpt>
      <trkpt lat="46.04528" lon="6.93621">
        <ele>1334</ele>
        <extensions>
          <distance>35205</distance>
        </extensions>
      </trkpt>
      <trkpt lat="46.04531" lon="6.93617">
        <ele>1334</ele>
        <extensions>
          <distance>35210</distance>
        </extensions>
      </trkpt>
      <trkpt lat="46.04537" lon="6.93614">
        <ele>1334</ele>
        <extensions>
          <distance>35217</distance>
        </extensions>
      </trkpt>
      <trkpt lat="46.04551" lon="6.9362">
        <ele>1330</ele>
        <extensions>
          <distance>35233</distance>
        </extensions>
      </trkpt>
      <trkpt lat="46.04563" lon="6.93629">
        <ele>1329</ele>
        <extensions>
          <distance>35248</distance>
        </extensions>
      </trkpt>
      <trkpt lat="46.04575" lon="6.93638">
        <ele>1328</ele>
        <extensions>
          <distance>35263</distance>
        </extensions>
      </trkpt>
      <trkpt lat="46.04577" lon="6.93657">
        <ele>1326</ele>
        <extensions>
          <distance>35278</distance>
        </extensions>
      </trkpt>
      <trkpt lat="46.04587" lon="6.93691">
        <ele>1326</ele>
        <extensions>
          <distance>35307</distance>
        </extensions>
      </trkpt>
      <trkpt lat="46.04598" lon="6.93704">
        <ele>1326</ele>
        <extensions>
          <distance>35323</distance>
        </extensions>
      </trkpt>
      <trkpt lat="46.04607" lon="6.93705">
        <ele>1326</ele>
        <extensions>
          <distance>35333</distance>
        </extensions>
      </trkpt>
      <trkpt lat="46.046315" lon="6.93701">
        <ele>1329</ele>
        <extensions>
          <distance>35360</distance>
        </extensions>
      </trkpt>
      <trkpt lat="46.04656" lon="6.93697">
        <ele>1329</ele>
        <extensions>
          <distance>35387</distance>
        </extensions>
      </trkpt>
      <trkpt lat="46.046800000000005" lon="6.93697">
        <ele>1329</ele>
        <extensions>
          <distance>35414</distance>
        </extensions>
      </trkpt>
      <trkpt lat="46.04704" lon="6.93697">
        <ele>1329</ele>
        <extensions>
          <distance>35441</distance>
        </extensions>
      </trkpt>
      <trkpt lat="46.047188125000005" lon="6.937018125">
        <ele>1329</ele>
        <extensions>
          <distance>35458</distance>
        </extensions>
      </trkpt>
      <trkpt lat="46.04733625" lon="6.937066249999999">
        <ele>1328</ele>
        <extensions>
          <distance>35475</distance>
        </extensions>
      </trkpt>
      <trkpt lat="46.047484375" lon="6.937114374999999">
        <ele>1327</ele>
        <extensions>
          <distance>35491</distance>
        </extensions>
      </trkpt>
      <trkpt lat="46.047632500000006" lon="6.9371624999999995">
        <ele>1325</ele>
        <extensions>
          <distance>35508</distance>
        </extensions>
      </trkpt>
      <trkpt lat="46.047780625" lon="6.937210625">
        <ele>1323</ele>
        <extensions>
          <distance>35525</distance>
        </extensions>
      </trkpt>
      <trkpt lat="46.047928750000004" lon="6.93725875">
        <ele>1322</ele>
        <extensions>
          <distance>35542</distance>
        </extensions>
      </trkpt>
      <trkpt lat="46.04807687500001" lon="6.937306875">
        <ele>1322</ele>
        <extensions>
          <distance>35559</distance>
        </extensions>
      </trkpt>
      <trkpt lat="46.048225" lon="6.937355">
        <ele>1322</ele>
        <extensions>
          <distance>35576</distance>
        </extensions>
      </trkpt>
      <trkpt lat="46.048373125" lon="6.937403125">
        <ele>1322</ele>
        <extensions>
          <distance>35593</distance>
        </extensions>
      </trkpt>
      <trkpt lat="46.04852125" lon="6.9374512500000005">
        <ele>1324</ele>
        <extensions>
          <distance>35610</distance>
        </extensions>
      </trkpt>
      <trkpt lat="46.048669375" lon="6.937499375">
        <ele>1326</ele>
        <extensions>
          <distance>35627</distance>
        </extensions>
      </trkpt>
      <trkpt lat="46.0488175" lon="6.9375475">
        <ele>1330</ele>
        <extensions>
          <distance>35644</distance>
        </extensions>
      </trkpt>
      <trkpt lat="46.048965625" lon="6.937595625">
        <ele>1332</ele>
        <extensions>
          <distance>35661</distance>
        </extensions>
      </trkpt>
      <trkpt lat="46.049113750000004" lon="6.937643749999999">
        <ele>1335</ele>
        <extensions>
          <distance>35678</distance>
        </extensions>
      </trkpt>
      <trkpt lat="46.049261875" lon="6.937691875">
        <ele>1335</ele>
        <extensions>
          <distance>35695</distance>
        </extensions>
      </trkpt>
      <trkpt lat="46.04941" lon="6.93774">
        <ele>1335</ele>
        <extensions>
          <distance>35712</distance>
        </extensions>
      </trkpt>
      <trkpt lat="46.04948" lon="6.93771">
        <ele>1335</ele>
        <extensions>
          <distance>35720</distance>
        </extensions>
      </trkpt>
      <trkpt lat="46.04948" lon="6.93805">
        <ele>1327</ele>
        <extensions>
          <distance>35747</distance>
        </extensions>
      </trkpt>
      <trkpt lat="46.04944" lon="6.93825">
        <ele>1322</ele>
        <extensions>
          <distance>35764</distance>
        </extensions>
      </trkpt>
      <trkpt lat="46.04926" lon="6.93846">
        <ele>1314</ele>
        <extensions>
          <distance>35791</distance>
        </extensions>
      </trkpt>
      <trkpt lat="46.049094999999994" lon="6.938734999999999">
        <ele>1302</ele>
        <extensions>
          <distance>35821</distance>
        </extensions>
      </trkpt>
      <trkpt lat="46.04893" lon="6.93901">
        <ele>1293</ele>
        <extensions>
          <distance>35851</distance>
        </extensions>
      </trkpt>
      <trkpt lat="46.04877" lon="6.93921">
        <ele>1288</ele>
        <extensions>
          <distance>35875</distance>
        </extensions>
      </trkpt>
      <trkpt lat="46.04878" lon="6.93923">
        <ele>1288</ele>
        <extensions>
          <distance>35877</distance>
        </extensions>
      </trkpt>
      <trkpt lat="46.04903" lon="6.9391750000000005">
        <ele>1288</ele>
        <extensions>
          <distance>35905</distance>
        </extensions>
      </trkpt>
      <trkpt lat="46.04928" lon="6.93912">
        <ele>1288</ele>
        <extensions>
          <distance>35933</distance>
        </extensions>
      </trkpt>
      <trkpt lat="46.04946" lon="6.93901">
        <ele>1288</ele>
        <extensions>
          <distance>35955</distance>
        </extensions>
      </trkpt>
      <trkpt lat="46.049549999999996" lon="6.9388225">
        <ele>1294</ele>
        <extensions>
          <distance>35973</distance>
        </extensions>
      </trkpt>
      <trkpt lat="46.04964" lon="6.938635">
        <ele>1301</ele>
        <extensions>
          <distance>35992</distance>
        </extensions>
      </trkpt>
      <trkpt lat="46.04973" lon="6.9384475">
        <ele>1306</ele>
        <extensions>
          <distance>36010</distance>
        </extensions>
      </trkpt>
      <trkpt lat="46.04982" lon="6.93826">
        <ele>1308</ele>
        <extensions>
          <distance>36028</distance>
        </extensions>
      </trkpt>
      <trkpt lat="46.04984" lon="6.93806">
        <ele>1308</ele>
        <extensions>
          <distance>36043</distance>
        </extensions>
      </trkpt>
      <trkpt lat="46.04993" lon="6.93797">
        <ele>1308</ele>
        <extensions>
          <distance>36055</distance>
        </extensions>
      </trkpt>
      <trkpt lat="46.05011" lon="6.93796">
        <ele>1308</ele>
        <extensions>
          <distance>36075</distance>
        </extensions>
      </trkpt>
      <trkpt lat="46.05032" lon="6.938">
        <ele>1299</ele>
        <extensions>
          <distance>36099</distance>
        </extensions>
      </trkpt>
      <trkpt lat="46.05049" lon="6.93794">
        <ele>1296</ele>
        <extensions>
          <distance>36119</distance>
        </extensions>
      </trkpt>
      <trkpt lat="46.05069" lon="6.93775">
        <ele>1295</ele>
        <extensions>
          <distance>36146</distance>
        </extensions>
      </trkpt>
      <trkpt lat="46.05092" lon="6.93761">
        <ele>1294</ele>
        <extensions>
          <distance>36173</distance>
        </extensions>
      </trkpt>
      <trkpt lat="46.051064999999994" lon="6.937555">
        <ele>1294</ele>
        <extensions>
          <distance>36190</distance>
        </extensions>
      </trkpt>
      <trkpt lat="46.05121" lon="6.9375">
        <ele>1294</ele>
        <extensions>
          <distance>36207</distance>
        </extensions>
      </trkpt>
      <trkpt lat="46.05146" lon="6.937445">
        <ele>1294</ele>
        <extensions>
          <distance>36235</distance>
        </extensions>
      </trkpt>
      <trkpt lat="46.05171" lon="6.93739">
        <ele>1294</ele>
        <extensions>
          <distance>36263</distance>
        </extensions>
      </trkpt>
      <trkpt lat="46.05186" lon="6.93724">
        <ele>1298</ele>
        <extensions>
          <distance>36283</distance>
        </extensions>
      </trkpt>
      <trkpt lat="46.0519925" lon="6.9371575">
        <ele>1302</ele>
        <extensions>
          <distance>36299</distance>
        </extensions>
      </trkpt>
      <trkpt lat="46.052125000000004" lon="6.937075">
        <ele>1305</ele>
        <extensions>
          <distance>36316</distance>
        </extensions>
      </trkpt>
      <trkpt lat="46.0522575" lon="6.936992500000001">
        <ele>1305</ele>
        <extensions>
          <distance>36332</distance>
        </extensions>
      </trkpt>
      <trkpt lat="46.05239" lon="6.93691">
        <ele>1305</ele>
        <extensions>
          <distance>36348</distance>
        </extensions>
      </trkpt>
      <trkpt lat="46.05256" lon="6.93689">
        <ele>1305</ele>
        <extensions>
          <distance>36367</distance>
        </extensions>
      </trkpt>
      <trkpt lat="46.05273" lon="6.93687">
        <ele>1304</ele>
        <extensions>
          <distance>36386</distance>
        </extensions>
      </trkpt>
      <trkpt lat="46.05293" lon="6.93689">
        <ele>1298</ele>
        <extensions>
          <distance>36408</distance>
        </extensions>
      </trkpt>
      <trkpt lat="46.05313" lon="6.93691">
        <ele>1297</ele>
        <extensions>
          <distance>36431</distance>
        </extensions>
      </trkpt>
      <trkpt lat="46.05318" lon="6.93683">
        <ele>1297</ele>
        <extensions>
          <distance>36439</distance>
        </extensions>
      </trkpt>
      <trkpt lat="46.053304999999995" lon="6.93673">
        <ele>1297</ele>
        <extensions>
          <distance>36455</distance>
        </extensions>
      </trkpt>
      <trkpt lat="46.05343" lon="6.93663">
        <ele>1297</ele>
        <extensions>
          <distance>36471</distance>
        </extensions>
      </trkpt>
      <trkpt lat="46.05347" lon="6.93657">
        <ele>1297</ele>
        <extensions>
          <distance>36477</distance>
        </extensions>
      </trkpt>
      <trkpt lat="46.05364" lon="6.93656">
        <ele>1297</ele>
        <extensions>
          <distance>36496</distance>
        </extensions>
      </trkpt>
      <trkpt lat="46.05369" lon="6.93653">
        <ele>1297</ele>
        <extensions>
          <distance>36502</distance>
        </extensions>
      </trkpt>
      <trkpt lat="46.05378" lon="6.93654">
        <ele>1297</ele>
        <extensions>
          <distance>36512</distance>
        </extensions>
      </trkpt>
      <trkpt lat="46.05392" lon="6.93647">
        <ele>1297</ele>
        <extensions>
          <distance>36529</distance>
        </extensions>
      </trkpt>
      <trkpt lat="46.05406" lon="6.93631">
        <ele>1307</ele>
        <extensions>
          <distance>36549</distance>
        </extensions>
      </trkpt>
      <trkpt lat="46.05418" lon="6.93622">
        <ele>1313</ele>
        <extensions>
          <distance>36565</distance>
        </extensions>
      </trkpt>
      <trkpt lat="46.05425" lon="6.93612">
        <ele>1315</ele>
        <extensions>
          <distance>36576</distance>
        </extensions>
      </trkpt>
      <trkpt lat="46.0544" lon="6.93616">
        <ele>1318</ele>
        <extensions>
          <distance>36593</distance>
        </extensions>
      </trkpt>
      <trkpt lat="46.05452" lon="6.93589">
        <ele>1322</ele>
        <extensions>
          <distance>36618</distance>
        </extensions>
      </trkpt>
      <trkpt lat="46.05455" lon="6.93574">
        <ele>1326</ele>
        <extensions>
          <distance>36631</distance>
        </extensions>
      </trkpt>
      <trkpt lat="46.05462" lon="6.93562">
        <ele>1326</ele>
        <extensions>
          <distance>36643</distance>
        </extensions>
      </trkpt>
      <trkpt lat="46.05464" lon="6.9355">
        <ele>1326</ele>
        <extensions>
          <distance>36653</distance>
        </extensions>
      </trkpt>
      <trkpt lat="46.05473" lon="6.93541">
        <ele>1327</ele>
        <extensions>
          <distance>36665</distance>
        </extensions>
      </trkpt>
      <trkpt lat="46.05486" lon="6.93535">
        <ele>1327</ele>
        <extensions>
          <distance>36680</distance>
        </extensions>
      </trkpt>
      <trkpt lat="46.05493" lon="6.93535">
        <ele>1330</ele>
        <extensions>
          <distance>36688</distance>
        </extensions>
      </trkpt>
      <trkpt lat="46.0551" lon="6.93542">
        <ele>1330</ele>
        <extensions>
          <distance>36708</distance>
        </extensions>
      </trkpt>
      <trkpt lat="46.05521" lon="6.93541">
        <ele>1330</ele>
        <extensions>
          <distance>36720</distance>
        </extensions>
      </trkpt>
      <trkpt lat="46.05534" lon="6.93537">
        <ele>1335</ele>
        <extensions>
          <distance>36735</distance>
        </extensions>
      </trkpt>
      <trkpt lat="46.05541" lon="6.93529">
        <ele>1340</ele>
        <extensions>
          <distance>36746</distance>
        </extensions>
      </trkpt>
      <trkpt lat="46.05556" lon="6.93528">
        <ele>1345</ele>
        <extensions>
          <distance>36764</distance>
        </extensions>
      </trkpt>
      <trkpt lat="46.05562" lon="6.93524">
        <ele>1348</ele>
        <extensions>
          <distance>36772</distance>
        </extensions>
      </trkpt>
      <trkpt lat="46.05567" lon="6.93517">
        <ele>1351</ele>
        <extensions>
          <distance>36780</distance>
        </extensions>
      </trkpt>
      <trkpt lat="46.05571" lon="6.93515">
        <ele>1354</ele>
        <extensions>
          <distance>36785</distance>
        </extensions>
      </trkpt>
      <trkpt lat="46.05574" lon="6.93511">
        <ele>1357</ele>
        <extensions>
          <distance>36791</distance>
        </extensions>
      </trkpt>
      <trkpt lat="46.05576" lon="6.935">
        <ele>1360</ele>
        <extensions>
          <distance>36800</distance>
        </extensions>
      </trkpt>
      <trkpt lat="46.05574" lon="6.93485">
        <ele>1368</ele>
        <extensions>
          <distance>36814</distance>
        </extensions>
      </trkpt>
      <trkpt lat="46.05577" lon="6.93477">
        <ele>1372</ele>
        <extensions>
          <distance>36823</distance>
        </extensions>
      </trkpt>
      <trkpt lat="46.05592" lon="6.93473">
        <ele>1376</ele>
        <extensions>
          <distance>36840</distance>
        </extensions>
      </trkpt>
      <trkpt lat="46.05608" lon="6.93471">
        <ele>1379</ele>
        <extensions>
          <distance>36858</distance>
        </extensions>
      </trkpt>
      <trkpt lat="46.05624" lon="6.9346">
        <ele>1386</ele>
        <extensions>
          <distance>36879</distance>
        </extensions>
      </trkpt>
      <trkpt lat="46.056435" lon="6.93459">
        <ele>1389</ele>
        <extensions>
          <distance>36901</distance>
        </extensions>
      </trkpt>
      <trkpt lat="46.05663" lon="6.93458">
        <ele>1393</ele>
        <extensions>
          <distance>36923</distance>
        </extensions>
      </trkpt>
      <trkpt lat="46.05678" lon="6.9346">
        <ele>1397</ele>
        <extensions>
          <distance>36940</distance>
        </extensions>
      </trkpt>
      <trkpt lat="46.05693" lon="6.93465">
        <ele>1399</ele>
        <extensions>
          <distance>36957</distance>
        </extensions>
      </trkpt>
      <trkpt lat="46.057085" lon="6.934605">
        <ele>1403</ele>
        <extensions>
          <distance>36975</distance>
        </extensions>
      </trkpt>
      <trkpt lat="46.05724" lon="6.93456">
        <ele>1408</ele>
        <extensions>
          <distance>36994</distance>
        </extensions>
      </trkpt>
      <trkpt lat="46.057375" lon="6.93454">
        <ele>1410</ele>
        <extensions>
          <distance>37009</distance>
        </extensions>
      </trkpt>
      <trkpt lat="46.05751" lon="6.93452">
        <ele>1412</ele>
        <extensions>
          <distance>37024</distance>
        </extensions>
      </trkpt>
      <trkpt lat="46.0577" lon="6.93453">
        <ele>1415</ele>
        <extensions>
          <distance>37045</distance>
        </extensions>
      </trkpt>
      <trkpt lat="46.05787" lon="6.93468">
        <ele>1417</ele>
        <extensions>
          <distance>37068</distance>
        </extensions>
      </trkpt>
      <trkpt lat="46.058" lon="6.93474">
        <ele>1417</ele>
        <extensions>
          <distance>37083</distance>
        </extensions>
      </trkpt>
      <trkpt lat="46.05806" lon="6.93473">
        <ele>1419</ele>
        <extensions>
          <distance>37090</distance>
        </extensions>
      </trkpt>
      <trkpt lat="46.05814" lon="6.93476">
        <ele>1420</ele>
        <extensions>
          <distance>37099</distance>
        </extensions>
      </trkpt>
      <trkpt lat="46.05822" lon="6.93475">
        <ele>1422</ele>
        <extensions>
          <distance>37108</distance>
        </extensions>
      </trkpt>
      <trkpt lat="46.05828" lon="6.9348">
        <ele>1422</ele>
        <extensions>
          <distance>37116</distance>
        </extensions>
      </trkpt>
      <trkpt lat="46.05836" lon="6.93481">
        <ele>1425</ele>
        <extensions>
          <distance>37125</distance>
        </extensions>
      </trkpt>
      <trkpt lat="46.05842" lon="6.93478">
        <ele>1427</ele>
        <extensions>
          <distance>37132</distance>
        </extensions>
      </trkpt>
      <trkpt lat="46.0584" lon="6.93472">
        <ele>1430</ele>
        <extensions>
          <distance>37138</distance>
        </extensions>
      </trkpt>
      <trkpt lat="46.05849" lon="6.93473">
        <ele>1432</ele>
        <extensions>
          <distance>37148</distance>
        </extensions>
      </trkpt>
      <trkpt lat="46.05852" lon="6.93472">
        <ele>1433</ele>
        <extensions>
          <distance>37152</distance>
        </extensions>
      </trkpt>
      <trkpt lat="46.05863" lon="6.93464">
        <ele>1437</ele>
        <extensions>
          <distance>37166</distance>
        </extensions>
      </trkpt>
      <trkpt lat="46.05867" lon="6.93455">
        <ele>1439</ele>
        <extensions>
          <distance>37174</distance>
        </extensions>
      </trkpt>
      <trkpt lat="46.05869" lon="6.93434">
        <ele>1445</ele>
        <extensions>
          <distance>37192</distance>
        </extensions>
      </trkpt>
      <trkpt lat="46.05859" lon="6.93401">
        <ele>1450</ele>
        <extensions>
          <distance>37220</distance>
        </extensions>
      </trkpt>
      <trkpt lat="46.05859" lon="6.93395">
        <ele>1453</ele>
        <extensions>
          <distance>37226</distance>
        </extensions>
      </trkpt>
      <trkpt lat="46.05862" lon="6.93391">
        <ele>1455</ele>
        <extensions>
          <distance>37230</distance>
        </extensions>
      </trkpt>
      <trkpt lat="46.0587" lon="6.93389">
        <ele>1458</ele>
        <extensions>
          <distance>37240</distance>
        </extensions>
      </trkpt>
      <trkpt lat="46.05874" lon="6.9337">
        <ele>1467</ele>
        <extensions>
          <distance>37258</distance>
        </extensions>
      </trkpt>
      <trkpt lat="46.05889" lon="6.93377">
        <ele>1471</ele>
        <extensions>
          <distance>37276</distance>
        </extensions>
      </trkpt>
      <trkpt lat="46.05901" lon="6.93348">
        <ele>1491</ele>
        <extensions>
          <distance>37309</distance>
        </extensions>
      </trkpt>
      <trkpt lat="46.059" lon="6.93331">
        <ele>1499</ele>
        <extensions>
          <distance>37324</distance>
        </extensions>
      </trkpt>
      <trkpt lat="46.05902" lon="6.93325">
        <ele>1501</ele>
        <extensions>
          <distance>37330</distance>
        </extensions>
      </trkpt>
      <trkpt lat="46.05905" lon="6.93323">
        <ele>1503</ele>
        <extensions>
          <distance>37334</distance>
        </extensions>
      </trkpt>
      <trkpt lat="46.05907" lon="6.9333">
        <ele>1504</ele>
        <extensions>
          <distance>37340</distance>
        </extensions>
      </trkpt>
      <trkpt lat="46.0591" lon="6.93332">
        <ele>1505</ele>
        <extensions>
          <distance>37344</distance>
        </extensions>
      </trkpt>
      <trkpt lat="46.05914" lon="6.93339">
        <ele>1506</ele>
        <extensions>
          <distance>37351</distance>
        </extensions>
      </trkpt>
      <trkpt lat="46.05923" lon="6.93346">
        <ele>1507</ele>
        <extensions>
          <distance>37362</distance>
        </extensions>
      </trkpt>
      <trkpt lat="46.05935" lon="6.93371">
        <ele>1507</ele>
        <extensions>
          <distance>37386</distance>
        </extensions>
      </trkpt>
      <trkpt lat="46.05939" lon="6.93373">
        <ele>1510</ele>
        <extensions>
          <distance>37391</distance>
        </extensions>
      </trkpt>
      <trkpt lat="46.05947" lon="6.9337">
        <ele>1515</ele>
        <extensions>
          <distance>37401</distance>
        </extensions>
      </trkpt>
      <trkpt lat="46.05952" lon="6.9337">
        <ele>1516</ele>
        <extensions>
          <distance>37407</distance>
        </extensions>
      </trkpt>
      <trkpt lat="46.05957" lon="6.93374">
        <ele>1516</ele>
        <extensions>
          <distance>37413</distance>
        </extensions>
      </trkpt>
      <trkpt lat="46.05959" lon="6.9338">
        <ele>1517</ele>
        <extensions>
          <distance>37418</distance>
        </extensions>
      </trkpt>
      <trkpt lat="46.05963" lon="6.93382">
        <ele>1517</ele>
        <extensions>
          <distance>37423</distance>
        </extensions>
      </trkpt>
      <trkpt lat="46.0597" lon="6.93378">
        <ele>1521</ele>
        <extensions>
          <distance>37432</distance>
        </extensions>
      </trkpt>
      <trkpt lat="46.05974" lon="6.9338">
        <ele>1521</ele>
        <extensions>
          <distance>37437</distance>
        </extensions>
      </trkpt>
      <trkpt lat="46.05977" lon="6.93384">
        <ele>1522</ele>
        <extensions>
          <distance>37441</distance>
        </extensions>
      </trkpt>
      <trkpt lat="46.05987" lon="6.93386">
        <ele>1526</ele>
        <extensions>
          <distance>37453</distance>
        </extensions>
      </trkpt>
      <trkpt lat="46.0599" lon="6.93385">
        <ele>1528</ele>
        <extensions>
          <distance>37456</distance>
        </extensions>
      </trkpt>
      <trkpt lat="46.05996" lon="6.93387">
        <ele>1531</ele>
        <extensions>
          <distance>37464</distance>
        </extensions>
      </trkpt>
      <trkpt lat="46.06007" lon="6.93395">
        <ele>1544</ele>
        <extensions>
          <distance>37483</distance>
        </extensions>
      </trkpt>
      <trkpt lat="46.06015" lon="6.93406">
        <ele>1552</ele>
        <extensions>
          <distance>37498</distance>
        </extensions>
      </trkpt>
      <trkpt lat="46.06016" lon="6.93441">
        <ele>1554</ele>
        <extensions>
          <distance>37525</distance>
        </extensions>
      </trkpt>
      <trkpt lat="46.06019" lon="6.93454">
        <ele>1557</ele>
        <extensions>
          <distance>37536</distance>
        </extensions>
      </trkpt>
      <trkpt lat="46.06023" lon="6.93463">
        <ele>1560</ele>
        <extensions>
          <distance>37545</distance>
        </extensions>
      </trkpt>
      <trkpt lat="46.06035" lon="6.93478">
        <ele>1563</ele>
        <extensions>
          <distance>37563</distance>
        </extensions>
      </trkpt>
      <trkpt lat="46.06043" lon="6.93484">
        <ele>1565</ele>
        <extensions>
          <distance>37573</distance>
        </extensions>
      </trkpt>
      <trkpt lat="46.06045" lon="6.93493">
        <ele>1566</ele>
        <extensions>
          <distance>37580</distance>
        </extensions>
      </trkpt>
      <trkpt lat="46.06044" lon="6.93505">
        <ele>1567</ele>
        <extensions>
          <distance>37590</distance>
        </extensions>
      </trkpt>
      <trkpt lat="46.0607" lon="6.93505">
        <ele>1573</ele>
        <extensions>
          <distance>37619</distance>
        </extensions>
      </trkpt>
      <trkpt lat="46.06094" lon="6.9351">
        <ele>1578</ele>
        <extensions>
          <distance>37647</distance>
        </extensions>
      </trkpt>
      <trkpt lat="46.06106" lon="6.93516">
        <ele>1581</ele>
        <extensions>
          <distance>37661</distance>
        </extensions>
      </trkpt>
      <trkpt lat="46.06112" lon="6.93517">
        <ele>1582</ele>
        <extensions>
          <distance>37668</distance>
        </extensions>
      </trkpt>
      <trkpt lat="46.06115" lon="6.93516">
        <ele>1584</ele>
        <extensions>
          <distance>37672</distance>
        </extensions>
      </trkpt>
      <trkpt lat="46.06116" lon="6.93512">
        <ele>1584</ele>
        <extensions>
          <distance>37675</distance>
        </extensions>
      </trkpt>
      <trkpt lat="46.06114" lon="6.93502">
        <ele>1586</ele>
        <extensions>
          <distance>37683</distance>
        </extensions>
      </trkpt>
      <trkpt lat="46.06119" lon="6.93502">
        <ele>1587</ele>
        <extensions>
          <distance>37689</distance>
        </extensions>
      </trkpt>
      <trkpt lat="46.06132" lon="6.93513">
        <ele>1588</ele>
        <extensions>
          <distance>37706</distance>
        </extensions>
      </trkpt>
      <trkpt lat="46.06137" lon="6.9352">
        <ele>1588</ele>
        <extensions>
          <distance>37713</distance>
        </extensions>
      </trkpt>
      <trkpt lat="46.06142" lon="6.93533">
        <ele>1588</ele>
        <extensions>
          <distance>37725</distance>
        </extensions>
      </trkpt>
      <trkpt lat="46.0615" lon="6.93545">
        <ele>1588</ele>
        <extensions>
          <distance>37738</distance>
        </extensions>
      </trkpt>
      <trkpt lat="46.06156" lon="6.93549">
        <ele>1588</ele>
        <extensions>
          <distance>37745</distance>
        </extensions>
      </trkpt>
      <trkpt lat="46.06171" lon="6.93566">
        <ele>1588</ele>
        <extensions>
          <distance>37766</distance>
        </extensions>
      </trkpt>
      <trkpt lat="46.06173" lon="6.93564">
        <ele>1589</ele>
        <extensions>
          <distance>37769</distance>
        </extensions>
      </trkpt>
      <trkpt lat="46.06174" lon="6.93546">
        <ele>1593</ele>
        <extensions>
          <distance>37783</distance>
        </extensions>
      </trkpt>
      <trkpt lat="46.06189" lon="6.93527">
        <ele>1598</ele>
        <extensions>
          <distance>37806</distance>
        </extensions>
      </trkpt>
      <trkpt lat="46.061904999999996" lon="6.93504">
        <ele>1602</ele>
        <extensions>
          <distance>37824</distance>
        </extensions>
      </trkpt>
      <trkpt lat="46.06192" lon="6.93481">
        <ele>1606</ele>
        <extensions>
          <distance>37843</distance>
        </extensions>
      </trkpt>
      <trkpt lat="46.06198" lon="6.93473">
        <ele>1607</ele>
        <extensions>
          <distance>37852</distance>
        </extensions>
      </trkpt>
      <trkpt lat="46.06205" lon="6.93469">
        <ele>1609</ele>
        <extensions>
          <distance>37860</distance>
        </extensions>
      </trkpt>
      <trkpt lat="46.06205" lon="6.93447">
        <ele>1612</ele>
        <extensions>
          <distance>37878</distance>
        </extensions>
      </trkpt>
      <trkpt lat="46.06211" lon="6.93433">
        <ele>1615</ele>
        <extensions>
          <distance>37891</distance>
        </extensions>
      </trkpt>
      <trkpt lat="46.06209" lon="6.93417">
        <ele>1618</ele>
        <extensions>
          <distance>37904</distance>
        </extensions>
      </trkpt>
      <trkpt lat="46.06205" lon="6.93413">
        <ele>1619</ele>
        <extensions>
          <distance>37909</distance>
        </extensions>
      </trkpt>
      <trkpt lat="46.06206" lon="6.9339">
        <ele>1625</ele>
        <extensions>
          <distance>37928</distance>
        </extensions>
      </trkpt>
      <trkpt lat="46.06212" lon="6.93372">
        <ele>1630</ele>
        <extensions>
          <distance>37944</distance>
        </extensions>
      </trkpt>
      <trkpt lat="46.06213" lon="6.93352">
        <ele>1637</ele>
        <extensions>
          <distance>37961</distance>
        </extensions>
      </trkpt>
      <trkpt lat="46.06219" lon="6.93332">
        <ele>1644</ele>
        <extensions>
          <distance>37979</distance>
        </extensions>
      </trkpt>
      <trkpt lat="46.06218" lon="6.93325">
        <ele>1648</ele>
        <extensions>
          <distance>37986</distance>
        </extensions>
      </trkpt>
      <trkpt lat="46.06223" lon="6.93316">
        <ele>1652</ele>
        <extensions>
          <distance>37996</distance>
        </extensions>
      </trkpt>
      <trkpt lat="46.06222" lon="6.93307">
        <ele>1655</ele>
        <extensions>
          <distance>38004</distance>
        </extensions>
      </trkpt>
      <trkpt lat="46.06217" lon="6.93303">
        <ele>1657</ele>
        <extensions>
          <distance>38010</distance>
        </extensions>
      </trkpt>
      <trkpt lat="46.0621" lon="6.93305">
        <ele>1657</ele>
        <extensions>
          <distance>38018</distance>
        </extensions>
      </trkpt>
      <trkpt lat="46.06207" lon="6.93296">
        <ele>1661</ele>
        <extensions>
          <distance>38027</distance>
        </extensions>
      </trkpt>
      <trkpt lat="46.06207" lon="6.93276">
        <ele>1669</ele>
        <extensions>
          <distance>38044</distance>
        </extensions>
      </trkpt>
      <trkpt lat="46.06204" lon="6.93264">
        <ele>1676</ele>
        <extensions>
          <distance>38056</distance>
        </extensions>
      </trkpt>
      <trkpt lat="46.06205" lon="6.93258">
        <ele>1680</ele>
        <extensions>
          <distance>38062</distance>
        </extensions>
      </trkpt>
      <trkpt lat="46.06216" lon="6.93245">
        <ele>1682</ele>
        <extensions>
          <distance>38078</distance>
        </extensions>
      </trkpt>
      <trkpt lat="46.06221" lon="6.93246">
        <ele>1684</ele>
        <extensions>
          <distance>38084</distance>
        </extensions>
      </trkpt>
      <trkpt lat="46.06224" lon="6.93244">
        <ele>1685</ele>
        <extensions>
          <distance>38088</distance>
        </extensions>
      </trkpt>
      <trkpt lat="46.06232" lon="6.93224">
        <ele>1693</ele>
        <extensions>
          <distance>38107</distance>
        </extensions>
      </trkpt>
      <trkpt lat="46.06231" lon="6.93211">
        <ele>1699</ele>
        <extensions>
          <distance>38119</distance>
        </extensions>
      </trkpt>
      <trkpt lat="46.06229" lon="6.93209">
        <ele>1699</ele>
        <extensions>
          <distance>38122</distance>
        </extensions>
      </trkpt>
      <trkpt lat="46.06223" lon="6.93212">
        <ele>1699</ele>
        <extensions>
          <distance>38129</distance>
        </extensions>
      </trkpt>
      <trkpt lat="46.06222" lon="6.93208">
        <ele>1701</ele>
        <extensions>
          <distance>38132</distance>
        </extensions>
      </trkpt>
      <trkpt lat="46.06218" lon="6.93207">
        <ele>1701</ele>
        <extensions>
          <distance>38137</distance>
        </extensions>
      </trkpt>
      <trkpt lat="46.06215" lon="6.93204">
        <ele>1704</ele>
        <extensions>
          <distance>38141</distance>
        </extensions>
      </trkpt>
      <trkpt lat="46.06204" lon="6.93212">
        <ele>1705</ele>
        <extensions>
          <distance>38155</distance>
        </extensions>
      </trkpt>
      <trkpt lat="46.06188" lon="6.9321">
        <ele>1705</ele>
        <extensions>
          <distance>38173</distance>
        </extensions>
      </trkpt>
      <trkpt lat="46.06184" lon="6.93206">
        <ele>1707</ele>
        <extensions>
          <distance>38178</distance>
        </extensions>
      </trkpt>
      <trkpt lat="46.06183" lon="6.932">
        <ele>1709</ele>
        <extensions>
          <distance>38183</distance>
        </extensions>
      </trkpt>
      <trkpt lat="46.06175" lon="6.93188">
        <ele>1715</ele>
        <extensions>
          <distance>38198</distance>
        </extensions>
      </trkpt>
      <trkpt lat="46.06167" lon="6.93184">
        <ele>1715</ele>
        <extensions>
          <distance>38207</distance>
        </extensions>
      </trkpt>
      <trkpt lat="46.06164" lon="6.9317">
        <ele>1720</ele>
        <extensions>
          <distance>38219</distance>
        </extensions>
      </trkpt>
      <trkpt lat="46.0616" lon="6.93161">
        <ele>1723</ele>
        <extensions>
          <distance>38228</distance>
        </extensions>
      </trkpt>
      <trkpt lat="46.06162" lon="6.93152">
        <ele>1726</ele>
        <extensions>
          <distance>38236</distance>
        </extensions>
      </trkpt>
      <trkpt lat="46.06176" lon="6.93145">
        <ele>1734</ele>
        <extensions>
          <distance>38254</distance>
        </extensions>
      </trkpt>
      <trkpt lat="46.06183" lon="6.93146">
        <ele>1736</ele>
        <extensions>
          <distance>38262</distance>
        </extensions>
      </trkpt>
      <trkpt lat="46.06189" lon="6.93135">
        <ele>1740</ele>
        <extensions>
          <distance>38274</distance>
        </extensions>
      </trkpt>
      <trkpt lat="46.06197" lon="6.93131">
        <ele>1743</ele>
        <extensions>
          <distance>38284</distance>
        </extensions>
      </trkpt>
      <trkpt lat="46.06217" lon="6.93114">
        <ele>1753</ele>
        <extensions>
          <distance>38311</distance>
        </extensions>
      </trkpt>
      <trkpt lat="46.06223" lon="6.93112">
        <ele>1756</ele>
        <extensions>
          <distance>38319</distance>
        </extensions>
      </trkpt>
      <trkpt lat="46.0623" lon="6.93106">
        <ele>1758</ele>
        <extensions>
          <distance>38328</distance>
        </extensions>
      </trkpt>
      <trkpt lat="46.06238" lon="6.93092">
        <ele>1764</ele>
        <extensions>
          <distance>38343</distance>
        </extensions>
      </trkpt>
      <trkpt lat="46.06243" lon="6.93088">
        <ele>1767</ele>
        <extensions>
          <distance>38350</distance>
        </extensions>
      </trkpt>
      <trkpt lat="46.0625" lon="6.9306">
        <ele>1786</ele>
        <extensions>
          <distance>38380</distance>
        </extensions>
      </trkpt>
      <trkpt lat="46.06254" lon="6.93056">
        <ele>1786</ele>
        <extensions>
          <distance>38386</distance>
        </extensions>
      </trkpt>
      <trkpt lat="46.06257" lon="6.93059">
        <ele>1789</ele>
        <extensions>
          <distance>38390</distance>
        </extensions>
      </trkpt>
      <trkpt lat="46.06259" lon="6.93056">
        <ele>1789</ele>
        <extensions>
          <distance>38393</distance>
        </extensions>
      </trkpt>
      <trkpt lat="46.0627" lon="6.93055">
        <ele>1790</ele>
        <extensions>
          <distance>38406</distance>
        </extensions>
      </trkpt>
      <trkpt lat="46.06272" lon="6.93051">
        <ele>1792</ele>
        <extensions>
          <distance>38410</distance>
        </extensions>
      </trkpt>
      <trkpt lat="46.06271" lon="6.93043">
        <ele>1796</ele>
        <extensions>
          <distance>38417</distance>
        </extensions>
      </trkpt>
      <trkpt lat="46.06266" lon="6.93036">
        <ele>1798</ele>
        <extensions>
          <distance>38425</distance>
        </extensions>
      </trkpt>
      <trkpt lat="46.06265" lon="6.93022">
        <ele>1805</ele>
        <extensions>
          <distance>38438</distance>
        </extensions>
      </trkpt>
      <trkpt lat="46.06269" lon="6.93021">
        <ele>1805</ele>
        <extensions>
          <distance>38442</distance>
        </extensions>
      </trkpt>
      <trkpt lat="46.0627" lon="6.93017">
        <ele>1807</ele>
        <extensions>
          <distance>38446</distance>
        </extensions>
      </trkpt>
      <trkpt lat="46.06277" lon="6.93013">
        <ele>1807</ele>
        <extensions>
          <distance>38454</distance>
        </extensions>
      </trkpt>
      <trkpt lat="46.06278" lon="6.93009">
        <ele>1809</ele>
        <extensions>
          <distance>38458</distance>
        </extensions>
      </trkpt>
      <trkpt lat="46.06276" lon="6.93003">
        <ele>1810</ele>
        <extensions>
          <distance>38463</distance>
        </extensions>
      </trkpt>
      <trkpt lat="46.06278" lon="6.92999">
        <ele>1812</ele>
        <extensions>
          <distance>38467</distance>
        </extensions>
      </trkpt>
      <trkpt lat="46.06276" lon="6.92996">
        <ele>1814</ele>
        <extensions>
          <distance>38470</distance>
        </extensions>
      </trkpt>
      <trkpt lat="46.06278" lon="6.9299">
        <ele>1815</ele>
        <extensions>
          <distance>38476</distance>
        </extensions>
      </trkpt>
      <trkpt lat="46.06276" lon="6.92985">
        <ele>1817</ele>
        <extensions>
          <distance>38480</distance>
        </extensions>
      </trkpt>
      <trkpt lat="46.06268" lon="6.92981">
        <ele>1820</ele>
        <extensions>
          <distance>38491</distance>
        </extensions>
      </trkpt>
      <trkpt lat="46.06262" lon="6.9298">
        <ele>1822</ele>
        <extensions>
          <distance>38497</distance>
        </extensions>
      </trkpt>
      <trkpt lat="46.06258" lon="6.92981">
        <ele>1822</ele>
        <extensions>
          <distance>38502</distance>
        </extensions>
      </trkpt>
      <trkpt lat="46.06255" lon="6.92979">
        <ele>1823</ele>
        <extensions>
          <distance>38506</distance>
        </extensions>
      </trkpt>
      <trkpt lat="46.06252" lon="6.92981">
        <ele>1824</ele>
        <extensions>
          <distance>38510</distance>
        </extensions>
      </trkpt>
      <trkpt lat="46.06249" lon="6.92975">
        <ele>1826</ele>
        <extensions>
          <distance>38516</distance>
        </extensions>
      </trkpt>
      <trkpt lat="46.06249" lon="6.9297">
        <ele>1827</ele>
        <extensions>
          <distance>38520</distance>
        </extensions>
      </trkpt>
      <trkpt lat="46.06252" lon="6.92969">
        <ele>1828</ele>
        <extensions>
          <distance>38523</distance>
        </extensions>
      </trkpt>
      <trkpt lat="46.06255" lon="6.92963">
        <ele>1829</ele>
        <extensions>
          <distance>38529</distance>
        </extensions>
      </trkpt>
      <trkpt lat="46.06258" lon="6.92962">
        <ele>1831</ele>
        <extensions>
          <distance>38533</distance>
        </extensions>
      </trkpt>
      <trkpt lat="46.0626" lon="6.92956">
        <ele>1832</ele>
        <extensions>
          <distance>38538</distance>
        </extensions>
      </trkpt>
      <trkpt lat="46.06264" lon="6.92954">
        <ele>1834</ele>
        <extensions>
          <distance>38543</distance>
        </extensions>
      </trkpt>
      <trkpt lat="46.0627" lon="6.92944">
        <ele>1838</ele>
        <extensions>
          <distance>38554</distance>
        </extensions>
      </trkpt>
      <trkpt lat="46.06276" lon="6.92939">
        <ele>1838</ele>
        <extensions>
          <distance>38562</distance>
        </extensions>
      </trkpt>
      <trkpt lat="46.06277" lon="6.92934">
        <ele>1840</ele>
        <extensions>
          <distance>38566</distance>
        </extensions>
      </trkpt>
      <trkpt lat="46.06284" lon="6.92926">
        <ele>1843</ele>
        <extensions>
          <distance>38576</distance>
        </extensions>
      </trkpt>
      <trkpt lat="46.06301" lon="6.92918">
        <ele>1843</ele>
        <extensions>
          <distance>38596</distance>
        </extensions>
      </trkpt>
      <trkpt lat="46.06307" lon="6.92913">
        <ele>1844</ele>
        <extensions>
          <distance>38604</distance>
        </extensions>
      </trkpt>
      <trkpt lat="46.0631" lon="6.92905">
        <ele>1846</ele>
        <extensions>
          <distance>38611</distance>
        </extensions>
      </trkpt>
      <trkpt lat="46.063204999999996" lon="6.928915">
        <ele>1849</ele>
        <extensions>
          <distance>38627</distance>
        </extensions>
      </trkpt>
      <trkpt lat="46.06331" lon="6.92878">
        <ele>1854</ele>
        <extensions>
          <distance>38644</distance>
        </extensions>
      </trkpt>
      <trkpt lat="46.06345" lon="6.92874">
        <ele>1859</ele>
        <extensions>
          <distance>38660</distance>
        </extensions>
      </trkpt>
      <trkpt lat="46.0635" lon="6.92862">
        <ele>1865</ele>
        <extensions>
          <distance>38673</distance>
        </extensions>
      </trkpt>
      <trkpt lat="46.06352" lon="6.92862">
        <ele>1865</ele>
        <extensions>
          <distance>38675</distance>
        </extensions>
      </trkpt>
      <trkpt lat="46.06353" lon="6.92864">
        <ele>1866</ele>
        <extensions>
          <distance>38677</distance>
        </extensions>
      </trkpt>
      <trkpt lat="46.06355" lon="6.92863">
        <ele>1867</ele>
        <extensions>
          <distance>38679</distance>
        </extensions>
      </trkpt>
      <trkpt lat="46.06365" lon="6.92831">
        <ele>1883</ele>
        <extensions>
          <distance>38711</distance>
        </extensions>
      </trkpt>
      <trkpt lat="46.06367" lon="6.92815">
        <ele>1892</ele>
        <extensions>
          <distance>38726</distance>
        </extensions>
      </trkpt>
      <trkpt lat="46.0637" lon="6.92811">
        <ele>1895</ele>
        <extensions>
          <distance>38732</distance>
        </extensions>
      </trkpt>
      <trkpt lat="46.06377" lon="6.92809">
        <ele>1897</ele>
        <extensions>
          <distance>38740</distance>
        </extensions>
      </trkpt>
      <trkpt lat="46.06383" lon="6.92792">
        <ele>1907</ele>
        <extensions>
          <distance>38757</distance>
        </extensions>
      </trkpt>
      <trkpt lat="46.06387" lon="6.92792">
        <ele>1910</ele>
        <extensions>
          <distance>38763</distance>
        </extensions>
      </trkpt>
      <trkpt lat="46.06389" lon="6.928">
        <ele>1910</ele>
        <extensions>
          <distance>38769</distance>
        </extensions>
      </trkpt>
      <trkpt lat="46.06406" lon="6.9278">
        <ele>1921</ele>
        <extensions>
          <distance>38796</distance>
        </extensions>
      </trkpt>
      <trkpt lat="46.06412" lon="6.92767">
        <ele>1927</ele>
        <extensions>
          <distance>38809</distance>
        </extensions>
      </trkpt>
      <trkpt lat="46.0642" lon="6.92742">
        <ele>1935</ele>
        <extensions>
          <distance>38832</distance>
        </extensions>
      </trkpt>
      <trkpt lat="46.06417" lon="6.9273">
        <ele>1939</ele>
        <extensions>
          <distance>38842</distance>
        </extensions>
      </trkpt>
      <trkpt lat="46.06427" lon="6.92724">
        <ele>1940</ele>
        <extensions>
          <distance>38855</distance>
        </extensions>
      </trkpt>
      <trkpt lat="46.06431" lon="6.92715">
        <ele>1943</ele>
        <extensions>
          <distance>38863</distance>
        </extensions>
      </trkpt>
      <trkpt lat="46.06449" lon="6.92691">
        <ele>1947</ele>
        <extensions>
          <distance>38891</distance>
        </extensions>
      </trkpt>
      <trkpt lat="46.06456" lon="6.92687">
        <ele>1949</ele>
        <extensions>
          <distance>38899</distance>
        </extensions>
      </trkpt>
      <trkpt lat="46.06461" lon="6.92687">
        <ele>1950</ele>
        <extensions>
          <distance>38905</distance>
        </extensions>
      </trkpt>
      <trkpt lat="46.06462" lon="6.92679">
        <ele>1950</ele>
        <extensions>
          <distance>38911</distance>
        </extensions>
      </trkpt>
      <trkpt lat="46.06461" lon="6.92676">
        <ele>1950</ele>
        <extensions>
          <distance>38914</distance>
        </extensions>
      </trkpt>
      <trkpt lat="46.06458" lon="6.92674">
        <ele>1950</ele>
        <extensions>
          <distance>38918</distance>
        </extensions>
      </trkpt>
      <trkpt lat="46.06457" lon="6.92668">
        <ele>1950</ele>
        <extensions>
          <distance>38922</distance>
        </extensions>
      </trkpt>
      <trkpt lat="46.064755000000005" lon="6.926465">
        <ele>1950</ele>
        <extensions>
          <distance>38949</distance>
        </extensions>
      </trkpt>
      <trkpt lat="46.06494" lon="6.92625">
        <ele>1947</ele>
        <extensions>
          <distance>38975</distance>
        </extensions>
      </trkpt>
      <trkpt lat="46.06505" lon="6.92619">
        <ele>1942</ele>
        <extensions>
          <distance>38989</distance>
        </extensions>
      </trkpt>
      <trkpt lat="46.06522" lon="6.92601">
        <ele>1936</ele>
        <extensions>
          <distance>39014</distance>
        </extensions>
      </trkpt>
      <trkpt lat="46.06517" lon="6.92622">
        <ele>1935</ele>
        <extensions>
          <distance>39031</distance>
        </extensions>
      </trkpt>
      <trkpt lat="46.06511" lon="6.92633">
        <ele>1934</ele>
        <extensions>
          <distance>39042</distance>
        </extensions>
      </trkpt>
      <trkpt lat="46.065055" lon="6.926605">
        <ele>1934</ele>
        <extensions>
          <distance>39064</distance>
        </extensions>
      </trkpt>
      <trkpt lat="46.065" lon="6.92688">
        <ele>1933</ele>
        <extensions>
          <distance>39086</distance>
        </extensions>
      </trkpt>
      <trkpt lat="46.06492" lon="6.92716">
        <ele>1932</ele>
        <extensions>
          <distance>39109</distance>
        </extensions>
      </trkpt>
      <trkpt lat="46.06493" lon="6.92736">
        <ele>1930</ele>
        <extensions>
          <distance>39125</distance>
        </extensions>
      </trkpt>
      <trkpt lat="46.06497" lon="6.92762">
        <ele>1928</ele>
        <extensions>
          <distance>39145</distance>
        </extensions>
      </trkpt>
      <trkpt lat="46.06502" lon="6.92783">
        <ele>1927</ele>
        <extensions>
          <distance>39163</distance>
        </extensions>
      </trkpt>
      <trkpt lat="46.06506" lon="6.92789">
        <ele>1926</ele>
        <extensions>
          <distance>39169</distance>
        </extensions>
      </trkpt>
      <trkpt lat="46.06512" lon="6.92793">
        <ele>1925</ele>
        <extensions>
          <distance>39177</distance>
        </extensions>
      </trkpt>
      <trkpt lat="46.06525" lon="6.92798">
        <ele>1923</ele>
        <extensions>
          <distance>39192</distance>
        </extensions>
      </trkpt>
      <trkpt lat="46.0654" lon="6.92821">
        <ele>1921</ele>
        <extensions>
          <distance>39216</distance>
        </extensions>
      </trkpt>
      <trkpt lat="46.06542" lon="6.928425">
        <ele>1921</ele>
        <extensions>
          <distance>39233</distance>
        </extensions>
      </trkpt>
      <trkpt lat="46.06544" lon="6.92864">
        <ele>1920</ele>
        <extensions>
          <distance>39250</distance>
        </extensions>
      </trkpt>
      <trkpt lat="46.06544" lon="6.92902">
        <ele>1920</ele>
        <extensions>
          <distance>39279</distance>
        </extensions>
      </trkpt>
      <trkpt lat="46.06547" lon="6.92903">
        <ele>1920</ele>
        <extensions>
          <distance>39283</distance>
        </extensions>
      </trkpt>
      <trkpt lat="46.06548" lon="6.92926">
        <ele>1920</ele>
        <extensions>
          <distance>39300</distance>
        </extensions>
      </trkpt>
      <trkpt lat="46.065650000000005" lon="6.92945">
        <ele>1919</ele>
        <extensions>
          <distance>39324</distance>
        </extensions>
      </trkpt>
      <trkpt lat="46.06582" lon="6.92964">
        <ele>1917</ele>
        <extensions>
          <distance>39348</distance>
        </extensions>
      </trkpt>
      <trkpt lat="46.06595" lon="6.92984">
        <ele>1914</ele>
        <extensions>
          <distance>39370</distance>
        </extensions>
      </trkpt>
      <trkpt lat="46.06604" lon="6.93003">
        <ele>1911</ele>
        <extensions>
          <distance>39388</distance>
        </extensions>
      </trkpt>
      <trkpt lat="46.06611" lon="6.93024">
        <ele>1909</ele>
        <extensions>
          <distance>39406</distance>
        </extensions>
      </trkpt>
      <trkpt lat="46.06613" lon="6.93051">
        <ele>1907</ele>
        <extensions>
          <distance>39427</distance>
        </extensions>
      </trkpt>
      <trkpt lat="46.06615" lon="6.93057">
        <ele>1907</ele>
        <extensions>
          <distance>39432</distance>
        </extensions>
      </trkpt>
      <trkpt lat="46.066355" lon="6.930680000000001">
        <ele>1897</ele>
        <extensions>
          <distance>39458</distance>
        </extensions>
      </trkpt>
      <trkpt lat="46.06656" lon="6.93079">
        <ele>1887</ele>
        <extensions>
          <distance>39484</distance>
        </extensions>
      </trkpt>
      <trkpt lat="46.06675" lon="6.93093">
        <ele>1884</ele>
        <extensions>
          <distance>39508</distance>
        </extensions>
      </trkpt>
      <trkpt lat="46.066874999999996" lon="6.931045">
        <ele>1882</ele>
        <extensions>
          <distance>39525</distance>
        </extensions>
      </trkpt>
      <trkpt lat="46.067" lon="6.93116">
        <ele>1881</ele>
        <extensions>
          <distance>39542</distance>
        </extensions>
      </trkpt>
      <trkpt lat="46.06712" lon="6.93129">
        <ele>1878</ele>
        <extensions>
          <distance>39559</distance>
        </extensions>
      </trkpt>
      <trkpt lat="46.067225" lon="6.9314350000000005">
        <ele>1878</ele>
        <extensions>
          <distance>39575</distance>
        </extensions>
      </trkpt>
      <trkpt lat="46.06733" lon="6.93158">
        <ele>1872</ele>
        <extensions>
          <distance>39591</distance>
        </extensions>
      </trkpt>
      <trkpt lat="46.067454999999995" lon="6.931825">
        <ele>1855</ele>
        <extensions>
          <distance>39620</distance>
        </extensions>
      </trkpt>
      <trkpt lat="46.06758" lon="6.93207">
        <ele>1854</ele>
        <extensions>
          <distance>39644</distance>
        </extensions>
      </trkpt>
      <trkpt lat="46.06765" lon="6.93229">
        <ele>1854</ele>
        <extensions>
          <distance>39663</distance>
        </extensions>
      </trkpt>
      <trkpt lat="46.06772" lon="6.93251">
        <ele>1854</ele>
        <extensions>
          <distance>39681</distance>
        </extensions>
      </trkpt>
      <trkpt lat="46.067769999999996" lon="6.9327749999999995">
        <ele>1854</ele>
        <extensions>
          <distance>39703</distance>
        </extensions>
      </trkpt>
      <trkpt lat="46.06782" lon="6.93304">
        <ele>1867</ele>
        <extensions>
          <distance>39725</distance>
        </extensions>
      </trkpt>
      <trkpt lat="46.06785" lon="6.93333">
        <ele>1876</ele>
        <extensions>
          <distance>39749</distance>
        </extensions>
      </trkpt>
      <trkpt lat="46.067845000000005" lon="6.9335375">
        <ele>1879</ele>
        <extensions>
          <distance>39765</distance>
        </extensions>
      </trkpt>
      <trkpt lat="46.067840000000004" lon="6.933745">
        <ele>1881</ele>
        <extensions>
          <distance>39781</distance>
        </extensions>
      </trkpt>
      <trkpt lat="46.067835" lon="6.9339525">
        <ele>1886</ele>
        <extensions>
          <distance>39798</distance>
        </extensions>
      </trkpt>
      <trkpt lat="46.06783" lon="6.93416">
        <ele>1891</ele>
        <extensions>
          <distance>39815</distance>
        </extensions>
      </trkpt>
      <trkpt lat="46.06778" lon="6.934475">
        <ele>1902</ele>
        <extensions>
          <distance>39842</distance>
        </extensions>
      </trkpt>
      <trkpt lat="46.06773" lon="6.93479">
        <ele>1914</ele>
        <extensions>
          <distance>39870</distance>
        </extensions>
      </trkpt>
      <trkpt lat="46.06762" lon="6.93481">
        <ele>1914</ele>
        <extensions>
          <distance>39882</distance>
        </extensions>
      </trkpt>
      <trkpt lat="46.06749" lon="6.93486">
        <ele>1914</ele>
        <extensions>
          <distance>39897</distance>
        </extensions>
      </trkpt>
      <trkpt lat="46.06746" lon="6.93493">
        <ele>1915</ele>
        <extensions>
          <distance>39904</distance>
        </extensions>
      </trkpt>
      <trkpt lat="46.06745" lon="6.93502">
        <ele>1916</ele>
        <extensions>
          <distance>39911</distance>
        </extensions>
      </trkpt>
      <trkpt lat="46.06747" lon="6.9354">
        <ele>1920</ele>
        <extensions>
          <distance>39940</distance>
        </extensions>
      </trkpt>
      <trkpt lat="46.06735" lon="6.9357">
        <ele>1920</ele>
        <extensions>
          <distance>39967</distance>
        </extensions>
      </trkpt>
      <trkpt lat="46.06734" lon="6.93588">
        <ele>1922</ele>
        <extensions>
          <distance>39981</distance>
        </extensions>
      </trkpt>
      <trkpt lat="46.06735" lon="6.936">
        <ele>1926</ele>
        <extensions>
          <distance>39991</distance>
        </extensions>
      </trkpt>
      <trkpt lat="46.06743" lon="6.93627">
        <ele>1936</ele>
        <extensions>
          <distance>40016</distance>
        </extensions>
      </trkpt>
      <trkpt lat="46.06745" lon="6.93643">
        <ele>1945</ele>
        <extensions>
          <distance>40031</distance>
        </extensions>
      </trkpt>
      <trkpt lat="46.06743" lon="6.93658">
        <ele>1947</ele>
        <extensions>
          <distance>40043</distance>
        </extensions>
      </trkpt>
      <trkpt lat="46.067355" lon="6.93689">
        <ele>1947</ele>
        <extensions>
          <distance>40068</distance>
        </extensions>
      </trkpt>
      <trkpt lat="46.06728" lon="6.9372">
        <ele>1947</ele>
        <extensions>
          <distance>40094</distance>
        </extensions>
      </trkpt>
      <trkpt lat="46.06722" lon="6.93738">
        <ele>1947</ele>
        <extensions>
          <distance>40109</distance>
        </extensions>
      </trkpt>
      <trkpt lat="46.06711" lon="6.93752">
        <ele>1948</ele>
        <extensions>
          <distance>40126</distance>
        </extensions>
      </trkpt>
      <trkpt lat="46.0671" lon="6.93761">
        <ele>1948</ele>
        <extensions>
          <distance>40133</distance>
        </extensions>
      </trkpt>
      <trkpt lat="46.06713" lon="6.93766">
        <ele>1949</ele>
        <extensions>
          <distance>40138</distance>
        </extensions>
      </trkpt>
      <trkpt lat="46.06718" lon="6.93766">
        <ele>1951</ele>
        <extensions>
          <distance>40144</distance>
        </extensions>
      </trkpt>
      <trkpt lat="46.06735" lon="6.93748">
        <ele>1960</ele>
        <extensions>
          <distance>40169</distance>
        </extensions>
      </trkpt>
      <trkpt lat="46.06753" lon="6.93732">
        <ele>1964</ele>
        <extensions>
          <distance>40193</distance>
        </extensions>
      </trkpt>
      <trkpt lat="46.067629999999994" lon="6.937075">
        <ele>1964</ele>
        <extensions>
          <distance>40215</distance>
        </extensions>
      </trkpt>
      <trkpt lat="46.06773" lon="6.93683">
        <ele>1964</ele>
        <extensions>
          <distance>40237</distance>
        </extensions>
      </trkpt>
      <trkpt lat="46.06783" lon="6.936695">
        <ele>1965</ele>
        <extensions>
          <distance>40252</distance>
        </extensions>
      </trkpt>
      <trkpt lat="46.06793" lon="6.93656">
        <ele>1965</ele>
        <extensions>
          <distance>40267</distance>
        </extensions>
      </trkpt>
      <trkpt lat="46.06796" lon="6.93654">
        <ele>1965</ele>
        <extensions>
          <distance>40271</distance>
        </extensions>
      </trkpt>
      <trkpt lat="46.06796" lon="6.93669">
        <ele>1965</ele>
        <extensions>
          <distance>40282</distance>
        </extensions>
      </trkpt>
      <trkpt lat="46.067899999999995" lon="6.936909999999999">
        <ele>1968</ele>
        <extensions>
          <distance>40301</distance>
        </extensions>
      </trkpt>
      <trkpt lat="46.06784" lon="6.93713">
        <ele>1970</ele>
        <extensions>
          <distance>40319</distance>
        </extensions>
      </trkpt>
      <trkpt lat="46.06784" lon="6.93727">
        <ele>1972</ele>
        <extensions>
          <distance>40330</distance>
        </extensions>
      </trkpt>
      <trkpt lat="46.06788" lon="6.9374">
        <ele>1972</ele>
        <extensions>
          <distance>40341</distance>
        </extensions>
      </trkpt>
      <trkpt lat="46.068" lon="6.93759">
        <ele>1972</ele>
        <extensions>
          <distance>40361</distance>
        </extensions>
      </trkpt>
      <trkpt lat="46.068084999999996" lon="6.937810000000001">
        <ele>1972</ele>
        <extensions>
          <distance>40380</distance>
        </extensions>
      </trkpt>
      <trkpt lat="46.06817" lon="6.93803">
        <ele>1971</ele>
        <extensions>
          <distance>40400</distance>
        </extensions>
      </trkpt>
      <trkpt lat="46.06812" lon="6.93804">
        <ele>1971</ele>
        <extensions>
          <distance>40405</distance>
        </extensions>
      </trkpt>
      <trkpt lat="46.06792" lon="6.93794">
        <ele>1969</ele>
        <extensions>
          <distance>40429</distance>
        </extensions>
      </trkpt>
      <trkpt lat="46.06789" lon="6.93794">
        <ele>1969</ele>
        <extensions>
          <distance>40432</distance>
        </extensions>
      </trkpt>
      <trkpt lat="46.0678" lon="6.9381">
        <ele>1968</ele>
        <extensions>
          <distance>40448</distance>
        </extensions>
      </trkpt>
      <trkpt lat="46.067655" lon="6.93816">
        <ele>1968</ele>
        <extensions>
          <distance>40465</distance>
        </extensions>
      </trkpt>
      <trkpt lat="46.06751" lon="6.93822">
        <ele>1965</ele>
        <extensions>
          <distance>40482</distance>
        </extensions>
      </trkpt>
      <trkpt lat="46.06741" lon="6.93828">
        <ele>1964</ele>
        <extensions>
          <distance>40494</distance>
        </extensions>
      </trkpt>
      <trkpt lat="46.06731" lon="6.93841">
        <ele>1963</ele>
        <extensions>
          <distance>40509</distance>
        </extensions>
      </trkpt>
      <trkpt lat="46.0671825" lon="6.9385425000000005">
        <ele>1963</ele>
        <extensions>
          <distance>40527</distance>
        </extensions>
      </trkpt>
      <trkpt lat="46.067054999999996" lon="6.938675">
        <ele>1963</ele>
        <extensions>
          <distance>40544</distance>
        </extensions>
      </trkpt>
      <trkpt lat="46.0669275" lon="6.938807499999999">
        <ele>1962</ele>
        <extensions>
          <distance>40562</distance>
        </extensions>
      </trkpt>
      <trkpt lat="46.0668" lon="6.93894">
        <ele>1962</ele>
        <extensions>
          <distance>40579</distance>
        </extensions>
      </trkpt>
      <trkpt lat="46.066665" lon="6.939005">
        <ele>1963</ele>
        <extensions>
          <distance>40595</distance>
        </extensions>
      </trkpt>
      <trkpt lat="46.06653" lon="6.93907">
        <ele>1963</ele>
        <extensions>
          <distance>40611</distance>
        </extensions>
      </trkpt>
      <trkpt lat="46.0665" lon="6.9391">
        <ele>1961</ele>
        <extensions>
          <distance>40615</distance>
        </extensions>
      </trkpt>
      <trkpt lat="46.06642" lon="6.93929">
        <ele>1961</ele>
        <extensions>
          <distance>40632</distance>
        </extensions>
      </trkpt>
      <trkpt lat="46.06627" lon="6.93946">
        <ele>1961</ele>
        <extensions>
          <distance>40653</distance>
        </extensions>
      </trkpt>
      <trkpt lat="46.06613" lon="6.93969">
        <ele>1961</ele>
        <extensions>
          <distance>40677</distance>
        </extensions>
      </trkpt>
      <trkpt lat="46.066" lon="6.939814999999999">
        <ele>1960</ele>
        <extensions>
          <distance>40694</distance>
        </extensions>
      </trkpt>
      <trkpt lat="46.06587" lon="6.93994">
        <ele>1960</ele>
        <extensions>
          <distance>40712</distance>
        </extensions>
      </trkpt>
      <trkpt lat="46.06584" lon="6.93994">
        <ele>1958</ele>
        <extensions>
          <distance>40715</distance>
        </extensions>
      </trkpt>
      <trkpt lat="46.06583" lon="6.93992">
        <ele>1957</ele>
        <extensions>
          <distance>40717</distance>
        </extensions>
      </trkpt>
      <trkpt lat="46.06583" lon="6.93982">
        <ele>1957</ele>
        <extensions>
          <distance>40725</distance>
        </extensions>
      </trkpt>
      <trkpt lat="46.06581" lon="6.93981">
        <ele>1957</ele>
        <extensions>
          <distance>40727</distance>
        </extensions>
      </trkpt>
      <trkpt lat="46.06578" lon="6.93983">
        <ele>1955</ele>
        <extensions>
          <distance>40731</distance>
        </extensions>
      </trkpt>
      <trkpt lat="46.065685" lon="6.940054999999999">
        <ele>1955</ele>
        <extensions>
          <distance>40751</distance>
        </extensions>
      </trkpt>
      <trkpt lat="46.06559" lon="6.94028">
        <ele>1954</ele>
        <extensions>
          <distance>40772</distance>
        </extensions>
      </trkpt>
      <trkpt lat="46.06539" lon="6.94047">
        <ele>1954</ele>
        <extensions>
          <distance>40798</distance>
        </extensions>
      </trkpt>
      <trkpt lat="46.06535" lon="6.94058">
        <ele>1954</ele>
        <extensions>
          <distance>40808</distance>
        </extensions>
      </trkpt>
      <trkpt lat="46.06534" lon="6.94071">
        <ele>1952</ele>
        <extensions>
          <distance>40818</distance>
        </extensions>
      </trkpt>
      <trkpt lat="46.06529" lon="6.94092">
        <ele>1952</ele>
        <extensions>
          <distance>40835</distance>
        </extensions>
      </trkpt>
      <trkpt lat="46.06519" lon="6.94094">
        <ele>1949</ele>
        <extensions>
          <distance>40847</distance>
        </extensions>
      </trkpt>
      <trkpt lat="46.06509" lon="6.9411">
        <ele>1949</ele>
        <extensions>
          <distance>40863</distance>
        </extensions>
      </trkpt>
      <trkpt lat="46.06504" lon="6.94114">
        <ele>1949</ele>
        <extensions>
          <distance>40870</distance>
        </extensions>
      </trkpt>
      <trkpt lat="46.06503" lon="6.9412">
        <ele>1947</ele>
        <extensions>
          <distance>40874</distance>
        </extensions>
      </trkpt>
      <trkpt lat="46.06506" lon="6.94141">
        <ele>1946</ele>
        <extensions>
          <distance>40891</distance>
        </extensions>
      </trkpt>
      <trkpt lat="46.06503" lon="6.94148">
        <ele>1946</ele>
        <extensions>
          <distance>40897</distance>
        </extensions>
      </trkpt>
      <trkpt lat="46.06484" lon="6.94156">
        <ele>1947</ele>
        <extensions>
          <distance>40919</distance>
        </extensions>
      </trkpt>
      <trkpt lat="46.06481" lon="6.94159">
        <ele>1949</ele>
        <extensions>
          <distance>40924</distance>
        </extensions>
      </trkpt>
      <trkpt lat="46.06481" lon="6.94185">
        <ele>1949</ele>
        <extensions>
          <distance>40944</distance>
        </extensions>
      </trkpt>
      <trkpt lat="46.06471" lon="6.94214">
        <ele>1949</ele>
        <extensions>
          <distance>40969</distance>
        </extensions>
      </trkpt>
      <trkpt lat="46.06473" lon="6.94232">
        <ele>1949</ele>
        <extensions>
          <distance>40983</distance>
        </extensions>
      </trkpt>
      <trkpt lat="46.06469" lon="6.94237">
        <ele>1949</ele>
        <extensions>
          <distance>40989</distance>
        </extensions>
      </trkpt>
      <trkpt lat="46.06462" lon="6.94235">
        <ele>1949</ele>
        <extensions>
          <distance>40997</distance>
        </extensions>
      </trkpt>
      <trkpt lat="46.06455" lon="6.94239">
        <ele>1946</ele>
        <extensions>
          <distance>41005</distance>
        </extensions>
      </trkpt>
      <trkpt lat="46.06441" lon="6.9426">
        <ele>1941</ele>
        <extensions>
          <distance>41028</distance>
        </extensions>
      </trkpt>
      <trkpt lat="46.06444" lon="6.94277">
        <ele>1940</ele>
        <extensions>
          <distance>41042</distance>
        </extensions>
      </trkpt>
      <trkpt lat="46.06443" lon="6.943">
        <ele>1935</ele>
        <extensions>
          <distance>41060</distance>
        </extensions>
      </trkpt>
      <trkpt lat="46.06442" lon="6.94323">
        <ele>1929</ele>
        <extensions>
          <distance>41079</distance>
        </extensions>
      </trkpt>
      <trkpt lat="46.06449" lon="6.94333">
        <ele>1928</ele>
        <extensions>
          <distance>41090</distance>
        </extensions>
      </trkpt>
      <trkpt lat="46.06452" lon="6.94341">
        <ele>1928</ele>
        <extensions>
          <distance>41097</distance>
        </extensions>
      </trkpt>
      <trkpt lat="46.06451" lon="6.94346">
        <ele>1925</ele>
        <extensions>
          <distance>41101</distance>
        </extensions>
      </trkpt>
      <trkpt lat="46.06448" lon="6.9435">
        <ele>1924</ele>
        <extensions>
          <distance>41106</distance>
        </extensions>
      </trkpt>
      <trkpt lat="46.06433" lon="6.94361">
        <ele>1915</ele>
        <extensions>
          <distance>41127</distance>
        </extensions>
      </trkpt>
      <trkpt lat="46.06434" lon="6.94369">
        <ele>1913</ele>
        <extensions>
          <distance>41133</distance>
        </extensions>
      </trkpt>
      <trkpt lat="46.06442" lon="6.94378">
        <ele>1913</ele>
        <extensions>
          <distance>41144</distance>
        </extensions>
      </trkpt>
      <trkpt lat="46.06443" lon="6.94383">
        <ele>1912</ele>
        <extensions>
          <distance>41149</distance>
        </extensions>
      </trkpt>
      <trkpt lat="46.06441" lon="6.94388">
        <ele>1909</ele>
        <extensions>
          <distance>41154</distance>
        </extensions>
      </trkpt>
      <trkpt lat="46.06433" lon="6.94393">
        <ele>1905</ele>
        <extensions>
          <distance>41164</distance>
        </extensions>
      </trkpt>
      <trkpt lat="46.06426" lon="6.94393">
        <ele>1904</ele>
        <extensions>
          <distance>41172</distance>
        </extensions>
      </trkpt>
      <trkpt lat="46.06417" lon="6.94381">
        <ele>1903</ele>
        <extensions>
          <distance>41186</distance>
        </extensions>
      </trkpt>
      <trkpt lat="46.06404" lon="6.94372">
        <ele>1901</ele>
        <extensions>
          <distance>41202</distance>
        </extensions>
      </trkpt>
      <trkpt lat="46.06393" lon="6.9435649999999995">
        <ele>1900</ele>
        <extensions>
          <distance>41219</distance>
        </extensions>
      </trkpt>
      <trkpt lat="46.06382" lon="6.94341">
        <ele>1899</ele>
        <extensions>
          <distance>41236</distance>
        </extensions>
      </trkpt>
      <trkpt lat="46.06367" lon="6.943275">
        <ele>1896</ele>
        <extensions>
          <distance>41256</distance>
        </extensions>
      </trkpt>
      <trkpt lat="46.06352" lon="6.94314">
        <ele>1890</ele>
        <extensions>
          <distance>41277</distance>
        </extensions>
      </trkpt>
      <trkpt lat="46.06339" lon="6.94299">
        <ele>1883</ele>
        <extensions>
          <distance>41297</distance>
        </extensions>
      </trkpt>
      <trkpt lat="46.06329" lon="6.94302">
        <ele>1879</ele>
        <extensions>
          <distance>41309</distance>
        </extensions>
      </trkpt>
      <trkpt lat="46.06321" lon="6.94308">
        <ele>1875</ele>
        <extensions>
          <distance>41319</distance>
        </extensions>
      </trkpt>
      <trkpt lat="46.06312" lon="6.94306">
        <ele>1871</ele>
        <extensions>
          <distance>41330</distance>
        </extensions>
      </trkpt>
      <trkpt lat="46.063" lon="6.94325">
        <ele>1864</ele>
        <extensions>
          <distance>41351</distance>
        </extensions>
      </trkpt>
      <trkpt lat="46.06295" lon="6.94327">
        <ele>1861</ele>
        <extensions>
          <distance>41358</distance>
        </extensions>
      </trkpt>
      <trkpt lat="46.0628" lon="6.94323">
        <ele>1854</ele>
        <extensions>
          <distance>41376</distance>
        </extensions>
      </trkpt>
      <trkpt lat="46.06275" lon="6.94317">
        <ele>1849</ele>
        <extensions>
          <distance>41385</distance>
        </extensions>
      </trkpt>
      <trkpt lat="46.06269" lon="6.94296">
        <ele>1844</ele>
        <extensions>
          <distance>41403</distance>
        </extensions>
      </trkpt>
      <trkpt lat="46.06266" lon="6.94293">
        <ele>1841</ele>
        <extensions>
          <distance>41408</distance>
        </extensions>
      </trkpt>
      <trkpt lat="46.06259" lon="6.94292">
        <ele>1838</ele>
        <extensions>
          <distance>41417</distance>
        </extensions>
      </trkpt>
      <trkpt lat="46.06255" lon="6.94294">
        <ele>1836</ele>
        <extensions>
          <distance>41421</distance>
        </extensions>
      </trkpt>
      <trkpt lat="46.06253" lon="6.94297">
        <ele>1832</ele>
        <extensions>
          <distance>41427</distance>
        </extensions>
      </trkpt>
      <trkpt lat="46.06247" lon="6.94328">
        <ele>1830</ele>
        <extensions>
          <distance>41452</distance>
        </extensions>
      </trkpt>
      <trkpt lat="46.06243" lon="6.94332">
        <ele>1826</ele>
        <extensions>
          <distance>41458</distance>
        </extensions>
      </trkpt>
      <trkpt lat="46.06237" lon="6.94327">
        <ele>1824</ele>
        <extensions>
          <distance>41465</distance>
        </extensions>
      </trkpt>
      <trkpt lat="46.06235" lon="6.94293">
        <ele>1820</ele>
        <extensions>
          <distance>41492</distance>
        </extensions>
      </trkpt>
      <trkpt lat="46.06233" lon="6.94287">
        <ele>1819</ele>
        <extensions>
          <distance>41497</distance>
        </extensions>
      </trkpt>
      <trkpt lat="46.06229" lon="6.94283">
        <ele>1816</ele>
        <extensions>
          <distance>41504</distance>
        </extensions>
      </trkpt>
      <trkpt lat="46.06228" lon="6.9427">
        <ele>1812</ele>
        <extensions>
          <distance>41514</distance>
        </extensions>
      </trkpt>
      <trkpt lat="46.06215" lon="6.94264">
        <ele>1803</ele>
        <extensions>
          <distance>41532</distance>
        </extensions>
      </trkpt>
      <trkpt lat="46.06213" lon="6.94253">
        <ele>1802</ele>
        <extensions>
          <distance>41541</distance>
        </extensions>
      </trkpt>
      <trkpt lat="46.06209" lon="6.9425">
        <ele>1799</ele>
        <extensions>
          <distance>41546</distance>
        </extensions>
      </trkpt>
      <trkpt lat="46.06192" lon="6.94271">
        <ele>1789</ele>
        <extensions>
          <distance>41573</distance>
        </extensions>
      </trkpt>
      <trkpt lat="46.06189" lon="6.94294">
        <ele>1786</ele>
        <extensions>
          <distance>41592</distance>
        </extensions>
      </trkpt>
      <trkpt lat="46.06185" lon="6.94293">
        <ele>1783</ele>
        <extensions>
          <distance>41597</distance>
        </extensions>
      </trkpt>
      <trkpt lat="46.06182" lon="6.94286">
        <ele>1783</ele>
        <extensions>
          <distance>41603</distance>
        </extensions>
      </trkpt>
      <trkpt lat="46.06181" lon="6.94267">
        <ele>1780</ele>
        <extensions>
          <distance>41618</distance>
        </extensions>
      </trkpt>
      <trkpt lat="46.06177" lon="6.94261">
        <ele>1780</ele>
        <extensions>
          <distance>41625</distance>
        </extensions>
      </trkpt>
      <trkpt lat="46.06172" lon="6.94261">
        <ele>1775</ele>
        <extensions>
          <distance>41631</distance>
        </extensions>
      </trkpt>
      <trkpt lat="46.06163" lon="6.94274">
        <ele>1770</ele>
        <extensions>
          <distance>41646</distance>
        </extensions>
      </trkpt>
      <trkpt lat="46.06157" lon="6.94272">
        <ele>1767</ele>
        <extensions>
          <distance>41654</distance>
        </extensions>
      </trkpt>
      <trkpt lat="46.06155" lon="6.94266">
        <ele>1766</ele>
        <extensions>
          <distance>41659</distance>
        </extensions>
      </trkpt>
      <trkpt lat="46.06156" lon="6.9425">
        <ele>1764</ele>
        <extensions>
          <distance>41672</distance>
        </extensions>
      </trkpt>
      <trkpt lat="46.06153" lon="6.94236">
        <ele>1762</ele>
        <extensions>
          <distance>41683</distance>
        </extensions>
      </trkpt>
      <trkpt lat="46.06159" lon="6.94203">
        <ele>1758</ele>
        <extensions>
          <distance>41710</distance>
        </extensions>
      </trkpt>
      <trkpt lat="46.06163" lon="6.94196">
        <ele>1758</ele>
        <extensions>
          <distance>41717</distance>
        </extensions>
      </trkpt>
      <trkpt lat="46.06164" lon="6.94187">
        <ele>1758</ele>
        <extensions>
          <distance>41724</distance>
        </extensions>
      </trkpt>
      <trkpt lat="46.06163" lon="6.9418">
        <ele>1752</ele>
        <extensions>
          <distance>41730</distance>
        </extensions>
      </trkpt>
      <trkpt lat="46.06157" lon="6.94175">
        <ele>1748</ele>
        <extensions>
          <distance>41739</distance>
        </extensions>
      </trkpt>
      <trkpt lat="46.06141" lon="6.94188">
        <ele>1742</ele>
        <extensions>
          <distance>41760</distance>
        </extensions>
      </trkpt>
      <trkpt lat="46.061295" lon="6.94205">
        <ele>1739</ele>
        <extensions>
          <distance>41779</distance>
        </extensions>
      </trkpt>
      <trkpt lat="46.06118" lon="6.94222">
        <ele>1737</ele>
        <extensions>
          <distance>41797</distance>
        </extensions>
      </trkpt>
      <trkpt lat="46.061105" lon="6.9424">
        <ele>1735</ele>
        <extensions>
          <distance>41814</distance>
        </extensions>
      </trkpt>
      <trkpt lat="46.06103" lon="6.94258">
        <ele>1735</ele>
        <extensions>
          <distance>41830</distance>
        </extensions>
      </trkpt>
      <trkpt lat="46.06099" lon="6.94278">
        <ele>1735</ele>
        <extensions>
          <distance>41846</distance>
        </extensions>
      </trkpt>
      <trkpt lat="46.06101" lon="6.94294">
        <ele>1735</ele>
        <extensions>
          <distance>41859</distance>
        </extensions>
      </trkpt>
      <trkpt lat="46.061075" lon="6.9431449999999995">
        <ele>1732</ele>
        <extensions>
          <distance>41876</distance>
        </extensions>
      </trkpt>
      <trkpt lat="46.06114" lon="6.94335">
        <ele>1732</ele>
        <extensions>
          <distance>41894</distance>
        </extensions>
      </trkpt>
      <trkpt lat="46.06117" lon="6.94359">
        <ele>1732</ele>
        <extensions>
          <distance>41912</distance>
        </extensions>
      </trkpt>
      <trkpt lat="46.06114" lon="6.94384">
        <ele>1731</ele>
        <extensions>
          <distance>41932</distance>
        </extensions>
      </trkpt>
      <trkpt lat="46.06115" lon="6.94396">
        <ele>1730</ele>
        <extensions>
          <distance>41941</distance>
        </extensions>
      </trkpt>
      <trkpt lat="46.06122" lon="6.94423">
        <ele>1726</ele>
        <extensions>
          <distance>41964</distance>
        </extensions>
      </trkpt>
      <trkpt lat="46.061205" lon="6.94449">
        <ele>1718</ele>
        <extensions>
          <distance>41986</distance>
        </extensions>
      </trkpt>
      <trkpt lat="46.06119" lon="6.94475">
        <ele>1711</ele>
        <extensions>
          <distance>42007</distance>
        </extensions>
      </trkpt>
      <trkpt lat="46.06132" lon="6.94503">
        <ele>1706</ele>
        <extensions>
          <distance>42034</distance>
        </extensions>
      </trkpt>
      <trkpt lat="46.06129" lon="6.94526">
        <ele>1692</ele>
        <extensions>
          <distance>42056</distance>
        </extensions>
      </trkpt>
      <trkpt lat="46.06115" lon="6.94559">
        <ele>1674</ele>
        <extensions>
          <distance>42091</distance>
        </extensions>
      </trkpt>
      <trkpt lat="46.06114" lon="6.94569">
        <ele>1667</ele>
        <extensions>
          <distance>42102</distance>
        </extensions>
      </trkpt>
      <trkpt lat="46.06118" lon="6.94582">
        <ele>1661</ele>
        <extensions>
          <distance>42114</distance>
        </extensions>
      </trkpt>
      <trkpt lat="46.06118" lon="6.94587">
        <ele>1659</ele>
        <extensions>
          <distance>42118</distance>
        </extensions>
      </trkpt>
      <trkpt lat="46.06105" lon="6.94617">
        <ele>1644</ele>
        <extensions>
          <distance>42150</distance>
        </extensions>
      </trkpt>
      <trkpt lat="46.06105" lon="6.9463">
        <ele>1638</ele>
        <extensions>
          <distance>42162</distance>
        </extensions>
      </trkpt>
      <trkpt lat="46.06097" lon="6.9466">
        <ele>1624</ele>
        <extensions>
          <distance>42190</distance>
        </extensions>
      </trkpt>
      <trkpt lat="46.06091" lon="6.94664">
        <ele>1622</ele>
        <extensions>
          <distance>42198</distance>
        </extensions>
      </trkpt>
      <trkpt lat="46.06095" lon="6.94678">
        <ele>1616</ele>
        <extensions>
          <distance>42211</distance>
        </extensions>
      </trkpt>
      <trkpt lat="46.06101" lon="6.94686">
        <ele>1613</ele>
        <extensions>
          <distance>42220</distance>
        </extensions>
      </trkpt>
      <trkpt lat="46.06116" lon="6.94686">
        <ele>1613</ele>
        <extensions>
          <distance>42237</distance>
        </extensions>
      </trkpt>
      <trkpt lat="46.06123" lon="6.94689">
        <ele>1612</ele>
        <extensions>
          <distance>42245</distance>
        </extensions>
      </trkpt>
      <trkpt lat="46.06124" lon="6.94694">
        <ele>1610</ele>
        <extensions>
          <distance>42249</distance>
        </extensions>
      </trkpt>
      <trkpt lat="46.06123" lon="6.94703">
        <ele>1609</ele>
        <extensions>
          <distance>42256</distance>
        </extensions>
      </trkpt>
      <trkpt lat="46.06125" lon="6.94708">
        <ele>1606</ele>
        <extensions>
          <distance>42262</distance>
        </extensions>
      </trkpt>
      <trkpt lat="46.06128" lon="6.94709">
        <ele>1606</ele>
        <extensions>
          <distance>42265</distance>
        </extensions>
      </trkpt>
      <trkpt lat="46.06146" lon="6.947">
        <ele>1606</ele>
        <extensions>
          <distance>42286</distance>
        </extensions>
      </trkpt>
      <trkpt lat="46.06149" lon="6.94702">
        <ele>1603</ele>
        <extensions>
          <distance>42290</distance>
        </extensions>
      </trkpt>
      <trkpt lat="46.06151" lon="6.94706">
        <ele>1603</ele>
        <extensions>
          <distance>42294</distance>
        </extensions>
      </trkpt>
      <trkpt lat="46.06163" lon="6.94714">
        <ele>1601</ele>
        <extensions>
          <distance>42309</distance>
        </extensions>
      </trkpt>
      <trkpt lat="46.06162" lon="6.94726">
        <ele>1598</ele>
        <extensions>
          <distance>42318</distance>
        </extensions>
      </trkpt>
      <trkpt lat="46.06152" lon="6.9475">
        <ele>1587</ele>
        <extensions>
          <distance>42343</distance>
        </extensions>
      </trkpt>
      <trkpt lat="46.06139" lon="6.94771">
        <ele>1578</ele>
        <extensions>
          <distance>42366</distance>
        </extensions>
      </trkpt>
      <trkpt lat="46.06128" lon="6.94782">
        <ele>1573</ele>
        <extensions>
          <distance>42382</distance>
        </extensions>
      </trkpt>
      <trkpt lat="46.06124" lon="6.94792">
        <ele>1567</ele>
        <extensions>
          <distance>42393</distance>
        </extensions>
      </trkpt>
      <trkpt lat="46.06124" lon="6.94798">
        <ele>1565</ele>
        <extensions>
          <distance>42397</distance>
        </extensions>
      </trkpt>
      <trkpt lat="46.06134" lon="6.94812">
        <ele>1562</ele>
        <extensions>
          <distance>42413</distance>
        </extensions>
      </trkpt>
      <trkpt lat="46.06134" lon="6.94816">
        <ele>1560</ele>
        <extensions>
          <distance>42416</distance>
        </extensions>
      </trkpt>
      <trkpt lat="46.06124" lon="6.94834">
        <ele>1549</ele>
        <extensions>
          <distance>42438</distance>
        </extensions>
      </trkpt>
      <trkpt lat="46.06128" lon="6.94839">
        <ele>1548</ele>
        <extensions>
          <distance>42444</distance>
        </extensions>
      </trkpt>
      <trkpt lat="46.06142" lon="6.94839">
        <ele>1548</ele>
        <extensions>
          <distance>42459</distance>
        </extensions>
      </trkpt>
      <trkpt lat="46.06148" lon="6.94846">
        <ele>1546</ele>
        <extensions>
          <distance>42468</distance>
        </extensions>
      </trkpt>
      <trkpt lat="46.06149" lon="6.94852">
        <ele>1544</ele>
        <extensions>
          <distance>42473</distance>
        </extensions>
      </trkpt>
      <trkpt lat="46.06139" lon="6.94869">
        <ele>1534</ele>
        <extensions>
          <distance>42493</distance>
        </extensions>
      </trkpt>
      <trkpt lat="46.06139" lon="6.94875">
        <ele>1534</ele>
        <extensions>
          <distance>42498</distance>
        </extensions>
      </trkpt>
      <trkpt lat="46.06153" lon="6.94895">
        <ele>1528</ele>
        <extensions>
          <distance>42521</distance>
        </extensions>
      </trkpt>
      <trkpt lat="46.06159" lon="6.94901">
        <ele>1526</ele>
        <extensions>
          <distance>42529</distance>
        </extensions>
      </trkpt>
      <trkpt lat="46.06175" lon="6.94905">
        <ele>1525</ele>
        <extensions>
          <distance>42547</distance>
        </extensions>
      </trkpt>
      <trkpt lat="46.06177" lon="6.94907">
        <ele>1524</ele>
        <extensions>
          <distance>42550</distance>
        </extensions>
      </trkpt>
      <trkpt lat="46.06178" lon="6.94912">
        <ele>1524</ele>
        <extensions>
          <distance>42554</distance>
        </extensions>
      </trkpt>
      <trkpt lat="46.06168" lon="6.94944">
        <ele>1507</ele>
        <extensions>
          <distance>42585</distance>
        </extensions>
      </trkpt>
      <trkpt lat="46.06152" lon="6.94954">
        <ele>1498</ele>
        <extensions>
          <distance>42607</distance>
        </extensions>
      </trkpt>
      <trkpt lat="46.06148" lon="6.94961">
        <ele>1495</ele>
        <extensions>
          <distance>42614</distance>
        </extensions>
      </trkpt>
      <trkpt lat="46.06148" lon="6.94974">
        <ele>1489</ele>
        <extensions>
          <distance>42626</distance>
        </extensions>
      </trkpt>
      <trkpt lat="46.06162" lon="6.95004">
        <ele>1483</ele>
        <extensions>
          <distance>42655</distance>
        </extensions>
      </trkpt>
      <trkpt lat="46.06166" lon="6.95006">
        <ele>1481</ele>
        <extensions>
          <distance>42659</distance>
        </extensions>
      </trkpt>
      <trkpt lat="46.06176" lon="6.95006">
        <ele>1481</ele>
        <extensions>
          <distance>42670</distance>
        </extensions>
      </trkpt>
      <trkpt lat="46.06184" lon="6.95012">
        <ele>1480</ele>
        <extensions>
          <distance>42681</distance>
        </extensions>
      </trkpt>
      <trkpt lat="46.06204" lon="6.9503">
        <ele>1479</ele>
        <extensions>
          <distance>42707</distance>
        </extensions>
      </trkpt>
      <trkpt lat="46.0621" lon="6.95038">
        <ele>1477</ele>
        <extensions>
          <distance>42716</distance>
        </extensions>
      </trkpt>
      <trkpt lat="46.06211" lon="6.95043">
        <ele>1477</ele>
        <extensions>
          <distance>42720</distance>
        </extensions>
      </trkpt>
      <trkpt lat="46.06211" lon="6.9505">
        <ele>1471</ele>
        <extensions>
          <distance>42727</distance>
        </extensions>
      </trkpt>
      <trkpt lat="46.06201" lon="6.95061">
        <ele>1467</ele>
        <extensions>
          <distance>42742</distance>
        </extensions>
      </trkpt>
      <trkpt lat="46.06198" lon="6.95068">
        <ele>1460</ele>
        <extensions>
          <distance>42751</distance>
        </extensions>
      </trkpt>
      <trkpt lat="46.06193" lon="6.95096">
        <ele>1448</ele>
        <extensions>
          <distance>42777</distance>
        </extensions>
      </trkpt>
      <trkpt lat="46.06179" lon="6.951040000000001">
        <ele>1442</ele>
        <extensions>
          <distance>42794</distance>
        </extensions>
      </trkpt>
      <trkpt lat="46.06165" lon="6.95112">
        <ele>1435</ele>
        <extensions>
          <distance>42813</distance>
        </extensions>
      </trkpt>
      <trkpt lat="46.06163" lon="6.95119">
        <ele>1432</ele>
        <extensions>
          <distance>42819</distance>
        </extensions>
      </trkpt>
      <trkpt lat="46.06165" lon="6.95138">
        <ele>1425</ele>
        <extensions>
          <distance>42836</distance>
        </extensions>
      </trkpt>
      <trkpt lat="46.06165" lon="6.95158">
        <ele>1417</ele>
        <extensions>
          <distance>42853</distance>
        </extensions>
      </trkpt>
      <trkpt lat="46.06177" lon="6.95179">
        <ele>1411</ele>
        <extensions>
          <distance>42875</distance>
        </extensions>
      </trkpt>
      <trkpt lat="46.06199" lon="6.95191">
        <ele>1410</ele>
        <extensions>
          <distance>42901</distance>
        </extensions>
      </trkpt>
      <trkpt lat="46.06208" lon="6.95201">
        <ele>1408</ele>
        <extensions>
          <distance>42914</distance>
        </extensions>
      </trkpt>
      <trkpt lat="46.06231" lon="6.95215">
        <ele>1406</ele>
        <extensions>
          <distance>42942</distance>
        </extensions>
      </trkpt>
      <trkpt lat="46.06243" lon="6.95231">
        <ele>1402</ele>
        <extensions>
          <distance>42960</distance>
        </extensions>
      </trkpt>
      <trkpt lat="46.06249" lon="6.95243">
        <ele>1397</ele>
        <extensions>
          <distance>42973</distance>
        </extensions>
      </trkpt>
      <trkpt lat="46.0626125" lon="6.9525875">
        <ele>1394</ele>
        <extensions>
          <distance>42991</distance>
        </extensions>
      </trkpt>
      <trkpt lat="46.062735" lon="6.952745">
        <ele>1394</ele>
        <extensions>
          <distance>43009</distance>
        </extensions>
      </trkpt>
      <trkpt lat="46.06285750000001" lon="6.9529025">
        <ele>1393</ele>
        <extensions>
          <distance>43028</distance>
        </extensions>
      </trkpt>
      <trkpt lat="46.06298" lon="6.95306">
        <ele>1392</ele>
        <extensions>
          <distance>43046</distance>
        </extensions>
      </trkpt>
      <trkpt lat="46.063095000000004" lon="6.95327">
        <ele>1390</ele>
        <extensions>
          <distance>43067</distance>
        </extensions>
      </trkpt>
      <trkpt lat="46.06321" lon="6.95348">
        <ele>1388</ele>
        <extensions>
          <distance>43087</distance>
        </extensions>
      </trkpt>
      <trkpt lat="46.063345" lon="6.9536999999999995">
        <ele>1386</ele>
        <extensions>
          <distance>43110</distance>
        </extensions>
      </trkpt>
      <trkpt lat="46.06348" lon="6.95392">
        <ele>1382</ele>
        <extensions>
          <distance>43133</distance>
        </extensions>
      </trkpt>
      <trkpt lat="46.063615" lon="6.954140000000001">
        <ele>1381</ele>
        <extensions>
          <distance>43156</distance>
        </extensions>
      </trkpt>
      <trkpt lat="46.06375" lon="6.95436">
        <ele>1379</ele>
        <extensions>
          <distance>43179</distance>
        </extensions>
      </trkpt>
      <trkpt lat="46.06377" lon="6.9545">
        <ele>1375</ele>
        <extensions>
          <distance>43191</distance>
        </extensions>
      </trkpt>
      <trkpt lat="46.06374" lon="6.9545">
        <ele>1374</ele>
        <extensions>
          <distance>43194</distance>
        </extensions>
      </trkpt>
      <trkpt lat="46.06375" lon="6.95458">
        <ele>1373</ele>
        <extensions>
          <distance>43200</distance>
        </extensions>
      </trkpt>
      <trkpt lat="46.0637" lon="6.95458">
        <ele>1372</ele>
        <extensions>
          <distance>43206</distance>
        </extensions>
      </trkpt>
      <trkpt lat="46.06372" lon="6.95472">
        <ele>1368</ele>
        <extensions>
          <distance>43218</distance>
        </extensions>
      </trkpt>
      <trkpt lat="46.06367" lon="6.95471">
        <ele>1367</ele>
        <extensions>
          <distance>43223</distance>
        </extensions>
      </trkpt>
      <trkpt lat="46.0635" lon="6.95456">
        <ele>1366</ele>
        <extensions>
          <distance>43246</distance>
        </extensions>
      </trkpt>
      <trkpt lat="46.06335" lon="6.95448">
        <ele>1362</ele>
        <extensions>
          <distance>43264</distance>
        </extensions>
      </trkpt>
      <trkpt lat="46.06326" lon="6.9544">
        <ele>1361</ele>
        <extensions>
          <distance>43275</distance>
        </extensions>
      </trkpt>
      <trkpt lat="46.0632" lon="6.95438">
        <ele>1361</ele>
        <extensions>
          <distance>43282</distance>
        </extensions>
      </trkpt>
      <trkpt lat="46.0631" lon="6.95441">
        <ele>1359</ele>
        <extensions>
          <distance>43294</distance>
        </extensions>
      </trkpt>
      <trkpt lat="46.06286" lon="6.95436">
        <ele>1357</ele>
        <extensions>
          <distance>43321</distance>
        </extensions>
      </trkpt>
      <trkpt lat="46.06281" lon="6.95437">
        <ele>1357</ele>
        <extensions>
          <distance>43326</distance>
        </extensions>
      </trkpt>
      <trkpt lat="46.06284" lon="6.95454">
        <ele>1354</ele>
        <extensions>
          <distance>43340</distance>
        </extensions>
      </trkpt>
      <trkpt lat="46.06283" lon="6.95465">
        <ele>1351</ele>
        <extensions>
          <distance>43349</distance>
        </extensions>
      </trkpt>
      <trkpt lat="46.06278" lon="6.95471">
        <ele>1350</ele>
        <extensions>
          <distance>43357</distance>
        </extensions>
      </trkpt>
      <trkpt lat="46.06268" lon="6.95468">
        <ele>1350</ele>
        <extensions>
          <distance>43368</distance>
        </extensions>
      </trkpt>
      <trkpt lat="46.06255" lon="6.954585">
        <ele>1350</ele>
        <extensions>
          <distance>43384</distance>
        </extensions>
      </trkpt>
      <trkpt lat="46.06242" lon="6.95449">
        <ele>1350</ele>
        <extensions>
          <distance>43400</distance>
        </extensions>
      </trkpt>
      <trkpt lat="46.06227" lon="6.95427">
        <ele>1350</ele>
        <extensions>
          <distance>43424</distance>
        </extensions>
      </trkpt>
      <trkpt lat="46.0621" lon="6.954205">
        <ele>1350</ele>
        <extensions>
          <distance>43444</distance>
        </extensions>
      </trkpt>
      <trkpt lat="46.06193" lon="6.95414">
        <ele>1349</ele>
        <extensions>
          <distance>43463</distance>
        </extensions>
      </trkpt>
      <trkpt lat="46.061715" lon="6.954025">
        <ele>1349</ele>
        <extensions>
          <distance>43489</distance>
        </extensions>
      </trkpt>
      <trkpt lat="46.0615" lon="6.95391">
        <ele>1345</ele>
        <extensions>
          <distance>43514</distance>
        </extensions>
      </trkpt>
      <trkpt lat="46.06141" lon="6.95375">
        <ele>1345</ele>
        <extensions>
          <distance>43530</distance>
        </extensions>
      </trkpt>
      <trkpt lat="46.06132" lon="6.95364">
        <ele>1344</ele>
        <extensions>
          <distance>43543</distance>
        </extensions>
      </trkpt>
      <trkpt lat="46.06124" lon="6.95361">
        <ele>1343</ele>
        <extensions>
          <distance>43553</distance>
        </extensions>
      </trkpt>
      <trkpt lat="46.06118" lon="6.95363">
        <ele>1341</ele>
        <extensions>
          <distance>43560</distance>
        </extensions>
      </trkpt>
      <trkpt lat="46.06111" lon="6.95373">
        <ele>1337</ele>
        <extensions>
          <distance>43571</distance>
        </extensions>
      </trkpt>
      <trkpt lat="46.06098" lon="6.954">
        <ele>1329</ele>
        <extensions>
          <distance>43598</distance>
        </extensions>
      </trkpt>
      <trkpt lat="46.06094" lon="6.95413">
        <ele>1324</ele>
        <extensions>
          <distance>43610</distance>
        </extensions>
      </trkpt>
      <trkpt lat="46.06091" lon="6.95416">
        <ele>1324</ele>
        <extensions>
          <distance>43614</distance>
        </extensions>
      </trkpt>
      <trkpt lat="46.06086" lon="6.95412">
        <ele>1322</ele>
        <extensions>
          <distance>43620</distance>
        </extensions>
      </trkpt>
      <trkpt lat="46.06078" lon="6.95416">
        <ele>1317</ele>
        <extensions>
          <distance>43631</distance>
        </extensions>
      </trkpt>
      <trkpt lat="46.06077" lon="6.95426">
        <ele>1312</ele>
        <extensions>
          <distance>43640</distance>
        </extensions>
      </trkpt>
      <trkpt lat="46.0607" lon="6.95429">
        <ele>1311</ele>
        <extensions>
          <distance>43649</distance>
        </extensions>
      </trkpt>
      <trkpt lat="46.06062" lon="6.9542">
        <ele>1310</ele>
        <extensions>
          <distance>43660</distance>
        </extensions>
      </trkpt>
      <trkpt lat="46.06054" lon="6.95419">
        <ele>1308</ele>
        <extensions>
          <distance>43669</distance>
        </extensions>
      </trkpt>
      <trkpt lat="46.06045" lon="6.95423">
        <ele>1302</ele>
        <extensions>
          <distance>43681</distance>
        </extensions>
      </trkpt>
      <trkpt lat="46.06038" lon="6.95435">
        <ele>1293</ele>
        <extensions>
          <distance>43696</distance>
        </extensions>
      </trkpt>
      <trkpt lat="46.06038" lon="6.95456">
        <ele>1284</ele>
        <extensions>
          <distance>43715</distance>
        </extensions>
      </trkpt>
      <trkpt lat="46.0604" lon="6.95465">
        <ele>1279</ele>
        <extensions>
          <distance>43724</distance>
        </extensions>
      </trkpt>
      <trkpt lat="46.06045" lon="6.9547">
        <ele>1278</ele>
        <extensions>
          <distance>43730</distance>
        </extensions>
      </trkpt>
      <trkpt lat="46.06048" lon="6.95479">
        <ele>1276</ele>
        <extensions>
          <distance>43738</distance>
        </extensions>
      </trkpt>
      <trkpt lat="46.06046" lon="6.95485">
        <ele>1276</ele>
        <extensions>
          <distance>43744</distance>
        </extensions>
      </trkpt>
      <trkpt lat="46.06041" lon="6.95486">
        <ele>1275</ele>
        <extensions>
          <distance>43749</distance>
        </extensions>
      </trkpt>
      <trkpt lat="46.06034" lon="6.95479">
        <ele>1273</ele>
        <extensions>
          <distance>43759</distance>
        </extensions>
      </trkpt>
      <trkpt lat="46.06028" lon="6.95467">
        <ele>1271</ele>
        <extensions>
          <distance>43770</distance>
        </extensions>
      </trkpt>
      <trkpt lat="46.0602" lon="6.95459">
        <ele>1271</ele>
        <extensions>
          <distance>43781</distance>
        </extensions>
      </trkpt>
      <trkpt lat="46.06018" lon="6.95461">
        <ele>1270</ele>
        <extensions>
          <distance>43784</distance>
        </extensions>
      </trkpt>
      <trkpt lat="46.06018" lon="6.95478">
        <ele>1270</ele>
        <extensions>
          <distance>43797</distance>
        </extensions>
      </trkpt>
      <trkpt lat="46.06013" lon="6.95479">
        <ele>1269</ele>
        <extensions>
          <distance>43803</distance>
        </extensions>
      </trkpt>
      <trkpt lat="46.06" lon="6.95448">
        <ele>1268</ele>
        <extensions>
          <distance>43831</distance>
        </extensions>
      </trkpt>
      <trkpt lat="46.05997" lon="6.95445">
        <ele>1264</ele>
        <extensions>
          <distance>43835</distance>
        </extensions>
      </trkpt>
      <trkpt lat="46.05996" lon="6.95451">
        <ele>1263</ele>
        <extensions>
          <distance>43840</distance>
        </extensions>
      </trkpt>
      <trkpt lat="46.05999" lon="6.95469">
        <ele>1261</ele>
        <extensions>
          <distance>43855</distance>
        </extensions>
      </trkpt>
      <trkpt lat="46.05994" lon="6.95482">
        <ele>1253</ele>
        <extensions>
          <distance>43869</distance>
        </extensions>
      </trkpt>
      <trkpt lat="46.05988" lon="6.95481">
        <ele>1251</ele>
        <extensions>
          <distance>43875</distance>
        </extensions>
      </trkpt>
      <trkpt lat="46.05983" lon="6.95476">
        <ele>1250</ele>
        <extensions>
          <distance>43882</distance>
        </extensions>
      </trkpt>
      <trkpt lat="46.05976" lon="6.95477">
        <ele>1249</ele>
        <extensions>
          <distance>43890</distance>
        </extensions>
      </trkpt>
      <trkpt lat="46.05971" lon="6.95482">
        <ele>1245</ele>
        <extensions>
          <distance>43898</distance>
        </extensions>
      </trkpt>
      <trkpt lat="46.0597" lon="6.95499">
        <ele>1237</ele>
        <extensions>
          <distance>43913</distance>
        </extensions>
      </trkpt>
      <trkpt lat="46.05962" lon="6.95507">
        <ele>1232</ele>
        <extensions>
          <distance>43925</distance>
        </extensions>
      </trkpt>
      <trkpt lat="46.0595" lon="6.95507">
        <ele>1232</ele>
        <extensions>
          <distance>43938</distance>
        </extensions>
      </trkpt>
      <trkpt lat="46.05944" lon="6.95501">
        <ele>1232</ele>
        <extensions>
          <distance>43947</distance>
        </extensions>
      </trkpt>
      <trkpt lat="46.05933" lon="6.95482">
        <ele>1232</ele>
        <extensions>
          <distance>43966</distance>
        </extensions>
      </trkpt>
      <trkpt lat="46.05922" lon="6.95463">
        <ele>1229</ele>
        <extensions>
          <distance>43985</distance>
        </extensions>
      </trkpt>
      <trkpt lat="46.05906" lon="6.95446">
        <ele>1229</ele>
        <extensions>
          <distance>44007</distance>
        </extensions>
      </trkpt>
      <trkpt lat="46.05894" lon="6.95448">
        <ele>1229</ele>
        <extensions>
          <distance>44020</distance>
        </extensions>
      </trkpt>
      <trkpt lat="46.05892" lon="6.95465">
        <ele>1227</ele>
        <extensions>
          <distance>44034</distance>
        </extensions>
      </trkpt>
      <trkpt lat="46.059055" lon="6.954825">
        <ele>1223</ele>
        <extensions>
          <distance>44054</distance>
        </extensions>
      </trkpt>
      <trkpt lat="46.05919" lon="6.955">
        <ele>1217</ele>
        <extensions>
          <distance>44075</distance>
        </extensions>
      </trkpt>
      <trkpt lat="46.05925" lon="6.95517">
        <ele>1217</ele>
        <extensions>
          <distance>44090</distance>
        </extensions>
      </trkpt>
      <trkpt lat="46.05937" lon="6.95535">
        <ele>1215</ele>
        <extensions>
          <distance>44109</distance>
        </extensions>
      </trkpt>
      <trkpt lat="46.05942" lon="6.95552">
        <ele>1213</ele>
        <extensions>
          <distance>44124</distance>
        </extensions>
      </trkpt>
      <trkpt lat="46.05953" lon="6.95567">
        <ele>1210</ele>
        <extensions>
          <distance>44141</distance>
        </extensions>
      </trkpt>
      <trkpt lat="46.059625" lon="6.955855">
        <ele>1206</ele>
        <extensions>
          <distance>44159</distance>
        </extensions>
      </trkpt>
      <trkpt lat="46.05972" lon="6.95604">
        <ele>1199</ele>
        <extensions>
          <distance>44178</distance>
        </extensions>
      </trkpt>
      <trkpt lat="46.05984" lon="6.95634">
        <ele>1189</ele>
        <extensions>
          <distance>44207</distance>
        </extensions>
      </trkpt>
      <trkpt lat="46.05988" lon="6.95654">
        <ele>1180</ele>
        <extensions>
          <distance>44225</distance>
        </extensions>
      </trkpt>
      <trkpt lat="46.05987" lon="6.95657">
        <ele>1180</ele>
        <extensions>
          <distance>44228</distance>
        </extensions>
      </trkpt>
      <trkpt lat="46.05984" lon="6.95658">
        <ele>1180</ele>
        <extensions>
          <distance>44231</distance>
        </extensions>
      </trkpt>
      <trkpt lat="46.05977" lon="6.95651">
        <ele>1180</ele>
        <extensions>
          <distance>44241</distance>
        </extensions>
      </trkpt>
      <trkpt lat="46.05972" lon="6.9564">
        <ele>1180</ele>
        <extensions>
          <distance>44251</distance>
        </extensions>
      </trkpt>
      <trkpt lat="46.05969" lon="6.95639">
        <ele>1180</ele>
        <extensions>
          <distance>44254</distance>
        </extensions>
      </trkpt>
      <trkpt lat="46.05967" lon="6.95643">
        <ele>1180</ele>
        <extensions>
          <distance>44258</distance>
        </extensions>
      </trkpt>
      <trkpt lat="46.05969" lon="6.95663">
        <ele>1175</ele>
        <extensions>
          <distance>44274</distance>
        </extensions>
      </trkpt>
      <trkpt lat="46.05958" lon="6.95665">
        <ele>1174</ele>
        <extensions>
          <distance>44286</distance>
        </extensions>
      </trkpt>
      <trkpt lat="46.059445" lon="6.95673">
        <ele>1170</ele>
        <extensions>
          <distance>44303</distance>
        </extensions>
      </trkpt>
      <trkpt lat="46.05931" lon="6.95681">
        <ele>1168</ele>
        <extensions>
          <distance>44319</distance>
        </extensions>
      </trkpt>
      <trkpt lat="46.05921" lon="6.95682">
        <ele>1168</ele>
        <extensions>
          <distance>44330</distance>
        </extensions>
      </trkpt>
      <trkpt lat="46.05907" lon="6.95679">
        <ele>1168</ele>
        <extensions>
          <distance>44346</distance>
        </extensions>
      </trkpt>
      <trkpt lat="46.05899" lon="6.95682">
        <ele>1166</ele>
        <extensions>
          <distance>44356</distance>
        </extensions>
      </trkpt>
      <trkpt lat="46.05919" lon="6.956865">
        <ele>1164</ele>
        <extensions>
          <distance>44378</distance>
        </extensions>
      </trkpt>
      <trkpt lat="46.05939" lon="6.95691">
        <ele>1164</ele>
        <extensions>
          <distance>44401</distance>
        </extensions>
      </trkpt>
      <trkpt lat="46.05947" lon="6.95694">
        <ele>1163</ele>
        <extensions>
          <distance>44410</distance>
        </extensions>
      </trkpt>
      <trkpt lat="46.05958" lon="6.95701">
        <ele>1160</ele>
        <extensions>
          <distance>44424</distance>
        </extensions>
      </trkpt>
      <trkpt lat="46.0596" lon="6.95704">
        <ele>1160</ele>
        <extensions>
          <distance>44427</distance>
        </extensions>
      </trkpt>
      <trkpt lat="46.05959" lon="6.95709">
        <ele>1157</ele>
        <extensions>
          <distance>44431</distance>
        </extensions>
      </trkpt>
      <trkpt lat="46.05946" lon="6.95712">
        <ele>1156</ele>
        <extensions>
          <distance>44446</distance>
        </extensions>
      </trkpt>
      <trkpt lat="46.05944" lon="6.95715">
        <ele>1156</ele>
        <extensions>
          <distance>44449</distance>
        </extensions>
      </trkpt>
      <trkpt lat="46.05946" lon="6.95722">
        <ele>1154</ele>
        <extensions>
          <distance>44455</distance>
        </extensions>
      </trkpt>
      <trkpt lat="46.0596" lon="6.957315">
        <ele>1148</ele>
        <extensions>
          <distance>44474</distance>
        </extensions>
      </trkpt>
      <trkpt lat="46.05974" lon="6.95741">
        <ele>1144</ele>
        <extensions>
          <distance>44491</distance>
        </extensions>
      </trkpt>
      <trkpt lat="46.05979" lon="6.95765">
        <ele>1138</ele>
        <extensions>
          <distance>44511</distance>
        </extensions>
      </trkpt>
      <trkpt lat="46.05984" lon="6.95789">
        <ele>1132</ele>
        <extensions>
          <distance>44532</distance>
        </extensions>
      </trkpt>
      <trkpt lat="46.05981" lon="6.95801">
        <ele>1131</ele>
        <extensions>
          <distance>44542</distance>
        </extensions>
      </trkpt>
      <trkpt lat="46.05972" lon="6.95823">
        <ele>1129</ele>
        <extensions>
          <distance>44562</distance>
        </extensions>
      </trkpt>
      <trkpt lat="46.05973" lon="6.95831">
        <ele>1128</ele>
        <extensions>
          <distance>44568</distance>
        </extensions>
      </trkpt>
      <trkpt lat="46.05984" lon="6.95856">
        <ele>1124</ele>
        <extensions>
          <distance>44591</distance>
        </extensions>
      </trkpt>
      <trkpt lat="46.06" lon="6.958845">
        <ele>1124</ele>
        <extensions>
          <distance>44619</distance>
        </extensions>
      </trkpt>
      <trkpt lat="46.06016" lon="6.95913">
        <ele>1124</ele>
        <extensions>
          <distance>44648</distance>
        </extensions>
      </trkpt>
      <trkpt lat="46.06002" lon="6.95933">
        <ele>1124</ele>
        <extensions>
          <distance>44670</distance>
        </extensions>
      </trkpt>
      <trkpt lat="46.06004" lon="6.959585">
        <ele>1125</ele>
        <extensions>
          <distance>44690</distance>
        </extensions>
      </trkpt>
      <trkpt lat="46.06006" lon="6.95984">
        <ele>1125</ele>
        <extensions>
          <distance>44709</distance>
        </extensions>
      </trkpt>
      <trkpt lat="46.06004" lon="6.95995">
        <ele>1125</ele>
        <extensions>
          <distance>44718</distance>
        </extensions>
      </trkpt>
      <trkpt lat="46.05997" lon="6.9601500000000005">
        <ele>1125</ele>
        <extensions>
          <distance>44736</distance>
        </extensions>
      </trkpt>
      <trkpt lat="46.0599" lon="6.96035">
        <ele>1125</ele>
        <extensions>
          <distance>44753</distance>
        </extensions>
      </trkpt>
      <trkpt lat="46.05984" lon="6.96042">
        <ele>1125</ele>
        <extensions>
          <distance>44761</distance>
        </extensions>
      </trkpt>
      <trkpt lat="46.05974" lon="6.9605">
        <ele>1122</ele>
        <extensions>
          <distance>44774</distance>
        </extensions>
      </trkpt>
      <trkpt lat="46.05962" lon="6.96052">
        <ele>1119</ele>
        <extensions>
          <distance>44788</distance>
        </extensions>
      </trkpt>
      <trkpt lat="46.05947" lon="6.96048">
        <ele>1115</ele>
        <extensions>
          <distance>44805</distance>
        </extensions>
      </trkpt>
      <trkpt lat="46.05933" lon="6.96037">
        <ele>1115</ele>
        <extensions>
          <distance>44823</distance>
        </extensions>
      </trkpt>
      <trkpt lat="46.0591275" lon="6.960335000000001">
        <ele>1115</ele>
        <extensions>
          <distance>44846</distance>
        </extensions>
      </trkpt>
      <trkpt lat="46.058925" lon="6.9603">
        <ele>1115</ele>
        <extensions>
          <distance>44868</distance>
        </extensions>
      </trkpt>
      <trkpt lat="46.0587225" lon="6.960265">
        <ele>1121</ele>
        <extensions>
          <distance>44891</distance>
        </extensions>
      </trkpt>
      <trkpt lat="46.05852" lon="6.96023">
        <ele>1128</ele>
        <extensions>
          <distance>44915</distance>
        </extensions>
      </trkpt>
      <trkpt lat="46.0583525" lon="6.9601275000000005">
        <ele>1130</ele>
        <extensions>
          <distance>44935</distance>
        </extensions>
      </trkpt>
      <trkpt lat="46.058185" lon="6.960025">
        <ele>1135</ele>
        <extensions>
          <distance>44956</distance>
        </extensions>
      </trkpt>
      <trkpt lat="46.058017500000005" lon="6.959922499999999">
        <ele>1138</ele>
        <extensions>
          <distance>44976</distance>
        </extensions>
      </trkpt>
      <trkpt lat="46.05785" lon="6.95982">
        <ele>1142</ele>
        <extensions>
          <distance>44997</distance>
        </extensions>
      </trkpt>
      <trkpt lat="46.057680000000005" lon="6.959664999999999">
        <ele>1142</ele>
        <extensions>
          <distance>45019</distance>
        </extensions>
      </trkpt>
      <trkpt lat="46.05751" lon="6.95951">
        <ele>1143</ele>
        <extensions>
          <distance>45042</distance>
        </extensions>
      </trkpt>
      <trkpt lat="46.05739" lon="6.95964">
        <ele>1151</ele>
        <extensions>
          <distance>45059</distance>
        </extensions>
      </trkpt>
      <trkpt lat="46.05716" lon="6.95963">
        <ele>1158</ele>
        <extensions>
          <distance>45086</distance>
        </extensions>
      </trkpt>
      <trkpt lat="46.05722" lon="6.95969">
        <ele>1159</ele>
        <extensions>
          <distance>45094</distance>
        </extensions>
      </trkpt>
      <trkpt lat="46.05729" lon="6.95981">
        <ele>1163</ele>
        <extensions>
          <distance>45106</distance>
        </extensions>
      </trkpt>
      <trkpt lat="46.05732" lon="6.9599">
        <ele>1164</ele>
        <extensions>
          <distance>45114</distance>
        </extensions>
      </trkpt>
      <trkpt lat="46.05727" lon="6.95991">
        <ele>1165</ele>
        <extensions>
          <distance>45120</distance>
        </extensions>
      </trkpt>
      <trkpt lat="46.05726" lon="6.9599">
        <ele>1166</ele>
        <extensions>
          <distance>45121</distance>
        </extensions>
      </trkpt>
      <trkpt lat="46.05723" lon="6.95995">
        <ele>1167</ele>
        <extensions>
          <distance>45127</distance>
        </extensions>
      </trkpt>
      <trkpt lat="46.05731" lon="6.96002">
        <ele>1170</ele>
        <extensions>
          <distance>45137</distance>
        </extensions>
      </trkpt>
      <trkpt lat="46.05741" lon="6.96004">
        <ele>1170</ele>
        <extensions>
          <distance>45149</distance>
        </extensions>
      </trkpt>
      <trkpt lat="46.05734" lon="6.96014">
        <ele>1176</ele>
        <extensions>
          <distance>45160</distance>
        </extensions>
      </trkpt>
      <trkpt lat="46.05724" lon="6.96017">
        <ele>1179</ele>
        <extensions>
          <distance>45172</distance>
        </extensions>
      </trkpt>
      <trkpt lat="46.05732" lon="6.96025">
        <ele>1182</ele>
        <extensions>
          <distance>45183</distance>
        </extensions>
      </trkpt>
      <trkpt lat="46.05736" lon="6.96038">
        <ele>1184</ele>
        <extensions>
          <distance>45194</distance>
        </extensions>
      </trkpt>
      <trkpt lat="46.05729" lon="6.96047">
        <ele>1194</ele>
        <extensions>
          <distance>45208</distance>
        </extensions>
      </trkpt>
      <trkpt lat="46.0572" lon="6.96048">
        <ele>1196</ele>
        <extensions>
          <distance>45218</distance>
        </extensions>
      </trkpt>
      <trkpt lat="46.05724" lon="6.96066">
        <ele>1203</ele>
        <extensions>
          <distance>45234</distance>
        </extensions>
      </trkpt>
      <trkpt lat="46.05715" lon="6.9607">
        <ele>1211</ele>
        <extensions>
          <distance>45247</distance>
        </extensions>
      </trkpt>
      <trkpt lat="46.05706" lon="6.96064">
        <ele>1211</ele>
        <extensions>
          <distance>45258</distance>
        </extensions>
      </trkpt>
      <trkpt lat="46.05695" lon="6.96067">
        <ele>1220</ele>
        <extensions>
          <distance>45273</distance>
        </extensions>
      </trkpt>
      <trkpt lat="46.0569" lon="6.96078">
        <ele>1226</ele>
        <extensions>
          <distance>45284</distance>
        </extensions>
      </trkpt>
      <trkpt lat="46.05682" lon="6.96085">
        <ele>1233</ele>
        <extensions>
          <distance>45297</distance>
        </extensions>
      </trkpt>
      <trkpt lat="46.0568" lon="6.96098">
        <ele>1238</ele>
        <extensions>
          <distance>45308</distance>
        </extensions>
      </trkpt>
      <trkpt lat="46.05687" lon="6.96107">
        <ele>1239</ele>
        <extensions>
          <distance>45319</distance>
        </extensions>
      </trkpt>
      <trkpt lat="46.05697" lon="6.96109">
        <ele>1243</ele>
        <extensions>
          <distance>45331</distance>
        </extensions>
      </trkpt>
      <trkpt lat="46.057" lon="6.96124">
        <ele>1244</ele>
        <extensions>
          <distance>45343</distance>
        </extensions>
      </trkpt>
      <trkpt lat="46.05694" lon="6.96135">
        <ele>1250</ele>
        <extensions>
          <distance>45355</distance>
        </extensions>
      </trkpt>
      <trkpt lat="46.05686" lon="6.96141">
        <ele>1257</ele>
        <extensions>
          <distance>45367</distance>
        </extensions>
      </trkpt>
      <trkpt lat="46.05676" lon="6.96142">
        <ele>1260</ele>
        <extensions>
          <distance>45378</distance>
        </extensions>
      </trkpt>
      <trkpt lat="46.05666" lon="6.96141">
        <ele>1265</ele>
        <extensions>
          <distance>45391</distance>
        </extensions>
      </trkpt>
      <trkpt lat="46.05657" lon="6.96134">
        <ele>1265</ele>
        <extensions>
          <distance>45402</distance>
        </extensions>
      </trkpt>
      <trkpt lat="46.05638" lon="6.96131">
        <ele>1270</ele>
        <extensions>
          <distance>45424</distance>
        </extensions>
      </trkpt>
      <trkpt lat="46.05631" lon="6.96121">
        <ele>1272</ele>
        <extensions>
          <distance>45435</distance>
        </extensions>
      </trkpt>
      <trkpt lat="46.056160000000006" lon="6.961185">
        <ele>1276</ele>
        <extensions>
          <distance>45452</distance>
        </extensions>
      </trkpt>
      <trkpt lat="46.05601" lon="6.96116">
        <ele>1279</ele>
        <extensions>
          <distance>45469</distance>
        </extensions>
      </trkpt>
      <trkpt lat="46.05593" lon="6.96105">
        <ele>1279</ele>
        <extensions>
          <distance>45481</distance>
        </extensions>
      </trkpt>
      <trkpt lat="46.05592" lon="6.96092">
        <ele>1280</ele>
        <extensions>
          <distance>45491</distance>
        </extensions>
      </trkpt>
      <trkpt lat="46.0558" lon="6.96075">
        <ele>1282</ele>
        <extensions>
          <distance>45510</distance>
        </extensions>
      </trkpt>
      <trkpt lat="46.05576" lon="6.96063">
        <ele>1282</ele>
        <extensions>
          <distance>45521</distance>
        </extensions>
      </trkpt>
      <trkpt lat="46.05566" lon="6.96067">
        <ele>1282</ele>
        <extensions>
          <distance>45532</distance>
        </extensions>
      </trkpt>
      <trkpt lat="46.05557" lon="6.96074">
        <ele>1288</ele>
        <extensions>
          <distance>45544</distance>
        </extensions>
      </trkpt>
      <trkpt lat="46.05553" lon="6.96104">
        <ele>1300</ele>
        <extensions>
          <distance>45571</distance>
        </extensions>
      </trkpt>
      <trkpt lat="46.05552" lon="6.96131">
        <ele>1311</ele>
        <extensions>
          <distance>45594</distance>
        </extensions>
      </trkpt>
      <trkpt lat="46.05542" lon="6.96134">
        <ele>1315</ele>
        <extensions>
          <distance>45606</distance>
        </extensions>
      </trkpt>
      <trkpt lat="46.05533" lon="6.96131">
        <ele>1322</ele>
        <extensions>
          <distance>45619</distance>
        </extensions>
      </trkpt>
      <trkpt lat="46.05535" lon="6.96146">
        <ele>1324</ele>
        <extensions>
          <distance>45630</distance>
        </extensions>
      </trkpt>
      <trkpt lat="46.05529" lon="6.96158">
        <ele>1329</ele>
        <extensions>
          <distance>45643</distance>
        </extensions>
      </trkpt>
      <trkpt lat="46.05508" lon="6.96166">
        <ele>1339</ele>
        <extensions>
          <distance>45669</distance>
        </extensions>
      </trkpt>
      <trkpt lat="46.05504" lon="6.96145">
        <ele>1340</ele>
        <extensions>
          <distance>45686</distance>
        </extensions>
      </trkpt>
      <trkpt lat="46.05495" lon="6.96131">
        <ele>1342</ele>
        <extensions>
          <distance>45701</distance>
        </extensions>
      </trkpt>
      <trkpt lat="46.05481" lon="6.96118">
        <ele>1342</ele>
        <extensions>
          <distance>45719</distance>
        </extensions>
      </trkpt>
      <trkpt lat="46.054655" lon="6.96106">
        <ele>1342</ele>
        <extensions>
          <distance>45739</distance>
        </extensions>
      </trkpt>
      <trkpt lat="46.0545" lon="6.96094">
        <ele>1343</ele>
        <extensions>
          <distance>45758</distance>
        </extensions>
      </trkpt>
      <trkpt lat="46.05431" lon="6.96092">
        <ele>1349</ele>
        <extensions>
          <distance>45780</distance>
        </extensions>
      </trkpt>
      <trkpt lat="46.05416" lon="6.96068">
        <ele>1349</ele>
        <extensions>
          <distance>45805</distance>
        </extensions>
      </trkpt>
      <trkpt lat="46.054025" lon="6.9606925">
        <ele>1352</ele>
        <extensions>
          <distance>45820</distance>
        </extensions>
      </trkpt>
      <trkpt lat="46.05389" lon="6.960705">
        <ele>1357</ele>
        <extensions>
          <distance>45836</distance>
        </extensions>
      </trkpt>
      <trkpt lat="46.053755" lon="6.9607174999999994">
        <ele>1359</ele>
        <extensions>
          <distance>45851</distance>
        </extensions>
      </trkpt>
      <trkpt lat="46.05362" lon="6.96073">
        <ele>1362</ele>
        <extensions>
          <distance>45866</distance>
        </extensions>
      </trkpt>
      <trkpt lat="46.05354" lon="6.96061">
        <ele>1362</ele>
        <extensions>
          <distance>45879</distance>
        </extensions>
      </trkpt>
      <trkpt lat="46.053385" lon="6.960635">
        <ele>1367</ele>
        <extensions>
          <distance>45897</distance>
        </extensions>
      </trkpt>
      <trkpt lat="46.05323" lon="6.96066">
        <ele>1371</ele>
        <extensions>
          <distance>45915</distance>
        </extensions>
      </trkpt>
      <trkpt lat="46.05316" lon="6.9607">
        <ele>1374</ele>
        <extensions>
          <distance>45924</distance>
        </extensions>
      </trkpt>
      <trkpt lat="46.05309" lon="6.96082">
        <ele>1378</ele>
        <extensions>
          <distance>45936</distance>
        </extensions>
      </trkpt>
      <trkpt lat="46.05294" lon="6.96095">
        <ele>1382</ele>
        <extensions>
          <distance>45956</distance>
        </extensions>
      </trkpt>
      <trkpt lat="46.05288" lon="6.96093">
        <ele>1384</ele>
        <extensions>
          <distance>45963</distance>
        </extensions>
      </trkpt>
      <trkpt lat="46.0528" lon="6.96067">
        <ele>1385</ele>
        <extensions>
          <distance>45985</distance>
        </extensions>
      </trkpt>
      <trkpt lat="46.05274" lon="6.96065">
        <ele>1387</ele>
        <extensions>
          <distance>45992</distance>
        </extensions>
      </trkpt>
      <trkpt lat="46.05267" lon="6.9607">
        <ele>1390</ele>
        <extensions>
          <distance>46002</distance>
        </extensions>
      </trkpt>
      <trkpt lat="46.05263" lon="6.96083">
        <ele>1390</ele>
        <extensions>
          <distance>46013</distance>
        </extensions>
      </trkpt>
      <trkpt lat="46.05256" lon="6.96083">
        <ele>1393</ele>
        <extensions>
          <distance>46021</distance>
        </extensions>
      </trkpt>
      <trkpt lat="46.0525" lon="6.9608">
        <ele>1394</ele>
        <extensions>
          <distance>46028</distance>
        </extensions>
      </trkpt>
      <trkpt lat="46.05246" lon="6.96068">
        <ele>1396</ele>
        <extensions>
          <distance>46038</distance>
        </extensions>
      </trkpt>
      <trkpt lat="46.05249" lon="6.96039">
        <ele>1397</ele>
        <extensions>
          <distance>46061</distance>
        </extensions>
      </trkpt>
      <trkpt lat="46.052475" lon="6.960195000000001">
        <ele>1397</ele>
        <extensions>
          <distance>46076</distance>
        </extensions>
      </trkpt>
      <trkpt lat="46.05246" lon="6.96">
        <ele>1400</ele>
        <extensions>
          <distance>46091</distance>
        </extensions>
      </trkpt>
      <trkpt lat="46.0524" lon="6.95991">
        <ele>1402</ele>
        <extensions>
          <distance>46101</distance>
        </extensions>
      </trkpt>
      <trkpt lat="46.05241" lon="6.95981">
        <ele>1405</ele>
        <extensions>
          <distance>46110</distance>
        </extensions>
      </trkpt>
      <trkpt lat="46.05237" lon="6.9597">
        <ele>1407</ele>
        <extensions>
          <distance>46119</distance>
        </extensions>
      </trkpt>
      <trkpt lat="46.05219" lon="6.95949">
        <ele>1416</ele>
        <extensions>
          <distance>46147</distance>
        </extensions>
      </trkpt>
      <trkpt lat="46.05215" lon="6.9593">
        <ele>1416</ele>
        <extensions>
          <distance>46162</distance>
        </extensions>
      </trkpt>
      <trkpt lat="46.05217" lon="6.95921">
        <ele>1418</ele>
        <extensions>
          <distance>46169</distance>
        </extensions>
      </trkpt>
      <trkpt lat="46.05212" lon="6.95915">
        <ele>1419</ele>
        <extensions>
          <distance>46177</distance>
        </extensions>
      </trkpt>
      <trkpt lat="46.052" lon="6.95915">
        <ele>1424</ele>
        <extensions>
          <distance>46191</distance>
        </extensions>
      </trkpt>
      <trkpt lat="46.05191" lon="6.95908">
        <ele>1427</ele>
        <extensions>
          <distance>46203</distance>
        </extensions>
      </trkpt>
      <trkpt lat="46.05176" lon="6.958935">
        <ele>1434</ele>
        <extensions>
          <distance>46224</distance>
        </extensions>
      </trkpt>
      <trkpt lat="46.05161" lon="6.95879">
        <ele>1439</ele>
        <extensions>
          <distance>46245</distance>
        </extensions>
      </trkpt>
      <trkpt lat="46.05148" lon="6.958605">
        <ele>1443</ele>
        <extensions>
          <distance>46265</distance>
        </extensions>
      </trkpt>
      <trkpt lat="46.05135" lon="6.95842">
        <ele>1448</ele>
        <extensions>
          <distance>46286</distance>
        </extensions>
      </trkpt>
      <trkpt lat="46.05124" lon="6.95834">
        <ele>1454</ele>
        <extensions>
          <distance>46301</distance>
        </extensions>
      </trkpt>
      <trkpt lat="46.05118" lon="6.95833">
        <ele>1455</ele>
        <extensions>
          <distance>46308</distance>
        </extensions>
      </trkpt>
      <trkpt lat="46.05112" lon="6.95841">
        <ele>1458</ele>
        <extensions>
          <distance>46318</distance>
        </extensions>
      </trkpt>
      <trkpt lat="46.0511" lon="6.95863">
        <ele>1459</ele>
        <extensions>
          <distance>46335</distance>
        </extensions>
      </trkpt>
      <trkpt lat="46.05098" lon="6.95871">
        <ele>1463</ele>
        <extensions>
          <distance>46350</distance>
        </extensions>
      </trkpt>
      <trkpt lat="46.0509" lon="6.95892">
        <ele>1463</ele>
        <extensions>
          <distance>46369</distance>
        </extensions>
      </trkpt>
      <trkpt lat="46.05078" lon="6.95903">
        <ele>1463</ele>
        <extensions>
          <distance>46384</distance>
        </extensions>
      </trkpt>
      <trkpt lat="46.05075" lon="6.95927">
        <ele>1463</ele>
        <extensions>
          <distance>46403</distance>
        </extensions>
      </trkpt>
      <trkpt lat="46.05075" lon="6.9595">
        <ele>1462</ele>
        <extensions>
          <distance>46421</distance>
        </extensions>
      </trkpt>
      <trkpt lat="46.05071" lon="6.95964">
        <ele>1462</ele>
        <extensions>
          <distance>46433</distance>
        </extensions>
      </trkpt>
      <trkpt lat="46.05052" lon="6.95981">
        <ele>1462</ele>
        <extensions>
          <distance>46458</distance>
        </extensions>
      </trkpt>
      <trkpt lat="46.0504" lon="6.95985">
        <ele>1462</ele>
        <extensions>
          <distance>46471</distance>
        </extensions>
      </trkpt>
      <trkpt lat="46.05032" lon="6.95982">
        <ele>1464</ele>
        <extensions>
          <distance>46480</distance>
        </extensions>
      </trkpt>
      <trkpt lat="46.05022" lon="6.95971">
        <ele>1469</ele>
        <extensions>
          <distance>46495</distance>
        </extensions>
      </trkpt>
      <trkpt lat="46.05017" lon="6.95971">
        <ele>1470</ele>
        <extensions>
          <distance>46500</distance>
        </extensions>
      </trkpt>
      <trkpt lat="46.0501" lon="6.95979">
        <ele>1471</ele>
        <extensions>
          <distance>46510</distance>
        </extensions>
      </trkpt>
      <trkpt lat="46.05005" lon="6.95981">
        <ele>1473</ele>
        <extensions>
          <distance>46516</distance>
        </extensions>
      </trkpt>
      <trkpt lat="46.04999" lon="6.95971">
        <ele>1473</ele>
        <extensions>
          <distance>46526</distance>
        </extensions>
      </trkpt>
      <trkpt lat="46.04995" lon="6.9597">
        <ele>1475</ele>
        <extensions>
          <distance>46531</distance>
        </extensions>
      </trkpt>
      <trkpt lat="46.04992" lon="6.9598">
        <ele>1476</ele>
        <extensions>
          <distance>46540</distance>
        </extensions>
      </trkpt>
      <trkpt lat="46.04995" lon="6.96007">
        <ele>1476</ele>
        <extensions>
          <distance>46561</distance>
        </extensions>
      </trkpt>
      <trkpt lat="46.04988" lon="6.95997">
        <ele>1477</ele>
        <extensions>
          <distance>46572</distance>
        </extensions>
      </trkpt>
      <trkpt lat="46.04976" lon="6.95972">
        <ele>1480</ele>
        <extensions>
          <distance>46595</distance>
        </extensions>
      </trkpt>
      <trkpt lat="46.04977" lon="6.95965">
        <ele>1480</ele>
        <extensions>
          <distance>46601</distance>
        </extensions>
      </trkpt>
      <trkpt lat="46.04974" lon="6.95954">
        <ele>1482</ele>
        <extensions>
          <distance>46610</distance>
        </extensions>
      </trkpt>
      <trkpt lat="46.04964" lon="6.95934">
        <ele>1484</ele>
        <extensions>
          <distance>46629</distance>
        </extensions>
      </trkpt>
      <trkpt lat="46.04948" lon="6.95921">
        <ele>1487</ele>
        <extensions>
          <distance>46650</distance>
        </extensions>
      </trkpt>
      <trkpt lat="46.0492525" lon="6.9591449999999995">
        <ele>1490</ele>
        <extensions>
          <distance>46676</distance>
        </extensions>
      </trkpt>
      <trkpt lat="46.049025" lon="6.95908">
        <ele>1494</ele>
        <extensions>
          <distance>46702</distance>
        </extensions>
      </trkpt>
      <trkpt lat="46.0487975" lon="6.959015">
        <ele>1503</ele>
        <extensions>
          <distance>46729</distance>
        </extensions>
      </trkpt>
      <trkpt lat="46.04857" lon="6.95895">
        <ele>1510</ele>
        <extensions>
          <distance>46756</distance>
        </extensions>
      </trkpt>
      <trkpt lat="46.04835" lon="6.9589300000000005">
        <ele>1517</ele>
        <extensions>
          <distance>46782</distance>
        </extensions>
      </trkpt>
      <trkpt lat="46.04813" lon="6.95891">
        <ele>1524</ele>
        <extensions>
          <distance>46807</distance>
        </extensions>
      </trkpt>
      <trkpt lat="46.04811" lon="6.95878">
        <ele>1525</ele>
        <extensions>
          <distance>46817</distance>
        </extensions>
      </trkpt>
      <trkpt lat="46.048" lon="6.95869">
        <ele>1526</ele>
        <extensions>
          <distance>46831</distance>
        </extensions>
      </trkpt>
      <trkpt lat="46.0479" lon="6.95856">
        <ele>1527</ele>
        <extensions>
          <distance>46847</distance>
        </extensions>
      </trkpt>
      <trkpt lat="46.047775" lon="6.95835">
        <ele>1527</ele>
        <extensions>
          <distance>46868</distance>
        </extensions>
      </trkpt>
      <trkpt lat="46.04765" lon="6.95814">
        <ele>1528</ele>
        <extensions>
          <distance>46889</distance>
        </extensions>
      </trkpt>
      <trkpt lat="46.04748" lon="6.95792">
        <ele>1528</ele>
        <extensions>
          <distance>46915</distance>
        </extensions>
      </trkpt>
      <trkpt lat="46.047295000000005" lon="6.957649999999999">
        <ele>1530</ele>
        <extensions>
          <distance>46944</distance>
        </extensions>
      </trkpt>
      <trkpt lat="46.04711" lon="6.95738">
        <ele>1532</ele>
        <extensions>
          <distance>46973</distance>
        </extensions>
      </trkpt>
      <trkpt lat="46.046980000000005" lon="6.957224999999999">
        <ele>1533</ele>
        <extensions>
          <distance>46992</distance>
        </extensions>
      </trkpt>
      <trkpt lat="46.04685" lon="6.95707">
        <ele>1534</ele>
        <extensions>
          <distance>47011</distance>
        </extensions>
      </trkpt>
      <trkpt lat="46.04678" lon="6.95708">
        <ele>1536</ele>
        <extensions>
          <distance>47019</distance>
        </extensions>
      </trkpt>
      <trkpt lat="46.04671" lon="6.95705">
        <ele>1537</ele>
        <extensions>
          <distance>47027</distance>
        </extensions>
      </trkpt>
      <trkpt lat="46.04655" lon="6.95689">
        <ele>1539</ele>
        <extensions>
          <distance>47049</distance>
        </extensions>
      </trkpt>
      <trkpt lat="46.04642" lon="6.95683">
        <ele>1542</ele>
        <extensions>
          <distance>47064</distance>
        </extensions>
      </trkpt>
      <trkpt lat="46.04616" lon="6.9568">
        <ele>1550</ele>
        <extensions>
          <distance>47095</distance>
        </extensions>
      </trkpt>
      <trkpt lat="46.0460575" lon="6.956652500000001">
        <ele>1552</ele>
        <extensions>
          <distance>47111</distance>
        </extensions>
      </trkpt>
      <trkpt lat="46.045955" lon="6.956505">
        <ele>1554</ele>
        <extensions>
          <distance>47127</distance>
        </extensions>
      </trkpt>
      <trkpt lat="46.045852499999995" lon="6.956357499999999">
        <ele>1555</ele>
        <extensions>
          <distance>47143</distance>
        </extensions>
      </trkpt>
      <trkpt lat="46.04575" lon="6.95621">
        <ele>1558</ele>
        <extensions>
          <distance>47160</distance>
        </extensions>
      </trkpt>
      <trkpt lat="46.04572" lon="6.95633">
        <ele>1559</ele>
        <extensions>
          <distance>47169</distance>
        </extensions>
      </trkpt>
      <trkpt lat="46.045805" lon="6.95669">
        <ele>1560</ele>
        <extensions>
          <distance>47199</distance>
        </extensions>
      </trkpt>
      <trkpt lat="46.04589" lon="6.95705">
        <ele>1563</ele>
        <extensions>
          <distance>47228</distance>
        </extensions>
      </trkpt>
      <trkpt lat="46.045995000000005" lon="6.95735">
        <ele>1565</ele>
        <extensions>
          <distance>47254</distance>
        </extensions>
      </trkpt>
      <trkpt lat="46.0461" lon="6.95765">
        <ele>1568</ele>
        <extensions>
          <distance>47281</distance>
        </extensions>
      </trkpt>
      <trkpt lat="46.046135" lon="6.95784">
        <ele>1573</ele>
        <extensions>
          <distance>47297</distance>
        </extensions>
      </trkpt>
      <trkpt lat="46.04617" lon="6.95803">
        <ele>1577</ele>
        <extensions>
          <distance>47312</distance>
        </extensions>
      </trkpt>
      <trkpt lat="46.04623" lon="6.95813">
        <ele>1579</ele>
        <extensions>
          <distance>47323</distance>
        </extensions>
      </trkpt>
      <trkpt lat="46.04623" lon="6.9582">
        <ele>1580</ele>
        <extensions>
          <distance>47328</distance>
        </extensions>
      </trkpt>
      <trkpt lat="46.04621" lon="6.95822">
        <ele>1582</ele>
        <extensions>
          <distance>47331</distance>
        </extensions>
      </trkpt>
      <trkpt lat="46.04617" lon="6.95821">
        <ele>1582</ele>
        <extensions>
          <distance>47336</distance>
        </extensions>
      </trkpt>
      <trkpt lat="46.045995" lon="6.957995">
        <ele>1583</ele>
        <extensions>
          <distance>47361</distance>
        </extensions>
      </trkpt>
      <trkpt lat="46.04582" lon="6.95778">
        <ele>1583</ele>
        <extensions>
          <distance>47387</distance>
        </extensions>
      </trkpt>
      <trkpt lat="46.04564" lon="6.95769">
        <ele>1587</ele>
        <extensions>
          <distance>47408</distance>
        </extensions>
      </trkpt>
      <trkpt lat="46.0455" lon="6.95757">
        <ele>1590</ele>
        <extensions>
          <distance>47427</distance>
        </extensions>
      </trkpt>
      <trkpt lat="46.04543" lon="6.95738">
        <ele>1593</ele>
        <extensions>
          <distance>47443</distance>
        </extensions>
      </trkpt>
      <trkpt lat="46.04524" lon="6.95712">
        <ele>1596</ele>
        <extensions>
          <distance>47473</distance>
        </extensions>
      </trkpt>
      <trkpt lat="46.0450975" lon="6.95686">
        <ele>1597</ele>
        <extensions>
          <distance>47498</distance>
        </extensions>
      </trkpt>
      <trkpt lat="46.044955" lon="6.9566">
        <ele>1597</ele>
        <extensions>
          <distance>47524</distance>
        </extensions>
      </trkpt>
      <trkpt lat="46.044812500000006" lon="6.95634">
        <ele>1600</ele>
        <extensions>
          <distance>47550</distance>
        </extensions>
      </trkpt>
      <trkpt lat="46.04467" lon="6.95608">
        <ele>1601</ele>
        <extensions>
          <distance>47575</distance>
        </extensions>
      </trkpt>
      <trkpt lat="46.04456" lon="6.95593">
        <ele>1601</ele>
        <extensions>
          <distance>47592</distance>
        </extensions>
      </trkpt>
      <trkpt lat="46.04453" lon="6.95585">
        <ele>1601</ele>
        <extensions>
          <distance>47599</distance>
        </extensions>
      </trkpt>
      <trkpt lat="46.04453" lon="6.95579">
        <ele>1601</ele>
        <extensions>
          <distance>47604</distance>
        </extensions>
      </trkpt>
      <trkpt lat="46.04459" lon="6.95568">
        <ele>1599</ele>
        <extensions>
          <distance>47615</distance>
        </extensions>
      </trkpt>
      <trkpt lat="46.0446" lon="6.95562">
        <ele>1599</ele>
        <extensions>
          <distance>47619</distance>
        </extensions>
      </trkpt>
      <trkpt lat="46.04459" lon="6.95551">
        <ele>1599</ele>
        <extensions>
          <distance>47628</distance>
        </extensions>
      </trkpt>
      <trkpt lat="46.04455" lon="6.95539">
        <ele>1599</ele>
        <extensions>
          <distance>47638</distance>
        </extensions>
      </trkpt>
      <trkpt lat="46.04438" lon="6.9552">
        <ele>1602</ele>
        <extensions>
          <distance>47662</distance>
        </extensions>
      </trkpt>
      <trkpt lat="46.044259999999994" lon="6.9551099999999995">
        <ele>1605</ele>
        <extensions>
          <distance>47677</distance>
        </extensions>
      </trkpt>
      <trkpt lat="46.04414" lon="6.95502">
        <ele>1609</ele>
        <extensions>
          <distance>47693</distance>
        </extensions>
      </trkpt>
      <trkpt lat="46.0440775" lon="6.9548375">
        <ele>1610</ele>
        <extensions>
          <distance>47709</distance>
        </extensions>
      </trkpt>
      <trkpt lat="46.044015" lon="6.954655000000001">
        <ele>1611</ele>
        <extensions>
          <distance>47725</distance>
        </extensions>
      </trkpt>
      <trkpt lat="46.0439525" lon="6.9544725000000005">
        <ele>1611</ele>
        <extensions>
          <distance>47740</distance>
        </extensions>
      </trkpt>
      <trkpt lat="46.04389" lon="6.95429">
        <ele>1611</ele>
        <extensions>
          <distance>47756</distance>
        </extensions>
      </trkpt>
      <trkpt lat="46.04377" lon="6.95409">
        <ele>1614</ele>
        <extensions>
          <distance>47777</distance>
        </extensions>
      </trkpt>
      <trkpt lat="46.043655" lon="6.95397">
        <ele>1617</ele>
        <extensions>
          <distance>47793</distance>
        </extensions>
      </trkpt>
      <trkpt lat="46.04354" lon="6.95385">
        <ele>1619</ele>
        <extensions>
          <distance>47808</distance>
        </extensions>
      </trkpt>
      <trkpt lat="46.04346" lon="6.9538">
        <ele>1622</ele>
        <extensions>
          <distance>47819</distance>
        </extensions>
      </trkpt>
      <trkpt lat="46.04336" lon="6.95349">
        <ele>1625</ele>
        <extensions>
          <distance>47845</distance>
        </extensions>
      </trkpt>
      <trkpt lat="46.04329" lon="6.95337">
        <ele>1628</ele>
        <extensions>
          <distance>47858</distance>
        </extensions>
      </trkpt>
      <trkpt lat="46.04327" lon="6.95339">
        <ele>1628</ele>
        <extensions>
          <distance>47860</distance>
        </extensions>
      </trkpt>
      <trkpt lat="46.04327" lon="6.95363">
        <ele>1630</ele>
        <extensions>
          <distance>47879</distance>
        </extensions>
      </trkpt>
      <trkpt lat="46.04332" lon="6.95399">
        <ele>1630</ele>
        <extensions>
          <distance>47907</distance>
        </extensions>
      </trkpt>
      <trkpt lat="46.0433" lon="6.9542">
        <ele>1631</ele>
        <extensions>
          <distance>47924</distance>
        </extensions>
      </trkpt>
      <trkpt lat="46.0431675" lon="6.9539550000000006">
        <ele>1634</ele>
        <extensions>
          <distance>47948</distance>
        </extensions>
      </trkpt>
      <trkpt lat="46.043035" lon="6.95371">
        <ele>1637</ele>
        <extensions>
          <distance>47972</distance>
        </extensions>
      </trkpt>
      <trkpt lat="46.0429025" lon="6.953465">
        <ele>1641</ele>
        <extensions>
          <distance>47997</distance>
        </extensions>
      </trkpt>
      <trkpt lat="46.04277" lon="6.95322">
        <ele>1643</ele>
        <extensions>
          <distance>48021</distance>
        </extensions>
      </trkpt>
      <trkpt lat="46.04268" lon="6.95304">
        <ele>1644</ele>
        <extensions>
          <distance>48038</distance>
        </extensions>
      </trkpt>
      <trkpt lat="46.04259" lon="6.95286">
        <ele>1644</ele>
        <extensions>
          <distance>48055</distance>
        </extensions>
      </trkpt>
      <trkpt lat="46.04262" lon="6.95306">
        <ele>1646</ele>
        <extensions>
          <distance>48071</distance>
        </extensions>
      </trkpt>
      <trkpt lat="46.042604999999995" lon="6.953305">
        <ele>1651</ele>
        <extensions>
          <distance>48090</distance>
        </extensions>
      </trkpt>
      <trkpt lat="46.04259" lon="6.95355">
        <ele>1653</ele>
        <extensions>
          <distance>48109</distance>
        </extensions>
      </trkpt>
      <trkpt lat="46.04254" lon="6.95383">
        <ele>1659</ele>
        <extensions>
          <distance>48133</distance>
        </extensions>
      </trkpt>
      <trkpt lat="46.04255" lon="6.95401">
        <ele>1659</ele>
        <extensions>
          <distance>48147</distance>
        </extensions>
      </trkpt>
      <trkpt lat="46.04241" lon="6.95417">
        <ele>1668</ele>
        <extensions>
          <distance>48168</distance>
        </extensions>
      </trkpt>
      <trkpt lat="46.04238" lon="6.95424">
        <ele>1670</ele>
        <extensions>
          <distance>48174</distance>
        </extensions>
      </trkpt>
      <trkpt lat="46.04239" lon="6.95453">
        <ele>1675</ele>
        <extensions>
          <distance>48197</distance>
        </extensions>
      </trkpt>
      <trkpt lat="46.04247" lon="6.95486">
        <ele>1678</ele>
        <extensions>
          <distance>48225</distance>
        </extensions>
      </trkpt>
      <trkpt lat="46.04252" lon="6.95516">
        <ele>1683</ele>
        <extensions>
          <distance>48249</distance>
        </extensions>
      </trkpt>
      <trkpt lat="46.04261" lon="6.95544">
        <ele>1686</ele>
        <extensions>
          <distance>48273</distance>
        </extensions>
      </trkpt>
      <trkpt lat="46.0426" lon="6.9555">
        <ele>1687</ele>
        <extensions>
          <distance>48278</distance>
        </extensions>
      </trkpt>
      <trkpt lat="46.04246" lon="6.95543">
        <ele>1693</ele>
        <extensions>
          <distance>48295</distance>
        </extensions>
      </trkpt>
      <trkpt lat="46.04235" lon="6.95529">
        <ele>1696</ele>
        <extensions>
          <distance>48312</distance>
        </extensions>
      </trkpt>
      <trkpt lat="46.04234" lon="6.95532">
        <ele>1696</ele>
        <extensions>
          <distance>48315</distance>
        </extensions>
      </trkpt>
      <trkpt lat="46.042395" lon="6.9555299999999995">
        <ele>1699</ele>
        <extensions>
          <distance>48332</distance>
        </extensions>
      </trkpt>
      <trkpt lat="46.04245" lon="6.95574">
        <ele>1703</ele>
        <extensions>
          <distance>48350</distance>
        </extensions>
      </trkpt>
      <trkpt lat="46.042515" lon="6.955935">
        <ele>1705</ele>
        <extensions>
          <distance>48367</distance>
        </extensions>
      </trkpt>
      <trkpt lat="46.04258" lon="6.95613">
        <ele>1707</ele>
        <extensions>
          <distance>48384</distance>
        </extensions>
      </trkpt>
      <trkpt lat="46.04269" lon="6.956379999999999">
        <ele>1708</ele>
        <extensions>
          <distance>48407</distance>
        </extensions>
      </trkpt>
      <trkpt lat="46.0428" lon="6.95663">
        <ele>1708</ele>
        <extensions>
          <distance>48429</distance>
        </extensions>
      </trkpt>
      <trkpt lat="46.04285" lon="6.95685">
        <ele>1712</ele>
        <extensions>
          <distance>48448</distance>
        </extensions>
      </trkpt>
      <trkpt lat="46.04283" lon="6.95685">
        <ele>1714</ele>
        <extensions>
          <distance>48450</distance>
        </extensions>
      </trkpt>
      <trkpt lat="46.04271" lon="6.956735">
        <ele>1716</ele>
        <extensions>
          <distance>48466</distance>
        </extensions>
      </trkpt>
      <trkpt lat="46.04259" lon="6.95662">
        <ele>1717</ele>
        <extensions>
          <distance>48482</distance>
        </extensions>
      </trkpt>
      <trkpt lat="46.04256" lon="6.95662">
        <ele>1719</ele>
        <extensions>
          <distance>48486</distance>
        </extensions>
      </trkpt>
      <trkpt lat="46.04263" lon="6.95684">
        <ele>1722</ele>
        <extensions>
          <distance>48505</distance>
        </extensions>
      </trkpt>
      <trkpt lat="46.04267" lon="6.95714">
        <ele>1729</ele>
        <extensions>
          <distance>48529</distance>
        </extensions>
      </trkpt>
      <trkpt lat="46.04266" lon="6.95722">
        <ele>1730</ele>
        <extensions>
          <distance>48536</distance>
        </extensions>
      </trkpt>
      <trkpt lat="46.04268" lon="6.95733">
        <ele>1730</ele>
        <extensions>
          <distance>48545</distance>
        </extensions>
      </trkpt>
      <trkpt lat="46.04266" lon="6.95734">
        <ele>1733</ele>
        <extensions>
          <distance>48547</distance>
        </extensions>
      </trkpt>
      <trkpt lat="46.042519999999996" lon="6.957125">
        <ele>1734</ele>
        <extensions>
          <distance>48570</distance>
        </extensions>
      </trkpt>
      <trkpt lat="46.04238" lon="6.95691">
        <ele>1735</ele>
        <extensions>
          <distance>48593</distance>
        </extensions>
      </trkpt>
      <trkpt lat="46.04237" lon="6.95704">
        <ele>1740</ele>
        <extensions>
          <distance>48603</distance>
        </extensions>
      </trkpt>
      <trkpt lat="46.04235" lon="6.95705">
        <ele>1741</ele>
        <extensions>
          <distance>48606</distance>
        </extensions>
      </trkpt>
      <trkpt lat="46.04217" lon="6.95697">
        <ele>1747</ele>
        <extensions>
          <distance>48628</distance>
        </extensions>
      </trkpt>
      <trkpt lat="46.04205" lon="6.95684">
        <ele>1750</ele>
        <extensions>
          <distance>48645</distance>
        </extensions>
      </trkpt>
      <trkpt lat="46.04199" lon="6.95681">
        <ele>1751</ele>
        <extensions>
          <distance>48652</distance>
        </extensions>
      </trkpt>
      <trkpt lat="46.04197" lon="6.95682">
        <ele>1753</ele>
        <extensions>
          <distance>48655</distance>
        </extensions>
      </trkpt>
      <trkpt lat="46.04197" lon="6.95684">
        <ele>1753</ele>
        <extensions>
          <distance>48656</distance>
        </extensions>
      </trkpt>
      <trkpt lat="46.042" lon="6.95691">
        <ele>1754</ele>
        <extensions>
          <distance>48663</distance>
        </extensions>
      </trkpt>
      <trkpt lat="46.042" lon="6.95707">
        <ele>1758</ele>
        <extensions>
          <distance>48676</distance>
        </extensions>
      </trkpt>
      <trkpt lat="46.04204" lon="6.95719">
        <ele>1759</ele>
        <extensions>
          <distance>48686</distance>
        </extensions>
      </trkpt>
      <trkpt lat="46.0421" lon="6.95749">
        <ele>1764</ele>
        <extensions>
          <distance>48711</distance>
        </extensions>
      </trkpt>
      <trkpt lat="46.042165" lon="6.9576725">
        <ele>1765</ele>
        <extensions>
          <distance>48726</distance>
        </extensions>
      </trkpt>
      <trkpt lat="46.04223" lon="6.957855">
        <ele>1766</ele>
        <extensions>
          <distance>48742</distance>
        </extensions>
      </trkpt>
      <trkpt lat="46.042295" lon="6.9580375">
        <ele>1766</ele>
        <extensions>
          <distance>48758</distance>
        </extensions>
      </trkpt>
      <trkpt lat="46.04236" lon="6.95822">
        <ele>1768</ele>
        <extensions>
          <distance>48774</distance>
        </extensions>
      </trkpt>
      <trkpt lat="46.04242" lon="6.95859">
        <ele>1768</ele>
        <extensions>
          <distance>48804</distance>
        </extensions>
      </trkpt>
      <trkpt lat="46.04248" lon="6.95896">
        <ele>1770</ele>
        <extensions>
          <distance>48833</distance>
        </extensions>
      </trkpt>
      <trkpt lat="46.042495" lon="6.959160000000001">
        <ele>1773</ele>
        <extensions>
          <distance>48849</distance>
        </extensions>
      </trkpt>
      <trkpt lat="46.04251" lon="6.95936">
        <ele>1773</ele>
        <extensions>
          <distance>48864</distance>
        </extensions>
      </trkpt>
      <trkpt lat="46.042525" lon="6.95956">
        <ele>1776</ele>
        <extensions>
          <distance>48880</distance>
        </extensions>
      </trkpt>
      <trkpt lat="46.04254" lon="6.95976">
        <ele>1780</ele>
        <extensions>
          <distance>48896</distance>
        </extensions>
      </trkpt>
      <trkpt lat="46.042590000000004" lon="6.96006">
        <ele>1780</ele>
        <extensions>
          <distance>48920</distance>
        </extensions>
      </trkpt>
      <trkpt lat="46.04264" lon="6.96036">
        <ele>1780</ele>
        <extensions>
          <distance>48944</distance>
        </extensions>
      </trkpt>
      <trkpt lat="46.04275" lon="6.96058">
        <ele>1780</ele>
        <extensions>
          <distance>48965</distance>
        </extensions>
      </trkpt>
      <trkpt lat="46.04283" lon="6.96084">
        <ele>1780</ele>
        <extensions>
          <distance>48987</distance>
        </extensions>
      </trkpt>
      <trkpt lat="46.04291" lon="6.96098">
        <ele>1781</ele>
        <extensions>
          <distance>49001</distance>
        </extensions>
      </trkpt>
      <trkpt lat="46.04295" lon="6.96119">
        <ele>1781</ele>
        <extensions>
          <distance>49018</distance>
        </extensions>
      </trkpt>
      <trkpt lat="46.0429075" lon="6.961395">
        <ele>1781</ele>
        <extensions>
          <distance>49034</distance>
        </extensions>
      </trkpt>
      <trkpt lat="46.042865" lon="6.961600000000001">
        <ele>1783</ele>
        <extensions>
          <distance>49051</distance>
        </extensions>
      </trkpt>
      <trkpt lat="46.0428225" lon="6.961805">
        <ele>1785</ele>
        <extensions>
          <distance>49067</distance>
        </extensions>
      </trkpt>
      <trkpt lat="46.04278" lon="6.96201">
        <ele>1785</ele>
        <extensions>
          <distance>49084</distance>
        </extensions>
      </trkpt>
      <trkpt lat="46.04269" lon="6.9622">
        <ele>1786</ele>
        <extensions>
          <distance>49102</distance>
        </extensions>
      </trkpt>
      <trkpt lat="46.04268" lon="6.96229">
        <ele>1787</ele>
        <extensions>
          <distance>49109</distance>
        </extensions>
      </trkpt>
      <trkpt lat="46.04264" lon="6.96233">
        <ele>1787</ele>
        <extensions>
          <distance>49114</distance>
        </extensions>
      </trkpt>
      <trkpt lat="46.04248" lon="6.96259">
        <ele>1792</ele>
        <extensions>
          <distance>49142</distance>
        </extensions>
      </trkpt>
      <trkpt lat="46.04243" lon="6.96263">
        <ele>1792</ele>
        <extensions>
          <distance>49148</distance>
        </extensions>
      </trkpt>
      <trkpt lat="46.04237" lon="6.96275">
        <ele>1793</ele>
        <extensions>
          <distance>49159</distance>
        </extensions>
      </trkpt>
      <trkpt lat="46.04239" lon="6.96295">
        <ele>1793</ele>
        <extensions>
          <distance>49175</distance>
        </extensions>
      </trkpt>
      <trkpt lat="46.04243" lon="6.96312">
        <ele>1794</ele>
        <extensions>
          <distance>49189</distance>
        </extensions>
      </trkpt>
      <trkpt lat="46.04239" lon="6.96332">
        <ele>1795</ele>
        <extensions>
          <distance>49205</distance>
        </extensions>
      </trkpt>
      <trkpt lat="46.04244" lon="6.96349">
        <ele>1795</ele>
        <extensions>
          <distance>49219</distance>
        </extensions>
      </trkpt>
      <trkpt lat="46.04236" lon="6.96381">
        <ele>1798</ele>
        <extensions>
          <distance>49246</distance>
        </extensions>
      </trkpt>
      <trkpt lat="46.04227" lon="6.96405">
        <ele>1798</ele>
        <extensions>
          <distance>49267</distance>
        </extensions>
      </trkpt>
      <trkpt lat="46.04227" lon="6.96412">
        <ele>1798</ele>
        <extensions>
          <distance>49272</distance>
        </extensions>
      </trkpt>
      <trkpt lat="46.0423" lon="6.96416">
        <ele>1798</ele>
        <extensions>
          <distance>49277</distance>
        </extensions>
      </trkpt>
      <trkpt lat="46.0425" lon="6.96424">
        <ele>1798</ele>
        <extensions>
          <distance>49300</distance>
        </extensions>
      </trkpt>
      <trkpt lat="46.04267" lon="6.96428">
        <ele>1798</ele>
        <extensions>
          <distance>49319</distance>
        </extensions>
      </trkpt>
      <trkpt lat="46.04274" lon="6.96434">
        <ele>1798</ele>
        <extensions>
          <distance>49328</distance>
        </extensions>
      </trkpt>
      <trkpt lat="46.04277" lon="6.96441">
        <ele>1798</ele>
        <extensions>
          <distance>49334</distance>
        </extensions>
      </trkpt>
      <trkpt lat="46.04276" lon="6.9647">
        <ele>1803</ele>
        <extensions>
          <distance>49357</distance>
        </extensions>
      </trkpt>
      <trkpt lat="46.04285" lon="6.96485">
        <ele>1805</ele>
        <extensions>
          <distance>49372</distance>
        </extensions>
      </trkpt>
      <trkpt lat="46.04288" lon="6.96487">
        <ele>1807</ele>
        <extensions>
          <distance>49376</distance>
        </extensions>
      </trkpt>
      <trkpt lat="46.04289" lon="6.96492">
        <ele>1807</ele>
        <extensions>
          <distance>49381</distance>
        </extensions>
      </trkpt>
      <trkpt lat="46.04272" lon="6.964945">
        <ele>1810</ele>
        <extensions>
          <distance>49400</distance>
        </extensions>
      </trkpt>
      <trkpt lat="46.04255" lon="6.96497">
        <ele>1814</ele>
        <extensions>
          <distance>49419</distance>
        </extensions>
      </trkpt>
      <trkpt lat="46.0423" lon="6.96487">
        <ele>1818</ele>
        <extensions>
          <distance>49448</distance>
        </extensions>
      </trkpt>
      <trkpt lat="46.04222" lon="6.96487">
        <ele>1821</ele>
        <extensions>
          <distance>49458</distance>
        </extensions>
      </trkpt>
      <trkpt lat="46.04219" lon="6.96489">
        <ele>1822</ele>
        <extensions>
          <distance>49461</distance>
        </extensions>
      </trkpt>
      <trkpt lat="46.04203" lon="6.96488">
        <ele>1826</ele>
        <extensions>
          <distance>49480</distance>
        </extensions>
      </trkpt>
      <trkpt lat="46.04202" lon="6.9649">
        <ele>1827</ele>
        <extensions>
          <distance>49482</distance>
        </extensions>
      </trkpt>
      <trkpt lat="46.04203" lon="6.96507">
        <ele>1831</ele>
        <extensions>
          <distance>49496</distance>
        </extensions>
      </trkpt>
      <trkpt lat="46.04194" lon="6.96503">
        <ele>1833</ele>
        <extensions>
          <distance>49506</distance>
        </extensions>
      </trkpt>
      <trkpt lat="46.04169" lon="6.96512">
        <ele>1844</ele>
        <extensions>
          <distance>49537</distance>
        </extensions>
      </trkpt>
      <trkpt lat="46.0416" lon="6.96505">
        <ele>1844</ele>
        <extensions>
          <distance>49548</distance>
        </extensions>
      </trkpt>
      <trkpt lat="46.04144" lon="6.96487">
        <ele>1844</ele>
        <extensions>
          <distance>49571</distance>
        </extensions>
      </trkpt>
      <trkpt lat="46.04126" lon="6.96477">
        <ele>1847</ele>
        <extensions>
          <distance>49592</distance>
        </extensions>
      </trkpt>
      <trkpt lat="46.04126" lon="6.9648">
        <ele>1848</ele>
        <extensions>
          <distance>49595</distance>
        </extensions>
      </trkpt>
      <trkpt lat="46.04138" lon="6.96507">
        <ele>1852</ele>
        <extensions>
          <distance>49620</distance>
        </extensions>
      </trkpt>
      <trkpt lat="46.04118" lon="6.96489">
        <ele>1853</ele>
        <extensions>
          <distance>49646</distance>
        </extensions>
      </trkpt>
      <trkpt lat="46.04103" lon="6.96473">
        <ele>1856</ele>
        <extensions>
          <distance>49667</distance>
        </extensions>
      </trkpt>
      <trkpt lat="46.04101" lon="6.96477">
        <ele>1856</ele>
        <extensions>
          <distance>49671</distance>
        </extensions>
      </trkpt>
      <trkpt lat="46.04105" lon="6.96491">
        <ele>1858</ele>
        <extensions>
          <distance>49683</distance>
        </extensions>
      </trkpt>
      <trkpt lat="46.04104" lon="6.96492">
        <ele>1860</ele>
        <extensions>
          <distance>49684</distance>
        </extensions>
      </trkpt>
      <trkpt lat="46.04092" lon="6.96483">
        <ele>1861</ele>
        <extensions>
          <distance>49699</distance>
        </extensions>
      </trkpt>
      <trkpt lat="46.0409" lon="6.96483">
        <ele>1862</ele>
        <extensions>
          <distance>49702</distance>
        </extensions>
      </trkpt>
      <trkpt lat="46.04096" lon="6.9650099999999995">
        <ele>1863</ele>
        <extensions>
          <distance>49717</distance>
        </extensions>
      </trkpt>
      <trkpt lat="46.04102" lon="6.96519">
        <ele>1867</ele>
        <extensions>
          <distance>49733</distance>
        </extensions>
      </trkpt>
      <trkpt lat="46.04106" lon="6.96536">
        <ele>1871</ele>
        <extensions>
          <distance>49748</distance>
        </extensions>
      </trkpt>
      <trkpt lat="46.04112" lon="6.96548">
        <ele>1873</ele>
        <extensions>
          <distance>49759</distance>
        </extensions>
      </trkpt>
      <trkpt lat="46.04111" lon="6.96549">
        <ele>1873</ele>
        <extensions>
          <distance>49760</distance>
        </extensions>
      </trkpt>
      <trkpt lat="46.04098" lon="6.96543">
        <ele>1873</ele>
        <extensions>
          <distance>49776</distance>
        </extensions>
      </trkpt>
      <trkpt lat="46.04083" lon="6.96528">
        <ele>1875</ele>
        <extensions>
          <distance>49796</distance>
        </extensions>
      </trkpt>
      <trkpt lat="46.04074" lon="6.96527">
        <ele>1876</ele>
        <extensions>
          <distance>49806</distance>
        </extensions>
      </trkpt>
      <trkpt lat="46.04065" lon="6.9653">
        <ele>1877</ele>
        <extensions>
          <distance>49816</distance>
        </extensions>
      </trkpt>
      <trkpt lat="46.04049" lon="6.96526">
        <ele>1877</ele>
        <extensions>
          <distance>49834</distance>
        </extensions>
      </trkpt>
      <trkpt lat="46.04037" lon="6.9653">
        <ele>1879</ele>
        <extensions>
          <distance>49848</distance>
        </extensions>
      </trkpt>
      <trkpt lat="46.04026" lon="6.96539">
        <ele>1881</ele>
        <extensions>
          <distance>49862</distance>
        </extensions>
      </trkpt>
      <trkpt lat="46.04019" lon="6.96554">
        <ele>1883</ele>
        <extensions>
          <distance>49877</distance>
        </extensions>
      </trkpt>
      <trkpt lat="46.04016" lon="6.9657350000000005">
        <ele>1886</ele>
        <extensions>
          <distance>49892</distance>
        </extensions>
      </trkpt>
      <trkpt lat="46.04013" lon="6.96593">
        <ele>1889</ele>
        <extensions>
          <distance>49908</distance>
        </extensions>
      </trkpt>
      <trkpt lat="46.04009" lon="6.96603">
        <ele>1892</ele>
        <extensions>
          <distance>49918</distance>
        </extensions>
      </trkpt>
      <trkpt lat="46.0401" lon="6.96629">
        <ele>1898</ele>
        <extensions>
          <distance>49939</distance>
        </extensions>
      </trkpt>
      <trkpt lat="46.04017" lon="6.96644">
        <ele>1902</ele>
        <extensions>
          <distance>49953</distance>
        </extensions>
      </trkpt>
      <trkpt lat="46.04032" lon="6.96659">
        <ele>1908</ele>
        <extensions>
          <distance>49974</distance>
        </extensions>
      </trkpt>
      <trkpt lat="46.04046" lon="6.96676">
        <ele>1915</ele>
        <extensions>
          <distance>49996</distance>
        </extensions>
      </trkpt>
      <trkpt lat="46.04046" lon="6.96681">
        <ele>1917</ele>
        <extensions>
          <distance>50000</distance>
        </extensions>
      </trkpt>
      <trkpt lat="46.04028" lon="6.96701">
        <ele>1925</ele>
        <extensions>
          <distance>50027</distance>
        </extensions>
      </trkpt>
      <trkpt lat="46.04017" lon="6.96708">
        <ele>1927</ele>
        <extensions>
          <distance>50040</distance>
        </extensions>
      </trkpt>
      <trkpt lat="46.04005" lon="6.96711">
        <ele>1929</ele>
        <extensions>
          <distance>50054</distance>
        </extensions>
      </trkpt>
      <trkpt lat="46.03999" lon="6.96715">
        <ele>1932</ele>
        <extensions>
          <distance>50062</distance>
        </extensions>
      </trkpt>
      <trkpt lat="46.0399" lon="6.96714">
        <ele>1932</ele>
        <extensions>
          <distance>50072</distance>
        </extensions>
      </trkpt>
      <trkpt lat="46.03983" lon="6.96709">
        <ele>1934</ele>
        <extensions>
          <distance>50081</distance>
        </extensions>
      </trkpt>
      <trkpt lat="46.039665" lon="6.96704">
        <ele>1936</ele>
        <extensions>
          <distance>50100</distance>
        </extensions>
      </trkpt>
      <trkpt lat="46.0395" lon="6.96699">
        <ele>1939</ele>
        <extensions>
          <distance>50119</distance>
        </extensions>
      </trkpt>
      <trkpt lat="46.03939" lon="6.96698">
        <ele>1944</ele>
        <extensions>
          <distance>50132</distance>
        </extensions>
      </trkpt>
      <trkpt lat="46.03938" lon="6.967">
        <ele>1944</ele>
        <extensions>
          <distance>50134</distance>
        </extensions>
      </trkpt>
      <trkpt lat="46.0395" lon="6.96712">
        <ele>1944</ele>
        <extensions>
          <distance>50150</distance>
        </extensions>
      </trkpt>
      <trkpt lat="46.03965" lon="6.96735">
        <ele>1950</ele>
        <extensions>
          <distance>50175</distance>
        </extensions>
      </trkpt>
      <trkpt lat="46.03972" lon="6.9674">
        <ele>1950</ele>
        <extensions>
          <distance>50183</distance>
        </extensions>
      </trkpt>
      <trkpt lat="46.039865000000006" lon="6.967615">
        <ele>1956</ele>
        <extensions>
          <distance>50207</distance>
        </extensions>
      </trkpt>
      <trkpt lat="46.04001" lon="6.96783">
        <ele>1963</ele>
        <extensions>
          <distance>50231</distance>
        </extensions>
      </trkpt>
      <trkpt lat="46.03998" lon="6.96785">
        <ele>1963</ele>
        <extensions>
          <distance>50235</distance>
        </extensions>
      </trkpt>
      <trkpt lat="46.03985" lon="6.9678">
        <ele>1963</ele>
        <extensions>
          <distance>50250</distance>
        </extensions>
      </trkpt>
      <trkpt lat="46.03966" lon="6.96767">
        <ele>1963</ele>
        <extensions>
          <distance>50273</distance>
        </extensions>
      </trkpt>
      <trkpt lat="46.03949" lon="6.9676">
        <ele>1964</ele>
        <extensions>
          <distance>50293</distance>
        </extensions>
      </trkpt>
      <trkpt lat="46.0394" lon="6.96758">
        <ele>1964</ele>
        <extensions>
          <distance>50303</distance>
        </extensions>
      </trkpt>
      <trkpt lat="46.0393" lon="6.96749">
        <ele>1965</ele>
        <extensions>
          <distance>50316</distance>
        </extensions>
      </trkpt>
      <trkpt lat="46.03925" lon="6.96749">
        <ele>1965</ele>
        <extensions>
          <distance>50322</distance>
        </extensions>
      </trkpt>
      <trkpt lat="46.03922" lon="6.96753">
        <ele>1968</ele>
        <extensions>
          <distance>50327</distance>
        </extensions>
      </trkpt>
      <trkpt lat="46.03923" lon="6.96759">
        <ele>1970</ele>
        <extensions>
          <distance>50331</distance>
        </extensions>
      </trkpt>
      <trkpt lat="46.0393" lon="6.96768">
        <ele>1970</ele>
        <extensions>
          <distance>50342</distance>
        </extensions>
      </trkpt>
      <trkpt lat="46.03932" lon="6.96779">
        <ele>1975</ele>
        <extensions>
          <distance>50352</distance>
        </extensions>
      </trkpt>
      <trkpt lat="46.03937" lon="6.9679">
        <ele>1977</ele>
        <extensions>
          <distance>50362</distance>
        </extensions>
      </trkpt>
      <trkpt lat="46.03936" lon="6.96803">
        <ele>1982</ele>
        <extensions>
          <distance>50373</distance>
        </extensions>
      </trkpt>
      <trkpt lat="46.03946" lon="6.96824">
        <ele>1988</ele>
        <extensions>
          <distance>50394</distance>
        </extensions>
      </trkpt>
      <trkpt lat="46.0396" lon="6.96838">
        <ele>1992</ele>
        <extensions>
          <distance>50413</distance>
        </extensions>
      </trkpt>
      <trkpt lat="46.03974" lon="6.96852">
        <ele>1994</ele>
        <extensions>
          <distance>50432</distance>
        </extensions>
      </trkpt>
      <trkpt lat="46.03979" lon="6.96862">
        <ele>1996</ele>
        <extensions>
          <distance>50442</distance>
        </extensions>
      </trkpt>
      <trkpt lat="46.03981" lon="6.96876">
        <ele>1999</ele>
        <extensions>
          <distance>50453</distance>
        </extensions>
      </trkpt>
      <trkpt lat="46.03978" lon="6.9691">
        <ele>2007</ele>
        <extensions>
          <distance>50481</distance>
        </extensions>
      </trkpt>
      <trkpt lat="46.03976" lon="6.96912">
        <ele>2008</ele>
        <extensions>
          <distance>50484</distance>
        </extensions>
      </trkpt>
      <trkpt lat="46.03969" lon="6.9691">
        <ele>2008</ele>
        <extensions>
          <distance>50492</distance>
        </extensions>
      </trkpt>
      <trkpt lat="46.0396" lon="6.96914">
        <ele>2008</ele>
        <extensions>
          <distance>50502</distance>
        </extensions>
      </trkpt>
      <trkpt lat="46.03942" lon="6.96941">
        <ele>2008</ele>
        <extensions>
          <distance>50531</distance>
        </extensions>
      </trkpt>
      <trkpt lat="46.03938" lon="6.96942">
        <ele>2008</ele>
        <extensions>
          <distance>50535</distance>
        </extensions>
      </trkpt>
      <trkpt lat="46.03922" lon="6.96938">
        <ele>2009</ele>
        <extensions>
          <distance>50554</distance>
        </extensions>
      </trkpt>
      <trkpt lat="46.03914" lon="6.96941">
        <ele>2010</ele>
        <extensions>
          <distance>50563</distance>
        </extensions>
      </trkpt>
      <trkpt lat="46.039095" lon="6.96964">
        <ele>2010</ele>
        <extensions>
          <distance>50581</distance>
        </extensions>
      </trkpt>
      <trkpt lat="46.03905" lon="6.96987">
        <ele>2010</ele>
        <extensions>
          <distance>50600</distance>
        </extensions>
      </trkpt>
      <trkpt lat="46.03905" lon="6.97011">
        <ele>2015</ele>
        <extensions>
          <distance>50619</distance>
        </extensions>
      </trkpt>
      <trkpt lat="46.038995" lon="6.970295">
        <ele>2019</ele>
        <extensions>
          <distance>50635</distance>
        </extensions>
      </trkpt>
      <trkpt lat="46.03894" lon="6.97048">
        <ele>2023</ele>
        <extensions>
          <distance>50651</distance>
        </extensions>
      </trkpt>
      <trkpt lat="46.03896" lon="6.9705">
        <ele>2024</ele>
        <extensions>
          <distance>50653</distance>
        </extensions>
      </trkpt>
      <trkpt lat="46.03901" lon="6.9705">
        <ele>2024</ele>
        <extensions>
          <distance>50659</distance>
        </extensions>
      </trkpt>
      <trkpt lat="46.03924" lon="6.97058">
        <ele>2028</ele>
        <extensions>
          <distance>50686</distance>
        </extensions>
      </trkpt>
      <trkpt lat="46.03946" lon="6.97061">
        <ele>2032</ele>
        <extensions>
          <distance>50711</distance>
        </extensions>
      </trkpt>
      <trkpt lat="46.03966" lon="6.97057">
        <ele>2036</ele>
        <extensions>
          <distance>50733</distance>
        </extensions>
      </trkpt>
      <trkpt lat="46.03981" lon="6.97048">
        <ele>2036</ele>
        <extensions>
          <distance>50751</distance>
        </extensions>
      </trkpt>
      <trkpt lat="46.03996" lon="6.97039">
        <ele>2036</ele>
        <extensions>
          <distance>50769</distance>
        </extensions>
      </trkpt>
      <trkpt lat="46.03999" lon="6.97035">
        <ele>2036</ele>
        <extensions>
          <distance>50774</distance>
        </extensions>
      </trkpt>
      <trkpt lat="46.04015" lon="6.97029">
        <ele>2039</ele>
        <extensions>
          <distance>50792</distance>
        </extensions>
      </trkpt>
      <trkpt lat="46.04035" lon="6.97035">
        <ele>2044</ele>
        <extensions>
          <distance>50816</distance>
        </extensions>
      </trkpt>
      <trkpt lat="46.04037" lon="6.97037">
        <ele>2046</ele>
        <extensions>
          <distance>50818</distance>
        </extensions>
      </trkpt>
      <trkpt lat="46.04053" lon="6.97043">
        <ele>2050</ele>
        <extensions>
          <distance>50838</distance>
        </extensions>
      </trkpt>
      <trkpt lat="46.04057" lon="6.97049">
        <ele>2052</ele>
        <extensions>
          <distance>50844</distance>
        </extensions>
      </trkpt>
      <trkpt lat="46.04057" lon="6.97062">
        <ele>2054</ele>
        <extensions>
          <distance>50855</distance>
        </extensions>
      </trkpt>
      <trkpt lat="46.04054" lon="6.9708">
        <ele>2057</ele>
        <extensions>
          <distance>50869</distance>
        </extensions>
      </trkpt>
      <trkpt lat="46.04056" lon="6.97086">
        <ele>2057</ele>
        <extensions>
          <distance>50874</distance>
        </extensions>
      </trkpt>
      <trkpt lat="46.04065" lon="6.97097">
        <ele>2061</ele>
        <extensions>
          <distance>50888</distance>
        </extensions>
      </trkpt>
      <trkpt lat="46.040765" lon="6.971075000000001">
        <ele>2064</ele>
        <extensions>
          <distance>50903</distance>
        </extensions>
      </trkpt>
      <trkpt lat="46.04088" lon="6.97118">
        <ele>2065</ele>
        <extensions>
          <distance>50919</distance>
        </extensions>
      </trkpt>
      <trkpt lat="46.04093" lon="6.97125">
        <ele>2065</ele>
        <extensions>
          <distance>50926</distance>
        </extensions>
      </trkpt>
      <trkpt lat="46.04101" lon="6.97143">
        <ele>2069</ele>
        <extensions>
          <distance>50943</distance>
        </extensions>
      </trkpt>
      <trkpt lat="46.04085" lon="6.971439999999999">
        <ele>2071</ele>
        <extensions>
          <distance>50961</distance>
        </extensions>
      </trkpt>
      <trkpt lat="46.04069" lon="6.97145">
        <ele>2071</ele>
        <extensions>
          <distance>50979</distance>
        </extensions>
      </trkpt>
      <trkpt lat="46.04059" lon="6.97141">
        <ele>2071</ele>
        <extensions>
          <distance>50990</distance>
        </extensions>
      </trkpt>
      <trkpt lat="46.04055" lon="6.97141">
        <ele>2071</ele>
        <extensions>
          <distance>50995</distance>
        </extensions>
      </trkpt>
      <trkpt lat="46.040415" lon="6.971465">
        <ele>2071</ele>
        <extensions>
          <distance>51010</distance>
        </extensions>
      </trkpt>
      <trkpt lat="46.04028" lon="6.97152">
        <ele>2074</ele>
        <extensions>
          <distance>51026</distance>
        </extensions>
      </trkpt>
      <trkpt lat="46.04016" lon="6.97161">
        <ele>2075</ele>
        <extensions>
          <distance>51041</distance>
        </extensions>
      </trkpt>
      <trkpt lat="46.04003" lon="6.97176">
        <ele>2080</ele>
        <extensions>
          <distance>51060</distance>
        </extensions>
      </trkpt>
      <trkpt lat="46.03983" lon="6.97192">
        <ele>2087</ele>
        <extensions>
          <distance>51087</distance>
        </extensions>
      </trkpt>
      <trkpt lat="46.03977" lon="6.97204">
        <ele>2093</ele>
        <extensions>
          <distance>51100</distance>
        </extensions>
      </trkpt>
      <trkpt lat="46.03968" lon="6.9721">
        <ele>2095</ele>
        <extensions>
          <distance>51111</distance>
        </extensions>
      </trkpt>
      <trkpt lat="46.0396" lon="6.97221">
        <ele>2100</ele>
        <extensions>
          <distance>51124</distance>
        </extensions>
      </trkpt>
      <trkpt lat="46.03954" lon="6.97226">
        <ele>2102</ele>
        <extensions>
          <distance>51132</distance>
        </extensions>
      </trkpt>
      <trkpt lat="46.0394" lon="6.97243">
        <ele>2110</ele>
        <extensions>
          <distance>51154</distance>
        </extensions>
      </trkpt>
      <trkpt lat="46.03924" lon="6.97266">
        <ele>2118</ele>
        <extensions>
          <distance>51180</distance>
        </extensions>
      </trkpt>
      <trkpt lat="46.03906" lon="6.97286">
        <ele>2131</ele>
        <extensions>
          <distance>51209</distance>
        </extensions>
      </trkpt>
      <trkpt lat="46.03898" lon="6.97299">
        <ele>2136</ele>
        <extensions>
          <distance>51223</distance>
        </extensions>
      </trkpt>
      <trkpt lat="46.038845" lon="6.973145000000001">
        <ele>2145</ele>
        <extensions>
          <distance>51244</distance>
        </extensions>
      </trkpt>
      <trkpt lat="46.03871" lon="6.9733">
        <ele>2148</ele>
        <extensions>
          <distance>51264</distance>
        </extensions>
      </trkpt>
      <trkpt lat="46.038585" lon="6.973385">
        <ele>2148</ele>
        <extensions>
          <distance>51279</distance>
        </extensions>
      </trkpt>
      <trkpt lat="46.03846" lon="6.97347">
        <ele>2153</ele>
        <extensions>
          <distance>51295</distance>
        </extensions>
      </trkpt>
      <trkpt lat="46.03826" lon="6.97357">
        <ele>2155</ele>
        <extensions>
          <distance>51318</distance>
        </extensions>
      </trkpt>
      <trkpt lat="46.0382" lon="6.97366">
        <ele>2161</ele>
        <extensions>
          <distance>51329</distance>
        </extensions>
      </trkpt>
      <trkpt lat="46.03816" lon="6.97369">
        <ele>2161</ele>
        <extensions>
          <distance>51334</distance>
        </extensions>
      </trkpt>
      <trkpt lat="46.03806" lon="6.97371">
        <ele>2161</ele>
        <extensions>
          <distance>51345</distance>
        </extensions>
      </trkpt>
      <trkpt lat="46.0379" lon="6.9737">
        <ele>2161</ele>
        <extensions>
          <distance>51363</distance>
        </extensions>
      </trkpt>
      <trkpt lat="46.03784" lon="6.97366">
        <ele>2161</ele>
        <extensions>
          <distance>51370</distance>
        </extensions>
      </trkpt>
      <trkpt lat="46.03779" lon="6.97365">
        <ele>2162</ele>
        <extensions>
          <distance>51376</distance>
        </extensions>
      </trkpt>
      <trkpt lat="46.0376" lon="6.97365">
        <ele>2162</ele>
        <extensions>
          <distance>51397</distance>
        </extensions>
      </trkpt>
      <trkpt lat="46.03755" lon="6.97361">
        <ele>2162</ele>
        <extensions>
          <distance>51403</distance>
        </extensions>
      </trkpt>
      <trkpt lat="46.03748" lon="6.97362">
        <ele>2162</ele>
        <extensions>
          <distance>51411</distance>
        </extensions>
      </trkpt>
      <trkpt lat="46.03736" lon="6.9736">
        <ele>2163</ele>
        <extensions>
          <distance>51425</distance>
        </extensions>
      </trkpt>
      <trkpt lat="46.03723" lon="6.973535">
        <ele>2163</ele>
        <extensions>
          <distance>51440</distance>
        </extensions>
      </trkpt>
      <trkpt lat="46.0371" lon="6.97347">
        <ele>2164</ele>
        <extensions>
          <distance>51455</distance>
        </extensions>
      </trkpt>
      <trkpt lat="46.03705" lon="6.97348">
        <ele>2164</ele>
        <extensions>
          <distance>51461</distance>
        </extensions>
      </trkpt>
      <trkpt lat="46.03688" lon="6.97339">
        <ele>2165</ele>
        <extensions>
          <distance>51481</distance>
        </extensions>
      </trkpt>
      <trkpt lat="46.03679" lon="6.97344">
        <ele>2170</ele>
        <extensions>
          <distance>51492</distance>
        </extensions>
      </trkpt>
      <trkpt lat="46.03657" lon="6.97348">
        <ele>2178</ele>
        <extensions>
          <distance>51518</distance>
        </extensions>
      </trkpt>
      <trkpt lat="46.03638" lon="6.97344">
        <ele>2180</ele>
        <extensions>
          <distance>51539</distance>
        </extensions>
      </trkpt>
      <trkpt lat="46.03627" lon="6.9734">
        <ele>2184</ele>
        <extensions>
          <distance>51553</distance>
        </extensions>
      </trkpt>
      <trkpt lat="46.03603" lon="6.9734">
        <ele>2190</ele>
        <extensions>
          <distance>51580</distance>
        </extensions>
      </trkpt>
      <trkpt lat="46.03583" lon="6.97335">
        <ele>2195</ele>
        <extensions>
          <distance>51603</distance>
        </extensions>
      </trkpt>
      <trkpt lat="46.03573" lon="6.97336">
        <ele>2198</ele>
        <extensions>
          <distance>51615</distance>
        </extensions>
      </trkpt>
      <trkpt lat="46.03551" lon="6.97325">
        <ele>2206</ele>
        <extensions>
          <distance>51642</distance>
        </extensions>
      </trkpt>
      <trkpt lat="46.03545" lon="6.97335">
        <ele>2212</ele>
        <extensions>
          <distance>51654</distance>
        </extensions>
      </trkpt>
      <trkpt lat="46.03532" lon="6.97335">
        <ele>2218</ele>
        <extensions>
          <distance>51669</distance>
        </extensions>
      </trkpt>
      <trkpt lat="46.03529" lon="6.97332">
        <ele>2218</ele>
        <extensions>
          <distance>51673</distance>
        </extensions>
      </trkpt>
      <trkpt lat="46.03512" lon="6.97325">
        <ele>2224</ele>
        <extensions>
          <distance>51694</distance>
        </extensions>
      </trkpt>
      <trkpt lat="46.03504" lon="6.97311">
        <ele>2224</ele>
        <extensions>
          <distance>51708</distance>
        </extensions>
      </trkpt>
      <trkpt lat="46.03496" lon="6.9731">
        <ele>2229</ele>
        <extensions>
          <distance>51717</distance>
        </extensions>
      </trkpt>
      <trkpt lat="46.03493" lon="6.97306">
        <ele>2230</ele>
        <extensions>
          <distance>51722</distance>
        </extensions>
      </trkpt>
      <trkpt lat="46.03488" lon="6.97293">
        <ele>2231</ele>
        <extensions>
          <distance>51733</distance>
        </extensions>
      </trkpt>
      <trkpt lat="46.03481" lon="6.97284">
        <ele>2232</ele>
        <extensions>
          <distance>51744</distance>
        </extensions>
      </trkpt>
      <trkpt lat="46.03471" lon="6.97273">
        <ele>2236</ele>
        <extensions>
          <distance>51758</distance>
        </extensions>
      </trkpt>
      <trkpt lat="46.03464" lon="6.97269">
        <ele>2240</ele>
        <extensions>
          <distance>51768</distance>
        </extensions>
      </trkpt>
      <trkpt lat="46.03444" lon="6.97245">
        <ele>2247</ele>
        <extensions>
          <distance>51797</distance>
        </extensions>
      </trkpt>
      <trkpt lat="46.03428" lon="6.97232">
        <ele>2257</ele>
        <extensions>
          <distance>51820</distance>
        </extensions>
      </trkpt>
      <trkpt lat="46.03423" lon="6.97231">
        <ele>2261</ele>
        <extensions>
          <distance>51827</distance>
        </extensions>
      </trkpt>
      <trkpt lat="46.03418" lon="6.97235">
        <ele>2261</ele>
        <extensions>
          <distance>51833</distance>
        </extensions>
      </trkpt>
      <trkpt lat="46.03396" lon="6.97245">
        <ele>2263</ele>
        <extensions>
          <distance>51859</distance>
        </extensions>
      </trkpt>
      <trkpt lat="46.0338" lon="6.97242">
        <ele>2263</ele>
        <extensions>
          <distance>51877</distance>
        </extensions>
      </trkpt>
      <trkpt lat="46.0337" lon="6.97231">
        <ele>2264</ele>
        <extensions>
          <distance>51891</distance>
        </extensions>
      </trkpt>
      <trkpt lat="46.03353" lon="6.97221">
        <ele>2264</ele>
        <extensions>
          <distance>51912</distance>
        </extensions>
      </trkpt>
      <trkpt lat="46.03349" lon="6.97204">
        <ele>2264</ele>
        <extensions>
          <distance>51925</distance>
        </extensions>
      </trkpt>
      <trkpt lat="46.03339" lon="6.97183">
        <ele>2266</ele>
        <extensions>
          <distance>51945</distance>
        </extensions>
      </trkpt>
      <trkpt lat="46.03337" lon="6.97166">
        <ele>2268</ele>
        <extensions>
          <distance>51959</distance>
        </extensions>
      </trkpt>
      <trkpt lat="46.03332" lon="6.97165">
        <ele>2268</ele>
        <extensions>
          <distance>51964</distance>
        </extensions>
      </trkpt>
      <trkpt lat="46.03321" lon="6.9715">
        <ele>2268</ele>
        <extensions>
          <distance>51981</distance>
        </extensions>
      </trkpt>
      <trkpt lat="46.03318" lon="6.97129">
        <ele>2270</ele>
        <extensions>
          <distance>51998</distance>
        </extensions>
      </trkpt>
      <trkpt lat="46.03312" lon="6.9711">
        <ele>2273</ele>
        <extensions>
          <distance>52014</distance>
        </extensions>
      </trkpt>
      <trkpt lat="46.03311" lon="6.97086">
        <ele>2277</ele>
        <extensions>
          <distance>52033</distance>
        </extensions>
      </trkpt>
      <trkpt lat="46.03312" lon="6.97074">
        <ele>2279</ele>
        <extensions>
          <distance>52042</distance>
        </extensions>
      </trkpt>
      <trkpt lat="46.03317" lon="6.97057">
        <ele>2283</ele>
        <extensions>
          <distance>52057</distance>
        </extensions>
      </trkpt>
      <trkpt lat="46.03317" lon="6.97033">
        <ele>2288</ele>
        <extensions>
          <distance>52077</distance>
        </extensions>
      </trkpt>
      <trkpt lat="46.0332" lon="6.97028">
        <ele>2290</ele>
        <extensions>
          <distance>52082</distance>
        </extensions>
      </trkpt>
      <trkpt lat="46.03326" lon="6.97024">
        <ele>2292</ele>
        <extensions>
          <distance>52090</distance>
        </extensions>
      </trkpt>
      <trkpt lat="46.03343" lon="6.97029">
        <ele>2292</ele>
        <extensions>
          <distance>52109</distance>
        </extensions>
      </trkpt>
      <trkpt lat="46.03351" lon="6.97029">
        <ele>2292</ele>
        <extensions>
          <distance>52118</distance>
        </extensions>
      </trkpt>
      <trkpt lat="46.03355" lon="6.97033">
        <ele>2293</ele>
        <extensions>
          <distance>52123</distance>
        </extensions>
      </trkpt>
      <trkpt lat="46.03371" lon="6.9704">
        <ele>2294</ele>
        <extensions>
          <distance>52142</distance>
        </extensions>
      </trkpt>
      <trkpt lat="46.03377" lon="6.97039">
        <ele>2294</ele>
        <extensions>
          <distance>52149</distance>
        </extensions>
      </trkpt>
      <trkpt lat="46.03371" lon="6.97028">
        <ele>2294</ele>
        <extensions>
          <distance>52159</distance>
        </extensions>
      </trkpt>
      <trkpt lat="46.0337" lon="6.97022">
        <ele>2296</ele>
        <extensions>
          <distance>52164</distance>
        </extensions>
      </trkpt>
      <trkpt lat="46.03373" lon="6.97018">
        <ele>2296</ele>
        <extensions>
          <distance>52169</distance>
        </extensions>
      </trkpt>
      <trkpt lat="46.03373" lon="6.97013">
        <ele>2296</ele>
        <extensions>
          <distance>52173</distance>
        </extensions>
      </trkpt>
      <trkpt lat="46.03386" lon="6.9701">
        <ele>2297</ele>
        <extensions>
          <distance>52187</distance>
        </extensions>
      </trkpt>
      <trkpt lat="46.0339" lon="6.97004">
        <ele>2297</ele>
        <extensions>
          <distance>52194</distance>
        </extensions>
      </trkpt>
      <trkpt lat="46.03391" lon="6.96994">
        <ele>2298</ele>
        <extensions>
          <distance>52202</distance>
        </extensions>
      </trkpt>
      <trkpt lat="46.0339" lon="6.9699">
        <ele>2299</ele>
        <extensions>
          <distance>52205</distance>
        </extensions>
      </trkpt>
      <trkpt lat="46.03385" lon="6.96986">
        <ele>2300</ele>
        <extensions>
          <distance>52211</distance>
        </extensions>
      </trkpt>
      <trkpt lat="46.03371" lon="6.96964">
        <ele>2301</ele>
        <extensions>
          <distance>52235</distance>
        </extensions>
      </trkpt>
      <trkpt lat="46.03357" lon="6.96942">
        <ele>2301</ele>
        <extensions>
          <distance>52258</distance>
        </extensions>
      </trkpt>
      <trkpt lat="46.0334" lon="6.96933">
        <ele>2301</ele>
        <extensions>
          <distance>52278</distance>
        </extensions>
      </trkpt>
      <trkpt lat="46.033255" lon="6.9692050000000005">
        <ele>2301</ele>
        <extensions>
          <distance>52297</distance>
        </extensions>
      </trkpt>
      <trkpt lat="46.03311" lon="6.96908">
        <ele>2299</ele>
        <extensions>
          <distance>52315</distance>
        </extensions>
      </trkpt>
      <trkpt lat="46.03292" lon="6.96899">
        <ele>2293</ele>
        <extensions>
          <distance>52338</distance>
        </extensions>
      </trkpt>
      <trkpt lat="46.03277" lon="6.96874">
        <ele>2287</ele>
        <extensions>
          <distance>52364</distance>
        </extensions>
      </trkpt>
      <trkpt lat="46.03263" lon="6.96865">
        <ele>2285</ele>
        <extensions>
          <distance>52381</distance>
        </extensions>
      </trkpt>
      <trkpt lat="46.03251" lon="6.968425">
        <ele>2283</ele>
        <extensions>
          <distance>52403</distance>
        </extensions>
      </trkpt>
      <trkpt lat="46.03239" lon="6.9682">
        <ele>2283</ele>
        <extensions>
          <distance>52425</distance>
        </extensions>
      </trkpt>
      <trkpt lat="46.032250000000005" lon="6.96799">
        <ele>2283</ele>
        <extensions>
          <distance>52448</distance>
        </extensions>
      </trkpt>
      <trkpt lat="46.03211" lon="6.96778">
        <ele>2283</ele>
        <extensions>
          <distance>52470</distance>
        </extensions>
      </trkpt>
      <trkpt lat="46.031985000000006" lon="6.9676425">
        <ele>2286</ele>
        <extensions>
          <distance>52488</distance>
        </extensions>
      </trkpt>
      <trkpt lat="46.03186" lon="6.967505">
        <ele>2289</ele>
        <extensions>
          <distance>52505</distance>
        </extensions>
      </trkpt>
      <trkpt lat="46.031735" lon="6.9673675">
        <ele>2294</ele>
        <extensions>
          <distance>52524</distance>
        </extensions>
      </trkpt>
      <trkpt lat="46.03161" lon="6.96723">
        <ele>2298</ele>
        <extensions>
          <distance>52542</distance>
        </extensions>
      </trkpt>
      <trkpt lat="46.03147" lon="6.967">
        <ele>2306</ele>
        <extensions>
          <distance>52567</distance>
        </extensions>
      </trkpt>
      <trkpt lat="46.031395" lon="6.966835">
        <ele>2308</ele>
        <extensions>
          <distance>52582</distance>
        </extensions>
      </trkpt>
      <trkpt lat="46.03132" lon="6.96667">
        <ele>2311</ele>
        <extensions>
          <distance>52597</distance>
        </extensions>
      </trkpt>
      <trkpt lat="46.03117" lon="6.96649">
        <ele>2311</ele>
        <extensions>
          <distance>52619</distance>
        </extensions>
      </trkpt>
      <trkpt lat="46.03115" lon="6.96636">
        <ele>2311</ele>
        <extensions>
          <distance>52629</distance>
        </extensions>
      </trkpt>
      <trkpt lat="46.03119" lon="6.96613">
        <ele>2311</ele>
        <extensions>
          <distance>52648</distance>
        </extensions>
      </trkpt>
      <trkpt lat="46.03114" lon="6.96584">
        <ele>2307</ele>
        <extensions>
          <distance>52671</distance>
        </extensions>
      </trkpt>
      <trkpt lat="46.031040000000004" lon="6.96558">
        <ele>2303</ele>
        <extensions>
          <distance>52694</distance>
        </extensions>
      </trkpt>
      <trkpt lat="46.03094" lon="6.96532">
        <ele>2297</ele>
        <extensions>
          <distance>52718</distance>
        </extensions>
      </trkpt>
      <trkpt lat="46.0309" lon="6.9650775">
        <ele>2294</ele>
        <extensions>
          <distance>52738</distance>
        </extensions>
      </trkpt>
      <trkpt lat="46.030860000000004" lon="6.964835">
        <ele>2290</ele>
        <extensions>
          <distance>52757</distance>
        </extensions>
      </trkpt>
      <trkpt lat="46.030820000000006" lon="6.9645925">
        <ele>2287</ele>
        <extensions>
          <distance>52777</distance>
        </extensions>
      </trkpt>
      <trkpt lat="46.03078" lon="6.96435">
        <ele>2285</ele>
        <extensions>
          <distance>52796</distance>
        </extensions>
      </trkpt>
      <trkpt lat="46.030715" lon="6.964095">
        <ele>2283</ele>
        <extensions>
          <distance>52817</distance>
        </extensions>
      </trkpt>
      <trkpt lat="46.03065" lon="6.96384">
        <ele>2281</ele>
        <extensions>
          <distance>52838</distance>
        </extensions>
      </trkpt>
      <trkpt lat="46.03058" lon="6.96363">
        <ele>2276</ele>
        <extensions>
          <distance>52857</distance>
        </extensions>
      </trkpt>
      <trkpt lat="46.0305" lon="6.96348">
        <ele>2272</ele>
        <extensions>
          <distance>52872</distance>
        </extensions>
      </trkpt>
      <trkpt lat="46.030495" lon="6.963265">
        <ele>2269</ele>
        <extensions>
          <distance>52889</distance>
        </extensions>
      </trkpt>
      <trkpt lat="46.03049" lon="6.96305">
        <ele>2266</ele>
        <extensions>
          <distance>52906</distance>
        </extensions>
      </trkpt>
      <trkpt lat="46.03062" lon="6.96295">
        <ele>2263</ele>
        <extensions>
          <distance>52923</distance>
        </extensions>
      </trkpt>
      <trkpt lat="46.03061" lon="6.96282">
        <ele>2261</ele>
        <extensions>
          <distance>52933</distance>
        </extensions>
      </trkpt>
      <trkpt lat="46.0307" lon="6.96271">
        <ele>2256</ele>
        <extensions>
          <distance>52947</distance>
        </extensions>
      </trkpt>
      <trkpt lat="46.03064" lon="6.96263">
        <ele>2255</ele>
        <extensions>
          <distance>52956</distance>
        </extensions>
      </trkpt>
      <trkpt lat="46.03054" lon="6.96245">
        <ele>2254</ele>
        <extensions>
          <distance>52974</distance>
        </extensions>
      </trkpt>
      <trkpt lat="46.0304" lon="6.9625">
        <ele>2252</ele>
        <extensions>
          <distance>52990</distance>
        </extensions>
      </trkpt>
      <trkpt lat="46.03027" lon="6.96241">
        <ele>2250</ele>
        <extensions>
          <distance>53006</distance>
        </extensions>
      </trkpt>
      <trkpt lat="46.030115" lon="6.962265">
        <ele>2247</ele>
        <extensions>
          <distance>53027</distance>
        </extensions>
      </trkpt>
      <trkpt lat="46.02996" lon="6.96212">
        <ele>2243</ele>
        <extensions>
          <distance>53048</distance>
        </extensions>
      </trkpt>
      <trkpt lat="46.029830000000004" lon="6.9619599999999995">
        <ele>2239</ele>
        <extensions>
          <distance>53068</distance>
        </extensions>
      </trkpt>
      <trkpt lat="46.0297" lon="6.9618">
        <ele>2236</ele>
        <extensions>
          <distance>53087</distance>
        </extensions>
      </trkpt>
      <trkpt lat="46.029669999999996" lon="6.961600000000001">
        <ele>2235</ele>
        <extensions>
          <distance>53103</distance>
        </extensions>
      </trkpt>
      <trkpt lat="46.02964" lon="6.9614">
        <ele>2234</ele>
        <extensions>
          <distance>53119</distance>
        </extensions>
      </trkpt>
      <trkpt lat="46.02972" lon="6.96124">
        <ele>2234</ele>
        <extensions>
          <distance>53134</distance>
        </extensions>
      </trkpt>
      <trkpt lat="46.0298" lon="6.96108">
        <ele>2230</ele>
        <extensions>
          <distance>53149</distance>
        </extensions>
      </trkpt>
      <trkpt lat="46.02977" lon="6.96086">
        <ele>2222</ele>
        <extensions>
          <distance>53168</distance>
        </extensions>
      </trkpt>
      <trkpt lat="46.02969" lon="6.9605">
        <ele>2211</ele>
        <extensions>
          <distance>53200</distance>
        </extensions>
      </trkpt>
      <trkpt lat="46.02968" lon="6.96036">
        <ele>2207</ele>
        <extensions>
          <distance>53211</distance>
        </extensions>
      </trkpt>
      <trkpt lat="46.02955" lon="6.96034">
        <ele>2204</ele>
        <extensions>
          <distance>53226</distance>
        </extensions>
      </trkpt>
      <trkpt lat="46.0297" lon="6.96021">
        <ele>2204</ele>
        <extensions>
          <distance>53246</distance>
        </extensions>
      </trkpt>
      <trkpt lat="46.02963" lon="6.96009">
        <ele>2203</ele>
        <extensions>
          <distance>53258</distance>
        </extensions>
      </trkpt>
      <trkpt lat="46.02962" lon="6.96003">
        <ele>2203</ele>
        <extensions>
          <distance>53262</distance>
        </extensions>
      </trkpt>
      <trkpt lat="46.02964" lon="6.95997">
        <ele>2203</ele>
        <extensions>
          <distance>53268</distance>
        </extensions>
      </trkpt>
      <trkpt lat="46.02963" lon="6.9598">
        <ele>2202</ele>
        <extensions>
          <distance>53281</distance>
        </extensions>
      </trkpt>
      <trkpt lat="46.02957" lon="6.95961">
        <ele>2201</ele>
        <extensions>
          <distance>53297</distance>
        </extensions>
      </trkpt>
      <trkpt lat="46.02951" lon="6.95942">
        <ele>2201</ele>
        <extensions>
          <distance>53313</distance>
        </extensions>
      </trkpt>
      <trkpt lat="46.02937" lon="6.95911">
        <ele>2199</ele>
        <extensions>
          <distance>53342</distance>
        </extensions>
      </trkpt>
      <trkpt lat="46.02919" lon="6.95884">
        <ele>2193</ele>
        <extensions>
          <distance>53371</distance>
        </extensions>
      </trkpt>
      <trkpt lat="46.02915" lon="6.9587">
        <ele>2191</ele>
        <extensions>
          <distance>53383</distance>
        </extensions>
      </trkpt>
      <trkpt lat="46.02919" lon="6.95858">
        <ele>2190</ele>
        <extensions>
          <distance>53393</distance>
        </extensions>
      </trkpt>
      <trkpt lat="46.02926" lon="6.95845">
        <ele>2189</ele>
        <extensions>
          <distance>53406</distance>
        </extensions>
      </trkpt>
      <trkpt lat="46.0293" lon="6.95832">
        <ele>2187</ele>
        <extensions>
          <distance>53417</distance>
        </extensions>
      </trkpt>
      <trkpt lat="46.02939" lon="6.95817">
        <ele>2186</ele>
        <extensions>
          <distance>53433</distance>
        </extensions>
      </trkpt>
      <trkpt lat="46.02948" lon="6.95802">
        <ele>2184</ele>
        <extensions>
          <distance>53448</distance>
        </extensions>
      </trkpt>
      <trkpt lat="46.0295" lon="6.95778">
        <ele>2181</ele>
        <extensions>
          <distance>53467</distance>
        </extensions>
      </trkpt>
      <trkpt lat="46.02952" lon="6.95754">
        <ele>2177</ele>
        <extensions>
          <distance>53486</distance>
        </extensions>
      </trkpt>
      <trkpt lat="46.02935" lon="6.95778">
        <ele>2175</ele>
        <extensions>
          <distance>53513</distance>
        </extensions>
      </trkpt>
      <trkpt lat="46.029225" lon="6.957865">
        <ele>2173</ele>
        <extensions>
          <distance>53528</distance>
        </extensions>
      </trkpt>
      <trkpt lat="46.0291" lon="6.95795">
        <ele>2169</ele>
        <extensions>
          <distance>53544</distance>
        </extensions>
      </trkpt>
      <trkpt lat="46.02892" lon="6.95803">
        <ele>2167</ele>
        <extensions>
          <distance>53565</distance>
        </extensions>
      </trkpt>
      <trkpt lat="46.028729999999996" lon="6.957985">
        <ele>2162</ele>
        <extensions>
          <distance>53587</distance>
        </extensions>
      </trkpt>
      <trkpt lat="46.02854" lon="6.95794">
        <ele>2158</ele>
        <extensions>
          <distance>53609</distance>
        </extensions>
      </trkpt>
      <trkpt lat="46.02835" lon="6.957895">
        <ele>2154</ele>
        <extensions>
          <distance>53631</distance>
        </extensions>
      </trkpt>
      <trkpt lat="46.02816" lon="6.95785">
        <ele>2150</ele>
        <extensions>
          <distance>53652</distance>
        </extensions>
      </trkpt>
      <trkpt lat="46.02799" lon="6.95784">
        <ele>2148</ele>
        <extensions>
          <distance>53671</distance>
        </extensions>
      </trkpt>
      <trkpt lat="46.02787" lon="6.95781">
        <ele>2145</ele>
        <extensions>
          <distance>53685</distance>
        </extensions>
      </trkpt>
      <trkpt lat="46.02779" lon="6.95776">
        <ele>2143</ele>
        <extensions>
          <distance>53695</distance>
        </extensions>
      </trkpt>
      <trkpt lat="46.02761" lon="6.95772">
        <ele>2139</ele>
        <extensions>
          <distance>53716</distance>
        </extensions>
      </trkpt>
      <trkpt lat="46.02748" lon="6.95761">
        <ele>2136</ele>
        <extensions>
          <distance>53733</distance>
        </extensions>
      </trkpt>
      <trkpt lat="46.02744" lon="6.95748">
        <ele>2133</ele>
        <extensions>
          <distance>53744</distance>
        </extensions>
      </trkpt>
      <trkpt lat="46.02756" lon="6.95741">
        <ele>2131</ele>
        <extensions>
          <distance>53759</distance>
        </extensions>
      </trkpt>
      <trkpt lat="46.02766" lon="6.9573">
        <ele>2128</ele>
        <extensions>
          <distance>53773</distance>
        </extensions>
      </trkpt>
      <trkpt lat="46.02768" lon="6.9572">
        <ele>2127</ele>
        <extensions>
          <distance>53781</distance>
        </extensions>
      </trkpt>
      <trkpt lat="46.02766" lon="6.9571">
        <ele>2126</ele>
        <extensions>
          <distance>53789</distance>
        </extensions>
      </trkpt>
      <trkpt lat="46.02769" lon="6.95701">
        <ele>2124</ele>
        <extensions>
          <distance>53797</distance>
        </extensions>
      </trkpt>
      <trkpt lat="46.02778" lon="6.95692">
        <ele>2123</ele>
        <extensions>
          <distance>53809</distance>
        </extensions>
      </trkpt>
      <trkpt lat="46.02777" lon="6.95673">
        <ele>2119</ele>
        <extensions>
          <distance>53825</distance>
        </extensions>
      </trkpt>
      <trkpt lat="46.02787" lon="6.95666">
        <ele>2119</ele>
        <extensions>
          <distance>53837</distance>
        </extensions>
      </trkpt>
      <trkpt lat="46.02787" lon="6.95664">
        <ele>2119</ele>
        <extensions>
          <distance>53839</distance>
        </extensions>
      </trkpt>
      <trkpt lat="46.02776" lon="6.95653">
        <ele>2117</ele>
        <extensions>
          <distance>53853</distance>
        </extensions>
      </trkpt>
      <trkpt lat="46.027615" lon="6.95643">
        <ele>2114</ele>
        <extensions>
          <distance>53872</distance>
        </extensions>
      </trkpt>
      <trkpt lat="46.02747" lon="6.95633">
        <ele>2110</ele>
        <extensions>
          <distance>53890</distance>
        </extensions>
      </trkpt>
      <trkpt lat="46.02729" lon="6.95605">
        <ele>2105</ele>
        <extensions>
          <distance>53920</distance>
        </extensions>
      </trkpt>
      <trkpt lat="46.02728" lon="6.95599">
        <ele>2105</ele>
        <extensions>
          <distance>53925</distance>
        </extensions>
      </trkpt>
      <trkpt lat="46.02719999999999" lon="6.95582">
        <ele>2103</ele>
        <extensions>
          <distance>53940</distance>
        </extensions>
      </trkpt>
      <trkpt lat="46.02712" lon="6.95565">
        <ele>2100</ele>
        <extensions>
          <distance>53957</distance>
        </extensions>
      </trkpt>
      <trkpt lat="46.02713" lon="6.95557">
        <ele>2099</ele>
        <extensions>
          <distance>53963</distance>
        </extensions>
      </trkpt>
      <trkpt lat="46.0272" lon="6.95539">
        <ele>2098</ele>
        <extensions>
          <distance>53979</distance>
        </extensions>
      </trkpt>
      <trkpt lat="46.02715" lon="6.95544">
        <ele>2097</ele>
        <extensions>
          <distance>53986</distance>
        </extensions>
      </trkpt>
      <trkpt lat="46.02706" lon="6.95547">
        <ele>2096</ele>
        <extensions>
          <distance>53996</distance>
        </extensions>
      </trkpt>
      <trkpt lat="46.02696" lon="6.95547">
        <ele>2093</ele>
        <extensions>
          <distance>54008</distance>
        </extensions>
      </trkpt>
      <trkpt lat="46.02674" lon="6.95536">
        <ele>2087</ele>
        <extensions>
          <distance>54034</distance>
        </extensions>
      </trkpt>
      <trkpt lat="46.02669" lon="6.95536">
        <ele>2086</ele>
        <extensions>
          <distance>54040</distance>
        </extensions>
      </trkpt>
      <trkpt lat="46.02653" lon="6.955439999999999">
        <ele>2082</ele>
        <extensions>
          <distance>54059</distance>
        </extensions>
      </trkpt>
      <trkpt lat="46.02637" lon="6.95552">
        <ele>2079</ele>
        <extensions>
          <distance>54078</distance>
        </extensions>
      </trkpt>
      <trkpt lat="46.02633" lon="6.95561">
        <ele>2079</ele>
        <extensions>
          <distance>54086</distance>
        </extensions>
      </trkpt>
      <trkpt lat="46.02619" lon="6.95554">
        <ele>2076</ele>
        <extensions>
          <distance>54103</distance>
        </extensions>
      </trkpt>
      <trkpt lat="46.02614" lon="6.95556">
        <ele>2076</ele>
        <extensions>
          <distance>54109</distance>
        </extensions>
      </trkpt>
      <trkpt lat="46.02612" lon="6.95555">
        <ele>2075</ele>
        <extensions>
          <distance>54111</distance>
        </extensions>
      </trkpt>
      <trkpt lat="46.02605" lon="6.95538">
        <ele>2074</ele>
        <extensions>
          <distance>54127</distance>
        </extensions>
      </trkpt>
      <trkpt lat="46.02593" lon="6.95524">
        <ele>2072</ele>
        <extensions>
          <distance>54144</distance>
        </extensions>
      </trkpt>
      <trkpt lat="46.02581" lon="6.95514">
        <ele>2070</ele>
        <extensions>
          <distance>54159</distance>
        </extensions>
      </trkpt>
      <trkpt lat="46.02564" lon="6.9551">
        <ele>2068</ele>
        <extensions>
          <distance>54179</distance>
        </extensions>
      </trkpt>
      <trkpt lat="46.0254825" lon="6.955075">
        <ele>2065</ele>
        <extensions>
          <distance>54197</distance>
        </extensions>
      </trkpt>
      <trkpt lat="46.025325" lon="6.95505">
        <ele>2062</ele>
        <extensions>
          <distance>54214</distance>
        </extensions>
      </trkpt>
      <trkpt lat="46.0251675" lon="6.955025">
        <ele>2059</ele>
        <extensions>
          <distance>54232</distance>
        </extensions>
      </trkpt>
      <trkpt lat="46.02501" lon="6.955">
        <ele>2056</ele>
        <extensions>
          <distance>54250</distance>
        </extensions>
      </trkpt>
      <trkpt lat="46.02483" lon="6.954985000000001">
        <ele>2052</ele>
        <extensions>
          <distance>54271</distance>
        </extensions>
      </trkpt>
      <trkpt lat="46.02465" lon="6.95497">
        <ele>2049</ele>
        <extensions>
          <distance>54291</distance>
        </extensions>
      </trkpt>
      <trkpt lat="46.02453" lon="6.95498">
        <ele>2047</ele>
        <extensions>
          <distance>54304</distance>
        </extensions>
      </trkpt>
      <trkpt lat="46.02451" lon="6.95496">
        <ele>2046</ele>
        <extensions>
          <distance>54307</distance>
        </extensions>
      </trkpt>
      <trkpt lat="46.02457" lon="6.95481">
        <ele>2044</ele>
        <extensions>
          <distance>54321</distance>
        </extensions>
      </trkpt>
      <trkpt lat="46.024699999999996" lon="6.954575">
        <ele>2041</ele>
        <extensions>
          <distance>54344</distance>
        </extensions>
      </trkpt>
      <trkpt lat="46.02483" lon="6.95434">
        <ele>2036</ele>
        <extensions>
          <distance>54368</distance>
        </extensions>
      </trkpt>
      <trkpt lat="46.02485" lon="6.95423">
        <ele>2034</ele>
        <extensions>
          <distance>54377</distance>
        </extensions>
      </trkpt>
      <trkpt lat="46.02498" lon="6.95399">
        <ele>2030</ele>
        <extensions>
          <distance>54401</distance>
        </extensions>
      </trkpt>
      <trkpt lat="46.025" lon="6.95389">
        <ele>2028</ele>
        <extensions>
          <distance>54409</distance>
        </extensions>
      </trkpt>
      <trkpt lat="46.02505" lon="6.95385">
        <ele>2028</ele>
        <extensions>
          <distance>54415</distance>
        </extensions>
      </trkpt>
      <trkpt lat="46.0251" lon="6.95385">
        <ele>2027</ele>
        <extensions>
          <distance>54421</distance>
        </extensions>
      </trkpt>
      <trkpt lat="46.02519" lon="6.95377">
        <ele>2026</ele>
        <extensions>
          <distance>54433</distance>
        </extensions>
      </trkpt>
      <trkpt lat="46.02527" lon="6.95358">
        <ele>2022</ele>
        <extensions>
          <distance>54450</distance>
        </extensions>
      </trkpt>
      <trkpt lat="46.02534" lon="6.95351">
        <ele>2022</ele>
        <extensions>
          <distance>54460</distance>
        </extensions>
      </trkpt>
      <trkpt lat="46.02533" lon="6.95349">
        <ele>2021</ele>
        <extensions>
          <distance>54462</distance>
        </extensions>
      </trkpt>
      <trkpt lat="46.02525" lon="6.9535">
        <ele>2020</ele>
        <extensions>
          <distance>54471</distance>
        </extensions>
      </trkpt>
      <trkpt lat="46.02516" lon="6.95347">
        <ele>2016</ele>
        <extensions>
          <distance>54482</distance>
        </extensions>
      </trkpt>
      <trkpt lat="46.02509" lon="6.95349">
        <ele>2016</ele>
        <extensions>
          <distance>54490</distance>
        </extensions>
      </trkpt>
      <trkpt lat="46.02492" lon="6.95349">
        <ele>2013</ele>
        <extensions>
          <distance>54509</distance>
        </extensions>
      </trkpt>
      <trkpt lat="46.02494" lon="6.95339">
        <ele>2010</ele>
        <extensions>
          <distance>54517</distance>
        </extensions>
      </trkpt>
      <trkpt lat="46.02487" lon="6.95336">
        <ele>2009</ele>
        <extensions>
          <distance>54525</distance>
        </extensions>
      </trkpt>
      <trkpt lat="46.02485" lon="6.95327">
        <ele>2006</ele>
        <extensions>
          <distance>54533</distance>
        </extensions>
      </trkpt>
      <trkpt lat="46.02481" lon="6.95323">
        <ele>2005</ele>
        <extensions>
          <distance>54539</distance>
        </extensions>
      </trkpt>
      <trkpt lat="46.02465" lon="6.95312">
        <ele>2002</ele>
        <extensions>
          <distance>54559</distance>
        </extensions>
      </trkpt>
      <trkpt lat="46.024505000000005" lon="6.9529">
        <ele>2000</ele>
        <extensions>
          <distance>54582</distance>
        </extensions>
      </trkpt>
      <trkpt lat="46.02436" lon="6.95268">
        <ele>2000</ele>
        <extensions>
          <distance>54606</distance>
        </extensions>
      </trkpt>
      <trkpt lat="46.024425" lon="6.952495">
        <ele>1999</ele>
        <extensions>
          <distance>54622</distance>
        </extensions>
      </trkpt>
      <trkpt lat="46.02449" lon="6.95231">
        <ele>1999</ele>
        <extensions>
          <distance>54638</distance>
        </extensions>
      </trkpt>
      <trkpt lat="46.02451" lon="6.95213">
        <ele>1999</ele>
        <extensions>
          <distance>54652</distance>
        </extensions>
      </trkpt>
      <trkpt lat="46.02449" lon="6.95182">
        <ele>1998</ele>
        <extensions>
          <distance>54676</distance>
        </extensions>
      </trkpt>
      <trkpt lat="46.0245" lon="6.95176">
        <ele>1997</ele>
        <extensions>
          <distance>54681</distance>
        </extensions>
      </trkpt>
      <trkpt lat="46.0246" lon="6.95153">
        <ele>1997</ele>
        <extensions>
          <distance>54702</distance>
        </extensions>
      </trkpt>
      <trkpt lat="46.02448" lon="6.95143">
        <ele>1996</ele>
        <extensions>
          <distance>54717</distance>
        </extensions>
      </trkpt>
      <trkpt lat="46.02433" lon="6.95143">
        <ele>1995</ele>
        <extensions>
          <distance>54734</distance>
        </extensions>
      </trkpt>
      <trkpt lat="46.02427" lon="6.95141">
        <ele>1995</ele>
        <extensions>
          <distance>54741</distance>
        </extensions>
      </trkpt>
      <trkpt lat="46.02417" lon="6.95113">
        <ele>1995</ele>
        <extensions>
          <distance>54765</distance>
        </extensions>
      </trkpt>
      <trkpt lat="46.02411" lon="6.95109">
        <ele>1995</ele>
        <extensions>
          <distance>54772</distance>
        </extensions>
      </trkpt>
      <trkpt lat="46.02408" lon="6.95104">
        <ele>1995</ele>
        <extensions>
          <distance>54777</distance>
        </extensions>
      </trkpt>
      <trkpt lat="46.02392" lon="6.95096">
        <ele>1994</ele>
        <extensions>
          <distance>54796</distance>
        </extensions>
      </trkpt>
      <trkpt lat="46.02384" lon="6.95095">
        <ele>1994</ele>
        <extensions>
          <distance>54805</distance>
        </extensions>
      </trkpt>
      <trkpt lat="46.02379" lon="6.9509">
        <ele>1994</ele>
        <extensions>
          <distance>54812</distance>
        </extensions>
      </trkpt>
      <trkpt lat="46.02373" lon="6.95075">
        <ele>1994</ele>
        <extensions>
          <distance>54825</distance>
        </extensions>
      </trkpt>
      <trkpt lat="46.02369" lon="6.95069">
        <ele>1993</ele>
        <extensions>
          <distance>54832</distance>
        </extensions>
      </trkpt>
      <trkpt lat="46.02356" lon="6.95063">
        <ele>1993</ele>
        <extensions>
          <distance>54847</distance>
        </extensions>
      </trkpt>
      <trkpt lat="46.02349" lon="6.95057">
        <ele>1993</ele>
        <extensions>
          <distance>54856</distance>
        </extensions>
      </trkpt>
      <trkpt lat="46.02346" lon="6.95057">
        <ele>1993</ele>
        <extensions>
          <distance>54859</distance>
        </extensions>
      </trkpt>
      <trkpt lat="46.02339" lon="6.95049">
        <ele>1993</ele>
        <extensions>
          <distance>54869</distance>
        </extensions>
      </trkpt>
      <trkpt lat="46.02331" lon="6.95044">
        <ele>1993</ele>
        <extensions>
          <distance>54879</distance>
        </extensions>
      </trkpt>
      <trkpt lat="46.02325" lon="6.95035">
        <ele>1993</ele>
        <extensions>
          <distance>54889</distance>
        </extensions>
      </trkpt>
      <trkpt lat="46.02318" lon="6.95018">
        <ele>1992</ele>
        <extensions>
          <distance>54904</distance>
        </extensions>
      </trkpt>
      <trkpt lat="46.02307" lon="6.95009">
        <ele>1992</ele>
        <extensions>
          <distance>54918</distance>
        </extensions>
      </trkpt>
      <trkpt lat="46.022954999999996" lon="6.949945">
        <ele>1992</ele>
        <extensions>
          <distance>54935</distance>
        </extensions>
      </trkpt>
      <trkpt lat="46.02284" lon="6.9498">
        <ele>1992</ele>
        <extensions>
          <distance>54952</distance>
        </extensions>
      </trkpt>
      <trkpt lat="46.02279" lon="6.94976">
        <ele>1992</ele>
        <extensions>
          <distance>54958</distance>
        </extensions>
      </trkpt>
      <trkpt lat="46.02262" lon="6.9497">
        <ele>1992</ele>
        <extensions>
          <distance>54978</distance>
        </extensions>
      </trkpt>
      <trkpt lat="46.0224" lon="6.94954">
        <ele>1991</ele>
        <extensions>
          <distance>55005</distance>
        </extensions>
      </trkpt>
      <trkpt lat="46.02226" lon="6.9495">
        <ele>1991</ele>
        <extensions>
          <distance>55021</distance>
        </extensions>
      </trkpt>
      <trkpt lat="46.02217" lon="6.94942">
        <ele>1991</ele>
        <extensions>
          <distance>55033</distance>
        </extensions>
      </trkpt>
      <trkpt lat="46.0221" lon="6.9494">
        <ele>1992</ele>
        <extensions>
          <distance>55041</distance>
        </extensions>
      </trkpt>
      <trkpt lat="46.02201" lon="6.9493">
        <ele>1992</ele>
        <extensions>
          <distance>55054</distance>
        </extensions>
      </trkpt>
      <trkpt lat="46.02186" lon="6.94923">
        <ele>1992</ele>
        <extensions>
          <distance>55071</distance>
        </extensions>
      </trkpt>
      <trkpt lat="46.02177" lon="6.94914">
        <ele>1992</ele>
        <extensions>
          <distance>55083</distance>
        </extensions>
      </trkpt>
      <trkpt lat="46.02159" lon="6.94905">
        <ele>1992</ele>
        <extensions>
          <distance>55104</distance>
        </extensions>
      </trkpt>
      <trkpt lat="46.02145" lon="6.94884">
        <ele>1995</ele>
        <extensions>
          <distance>55127</distance>
        </extensions>
      </trkpt>
      <trkpt lat="46.0214" lon="6.94883">
        <ele>1995</ele>
        <extensions>
          <distance>55133</distance>
        </extensions>
      </trkpt>
      <trkpt lat="46.02133" lon="6.94876">
        <ele>1997</ele>
        <extensions>
          <distance>55142</distance>
        </extensions>
      </trkpt>
      <trkpt lat="46.02125" lon="6.94874">
        <ele>1997</ele>
        <extensions>
          <distance>55151</distance>
        </extensions>
      </trkpt>
      <trkpt lat="46.02109" lon="6.94863">
        <ele>2002</ele>
        <extensions>
          <distance>55171</distance>
        </extensions>
      </trkpt>
      <trkpt lat="46.02095" lon="6.948605">
        <ele>2003</ele>
        <extensions>
          <distance>55187</distance>
        </extensions>
      </trkpt>
      <trkpt lat="46.02081" lon="6.94858">
        <ele>2005</ele>
        <extensions>
          <distance>55203</distance>
        </extensions>
      </trkpt>
      <trkpt lat="46.020615" lon="6.9484200000000005">
        <ele>2011</ele>
        <extensions>
          <distance>55228</distance>
        </extensions>
      </trkpt>
      <trkpt lat="46.02042" lon="6.94826">
        <ele>2012</ele>
        <extensions>
          <distance>55253</distance>
        </extensions>
      </trkpt>
      <trkpt lat="46.02023" lon="6.94801">
        <ele>2017</ele>
        <extensions>
          <distance>55282</distance>
        </extensions>
      </trkpt>
      <trkpt lat="46.02014" lon="6.94798">
        <ele>2018</ele>
        <extensions>
          <distance>55293</distance>
        </extensions>
      </trkpt>
      <trkpt lat="46.01994" lon="6.94777">
        <ele>2021</ele>
        <extensions>
          <distance>55320</distance>
        </extensions>
      </trkpt>
      <trkpt lat="46.01983" lon="6.94769">
        <ele>2021</ele>
        <extensions>
          <distance>55334</distance>
        </extensions>
      </trkpt>
      <trkpt lat="46.01977" lon="6.94759">
        <ele>2022</ele>
        <extensions>
          <distance>55344</distance>
        </extensions>
      </trkpt>
      <trkpt lat="46.01976" lon="6.94747">
        <ele>2023</ele>
        <extensions>
          <distance>55354</distance>
        </extensions>
      </trkpt>
      <trkpt lat="46.01969" lon="6.9473">
        <ele>2023</ele>
        <extensions>
          <distance>55369</distance>
        </extensions>
      </trkpt>
      <trkpt lat="46.01962" lon="6.94719">
        <ele>2023</ele>
        <extensions>
          <distance>55381</distance>
        </extensions>
      </trkpt>
      <trkpt lat="46.01943" lon="6.94701">
        <ele>2023</ele>
        <extensions>
          <distance>55406</distance>
        </extensions>
      </trkpt>
      <trkpt lat="46.01931" lon="6.94695">
        <ele>2023</ele>
        <extensions>
          <distance>55420</distance>
        </extensions>
      </trkpt>
      <trkpt lat="46.01911" lon="6.94701">
        <ele>2025</ele>
        <extensions>
          <distance>55443</distance>
        </extensions>
      </trkpt>
      <trkpt lat="46.01896" lon="6.94701">
        <ele>2026</ele>
        <extensions>
          <distance>55459</distance>
        </extensions>
      </trkpt>
      <trkpt lat="46.0188" lon="6.94688">
        <ele>2026</ele>
        <extensions>
          <distance>55480</distance>
        </extensions>
      </trkpt>
      <trkpt lat="46.01869" lon="6.94686">
        <ele>2026</ele>
        <extensions>
          <distance>55492</distance>
        </extensions>
      </trkpt>
      <trkpt lat="46.01856" lon="6.94679">
        <ele>2029</ele>
        <extensions>
          <distance>55508</distance>
        </extensions>
      </trkpt>
      <trkpt lat="46.01843" lon="6.94672">
        <ele>2030</ele>
        <extensions>
          <distance>55523</distance>
        </extensions>
      </trkpt>
      <trkpt lat="46.01831" lon="6.94669">
        <ele>2031</ele>
        <extensions>
          <distance>55537</distance>
        </extensions>
      </trkpt>
      <trkpt lat="46.01816" lon="6.9466">
        <ele>2033</ele>
        <extensions>
          <distance>55555</distance>
        </extensions>
      </trkpt>
      <trkpt lat="46.01805" lon="6.94657">
        <ele>2034</ele>
        <extensions>
          <distance>55567</distance>
        </extensions>
      </trkpt>
      <trkpt lat="46.01801" lon="6.94653">
        <ele>2035</ele>
        <extensions>
          <distance>55573</distance>
        </extensions>
      </trkpt>
      <trkpt lat="46.01781" lon="6.94643">
        <ele>2035</ele>
        <extensions>
          <distance>55596</distance>
        </extensions>
      </trkpt>
      <trkpt lat="46.01762" lon="6.94624">
        <ele>2035</ele>
        <extensions>
          <distance>55622</distance>
        </extensions>
      </trkpt>
      <trkpt lat="46.01747" lon="6.94613">
        <ele>2035</ele>
        <extensions>
          <distance>55641</distance>
        </extensions>
      </trkpt>
      <trkpt lat="46.01738" lon="6.94612">
        <ele>2035</ele>
        <extensions>
          <distance>55651</distance>
        </extensions>
      </trkpt>
      <trkpt lat="46.017245" lon="6.945925">
        <ele>2035</ele>
        <extensions>
          <distance>55672</distance>
        </extensions>
      </trkpt>
      <trkpt lat="46.01711" lon="6.94573">
        <ele>2035</ele>
        <extensions>
          <distance>55693</distance>
        </extensions>
      </trkpt>
      <trkpt lat="46.01696" lon="6.94568">
        <ele>2035</ele>
        <extensions>
          <distance>55711</distance>
        </extensions>
      </trkpt>
      <trkpt lat="46.01685" lon="6.94558">
        <ele>2035</ele>
        <extensions>
          <distance>55725</distance>
        </extensions>
      </trkpt>
      <trkpt lat="46.01672" lon="6.94542">
        <ele>2036</ele>
        <extensions>
          <distance>55744</distance>
        </extensions>
      </trkpt>
      <trkpt lat="46.01665" lon="6.94528">
        <ele>2039</ele>
        <extensions>
          <distance>55758</distance>
        </extensions>
      </trkpt>
      <trkpt lat="46.01658" lon="6.94522">
        <ele>2040</ele>
        <extensions>
          <distance>55767</distance>
        </extensions>
      </trkpt>
      <trkpt lat="46.01653" lon="6.94521">
        <ele>2041</ele>
        <extensions>
          <distance>55772</distance>
        </extensions>
      </trkpt>
      <trkpt lat="46.01644" lon="6.94514">
        <ele>2042</ele>
        <extensions>
          <distance>55784</distance>
        </extensions>
      </trkpt>
      <trkpt lat="46.01637" lon="6.94505">
        <ele>2043</ele>
        <extensions>
          <distance>55794</distance>
        </extensions>
      </trkpt>
      <trkpt lat="46.01631" lon="6.94501">
        <ele>2043</ele>
        <extensions>
          <distance>55802</distance>
        </extensions>
      </trkpt>
      <trkpt lat="46.01615" lon="6.94497">
        <ele>2044</ele>
        <extensions>
          <distance>55820</distance>
        </extensions>
      </trkpt>
      <trkpt lat="46.01606" lon="6.94481">
        <ele>2045</ele>
        <extensions>
          <distance>55836</distance>
        </extensions>
      </trkpt>
      <trkpt lat="46.01593" lon="6.94472">
        <ele>2045</ele>
        <extensions>
          <distance>55852</distance>
        </extensions>
      </trkpt>
      <trkpt lat="46.01588" lon="6.94462">
        <ele>2046</ele>
        <extensions>
          <distance>55861</distance>
        </extensions>
      </trkpt>
      <trkpt lat="46.01577" lon="6.9445">
        <ele>2046</ele>
        <extensions>
          <distance>55877</distance>
        </extensions>
      </trkpt>
      <trkpt lat="46.01575" lon="6.94436">
        <ele>2046</ele>
        <extensions>
          <distance>55888</distance>
        </extensions>
      </trkpt>
      <trkpt lat="46.01567" lon="6.94419">
        <ele>2047</ele>
        <extensions>
          <distance>55904</distance>
        </extensions>
      </trkpt>
      <trkpt lat="46.01548" lon="6.94393">
        <ele>2049</ele>
        <extensions>
          <distance>55933</distance>
        </extensions>
      </trkpt>
      <trkpt lat="46.01541" lon="6.94386">
        <ele>2051</ele>
        <extensions>
          <distance>55942</distance>
        </extensions>
      </trkpt>
      <trkpt lat="46.01532" lon="6.94386">
        <ele>2052</ele>
        <extensions>
          <distance>55953</distance>
        </extensions>
      </trkpt>
      <trkpt lat="46.01522" lon="6.94374">
        <ele>2055</ele>
        <extensions>
          <distance>55968</distance>
        </extensions>
      </trkpt>
      <trkpt lat="46.015135" lon="6.943485">
        <ele>2055</ele>
        <extensions>
          <distance>55989</distance>
        </extensions>
      </trkpt>
      <trkpt lat="46.01505" lon="6.94323">
        <ele>2056</ele>
        <extensions>
          <distance>56011</distance>
        </extensions>
      </trkpt>
      <trkpt lat="46.01515" lon="6.943">
        <ele>2056</ele>
        <extensions>
          <distance>56032</distance>
        </extensions>
      </trkpt>
      <trkpt lat="46.0151" lon="6.94266">
        <ele>2056</ele>
        <extensions>
          <distance>56059</distance>
        </extensions>
      </trkpt>
      <trkpt lat="46.015125" lon="6.9424600000000005">
        <ele>2055</ele>
        <extensions>
          <distance>56075</distance>
        </extensions>
      </trkpt>
      <trkpt lat="46.01515" lon="6.94226">
        <ele>2054</ele>
        <extensions>
          <distance>56091</distance>
        </extensions>
      </trkpt>
      <trkpt lat="46.01515" lon="6.94208">
        <ele>2052</ele>
        <extensions>
          <distance>56105</distance>
        </extensions>
      </trkpt>
      <trkpt lat="46.01513" lon="6.94205">
        <ele>2052</ele>
        <extensions>
          <distance>56108</distance>
        </extensions>
      </trkpt>
      <trkpt lat="46.01508" lon="6.94205">
        <ele>2051</ele>
        <extensions>
          <distance>56113</distance>
        </extensions>
      </trkpt>
      <trkpt lat="46.01505" lon="6.94201">
        <ele>2050</ele>
        <extensions>
          <distance>56118</distance>
        </extensions>
      </trkpt>
      <trkpt lat="46.01505" lon="6.94196">
        <ele>2050</ele>
        <extensions>
          <distance>56122</distance>
        </extensions>
      </trkpt>
      <trkpt lat="46.01501" lon="6.94187">
        <ele>2048</ele>
        <extensions>
          <distance>56130</distance>
        </extensions>
      </trkpt>
      <trkpt lat="46.01502" lon="6.94167">
        <ele>2048</ele>
        <extensions>
          <distance>56146</distance>
        </extensions>
      </trkpt>
      <trkpt lat="46.01499" lon="6.94158">
        <ele>2047</ele>
        <extensions>
          <distance>56154</distance>
        </extensions>
      </trkpt>
      <trkpt lat="46.01488" lon="6.94143">
        <ele>2045</ele>
        <extensions>
          <distance>56171</distance>
        </extensions>
      </trkpt>
      <trkpt lat="46.0147" lon="6.94126">
        <ele>2045</ele>
        <extensions>
          <distance>56195</distance>
        </extensions>
      </trkpt>
      <trkpt lat="46.01466" lon="6.94116">
        <ele>2044</ele>
        <extensions>
          <distance>56204</distance>
        </extensions>
      </trkpt>
      <trkpt lat="46.01459" lon="6.94108">
        <ele>2044</ele>
        <extensions>
          <distance>56213</distance>
        </extensions>
      </trkpt>
      <trkpt lat="46.01449" lon="6.94089">
        <ele>2044</ele>
        <extensions>
          <distance>56232</distance>
        </extensions>
      </trkpt>
      <trkpt lat="46.01435" lon="6.94085">
        <ele>2042</ele>
        <extensions>
          <distance>56248</distance>
        </extensions>
      </trkpt>
      <trkpt lat="46.01427" lon="6.94077">
        <ele>2041</ele>
        <extensions>
          <distance>56259</distance>
        </extensions>
      </trkpt>
      <trkpt lat="46.01417" lon="6.94071">
        <ele>2038</ele>
        <extensions>
          <distance>56271</distance>
        </extensions>
      </trkpt>
      <trkpt lat="46.01408" lon="6.94056">
        <ele>2038</ele>
        <extensions>
          <distance>56286</distance>
        </extensions>
      </trkpt>
      <trkpt lat="46.01398" lon="6.94055">
        <ele>2036</ele>
        <extensions>
          <distance>56298</distance>
        </extensions>
      </trkpt>
      <trkpt lat="46.01392" lon="6.94059">
        <ele>2034</ele>
        <extensions>
          <distance>56305</distance>
        </extensions>
      </trkpt>
      <trkpt lat="46.01391" lon="6.94068">
        <ele>2031</ele>
        <extensions>
          <distance>56313</distance>
        </extensions>
      </trkpt>
      <trkpt lat="46.01409" lon="6.94096">
        <ele>2030</ele>
        <extensions>
          <distance>56342</distance>
        </extensions>
      </trkpt>
      <trkpt lat="46.01409" lon="6.94101">
        <ele>2030</ele>
        <extensions>
          <distance>56346</distance>
        </extensions>
      </trkpt>
      <trkpt lat="46.01396" lon="6.94107">
        <ele>2024</ele>
        <extensions>
          <distance>56362</distance>
        </extensions>
      </trkpt>
      <trkpt lat="46.01385" lon="6.94102">
        <ele>2022</ele>
        <extensions>
          <distance>56375</distance>
        </extensions>
      </trkpt>
      <trkpt lat="46.01369" lon="6.9408">
        <ele>2020</ele>
        <extensions>
          <distance>56400</distance>
        </extensions>
      </trkpt>
      <trkpt lat="46.01354" lon="6.9407">
        <ele>2016</ele>
        <extensions>
          <distance>56418</distance>
        </extensions>
      </trkpt>
      <trkpt lat="46.01343" lon="6.94048">
        <ele>2014</ele>
        <extensions>
          <distance>56439</distance>
        </extensions>
      </trkpt>
      <trkpt lat="46.01333" lon="6.94042">
        <ele>2011</ele>
        <extensions>
          <distance>56452</distance>
        </extensions>
      </trkpt>
      <trkpt lat="46.0133" lon="6.94063">
        <ele>2008</ele>
        <extensions>
          <distance>56469</distance>
        </extensions>
      </trkpt>
      <trkpt lat="46.01324" lon="6.94082">
        <ele>2005</ele>
        <extensions>
          <distance>56485</distance>
        </extensions>
      </trkpt>
      <trkpt lat="46.01327" lon="6.94098">
        <ele>2004</ele>
        <extensions>
          <distance>56498</distance>
        </extensions>
      </trkpt>
      <trkpt lat="46.01323" lon="6.94105">
        <ele>2003</ele>
        <extensions>
          <distance>56505</distance>
        </extensions>
      </trkpt>
      <trkpt lat="46.01316" lon="6.94102">
        <ele>2002</ele>
        <extensions>
          <distance>56513</distance>
        </extensions>
      </trkpt>
      <trkpt lat="46.01313" lon="6.94104">
        <ele>2001</ele>
        <extensions>
          <distance>56517</distance>
        </extensions>
      </trkpt>
      <trkpt lat="46.01308" lon="6.94119">
        <ele>2000</ele>
        <extensions>
          <distance>56530</distance>
        </extensions>
      </trkpt>
      <trkpt lat="46.01303" lon="6.94123">
        <ele>1998</ele>
        <extensions>
          <distance>56536</distance>
        </extensions>
      </trkpt>
      <trkpt lat="46.013" lon="6.9413">
        <ele>1997</ele>
        <extensions>
          <distance>56543</distance>
        </extensions>
      </trkpt>
      <trkpt lat="46.01294" lon="6.94132">
        <ele>1996</ele>
        <extensions>
          <distance>56550</distance>
        </extensions>
      </trkpt>
      <trkpt lat="46.01286" lon="6.9412">
        <ele>1992</ele>
        <extensions>
          <distance>56563</distance>
        </extensions>
      </trkpt>
      <trkpt lat="46.01281" lon="6.94105">
        <ele>1991</ele>
        <extensions>
          <distance>56576</distance>
        </extensions>
      </trkpt>
      <trkpt lat="46.01273" lon="6.94098">
        <ele>1989</ele>
        <extensions>
          <distance>56587</distance>
        </extensions>
      </trkpt>
      <trkpt lat="46.01263" lon="6.94097">
        <ele>1985</ele>
        <extensions>
          <distance>56598</distance>
        </extensions>
      </trkpt>
      <trkpt lat="46.01249" lon="6.94107">
        <ele>1982</ele>
        <extensions>
          <distance>56616</distance>
        </extensions>
      </trkpt>
      <trkpt lat="46.01228" lon="6.94108">
        <ele>1979</ele>
        <extensions>
          <distance>56640</distance>
        </extensions>
      </trkpt>
      <trkpt lat="46.01214" lon="6.941">
        <ele>1977</ele>
        <extensions>
          <distance>56656</distance>
        </extensions>
      </trkpt>
      <trkpt lat="46.0121" lon="6.94092">
        <ele>1976</ele>
        <extensions>
          <distance>56664</distance>
        </extensions>
      </trkpt>
      <trkpt lat="46.01209" lon="6.94078">
        <ele>1976</ele>
        <extensions>
          <distance>56675</distance>
        </extensions>
      </trkpt>
      <trkpt lat="46.01203" lon="6.94068">
        <ele>1975</ele>
        <extensions>
          <distance>56685</distance>
        </extensions>
      </trkpt>
      <trkpt lat="46.012" lon="6.94067">
        <ele>1974</ele>
        <extensions>
          <distance>56689</distance>
        </extensions>
      </trkpt>
      <trkpt lat="46.01195" lon="6.94076">
        <ele>1974</ele>
        <extensions>
          <distance>56698</distance>
        </extensions>
      </trkpt>
      <trkpt lat="46.01183" lon="6.94077">
        <ele>1972</ele>
        <extensions>
          <distance>56711</distance>
        </extensions>
      </trkpt>
      <trkpt lat="46.01175" lon="6.94074">
        <ele>1970</ele>
        <extensions>
          <distance>56720</distance>
        </extensions>
      </trkpt>
      <trkpt lat="46.01171" lon="6.94068">
        <ele>1969</ele>
        <extensions>
          <distance>56727</distance>
        </extensions>
      </trkpt>
      <trkpt lat="46.01168" lon="6.940485000000001">
        <ele>1967</ele>
        <extensions>
          <distance>56743</distance>
        </extensions>
      </trkpt>
      <trkpt lat="46.01165" lon="6.94029">
        <ele>1965</ele>
        <extensions>
          <distance>56758</distance>
        </extensions>
      </trkpt>
      <trkpt lat="46.01162" lon="6.94026">
        <ele>1964</ele>
        <extensions>
          <distance>56762</distance>
        </extensions>
      </trkpt>
      <trkpt lat="46.01158" lon="6.94025">
        <ele>1963</ele>
        <extensions>
          <distance>56767</distance>
        </extensions>
      </trkpt>
      <trkpt lat="46.01152" lon="6.94029">
        <ele>1962</ele>
        <extensions>
          <distance>56775</distance>
        </extensions>
      </trkpt>
      <trkpt lat="46.01144" lon="6.94049">
        <ele>1959</ele>
        <extensions>
          <distance>56793</distance>
        </extensions>
      </trkpt>
      <trkpt lat="46.01142" lon="6.94048">
        <ele>1957</ele>
        <extensions>
          <distance>56795</distance>
        </extensions>
      </trkpt>
      <trkpt lat="46.01139" lon="6.94037">
        <ele>1957</ele>
        <extensions>
          <distance>56804</distance>
        </extensions>
      </trkpt>
      <trkpt lat="46.01129" lon="6.94025">
        <ele>1952</ele>
        <extensions>
          <distance>56820</distance>
        </extensions>
      </trkpt>
      <trkpt lat="46.01124" lon="6.94011">
        <ele>1951</ele>
        <extensions>
          <distance>56832</distance>
        </extensions>
      </trkpt>
      <trkpt lat="46.0112" lon="6.93982">
        <ele>1951</ele>
        <extensions>
          <distance>56855</distance>
        </extensions>
      </trkpt>
      <trkpt lat="46.01106" lon="6.93957">
        <ele>1947</ele>
        <extensions>
          <distance>56880</distance>
        </extensions>
      </trkpt>
      <trkpt lat="46.010999999999996" lon="6.939835">
        <ele>1941</ele>
        <extensions>
          <distance>56902</distance>
        </extensions>
      </trkpt>
      <trkpt lat="46.01094" lon="6.9401">
        <ele>1933</ele>
        <extensions>
          <distance>56925</distance>
        </extensions>
      </trkpt>
      <trkpt lat="46.01078" lon="6.93988">
        <ele>1924</ele>
        <extensions>
          <distance>56951</distance>
        </extensions>
      </trkpt>
      <trkpt lat="46.01063" lon="6.94004">
        <ele>1916</ele>
        <extensions>
          <distance>56974</distance>
        </extensions>
      </trkpt>
      <trkpt lat="46.01065" lon="6.940315">
        <ele>1914</ele>
        <extensions>
          <distance>56995</distance>
        </extensions>
      </trkpt>
      <trkpt lat="46.010670000000005" lon="6.94059">
        <ele>1913</ele>
        <extensions>
          <distance>57017</distance>
        </extensions>
      </trkpt>
      <trkpt lat="46.010690000000004" lon="6.9408650000000005">
        <ele>1908</ele>
        <extensions>
          <distance>57039</distance>
        </extensions>
      </trkpt>
      <trkpt lat="46.01071" lon="6.94114">
        <ele>1904</ele>
        <extensions>
          <distance>57060</distance>
        </extensions>
      </trkpt>
      <trkpt lat="46.010795" lon="6.941395">
        <ele>1901</ele>
        <extensions>
          <distance>57082</distance>
        </extensions>
      </trkpt>
      <trkpt lat="46.01088" lon="6.94165">
        <ele>1898</ele>
        <extensions>
          <distance>57104</distance>
        </extensions>
      </trkpt>
      <trkpt lat="46.01087" lon="6.9419249999999995">
        <ele>1894</ele>
        <extensions>
          <distance>57126</distance>
        </extensions>
      </trkpt>
      <trkpt lat="46.01086" lon="6.9422">
        <ele>1892</ele>
        <extensions>
          <distance>57148</distance>
        </extensions>
      </trkpt>
      <trkpt lat="46.01081" lon="6.94234">
        <ele>1889</ele>
        <extensions>
          <distance>57160</distance>
        </extensions>
      </trkpt>
      <trkpt lat="46.01068" lon="6.94228">
        <ele>1883</ele>
        <extensions>
          <distance>57176</distance>
        </extensions>
      </trkpt>
      <trkpt lat="46.01048" lon="6.94205">
        <ele>1873</ele>
        <extensions>
          <distance>57207</distance>
        </extensions>
      </trkpt>
      <trkpt lat="46.010355000000004" lon="6.94193">
        <ele>1866</ele>
        <extensions>
          <distance>57225</distance>
        </extensions>
      </trkpt>
      <trkpt lat="46.01023" lon="6.94181">
        <ele>1861</ele>
        <extensions>
          <distance>57242</distance>
        </extensions>
      </trkpt>
      <trkpt lat="46.01007" lon="6.941685">
        <ele>1854</ele>
        <extensions>
          <distance>57264</distance>
        </extensions>
      </trkpt>
      <trkpt lat="46.00991" lon="6.94156">
        <ele>1846</ele>
        <extensions>
          <distance>57285</distance>
        </extensions>
      </trkpt>
      <trkpt lat="46.009699999999995" lon="6.94145">
        <ele>1839</ele>
        <extensions>
          <distance>57311</distance>
        </extensions>
      </trkpt>
      <trkpt lat="46.00949" lon="6.94134">
        <ele>1833</ele>
        <extensions>
          <distance>57337</distance>
        </extensions>
      </trkpt>
      <trkpt lat="46.00942" lon="6.94133">
        <ele>1831</ele>
        <extensions>
          <distance>57345</distance>
        </extensions>
      </trkpt>
      <trkpt lat="46.00938" lon="6.9414">
        <ele>1830</ele>
        <extensions>
          <distance>57352</distance>
        </extensions>
      </trkpt>
      <trkpt lat="46.00946" lon="6.94159">
        <ele>1829</ele>
        <extensions>
          <distance>57369</distance>
        </extensions>
      </trkpt>
      <trkpt lat="46.00954" lon="6.9418299999999995">
        <ele>1826</ele>
        <extensions>
          <distance>57390</distance>
        </extensions>
      </trkpt>
      <trkpt lat="46.00962" lon="6.94207">
        <ele>1822</ele>
        <extensions>
          <distance>57411</distance>
        </extensions>
      </trkpt>
      <trkpt lat="46.009575" lon="6.942315000000001">
        <ele>1816</ele>
        <extensions>
          <distance>57431</distance>
        </extensions>
      </trkpt>
      <trkpt lat="46.00953" lon="6.94256">
        <ele>1809</ele>
        <extensions>
          <distance>57452</distance>
        </extensions>
      </trkpt>
      <trkpt lat="46.00953" lon="6.9427">
        <ele>1806</ele>
        <extensions>
          <distance>57463</distance>
        </extensions>
      </trkpt>
      <trkpt lat="46.00951" lon="6.94282">
        <ele>1805</ele>
        <extensions>
          <distance>57473</distance>
        </extensions>
      </trkpt>
      <trkpt lat="46.00941" lon="6.942655">
        <ele>1798</ele>
        <extensions>
          <distance>57491</distance>
        </extensions>
      </trkpt>
      <trkpt lat="46.00931" lon="6.94249">
        <ele>1797</ele>
        <extensions>
          <distance>57508</distance>
        </extensions>
      </trkpt>
      <trkpt lat="46.00911" lon="6.94243">
        <ele>1792</ele>
        <extensions>
          <distance>57531</distance>
        </extensions>
      </trkpt>
      <trkpt lat="46.00898" lon="6.94223">
        <ele>1790</ele>
        <extensions>
          <distance>57552</distance>
        </extensions>
      </trkpt>
      <trkpt lat="46.009029999999996" lon="6.942445">
        <ele>1790</ele>
        <extensions>
          <distance>57570</distance>
        </extensions>
      </trkpt>
      <trkpt lat="46.00908" lon="6.94266">
        <ele>1786</ele>
        <extensions>
          <distance>57588</distance>
        </extensions>
      </trkpt>
      <trkpt lat="46.00913" lon="6.942875">
        <ele>1782</ele>
        <extensions>
          <distance>57606</distance>
        </extensions>
      </trkpt>
      <trkpt lat="46.00918" lon="6.94309">
        <ele>1777</ele>
        <extensions>
          <distance>57624</distance>
        </extensions>
      </trkpt>
      <trkpt lat="46.009185" lon="6.9433025">
        <ele>1773</ele>
        <extensions>
          <distance>57641</distance>
        </extensions>
      </trkpt>
      <trkpt lat="46.009190000000004" lon="6.943515">
        <ele>1770</ele>
        <extensions>
          <distance>57658</distance>
        </extensions>
      </trkpt>
      <trkpt lat="46.009195000000005" lon="6.9437275">
        <ele>1768</ele>
        <extensions>
          <distance>57674</distance>
        </extensions>
      </trkpt>
      <trkpt lat="46.0092" lon="6.94394">
        <ele>1767</ele>
        <extensions>
          <distance>57691</distance>
        </extensions>
      </trkpt>
      <trkpt lat="46.00917" lon="6.944">
        <ele>1765</ele>
        <extensions>
          <distance>57697</distance>
        </extensions>
      </trkpt>
      <trkpt lat="46.00911" lon="6.94402">
        <ele>1762</ele>
        <extensions>
          <distance>57704</distance>
        </extensions>
      </trkpt>
      <trkpt lat="46.00902" lon="6.94397">
        <ele>1760</ele>
        <extensions>
          <distance>57715</distance>
        </extensions>
      </trkpt>
      <trkpt lat="46.00887" lon="6.94384">
        <ele>1756</ele>
        <extensions>
          <distance>57735</distance>
        </extensions>
      </trkpt>
      <trkpt lat="46.00879" lon="6.94367">
        <ele>1754</ele>
        <extensions>
          <distance>57751</distance>
        </extensions>
      </trkpt>
      <trkpt lat="46.008645" lon="6.943525">
        <ele>1750</ele>
        <extensions>
          <distance>57771</distance>
        </extensions>
      </trkpt>
      <trkpt lat="46.0085" lon="6.94338">
        <ele>1745</ele>
        <extensions>
          <distance>57791</distance>
        </extensions>
      </trkpt>
      <trkpt lat="46.00848" lon="6.9434">
        <ele>1745</ele>
        <extensions>
          <distance>57794</distance>
        </extensions>
      </trkpt>
      <trkpt lat="46.00834" lon="6.9434">
        <ele>1742</ele>
        <extensions>
          <distance>57810</distance>
        </extensions>
      </trkpt>
      <trkpt lat="46.00831" lon="6.94348">
        <ele>1742</ele>
        <extensions>
          <distance>57817</distance>
        </extensions>
      </trkpt>
      <trkpt lat="46.00833" lon="6.94363">
        <ele>1741</ele>
        <extensions>
          <distance>57829</distance>
        </extensions>
      </trkpt>
      <trkpt lat="46.008325" lon="6.943835">
        <ele>1738</ele>
        <extensions>
          <distance>57845</distance>
        </extensions>
      </trkpt>
      <trkpt lat="46.00832" lon="6.94404">
        <ele>1737</ele>
        <extensions>
          <distance>57861</distance>
        </extensions>
      </trkpt>
      <trkpt lat="46.0083" lon="6.94406">
        <ele>1736</ele>
        <extensions>
          <distance>57864</distance>
        </extensions>
      </trkpt>
      <trkpt lat="46.00826" lon="6.94406">
        <ele>1735</ele>
        <extensions>
          <distance>57868</distance>
        </extensions>
      </trkpt>
      <trkpt lat="46.00813" lon="6.94396">
        <ele>1732</ele>
        <extensions>
          <distance>57885</distance>
        </extensions>
      </trkpt>
      <trkpt lat="46.00809" lon="6.9439">
        <ele>1731</ele>
        <extensions>
          <distance>57891</distance>
        </extensions>
      </trkpt>
      <trkpt lat="46.00803" lon="6.94373">
        <ele>1726</ele>
        <extensions>
          <distance>57907</distance>
        </extensions>
      </trkpt>
      <trkpt lat="46.008" lon="6.94369">
        <ele>1726</ele>
        <extensions>
          <distance>57911</distance>
        </extensions>
      </trkpt>
      <trkpt lat="46.00795" lon="6.94374">
        <ele>1723</ele>
        <extensions>
          <distance>57919</distance>
        </extensions>
      </trkpt>
      <trkpt lat="46.00792" lon="6.94383">
        <ele>1723</ele>
        <extensions>
          <distance>57926</distance>
        </extensions>
      </trkpt>
      <trkpt lat="46.00789" lon="6.94402">
        <ele>1719</ele>
        <extensions>
          <distance>57942</distance>
        </extensions>
      </trkpt>
      <trkpt lat="46.0078" lon="6.94436">
        <ele>1715</ele>
        <extensions>
          <distance>57970</distance>
        </extensions>
      </trkpt>
      <trkpt lat="46.00772" lon="6.94438">
        <ele>1712</ele>
        <extensions>
          <distance>57980</distance>
        </extensions>
      </trkpt>
      <trkpt lat="46.00756" lon="6.94452">
        <ele>1708</ele>
        <extensions>
          <distance>58001</distance>
        </extensions>
      </trkpt>
      <trkpt lat="46.00732" lon="6.94465">
        <ele>1704</ele>
        <extensions>
          <distance>58030</distance>
        </extensions>
      </trkpt>
      <trkpt lat="46.00712" lon="6.94464">
        <ele>1699</ele>
        <extensions>
          <distance>58053</distance>
        </extensions>
      </trkpt>
      <trkpt lat="46.00707" lon="6.94456">
        <ele>1698</ele>
        <extensions>
          <distance>58061</distance>
        </extensions>
      </trkpt>
      <trkpt lat="46.00699" lon="6.94433">
        <ele>1693</ele>
        <extensions>
          <distance>58081</distance>
        </extensions>
      </trkpt>
      <trkpt lat="46.00694" lon="6.94411">
        <ele>1688</ele>
        <extensions>
          <distance>58100</distance>
        </extensions>
      </trkpt>
      <trkpt lat="46.00695" lon="6.94393">
        <ele>1684</ele>
        <extensions>
          <distance>58115</distance>
        </extensions>
      </trkpt>
      <trkpt lat="46.00704" lon="6.94377">
        <ele>1683</ele>
        <extensions>
          <distance>58131</distance>
        </extensions>
      </trkpt>
      <trkpt lat="46.00703" lon="6.9437">
        <ele>1681</ele>
        <extensions>
          <distance>58136</distance>
        </extensions>
      </trkpt>
      <trkpt lat="46.00692" lon="6.94373">
        <ele>1677</ele>
        <extensions>
          <distance>58149</distance>
        </extensions>
      </trkpt>
      <trkpt lat="46.00676" lon="6.94386">
        <ele>1676</ele>
        <extensions>
          <distance>58170</distance>
        </extensions>
      </trkpt>
      <trkpt lat="46.00668" lon="6.94406">
        <ele>1675</ele>
        <extensions>
          <distance>58188</distance>
        </extensions>
      </trkpt>
      <trkpt lat="46.0066" lon="6.94417">
        <ele>1673</ele>
        <extensions>
          <distance>58200</distance>
        </extensions>
      </trkpt>
      <trkpt lat="46.0065" lon="6.94412">
        <ele>1669</ele>
        <extensions>
          <distance>58213</distance>
        </extensions>
      </trkpt>
      <trkpt lat="46.00641" lon="6.94403">
        <ele>1665</ele>
        <extensions>
          <distance>58225</distance>
        </extensions>
      </trkpt>
      <trkpt lat="46.00632" lon="6.94397">
        <ele>1662</ele>
        <extensions>
          <distance>58237</distance>
        </extensions>
      </trkpt>
      <trkpt lat="46.00626" lon="6.94405">
        <ele>1660</ele>
        <extensions>
          <distance>58246</distance>
        </extensions>
      </trkpt>
      <trkpt lat="46.00626" lon="6.94418">
        <ele>1660</ele>
        <extensions>
          <distance>58256</distance>
        </extensions>
      </trkpt>
      <trkpt lat="46.00643" lon="6.94443">
        <ele>1659</ele>
        <extensions>
          <distance>58283</distance>
        </extensions>
      </trkpt>
      <trkpt lat="46.00645" lon="6.94466">
        <ele>1658</ele>
        <extensions>
          <distance>58301</distance>
        </extensions>
      </trkpt>
      <trkpt lat="46.006455" lon="6.944905">
        <ele>1658</ele>
        <extensions>
          <distance>58320</distance>
        </extensions>
      </trkpt>
      <trkpt lat="46.00646" lon="6.94515">
        <ele>1658</ele>
        <extensions>
          <distance>58339</distance>
        </extensions>
      </trkpt>
      <trkpt lat="46.00638" lon="6.94529">
        <ele>1655</ele>
        <extensions>
          <distance>58353</distance>
        </extensions>
      </trkpt>
      <trkpt lat="46.00632" lon="6.94526">
        <ele>1652</ele>
        <extensions>
          <distance>58361</distance>
        </extensions>
      </trkpt>
      <trkpt lat="46.00617" lon="6.94495">
        <ele>1646</ele>
        <extensions>
          <distance>58391</distance>
        </extensions>
      </trkpt>
      <trkpt lat="46.00612" lon="6.94507">
        <ele>1645</ele>
        <extensions>
          <distance>58402</distance>
        </extensions>
      </trkpt>
      <trkpt lat="46.00613" lon="6.94529">
        <ele>1642</ele>
        <extensions>
          <distance>58419</distance>
        </extensions>
      </trkpt>
      <trkpt lat="46.00614" lon="6.94551">
        <ele>1637</ele>
        <extensions>
          <distance>58437</distance>
        </extensions>
      </trkpt>
      <trkpt lat="46.006205" lon="6.94574">
        <ele>1635</ele>
        <extensions>
          <distance>58456</distance>
        </extensions>
      </trkpt>
      <trkpt lat="46.00627" lon="6.94597">
        <ele>1629</ele>
        <extensions>
          <distance>58476</distance>
        </extensions>
      </trkpt>
      <trkpt lat="46.00629" lon="6.94614">
        <ele>1623</ele>
        <extensions>
          <distance>58491</distance>
        </extensions>
      </trkpt>
      <trkpt lat="46.0061" lon="6.94611">
        <ele>1614</ele>
        <extensions>
          <distance>58514</distance>
        </extensions>
      </trkpt>
      <trkpt lat="46.00596" lon="6.94589">
        <ele>1613</ele>
        <extensions>
          <distance>58537</distance>
        </extensions>
      </trkpt>
      <trkpt lat="46.00578" lon="6.94568">
        <ele>1607</ele>
        <extensions>
          <distance>58563</distance>
        </extensions>
      </trkpt>
      <trkpt lat="46.00567" lon="6.945435">
        <ele>1606</ele>
        <extensions>
          <distance>58586</distance>
        </extensions>
      </trkpt>
      <trkpt lat="46.00556" lon="6.94519">
        <ele>1606</ele>
        <extensions>
          <distance>58608</distance>
        </extensions>
      </trkpt>
      <trkpt lat="46.00552" lon="6.94528">
        <ele>1600</ele>
        <extensions>
          <distance>58617</distance>
        </extensions>
      </trkpt>
      <trkpt lat="46.0055" lon="6.94552">
        <ele>1591</ele>
        <extensions>
          <distance>58638</distance>
        </extensions>
      </trkpt>
      <trkpt lat="46.00556" lon="6.9458">
        <ele>1591</ele>
        <extensions>
          <distance>58660</distance>
        </extensions>
      </trkpt>
      <trkpt lat="46.00551" lon="6.94597">
        <ele>1585</ele>
        <extensions>
          <distance>58675</distance>
        </extensions>
      </trkpt>
      <trkpt lat="46.005555" lon="6.946205">
        <ele>1582</ele>
        <extensions>
          <distance>58694</distance>
        </extensions>
      </trkpt>
      <trkpt lat="46.0056" lon="6.94644">
        <ele>1577</ele>
        <extensions>
          <distance>58714</distance>
        </extensions>
      </trkpt>
      <trkpt lat="46.00561" lon="6.9467">
        <ele>1567</ele>
        <extensions>
          <distance>58736</distance>
        </extensions>
      </trkpt>
      <trkpt lat="46.00582" lon="6.946865">
        <ele>1565</ele>
        <extensions>
          <distance>58763</distance>
        </extensions>
      </trkpt>
      <trkpt lat="46.006029999999996" lon="6.94703">
        <ele>1556</ele>
        <extensions>
          <distance>58791</distance>
        </extensions>
      </trkpt>
      <trkpt lat="46.00624" lon="6.947195">
        <ele>1550</ele>
        <extensions>
          <distance>58818</distance>
        </extensions>
      </trkpt>
      <trkpt lat="46.00645" lon="6.94736">
        <ele>1544</ele>
        <extensions>
          <distance>58845</distance>
        </extensions>
      </trkpt>
      <trkpt lat="46.00656" lon="6.94747">
        <ele>1541</ele>
        <extensions>
          <distance>58860</distance>
        </extensions>
      </trkpt>
      <trkpt lat="46.00652" lon="6.94754">
        <ele>1539</ele>
        <extensions>
          <distance>58867</distance>
        </extensions>
      </trkpt>
      <trkpt lat="46.00639" lon="6.94754">
        <ele>1538</ele>
        <extensions>
          <distance>58882</distance>
        </extensions>
      </trkpt>
      <trkpt lat="46.00638" lon="6.94746">
        <ele>1535</ele>
        <extensions>
          <distance>58889</distance>
        </extensions>
      </trkpt>
      <trkpt lat="46.00636" lon="6.94778">
        <ele>1524</ele>
        <extensions>
          <distance>58916</distance>
        </extensions>
      </trkpt>
      <trkpt lat="46.00628" lon="6.94798">
        <ele>1521</ele>
        <extensions>
          <distance>58934</distance>
        </extensions>
      </trkpt>
      <trkpt lat="46.00623" lon="6.94821">
        <ele>1521</ele>
        <extensions>
          <distance>58953</distance>
        </extensions>
      </trkpt>
      <trkpt lat="46.00607" lon="6.94816">
        <ele>1519</ele>
        <extensions>
          <distance>58971</distance>
        </extensions>
      </trkpt>
      <trkpt lat="46.00594" lon="6.9482">
        <ele>1519</ele>
        <extensions>
          <distance>58986</distance>
        </extensions>
      </trkpt>
      <trkpt lat="46.00584" lon="6.94841">
        <ele>1517</ele>
        <extensions>
          <distance>59006</distance>
        </extensions>
      </trkpt>
      <trkpt lat="46.00572" lon="6.9483">
        <ele>1517</ele>
        <extensions>
          <distance>59022</distance>
        </extensions>
      </trkpt>
      <trkpt lat="46.0056" lon="6.94819">
        <ele>1517</ele>
        <extensions>
          <distance>59037</distance>
        </extensions>
      </trkpt>
      <trkpt lat="46.0054475" lon="6.948123750000001">
        <ele>1508</ele>
        <extensions>
          <distance>59056</distance>
        </extensions>
      </trkpt>
      <trkpt lat="46.005295000000004" lon="6.9480575">
        <ele>1505</ele>
        <extensions>
          <distance>59074</distance>
        </extensions>
      </trkpt>
      <trkpt lat="46.005142500000005" lon="6.947991249999999">
        <ele>1501</ele>
        <extensions>
          <distance>59092</distance>
        </extensions>
      </trkpt>
      <trkpt lat="46.00499" lon="6.947925">
        <ele>1500</ele>
        <extensions>
          <distance>59110</distance>
        </extensions>
      </trkpt>
      <trkpt lat="46.004837499999994" lon="6.94785875">
        <ele>1497</ele>
        <extensions>
          <distance>59128</distance>
        </extensions>
      </trkpt>
      <trkpt lat="46.004684999999995" lon="6.9477925">
        <ele>1497</ele>
        <extensions>
          <distance>59145</distance>
        </extensions>
      </trkpt>
      <trkpt lat="46.004532499999996" lon="6.9477262500000005">
        <ele>1496</ele>
        <extensions>
          <distance>59163</distance>
        </extensions>
      </trkpt>
      <trkpt lat="46.00438" lon="6.94766">
        <ele>1493</ele>
        <extensions>
          <distance>59181</distance>
        </extensions>
      </trkpt>
      <trkpt lat="46.00425" lon="6.94767">
        <ele>1491</ele>
        <extensions>
          <distance>59196</distance>
        </extensions>
      </trkpt>
      <trkpt lat="46.00413" lon="6.94754">
        <ele>1489</ele>
        <extensions>
          <distance>59212</distance>
        </extensions>
      </trkpt>
      <trkpt lat="46.003965" lon="6.94739">
        <ele>1487</ele>
        <extensions>
          <distance>59234</distance>
        </extensions>
      </trkpt>
      <trkpt lat="46.0038" lon="6.94724">
        <ele>1484</ele>
        <extensions>
          <distance>59256</distance>
        </extensions>
      </trkpt>
      <trkpt lat="46.003715" lon="6.947025">
        <ele>1482</ele>
        <extensions>
          <distance>59275</distance>
        </extensions>
      </trkpt>
      <trkpt lat="46.00363" lon="6.94681">
        <ele>1480</ele>
        <extensions>
          <distance>59295</distance>
        </extensions>
      </trkpt>
      <trkpt lat="46.00356" lon="6.94673">
        <ele>1479</ele>
        <extensions>
          <distance>59305</distance>
        </extensions>
      </trkpt>
      <trkpt lat="46.003455" lon="6.946535">
        <ele>1477</ele>
        <extensions>
          <distance>59324</distance>
        </extensions>
      </trkpt>
      <trkpt lat="46.00335" lon="6.94634">
        <ele>1475</ele>
        <extensions>
          <distance>59343</distance>
        </extensions>
      </trkpt>
      <trkpt lat="46.00331" lon="6.9462">
        <ele>1474</ele>
        <extensions>
          <distance>59355</distance>
        </extensions>
      </trkpt>
      <trkpt lat="46.003115" lon="6.946350000000001">
        <ele>1474</ele>
        <extensions>
          <distance>59379</distance>
        </extensions>
      </trkpt>
      <trkpt lat="46.00292" lon="6.9465">
        <ele>1474</ele>
        <extensions>
          <distance>59404</distance>
        </extensions>
      </trkpt>
      <trkpt lat="46.002705000000006" lon="6.946635000000001">
        <ele>1474</ele>
        <extensions>
          <distance>59430</distance>
        </extensions>
      </trkpt>
      <trkpt lat="46.00249" lon="6.94677">
        <ele>1474</ele>
        <extensions>
          <distance>59456</distance>
        </extensions>
      </trkpt>
      <trkpt lat="46.002314999999996" lon="6.94693">
        <ele>1475</ele>
        <extensions>
          <distance>59479</distance>
        </extensions>
      </trkpt>
      <trkpt lat="46.00214" lon="6.94709">
        <ele>1476</ele>
        <extensions>
          <distance>59502</distance>
        </extensions>
      </trkpt>
      <trkpt lat="46.00199" lon="6.9473">
        <ele>1476</ele>
        <extensions>
          <distance>59526</distance>
        </extensions>
      </trkpt>
      <trkpt lat="46.001815" lon="6.9474599999999995">
        <ele>1476</ele>
        <extensions>
          <distance>59549</distance>
        </extensions>
      </trkpt>
      <trkpt lat="46.00164" lon="6.94762">
        <ele>1476</ele>
        <extensions>
          <distance>59572</distance>
        </extensions>
      </trkpt>
      <trkpt lat="46.00144" lon="6.94766">
        <ele>1475</ele>
        <extensions>
          <distance>59594</distance>
        </extensions>
      </trkpt>
      <trkpt lat="46.00124" lon="6.9477">
        <ele>1475</ele>
        <extensions>
          <distance>59617</distance>
        </extensions>
      </trkpt>
      <trkpt lat="46.001125" lon="6.947850000000001">
        <ele>1475</ele>
        <extensions>
          <distance>59634</distance>
        </extensions>
      </trkpt>
      <trkpt lat="46.00101" lon="6.948">
        <ele>1475</ele>
        <extensions>
          <distance>59651</distance>
        </extensions>
      </trkpt>
      <trkpt lat="46.0009275" lon="6.948215">
        <ele>1476</ele>
        <extensions>
          <distance>59670</distance>
        </extensions>
      </trkpt>
      <trkpt lat="46.000845" lon="6.94843">
        <ele>1476</ele>
        <extensions>
          <distance>59689</distance>
        </extensions>
      </trkpt>
      <trkpt lat="46.0007625" lon="6.948645">
        <ele>1476</ele>
        <extensions>
          <distance>59708</distance>
        </extensions>
      </trkpt>
      <trkpt lat="46.00068" lon="6.94886">
        <ele>1476</ele>
        <extensions>
          <distance>59727</distance>
        </extensions>
      </trkpt>
      <trkpt lat="46.00055" lon="6.94902">
        <ele>1475</ele>
        <extensions>
          <distance>59746</distance>
        </extensions>
      </trkpt>
      <trkpt lat="46.0005" lon="6.94905">
        <ele>1475</ele>
        <extensions>
          <distance>59752</distance>
        </extensions>
      </trkpt>
      <trkpt lat="46.0003" lon="6.94907">
        <ele>1473</ele>
        <extensions>
          <distance>59775</distance>
        </extensions>
      </trkpt>
      <trkpt lat="46.00025" lon="6.94909">
        <ele>1472</ele>
        <extensions>
          <distance>59780</distance>
        </extensions>
      </trkpt>
      <trkpt lat="46.00021" lon="6.94914">
        <ele>1472</ele>
        <extensions>
          <distance>59786</distance>
        </extensions>
      </trkpt>
      <trkpt lat="46.00014" lon="6.94938">
        <ele>1472</ele>
        <extensions>
          <distance>59806</distance>
        </extensions>
      </trkpt>
      <trkpt lat="46.000045" lon="6.949545">
        <ele>1472</ele>
        <extensions>
          <distance>59823</distance>
        </extensions>
      </trkpt>
      <trkpt lat="45.99995" lon="6.94971">
        <ele>1471</ele>
        <extensions>
          <distance>59840</distance>
        </extensions>
      </trkpt>
      <trkpt lat="45.99979" lon="6.94978">
        <ele>1471</ele>
        <extensions>
          <distance>59858</distance>
        </extensions>
      </trkpt>
      <trkpt lat="45.99965" lon="6.94975">
        <ele>1472</ele>
        <extensions>
          <distance>59874</distance>
        </extensions>
      </trkpt>
      <trkpt lat="45.99954" lon="6.94971">
        <ele>1472</ele>
        <extensions>
          <distance>59886</distance>
        </extensions>
      </trkpt>
      <trkpt lat="45.99949" lon="6.94953">
        <ele>1472</ele>
        <extensions>
          <distance>59901</distance>
        </extensions>
      </trkpt>
      <trkpt lat="45.99931" lon="6.94926">
        <ele>1472</ele>
        <extensions>
          <distance>59930</distance>
        </extensions>
      </trkpt>
      <trkpt lat="45.99922" lon="6.94904">
        <ele>1473</ele>
        <extensions>
          <distance>59950</distance>
        </extensions>
      </trkpt>
      <trkpt lat="45.99925" lon="6.94868">
        <ele>1474</ele>
        <extensions>
          <distance>59978</distance>
        </extensions>
      </trkpt>
      <trkpt lat="45.999205" lon="6.9484200000000005">
        <ele>1478</ele>
        <extensions>
          <distance>59999</distance>
        </extensions>
      </trkpt>
      <trkpt lat="45.99916" lon="6.94816">
        <ele>1478</ele>
        <extensions>
          <distance>60020</distance>
        </extensions>
      </trkpt>
      <trkpt lat="45.99901" lon="6.94784">
        <ele>1478</ele>
        <extensions>
          <distance>60050</distance>
        </extensions>
      </trkpt>
      <trkpt lat="45.99901" lon="6.94765">
        <ele>1480</ele>
        <extensions>
          <distance>60065</distance>
        </extensions>
      </trkpt>
      <trkpt lat="45.998895" lon="6.9474125">
        <ele>1481</ele>
        <extensions>
          <distance>60087</distance>
        </extensions>
      </trkpt>
      <trkpt lat="45.99878" lon="6.947175">
        <ele>1481</ele>
        <extensions>
          <distance>60110</distance>
        </extensions>
      </trkpt>
      <trkpt lat="45.998665" lon="6.9469375">
        <ele>1483</ele>
        <extensions>
          <distance>60132</distance>
        </extensions>
      </trkpt>
      <trkpt lat="45.99855" lon="6.9467">
        <ele>1486</ele>
        <extensions>
          <distance>60155</distance>
        </extensions>
      </trkpt>
      <trkpt lat="45.998374999999996" lon="6.94641">
        <ele>1493</ele>
        <extensions>
          <distance>60185</distance>
        </extensions>
      </trkpt>
      <trkpt lat="45.9982" lon="6.94612">
        <ele>1498</ele>
        <extensions>
          <distance>60215</distance>
        </extensions>
      </trkpt>
      <trkpt lat="45.99816" lon="6.94584">
        <ele>1499</ele>
        <extensions>
          <distance>60237</distance>
        </extensions>
      </trkpt>
      <trkpt lat="45.998075" lon="6.94553">
        <ele>1500</ele>
        <extensions>
          <distance>60263</distance>
        </extensions>
      </trkpt>
      <trkpt lat="45.99799" lon="6.94522">
        <ele>1501</ele>
        <extensions>
          <distance>60289</distance>
        </extensions>
      </trkpt>
      <trkpt lat="45.9979025" lon="6.945045">
        <ele>1503</ele>
        <extensions>
          <distance>60306</distance>
        </extensions>
      </trkpt>
      <trkpt lat="45.997815" lon="6.94487">
        <ele>1505</ele>
        <extensions>
          <distance>60323</distance>
        </extensions>
      </trkpt>
      <trkpt lat="45.997727499999996" lon="6.944694999999999">
        <ele>1505</ele>
        <extensions>
          <distance>60339</distance>
        </extensions>
      </trkpt>
      <trkpt lat="45.99764" lon="6.94452">
        <ele>1505</ele>
        <extensions>
          <distance>60356</distance>
        </extensions>
      </trkpt>
      <trkpt lat="45.99755" lon="6.94424">
        <ele>1505</ele>
        <extensions>
          <distance>60380</distance>
        </extensions>
      </trkpt>
      <trkpt lat="45.99745" lon="6.9440100000000005">
        <ele>1505</ele>
        <extensions>
          <distance>60401</distance>
        </extensions>
      </trkpt>
      <trkpt lat="45.99735" lon="6.94378">
        <ele>1507</ele>
        <extensions>
          <distance>60422</distance>
        </extensions>
      </trkpt>
      <trkpt lat="45.997175" lon="6.943630000000001">
        <ele>1512</ele>
        <extensions>
          <distance>60445</distance>
        </extensions>
      </trkpt>
      <trkpt lat="45.997" lon="6.94348">
        <ele>1515</ele>
        <extensions>
          <distance>60468</distance>
        </extensions>
      </trkpt>
      <trkpt lat="45.99691" lon="6.94327">
        <ele>1517</ele>
        <extensions>
          <distance>60487</distance>
        </extensions>
      </trkpt>
      <trkpt lat="45.99679" lon="6.94313">
        <ele>1518</ele>
        <extensions>
          <distance>60504</distance>
        </extensions>
      </trkpt>
      <trkpt lat="45.996669999999995" lon="6.94299">
        <ele>1518</ele>
        <extensions>
          <distance>60521</distance>
        </extensions>
      </trkpt>
      <trkpt lat="45.99655" lon="6.94285">
        <ele>1518</ele>
        <extensions>
          <distance>60538</distance>
        </extensions>
      </trkpt>
      <trkpt lat="45.99643" lon="6.94271">
        <ele>1518</ele>
        <extensions>
          <distance>60556</distance>
        </extensions>
      </trkpt>
      <trkpt lat="45.996340000000004" lon="6.94247">
        <ele>1517</ele>
        <extensions>
          <distance>60577</distance>
        </extensions>
      </trkpt>
      <trkpt lat="45.99625" lon="6.94223">
        <ele>1517</ele>
        <extensions>
          <distance>60598</distance>
        </extensions>
      </trkpt>
      <trkpt lat="45.99622" lon="6.941955">
        <ele>1515</ele>
        <extensions>
          <distance>60620</distance>
        </extensions>
      </trkpt>
      <trkpt lat="45.99619" lon="6.94168">
        <ele>1514</ele>
        <extensions>
          <distance>60641</distance>
        </extensions>
      </trkpt>
      <trkpt lat="45.99614" lon="6.9414750000000005">
        <ele>1514</ele>
        <extensions>
          <distance>60658</distance>
        </extensions>
      </trkpt>
      <trkpt lat="45.99609" lon="6.94127">
        <ele>1513</ele>
        <extensions>
          <distance>60675</distance>
        </extensions>
      </trkpt>
      <trkpt lat="45.99597" lon="6.9410799999999995">
        <ele>1513</ele>
        <extensions>
          <distance>60695</distance>
        </extensions>
      </trkpt>
      <trkpt lat="45.99585" lon="6.94089">
        <ele>1512</ele>
        <extensions>
          <distance>60715</distance>
        </extensions>
      </trkpt>
      <trkpt lat="45.99576" lon="6.940655">
        <ele>1510</ele>
        <extensions>
          <distance>60735</distance>
        </extensions>
      </trkpt>
      <trkpt lat="45.99567" lon="6.94042">
        <ele>1509</ele>
        <extensions>
          <distance>60756</distance>
        </extensions>
      </trkpt>
      <trkpt lat="45.995504999999994" lon="6.940175">
        <ele>1507</ele>
        <extensions>
          <distance>60783</distance>
        </extensions>
      </trkpt>
      <trkpt lat="45.99534" lon="6.93993">
        <ele>1503</ele>
        <extensions>
          <distance>60809</distance>
        </extensions>
      </trkpt>
      <trkpt lat="45.9951825" lon="6.93973">
        <ele>1501</ele>
        <extensions>
          <distance>60833</distance>
        </extensions>
      </trkpt>
      <trkpt lat="45.995025" lon="6.9395299999999995">
        <ele>1500</ele>
        <extensions>
          <distance>60856</distance>
        </extensions>
      </trkpt>
      <trkpt lat="45.9948675" lon="6.93933">
        <ele>1499</ele>
        <extensions>
          <distance>60880</distance>
        </extensions>
      </trkpt>
      <trkpt lat="45.99471" lon="6.93913">
        <ele>1499</ele>
        <extensions>
          <distance>60903</distance>
        </extensions>
      </trkpt>
      <trkpt lat="45.99466" lon="6.93894">
        <ele>1495</ele>
        <extensions>
          <distance>60919</distance>
        </extensions>
      </trkpt>
      <trkpt lat="45.994565" lon="6.938795">
        <ele>1492</ele>
        <extensions>
          <distance>60935</distance>
        </extensions>
      </trkpt>
      <trkpt lat="45.99447" lon="6.93865">
        <ele>1490</ele>
        <extensions>
          <distance>60950</distance>
        </extensions>
      </trkpt>
      <trkpt lat="45.99446" lon="6.9384">
        <ele>1482</ele>
        <extensions>
          <distance>60971</distance>
        </extensions>
      </trkpt>
      <trkpt lat="45.99437" lon="6.93816">
        <ele>1476</ele>
        <extensions>
          <distance>60993</distance>
        </extensions>
      </trkpt>
      <trkpt lat="45.9941575" lon="6.9381275">
        <ele>1474</ele>
        <extensions>
          <distance>61016</distance>
        </extensions>
      </trkpt>
      <trkpt lat="45.993945" lon="6.938095000000001">
        <ele>1473</ele>
        <extensions>
          <distance>61040</distance>
        </extensions>
      </trkpt>
      <trkpt lat="45.99373249999999" lon="6.938062500000001">
        <ele>1471</ele>
        <extensions>
          <distance>61064</distance>
        </extensions>
      </trkpt>
      <trkpt lat="45.99352" lon="6.93803">
        <ele>1471</ele>
        <extensions>
          <distance>61088</distance>
        </extensions>
      </trkpt>
      <trkpt lat="45.99329" lon="6.938035">
        <ele>1471</ele>
        <extensions>
          <distance>61113</distance>
        </extensions>
      </trkpt>
      <trkpt lat="45.99306" lon="6.93804">
        <ele>1469</ele>
        <extensions>
          <distance>61139</distance>
        </extensions>
      </trkpt>
      <trkpt lat="45.99291" lon="6.9381">
        <ele>1469</ele>
        <extensions>
          <distance>61156</distance>
        </extensions>
      </trkpt>
      <trkpt lat="45.99278" lon="6.9381">
        <ele>1469</ele>
        <extensions>
          <distance>61171</distance>
        </extensions>
      </trkpt>
      <trkpt lat="45.99256" lon="6.93789">
        <ele>1466</ele>
        <extensions>
          <distance>61200</distance>
        </extensions>
      </trkpt>
      <trkpt lat="45.99244" lon="6.937745">
        <ele>1463</ele>
        <extensions>
          <distance>61218</distance>
        </extensions>
      </trkpt>
      <trkpt lat="45.99232" lon="6.9376">
        <ele>1459</ele>
        <extensions>
          <distance>61236</distance>
        </extensions>
      </trkpt>
      <trkpt lat="45.99214" lon="6.93734">
        <ele>1452</ele>
        <extensions>
          <distance>61265</distance>
        </extensions>
      </trkpt>
      <trkpt lat="45.992014999999995" lon="6.93726">
        <ele>1452</ele>
        <extensions>
          <distance>61280</distance>
        </extensions>
      </trkpt>
      <trkpt lat="45.99189" lon="6.93718">
        <ele>1451</ele>
        <extensions>
          <distance>61295</distance>
        </extensions>
      </trkpt>
      <trkpt lat="45.99172" lon="6.93713">
        <ele>1451</ele>
        <extensions>
          <distance>61315</distance>
        </extensions>
      </trkpt>
      <trkpt lat="45.99155" lon="6.93708">
        <ele>1451</ele>
        <extensions>
          <distance>61334</distance>
        </extensions>
      </trkpt>
      <trkpt lat="45.991389999999996" lon="6.937094999999999">
        <ele>1450</ele>
        <extensions>
          <distance>61352</distance>
        </extensions>
      </trkpt>
      <trkpt lat="45.99123" lon="6.93711">
        <ele>1449</ele>
        <extensions>
          <distance>61370</distance>
        </extensions>
      </trkpt>
      <trkpt lat="45.99104" lon="6.9372">
        <ele>1449</ele>
        <extensions>
          <distance>61392</distance>
        </extensions>
      </trkpt>
      <trkpt lat="45.990865" lon="6.9371">
        <ele>1446</ele>
        <extensions>
          <distance>61413</distance>
        </extensions>
      </trkpt>
      <trkpt lat="45.99069" lon="6.937">
        <ele>1444</ele>
        <extensions>
          <distance>61434</distance>
        </extensions>
      </trkpt>
      <trkpt lat="45.990525000000005" lon="6.9369700000000005">
        <ele>1443</ele>
        <extensions>
          <distance>61453</distance>
        </extensions>
      </trkpt>
      <trkpt lat="45.99036" lon="6.93694">
        <ele>1442</ele>
        <extensions>
          <distance>61471</distance>
        </extensions>
      </trkpt>
      <trkpt lat="45.990195" lon="6.936845">
        <ele>1442</ele>
        <extensions>
          <distance>61491</distance>
        </extensions>
      </trkpt>
      <trkpt lat="45.99003" lon="6.93675">
        <ele>1438</ele>
        <extensions>
          <distance>61511</distance>
        </extensions>
      </trkpt>
      <trkpt lat="45.989887499999995" lon="6.9366900000000005">
        <ele>1436</ele>
        <extensions>
          <distance>61527</distance>
        </extensions>
      </trkpt>
      <trkpt lat="45.989745" lon="6.93663">
        <ele>1435</ele>
        <extensions>
          <distance>61544</distance>
        </extensions>
      </trkpt>
      <trkpt lat="45.989602500000004" lon="6.93657">
        <ele>1433</ele>
        <extensions>
          <distance>61560</distance>
        </extensions>
      </trkpt>
      <trkpt lat="45.98946" lon="6.93651">
        <ele>1432</ele>
        <extensions>
          <distance>61577</distance>
        </extensions>
      </trkpt>
      <trkpt lat="45.98941" lon="6.93639">
        <ele>1427</ele>
        <extensions>
          <distance>61589</distance>
        </extensions>
      </trkpt>
      <trkpt lat="45.989292500000005" lon="6.93628">
        <ele>1424</ele>
        <extensions>
          <distance>61605</distance>
        </extensions>
      </trkpt>
      <trkpt lat="45.989175" lon="6.936170000000001">
        <ele>1420</ele>
        <extensions>
          <distance>61621</distance>
        </extensions>
      </trkpt>
      <trkpt lat="45.9890575" lon="6.93606">
        <ele>1416</ele>
        <extensions>
          <distance>61637</distance>
        </extensions>
      </trkpt>
      <trkpt lat="45.98894" lon="6.93595">
        <ele>1416</ele>
        <extensions>
          <distance>61653</distance>
        </extensions>
      </trkpt>
      <trkpt lat="45.98877" lon="6.93588">
        <ele>1416</ele>
        <extensions>
          <distance>61672</distance>
        </extensions>
      </trkpt>
      <trkpt lat="45.988575" lon="6.935955">
        <ele>1415</ele>
        <extensions>
          <distance>61695</distance>
        </extensions>
      </trkpt>
      <trkpt lat="45.98838" lon="6.93603">
        <ele>1414</ele>
        <extensions>
          <distance>61717</distance>
        </extensions>
      </trkpt>
      <trkpt lat="45.98813" lon="6.93594">
        <ele>1415</ele>
        <extensions>
          <distance>61746</distance>
        </extensions>
      </trkpt>
      <trkpt lat="45.98791" lon="6.935775">
        <ele>1415</ele>
        <extensions>
          <distance>61773</distance>
        </extensions>
      </trkpt>
      <trkpt lat="45.98769" lon="6.93561">
        <ele>1415</ele>
        <extensions>
          <distance>61801</distance>
        </extensions>
      </trkpt>
      <trkpt lat="45.98749" lon="6.93565">
        <ele>1415</ele>
        <extensions>
          <distance>61824</distance>
        </extensions>
      </trkpt>
      <trkpt lat="45.987255000000005" lon="6.93563">
        <ele>1415</ele>
        <extensions>
          <distance>61850</distance>
        </extensions>
      </trkpt>
      <trkpt lat="45.98702" lon="6.93561">
        <ele>1414</ele>
        <extensions>
          <distance>61876</distance>
        </extensions>
      </trkpt>
      <trkpt lat="45.986815" lon="6.935605">
        <ele>1414</ele>
        <extensions>
          <distance>61899</distance>
        </extensions>
      </trkpt>
      <trkpt lat="45.98661" lon="6.9356">
        <ele>1413</ele>
        <extensions>
          <distance>61921</distance>
        </extensions>
      </trkpt>
      <trkpt lat="45.9864" lon="6.93578">
        <ele>1413</ele>
        <extensions>
          <distance>61949</distance>
        </extensions>
      </trkpt>
      <trkpt lat="45.986230000000006" lon="6.935785">
        <ele>1408</ele>
        <extensions>
          <distance>61968</distance>
        </extensions>
      </trkpt>
      <trkpt lat="45.98606" lon="6.93579">
        <ele>1404</ele>
        <extensions>
          <distance>61987</distance>
        </extensions>
      </trkpt>
      <trkpt lat="45.985925" lon="6.935779999999999">
        <ele>1401</ele>
        <extensions>
          <distance>62002</distance>
        </extensions>
      </trkpt>
      <trkpt lat="45.98579" lon="6.93577">
        <ele>1397</ele>
        <extensions>
          <distance>62018</distance>
        </extensions>
      </trkpt>
      <trkpt lat="45.985659999999996" lon="6.93585">
        <ele>1397</ele>
        <extensions>
          <distance>62034</distance>
        </extensions>
      </trkpt>
      <trkpt lat="45.98553" lon="6.93593">
        <ele>1394</ele>
        <extensions>
          <distance>62050</distance>
        </extensions>
      </trkpt>
      <trkpt lat="45.985315" lon="6.93599">
        <ele>1390</ele>
        <extensions>
          <distance>62074</distance>
        </extensions>
      </trkpt>
      <trkpt lat="45.9851" lon="6.93605">
        <ele>1386</ele>
        <extensions>
          <distance>62099</distance>
        </extensions>
      </trkpt>
      <trkpt lat="45.98496" lon="6.93623">
        <ele>1385</ele>
        <extensions>
          <distance>62120</distance>
        </extensions>
      </trkpt>
      <trkpt lat="45.984745000000004" lon="6.93632">
        <ele>1383</ele>
        <extensions>
          <distance>62145</distance>
        </extensions>
      </trkpt>
      <trkpt lat="45.98453" lon="6.93641">
        <ele>1383</ele>
        <extensions>
          <distance>62170</distance>
        </extensions>
      </trkpt>
      <trkpt lat="45.98431" lon="6.93638">
        <ele>1380</ele>
        <extensions>
          <distance>62194</distance>
        </extensions>
      </trkpt>
      <trkpt lat="45.984165000000004" lon="6.936294999999999">
        <ele>1374</ele>
        <extensions>
          <distance>62213</distance>
        </extensions>
      </trkpt>
      <trkpt lat="45.98402" lon="6.93621">
        <ele>1368</ele>
        <extensions>
          <distance>62231</distance>
        </extensions>
      </trkpt>
      <trkpt lat="45.983824999999996" lon="6.936255">
        <ele>1364</ele>
        <extensions>
          <distance>62254</distance>
        </extensions>
      </trkpt>
      <trkpt lat="45.98363" lon="6.9363">
        <ele>1361</ele>
        <extensions>
          <distance>62276</distance>
        </extensions>
      </trkpt>
      <trkpt lat="45.98355" lon="6.93626">
        <ele>1356</ele>
        <extensions>
          <distance>62286</distance>
        </extensions>
      </trkpt>
      <trkpt lat="45.98353" lon="6.93622">
        <ele>1353</ele>
        <extensions>
          <distance>62291</distance>
        </extensions>
      </trkpt>
      <trkpt lat="45.9836" lon="6.93615">
        <ele>1353</ele>
        <extensions>
          <distance>62301</distance>
        </extensions>
      </trkpt>
      <trkpt lat="45.9837" lon="6.93612">
        <ele>1353</ele>
        <extensions>
          <distance>62312</distance>
        </extensions>
      </trkpt>
      <trkpt lat="45.98386" lon="6.935975">
        <ele>1350</ele>
        <extensions>
          <distance>62333</distance>
        </extensions>
      </trkpt>
      <trkpt lat="45.98402" lon="6.93583">
        <ele>1345</ele>
        <extensions>
          <distance>62355</distance>
        </extensions>
      </trkpt>
      <trkpt lat="45.98425" lon="6.93568">
        <ele>1339</ele>
        <extensions>
          <distance>62384</distance>
        </extensions>
      </trkpt>
      <trkpt lat="45.98446" lon="6.9356">
        <ele>1338</ele>
        <extensions>
          <distance>62408</distance>
        </extensions>
      </trkpt>
      <trkpt lat="45.98446" lon="6.93553">
        <ele>1333</ele>
        <extensions>
          <distance>62414</distance>
        </extensions>
      </trkpt>
      <trkpt lat="45.98444" lon="6.93547">
        <ele>1331</ele>
        <extensions>
          <distance>62419</distance>
        </extensions>
      </trkpt>
      <trkpt lat="45.98426" lon="6.93546">
        <ele>1325</ele>
        <extensions>
          <distance>62440</distance>
        </extensions>
      </trkpt>
      <trkpt lat="45.984125" lon="6.93539">
        <ele>1322</ele>
        <extensions>
          <distance>62456</distance>
        </extensions>
      </trkpt>
      <trkpt lat="45.98399" lon="6.93532">
        <ele>1316</ele>
        <extensions>
          <distance>62473</distance>
        </extensions>
      </trkpt>
      <trkpt lat="45.98389" lon="6.9353">
        <ele>1316</ele>
        <extensions>
          <distance>62485</distance>
        </extensions>
      </trkpt>
      <trkpt lat="45.98377" lon="6.93518">
        <ele>1309</ele>
        <extensions>
          <distance>62502</distance>
        </extensions>
      </trkpt>
      <trkpt lat="45.983554999999996" lon="6.935195">
        <ele>1305</ele>
        <extensions>
          <distance>62526</distance>
        </extensions>
      </trkpt>
      <trkpt lat="45.98334" lon="6.93521">
        <ele>1302</ele>
        <extensions>
          <distance>62550</distance>
        </extensions>
      </trkpt>
      <trkpt lat="45.98315" lon="6.93529">
        <ele>1301</ele>
        <extensions>
          <distance>62572</distance>
        </extensions>
      </trkpt>
      <trkpt lat="45.98306" lon="6.93518">
        <ele>1297</ele>
        <extensions>
          <distance>62586</distance>
        </extensions>
      </trkpt>
      <trkpt lat="45.98301" lon="6.93502">
        <ele>1292</ele>
        <extensions>
          <distance>62600</distance>
        </extensions>
      </trkpt>
      <trkpt lat="45.98308" lon="6.93486">
        <ele>1288</ele>
        <extensions>
          <distance>62615</distance>
        </extensions>
      </trkpt>
      <trkpt lat="45.98309" lon="6.93461">
        <ele>1283</ele>
        <extensions>
          <distance>62635</distance>
        </extensions>
      </trkpt>
      <trkpt lat="45.98329" lon="6.93453">
        <ele>1280</ele>
        <extensions>
          <distance>62659</distance>
        </extensions>
      </trkpt>
      <trkpt lat="45.98339" lon="6.9343">
        <ele>1277</ele>
        <extensions>
          <distance>62680</distance>
        </extensions>
      </trkpt>
      <trkpt lat="45.98352" lon="6.93411">
        <ele>1274</ele>
        <extensions>
          <distance>62701</distance>
        </extensions>
      </trkpt>
      <trkpt lat="45.98355" lon="6.933905">
        <ele>1271</ele>
        <extensions>
          <distance>62717</distance>
        </extensions>
      </trkpt>
      <trkpt lat="45.98358" lon="6.9337">
        <ele>1268</ele>
        <extensions>
          <distance>62734</distance>
        </extensions>
      </trkpt>
      <trkpt lat="45.98367" lon="6.9335">
        <ele>1266</ele>
        <extensions>
          <distance>62752</distance>
        </extensions>
      </trkpt>
      <trkpt lat="45.98354" lon="6.9333925">
        <ele>1265</ele>
        <extensions>
          <distance>62769</distance>
        </extensions>
      </trkpt>
      <trkpt lat="45.98341" lon="6.933285">
        <ele>1265</ele>
        <extensions>
          <distance>62786</distance>
        </extensions>
      </trkpt>
      <trkpt lat="45.98328" lon="6.933177499999999">
        <ele>1265</ele>
        <extensions>
          <distance>62802</distance>
        </extensions>
      </trkpt>
      <trkpt lat="45.98315" lon="6.93307">
        <ele>1265</ele>
        <extensions>
          <distance>62819</distance>
        </extensions>
      </trkpt>
      <trkpt lat="45.98304" lon="6.93296">
        <ele>1264</ele>
        <extensions>
          <distance>62834</distance>
        </extensions>
      </trkpt>
      <trkpt lat="45.982895" lon="6.9328899999999996">
        <ele>1264</ele>
        <extensions>
          <distance>62851</distance>
        </extensions>
      </trkpt>
      <trkpt lat="45.98275" lon="6.9328199999999995">
        <ele>1263</ele>
        <extensions>
          <distance>62868</distance>
        </extensions>
      </trkpt>
      <trkpt lat="45.98260500000001" lon="6.93275">
        <ele>1262</ele>
        <extensions>
          <distance>62885</distance>
        </extensions>
      </trkpt>
      <trkpt lat="45.98246" lon="6.93268">
        <ele>1262</ele>
        <extensions>
          <distance>62902</distance>
        </extensions>
      </trkpt>
      <trkpt lat="45.982330000000005" lon="6.93257">
        <ele>1261</ele>
        <extensions>
          <distance>62919</distance>
        </extensions>
      </trkpt>
      <trkpt lat="45.9822" lon="6.93246">
        <ele>1261</ele>
        <extensions>
          <distance>62935</distance>
        </extensions>
      </trkpt>
      <trkpt lat="45.982045" lon="6.93246">
        <ele>1261</ele>
        <extensions>
          <distance>62953</distance>
        </extensions>
      </trkpt>
      <trkpt lat="45.98189" lon="6.93246">
        <ele>1261</ele>
        <extensions>
          <distance>62970</distance>
        </extensions>
      </trkpt>
      <trkpt lat="45.9818" lon="6.93263">
        <ele>1263</ele>
        <extensions>
          <distance>62986</distance>
        </extensions>
      </trkpt>
      <trkpt lat="45.9817" lon="6.93279">
        <ele>1264</ele>
        <extensions>
          <distance>63003</distance>
        </extensions>
      </trkpt>
      <trkpt lat="45.98155" lon="6.932865">
        <ele>1264</ele>
        <extensions>
          <distance>63021</distance>
        </extensions>
      </trkpt>
      <trkpt lat="45.9814" lon="6.93294">
        <ele>1264</ele>
        <extensions>
          <distance>63038</distance>
        </extensions>
      </trkpt>
      <trkpt lat="45.981255000000004" lon="6.932895">
        <ele>1264</ele>
        <extensions>
          <distance>63055</distance>
        </extensions>
      </trkpt>
      <trkpt lat="45.98111" lon="6.93285">
        <ele>1264</ele>
        <extensions>
          <distance>63071</distance>
        </extensions>
      </trkpt>
      <trkpt lat="45.98095" lon="6.93275">
        <ele>1265</ele>
        <extensions>
          <distance>63091</distance>
        </extensions>
      </trkpt>
      <trkpt lat="45.980795" lon="6.932715">
        <ele>1265</ele>
        <extensions>
          <distance>63108</distance>
        </extensions>
      </trkpt>
      <trkpt lat="45.98064" lon="6.93268">
        <ele>1266</ele>
        <extensions>
          <distance>63126</distance>
        </extensions>
      </trkpt>
      <trkpt lat="45.98047" lon="6.93255">
        <ele>1267</ele>
        <extensions>
          <distance>63147</distance>
        </extensions>
      </trkpt>
      <trkpt lat="45.98022" lon="6.93251">
        <ele>1268</ele>
        <extensions>
          <distance>63175</distance>
        </extensions>
      </trkpt>
      <trkpt lat="45.980035" lon="6.9325399999999995">
        <ele>1269</ele>
        <extensions>
          <distance>63196</distance>
        </extensions>
      </trkpt>
      <trkpt lat="45.97985" lon="6.93257">
        <ele>1270</ele>
        <extensions>
          <distance>63217</distance>
        </extensions>
      </trkpt>
      <trkpt lat="45.97969" lon="6.93257">
        <ele>1270</ele>
        <extensions>
          <distance>63234</distance>
        </extensions>
      </trkpt>
      <trkpt lat="45.97966" lon="6.93254">
        <ele>1270</ele>
        <extensions>
          <distance>63238</distance>
        </extensions>
      </trkpt>
      <trkpt lat="45.97959" lon="6.93241">
        <ele>1270</ele>
        <extensions>
          <distance>63251</distance>
        </extensions>
      </trkpt>
      <trkpt lat="45.97951" lon="6.93212">
        <ele>1268</ele>
        <extensions>
          <distance>63275</distance>
        </extensions>
      </trkpt>
      <trkpt lat="45.979389999999995" lon="6.93188">
        <ele>1266</ele>
        <extensions>
          <distance>63298</distance>
        </extensions>
      </trkpt>
      <trkpt lat="45.97927" lon="6.93164">
        <ele>1265</ele>
        <extensions>
          <distance>63321</distance>
        </extensions>
      </trkpt>
      <trkpt lat="45.979085" lon="6.9314800000000005">
        <ele>1264</ele>
        <extensions>
          <distance>63345</distance>
        </extensions>
      </trkpt>
      <trkpt lat="45.9789" lon="6.93132">
        <ele>1264</ele>
        <extensions>
          <distance>63369</distance>
        </extensions>
      </trkpt>
      <trkpt lat="45.97881" lon="6.931135">
        <ele>1263</ele>
        <extensions>
          <distance>63387</distance>
        </extensions>
      </trkpt>
      <trkpt lat="45.97872" lon="6.93095">
        <ele>1263</ele>
        <extensions>
          <distance>63404</distance>
        </extensions>
      </trkpt>
      <trkpt lat="45.978645" lon="6.930675">
        <ele>1262</ele>
        <extensions>
          <distance>63427</distance>
        </extensions>
      </trkpt>
      <trkpt lat="45.97857" lon="6.9304">
        <ele>1262</ele>
        <extensions>
          <distance>63450</distance>
        </extensions>
      </trkpt>
      <trkpt lat="45.97844" lon="6.93034">
        <ele>1262</ele>
        <extensions>
          <distance>63465</distance>
        </extensions>
      </trkpt>
      <trkpt lat="45.97828" lon="6.93023">
        <ele>1259</ele>
        <extensions>
          <distance>63485</distance>
        </extensions>
      </trkpt>
      <trkpt lat="45.97813" lon="6.9302">
        <ele>1258</ele>
        <extensions>
          <distance>63502</distance>
        </extensions>
      </trkpt>
      <trkpt lat="45.97793" lon="6.93004">
        <ele>1257</ele>
        <extensions>
          <distance>63527</distance>
        </extensions>
      </trkpt>
      <trkpt lat="45.97772" lon="6.9298">
        <ele>1257</ele>
        <extensions>
          <distance>63557</distance>
        </extensions>
      </trkpt>
      <trkpt lat="45.97763" lon="6.929625">
        <ele>1255</ele>
        <extensions>
          <distance>63574</distance>
        </extensions>
      </trkpt>
      <trkpt lat="45.97754" lon="6.92945">
        <ele>1254</ele>
        <extensions>
          <distance>63591</distance>
        </extensions>
      </trkpt>
      <trkpt lat="45.97745" lon="6.9292750000000005">
        <ele>1252</ele>
        <extensions>
          <distance>63608</distance>
        </extensions>
      </trkpt>
      <trkpt lat="45.97736" lon="6.9291">
        <ele>1251</ele>
        <extensions>
          <distance>63625</distance>
        </extensions>
      </trkpt>
      <trkpt lat="45.97719" lon="6.92889">
        <ele>1249</ele>
        <extensions>
          <distance>63650</distance>
        </extensions>
      </trkpt>
      <trkpt lat="45.97703" lon="6.92878">
        <ele>1249</ele>
        <extensions>
          <distance>63669</distance>
        </extensions>
      </trkpt>
      <trkpt lat="45.97687" lon="6.92867">
        <ele>1249</ele>
        <extensions>
          <distance>63689</distance>
        </extensions>
      </trkpt>
      <trkpt lat="45.976695" lon="6.92863">
        <ele>1249</ele>
        <extensions>
          <distance>63709</distance>
        </extensions>
      </trkpt>
      <trkpt lat="45.97652" lon="6.92859">
        <ele>1249</ele>
        <extensions>
          <distance>63728</distance>
        </extensions>
      </trkpt>
      <trkpt lat="45.97638" lon="6.92868">
        <ele>1251</ele>
        <extensions>
          <distance>63746</distance>
        </extensions>
      </trkpt>
      <trkpt lat="45.97624" lon="6.92877">
        <ele>1251</ele>
        <extensions>
          <distance>63763</distance>
        </extensions>
      </trkpt>
      <trkpt lat="45.97611" lon="6.9287">
        <ele>1251</ele>
        <extensions>
          <distance>63778</distance>
        </extensions>
      </trkpt>
      <trkpt lat="45.97598" lon="6.92863">
        <ele>1251</ele>
        <extensions>
          <distance>63793</distance>
        </extensions>
      </trkpt>
      <trkpt lat="45.97585" lon="6.92853">
        <ele>1252</ele>
        <extensions>
          <distance>63810</distance>
        </extensions>
      </trkpt>
      <trkpt lat="45.97567" lon="6.92831">
        <ele>1252</ele>
        <extensions>
          <distance>63836</distance>
        </extensions>
      </trkpt>
      <trkpt lat="45.975505" lon="6.928295">
        <ele>1252</ele>
        <extensions>
          <distance>63855</distance>
        </extensions>
      </trkpt>
      <trkpt lat="45.97534" lon="6.92828">
        <ele>1255</ele>
        <extensions>
          <distance>63873</distance>
        </extensions>
      </trkpt>
      <trkpt lat="45.97526" lon="6.92825">
        <ele>1257</ele>
        <extensions>
          <distance>63882</distance>
        </extensions>
      </trkpt>
      <trkpt lat="45.97503" lon="6.92807">
        <ele>1263</ele>
        <extensions>
          <distance>63912</distance>
        </extensions>
      </trkpt>
      <trkpt lat="45.97488" lon="6.927975">
        <ele>1266</ele>
        <extensions>
          <distance>63931</distance>
        </extensions>
      </trkpt>
      <trkpt lat="45.97473" lon="6.92788">
        <ele>1270</ele>
        <extensions>
          <distance>63949</distance>
        </extensions>
      </trkpt>
      <trkpt lat="45.9745925" lon="6.9278275">
        <ele>1273</ele>
        <extensions>
          <distance>63965</distance>
        </extensions>
      </trkpt>
      <trkpt lat="45.974455" lon="6.9277750000000005">
        <ele>1275</ele>
        <extensions>
          <distance>63981</distance>
        </extensions>
      </trkpt>
      <trkpt lat="45.9743175" lon="6.9277225">
        <ele>1278</ele>
        <extensions>
          <distance>63997</distance>
        </extensions>
      </trkpt>
      <trkpt lat="45.97418" lon="6.92767">
        <ele>1281</ele>
        <extensions>
          <distance>64013</distance>
        </extensions>
      </trkpt>
      <trkpt lat="45.97408" lon="6.92761">
        <ele>1283</ele>
        <extensions>
          <distance>64026</distance>
        </extensions>
      </trkpt>
      <trkpt lat="45.97394" lon="6.9275">
        <ele>1283</ele>
        <extensions>
          <distance>64043</distance>
        </extensions>
      </trkpt>
      <trkpt lat="45.973839999999996" lon="6.927365">
        <ele>1283</ele>
        <extensions>
          <distance>64059</distance>
        </extensions>
      </trkpt>
      <trkpt lat="45.97374" lon="6.92723">
        <ele>1283</ele>
        <extensions>
          <distance>64074</distance>
        </extensions>
      </trkpt>
      <trkpt lat="45.97364" lon="6.9269099999999995">
        <ele>1276</ele>
        <extensions>
          <distance>64101</distance>
        </extensions>
      </trkpt>
      <trkpt lat="45.97354" lon="6.92659">
        <ele>1270</ele>
        <extensions>
          <distance>64129</distance>
        </extensions>
      </trkpt>
      <trkpt lat="45.973425" lon="6.926394999999999">
        <ele>1266</ele>
        <extensions>
          <distance>64149</distance>
        </extensions>
      </trkpt>
      <trkpt lat="45.97331" lon="6.9262">
        <ele>1265</ele>
        <extensions>
          <distance>64169</distance>
        </extensions>
      </trkpt>
      <trkpt lat="45.97326" lon="6.926">
        <ele>1261</ele>
        <extensions>
          <distance>64186</distance>
        </extensions>
      </trkpt>
      <trkpt lat="45.97322" lon="6.925750000000001">
        <ele>1256</ele>
        <extensions>
          <distance>64206</distance>
        </extensions>
      </trkpt>
      <trkpt lat="45.97318" lon="6.9255">
        <ele>1255</ele>
        <extensions>
          <distance>64226</distance>
        </extensions>
      </trkpt>
      <trkpt lat="45.97309" lon="6.92531">
        <ele>1255</ele>
        <extensions>
          <distance>64244</distance>
        </extensions>
      </trkpt>
      <trkpt lat="45.97292" lon="6.925129999999999">
        <ele>1255</ele>
        <extensions>
          <distance>64267</distance>
        </extensions>
      </trkpt>
      <trkpt lat="45.97275" lon="6.92495">
        <ele>1255</ele>
        <extensions>
          <distance>64291</distance>
        </extensions>
      </trkpt>
      <trkpt lat="45.972575" lon="6.92473">
        <ele>1260</ele>
        <extensions>
          <distance>64317</distance>
        </extensions>
      </trkpt>
      <trkpt lat="45.9724" lon="6.92451">
        <ele>1265</ele>
        <extensions>
          <distance>64343</distance>
        </extensions>
      </trkpt>
      <trkpt lat="45.972265" lon="6.92439">
        <ele>1268</ele>
        <extensions>
          <distance>64361</distance>
        </extensions>
      </trkpt>
      <trkpt lat="45.97213" lon="6.92427">
        <ele>1271</ele>
        <extensions>
          <distance>64379</distance>
        </extensions>
      </trkpt>
      <trkpt lat="45.97201" lon="6.9241">
        <ele>1272</ele>
        <extensions>
          <distance>64398</distance>
        </extensions>
      </trkpt>
      <trkpt lat="45.971872499999996" lon="6.923942500000001">
        <ele>1274</ele>
        <extensions>
          <distance>64417</distance>
        </extensions>
      </trkpt>
      <trkpt lat="45.971734999999995" lon="6.9237850000000005">
        <ele>1276</ele>
        <extensions>
          <distance>64437</distance>
        </extensions>
      </trkpt>
      <trkpt lat="45.9715975" lon="6.9236275">
        <ele>1276</ele>
        <extensions>
          <distance>64457</distance>
        </extensions>
      </trkpt>
      <trkpt lat="45.97146" lon="6.92347">
        <ele>1278</ele>
        <extensions>
          <distance>64476</distance>
        </extensions>
      </trkpt>
      <trkpt lat="45.971255" lon="6.9232700000000005">
        <ele>1278</ele>
        <extensions>
          <distance>64504</distance>
        </extensions>
      </trkpt>
      <trkpt lat="45.97105" lon="6.92307">
        <ele>1278</ele>
        <extensions>
          <distance>64531</distance>
        </extensions>
      </trkpt>
      <trkpt lat="45.97088" lon="6.92298">
        <ele>1278</ele>
        <extensions>
          <distance>64552</distance>
        </extensions>
      </trkpt>
      <trkpt lat="45.97082" lon="6.92292">
        <ele>1276</ele>
        <extensions>
          <distance>64560</distance>
        </extensions>
      </trkpt>
      <trkpt lat="45.97074" lon="6.92273">
        <ele>1274</ele>
        <extensions>
          <distance>64577</distance>
        </extensions>
      </trkpt>
      <trkpt lat="45.970704999999995" lon="6.92251">
        <ele>1265</ele>
        <extensions>
          <distance>64597</distance>
        </extensions>
      </trkpt>
      <trkpt lat="45.97067" lon="6.92229">
        <ele>1259</ele>
        <extensions>
          <distance>64615</distance>
        </extensions>
      </trkpt>
      <trkpt lat="45.97059" lon="6.92203">
        <ele>1256</ele>
        <extensions>
          <distance>64637</distance>
        </extensions>
      </trkpt>
      <trkpt lat="45.970439999999996" lon="6.921785">
        <ele>1255</ele>
        <extensions>
          <distance>64663</distance>
        </extensions>
      </trkpt>
      <trkpt lat="45.97029" lon="6.92154">
        <ele>1255</ele>
        <extensions>
          <distance>64688</distance>
        </extensions>
      </trkpt>
      <trkpt lat="45.97007" lon="6.92133">
        <ele>1255</ele>
        <extensions>
          <distance>64717</distance>
        </extensions>
      </trkpt>
      <trkpt lat="45.96989" lon="6.921200000000001">
        <ele>1252</ele>
        <extensions>
          <distance>64740</distance>
        </extensions>
      </trkpt>
      <trkpt lat="45.96971" lon="6.92107">
        <ele>1252</ele>
        <extensions>
          <distance>64762</distance>
        </extensions>
      </trkpt>
      <trkpt lat="45.96961" lon="6.92098">
        <ele>1253</ele>
        <extensions>
          <distance>64775</distance>
        </extensions>
      </trkpt>
      <trkpt lat="45.96946" lon="6.92073">
        <ele>1255</ele>
        <extensions>
          <distance>64801</distance>
        </extensions>
      </trkpt>
      <trkpt lat="45.96937" lon="6.92061">
        <ele>1256</ele>
        <extensions>
          <distance>64815</distance>
        </extensions>
      </trkpt>
      <trkpt lat="45.969215" lon="6.920465">
        <ele>1256</ele>
        <extensions>
          <distance>64835</distance>
        </extensions>
      </trkpt>
      <trkpt lat="45.96906" lon="6.92032">
        <ele>1258</ele>
        <extensions>
          <distance>64856</distance>
        </extensions>
      </trkpt>
      <trkpt lat="45.968885" lon="6.92019">
        <ele>1262</ele>
        <extensions>
          <distance>64878</distance>
        </extensions>
      </trkpt>
      <trkpt lat="45.96871" lon="6.92006">
        <ele>1266</ele>
        <extensions>
          <distance>64900</distance>
        </extensions>
      </trkpt>
      <trkpt lat="45.968555" lon="6.91988">
        <ele>1266</ele>
        <extensions>
          <distance>64922</distance>
        </extensions>
      </trkpt>
      <trkpt lat="45.9684" lon="6.9197">
        <ele>1266</ele>
        <extensions>
          <distance>64945</distance>
        </extensions>
      </trkpt>
      <trkpt lat="45.9682575" lon="6.9195925">
        <ele>1269</ele>
        <extensions>
          <distance>64963</distance>
        </extensions>
      </trkpt>
      <trkpt lat="45.968115" lon="6.919485">
        <ele>1274</ele>
        <extensions>
          <distance>64981</distance>
        </extensions>
      </trkpt>
      <trkpt lat="45.9679725" lon="6.9193774999999995">
        <ele>1278</ele>
        <extensions>
          <distance>65000</distance>
        </extensions>
      </trkpt>
      <trkpt lat="45.96783" lon="6.91927">
        <ele>1280</ele>
        <extensions>
          <distance>65017</distance>
        </extensions>
      </trkpt>
      <trkpt lat="45.967685" lon="6.919095">
        <ele>1280</ele>
        <extensions>
          <distance>65038</distance>
        </extensions>
      </trkpt>
      <trkpt lat="45.96754" lon="6.91892">
        <ele>1280</ele>
        <extensions>
          <distance>65060</distance>
        </extensions>
      </trkpt>
      <trkpt lat="45.967415" lon="6.9188">
        <ele>1281</ele>
        <extensions>
          <distance>65076</distance>
        </extensions>
      </trkpt>
      <trkpt lat="45.96729" lon="6.91868">
        <ele>1281</ele>
        <extensions>
          <distance>65093</distance>
        </extensions>
      </trkpt>
      <trkpt lat="45.967150000000004" lon="6.91859">
        <ele>1283</ele>
        <extensions>
          <distance>65110</distance>
        </extensions>
      </trkpt>
      <trkpt lat="45.96701" lon="6.9185">
        <ele>1283</ele>
        <extensions>
          <distance>65127</distance>
        </extensions>
      </trkpt>
      <trkpt lat="45.96695" lon="6.91842">
        <ele>1284</ele>
        <extensions>
          <distance>65136</distance>
        </extensions>
      </trkpt>
      <trkpt lat="45.96691" lon="6.9183">
        <ele>1286</ele>
        <extensions>
          <distance>65147</distance>
        </extensions>
      </trkpt>
      <trkpt lat="45.96684" lon="6.91818">
        <ele>1287</ele>
        <extensions>
          <distance>65159</distance>
        </extensions>
      </trkpt>
      <trkpt lat="45.96676" lon="6.91812">
        <ele>1287</ele>
        <extensions>
          <distance>65169</distance>
        </extensions>
      </trkpt>
      <trkpt lat="45.96662" lon="6.91811">
        <ele>1295</ele>
        <extensions>
          <distance>65186</distance>
        </extensions>
      </trkpt>
      <trkpt lat="45.96656" lon="6.91807">
        <ele>1295</ele>
        <extensions>
          <distance>65193</distance>
        </extensions>
      </trkpt>
      <trkpt lat="45.96641" lon="6.91781">
        <ele>1295</ele>
        <extensions>
          <distance>65219</distance>
        </extensions>
      </trkpt>
      <trkpt lat="45.966295" lon="6.917645">
        <ele>1295</ele>
        <extensions>
          <distance>65237</distance>
        </extensions>
      </trkpt>
      <trkpt lat="45.96618" lon="6.91748">
        <ele>1294</ele>
        <extensions>
          <distance>65255</distance>
        </extensions>
      </trkpt>
      <trkpt lat="45.966015" lon="6.917285">
        <ele>1294</ele>
        <extensions>
          <distance>65279</distance>
        </extensions>
      </trkpt>
      <trkpt lat="45.96585" lon="6.91709">
        <ele>1289</ele>
        <extensions>
          <distance>65303</distance>
        </extensions>
      </trkpt>
      <trkpt lat="45.9657" lon="6.9169350000000005">
        <ele>1289</ele>
        <extensions>
          <distance>65324</distance>
        </extensions>
      </trkpt>
      <trkpt lat="45.96555" lon="6.91678">
        <ele>1288</ele>
        <extensions>
          <distance>65344</distance>
        </extensions>
      </trkpt>
      <trkpt lat="45.965410000000006" lon="6.916655">
        <ele>1288</ele>
        <extensions>
          <distance>65363</distance>
        </extensions>
      </trkpt>
      <trkpt lat="45.965270000000004" lon="6.91653">
        <ele>1288</ele>
        <extensions>
          <distance>65381</distance>
        </extensions>
      </trkpt>
      <trkpt lat="45.96513" lon="6.916405">
        <ele>1287</ele>
        <extensions>
          <distance>65399</distance>
        </extensions>
      </trkpt>
      <trkpt lat="45.96499" lon="6.91628">
        <ele>1286</ele>
        <extensions>
          <distance>65418</distance>
        </extensions>
      </trkpt>
      <trkpt lat="45.964845" lon="6.916125">
        <ele>1284</ele>
        <extensions>
          <distance>65438</distance>
        </extensions>
      </trkpt>
      <trkpt lat="45.9647" lon="6.91597">
        <ele>1281</ele>
        <extensions>
          <distance>65458</distance>
        </extensions>
      </trkpt>
      <trkpt lat="45.96455" lon="6.91584">
        <ele>1280</ele>
        <extensions>
          <distance>65478</distance>
        </extensions>
      </trkpt>
      <trkpt lat="45.964439999999996" lon="6.915635">
        <ele>1275</ele>
        <extensions>
          <distance>65498</distance>
        </extensions>
      </trkpt>
      <trkpt lat="45.96433" lon="6.91543">
        <ele>1273</ele>
        <extensions>
          <distance>65518</distance>
        </extensions>
      </trkpt>
      <trkpt lat="45.96425" lon="6.91532">
        <ele>1273</ele>
        <extensions>
          <distance>65530</distance>
        </extensions>
      </trkpt>
      <trkpt lat="45.96412" lon="6.915185">
        <ele>1272</ele>
        <extensions>
          <distance>65548</distance>
        </extensions>
      </trkpt>
      <trkpt lat="45.96399" lon="6.91505">
        <ele>1272</ele>
        <extensions>
          <distance>65566</distance>
        </extensions>
      </trkpt>
      <trkpt lat="45.96384" lon="6.91483">
        <ele>1272</ele>
        <extensions>
          <distance>65590</distance>
        </extensions>
      </trkpt>
      <trkpt lat="45.96371499999999" lon="6.914595">
        <ele>1269</ele>
        <extensions>
          <distance>65613</distance>
        </extensions>
      </trkpt>
      <trkpt lat="45.963589999999996" lon="6.91436">
        <ele>1268</ele>
        <extensions>
          <distance>65636</distance>
        </extensions>
      </trkpt>
      <trkpt lat="45.963465" lon="6.914125">
        <ele>1266</ele>
        <extensions>
          <distance>65659</distance>
        </extensions>
      </trkpt>
      <trkpt lat="45.96334" lon="6.91389">
        <ele>1265</ele>
        <extensions>
          <distance>65682</distance>
        </extensions>
      </trkpt>
      <trkpt lat="45.963235" lon="6.913755">
        <ele>1264</ele>
        <extensions>
          <distance>65698</distance>
        </extensions>
      </trkpt>
      <trkpt lat="45.96313" lon="6.91362">
        <ele>1263</ele>
        <extensions>
          <distance>65713</distance>
        </extensions>
      </trkpt>
      <trkpt lat="45.96291" lon="6.9134">
        <ele>1260</ele>
        <extensions>
          <distance>65743</distance>
        </extensions>
      </trkpt>
      <trkpt lat="45.96275" lon="6.913195">
        <ele>1258</ele>
        <extensions>
          <distance>65767</distance>
        </extensions>
      </trkpt>
      <trkpt lat="45.96259" lon="6.91299">
        <ele>1254</ele>
        <extensions>
          <distance>65791</distance>
        </extensions>
      </trkpt>
      <trkpt lat="45.962405000000004" lon="6.9128">
        <ele>1251</ele>
        <extensions>
          <distance>65817</distance>
        </extensions>
      </trkpt>
      <trkpt lat="45.96222" lon="6.91261">
        <ele>1247</ele>
        <extensions>
          <distance>65842</distance>
        </extensions>
      </trkpt>
      <trkpt lat="45.96213" lon="6.91254">
        <ele>1245</ele>
        <extensions>
          <distance>65854</distance>
        </extensions>
      </trkpt>
      <trkpt lat="45.961955" lon="6.9125">
        <ele>1243</ele>
        <extensions>
          <distance>65874</distance>
        </extensions>
      </trkpt>
      <trkpt lat="45.96178" lon="6.91246">
        <ele>1242</ele>
        <extensions>
          <distance>65893</distance>
        </extensions>
      </trkpt>
      <trkpt lat="45.96169" lon="6.91241">
        <ele>1241</ele>
        <extensions>
          <distance>65904</distance>
        </extensions>
      </trkpt>
      <trkpt lat="45.961455" lon="6.91223">
        <ele>1238</ele>
        <extensions>
          <distance>65934</distance>
        </extensions>
      </trkpt>
      <trkpt lat="45.96122" lon="6.91205">
        <ele>1237</ele>
        <extensions>
          <distance>65964</distance>
        </extensions>
      </trkpt>
      <trkpt lat="45.961025" lon="6.911865">
        <ele>1237</ele>
        <extensions>
          <distance>65990</distance>
        </extensions>
      </trkpt>
      <trkpt lat="45.96083" lon="6.91168">
        <ele>1236</ele>
        <extensions>
          <distance>66016</distance>
        </extensions>
      </trkpt>
      <trkpt lat="45.9606475" lon="6.911474999999999">
        <ele>1236</ele>
        <extensions>
          <distance>66041</distance>
        </extensions>
      </trkpt>
      <trkpt lat="45.960465" lon="6.91127">
        <ele>1234</ele>
        <extensions>
          <distance>66067</distance>
        </extensions>
      </trkpt>
      <trkpt lat="45.9602825" lon="6.911065">
        <ele>1231</ele>
        <extensions>
          <distance>66093</distance>
        </extensions>
      </trkpt>
      <trkpt lat="45.9601" lon="6.91086">
        <ele>1226</ele>
        <extensions>
          <distance>66119</distance>
        </extensions>
      </trkpt>
      <trkpt lat="45.96004" lon="6.91078">
        <ele>1225</ele>
        <extensions>
          <distance>66129</distance>
        </extensions>
      </trkpt>
      <trkpt lat="45.95995" lon="6.91059">
        <ele>1222</ele>
        <extensions>
          <distance>66147</distance>
        </extensions>
      </trkpt>
      <trkpt lat="45.95982" lon="6.91039">
        <ele>1219</ele>
        <extensions>
          <distance>66168</distance>
        </extensions>
      </trkpt>
      <trkpt lat="45.95965" lon="6.91022">
        <ele>1217</ele>
        <extensions>
          <distance>66191</distance>
        </extensions>
      </trkpt>
      <trkpt lat="45.95952750000001" lon="6.9101300000000005">
        <ele>1215</ele>
        <extensions>
          <distance>66207</distance>
        </extensions>
      </trkpt>
      <trkpt lat="45.959405000000004" lon="6.91004">
        <ele>1214</ele>
        <extensions>
          <distance>66222</distance>
        </extensions>
      </trkpt>
      <trkpt lat="45.9592825" lon="6.90995">
        <ele>1213</ele>
        <extensions>
          <distance>66237</distance>
        </extensions>
      </trkpt>
      <trkpt lat="45.95916" lon="6.90986">
        <ele>1212</ele>
        <extensions>
          <distance>66253</distance>
        </extensions>
      </trkpt>
      <trkpt lat="45.9590575" lon="6.9097275">
        <ele>1211</ele>
        <extensions>
          <distance>66268</distance>
        </extensions>
      </trkpt>
      <trkpt lat="45.958955" lon="6.9095949999999995">
        <ele>1211</ele>
        <extensions>
          <distance>66283</distance>
        </extensions>
      </trkpt>
      <trkpt lat="45.958852500000006" lon="6.9094625">
        <ele>1210</ele>
        <extensions>
          <distance>66299</distance>
        </extensions>
      </trkpt>
      <trkpt lat="45.95875" lon="6.90933">
        <ele>1209</ele>
        <extensions>
          <distance>66314</distance>
        </extensions>
      </trkpt>
      <trkpt lat="45.958645000000004" lon="6.9092">
        <ele>1209</ele>
        <extensions>
          <distance>66329</distance>
        </extensions>
      </trkpt>
      <trkpt lat="45.95854" lon="6.90907">
        <ele>1207</ele>
        <extensions>
          <distance>66345</distance>
        </extensions>
      </trkpt>
      <trkpt lat="45.958434999999994" lon="6.908939999999999">
        <ele>1207</ele>
        <extensions>
          <distance>66360</distance>
        </extensions>
      </trkpt>
      <trkpt lat="45.95833" lon="6.90881">
        <ele>1206</ele>
        <extensions>
          <distance>66376</distance>
        </extensions>
      </trkpt>
      <trkpt lat="45.95823" lon="6.908614999999999">
        <ele>1205</ele>
        <extensions>
          <distance>66395</distance>
        </extensions>
      </trkpt>
      <trkpt lat="45.95813" lon="6.90842">
        <ele>1204</ele>
        <extensions>
          <distance>66413</distance>
        </extensions>
      </trkpt>
      <trkpt lat="45.958015" lon="6.90823">
        <ele>1204</ele>
        <extensions>
          <distance>66433</distance>
        </extensions>
      </trkpt>
      <trkpt lat="45.9579" lon="6.90804">
        <ele>1203</ele>
        <extensions>
          <distance>66452</distance>
        </extensions>
      </trkpt>
      <trkpt lat="45.95779" lon="6.90779">
        <ele>1202</ele>
        <extensions>
          <distance>66475</distance>
        </extensions>
      </trkpt>
      <trkpt lat="45.95768" lon="6.90754">
        <ele>1201</ele>
        <extensions>
          <distance>66498</distance>
        </extensions>
      </trkpt>
      <trkpt lat="45.95759" lon="6.907395">
        <ele>1200</ele>
        <extensions>
          <distance>66513</distance>
        </extensions>
      </trkpt>
      <trkpt lat="45.9575" lon="6.90725">
        <ele>1200</ele>
        <extensions>
          <distance>66528</distance>
        </extensions>
      </trkpt>
      <trkpt lat="45.95739" lon="6.90698">
        <ele>1200</ele>
        <extensions>
          <distance>66553</distance>
        </extensions>
      </trkpt>
      <trkpt lat="45.95731" lon="6.90667">
        <ele>1200</ele>
        <extensions>
          <distance>66578</distance>
        </extensions>
      </trkpt>
      <trkpt lat="45.95726" lon="6.90632">
        <ele>1201</ele>
        <extensions>
          <distance>66606</distance>
        </extensions>
      </trkpt>
      <trkpt lat="45.95712" lon="6.9063">
        <ele>1201</ele>
        <extensions>
          <distance>66622</distance>
        </extensions>
      </trkpt>
      <trkpt lat="45.95698" lon="6.90628">
        <ele>1201</ele>
        <extensions>
          <distance>66637</distance>
        </extensions>
      </trkpt>
      <trkpt lat="45.95698" lon="6.90606">
        <ele>1204</ele>
        <extensions>
          <distance>66654</distance>
        </extensions>
      </trkpt>
      <trkpt lat="45.956815000000006" lon="6.905995">
        <ele>1205</ele>
        <extensions>
          <distance>66673</distance>
        </extensions>
      </trkpt>
      <trkpt lat="45.95665" lon="6.90593">
        <ele>1207</ele>
        <extensions>
          <distance>66692</distance>
        </extensions>
      </trkpt>
      <trkpt lat="45.956500000000005" lon="6.90593">
        <ele>1207</ele>
        <extensions>
          <distance>66709</distance>
        </extensions>
      </trkpt>
      <trkpt lat="45.95635" lon="6.90593">
        <ele>1208</ele>
        <extensions>
          <distance>66726</distance>
        </extensions>
      </trkpt>
      <trkpt lat="45.95627" lon="6.90583">
        <ele>1209</ele>
        <extensions>
          <distance>66738</distance>
        </extensions>
      </trkpt>
      <trkpt lat="45.9562" lon="6.90567">
        <ele>1212</ele>
        <extensions>
          <distance>66752</distance>
        </extensions>
      </trkpt>
      <trkpt lat="45.95613" lon="6.9056">
        <ele>1213</ele>
        <extensions>
          <distance>66762</distance>
        </extensions>
      </trkpt>
      <trkpt lat="45.95604" lon="6.9056">
        <ele>1214</ele>
        <extensions>
          <distance>66772</distance>
        </extensions>
      </trkpt>
      <trkpt lat="45.95581" lon="6.90565">
        <ele>1217</ele>
        <extensions>
          <distance>66798</distance>
        </extensions>
      </trkpt>
      <trkpt lat="45.95555" lon="6.905654999999999">
        <ele>1220</ele>
        <extensions>
          <distance>66827</distance>
        </extensions>
      </trkpt>
      <trkpt lat="45.95529" lon="6.90566">
        <ele>1222</ele>
        <extensions>
          <distance>66856</distance>
        </extensions>
      </trkpt>
      <trkpt lat="45.95518" lon="6.90563">
        <ele>1224</ele>
        <extensions>
          <distance>66869</distance>
        </extensions>
      </trkpt>
      <trkpt lat="45.95515" lon="6.90557">
        <ele>1224</ele>
        <extensions>
          <distance>66874</distance>
        </extensions>
      </trkpt>
      <trkpt lat="45.955015" lon="6.90549">
        <ele>1226</ele>
        <extensions>
          <distance>66891</distance>
        </extensions>
      </trkpt>
      <trkpt lat="45.95488" lon="6.90541">
        <ele>1228</ele>
        <extensions>
          <distance>66907</distance>
        </extensions>
      </trkpt>
      <trkpt lat="45.95484" lon="6.90531">
        <ele>1229</ele>
        <extensions>
          <distance>66916</distance>
        </extensions>
      </trkpt>
      <trkpt lat="45.954665" lon="6.905385">
        <ele>1230</ele>
        <extensions>
          <distance>66936</distance>
        </extensions>
      </trkpt>
      <trkpt lat="45.95449" lon="6.90546">
        <ele>1231</ele>
        <extensions>
          <distance>66957</distance>
        </extensions>
      </trkpt>
      <trkpt lat="45.95437" lon="6.90546">
        <ele>1233</ele>
        <extensions>
          <distance>66970</distance>
        </extensions>
      </trkpt>
      <trkpt lat="45.954125" lon="6.90537">
        <ele>1234</ele>
        <extensions>
          <distance>66998</distance>
        </extensions>
      </trkpt>
      <trkpt lat="45.95388" lon="6.90528">
        <ele>1234</ele>
        <extensions>
          <distance>67026</distance>
        </extensions>
      </trkpt>
      <trkpt lat="45.9537" lon="6.90514">
        <ele>1234</ele>
        <extensions>
          <distance>67049</distance>
        </extensions>
      </trkpt>
      <trkpt lat="45.95345" lon="6.905">
        <ele>1234</ele>
        <extensions>
          <distance>67079</distance>
        </extensions>
      </trkpt>
      <trkpt lat="45.953275" lon="6.904982500000001">
        <ele>1234</ele>
        <extensions>
          <distance>67098</distance>
        </extensions>
      </trkpt>
      <trkpt lat="45.9531" lon="6.904965000000001">
        <ele>1233</ele>
        <extensions>
          <distance>67118</distance>
        </extensions>
      </trkpt>
      <trkpt lat="45.952925" lon="6.9049475000000005">
        <ele>1233</ele>
        <extensions>
          <distance>67137</distance>
        </extensions>
      </trkpt>
      <trkpt lat="45.95275" lon="6.90493">
        <ele>1233</ele>
        <extensions>
          <distance>67157</distance>
        </extensions>
      </trkpt>
      <trkpt lat="45.95249" lon="6.90495">
        <ele>1233</ele>
        <extensions>
          <distance>67186</distance>
        </extensions>
      </trkpt>
      <trkpt lat="45.95234" lon="6.90503">
        <ele>1232</ele>
        <extensions>
          <distance>67204</distance>
        </extensions>
      </trkpt>
      <trkpt lat="45.952205" lon="6.905075">
        <ele>1232</ele>
        <extensions>
          <distance>67219</distance>
        </extensions>
      </trkpt>
      <trkpt lat="45.95207" lon="6.90512">
        <ele>1232</ele>
        <extensions>
          <distance>67234</distance>
        </extensions>
      </trkpt>
      <trkpt lat="45.95192" lon="6.9051125">
        <ele>1232</ele>
        <extensions>
          <distance>67251</distance>
        </extensions>
      </trkpt>
      <trkpt lat="45.951769999999996" lon="6.905105000000001">
        <ele>1229</ele>
        <extensions>
          <distance>67268</distance>
        </extensions>
      </trkpt>
      <trkpt lat="45.95162" lon="6.9050975">
        <ele>1227</ele>
        <extensions>
          <distance>67285</distance>
        </extensions>
      </trkpt>
      <trkpt lat="45.95147" lon="6.90509">
        <ele>1223</ele>
        <extensions>
          <distance>67302</distance>
        </extensions>
      </trkpt>
      <trkpt lat="45.95129" lon="6.905135">
        <ele>1223</ele>
        <extensions>
          <distance>67322</distance>
        </extensions>
      </trkpt>
      <trkpt lat="45.95111" lon="6.90518">
        <ele>1223</ele>
        <extensions>
          <distance>67342</distance>
        </extensions>
      </trkpt>
      <trkpt lat="45.95091" lon="6.90526">
        <ele>1223</ele>
        <extensions>
          <distance>67365</distance>
        </extensions>
      </trkpt>
      <trkpt lat="45.950755" lon="6.905535">
        <ele>1226</ele>
        <extensions>
          <distance>67393</distance>
        </extensions>
      </trkpt>
      <trkpt lat="45.9506" lon="6.905810000000001">
        <ele>1228</ele>
        <extensions>
          <distance>67420</distance>
        </extensions>
      </trkpt>
      <trkpt lat="45.950445" lon="6.906085000000001">
        <ele>1229</ele>
        <extensions>
          <distance>67448</distance>
        </extensions>
      </trkpt>
      <trkpt lat="45.95029" lon="6.90636">
        <ele>1229</ele>
        <extensions>
          <distance>67475</distance>
        </extensions>
      </trkpt>
      <trkpt lat="45.9502225" lon="6.9065625">
        <ele>1231</ele>
        <extensions>
          <distance>67493</distance>
        </extensions>
      </trkpt>
      <trkpt lat="45.950155" lon="6.906765">
        <ele>1234</ele>
        <extensions>
          <distance>67510</distance>
        </extensions>
      </trkpt>
      <trkpt lat="45.9500875" lon="6.9069675">
        <ele>1234</ele>
        <extensions>
          <distance>67528</distance>
        </extensions>
      </trkpt>
      <trkpt lat="45.95002" lon="6.90717">
        <ele>1234</ele>
        <extensions>
          <distance>67545</distance>
        </extensions>
      </trkpt>
      <trkpt lat="45.94989" lon="6.90729">
        <ele>1234</ele>
        <extensions>
          <distance>67562</distance>
        </extensions>
      </trkpt>
      <trkpt lat="45.94985" lon="6.90729">
        <ele>1233</ele>
        <extensions>
          <distance>67567</distance>
        </extensions>
      </trkpt>
      <trkpt lat="45.94979" lon="6.90724">
        <ele>1232</ele>
        <extensions>
          <distance>67574</distance>
        </extensions>
      </trkpt>
      <trkpt lat="45.94978" lon="6.9071">
        <ele>1230</ele>
        <extensions>
          <distance>67585</distance>
        </extensions>
      </trkpt>
      <trkpt lat="45.94982" lon="6.907">
        <ele>1228</ele>
        <extensions>
          <distance>67594</distance>
        </extensions>
      </trkpt>
      <trkpt lat="45.94988" lon="6.90691">
        <ele>1227</ele>
        <extensions>
          <distance>67604</distance>
        </extensions>
      </trkpt>
      <trkpt lat="45.94989" lon="6.90682">
        <ele>1226</ele>
        <extensions>
          <distance>67611</distance>
        </extensions>
      </trkpt>
      <trkpt lat="45.9498" lon="6.90654">
        <ele>1219</ele>
        <extensions>
          <distance>67636</distance>
        </extensions>
      </trkpt>
      <trkpt lat="45.94978" lon="6.90631">
        <ele>1212</ele>
        <extensions>
          <distance>67656</distance>
        </extensions>
      </trkpt>
      <trkpt lat="45.949695" lon="6.906035">
        <ele>1205</ele>
        <extensions>
          <distance>67680</distance>
        </extensions>
      </trkpt>
      <trkpt lat="45.94961" lon="6.90576">
        <ele>1197</ele>
        <extensions>
          <distance>67705</distance>
        </extensions>
      </trkpt>
      <trkpt lat="45.94952" lon="6.90567">
        <ele>1196</ele>
        <extensions>
          <distance>67717</distance>
        </extensions>
      </trkpt>
      <trkpt lat="45.949385" lon="6.905625">
        <ele>1196</ele>
        <extensions>
          <distance>67732</distance>
        </extensions>
      </trkpt>
      <trkpt lat="45.94925" lon="6.90558">
        <ele>1196</ele>
        <extensions>
          <distance>67748</distance>
        </extensions>
      </trkpt>
      <trkpt lat="45.949110000000005" lon="6.9054649999999995">
        <ele>1195</ele>
        <extensions>
          <distance>67765</distance>
        </extensions>
      </trkpt>
      <trkpt lat="45.94897" lon="6.90535">
        <ele>1195</ele>
        <extensions>
          <distance>67783</distance>
        </extensions>
      </trkpt>
      <trkpt lat="45.94886" lon="6.9053">
        <ele>1195</ele>
        <extensions>
          <distance>67796</distance>
        </extensions>
      </trkpt>
      <trkpt lat="45.94873" lon="6.9053">
        <ele>1195</ele>
        <extensions>
          <distance>67811</distance>
        </extensions>
      </trkpt>
      <trkpt lat="45.94866" lon="6.90514">
        <ele>1192</ele>
        <extensions>
          <distance>67825</distance>
        </extensions>
      </trkpt>
      <trkpt lat="45.94864" lon="6.90497">
        <ele>1190</ele>
        <extensions>
          <distance>67839</distance>
        </extensions>
      </trkpt>
      <trkpt lat="45.94871" lon="6.90474">
        <ele>1186</ele>
        <extensions>
          <distance>67859</distance>
        </extensions>
      </trkpt>
      <trkpt lat="45.94866" lon="6.90447">
        <ele>1181</ele>
        <extensions>
          <distance>67881</distance>
        </extensions>
      </trkpt>
      <trkpt lat="45.948535" lon="6.90424">
        <ele>1179</ele>
        <extensions>
          <distance>67904</distance>
        </extensions>
      </trkpt>
      <trkpt lat="45.94841" lon="6.90401">
        <ele>1178</ele>
        <extensions>
          <distance>67926</distance>
        </extensions>
      </trkpt>
      <trkpt lat="45.948325" lon="6.903795000000001">
        <ele>1175</ele>
        <extensions>
          <distance>67946</distance>
        </extensions>
      </trkpt>
      <trkpt lat="45.94824" lon="6.90358">
        <ele>1173</ele>
        <extensions>
          <distance>67965</distance>
        </extensions>
      </trkpt>
      <trkpt lat="45.94813" lon="6.90348">
        <ele>1171</ele>
        <extensions>
          <distance>67980</distance>
        </extensions>
      </trkpt>
      <trkpt lat="45.94794" lon="6.90337">
        <ele>1170</ele>
        <extensions>
          <distance>68002</distance>
        </extensions>
      </trkpt>
      <trkpt lat="45.94784" lon="6.9034">
        <ele>1169</ele>
        <extensions>
          <distance>68014</distance>
        </extensions>
      </trkpt>
      <trkpt lat="45.94778" lon="6.90347">
        <ele>1167</ele>
        <extensions>
          <distance>68023</distance>
        </extensions>
      </trkpt>
      <trkpt lat="45.94774" lon="6.90364">
        <ele>1167</ele>
        <extensions>
          <distance>68036</distance>
        </extensions>
      </trkpt>
      <trkpt lat="45.947770000000006" lon="6.903840000000001">
        <ele>1166</ele>
        <extensions>
          <distance>68052</distance>
        </extensions>
      </trkpt>
      <trkpt lat="45.9478" lon="6.90404">
        <ele>1165</ele>
        <extensions>
          <distance>68068</distance>
        </extensions>
      </trkpt>
      <trkpt lat="45.9479" lon="6.90437">
        <ele>1165</ele>
        <extensions>
          <distance>68096</distance>
        </extensions>
      </trkpt>
      <trkpt lat="45.94788" lon="6.90465">
        <ele>1164</ele>
        <extensions>
          <distance>68118</distance>
        </extensions>
      </trkpt>
      <trkpt lat="45.94773" lon="6.90493">
        <ele>1159</ele>
        <extensions>
          <distance>68146</distance>
        </extensions>
      </trkpt>
      <trkpt lat="45.94763" lon="6.90503">
        <ele>1155</ele>
        <extensions>
          <distance>68160</distance>
        </extensions>
      </trkpt>
      <trkpt lat="45.94752" lon="6.90508">
        <ele>1151</ele>
        <extensions>
          <distance>68173</distance>
        </extensions>
      </trkpt>
      <trkpt lat="45.94745" lon="6.90503">
        <ele>1150</ele>
        <extensions>
          <distance>68182</distance>
        </extensions>
      </trkpt>
      <trkpt lat="45.9474" lon="6.90483">
        <ele>1149</ele>
        <extensions>
          <distance>68199</distance>
        </extensions>
      </trkpt>
      <trkpt lat="45.94744" lon="6.90457">
        <ele>1149</ele>
        <extensions>
          <distance>68219</distance>
        </extensions>
      </trkpt>
      <trkpt lat="45.94739" lon="6.90445">
        <ele>1148</ele>
        <extensions>
          <distance>68230</distance>
        </extensions>
      </trkpt>
      <trkpt lat="45.94732" lon="6.90434">
        <ele>1147</ele>
        <extensions>
          <distance>68242</distance>
        </extensions>
      </trkpt>
      <trkpt lat="45.9472" lon="6.90403">
        <ele>1144</ele>
        <extensions>
          <distance>68269</distance>
        </extensions>
      </trkpt>
      <trkpt lat="45.94712" lon="6.90392">
        <ele>1142</ele>
        <extensions>
          <distance>68282</distance>
        </extensions>
      </trkpt>
      <trkpt lat="45.94701" lon="6.9036">
        <ele>1141</ele>
        <extensions>
          <distance>68309</distance>
        </extensions>
      </trkpt>
      <trkpt lat="45.94696" lon="6.90339">
        <ele>1141</ele>
        <extensions>
          <distance>68327</distance>
        </extensions>
      </trkpt>
      <trkpt lat="45.94676" lon="6.90315">
        <ele>1140</ele>
        <extensions>
          <distance>68356</distance>
        </extensions>
      </trkpt>
      <trkpt lat="45.946574999999996" lon="6.9030125">
        <ele>1138</ele>
        <extensions>
          <distance>68379</distance>
        </extensions>
      </trkpt>
      <trkpt lat="45.946389999999994" lon="6.902875">
        <ele>1137</ele>
        <extensions>
          <distance>68402</distance>
        </extensions>
      </trkpt>
      <trkpt lat="45.94620499999999" lon="6.9027375">
        <ele>1135</ele>
        <extensions>
          <distance>68425</distance>
        </extensions>
      </trkpt>
      <trkpt lat="45.94602" lon="6.9026">
        <ele>1132</ele>
        <extensions>
          <distance>68449</distance>
        </extensions>
      </trkpt>
      <trkpt lat="45.94583" lon="6.90239">
        <ele>1131</ele>
        <extensions>
          <distance>68475</distance>
        </extensions>
      </trkpt>
      <trkpt lat="45.94564" lon="6.902205">
        <ele>1130</ele>
        <extensions>
          <distance>68501</distance>
        </extensions>
      </trkpt>
      <trkpt lat="45.94545" lon="6.90202">
        <ele>1128</ele>
        <extensions>
          <distance>68526</distance>
        </extensions>
      </trkpt>
      <trkpt lat="45.945265" lon="6.90194">
        <ele>1125</ele>
        <extensions>
          <distance>68548</distance>
        </extensions>
      </trkpt>
      <trkpt lat="45.94508" lon="6.90186">
        <ele>1124</ele>
        <extensions>
          <distance>68570</distance>
        </extensions>
      </trkpt>
      <trkpt lat="45.944975" lon="6.901615">
        <ele>1122</ele>
        <extensions>
          <distance>68592</distance>
        </extensions>
      </trkpt>
      <trkpt lat="45.94487" lon="6.90137">
        <ele>1122</ele>
        <extensions>
          <distance>68614</distance>
        </extensions>
      </trkpt>
      <trkpt lat="45.9447" lon="6.90115">
        <ele>1122</ele>
        <extensions>
          <distance>68640</distance>
        </extensions>
      </trkpt>
      <trkpt lat="45.944535" lon="6.90105">
        <ele>1116</ele>
        <extensions>
          <distance>68660</distance>
        </extensions>
      </trkpt>
      <trkpt lat="45.94437" lon="6.90095">
        <ele>1112</ele>
        <extensions>
          <distance>68680</distance>
        </extensions>
      </trkpt>
      <trkpt lat="45.944105" lon="6.90095">
        <ele>1107</ele>
        <extensions>
          <distance>68710</distance>
        </extensions>
      </trkpt>
      <trkpt lat="45.94384" lon="6.90095">
        <ele>1106</ele>
        <extensions>
          <distance>68740</distance>
        </extensions>
      </trkpt>
      <trkpt lat="45.943685" lon="6.900885000000001">
        <ele>1106</ele>
        <extensions>
          <distance>68758</distance>
        </extensions>
      </trkpt>
      <trkpt lat="45.94353" lon="6.90082">
        <ele>1106</ele>
        <extensions>
          <distance>68775</distance>
        </extensions>
      </trkpt>
      <trkpt lat="45.94334" lon="6.90057">
        <ele>1104</ele>
        <extensions>
          <distance>68804</distance>
        </extensions>
      </trkpt>
      <trkpt lat="45.943315" lon="6.90036">
        <ele>1103</ele>
        <extensions>
          <distance>68821</distance>
        </extensions>
      </trkpt>
      <trkpt lat="45.94329" lon="6.90015">
        <ele>1102</ele>
        <extensions>
          <distance>68837</distance>
        </extensions>
      </trkpt>
      <trkpt lat="45.94323" lon="6.8999">
        <ele>1101</ele>
        <extensions>
          <distance>68858</distance>
        </extensions>
      </trkpt>
      <trkpt lat="45.943034999999995" lon="6.8996949999999995">
        <ele>1097</ele>
        <extensions>
          <distance>68885</distance>
        </extensions>
      </trkpt>
      <trkpt lat="45.94284" lon="6.89949">
        <ele>1096</ele>
        <extensions>
          <distance>68912</distance>
        </extensions>
      </trkpt>
      <trkpt lat="45.94281" lon="6.89957">
        <ele>1096</ele>
        <extensions>
          <distance>68919</distance>
        </extensions>
      </trkpt>
      <trkpt lat="45.9427" lon="6.89953">
        <ele>1095</ele>
        <extensions>
          <distance>68932</distance>
        </extensions>
      </trkpt>
      <trkpt lat="45.942515" lon="6.899535">
        <ele>1093</ele>
        <extensions>
          <distance>68952</distance>
        </extensions>
      </trkpt>
      <trkpt lat="45.94233" lon="6.89954">
        <ele>1091</ele>
        <extensions>
          <distance>68973</distance>
        </extensions>
      </trkpt>
      <trkpt lat="45.9422" lon="6.89952">
        <ele>1090</ele>
        <extensions>
          <distance>68987</distance>
        </extensions>
      </trkpt>
      <trkpt lat="45.942004999999995" lon="6.899525000000001">
        <ele>1090</ele>
        <extensions>
          <distance>69009</distance>
        </extensions>
      </trkpt>
      <trkpt lat="45.94181" lon="6.89953">
        <ele>1089</ele>
        <extensions>
          <distance>69031</distance>
        </extensions>
      </trkpt>
      <trkpt lat="45.94165" lon="6.89964">
        <ele>1089</ele>
        <extensions>
          <distance>69051</distance>
        </extensions>
      </trkpt>
      <trkpt lat="45.94155" lon="6.89966">
        <ele>1089</ele>
        <extensions>
          <distance>69062</distance>
        </extensions>
      </trkpt>
      <trkpt lat="45.941345" lon="6.89944">
        <ele>1088</ele>
        <extensions>
          <distance>69090</distance>
        </extensions>
      </trkpt>
      <trkpt lat="45.94114" lon="6.89922">
        <ele>1087</ele>
        <extensions>
          <distance>69119</distance>
        </extensions>
      </trkpt>
      <trkpt lat="45.94104" lon="6.89919">
        <ele>1087</ele>
        <extensions>
          <distance>69130</distance>
        </extensions>
      </trkpt>
      <trkpt lat="45.940945" lon="6.899025">
        <ele>1087</ele>
        <extensions>
          <distance>69147</distance>
        </extensions>
      </trkpt>
      <trkpt lat="45.94085" lon="6.89886">
        <ele>1087</ele>
        <extensions>
          <distance>69163</distance>
        </extensions>
      </trkpt>
      <trkpt lat="45.94083" lon="6.89873">
        <ele>1086</ele>
        <extensions>
          <distance>69174</distance>
        </extensions>
      </trkpt>
      <trkpt lat="45.940695" lon="6.898555">
        <ele>1086</ele>
        <extensions>
          <distance>69194</distance>
        </extensions>
      </trkpt>
      <trkpt lat="45.94056" lon="6.89838">
        <ele>1085</ele>
        <extensions>
          <distance>69214</distance>
        </extensions>
      </trkpt>
      <trkpt lat="45.94042" lon="6.89828">
        <ele>1085</ele>
        <extensions>
          <distance>69231</distance>
        </extensions>
      </trkpt>
      <trkpt lat="45.94028" lon="6.89818">
        <ele>1084</ele>
        <extensions>
          <distance>69249</distance>
        </extensions>
      </trkpt>
      <trkpt lat="45.940145" lon="6.898065">
        <ele>1084</ele>
        <extensions>
          <distance>69266</distance>
        </extensions>
      </trkpt>
      <trkpt lat="45.94001" lon="6.89795">
        <ele>1084</ele>
        <extensions>
          <distance>69284</distance>
        </extensions>
      </trkpt>
      <trkpt lat="45.93992" lon="6.89811">
        <ele>1083</ele>
        <extensions>
          <distance>69300</distance>
        </extensions>
      </trkpt>
      <trkpt lat="45.94005" lon="6.89826">
        <ele>1083</ele>
        <extensions>
          <distance>69318</distance>
        </extensions>
      </trkpt>
      <trkpt lat="45.94016" lon="6.8984225">
        <ele>1083</ele>
        <extensions>
          <distance>69336</distance>
        </extensions>
      </trkpt>
      <trkpt lat="45.94027" lon="6.898585">
        <ele>1084</ele>
        <extensions>
          <distance>69353</distance>
        </extensions>
      </trkpt>
      <trkpt lat="45.94038" lon="6.8987475">
        <ele>1085</ele>
        <extensions>
          <distance>69371</distance>
        </extensions>
      </trkpt>
      <trkpt lat="45.94049" lon="6.89891">
        <ele>1086</ele>
        <extensions>
          <distance>69388</distance>
        </extensions>
      </trkpt>
      <trkpt lat="45.940614999999994" lon="6.899115">
        <ele>1086</ele>
        <extensions>
          <distance>69410</distance>
        </extensions>
      </trkpt>
      <trkpt lat="45.94074" lon="6.89932">
        <ele>1087</ele>
        <extensions>
          <distance>69431</distance>
        </extensions>
      </trkpt>
      <trkpt lat="45.94081" lon="6.89955">
        <ele>1087</ele>
        <extensions>
          <distance>69450</distance>
        </extensions>
      </trkpt>
      <trkpt lat="45.94095" lon="6.8998">
        <ele>1087</ele>
        <extensions>
          <distance>69475</distance>
        </extensions>
      </trkpt>
      <trkpt lat="45.94107" lon="6.90011">
        <ele>1088</ele>
        <extensions>
          <distance>69503</distance>
        </extensions>
      </trkpt>
      <trkpt lat="45.94119" lon="6.90028">
        <ele>1088</ele>
        <extensions>
          <distance>69521</distance>
        </extensions>
      </trkpt>
      <trkpt lat="45.9412775" lon="6.900445">
        <ele>1089</ele>
        <extensions>
          <distance>69537</distance>
        </extensions>
      </trkpt>
      <trkpt lat="45.941365000000005" lon="6.90061">
        <ele>1089</ele>
        <extensions>
          <distance>69553</distance>
        </extensions>
      </trkpt>
      <trkpt lat="45.941452500000004" lon="6.900775">
        <ele>1090</ele>
        <extensions>
          <distance>69570</distance>
        </extensions>
      </trkpt>
      <trkpt lat="45.94154" lon="6.90094">
        <ele>1090</ele>
        <extensions>
          <distance>69586</distance>
        </extensions>
      </trkpt>
      <trkpt lat="45.941615" lon="6.90127">
        <ele>1093</ele>
        <extensions>
          <distance>69613</distance>
        </extensions>
      </trkpt>
      <trkpt lat="45.94169" lon="6.9016">
        <ele>1093</ele>
        <extensions>
          <distance>69640</distance>
        </extensions>
      </trkpt>
      <trkpt lat="45.94172" lon="6.90188">
        <ele>1094</ele>
        <extensions>
          <distance>69661</distance>
        </extensions>
      </trkpt>
      <trkpt lat="45.941835" lon="6.90211">
        <ele>1095</ele>
        <extensions>
          <distance>69683</distance>
        </extensions>
      </trkpt>
      <trkpt lat="45.94195" lon="6.90234">
        <ele>1096</ele>
        <extensions>
          <distance>69705</distance>
        </extensions>
      </trkpt>
      <trkpt lat="45.941900000000004" lon="6.90254">
        <ele>1096</ele>
        <extensions>
          <distance>69722</distance>
        </extensions>
      </trkpt>
      <trkpt lat="45.94185" lon="6.90274">
        <ele>1096</ele>
        <extensions>
          <distance>69738</distance>
        </extensions>
      </trkpt>
      <trkpt lat="45.941685" lon="6.902695">
        <ele>1095</ele>
        <extensions>
          <distance>69757</distance>
        </extensions>
      </trkpt>
      <trkpt lat="45.94152" lon="6.90265">
        <ele>1095</ele>
        <extensions>
          <distance>69776</distance>
        </extensions>
      </trkpt>
      <trkpt lat="45.9413" lon="6.90265">
        <ele>1095</ele>
        <extensions>
          <distance>69800</distance>
        </extensions>
      </trkpt>
      <trkpt lat="45.941114999999996" lon="6.90277">
        <ele>1095</ele>
        <extensions>
          <distance>69823</distance>
        </extensions>
      </trkpt>
      <trkpt lat="45.94093" lon="6.90289">
        <ele>1095</ele>
        <extensions>
          <distance>69845</distance>
        </extensions>
      </trkpt>
      <trkpt lat="45.940799999999996" lon="6.9026250000000005">
        <ele>1095</ele>
        <extensions>
          <distance>69870</distance>
        </extensions>
      </trkpt>
      <trkpt lat="45.94067" lon="6.90236">
        <ele>1095</ele>
        <extensions>
          <distance>69896</distance>
        </extensions>
      </trkpt>
      <trkpt lat="45.94056" lon="6.90206">
        <ele>1095</ele>
        <extensions>
          <distance>69922</distance>
        </extensions>
      </trkpt>
      <trkpt lat="45.94054" lon="6.90185">
        <ele>1095</ele>
        <extensions>
          <distance>69938</distance>
        </extensions>
      </trkpt>
      <trkpt lat="45.94035" lon="6.90169">
        <ele>1097</ele>
        <extensions>
          <distance>69963</distance>
        </extensions>
      </trkpt>
      <trkpt lat="45.94013" lon="6.90162">
        <ele>1102</ele>
        <extensions>
          <distance>69988</distance>
        </extensions>
      </trkpt>
      <trkpt lat="45.93987" lon="6.90169">
        <ele>1108</ele>
        <extensions>
          <distance>70018</distance>
        </extensions>
      </trkpt>
      <trkpt lat="45.93979" lon="6.90163">
        <ele>1110</ele>
        <extensions>
          <distance>70028</distance>
        </extensions>
      </trkpt>
      <trkpt lat="45.939625" lon="6.9014050000000005">
        <ele>1116</ele>
        <extensions>
          <distance>70054</distance>
        </extensions>
      </trkpt>
      <trkpt lat="45.93946" lon="6.90118">
        <ele>1116</ele>
        <extensions>
          <distance>70079</distance>
        </extensions>
      </trkpt>
      <trkpt lat="45.93929" lon="6.9009599999999995">
        <ele>1122</ele>
        <extensions>
          <distance>70105</distance>
        </extensions>
      </trkpt>
      <trkpt lat="45.93912" lon="6.90074">
        <ele>1128</ele>
        <extensions>
          <distance>70131</distance>
        </extensions>
      </trkpt>
      <trkpt lat="45.93903" lon="6.90056">
        <ele>1134</ele>
        <extensions>
          <distance>70150</distance>
        </extensions>
      </trkpt>
      <trkpt lat="45.938885" lon="6.900365">
        <ele>1137</ele>
        <extensions>
          <distance>70172</distance>
        </extensions>
      </trkpt>
      <trkpt lat="45.93874" lon="6.90017">
        <ele>1137</ele>
        <extensions>
          <distance>70194</distance>
        </extensions>
      </trkpt>
      <trkpt lat="45.93857" lon="6.900012500000001">
        <ele>1146</ele>
        <extensions>
          <distance>70217</distance>
        </extensions>
      </trkpt>
      <trkpt lat="45.9384" lon="6.8998550000000005">
        <ele>1155</ele>
        <extensions>
          <distance>70242</distance>
        </extensions>
      </trkpt>
      <trkpt lat="45.938230000000004" lon="6.8996975">
        <ele>1161</ele>
        <extensions>
          <distance>70265</distance>
        </extensions>
      </trkpt>
      <trkpt lat="45.93806" lon="6.89954">
        <ele>1166</ele>
        <extensions>
          <distance>70288</distance>
        </extensions>
      </trkpt>
      <trkpt lat="45.93792" lon="6.89933">
        <ele>1170</ele>
        <extensions>
          <distance>70311</distance>
        </extensions>
      </trkpt>
      <trkpt lat="45.93776" lon="6.89926">
        <ele>1181</ele>
        <extensions>
          <distance>70332</distance>
        </extensions>
      </trkpt>
      <trkpt lat="45.93763" lon="6.8991225">
        <ele>1187</ele>
        <extensions>
          <distance>70351</distance>
        </extensions>
      </trkpt>
      <trkpt lat="45.9375" lon="6.898985">
        <ele>1192</ele>
        <extensions>
          <distance>70370</distance>
        </extensions>
      </trkpt>
      <trkpt lat="45.93737" lon="6.8988475000000005">
        <ele>1195</ele>
        <extensions>
          <distance>70388</distance>
        </extensions>
      </trkpt>
      <trkpt lat="45.93724" lon="6.89871">
        <ele>1198</ele>
        <extensions>
          <distance>70406</distance>
        </extensions>
      </trkpt>
      <trkpt lat="45.93703" lon="6.8986">
        <ele>1206</ele>
        <extensions>
          <distance>70433</distance>
        </extensions>
      </trkpt>
      <trkpt lat="45.93682" lon="6.89849">
        <ele>1209</ele>
        <extensions>
          <distance>70458</distance>
        </extensions>
      </trkpt>
      <trkpt lat="45.93664" lon="6.898345">
        <ele>1209</ele>
        <extensions>
          <distance>70481</distance>
        </extensions>
      </trkpt>
      <trkpt lat="45.93646" lon="6.8982">
        <ele>1210</ele>
        <extensions>
          <distance>70503</distance>
        </extensions>
      </trkpt>
      <trkpt lat="45.936319999999995" lon="6.8981449999999995">
        <ele>1212</ele>
        <extensions>
          <distance>70520</distance>
        </extensions>
      </trkpt>
      <trkpt lat="45.93618" lon="6.89809">
        <ele>1215</ele>
        <extensions>
          <distance>70536</distance>
        </extensions>
      </trkpt>
      <trkpt lat="45.936025" lon="6.89808">
        <ele>1219</ele>
        <extensions>
          <distance>70554</distance>
        </extensions>
      </trkpt>
      <trkpt lat="45.93587" lon="6.89807">
        <ele>1224</ele>
        <extensions>
          <distance>70572</distance>
        </extensions>
      </trkpt>
      <trkpt lat="45.93572" lon="6.89802">
        <ele>1228</ele>
        <extensions>
          <distance>70589</distance>
        </extensions>
      </trkpt>
      <trkpt lat="45.93557" lon="6.89797">
        <ele>1229</ele>
        <extensions>
          <distance>70606</distance>
        </extensions>
      </trkpt>
      <trkpt lat="45.93543" lon="6.89797">
        <ele>1234</ele>
        <extensions>
          <distance>70623</distance>
        </extensions>
      </trkpt>
      <trkpt lat="45.93537" lon="6.89795">
        <ele>1235</ele>
        <extensions>
          <distance>70629</distance>
        </extensions>
      </trkpt>
      <trkpt lat="45.93535" lon="6.89796">
        <ele>1235</ele>
        <extensions>
          <distance>70632</distance>
        </extensions>
      </trkpt>
      <trkpt lat="45.93536" lon="6.89795">
        <ele>1237</ele>
        <extensions>
          <distance>70634</distance>
        </extensions>
      </trkpt>
      <trkpt lat="45.93535" lon="6.89797">
        <ele>1237</ele>
        <extensions>
          <distance>70635</distance>
        </extensions>
      </trkpt>
      <trkpt lat="45.93539" lon="6.89802">
        <ele>1238</ele>
        <extensions>
          <distance>70641</distance>
        </extensions>
      </trkpt>
      <trkpt lat="45.93558" lon="6.89821">
        <ele>1240</ele>
        <extensions>
          <distance>70667</distance>
        </extensions>
      </trkpt>
      <trkpt lat="45.9357" lon="6.89824">
        <ele>1242</ele>
        <extensions>
          <distance>70681</distance>
        </extensions>
      </trkpt>
      <trkpt lat="45.935824999999994" lon="6.898445000000001">
        <ele>1248</ele>
        <extensions>
          <distance>70703</distance>
        </extensions>
      </trkpt>
      <trkpt lat="45.93595" lon="6.89865">
        <ele>1254</ele>
        <extensions>
          <distance>70725</distance>
        </extensions>
      </trkpt>
      <trkpt lat="45.936049999999994" lon="6.8988625">
        <ele>1260</ele>
        <extensions>
          <distance>70745</distance>
        </extensions>
      </trkpt>
      <trkpt lat="45.93615" lon="6.899075">
        <ele>1266</ele>
        <extensions>
          <distance>70766</distance>
        </extensions>
      </trkpt>
      <trkpt lat="45.93625" lon="6.8992875">
        <ele>1270</ele>
        <extensions>
          <distance>70787</distance>
        </extensions>
      </trkpt>
      <trkpt lat="45.93635" lon="6.8995">
        <ele>1276</ele>
        <extensions>
          <distance>70807</distance>
        </extensions>
      </trkpt>
      <trkpt lat="45.936475" lon="6.899685">
        <ele>1279</ele>
        <extensions>
          <distance>70827</distance>
        </extensions>
      </trkpt>
      <trkpt lat="45.9366" lon="6.89987">
        <ele>1279</ele>
        <extensions>
          <distance>70847</distance>
        </extensions>
      </trkpt>
      <trkpt lat="45.936665" lon="6.900065">
        <ele>1285</ele>
        <extensions>
          <distance>70865</distance>
        </extensions>
      </trkpt>
      <trkpt lat="45.93673" lon="6.90026">
        <ele>1285</ele>
        <extensions>
          <distance>70881</distance>
        </extensions>
      </trkpt>
      <trkpt lat="45.93676" lon="6.90059">
        <ele>1294</ele>
        <extensions>
          <distance>70908</distance>
        </extensions>
      </trkpt>
      <trkpt lat="45.93692" lon="6.90082">
        <ele>1295</ele>
        <extensions>
          <distance>70933</distance>
        </extensions>
      </trkpt>
      <trkpt lat="45.93691" lon="6.90105">
        <ele>1304</ele>
        <extensions>
          <distance>70952</distance>
        </extensions>
      </trkpt>
      <trkpt lat="45.93698" lon="6.901225">
        <ele>1304</ele>
        <extensions>
          <distance>70968</distance>
        </extensions>
      </trkpt>
      <trkpt lat="45.93705" lon="6.9014">
        <ele>1307</ele>
        <extensions>
          <distance>70984</distance>
        </extensions>
      </trkpt>
      <trkpt lat="45.93708" lon="6.9016075">
        <ele>1311</ele>
        <extensions>
          <distance>71001</distance>
        </extensions>
      </trkpt>
      <trkpt lat="45.937110000000004" lon="6.901815">
        <ele>1312</ele>
        <extensions>
          <distance>71017</distance>
        </extensions>
      </trkpt>
      <trkpt lat="45.93714" lon="6.9020225">
        <ele>1318</ele>
        <extensions>
          <distance>71034</distance>
        </extensions>
      </trkpt>
      <trkpt lat="45.93717" lon="6.90223">
        <ele>1321</ele>
        <extensions>
          <distance>71051</distance>
        </extensions>
      </trkpt>
      <trkpt lat="45.937174999999996" lon="6.90246">
        <ele>1326</ele>
        <extensions>
          <distance>71070</distance>
        </extensions>
      </trkpt>
      <trkpt lat="45.93718" lon="6.90269">
        <ele>1331</ele>
        <extensions>
          <distance>71088</distance>
        </extensions>
      </trkpt>
      <trkpt lat="45.93716" lon="6.902995">
        <ele>1338</ele>
        <extensions>
          <distance>71113</distance>
        </extensions>
      </trkpt>
      <trkpt lat="45.93714" lon="6.9033">
        <ele>1349</ele>
        <extensions>
          <distance>71139</distance>
        </extensions>
      </trkpt>
      <trkpt lat="45.93721" lon="6.90364">
        <ele>1352</ele>
        <extensions>
          <distance>71167</distance>
        </extensions>
      </trkpt>
      <trkpt lat="45.9372" lon="6.90393">
        <ele>1359</ele>
        <extensions>
          <distance>71190</distance>
        </extensions>
      </trkpt>
      <trkpt lat="45.937349999999995" lon="6.904249999999999">
        <ele>1362</ele>
        <extensions>
          <distance>71220</distance>
        </extensions>
      </trkpt>
      <trkpt lat="45.9375" lon="6.90457">
        <ele>1363</ele>
        <extensions>
          <distance>71250</distance>
        </extensions>
      </trkpt>
      <trkpt lat="45.93748" lon="6.90485">
        <ele>1367</ele>
        <extensions>
          <distance>71272</distance>
        </extensions>
      </trkpt>
      <trkpt lat="45.93754" lon="6.90512">
        <ele>1368</ele>
        <extensions>
          <distance>71294</distance>
        </extensions>
      </trkpt>
      <trkpt lat="45.93744" lon="6.90543">
        <ele>1383</ele>
        <extensions>
          <distance>71323</distance>
        </extensions>
      </trkpt>
      <trkpt lat="45.93744" lon="6.9057">
        <ele>1390</ele>
        <extensions>
          <distance>71345</distance>
        </extensions>
      </trkpt>
      <trkpt lat="45.93751" lon="6.90596">
        <ele>1394</ele>
        <extensions>
          <distance>71367</distance>
        </extensions>
      </trkpt>
      <trkpt lat="45.93758" lon="6.90622">
        <ele>1400</ele>
        <extensions>
          <distance>71390</distance>
        </extensions>
      </trkpt>
      <trkpt lat="45.93762375" lon="6.9064225">
        <ele>1407</ele>
        <extensions>
          <distance>71408</distance>
        </extensions>
      </trkpt>
      <trkpt lat="45.937667499999996" lon="6.906625">
        <ele>1413</ele>
        <extensions>
          <distance>71425</distance>
        </extensions>
      </trkpt>
      <trkpt lat="45.93771124999999" lon="6.9068275">
        <ele>1417</ele>
        <extensions>
          <distance>71442</distance>
        </extensions>
      </trkpt>
      <trkpt lat="45.937754999999996" lon="6.907030000000001">
        <ele>1421</ele>
        <extensions>
          <distance>71459</distance>
        </extensions>
      </trkpt>
      <trkpt lat="45.93779875" lon="6.907232500000001">
        <ele>1424</ele>
        <extensions>
          <distance>71476</distance>
        </extensions>
      </trkpt>
      <trkpt lat="45.9378425" lon="6.907435">
        <ele>1425</ele>
        <extensions>
          <distance>71492</distance>
        </extensions>
      </trkpt>
      <trkpt lat="45.937886250000005" lon="6.9076375">
        <ele>1425</ele>
        <extensions>
          <distance>71509</distance>
        </extensions>
      </trkpt>
      <trkpt lat="45.93793" lon="6.90784">
        <ele>1425</ele>
        <extensions>
          <distance>71525</distance>
        </extensions>
      </trkpt>
      <trkpt lat="45.93792" lon="6.9081">
        <ele>1428</ele>
        <extensions>
          <distance>71545</distance>
        </extensions>
      </trkpt>
      <trkpt lat="45.9379725" lon="6.908295000000001">
        <ele>1428</ele>
        <extensions>
          <distance>71562</distance>
        </extensions>
      </trkpt>
      <trkpt lat="45.938024999999996" lon="6.9084900000000005">
        <ele>1428</ele>
        <extensions>
          <distance>71578</distance>
        </extensions>
      </trkpt>
      <trkpt lat="45.9380775" lon="6.908685">
        <ele>1429</ele>
        <extensions>
          <distance>71594</distance>
        </extensions>
      </trkpt>
      <trkpt lat="45.93813" lon="6.90888">
        <ele>1430</ele>
        <extensions>
          <distance>71610</distance>
        </extensions>
      </trkpt>
      <trkpt lat="45.93807" lon="6.90886">
        <ele>1433</ele>
        <extensions>
          <distance>71617</distance>
        </extensions>
      </trkpt>
      <trkpt lat="45.93796" lon="6.90872">
        <ele>1435</ele>
        <extensions>
          <distance>71634</distance>
        </extensions>
      </trkpt>
      <trkpt lat="45.937835" lon="6.90864">
        <ele>1441</ele>
        <extensions>
          <distance>71650</distance>
        </extensions>
      </trkpt>
      <trkpt lat="45.93771" lon="6.90856">
        <ele>1448</ele>
        <extensions>
          <distance>71667</distance>
        </extensions>
      </trkpt>
      <trkpt lat="45.9375975" lon="6.908312499999999">
        <ele>1452</ele>
        <extensions>
          <distance>71690</distance>
        </extensions>
      </trkpt>
      <trkpt lat="45.937485" lon="6.908065">
        <ele>1458</ele>
        <extensions>
          <distance>71714</distance>
        </extensions>
      </trkpt>
      <trkpt lat="45.9373725" lon="6.9078175">
        <ele>1462</ele>
        <extensions>
          <distance>71737</distance>
        </extensions>
      </trkpt>
      <trkpt lat="45.93726" lon="6.90757">
        <ele>1468</ele>
        <extensions>
          <distance>71760</distance>
        </extensions>
      </trkpt>
      <trkpt lat="45.937070000000006" lon="6.907405">
        <ele>1473</ele>
        <extensions>
          <distance>71786</distance>
        </extensions>
      </trkpt>
      <trkpt lat="45.93688" lon="6.90724">
        <ele>1478</ele>
        <extensions>
          <distance>71811</distance>
        </extensions>
      </trkpt>
      <trkpt lat="45.936980000000005" lon="6.907515">
        <ele>1478</ele>
        <extensions>
          <distance>71835</distance>
        </extensions>
      </trkpt>
      <trkpt lat="45.93708" lon="6.90779">
        <ele>1479</ele>
        <extensions>
          <distance>71859</distance>
        </extensions>
      </trkpt>
      <trkpt lat="45.93715" lon="6.90806">
        <ele>1480</ele>
        <extensions>
          <distance>71881</distance>
        </extensions>
      </trkpt>
      <trkpt lat="45.93721" lon="6.90836">
        <ele>1480</ele>
        <extensions>
          <distance>71905</distance>
        </extensions>
      </trkpt>
      <trkpt lat="45.93727" lon="6.90866">
        <ele>1480</ele>
        <extensions>
          <distance>71930</distance>
        </extensions>
      </trkpt>
      <trkpt lat="45.9373" lon="6.90898">
        <ele>1480</ele>
        <extensions>
          <distance>71955</distance>
        </extensions>
      </trkpt>
      <trkpt lat="45.93737" lon="6.909165">
        <ele>1480</ele>
        <extensions>
          <distance>71971</distance>
        </extensions>
      </trkpt>
      <trkpt lat="45.93744" lon="6.90935">
        <ele>1480</ele>
        <extensions>
          <distance>71987</distance>
        </extensions>
      </trkpt>
      <trkpt lat="45.937475000000006" lon="6.9095375">
        <ele>1481</ele>
        <extensions>
          <distance>72002</distance>
        </extensions>
      </trkpt>
      <trkpt lat="45.93751" lon="6.909725">
        <ele>1481</ele>
        <extensions>
          <distance>72017</distance>
        </extensions>
      </trkpt>
      <trkpt lat="45.937545" lon="6.9099125">
        <ele>1481</ele>
        <extensions>
          <distance>72033</distance>
        </extensions>
      </trkpt>
      <trkpt lat="45.93758" lon="6.9101">
        <ele>1482</ele>
        <extensions>
          <distance>72048</distance>
        </extensions>
      </trkpt>
      <trkpt lat="45.93767" lon="6.91041">
        <ele>1483</ele>
        <extensions>
          <distance>72074</distance>
        </extensions>
      </trkpt>
      <trkpt lat="45.93779" lon="6.91065">
        <ele>1483</ele>
        <extensions>
          <distance>72097</distance>
        </extensions>
      </trkpt>
      <trkpt lat="45.937780000000004" lon="6.911">
        <ele>1488</ele>
        <extensions>
          <distance>72124</distance>
        </extensions>
      </trkpt>
      <trkpt lat="45.93777" lon="6.91135">
        <ele>1495</ele>
        <extensions>
          <distance>72152</distance>
        </extensions>
      </trkpt>
      <trkpt lat="45.9378" lon="6.91164">
        <ele>1496</ele>
        <extensions>
          <distance>72175</distance>
        </extensions>
      </trkpt>
      <trkpt lat="45.93789" lon="6.91197">
        <ele>1498</ele>
        <extensions>
          <distance>72202</distance>
        </extensions>
      </trkpt>
      <trkpt lat="45.93801" lon="6.91217">
        <ele>1498</ele>
        <extensions>
          <distance>72223</distance>
        </extensions>
      </trkpt>
      <trkpt lat="45.938069999999996" lon="6.912435">
        <ele>1499</ele>
        <extensions>
          <distance>72244</distance>
        </extensions>
      </trkpt>
      <trkpt lat="45.93813" lon="6.9127">
        <ele>1500</ele>
        <extensions>
          <distance>72266</distance>
        </extensions>
      </trkpt>
      <trkpt lat="45.93819" lon="6.912965">
        <ele>1509</ele>
        <extensions>
          <distance>72288</distance>
        </extensions>
      </trkpt>
      <trkpt lat="45.93825" lon="6.91323">
        <ele>1518</ele>
        <extensions>
          <distance>72312</distance>
        </extensions>
      </trkpt>
      <trkpt lat="45.93833" lon="6.91341">
        <ele>1518</ele>
        <extensions>
          <distance>72328</distance>
        </extensions>
      </trkpt>
      <trkpt lat="45.93847" lon="6.91361">
        <ele>1518</ele>
        <extensions>
          <distance>72350</distance>
        </extensions>
      </trkpt>
      <trkpt lat="45.938645" lon="6.913715">
        <ele>1519</ele>
        <extensions>
          <distance>72371</distance>
        </extensions>
      </trkpt>
      <trkpt lat="45.93882" lon="6.91382">
        <ele>1519</ele>
        <extensions>
          <distance>72392</distance>
        </extensions>
      </trkpt>
      <trkpt lat="45.93895" lon="6.91388">
        <ele>1519</ele>
        <extensions>
          <distance>72408</distance>
        </extensions>
      </trkpt>
      <trkpt lat="45.93902" lon="6.91397">
        <ele>1519</ele>
        <extensions>
          <distance>72418</distance>
        </extensions>
      </trkpt>
      <trkpt lat="45.93909" lon="6.91416">
        <ele>1523</ele>
        <extensions>
          <distance>72435</distance>
        </extensions>
      </trkpt>
      <trkpt lat="45.93923" lon="6.91436">
        <ele>1525</ele>
        <extensions>
          <distance>72457</distance>
        </extensions>
      </trkpt>
      <trkpt lat="45.9393" lon="6.9145">
        <ele>1527</ele>
        <extensions>
          <distance>72470</distance>
        </extensions>
      </trkpt>
      <trkpt lat="45.939475" lon="6.91465">
        <ele>1528</ele>
        <extensions>
          <distance>72493</distance>
        </extensions>
      </trkpt>
      <trkpt lat="45.93965" lon="6.9148">
        <ele>1530</ele>
        <extensions>
          <distance>72516</distance>
        </extensions>
      </trkpt>
      <trkpt lat="45.93967" lon="6.91486">
        <ele>1532</ele>
        <extensions>
          <distance>72521</distance>
        </extensions>
      </trkpt>
      <trkpt lat="45.93966" lon="6.91493">
        <ele>1536</ele>
        <extensions>
          <distance>72528</distance>
        </extensions>
      </trkpt>
      <trkpt lat="45.93958" lon="6.91494">
        <ele>1536</ele>
        <extensions>
          <distance>72537</distance>
        </extensions>
      </trkpt>
      <trkpt lat="45.93943" lon="6.914875">
        <ele>1537</ele>
        <extensions>
          <distance>72554</distance>
        </extensions>
      </trkpt>
      <trkpt lat="45.93928" lon="6.91481">
        <ele>1539</ele>
        <extensions>
          <distance>72572</distance>
        </extensions>
      </trkpt>
      <trkpt lat="45.93903" lon="6.91474">
        <ele>1547</ele>
        <extensions>
          <distance>72601</distance>
        </extensions>
      </trkpt>
      <trkpt lat="45.93891" lon="6.91465">
        <ele>1547</ele>
        <extensions>
          <distance>72616</distance>
        </extensions>
      </trkpt>
      <trkpt lat="45.93869" lon="6.91467">
        <ele>1553</ele>
        <extensions>
          <distance>72641</distance>
        </extensions>
      </trkpt>
      <trkpt lat="45.93859" lon="6.9147">
        <ele>1559</ele>
        <extensions>
          <distance>72654</distance>
        </extensions>
      </trkpt>
      <trkpt lat="45.93849" lon="6.91469">
        <ele>1560</ele>
        <extensions>
          <distance>72665</distance>
        </extensions>
      </trkpt>
      <trkpt lat="45.93844" lon="6.91465">
        <ele>1561</ele>
        <extensions>
          <distance>72672</distance>
        </extensions>
      </trkpt>
      <trkpt lat="45.93841" lon="6.91465">
        <ele>1563</ele>
        <extensions>
          <distance>72675</distance>
        </extensions>
      </trkpt>
      <trkpt lat="45.93838" lon="6.9147">
        <ele>1566</ele>
        <extensions>
          <distance>72681</distance>
        </extensions>
      </trkpt>
      <trkpt lat="45.93843" lon="6.915">
        <ele>1576</ele>
        <extensions>
          <distance>72707</distance>
        </extensions>
      </trkpt>
      <trkpt lat="45.93847" lon="6.91512">
        <ele>1577</ele>
        <extensions>
          <distance>72717</distance>
        </extensions>
      </trkpt>
      <trkpt lat="45.93866" lon="6.9152">
        <ele>1579</ele>
        <extensions>
          <distance>72740</distance>
        </extensions>
      </trkpt>
      <trkpt lat="45.93877" lon="6.91533">
        <ele>1579</ele>
        <extensions>
          <distance>72755</distance>
        </extensions>
      </trkpt>
      <trkpt lat="45.93894" lon="6.91543">
        <ele>1580</ele>
        <extensions>
          <distance>72776</distance>
        </extensions>
      </trkpt>
      <trkpt lat="45.939125000000004" lon="6.915559999999999">
        <ele>1581</ele>
        <extensions>
          <distance>72799</distance>
        </extensions>
      </trkpt>
      <trkpt lat="45.93931" lon="6.91569">
        <ele>1582</ele>
        <extensions>
          <distance>72822</distance>
        </extensions>
      </trkpt>
      <trkpt lat="45.9394" lon="6.91587">
        <ele>1583</ele>
        <extensions>
          <distance>72839</distance>
        </extensions>
      </trkpt>
      <trkpt lat="45.93944" lon="6.91611">
        <ele>1594</ele>
        <extensions>
          <distance>72860</distance>
        </extensions>
      </trkpt>
      <trkpt lat="45.93961" lon="6.91639">
        <ele>1605</ele>
        <extensions>
          <distance>72891</distance>
        </extensions>
      </trkpt>
      <trkpt lat="45.93962" lon="6.9165">
        <ele>1608</ele>
        <extensions>
          <distance>72900</distance>
        </extensions>
      </trkpt>
      <trkpt lat="45.93974" lon="6.91652">
        <ele>1609</ele>
        <extensions>
          <distance>72913</distance>
        </extensions>
      </trkpt>
      <trkpt lat="45.93976" lon="6.91655">
        <ele>1610</ele>
        <extensions>
          <distance>72917</distance>
        </extensions>
      </trkpt>
      <trkpt lat="45.93974" lon="6.91663">
        <ele>1611</ele>
        <extensions>
          <distance>72923</distance>
        </extensions>
      </trkpt>
      <trkpt lat="45.93978" lon="6.91691">
        <ele>1615</ele>
        <extensions>
          <distance>72946</distance>
        </extensions>
      </trkpt>
      <trkpt lat="45.93971" lon="6.91703">
        <ele>1618</ele>
        <extensions>
          <distance>72958</distance>
        </extensions>
      </trkpt>
      <trkpt lat="45.93981" lon="6.9172">
        <ele>1622</ele>
        <extensions>
          <distance>72976</distance>
        </extensions>
      </trkpt>
      <trkpt lat="45.93988" lon="6.91736">
        <ele>1623</ele>
        <extensions>
          <distance>72991</distance>
        </extensions>
      </trkpt>
      <trkpt lat="45.93987" lon="6.91747">
        <ele>1624</ele>
        <extensions>
          <distance>72999</distance>
        </extensions>
      </trkpt>
      <trkpt lat="45.93984" lon="6.91742">
        <ele>1624</ele>
        <extensions>
          <distance>73004</distance>
        </extensions>
      </trkpt>
      <trkpt lat="45.939695" lon="6.9174">
        <ele>1626</ele>
        <extensions>
          <distance>73021</distance>
        </extensions>
      </trkpt>
      <trkpt lat="45.93955" lon="6.91738">
        <ele>1628</ele>
        <extensions>
          <distance>73037</distance>
        </extensions>
      </trkpt>
      <trkpt lat="45.93942" lon="6.91738">
        <ele>1630</ele>
        <extensions>
          <distance>73052</distance>
        </extensions>
      </trkpt>
      <trkpt lat="45.93935" lon="6.9174">
        <ele>1631</ele>
        <extensions>
          <distance>73060</distance>
        </extensions>
      </trkpt>
      <trkpt lat="45.93927" lon="6.91737">
        <ele>1632</ele>
        <extensions>
          <distance>73069</distance>
        </extensions>
      </trkpt>
      <trkpt lat="45.93919" lon="6.91743">
        <ele>1634</ele>
        <extensions>
          <distance>73079</distance>
        </extensions>
      </trkpt>
      <trkpt lat="45.93905" lon="6.91732">
        <ele>1636</ele>
        <extensions>
          <distance>73097</distance>
        </extensions>
      </trkpt>
      <trkpt lat="45.93897" lon="6.91731">
        <ele>1638</ele>
        <extensions>
          <distance>73106</distance>
        </extensions>
      </trkpt>
      <trkpt lat="45.93888" lon="6.91741">
        <ele>1640</ele>
        <extensions>
          <distance>73119</distance>
        </extensions>
      </trkpt>
      <trkpt lat="45.93883" lon="6.91738">
        <ele>1642</ele>
        <extensions>
          <distance>73125</distance>
        </extensions>
      </trkpt>
      <trkpt lat="45.93879" lon="6.91732">
        <ele>1643</ele>
        <extensions>
          <distance>73132</distance>
        </extensions>
      </trkpt>
      <trkpt lat="45.9387" lon="6.91735">
        <ele>1646</ele>
        <extensions>
          <distance>73142</distance>
        </extensions>
      </trkpt>
      <trkpt lat="45.93858" lon="6.91728">
        <ele>1651</ele>
        <extensions>
          <distance>73158</distance>
        </extensions>
      </trkpt>
      <trkpt lat="45.93854" lon="6.91731">
        <ele>1652</ele>
        <extensions>
          <distance>73163</distance>
        </extensions>
      </trkpt>
      <trkpt lat="45.93839" lon="6.91726">
        <ele>1657</ele>
        <extensions>
          <distance>73181</distance>
        </extensions>
      </trkpt>
      <trkpt lat="45.93824" lon="6.91727">
        <ele>1662</ele>
        <extensions>
          <distance>73198</distance>
        </extensions>
      </trkpt>
      <trkpt lat="45.93819" lon="6.91725">
        <ele>1664</ele>
        <extensions>
          <distance>73204</distance>
        </extensions>
      </trkpt>
      <trkpt lat="45.93807" lon="6.9173">
        <ele>1667</ele>
        <extensions>
          <distance>73218</distance>
        </extensions>
      </trkpt>
      <trkpt lat="45.938" lon="6.91728">
        <ele>1669</ele>
        <extensions>
          <distance>73226</distance>
        </extensions>
      </trkpt>
      <trkpt lat="45.93799" lon="6.91721">
        <ele>1671</ele>
        <extensions>
          <distance>73232</distance>
        </extensions>
      </trkpt>
      <trkpt lat="45.93796" lon="6.91718">
        <ele>1672</ele>
        <extensions>
          <distance>73236</distance>
        </extensions>
      </trkpt>
      <trkpt lat="45.93791" lon="6.91718">
        <ele>1675</ele>
        <extensions>
          <distance>73243</distance>
        </extensions>
      </trkpt>
      <trkpt lat="45.93785" lon="6.9171">
        <ele>1677</ele>
        <extensions>
          <distance>73252</distance>
        </extensions>
      </trkpt>
      <trkpt lat="45.93782" lon="6.91709">
        <ele>1680</ele>
        <extensions>
          <distance>73256</distance>
        </extensions>
      </trkpt>
      <trkpt lat="45.93777" lon="6.91713">
        <ele>1681</ele>
        <extensions>
          <distance>73263</distance>
        </extensions>
      </trkpt>
      <trkpt lat="45.93772" lon="6.9171">
        <ele>1683</ele>
        <extensions>
          <distance>73269</distance>
        </extensions>
      </trkpt>
      <trkpt lat="45.93768" lon="6.91717">
        <ele>1684</ele>
        <extensions>
          <distance>73276</distance>
        </extensions>
      </trkpt>
      <trkpt lat="45.93766" lon="6.91717">
        <ele>1684</ele>
        <extensions>
          <distance>73278</distance>
        </extensions>
      </trkpt>
      <trkpt lat="45.93764" lon="6.91714">
        <ele>1686</ele>
        <extensions>
          <distance>73282</distance>
        </extensions>
      </trkpt>
      <trkpt lat="45.93756" lon="6.91714">
        <ele>1691</ele>
        <extensions>
          <distance>73292</distance>
        </extensions>
      </trkpt>
      <trkpt lat="45.93752" lon="6.91709">
        <ele>1696</ele>
        <extensions>
          <distance>73300</distance>
        </extensions>
      </trkpt>
      <trkpt lat="45.93745" lon="6.91713">
        <ele>1697</ele>
        <extensions>
          <distance>73308</distance>
        </extensions>
      </trkpt>
      <trkpt lat="45.93732" lon="6.9171">
        <ele>1705</ele>
        <extensions>
          <distance>73324</distance>
        </extensions>
      </trkpt>
      <trkpt lat="45.9373" lon="6.91706">
        <ele>1709</ele>
        <extensions>
          <distance>73330</distance>
        </extensions>
      </trkpt>
      <trkpt lat="45.93724" lon="6.91701">
        <ele>1712</ele>
        <extensions>
          <distance>73338</distance>
        </extensions>
      </trkpt>
      <trkpt lat="45.93716" lon="6.91704">
        <ele>1718</ele>
        <extensions>
          <distance>73349</distance>
        </extensions>
      </trkpt>
      <trkpt lat="45.93697" lon="6.91723">
        <ele>1727</ele>
        <extensions>
          <distance>73377</distance>
        </extensions>
      </trkpt>
      <trkpt lat="45.93684" lon="6.9173">
        <ele>1734</ele>
        <extensions>
          <distance>73393</distance>
        </extensions>
      </trkpt>
      <trkpt lat="45.93658" lon="6.91739">
        <ele>1744</ele>
        <extensions>
          <distance>73425</distance>
        </extensions>
      </trkpt>
      <trkpt lat="45.9365" lon="6.91754">
        <ele>1750</ele>
        <extensions>
          <distance>73441</distance>
        </extensions>
      </trkpt>
      <trkpt lat="45.93629" lon="6.91769">
        <ele>1753</ele>
        <extensions>
          <distance>73467</distance>
        </extensions>
      </trkpt>
      <trkpt lat="45.93613" lon="6.91786">
        <ele>1757</ele>
        <extensions>
          <distance>73489</distance>
        </extensions>
      </trkpt>
      <trkpt lat="45.93602" lon="6.91794">
        <ele>1762</ele>
        <extensions>
          <distance>73504</distance>
        </extensions>
      </trkpt>
      <trkpt lat="45.93585" lon="6.91797">
        <ele>1771</ele>
        <extensions>
          <distance>73525</distance>
        </extensions>
      </trkpt>
      <trkpt lat="45.93574" lon="6.91805">
        <ele>1772</ele>
        <extensions>
          <distance>73539</distance>
        </extensions>
      </trkpt>
      <trkpt lat="45.93568" lon="6.91803">
        <ele>1779</ele>
        <extensions>
          <distance>73547</distance>
        </extensions>
      </trkpt>
      <trkpt lat="45.93543" lon="6.91817">
        <ele>1785</ele>
        <extensions>
          <distance>73578</distance>
        </extensions>
      </trkpt>
      <trkpt lat="45.9353" lon="6.91816">
        <ele>1795</ele>
        <extensions>
          <distance>73595</distance>
        </extensions>
      </trkpt>
      <trkpt lat="45.935114999999996" lon="6.918255">
        <ele>1802</ele>
        <extensions>
          <distance>73618</distance>
        </extensions>
      </trkpt>
      <trkpt lat="45.93493" lon="6.91835">
        <ele>1807</ele>
        <extensions>
          <distance>73641</distance>
        </extensions>
      </trkpt>
      <trkpt lat="45.93485" lon="6.91831">
        <ele>1812</ele>
        <extensions>
          <distance>73651</distance>
        </extensions>
      </trkpt>
      <trkpt lat="45.93459" lon="6.918375">
        <ele>1818</ele>
        <extensions>
          <distance>73681</distance>
        </extensions>
      </trkpt>
      <trkpt lat="45.93433" lon="6.91844">
        <ele>1826</ele>
        <extensions>
          <distance>73712</distance>
        </extensions>
      </trkpt>
      <trkpt lat="45.93427" lon="6.91842">
        <ele>1828</ele>
        <extensions>
          <distance>73718</distance>
        </extensions>
      </trkpt>
      <trkpt lat="45.93422" lon="6.91846">
        <ele>1830</ele>
        <extensions>
          <distance>73725</distance>
        </extensions>
      </trkpt>
      <trkpt lat="45.934055" lon="6.91849">
        <ele>1834</ele>
        <extensions>
          <distance>73744</distance>
        </extensions>
      </trkpt>
      <trkpt lat="45.93389" lon="6.91852">
        <ele>1837</ele>
        <extensions>
          <distance>73763</distance>
        </extensions>
      </trkpt>
      <trkpt lat="45.93374" lon="6.91852">
        <ele>1837</ele>
        <extensions>
          <distance>73780</distance>
        </extensions>
      </trkpt>
      <trkpt lat="45.933589999999995" lon="6.918555">
        <ele>1837</ele>
        <extensions>
          <distance>73797</distance>
        </extensions>
      </trkpt>
      <trkpt lat="45.93344" lon="6.91859">
        <ele>1838</ele>
        <extensions>
          <distance>73813</distance>
        </extensions>
      </trkpt>
      <trkpt lat="45.93337" lon="6.91864">
        <ele>1838</ele>
        <extensions>
          <distance>73822</distance>
        </extensions>
      </trkpt>
      <trkpt lat="45.93311" lon="6.91857">
        <ele>1843</ele>
        <extensions>
          <distance>73852</distance>
        </extensions>
      </trkpt>
      <trkpt lat="45.932964999999996" lon="6.918585">
        <ele>1847</ele>
        <extensions>
          <distance>73868</distance>
        </extensions>
      </trkpt>
      <trkpt lat="45.93282" lon="6.9186">
        <ele>1850</ele>
        <extensions>
          <distance>73885</distance>
        </extensions>
      </trkpt>
      <trkpt lat="45.93267" lon="6.91864">
        <ele>1852</ele>
        <extensions>
          <distance>73902</distance>
        </extensions>
      </trkpt>
      <trkpt lat="45.93253" lon="6.9186">
        <ele>1854</ele>
        <extensions>
          <distance>73918</distance>
        </extensions>
      </trkpt>
      <trkpt lat="45.93247" lon="6.91856">
        <ele>1855</ele>
        <extensions>
          <distance>73925</distance>
        </extensions>
      </trkpt>
      <trkpt lat="45.93241" lon="6.91855">
        <ele>1855</ele>
        <extensions>
          <distance>73932</distance>
        </extensions>
      </trkpt>
      <trkpt lat="45.93239" lon="6.9186">
        <ele>1855</ele>
        <extensions>
          <distance>73936</distance>
        </extensions>
      </trkpt>
      <trkpt lat="45.93226" lon="6.91858">
        <ele>1856</ele>
        <extensions>
          <distance>73951</distance>
        </extensions>
      </trkpt>
      <trkpt lat="45.93223" lon="6.91863">
        <ele>1856</ele>
        <extensions>
          <distance>73956</distance>
        </extensions>
      </trkpt>
      <trkpt lat="45.932035" lon="6.918615">
        <ele>1859</ele>
        <extensions>
          <distance>73978</distance>
        </extensions>
      </trkpt>
      <trkpt lat="45.93184" lon="6.9186">
        <ele>1860</ele>
        <extensions>
          <distance>74000</distance>
        </extensions>
      </trkpt>
      <trkpt lat="45.93177" lon="6.91861">
        <ele>1860</ele>
        <extensions>
          <distance>74007</distance>
        </extensions>
      </trkpt>
      <trkpt lat="45.93172" lon="6.91856">
        <ele>1861</ele>
        <extensions>
          <distance>74014</distance>
        </extensions>
      </trkpt>
      <trkpt lat="45.93164" lon="6.91859">
        <ele>1862</ele>
        <extensions>
          <distance>74024</distance>
        </extensions>
      </trkpt>
      <trkpt lat="45.93156" lon="6.91852">
        <ele>1863</ele>
        <extensions>
          <distance>74034</distance>
        </extensions>
      </trkpt>
      <trkpt lat="45.93148" lon="6.9185">
        <ele>1863</ele>
        <extensions>
          <distance>74043</distance>
        </extensions>
      </trkpt>
      <trkpt lat="45.93134" lon="6.91855">
        <ele>1863</ele>
        <extensions>
          <distance>74059</distance>
        </extensions>
      </trkpt>
      <trkpt lat="45.93123" lon="6.91847">
        <ele>1863</ele>
        <extensions>
          <distance>74073</distance>
        </extensions>
      </trkpt>
      <trkpt lat="45.93113" lon="6.91849">
        <ele>1861</ele>
        <extensions>
          <distance>74084</distance>
        </extensions>
      </trkpt>
      <trkpt lat="45.9309" lon="6.91842">
        <ele>1861</ele>
        <extensions>
          <distance>74110</distance>
        </extensions>
      </trkpt>
      <trkpt lat="45.93088" lon="6.91845">
        <ele>1860</ele>
        <extensions>
          <distance>74113</distance>
        </extensions>
      </trkpt>
      <trkpt lat="45.9308" lon="6.91847">
        <ele>1858</ele>
        <extensions>
          <distance>74122</distance>
        </extensions>
      </trkpt>
      <trkpt lat="45.93076" lon="6.9185">
        <ele>1858</ele>
        <extensions>
          <distance>74127</distance>
        </extensions>
      </trkpt>
      <trkpt lat="45.93071" lon="6.91849">
        <ele>1858</ele>
        <extensions>
          <distance>74133</distance>
        </extensions>
      </trkpt>
      <trkpt lat="45.93067" lon="6.91851">
        <ele>1858</ele>
        <extensions>
          <distance>74138</distance>
        </extensions>
      </trkpt>
      <trkpt lat="45.93061" lon="6.9185">
        <ele>1859</ele>
        <extensions>
          <distance>74144</distance>
        </extensions>
      </trkpt>
      <trkpt lat="45.93047" lon="6.91852">
        <ele>1859</ele>
        <extensions>
          <distance>74160</distance>
        </extensions>
      </trkpt>
      <trkpt lat="45.93034" lon="6.9185">
        <ele>1863</ele>
        <extensions>
          <distance>74175</distance>
        </extensions>
      </trkpt>
      <trkpt lat="45.93021" lon="6.91852">
        <ele>1863</ele>
        <extensions>
          <distance>74189</distance>
        </extensions>
      </trkpt>
      <trkpt lat="45.93006" lon="6.91849">
        <ele>1865</ele>
        <extensions>
          <distance>74206</distance>
        </extensions>
      </trkpt>
      <trkpt lat="45.92985" lon="6.918565">
        <ele>1866</ele>
        <extensions>
          <distance>74230</distance>
        </extensions>
      </trkpt>
      <trkpt lat="45.92964" lon="6.91864">
        <ele>1867</ele>
        <extensions>
          <distance>74254</distance>
        </extensions>
      </trkpt>
      <trkpt lat="45.92956" lon="6.91862">
        <ele>1869</ele>
        <extensions>
          <distance>74264</distance>
        </extensions>
      </trkpt>
      <trkpt lat="45.9294" lon="6.91867">
        <ele>1871</ele>
        <extensions>
          <distance>74282</distance>
        </extensions>
      </trkpt>
      <trkpt lat="45.92937" lon="6.91865">
        <ele>1872</ele>
        <extensions>
          <distance>74286</distance>
        </extensions>
      </trkpt>
      <trkpt lat="45.92937" lon="6.91864">
        <ele>1874</ele>
        <extensions>
          <distance>74286</distance>
        </extensions>
      </trkpt>
      <trkpt lat="45.92949" lon="6.91854">
        <ele>1875</ele>
        <extensions>
          <distance>74302</distance>
        </extensions>
      </trkpt>
      <trkpt lat="45.92961" lon="6.91832">
        <ele>1884</ele>
        <extensions>
          <distance>74326</distance>
        </extensions>
      </trkpt>
      <trkpt lat="45.92968" lon="6.91824">
        <ele>1884</ele>
        <extensions>
          <distance>74336</distance>
        </extensions>
      </trkpt>
      <trkpt lat="45.92983" lon="6.91821">
        <ele>1886</ele>
        <extensions>
          <distance>74352</distance>
        </extensions>
      </trkpt>
      <trkpt lat="45.92998" lon="6.91809">
        <ele>1887</ele>
        <extensions>
          <distance>74372</distance>
        </extensions>
      </trkpt>
      <trkpt lat="45.930130000000005" lon="6.918005">
        <ele>1891</ele>
        <extensions>
          <distance>74390</distance>
        </extensions>
      </trkpt>
      <trkpt lat="45.93028" lon="6.91792">
        <ele>1894</ele>
        <extensions>
          <distance>74408</distance>
        </extensions>
      </trkpt>
      <trkpt lat="45.93048" lon="6.91785">
        <ele>1897</ele>
        <extensions>
          <distance>74431</distance>
        </extensions>
      </trkpt>
      <trkpt lat="45.93051" lon="6.91786">
        <ele>1897</ele>
        <extensions>
          <distance>74435</distance>
        </extensions>
      </trkpt>
      <trkpt lat="45.93061" lon="6.91773">
        <ele>1905</ele>
        <extensions>
          <distance>74451</distance>
        </extensions>
      </trkpt>
      <trkpt lat="45.930785" lon="6.917714999999999">
        <ele>1905</ele>
        <extensions>
          <distance>74471</distance>
        </extensions>
      </trkpt>
      <trkpt lat="45.93096" lon="6.9177">
        <ele>1906</ele>
        <extensions>
          <distance>74490</distance>
        </extensions>
      </trkpt>
      <trkpt lat="45.93096" lon="6.91773">
        <ele>1907</ele>
        <extensions>
          <distance>74493</distance>
        </extensions>
      </trkpt>
      <trkpt lat="45.9311" lon="6.91774">
        <ele>1907</ele>
        <extensions>
          <distance>74508</distance>
        </extensions>
      </trkpt>
      <trkpt lat="45.93115" lon="6.91771">
        <ele>1909</ele>
        <extensions>
          <distance>74514</distance>
        </extensions>
      </trkpt>
      <trkpt lat="45.931305" lon="6.917674999999999">
        <ele>1911</ele>
        <extensions>
          <distance>74532</distance>
        </extensions>
      </trkpt>
      <trkpt lat="45.93146" lon="6.91764">
        <ele>1911</ele>
        <extensions>
          <distance>74549</distance>
        </extensions>
      </trkpt>
      <trkpt lat="45.93155" lon="6.91768">
        <ele>1911</ele>
        <extensions>
          <distance>74560</distance>
        </extensions>
      </trkpt>
      <trkpt lat="45.93164" lon="6.91766">
        <ele>1911</ele>
        <extensions>
          <distance>74570</distance>
        </extensions>
      </trkpt>
      <trkpt lat="45.931799999999996" lon="6.917619999999999">
        <ele>1911</ele>
        <extensions>
          <distance>74588</distance>
        </extensions>
      </trkpt>
      <trkpt lat="45.93196" lon="6.91758">
        <ele>1911</ele>
        <extensions>
          <distance>74606</distance>
        </extensions>
      </trkpt>
      <trkpt lat="45.932" lon="6.91755">
        <ele>1911</ele>
        <extensions>
          <distance>74611</distance>
        </extensions>
      </trkpt>
      <trkpt lat="45.9321" lon="6.91741">
        <ele>1912</ele>
        <extensions>
          <distance>74627</distance>
        </extensions>
      </trkpt>
      <trkpt lat="45.93223" lon="6.91734">
        <ele>1912</ele>
        <extensions>
          <distance>74642</distance>
        </extensions>
      </trkpt>
      <trkpt lat="45.93248" lon="6.91732">
        <ele>1913</ele>
        <extensions>
          <distance>74670</distance>
        </extensions>
      </trkpt>
      <trkpt lat="45.93254" lon="6.91725">
        <ele>1913</ele>
        <extensions>
          <distance>74678</distance>
        </extensions>
      </trkpt>
      <trkpt lat="45.93261" lon="6.91725">
        <ele>1913</ele>
        <extensions>
          <distance>74686</distance>
        </extensions>
      </trkpt>
      <trkpt lat="45.932835" lon="6.917295">
        <ele>1911</ele>
        <extensions>
          <distance>74711</distance>
        </extensions>
      </trkpt>
      <trkpt lat="45.93306" lon="6.91734">
        <ele>1911</ele>
        <extensions>
          <distance>74737</distance>
        </extensions>
      </trkpt>
      <trkpt lat="45.93313" lon="6.91734">
        <ele>1911</ele>
        <extensions>
          <distance>74744</distance>
        </extensions>
      </trkpt>
      <trkpt lat="45.93318" lon="6.91732">
        <ele>1911</ele>
        <extensions>
          <distance>74750</distance>
        </extensions>
      </trkpt>
      <trkpt lat="45.93321" lon="6.91722">
        <ele>1910</ele>
        <extensions>
          <distance>74759</distance>
        </extensions>
      </trkpt>
      <trkpt lat="45.9332" lon="6.91705">
        <ele>1910</ele>
        <extensions>
          <distance>74772</distance>
        </extensions>
      </trkpt>
      <trkpt lat="45.93324" lon="6.91686">
        <ele>1909</ele>
        <extensions>
          <distance>74787</distance>
        </extensions>
      </trkpt>
      <trkpt lat="45.93322" lon="6.91657">
        <ele>1909</ele>
        <extensions>
          <distance>74810</distance>
        </extensions>
      </trkpt>
      <trkpt lat="45.93327" lon="6.91638">
        <ele>1907</ele>
        <extensions>
          <distance>74826</distance>
        </extensions>
      </trkpt>
      <trkpt lat="45.933245" lon="6.91616">
        <ele>1907</ele>
        <extensions>
          <distance>74843</distance>
        </extensions>
      </trkpt>
      <trkpt lat="45.93322" lon="6.91594">
        <ele>1907</ele>
        <extensions>
          <distance>74860</distance>
        </extensions>
      </trkpt>
      <trkpt lat="45.93319" lon="6.91583">
        <ele>1907</ele>
        <extensions>
          <distance>74869</distance>
        </extensions>
      </trkpt>
      <trkpt lat="45.93311" lon="6.91582">
        <ele>1908</ele>
        <extensions>
          <distance>74878</distance>
        </extensions>
      </trkpt>
      <trkpt lat="45.93303" lon="6.91574">
        <ele>1911</ele>
        <extensions>
          <distance>74889</distance>
        </extensions>
      </trkpt>
      <trkpt lat="45.93302" lon="6.91586">
        <ele>1914</ele>
        <extensions>
          <distance>74899</distance>
        </extensions>
      </trkpt>
      <trkpt lat="45.93304" lon="6.91599">
        <ele>1914</ele>
        <extensions>
          <distance>74909</distance>
        </extensions>
      </trkpt>
      <trkpt lat="45.93303" lon="6.91603">
        <ele>1915</ele>
        <extensions>
          <distance>74912</distance>
        </extensions>
      </trkpt>
      <trkpt lat="45.933" lon="6.91603">
        <ele>1915</ele>
        <extensions>
          <distance>74916</distance>
        </extensions>
      </trkpt>
      <trkpt lat="45.93303" lon="6.91611">
        <ele>1915</ele>
        <extensions>
          <distance>74923</distance>
        </extensions>
      </trkpt>
      <trkpt lat="45.93303" lon="6.9162">
        <ele>1916</ele>
        <extensions>
          <distance>74930</distance>
        </extensions>
      </trkpt>
      <trkpt lat="45.93306" lon="6.91641">
        <ele>1916</ele>
        <extensions>
          <distance>74946</distance>
        </extensions>
      </trkpt>
      <trkpt lat="45.93309" lon="6.91662">
        <ele>1917</ele>
        <extensions>
          <distance>74963</distance>
        </extensions>
      </trkpt>
      <trkpt lat="45.93306" lon="6.91664">
        <ele>1917</ele>
        <extensions>
          <distance>74967</distance>
        </extensions>
      </trkpt>
      <trkpt lat="45.93299" lon="6.9169">
        <ele>1918</ele>
        <extensions>
          <distance>74988</distance>
        </extensions>
      </trkpt>
      <trkpt lat="45.93291" lon="6.91677">
        <ele>1921</ele>
        <extensions>
          <distance>75002</distance>
        </extensions>
      </trkpt>
      <trkpt lat="45.9329" lon="6.91659">
        <ele>1922</ele>
        <extensions>
          <distance>75016</distance>
        </extensions>
      </trkpt>
      <trkpt lat="45.93286" lon="6.91644">
        <ele>1924</ele>
        <extensions>
          <distance>75029</distance>
        </extensions>
      </trkpt>
      <trkpt lat="45.93282" lon="6.91637">
        <ele>1926</ele>
        <extensions>
          <distance>75036</distance>
        </extensions>
      </trkpt>
      <trkpt lat="45.93271" lon="6.91606">
        <ele>1929</ele>
        <extensions>
          <distance>75063</distance>
        </extensions>
      </trkpt>
      <trkpt lat="45.93263" lon="6.91593">
        <ele>1931</ele>
        <extensions>
          <distance>75076</distance>
        </extensions>
      </trkpt>
      <trkpt lat="45.93256" lon="6.91589">
        <ele>1932</ele>
        <extensions>
          <distance>75085</distance>
        </extensions>
      </trkpt>
      <trkpt lat="45.93252" lon="6.91584">
        <ele>1933</ele>
        <extensions>
          <distance>75091</distance>
        </extensions>
      </trkpt>
      <trkpt lat="45.93244" lon="6.916205">
        <ele>1938</ele>
        <extensions>
          <distance>75121</distance>
        </extensions>
      </trkpt>
      <trkpt lat="45.93236" lon="6.91657">
        <ele>1940</ele>
        <extensions>
          <distance>75151</distance>
        </extensions>
      </trkpt>
      <trkpt lat="45.93226" lon="6.91671">
        <ele>1942</ele>
        <extensions>
          <distance>75166</distance>
        </extensions>
      </trkpt>
      <trkpt lat="45.9322" lon="6.91669">
        <ele>1945</ele>
        <extensions>
          <distance>75174</distance>
        </extensions>
      </trkpt>
      <trkpt lat="45.93212" lon="6.91672">
        <ele>1947</ele>
        <extensions>
          <distance>75183</distance>
        </extensions>
      </trkpt>
      <trkpt lat="45.93189" lon="6.91669">
        <ele>1952</ele>
        <extensions>
          <distance>75209</distance>
        </extensions>
      </trkpt>
      <trkpt lat="45.93172" lon="6.916645">
        <ele>1954</ele>
        <extensions>
          <distance>75229</distance>
        </extensions>
      </trkpt>
      <trkpt lat="45.93155" lon="6.9166">
        <ele>1957</ele>
        <extensions>
          <distance>75248</distance>
        </extensions>
      </trkpt>
      <trkpt lat="45.931315" lon="6.91665">
        <ele>1960</ele>
        <extensions>
          <distance>75275</distance>
        </extensions>
      </trkpt>
      <trkpt lat="45.93108" lon="6.9167">
        <ele>1964</ele>
        <extensions>
          <distance>75301</distance>
        </extensions>
      </trkpt>
      <trkpt lat="45.93101" lon="6.91667">
        <ele>1965</ele>
        <extensions>
          <distance>75310</distance>
        </extensions>
      </trkpt>
      <trkpt lat="45.93088" lon="6.9165849999999995">
        <ele>1969</ele>
        <extensions>
          <distance>75326</distance>
        </extensions>
      </trkpt>
      <trkpt lat="45.93075" lon="6.9165">
        <ele>1974</ele>
        <extensions>
          <distance>75343</distance>
        </extensions>
      </trkpt>
      <trkpt lat="45.930595" lon="6.916425">
        <ele>1979</ele>
        <extensions>
          <distance>75361</distance>
        </extensions>
      </trkpt>
      <trkpt lat="45.93044" lon="6.91635">
        <ele>1986</ele>
        <extensions>
          <distance>75381</distance>
        </extensions>
      </trkpt>
      <trkpt lat="45.9303" lon="6.916425">
        <ele>1987</ele>
        <extensions>
          <distance>75398</distance>
        </extensions>
      </trkpt>
      <trkpt lat="45.93016" lon="6.9165">
        <ele>1988</ele>
        <extensions>
          <distance>75414</distance>
        </extensions>
      </trkpt>
      <trkpt lat="45.92998" lon="6.91669">
        <ele>1990</ele>
        <extensions>
          <distance>75439</distance>
        </extensions>
      </trkpt>
      <trkpt lat="45.92982" lon="6.916715">
        <ele>1995</ele>
        <extensions>
          <distance>75458</distance>
        </extensions>
      </trkpt>
      <trkpt lat="45.92966" lon="6.91674">
        <ele>1998</ele>
        <extensions>
          <distance>75476</distance>
        </extensions>
      </trkpt>
      <trkpt lat="45.929445" lon="6.916745000000001">
        <ele>2002</ele>
        <extensions>
          <distance>75500</distance>
        </extensions>
      </trkpt>
      <trkpt lat="45.92923" lon="6.91675">
        <ele>2005</ele>
        <extensions>
          <distance>75524</distance>
        </extensions>
      </trkpt>
      <trkpt lat="45.92914" lon="6.91671">
        <ele>2006</ele>
        <extensions>
          <distance>75535</distance>
        </extensions>
      </trkpt>
      <trkpt lat="45.92891" lon="6.91669">
        <ele>2010</ele>
        <extensions>
          <distance>75561</distance>
        </extensions>
      </trkpt>
      <trkpt lat="45.928775" lon="6.9166325">
        <ele>2013</ele>
        <extensions>
          <distance>75577</distance>
        </extensions>
      </trkpt>
      <trkpt lat="45.92864" lon="6.916575">
        <ele>2018</ele>
        <extensions>
          <distance>75593</distance>
        </extensions>
      </trkpt>
      <trkpt lat="45.928505" lon="6.916517499999999">
        <ele>2020</ele>
        <extensions>
          <distance>75609</distance>
        </extensions>
      </trkpt>
      <trkpt lat="45.92837" lon="6.91646">
        <ele>2023</ele>
        <extensions>
          <distance>75625</distance>
        </extensions>
      </trkpt>
      <trkpt lat="45.928560000000004" lon="6.91639">
        <ele>2028</ele>
        <extensions>
          <distance>75647</distance>
        </extensions>
      </trkpt>
      <trkpt lat="45.92875" lon="6.91632">
        <ele>2033</ele>
        <extensions>
          <distance>75669</distance>
        </extensions>
      </trkpt>
      <trkpt lat="45.92894" lon="6.91625">
        <ele>2035</ele>
        <extensions>
          <distance>75691</distance>
        </extensions>
      </trkpt>
      <trkpt lat="45.92913" lon="6.91618">
        <ele>2039</ele>
        <extensions>
          <distance>75713</distance>
        </extensions>
      </trkpt>
      <trkpt lat="45.92936" lon="6.91605">
        <ele>2043</ele>
        <extensions>
          <distance>75741</distance>
        </extensions>
      </trkpt>
      <trkpt lat="45.92957" lon="6.91584">
        <ele>2049</ele>
        <extensions>
          <distance>75770</distance>
        </extensions>
      </trkpt>
      <trkpt lat="45.92954" lon="6.91574">
        <ele>2054</ele>
        <extensions>
          <distance>75780</distance>
        </extensions>
      </trkpt>
      <trkpt lat="45.92936" lon="6.91576">
        <ele>2058</ele>
        <extensions>
          <distance>75801</distance>
        </extensions>
      </trkpt>
      <trkpt lat="45.92941" lon="6.91568">
        <ele>2059</ele>
        <extensions>
          <distance>75809</distance>
        </extensions>
      </trkpt>
      <trkpt lat="45.92927125" lon="6.91565">
        <ele>2063</ele>
        <extensions>
          <distance>75825</distance>
        </extensions>
      </trkpt>
      <trkpt lat="45.929132499999994" lon="6.9156200000000005">
        <ele>2067</ele>
        <extensions>
          <distance>75841</distance>
        </extensions>
      </trkpt>
      <trkpt lat="45.92899375" lon="6.91559">
        <ele>2071</ele>
        <extensions>
          <distance>75857</distance>
        </extensions>
      </trkpt>
      <trkpt lat="45.928855" lon="6.91556">
        <ele>2072</ele>
        <extensions>
          <distance>75873</distance>
        </extensions>
      </trkpt>
      <trkpt lat="45.92871625" lon="6.91553">
        <ele>2075</ele>
        <extensions>
          <distance>75889</distance>
        </extensions>
      </trkpt>
      <trkpt lat="45.9285775" lon="6.9155">
        <ele>2079</ele>
        <extensions>
          <distance>75905</distance>
        </extensions>
      </trkpt>
      <trkpt lat="45.92843875" lon="6.91547">
        <ele>2081</ele>
        <extensions>
          <distance>75920</distance>
        </extensions>
      </trkpt>
      <trkpt lat="45.9283" lon="6.91544">
        <ele>2084</ele>
        <extensions>
          <distance>75936</distance>
        </extensions>
      </trkpt>
      <trkpt lat="45.92841" lon="6.91532">
        <ele>2089</ele>
        <extensions>
          <distance>75953</distance>
        </extensions>
      </trkpt>
      <trkpt lat="45.928219999999996" lon="6.91525">
        <ele>2093</ele>
        <extensions>
          <distance>75975</distance>
        </extensions>
      </trkpt>
      <trkpt lat="45.92803" lon="6.91518">
        <ele>2098</ele>
        <extensions>
          <distance>75997</distance>
        </extensions>
      </trkpt>
      <trkpt lat="45.92819" lon="6.915100000000001">
        <ele>2102</ele>
        <extensions>
          <distance>76016</distance>
        </extensions>
      </trkpt>
      <trkpt lat="45.92835" lon="6.91502">
        <ele>2104</ele>
        <extensions>
          <distance>76035</distance>
        </extensions>
      </trkpt>
      <trkpt lat="45.928475000000006" lon="6.914915000000001">
        <ele>2107</ele>
        <extensions>
          <distance>76052</distance>
        </extensions>
      </trkpt>
      <trkpt lat="45.9286" lon="6.91481">
        <ele>2113</ele>
        <extensions>
          <distance>76069</distance>
        </extensions>
      </trkpt>
      <trkpt lat="45.92875" lon="6.91481">
        <ele>2113</ele>
        <extensions>
          <distance>76086</distance>
        </extensions>
      </trkpt>
      <trkpt lat="45.9289" lon="6.91481">
        <ele>2115</ele>
        <extensions>
          <distance>76102</distance>
        </extensions>
      </trkpt>
      <trkpt lat="45.92902" lon="6.91456">
        <ele>2124</ele>
        <extensions>
          <distance>76127</distance>
        </extensions>
      </trkpt>
      <trkpt lat="45.92909" lon="6.91429">
        <ele>2131</ele>
        <extensions>
          <distance>76150</distance>
        </extensions>
      </trkpt>
      <trkpt lat="45.929175" lon="6.914065000000001">
        <ele>2136</ele>
        <extensions>
          <distance>76171</distance>
        </extensions>
      </trkpt>
      <trkpt lat="45.92926" lon="6.91384">
        <ele>2139</ele>
        <extensions>
          <distance>76191</distance>
        </extensions>
      </trkpt>
      <trkpt lat="45.92923" lon="6.9137">
        <ele>2143</ele>
        <extensions>
          <distance>76203</distance>
        </extensions>
      </trkpt>
      <trkpt lat="45.92924" lon="6.91341">
        <ele>2147</ele>
        <extensions>
          <distance>76226</distance>
        </extensions>
      </trkpt>
      <trkpt lat="45.92913" lon="6.91356">
        <ele>2150</ele>
        <extensions>
          <distance>76243</distance>
        </extensions>
      </trkpt>
      <trkpt lat="45.92913" lon="6.91339">
        <ele>2154</ele>
        <extensions>
          <distance>76257</distance>
        </extensions>
      </trkpt>
      <trkpt lat="45.92916" lon="6.91322">
        <ele>2159</ele>
        <extensions>
          <distance>76271</distance>
        </extensions>
      </trkpt>
      <trkpt lat="45.92908" lon="6.91327">
        <ele>2161</ele>
        <extensions>
          <distance>76281</distance>
        </extensions>
      </trkpt>
      <trkpt lat="45.92909" lon="6.91306">
        <ele>2166</ele>
        <extensions>
          <distance>76298</distance>
        </extensions>
      </trkpt>
      <trkpt lat="45.92902" lon="6.91288">
        <ele>2174</ele>
        <extensions>
          <distance>76316</distance>
        </extensions>
      </trkpt>
      <trkpt lat="45.92891" lon="6.91282">
        <ele>2180</ele>
        <extensions>
          <distance>76330</distance>
        </extensions>
      </trkpt>
      <trkpt lat="45.9288" lon="6.91272">
        <ele>2188</ele>
        <extensions>
          <distance>76347</distance>
        </extensions>
      </trkpt>
      <trkpt lat="45.92878" lon="6.91289">
        <ele>2188</ele>
        <extensions>
          <distance>76360</distance>
        </extensions>
      </trkpt>
      <trkpt lat="45.9286" lon="6.913">
        <ele>2198</ele>
        <extensions>
          <distance>76383</distance>
        </extensions>
      </trkpt>
      <trkpt lat="45.92857" lon="6.91298">
        <ele>2198</ele>
        <extensions>
          <distance>76387</distance>
        </extensions>
      </trkpt>
      <trkpt lat="45.92847" lon="6.91265">
        <ele>2205</ele>
        <extensions>
          <distance>76416</distance>
        </extensions>
      </trkpt>
      <trkpt lat="45.92847" lon="6.91246">
        <ele>2205</ele>
        <extensions>
          <distance>76430</distance>
        </extensions>
      </trkpt>
      <trkpt lat="45.92838" lon="6.91232">
        <ele>2205</ele>
        <extensions>
          <distance>76445</distance>
        </extensions>
      </trkpt>
      <trkpt lat="45.92832" lon="6.91215">
        <ele>2205</ele>
        <extensions>
          <distance>76460</distance>
        </extensions>
      </trkpt>
      <trkpt lat="45.92842" lon="6.91183">
        <ele>2201</ele>
        <extensions>
          <distance>76487</distance>
        </extensions>
      </trkpt>
      <trkpt lat="45.928455" lon="6.91162">
        <ele>2201</ele>
        <extensions>
          <distance>76504</distance>
        </extensions>
      </trkpt>
      <trkpt lat="45.92849" lon="6.91141">
        <ele>2201</ele>
        <extensions>
          <distance>76521</distance>
        </extensions>
      </trkpt>
      <trkpt lat="45.92849" lon="6.91129">
        <ele>2201</ele>
        <extensions>
          <distance>76530</distance>
        </extensions>
      </trkpt>
      <trkpt lat="45.92853" lon="6.91102">
        <ele>2200</ele>
        <extensions>
          <distance>76551</distance>
        </extensions>
      </trkpt>
      <trkpt lat="45.928495" lon="6.910805">
        <ele>2200</ele>
        <extensions>
          <distance>76569</distance>
        </extensions>
      </trkpt>
      <trkpt lat="45.92846" lon="6.91059">
        <ele>2198</ele>
        <extensions>
          <distance>76586</distance>
        </extensions>
      </trkpt>
      <trkpt lat="45.92835" lon="6.91031">
        <ele>2195</ele>
        <extensions>
          <distance>76611</distance>
        </extensions>
      </trkpt>
      <trkpt lat="45.92824" lon="6.91003">
        <ele>2192</ele>
        <extensions>
          <distance>76636</distance>
        </extensions>
      </trkpt>
      <trkpt lat="45.92814" lon="6.9098749999999995">
        <ele>2189</ele>
        <extensions>
          <distance>76653</distance>
        </extensions>
      </trkpt>
      <trkpt lat="45.92804" lon="6.90972">
        <ele>2188</ele>
        <extensions>
          <distance>76669</distance>
        </extensions>
      </trkpt>
      <trkpt lat="45.928" lon="6.90958">
        <ele>2183</ele>
        <extensions>
          <distance>76681</distance>
        </extensions>
      </trkpt>
      <trkpt lat="45.927835" lon="6.909405">
        <ele>2180</ele>
        <extensions>
          <distance>76704</distance>
        </extensions>
      </trkpt>
      <trkpt lat="45.92767" lon="6.90923">
        <ele>2176</ele>
        <extensions>
          <distance>76728</distance>
        </extensions>
      </trkpt>
      <trkpt lat="45.92753" lon="6.90915">
        <ele>2175</ele>
        <extensions>
          <distance>76744</distance>
        </extensions>
      </trkpt>
      <trkpt lat="45.92743" lon="6.90889">
        <ele>2167</ele>
        <extensions>
          <distance>76768</distance>
        </extensions>
      </trkpt>
      <trkpt lat="45.92744" lon="6.90879">
        <ele>2165</ele>
        <extensions>
          <distance>76776</distance>
        </extensions>
      </trkpt>
      <trkpt lat="45.92741" lon="6.90865">
        <ele>2162</ele>
        <extensions>
          <distance>76788</distance>
        </extensions>
      </trkpt>
      <trkpt lat="45.9272" lon="6.90859">
        <ele>2161</ele>
        <extensions>
          <distance>76812</distance>
        </extensions>
      </trkpt>
      <trkpt lat="45.927099999999996" lon="6.90845">
        <ele>2159</ele>
        <extensions>
          <distance>76828</distance>
        </extensions>
      </trkpt>
      <trkpt lat="45.927" lon="6.90831">
        <ele>2156</ele>
        <extensions>
          <distance>76843</distance>
        </extensions>
      </trkpt>
      <trkpt lat="45.92688" lon="6.90818">
        <ele>2156</ele>
        <extensions>
          <distance>76860</distance>
        </extensions>
      </trkpt>
      <trkpt lat="45.9267325" lon="6.907977499999999">
        <ele>2152</ele>
        <extensions>
          <distance>76883</distance>
        </extensions>
      </trkpt>
      <trkpt lat="45.926585" lon="6.907775">
        <ele>2150</ele>
        <extensions>
          <distance>76906</distance>
        </extensions>
      </trkpt>
      <trkpt lat="45.926437500000006" lon="6.907572500000001">
        <ele>2150</ele>
        <extensions>
          <distance>76928</distance>
        </extensions>
      </trkpt>
      <trkpt lat="45.92629" lon="6.90737">
        <ele>2149</ele>
        <extensions>
          <distance>76951</distance>
        </extensions>
      </trkpt>
      <trkpt lat="45.926145000000005" lon="6.90728">
        <ele>2148</ele>
        <extensions>
          <distance>76969</distance>
        </extensions>
      </trkpt>
      <trkpt lat="45.926" lon="6.90719">
        <ele>2148</ele>
        <extensions>
          <distance>76986</distance>
        </extensions>
      </trkpt>
      <trkpt lat="45.92595" lon="6.90703">
        <ele>2148</ele>
        <extensions>
          <distance>77000</distance>
        </extensions>
      </trkpt>
      <trkpt lat="45.92583" lon="6.90689">
        <ele>2148</ele>
        <extensions>
          <distance>77017</distance>
        </extensions>
      </trkpt>
      <trkpt lat="45.9257" lon="6.906805">
        <ele>2148</ele>
        <extensions>
          <distance>77033</distance>
        </extensions>
      </trkpt>
      <trkpt lat="45.92557" lon="6.90672">
        <ele>2148</ele>
        <extensions>
          <distance>77049</distance>
        </extensions>
      </trkpt>
      <trkpt lat="45.92546" lon="6.90672">
        <ele>2148</ele>
        <extensions>
          <distance>77061</distance>
        </extensions>
      </trkpt>
      <trkpt lat="45.925305" lon="6.9066600000000005">
        <ele>2149</ele>
        <extensions>
          <distance>77079</distance>
        </extensions>
      </trkpt>
      <trkpt lat="45.92515" lon="6.9066">
        <ele>2149</ele>
        <extensions>
          <distance>77097</distance>
        </extensions>
      </trkpt>
      <trkpt lat="45.925005" lon="6.90648">
        <ele>2149</ele>
        <extensions>
          <distance>77115</distance>
        </extensions>
      </trkpt>
      <trkpt lat="45.92486" lon="6.90636">
        <ele>2149</ele>
        <extensions>
          <distance>77134</distance>
        </extensions>
      </trkpt>
      <trkpt lat="45.924715000000006" lon="6.906195">
        <ele>2148</ele>
        <extensions>
          <distance>77155</distance>
        </extensions>
      </trkpt>
      <trkpt lat="45.92457" lon="6.90603">
        <ele>2148</ele>
        <extensions>
          <distance>77175</distance>
        </extensions>
      </trkpt>
      <trkpt lat="45.924350000000004" lon="6.905915">
        <ele>2148</ele>
        <extensions>
          <distance>77201</distance>
        </extensions>
      </trkpt>
      <trkpt lat="45.92413" lon="6.9058">
        <ele>2148</ele>
        <extensions>
          <distance>77227</distance>
        </extensions>
      </trkpt>
      <trkpt lat="45.92391" lon="6.90586">
        <ele>2146</ele>
        <extensions>
          <distance>77252</distance>
        </extensions>
      </trkpt>
      <trkpt lat="45.92372" lon="6.90613">
        <ele>2145</ele>
        <extensions>
          <distance>77282</distance>
        </extensions>
      </trkpt>
      <trkpt lat="45.92361" lon="6.90622">
        <ele>2142</ele>
        <extensions>
          <distance>77296</distance>
        </extensions>
      </trkpt>
      <trkpt lat="45.92347" lon="6.90629">
        <ele>2141</ele>
        <extensions>
          <distance>77313</distance>
        </extensions>
      </trkpt>
      <trkpt lat="45.92332" lon="6.90619">
        <ele>2136</ele>
        <extensions>
          <distance>77332</distance>
        </extensions>
      </trkpt>
      <trkpt lat="45.92332" lon="6.90617">
        <ele>2136</ele>
        <extensions>
          <distance>77333</distance>
        </extensions>
      </trkpt>
      <trkpt lat="45.92349" lon="6.90616">
        <ele>2134</ele>
        <extensions>
          <distance>77352</distance>
        </extensions>
      </trkpt>
      <trkpt lat="45.92349" lon="6.90614">
        <ele>2132</ele>
        <extensions>
          <distance>77354</distance>
        </extensions>
      </trkpt>
      <trkpt lat="45.92334" lon="6.90604">
        <ele>2128</ele>
        <extensions>
          <distance>77373</distance>
        </extensions>
      </trkpt>
      <trkpt lat="45.92349" lon="6.90601">
        <ele>2124</ele>
        <extensions>
          <distance>77390</distance>
        </extensions>
      </trkpt>
      <trkpt lat="45.92351" lon="6.90592">
        <ele>2122</ele>
        <extensions>
          <distance>77397</distance>
        </extensions>
      </trkpt>
      <trkpt lat="45.92343" lon="6.90595">
        <ele>2121</ele>
        <extensions>
          <distance>77407</distance>
        </extensions>
      </trkpt>
      <trkpt lat="45.92338" lon="6.9059">
        <ele>2118</ele>
        <extensions>
          <distance>77414</distance>
        </extensions>
      </trkpt>
      <trkpt lat="45.92346" lon="6.90587">
        <ele>2117</ele>
        <extensions>
          <distance>77423</distance>
        </extensions>
      </trkpt>
      <trkpt lat="45.92347" lon="6.90583">
        <ele>2114</ele>
        <extensions>
          <distance>77427</distance>
        </extensions>
      </trkpt>
      <trkpt lat="45.92346" lon="6.90582">
        <ele>2114</ele>
        <extensions>
          <distance>77429</distance>
        </extensions>
      </trkpt>
      <trkpt lat="45.92355" lon="6.90571">
        <ele>2112</ele>
        <extensions>
          <distance>77442</distance>
        </extensions>
      </trkpt>
      <trkpt lat="45.92347" lon="6.90564">
        <ele>2105</ele>
        <extensions>
          <distance>77454</distance>
        </extensions>
      </trkpt>
      <trkpt lat="45.92333" lon="6.90569">
        <ele>2102</ele>
        <extensions>
          <distance>77470</distance>
        </extensions>
      </trkpt>
      <trkpt lat="45.92333" lon="6.90555">
        <ele>2092</ele>
        <extensions>
          <distance>77485</distance>
        </extensions>
      </trkpt>
      <trkpt lat="45.92324" lon="6.90553">
        <ele>2090</ele>
        <extensions>
          <distance>77495</distance>
        </extensions>
      </trkpt>
      <trkpt lat="45.92332" lon="6.9054">
        <ele>2084</ele>
        <extensions>
          <distance>77510</distance>
        </extensions>
      </trkpt>
      <trkpt lat="45.92328" lon="6.90525">
        <ele>2078</ele>
        <extensions>
          <distance>77524</distance>
        </extensions>
      </trkpt>
      <trkpt lat="45.92319" lon="6.90529">
        <ele>2077</ele>
        <extensions>
          <distance>77534</distance>
        </extensions>
      </trkpt>
      <trkpt lat="45.92316" lon="6.90533">
        <ele>2075</ele>
        <extensions>
          <distance>77539</distance>
        </extensions>
      </trkpt>
      <trkpt lat="45.92313" lon="6.90535">
        <ele>2075</ele>
        <extensions>
          <distance>77543</distance>
        </extensions>
      </trkpt>
      <trkpt lat="45.92308" lon="6.90532">
        <ele>2075</ele>
        <extensions>
          <distance>77549</distance>
        </extensions>
      </trkpt>
      <trkpt lat="45.922855" lon="6.905379999999999">
        <ele>2076</ele>
        <extensions>
          <distance>77574</distance>
        </extensions>
      </trkpt>
      <trkpt lat="45.92263" lon="6.90544">
        <ele>2076</ele>
        <extensions>
          <distance>77600</distance>
        </extensions>
      </trkpt>
      <trkpt lat="45.92256" lon="6.90541">
        <ele>2076</ele>
        <extensions>
          <distance>77608</distance>
        </extensions>
      </trkpt>
      <trkpt lat="45.92246" lon="6.90544">
        <ele>2076</ele>
        <extensions>
          <distance>77619</distance>
        </extensions>
      </trkpt>
      <trkpt lat="45.92227" lon="6.90543">
        <ele>2076</ele>
        <extensions>
          <distance>77640</distance>
        </extensions>
      </trkpt>
      <trkpt lat="45.92214" lon="6.90554">
        <ele>2081</ele>
        <extensions>
          <distance>77657</distance>
        </extensions>
      </trkpt>
      <trkpt lat="45.92204" lon="6.90555">
        <ele>2081</ele>
        <extensions>
          <distance>77668</distance>
        </extensions>
      </trkpt>
      <trkpt lat="45.921835" lon="6.9055">
        <ele>2084</ele>
        <extensions>
          <distance>77692</distance>
        </extensions>
      </trkpt>
      <trkpt lat="45.92163" lon="6.90545">
        <ele>2088</ele>
        <extensions>
          <distance>77715</distance>
        </extensions>
      </trkpt>
      <trkpt lat="45.92142" lon="6.90548">
        <ele>2094</ele>
        <extensions>
          <distance>77739</distance>
        </extensions>
      </trkpt>
      <trkpt lat="45.92119" lon="6.90547">
        <ele>2094</ele>
        <extensions>
          <distance>77765</distance>
        </extensions>
      </trkpt>
      <trkpt lat="45.92104" lon="6.90531">
        <ele>2096</ele>
        <extensions>
          <distance>77786</distance>
        </extensions>
      </trkpt>
      <trkpt lat="45.92095" lon="6.90526">
        <ele>2096</ele>
        <extensions>
          <distance>77796</distance>
        </extensions>
      </trkpt>
      <trkpt lat="45.92077" lon="6.90524">
        <ele>2096</ele>
        <extensions>
          <distance>77816</distance>
        </extensions>
      </trkpt>
      <trkpt lat="45.92064" lon="6.90518">
        <ele>2096</ele>
        <extensions>
          <distance>77832</distance>
        </extensions>
      </trkpt>
      <trkpt lat="45.920435" lon="6.90522">
        <ele>2096</ele>
        <extensions>
          <distance>77855</distance>
        </extensions>
      </trkpt>
      <trkpt lat="45.92023" lon="6.90526">
        <ele>2096</ele>
        <extensions>
          <distance>77878</distance>
        </extensions>
      </trkpt>
      <trkpt lat="45.9201" lon="6.90535">
        <ele>2096</ele>
        <extensions>
          <distance>77894</distance>
        </extensions>
      </trkpt>
      <trkpt lat="45.919934999999995" lon="6.905255">
        <ele>2097</ele>
        <extensions>
          <distance>77913</distance>
        </extensions>
      </trkpt>
      <trkpt lat="45.91977" lon="6.90516">
        <ele>2097</ele>
        <extensions>
          <distance>77933</distance>
        </extensions>
      </trkpt>
      <trkpt lat="45.91965" lon="6.90516">
        <ele>2097</ele>
        <extensions>
          <distance>77946</distance>
        </extensions>
      </trkpt>
      <trkpt lat="45.91951" lon="6.90509">
        <ele>2097</ele>
        <extensions>
          <distance>77963</distance>
        </extensions>
      </trkpt>
      <trkpt lat="45.91941" lon="6.90501">
        <ele>2099</ele>
        <extensions>
          <distance>77976</distance>
        </extensions>
      </trkpt>
      <trkpt lat="45.91925" lon="6.90481">
        <ele>2100</ele>
        <extensions>
          <distance>77999</distance>
        </extensions>
      </trkpt>
      <trkpt lat="45.91922" lon="6.90469">
        <ele>2100</ele>
        <extensions>
          <distance>78009</distance>
        </extensions>
      </trkpt>
      <trkpt lat="45.91915" lon="6.90452">
        <ele>2100</ele>
        <extensions>
          <distance>78025</distance>
        </extensions>
      </trkpt>
      <trkpt lat="45.919055" lon="6.90437">
        <ele>2100</ele>
        <extensions>
          <distance>78040</distance>
        </extensions>
      </trkpt>
      <trkpt lat="45.91896" lon="6.90422">
        <ele>2100</ele>
        <extensions>
          <distance>78056</distance>
        </extensions>
      </trkpt>
      <trkpt lat="45.91884" lon="6.90409">
        <ele>2102</ele>
        <extensions>
          <distance>78073</distance>
        </extensions>
      </trkpt>
      <trkpt lat="45.918705" lon="6.90402">
        <ele>2103</ele>
        <extensions>
          <distance>78089</distance>
        </extensions>
      </trkpt>
      <trkpt lat="45.91857" lon="6.90395">
        <ele>2103</ele>
        <extensions>
          <distance>78105</distance>
        </extensions>
      </trkpt>
      <trkpt lat="45.91845" lon="6.90377">
        <ele>2103</ele>
        <extensions>
          <distance>78124</distance>
        </extensions>
      </trkpt>
      <trkpt lat="45.91838" lon="6.90362">
        <ele>2104</ele>
        <extensions>
          <distance>78138</distance>
        </extensions>
      </trkpt>
      <trkpt lat="45.91835" lon="6.90348">
        <ele>2104</ele>
        <extensions>
          <distance>78149</distance>
        </extensions>
      </trkpt>
      <trkpt lat="45.91826" lon="6.90325">
        <ele>2104</ele>
        <extensions>
          <distance>78170</distance>
        </extensions>
      </trkpt>
      <trkpt lat="45.91822" lon="6.90319">
        <ele>2104</ele>
        <extensions>
          <distance>78176</distance>
        </extensions>
      </trkpt>
      <trkpt lat="45.9182" lon="6.90308">
        <ele>2103</ele>
        <extensions>
          <distance>78185</distance>
        </extensions>
      </trkpt>
      <trkpt lat="45.91824" lon="6.90298">
        <ele>2103</ele>
        <extensions>
          <distance>78194</distance>
        </extensions>
      </trkpt>
      <trkpt lat="45.91822" lon="6.90289">
        <ele>2103</ele>
        <extensions>
          <distance>78201</distance>
        </extensions>
      </trkpt>
      <trkpt lat="45.918085" lon="6.902775">
        <ele>2103</ele>
        <extensions>
          <distance>78219</distance>
        </extensions>
      </trkpt>
      <trkpt lat="45.91795" lon="6.90266">
        <ele>2103</ele>
        <extensions>
          <distance>78236</distance>
        </extensions>
      </trkpt>
      <trkpt lat="45.91785" lon="6.90266">
        <ele>2103</ele>
        <extensions>
          <distance>78247</distance>
        </extensions>
      </trkpt>
      <trkpt lat="45.917680000000004" lon="6.90274">
        <ele>2103</ele>
        <extensions>
          <distance>78267</distance>
        </extensions>
      </trkpt>
      <trkpt lat="45.91751" lon="6.90282">
        <ele>2105</ele>
        <extensions>
          <distance>78287</distance>
        </extensions>
      </trkpt>
      <trkpt lat="45.91732" lon="6.90287">
        <ele>2106</ele>
        <extensions>
          <distance>78309</distance>
        </extensions>
      </trkpt>
      <trkpt lat="45.9172" lon="6.90284">
        <ele>2108</ele>
        <extensions>
          <distance>78322</distance>
        </extensions>
      </trkpt>
      <trkpt lat="45.91715" lon="6.90271">
        <ele>2110</ele>
        <extensions>
          <distance>78334</distance>
        </extensions>
      </trkpt>
      <trkpt lat="45.91712" lon="6.90246">
        <ele>2112</ele>
        <extensions>
          <distance>78354</distance>
        </extensions>
      </trkpt>
      <trkpt lat="45.91712" lon="6.90232">
        <ele>2114</ele>
        <extensions>
          <distance>78365</distance>
        </extensions>
      </trkpt>
      <trkpt lat="45.91706" lon="6.90195">
        <ele>2114</ele>
        <extensions>
          <distance>78394</distance>
        </extensions>
      </trkpt>
      <trkpt lat="45.91688" lon="6.90167">
        <ele>2114</ele>
        <extensions>
          <distance>78424</distance>
        </extensions>
      </trkpt>
      <trkpt lat="45.91683" lon="6.90154">
        <ele>2114</ele>
        <extensions>
          <distance>78435</distance>
        </extensions>
      </trkpt>
      <trkpt lat="45.91662" lon="6.90134">
        <ele>2114</ele>
        <extensions>
          <distance>78463</distance>
        </extensions>
      </trkpt>
      <trkpt lat="45.91654" lon="6.90133">
        <ele>2114</ele>
        <extensions>
          <distance>78472</distance>
        </extensions>
      </trkpt>
      <trkpt lat="45.91645" lon="6.90123">
        <ele>2114</ele>
        <extensions>
          <distance>78485</distance>
        </extensions>
      </trkpt>
      <trkpt lat="45.91638" lon="6.90111">
        <ele>2111</ele>
        <extensions>
          <distance>78497</distance>
        </extensions>
      </trkpt>
      <trkpt lat="45.9162" lon="6.90097">
        <ele>2110</ele>
        <extensions>
          <distance>78520</distance>
        </extensions>
      </trkpt>
      <trkpt lat="45.9161" lon="6.900805">
        <ele>2110</ele>
        <extensions>
          <distance>78537</distance>
        </extensions>
      </trkpt>
      <trkpt lat="45.916" lon="6.90064">
        <ele>2109</ele>
        <extensions>
          <distance>78554</distance>
        </extensions>
      </trkpt>
      <trkpt lat="45.91592" lon="6.90063">
        <ele>2108</ele>
        <extensions>
          <distance>78563</distance>
        </extensions>
      </trkpt>
      <trkpt lat="45.91585" lon="6.90042">
        <ele>2108</ele>
        <extensions>
          <distance>78581</distance>
        </extensions>
      </trkpt>
      <trkpt lat="45.91575" lon="6.90038">
        <ele>2108</ele>
        <extensions>
          <distance>78592</distance>
        </extensions>
      </trkpt>
      <trkpt lat="45.91559" lon="6.90011">
        <ele>2107</ele>
        <extensions>
          <distance>78620</distance>
        </extensions>
      </trkpt>
      <trkpt lat="45.91543" lon="6.899905">
        <ele>2107</ele>
        <extensions>
          <distance>78644</distance>
        </extensions>
      </trkpt>
      <trkpt lat="45.91527" lon="6.8997">
        <ele>2107</ele>
        <extensions>
          <distance>78668</distance>
        </extensions>
      </trkpt>
      <trkpt lat="45.91519" lon="6.89953">
        <ele>2107</ele>
        <extensions>
          <distance>78683</distance>
        </extensions>
      </trkpt>
      <trkpt lat="45.91519" lon="6.89943">
        <ele>2107</ele>
        <extensions>
          <distance>78691</distance>
        </extensions>
      </trkpt>
      <trkpt lat="45.915005" lon="6.899235">
        <ele>2111</ele>
        <extensions>
          <distance>78717</distance>
        </extensions>
      </trkpt>
      <trkpt lat="45.91482" lon="6.89904">
        <ele>2116</ele>
        <extensions>
          <distance>78743</distance>
        </extensions>
      </trkpt>
      <trkpt lat="45.91471" lon="6.8989">
        <ele>2116</ele>
        <extensions>
          <distance>78759</distance>
        </extensions>
      </trkpt>
      <trkpt lat="45.9146" lon="6.89876">
        <ele>2119</ele>
        <extensions>
          <distance>78776</distance>
        </extensions>
      </trkpt>
      <trkpt lat="45.91444" lon="6.89853">
        <ele>2121</ele>
        <extensions>
          <distance>78801</distance>
        </extensions>
      </trkpt>
      <trkpt lat="45.91436" lon="6.89835">
        <ele>2122</ele>
        <extensions>
          <distance>78817</distance>
        </extensions>
      </trkpt>
      <trkpt lat="45.914245" lon="6.898199999999999">
        <ele>2123</ele>
        <extensions>
          <distance>78835</distance>
        </extensions>
      </trkpt>
      <trkpt lat="45.91413" lon="6.89805">
        <ele>2125</ele>
        <extensions>
          <distance>78852</distance>
        </extensions>
      </trkpt>
      <trkpt lat="45.913934999999995" lon="6.89804">
        <ele>2128</ele>
        <extensions>
          <distance>78874</distance>
        </extensions>
      </trkpt>
      <trkpt lat="45.91374" lon="6.89803">
        <ele>2132</ele>
        <extensions>
          <distance>78896</distance>
        </extensions>
      </trkpt>
      <trkpt lat="45.913574999999994" lon="6.897875">
        <ele>2134</ele>
        <extensions>
          <distance>78918</distance>
        </extensions>
      </trkpt>
      <trkpt lat="45.91341" lon="6.89772">
        <ele>2135</ele>
        <extensions>
          <distance>78940</distance>
        </extensions>
      </trkpt>
      <trkpt lat="45.91329" lon="6.89775">
        <ele>2138</ele>
        <extensions>
          <distance>78954</distance>
        </extensions>
      </trkpt>
      <trkpt lat="45.91312" lon="6.89762">
        <ele>2140</ele>
        <extensions>
          <distance>78975</distance>
        </extensions>
      </trkpt>
      <trkpt lat="45.91303" lon="6.89767">
        <ele>2143</ele>
        <extensions>
          <distance>78986</distance>
        </extensions>
      </trkpt>
      <trkpt lat="45.913" lon="6.89766">
        <ele>2144</ele>
        <extensions>
          <distance>78990</distance>
        </extensions>
      </trkpt>
      <trkpt lat="45.91295" lon="6.8975">
        <ele>2144</ele>
        <extensions>
          <distance>79003</distance>
        </extensions>
      </trkpt>
      <trkpt lat="45.91282" lon="6.89737">
        <ele>2146</ele>
        <extensions>
          <distance>79021</distance>
        </extensions>
      </trkpt>
      <trkpt lat="45.912670000000006" lon="6.897309999999999">
        <ele>2149</ele>
        <extensions>
          <distance>79039</distance>
        </extensions>
      </trkpt>
      <trkpt lat="45.91252" lon="6.89725">
        <ele>2151</ele>
        <extensions>
          <distance>79056</distance>
        </extensions>
      </trkpt>
      <trkpt lat="45.91234" lon="6.89715">
        <ele>2151</ele>
        <extensions>
          <distance>79078</distance>
        </extensions>
      </trkpt>
      <trkpt lat="45.912165" lon="6.8969974999999994">
        <ele>2151</ele>
        <extensions>
          <distance>79100</distance>
        </extensions>
      </trkpt>
      <trkpt lat="45.91199" lon="6.896845">
        <ele>2151</ele>
        <extensions>
          <distance>79123</distance>
        </extensions>
      </trkpt>
      <trkpt lat="45.911815000000004" lon="6.8966925">
        <ele>2150</ele>
        <extensions>
          <distance>79146</distance>
        </extensions>
      </trkpt>
      <trkpt lat="45.91164" lon="6.89654">
        <ele>2148</ele>
        <extensions>
          <distance>79169</distance>
        </extensions>
      </trkpt>
      <trkpt lat="45.91142" lon="6.89649">
        <ele>2147</ele>
        <extensions>
          <distance>79193</distance>
        </extensions>
      </trkpt>
      <trkpt lat="45.91132" lon="6.89643">
        <ele>2144</ele>
        <extensions>
          <distance>79206</distance>
        </extensions>
      </trkpt>
      <trkpt lat="45.91129" lon="6.89636">
        <ele>2140</ele>
        <extensions>
          <distance>79213</distance>
        </extensions>
      </trkpt>
      <trkpt lat="45.911125" lon="6.896342499999999">
        <ele>2137</ele>
        <extensions>
          <distance>79232</distance>
        </extensions>
      </trkpt>
      <trkpt lat="45.91096" lon="6.896324999999999">
        <ele>2136</ele>
        <extensions>
          <distance>79250</distance>
        </extensions>
      </trkpt>
      <trkpt lat="45.910795" lon="6.896307499999999">
        <ele>2135</ele>
        <extensions>
          <distance>79268</distance>
        </extensions>
      </trkpt>
      <trkpt lat="45.91063" lon="6.89629">
        <ele>2135</ele>
        <extensions>
          <distance>79287</distance>
        </extensions>
      </trkpt>
      <trkpt lat="45.910475" lon="6.896155">
        <ele>2134</ele>
        <extensions>
          <distance>79307</distance>
        </extensions>
      </trkpt>
      <trkpt lat="45.91032" lon="6.89602">
        <ele>2134</ele>
        <extensions>
          <distance>79327</distance>
        </extensions>
      </trkpt>
      <trkpt lat="45.9103" lon="6.89596">
        <ele>2135</ele>
        <extensions>
          <distance>79332</distance>
        </extensions>
      </trkpt>
      <trkpt lat="45.9103" lon="6.89589">
        <ele>2135</ele>
        <extensions>
          <distance>79338</distance>
        </extensions>
      </trkpt>
      <trkpt lat="45.91029" lon="6.89591">
        <ele>2135</ele>
        <extensions>
          <distance>79340</distance>
        </extensions>
      </trkpt>
      <trkpt lat="45.91027" lon="6.8959">
        <ele>2136</ele>
        <extensions>
          <distance>79342</distance>
        </extensions>
      </trkpt>
      <trkpt lat="45.91027" lon="6.89584">
        <ele>2136</ele>
        <extensions>
          <distance>79347</distance>
        </extensions>
      </trkpt>
      <trkpt lat="45.91025" lon="6.89582">
        <ele>2137</ele>
        <extensions>
          <distance>79350</distance>
        </extensions>
      </trkpt>
      <trkpt lat="45.91022" lon="6.89584">
        <ele>2138</ele>
        <extensions>
          <distance>79353</distance>
        </extensions>
      </trkpt>
      <trkpt lat="45.91018" lon="6.89591">
        <ele>2141</ele>
        <extensions>
          <distance>79361</distance>
        </extensions>
      </trkpt>
      <trkpt lat="45.9101" lon="6.895695">
        <ele>2144</ele>
        <extensions>
          <distance>79380</distance>
        </extensions>
      </trkpt>
      <trkpt lat="45.91002" lon="6.89548">
        <ele>2144</ele>
        <extensions>
          <distance>79399</distance>
        </extensions>
      </trkpt>
      <trkpt lat="45.90995" lon="6.89539">
        <ele>2146</ele>
        <extensions>
          <distance>79409</distance>
        </extensions>
      </trkpt>
      <trkpt lat="45.90973" lon="6.89531">
        <ele>2147</ele>
        <extensions>
          <distance>79435</distance>
        </extensions>
      </trkpt>
      <trkpt lat="45.90955" lon="6.89515">
        <ele>2148</ele>
        <extensions>
          <distance>79458</distance>
        </extensions>
      </trkpt>
      <trkpt lat="45.909445000000005" lon="6.894965">
        <ele>2151</ele>
        <extensions>
          <distance>79477</distance>
        </extensions>
      </trkpt>
      <trkpt lat="45.90934" lon="6.89478">
        <ele>2152</ele>
        <extensions>
          <distance>79496</distance>
        </extensions>
      </trkpt>
      <trkpt lat="45.9092" lon="6.89468">
        <ele>2154</ele>
        <extensions>
          <distance>79513</distance>
        </extensions>
      </trkpt>
      <trkpt lat="45.90906" lon="6.89458">
        <ele>2156</ele>
        <extensions>
          <distance>79530</distance>
        </extensions>
      </trkpt>
      <trkpt lat="45.908935" lon="6.894435">
        <ele>2157</ele>
        <extensions>
          <distance>79548</distance>
        </extensions>
      </trkpt>
      <trkpt lat="45.90881" lon="6.89429">
        <ele>2161</ele>
        <extensions>
          <distance>79567</distance>
        </extensions>
      </trkpt>
      <trkpt lat="45.90876" lon="6.89406">
        <ele>2162</ele>
        <extensions>
          <distance>79585</distance>
        </extensions>
      </trkpt>
      <trkpt lat="45.90869" lon="6.893825">
        <ele>2162</ele>
        <extensions>
          <distance>79605</distance>
        </extensions>
      </trkpt>
      <trkpt lat="45.90862" lon="6.89359">
        <ele>2163</ele>
        <extensions>
          <distance>79625</distance>
        </extensions>
      </trkpt>
      <trkpt lat="45.908535" lon="6.89338">
        <ele>2165</ele>
        <extensions>
          <distance>79644</distance>
        </extensions>
      </trkpt>
      <trkpt lat="45.90845" lon="6.89317">
        <ele>2165</ele>
        <extensions>
          <distance>79663</distance>
        </extensions>
      </trkpt>
      <trkpt lat="45.908345" lon="6.8930299999999995">
        <ele>2166</ele>
        <extensions>
          <distance>79679</distance>
        </extensions>
      </trkpt>
      <trkpt lat="45.90824" lon="6.89289">
        <ele>2168</ele>
        <extensions>
          <distance>79695</distance>
        </extensions>
      </trkpt>
      <trkpt lat="45.90813" lon="6.89289">
        <ele>2168</ele>
        <extensions>
          <distance>79707</distance>
        </extensions>
      </trkpt>
      <trkpt lat="45.90803" lon="6.89286">
        <ele>2168</ele>
        <extensions>
          <distance>79718</distance>
        </extensions>
      </trkpt>
      <trkpt lat="45.90802" lon="6.89274">
        <ele>2168</ele>
        <extensions>
          <distance>79728</distance>
        </extensions>
      </trkpt>
      <trkpt lat="45.90804" lon="6.89258">
        <ele>2168</ele>
        <extensions>
          <distance>79740</distance>
        </extensions>
      </trkpt>
      <trkpt lat="45.90802" lon="6.89241">
        <ele>2166</ele>
        <extensions>
          <distance>79754</distance>
        </extensions>
      </trkpt>
      <trkpt lat="45.90799" lon="6.89235">
        <ele>2165</ele>
        <extensions>
          <distance>79760</distance>
        </extensions>
      </trkpt>
      <trkpt lat="45.90797" lon="6.8922">
        <ele>2162</ele>
        <extensions>
          <distance>79772</distance>
        </extensions>
      </trkpt>
      <trkpt lat="45.90783" lon="6.89188">
        <ele>2161</ele>
        <extensions>
          <distance>79801</distance>
        </extensions>
      </trkpt>
      <trkpt lat="45.90772749999999" lon="6.891724999999999">
        <ele>2159</ele>
        <extensions>
          <distance>79818</distance>
        </extensions>
      </trkpt>
      <trkpt lat="45.907624999999996" lon="6.89157">
        <ele>2159</ele>
        <extensions>
          <distance>79834</distance>
        </extensions>
      </trkpt>
      <trkpt lat="45.9075225" lon="6.891415">
        <ele>2159</ele>
        <extensions>
          <distance>79851</distance>
        </extensions>
      </trkpt>
      <trkpt lat="45.90742" lon="6.89126">
        <ele>2159</ele>
        <extensions>
          <distance>79867</distance>
        </extensions>
      </trkpt>
      <trkpt lat="45.90724" lon="6.89102">
        <ele>2159</ele>
        <extensions>
          <distance>79895</distance>
        </extensions>
      </trkpt>
      <trkpt lat="45.90706" lon="6.89078">
        <ele>2159</ele>
        <extensions>
          <distance>79922</distance>
        </extensions>
      </trkpt>
      <trkpt lat="45.906954999999996" lon="6.890575">
        <ele>2158</ele>
        <extensions>
          <distance>79942</distance>
        </extensions>
      </trkpt>
      <trkpt lat="45.90685" lon="6.89037">
        <ele>2158</ele>
        <extensions>
          <distance>79962</distance>
        </extensions>
      </trkpt>
      <trkpt lat="45.90674" lon="6.89024">
        <ele>2158</ele>
        <extensions>
          <distance>79977</distance>
        </extensions>
      </trkpt>
      <trkpt lat="45.90663" lon="6.89011">
        <ele>2157</ele>
        <extensions>
          <distance>79993</distance>
        </extensions>
      </trkpt>
      <trkpt lat="45.90646" lon="6.89008">
        <ele>2157</ele>
        <extensions>
          <distance>80012</distance>
        </extensions>
      </trkpt>
      <trkpt lat="45.90639" lon="6.89003">
        <ele>2156</ele>
        <extensions>
          <distance>80021</distance>
        </extensions>
      </trkpt>
      <trkpt lat="45.90637" lon="6.88985">
        <ele>2154</ele>
        <extensions>
          <distance>80035</distance>
        </extensions>
      </trkpt>
      <trkpt lat="45.90616" lon="6.8897">
        <ele>2154</ele>
        <extensions>
          <distance>80061</distance>
        </extensions>
      </trkpt>
      <trkpt lat="45.90618" lon="6.88943">
        <ele>2154</ele>
        <extensions>
          <distance>80082</distance>
        </extensions>
      </trkpt>
      <trkpt lat="45.90616" lon="6.88927">
        <ele>2154</ele>
        <extensions>
          <distance>80095</distance>
        </extensions>
      </trkpt>
      <trkpt lat="45.90621" lon="6.88902">
        <ele>2157</ele>
        <extensions>
          <distance>80115</distance>
        </extensions>
      </trkpt>
      <trkpt lat="45.90618" lon="6.88897">
        <ele>2159</ele>
        <extensions>
          <distance>80120</distance>
        </extensions>
      </trkpt>
      <trkpt lat="45.90604" lon="6.889">
        <ele>2161</ele>
        <extensions>
          <distance>80136</distance>
        </extensions>
      </trkpt>
      <trkpt lat="45.90602" lon="6.88896">
        <ele>2162</ele>
        <extensions>
          <distance>80140</distance>
        </extensions>
      </trkpt>
      <trkpt lat="45.90604" lon="6.88879">
        <ele>2164</ele>
        <extensions>
          <distance>80153</distance>
        </extensions>
      </trkpt>
      <trkpt lat="45.90601" lon="6.88864">
        <ele>2168</ele>
        <extensions>
          <distance>80166</distance>
        </extensions>
      </trkpt>
      <trkpt lat="45.90594" lon="6.88865">
        <ele>2170</ele>
        <extensions>
          <distance>80174</distance>
        </extensions>
      </trkpt>
      <trkpt lat="45.90596" lon="6.88849">
        <ele>2172</ele>
        <extensions>
          <distance>80187</distance>
        </extensions>
      </trkpt>
      <trkpt lat="45.9059" lon="6.88846">
        <ele>2177</ele>
        <extensions>
          <distance>80196</distance>
        </extensions>
      </trkpt>
      <trkpt lat="45.905895" lon="6.88825">
        <ele>2180</ele>
        <extensions>
          <distance>80212</distance>
        </extensions>
      </trkpt>
      <trkpt lat="45.90589" lon="6.88804">
        <ele>2180</ele>
        <extensions>
          <distance>80229</distance>
        </extensions>
      </trkpt>
      <trkpt lat="45.90587" lon="6.88797">
        <ele>2180</ele>
        <extensions>
          <distance>80234</distance>
        </extensions>
      </trkpt>
      <trkpt lat="45.90573" lon="6.88773">
        <ele>2180</ele>
        <extensions>
          <distance>80259</distance>
        </extensions>
      </trkpt>
      <trkpt lat="45.90561" lon="6.88741">
        <ele>2181</ele>
        <extensions>
          <distance>80287</distance>
        </extensions>
      </trkpt>
      <trkpt lat="45.9055125" lon="6.8872225">
        <ele>2185</ele>
        <extensions>
          <distance>80305</distance>
        </extensions>
      </trkpt>
      <trkpt lat="45.905415000000005" lon="6.887035">
        <ele>2188</ele>
        <extensions>
          <distance>80324</distance>
        </extensions>
      </trkpt>
      <trkpt lat="45.9053175" lon="6.8868475">
        <ele>2190</ele>
        <extensions>
          <distance>80342</distance>
        </extensions>
      </trkpt>
      <trkpt lat="45.90522" lon="6.88666">
        <ele>2192</ele>
        <extensions>
          <distance>80360</distance>
        </extensions>
      </trkpt>
      <trkpt lat="45.90514" lon="6.88642">
        <ele>2193</ele>
        <extensions>
          <distance>80381</distance>
        </extensions>
      </trkpt>
      <trkpt lat="45.90508" lon="6.88635">
        <ele>2193</ele>
        <extensions>
          <distance>80389</distance>
        </extensions>
      </trkpt>
      <trkpt lat="45.90506" lon="6.88628">
        <ele>2193</ele>
        <extensions>
          <distance>80395</distance>
        </extensions>
      </trkpt>
      <trkpt lat="45.905015" lon="6.886025">
        <ele>2193</ele>
        <extensions>
          <distance>80416</distance>
        </extensions>
      </trkpt>
      <trkpt lat="45.90497" lon="6.88577">
        <ele>2194</ele>
        <extensions>
          <distance>80436</distance>
        </extensions>
      </trkpt>
      <trkpt lat="45.90497" lon="6.88555">
        <ele>2194</ele>
        <extensions>
          <distance>80453</distance>
        </extensions>
      </trkpt>
      <trkpt lat="45.90502" lon="6.88541">
        <ele>2194</ele>
        <extensions>
          <distance>80465</distance>
        </extensions>
      </trkpt>
      <trkpt lat="45.90506" lon="6.88536">
        <ele>2194</ele>
        <extensions>
          <distance>80471</distance>
        </extensions>
      </trkpt>
      <trkpt lat="45.905280000000005" lon="6.8852150000000005">
        <ele>2194</ele>
        <extensions>
          <distance>80498</distance>
        </extensions>
      </trkpt>
      <trkpt lat="45.9055" lon="6.88507">
        <ele>2196</ele>
        <extensions>
          <distance>80525</distance>
        </extensions>
      </trkpt>
      <trkpt lat="45.90553" lon="6.88502">
        <ele>2197</ele>
        <extensions>
          <distance>80530</distance>
        </extensions>
      </trkpt>
      <trkpt lat="45.90568" lon="6.88492">
        <ele>2197</ele>
        <extensions>
          <distance>80549</distance>
        </extensions>
      </trkpt>
      <trkpt lat="45.90574" lon="6.88494">
        <ele>2197</ele>
        <extensions>
          <distance>80555</distance>
        </extensions>
      </trkpt>
      <trkpt lat="45.905879999999996" lon="6.884895">
        <ele>2197</ele>
        <extensions>
          <distance>80571</distance>
        </extensions>
      </trkpt>
      <trkpt lat="45.90602" lon="6.88485">
        <ele>2197</ele>
        <extensions>
          <distance>80587</distance>
        </extensions>
      </trkpt>
      <trkpt lat="45.90615" lon="6.88465">
        <ele>2197</ele>
        <extensions>
          <distance>80609</distance>
        </extensions>
      </trkpt>
      <trkpt lat="45.90618" lon="6.88441">
        <ele>2197</ele>
        <extensions>
          <distance>80627</distance>
        </extensions>
      </trkpt>
      <trkpt lat="45.90614" lon="6.884135000000001">
        <ele>2196</ele>
        <extensions>
          <distance>80649</distance>
        </extensions>
      </trkpt>
      <trkpt lat="45.9061" lon="6.88386">
        <ele>2197</ele>
        <extensions>
          <distance>80671</distance>
        </extensions>
      </trkpt>
      <trkpt lat="45.90602" lon="6.88355">
        <ele>2197</ele>
        <extensions>
          <distance>80697</distance>
        </extensions>
      </trkpt>
      <trkpt lat="45.90602" lon="6.88343">
        <ele>2197</ele>
        <extensions>
          <distance>80706</distance>
        </extensions>
      </trkpt>
      <trkpt lat="45.90596" lon="6.88321">
        <ele>2197</ele>
        <extensions>
          <distance>80724</distance>
        </extensions>
      </trkpt>
      <trkpt lat="45.90588" lon="6.88302">
        <ele>2198</ele>
        <extensions>
          <distance>80742</distance>
        </extensions>
      </trkpt>
      <trkpt lat="45.90581" lon="6.88292">
        <ele>2200</ele>
        <extensions>
          <distance>80753</distance>
        </extensions>
      </trkpt>
      <trkpt lat="45.90577" lon="6.88288">
        <ele>2200</ele>
        <extensions>
          <distance>80758</distance>
        </extensions>
      </trkpt>
      <trkpt lat="45.90573" lon="6.88288">
        <ele>2200</ele>
        <extensions>
          <distance>80762</distance>
        </extensions>
      </trkpt>
      <trkpt lat="45.90565" lon="6.88296">
        <ele>2200</ele>
        <extensions>
          <distance>80773</distance>
        </extensions>
      </trkpt>
      <trkpt lat="45.90552" lon="6.88285">
        <ele>2200</ele>
        <extensions>
          <distance>80790</distance>
        </extensions>
      </trkpt>
      <trkpt lat="45.9055" lon="6.88275">
        <ele>2200</ele>
        <extensions>
          <distance>80798</distance>
        </extensions>
      </trkpt>
      <trkpt lat="45.90538" lon="6.88252">
        <ele>2200</ele>
        <extensions>
          <distance>80820</distance>
        </extensions>
      </trkpt>
      <trkpt lat="45.90514" lon="6.882345000000001">
        <ele>2195</ele>
        <extensions>
          <distance>80850</distance>
        </extensions>
      </trkpt>
      <trkpt lat="45.9049" lon="6.88217">
        <ele>2190</ele>
        <extensions>
          <distance>80881</distance>
        </extensions>
      </trkpt>
      <trkpt lat="45.90474" lon="6.88208">
        <ele>2190</ele>
        <extensions>
          <distance>80900</distance>
        </extensions>
      </trkpt>
      <trkpt lat="45.90464" lon="6.88199">
        <ele>2187</ele>
        <extensions>
          <distance>80913</distance>
        </extensions>
      </trkpt>
      <trkpt lat="45.90457" lon="6.88187">
        <ele>2185</ele>
        <extensions>
          <distance>80925</distance>
        </extensions>
      </trkpt>
      <trkpt lat="45.90446" lon="6.88181">
        <ele>2185</ele>
        <extensions>
          <distance>80938</distance>
        </extensions>
      </trkpt>
      <trkpt lat="45.90438" lon="6.8817">
        <ele>2184</ele>
        <extensions>
          <distance>80951</distance>
        </extensions>
      </trkpt>
      <trkpt lat="45.90433" lon="6.88169">
        <ele>2183</ele>
        <extensions>
          <distance>80956</distance>
        </extensions>
      </trkpt>
      <trkpt lat="45.90415" lon="6.88147">
        <ele>2181</ele>
        <extensions>
          <distance>80983</distance>
        </extensions>
      </trkpt>
      <trkpt lat="45.90406" lon="6.8813200000000005">
        <ele>2179</ele>
        <extensions>
          <distance>80998</distance>
        </extensions>
      </trkpt>
      <trkpt lat="45.90397" lon="6.88117">
        <ele>2175</ele>
        <extensions>
          <distance>81014</distance>
        </extensions>
      </trkpt>
      <trkpt lat="45.90374" lon="6.88098">
        <ele>2174</ele>
        <extensions>
          <distance>81044</distance>
        </extensions>
      </trkpt>
      <trkpt lat="45.90376" lon="6.88096">
        <ele>2171</ele>
        <extensions>
          <distance>81047</distance>
        </extensions>
      </trkpt>
      <trkpt lat="45.90395" lon="6.88101">
        <ele>2170</ele>
        <extensions>
          <distance>81068</distance>
        </extensions>
      </trkpt>
      <trkpt lat="45.90395" lon="6.88098">
        <ele>2169</ele>
        <extensions>
          <distance>81070</distance>
        </extensions>
      </trkpt>
      <trkpt lat="45.90386" lon="6.88085">
        <ele>2165</ele>
        <extensions>
          <distance>81085</distance>
        </extensions>
      </trkpt>
      <trkpt lat="45.90383" lon="6.88083">
        <ele>2164</ele>
        <extensions>
          <distance>81089</distance>
        </extensions>
      </trkpt>
      <trkpt lat="45.90387" lon="6.88081">
        <ele>2163</ele>
        <extensions>
          <distance>81094</distance>
        </extensions>
      </trkpt>
      <trkpt lat="45.90394" lon="6.88083">
        <ele>2160</ele>
        <extensions>
          <distance>81102</distance>
        </extensions>
      </trkpt>
      <trkpt lat="45.9041" lon="6.88096">
        <ele>2159</ele>
        <extensions>
          <distance>81123</distance>
        </extensions>
      </trkpt>
      <trkpt lat="45.90406" lon="6.88087">
        <ele>2158</ele>
        <extensions>
          <distance>81131</distance>
        </extensions>
      </trkpt>
      <trkpt lat="45.90407" lon="6.88085">
        <ele>2157</ele>
        <extensions>
          <distance>81133</distance>
        </extensions>
      </trkpt>
      <trkpt lat="45.90417" lon="6.88094">
        <ele>2156</ele>
        <extensions>
          <distance>81146</distance>
        </extensions>
      </trkpt>
      <trkpt lat="45.9042" lon="6.88099">
        <ele>2156</ele>
        <extensions>
          <distance>81151</distance>
        </extensions>
      </trkpt>
      <trkpt lat="45.90426" lon="6.88099">
        <ele>2155</ele>
        <extensions>
          <distance>81158</distance>
        </extensions>
      </trkpt>
      <trkpt lat="45.90426" lon="6.88094">
        <ele>2152</ele>
        <extensions>
          <distance>81162</distance>
        </extensions>
      </trkpt>
      <trkpt lat="45.90409" lon="6.8807">
        <ele>2148</ele>
        <extensions>
          <distance>81189</distance>
        </extensions>
      </trkpt>
      <trkpt lat="45.90416" lon="6.88059">
        <ele>2144</ele>
        <extensions>
          <distance>81201</distance>
        </extensions>
      </trkpt>
      <trkpt lat="45.90422" lon="6.88059">
        <ele>2144</ele>
        <extensions>
          <distance>81208</distance>
        </extensions>
      </trkpt>
      <trkpt lat="45.90433" lon="6.88062">
        <ele>2142</ele>
        <extensions>
          <distance>81220</distance>
        </extensions>
      </trkpt>
      <trkpt lat="45.90441" lon="6.88069">
        <ele>2141</ele>
        <extensions>
          <distance>81231</distance>
        </extensions>
      </trkpt>
      <trkpt lat="45.90459" lon="6.88075">
        <ele>2141</ele>
        <extensions>
          <distance>81251</distance>
        </extensions>
      </trkpt>
      <trkpt lat="45.9047225" lon="6.88087">
        <ele>2141</ele>
        <extensions>
          <distance>81269</distance>
        </extensions>
      </trkpt>
      <trkpt lat="45.904855" lon="6.880990000000001">
        <ele>2139</ele>
        <extensions>
          <distance>81286</distance>
        </extensions>
      </trkpt>
      <trkpt lat="45.9049875" lon="6.8811100000000005">
        <ele>2139</ele>
        <extensions>
          <distance>81304</distance>
        </extensions>
      </trkpt>
      <trkpt lat="45.90512" lon="6.88123">
        <ele>2139</ele>
        <extensions>
          <distance>81321</distance>
        </extensions>
      </trkpt>
      <trkpt lat="45.90535" lon="6.88133">
        <ele>2139</ele>
        <extensions>
          <distance>81348</distance>
        </extensions>
      </trkpt>
      <trkpt lat="45.90538" lon="6.88133">
        <ele>2139</ele>
        <extensions>
          <distance>81351</distance>
        </extensions>
      </trkpt>
      <trkpt lat="45.90539" lon="6.8813">
        <ele>2136</ele>
        <extensions>
          <distance>81354</distance>
        </extensions>
      </trkpt>
      <trkpt lat="45.9053" lon="6.8812">
        <ele>2134</ele>
        <extensions>
          <distance>81367</distance>
        </extensions>
      </trkpt>
      <trkpt lat="45.90531" lon="6.88117">
        <ele>2133</ele>
        <extensions>
          <distance>81369</distance>
        </extensions>
      </trkpt>
      <trkpt lat="45.90535" lon="6.88118">
        <ele>2132</ele>
        <extensions>
          <distance>81374</distance>
        </extensions>
      </trkpt>
      <trkpt lat="45.90532" lon="6.88108">
        <ele>2129</ele>
        <extensions>
          <distance>81383</distance>
        </extensions>
      </trkpt>
      <trkpt lat="45.90534" lon="6.88107">
        <ele>2129</ele>
        <extensions>
          <distance>81385</distance>
        </extensions>
      </trkpt>
      <trkpt lat="45.90543" lon="6.88111">
        <ele>2127</ele>
        <extensions>
          <distance>81396</distance>
        </extensions>
      </trkpt>
      <trkpt lat="45.90545" lon="6.88108">
        <ele>2126</ele>
        <extensions>
          <distance>81399</distance>
        </extensions>
      </trkpt>
      <trkpt lat="45.90544" lon="6.88105">
        <ele>2126</ele>
        <extensions>
          <distance>81402</distance>
        </extensions>
      </trkpt>
      <trkpt lat="45.90537" lon="6.88098">
        <ele>2124</ele>
        <extensions>
          <distance>81411</distance>
        </extensions>
      </trkpt>
      <trkpt lat="45.90531" lon="6.88096">
        <ele>2123</ele>
        <extensions>
          <distance>81418</distance>
        </extensions>
      </trkpt>
      <trkpt lat="45.90518" lon="6.88081">
        <ele>2120</ele>
        <extensions>
          <distance>81437</distance>
        </extensions>
      </trkpt>
      <trkpt lat="45.90514" lon="6.88079">
        <ele>2120</ele>
        <extensions>
          <distance>81442</distance>
        </extensions>
      </trkpt>
      <trkpt lat="45.90514" lon="6.88076">
        <ele>2118</ele>
        <extensions>
          <distance>81444</distance>
        </extensions>
      </trkpt>
      <trkpt lat="45.90521" lon="6.88074">
        <ele>2116</ele>
        <extensions>
          <distance>81453</distance>
        </extensions>
      </trkpt>
      <trkpt lat="45.905375" lon="6.880765">
        <ele>2114</ele>
        <extensions>
          <distance>81471</distance>
        </extensions>
      </trkpt>
      <trkpt lat="45.90554" lon="6.88079">
        <ele>2111</ele>
        <extensions>
          <distance>81490</distance>
        </extensions>
      </trkpt>
      <trkpt lat="45.90565" lon="6.88091">
        <ele>2108</ele>
        <extensions>
          <distance>81506</distance>
        </extensions>
      </trkpt>
      <trkpt lat="45.90559" lon="6.88071">
        <ele>2105</ele>
        <extensions>
          <distance>81523</distance>
        </extensions>
      </trkpt>
      <trkpt lat="45.9055" lon="6.88061">
        <ele>2103</ele>
        <extensions>
          <distance>81535</distance>
        </extensions>
      </trkpt>
      <trkpt lat="45.90549" lon="6.88048">
        <ele>2100</ele>
        <extensions>
          <distance>81546</distance>
        </extensions>
      </trkpt>
      <trkpt lat="45.90546" lon="6.88041">
        <ele>2099</ele>
        <extensions>
          <distance>81553</distance>
        </extensions>
      </trkpt>
      <trkpt lat="45.90541" lon="6.88039">
        <ele>2098</ele>
        <extensions>
          <distance>81558</distance>
        </extensions>
      </trkpt>
      <trkpt lat="45.90531" lon="6.880255">
        <ele>2096</ele>
        <extensions>
          <distance>81574</distance>
        </extensions>
      </trkpt>
      <trkpt lat="45.90521" lon="6.88012">
        <ele>2093</ele>
        <extensions>
          <distance>81589</distance>
        </extensions>
      </trkpt>
      <trkpt lat="45.90510999999999" lon="6.879985">
        <ele>2090</ele>
        <extensions>
          <distance>81605</distance>
        </extensions>
      </trkpt>
      <trkpt lat="45.90501" lon="6.87985">
        <ele>2087</ele>
        <extensions>
          <distance>81621</distance>
        </extensions>
      </trkpt>
      <trkpt lat="45.90491" lon="6.87978">
        <ele>2085</ele>
        <extensions>
          <distance>81633</distance>
        </extensions>
      </trkpt>
      <trkpt lat="45.90485" lon="6.87971">
        <ele>2083</ele>
        <extensions>
          <distance>81642</distance>
        </extensions>
      </trkpt>
      <trkpt lat="45.90485" lon="6.87967">
        <ele>2081</ele>
        <extensions>
          <distance>81645</distance>
        </extensions>
      </trkpt>
      <trkpt lat="45.9049" lon="6.87966">
        <ele>2081</ele>
        <extensions>
          <distance>81651</distance>
        </extensions>
      </trkpt>
      <trkpt lat="45.90491" lon="6.87963">
        <ele>2080</ele>
        <extensions>
          <distance>81654</distance>
        </extensions>
      </trkpt>
      <trkpt lat="45.90471" lon="6.87943">
        <ele>2076</ele>
        <extensions>
          <distance>81681</distance>
        </extensions>
      </trkpt>
      <trkpt lat="45.90463" lon="6.87941">
        <ele>2075</ele>
        <extensions>
          <distance>81690</distance>
        </extensions>
      </trkpt>
      <trkpt lat="45.90462" lon="6.87938">
        <ele>2075</ele>
        <extensions>
          <distance>81693</distance>
        </extensions>
      </trkpt>
      <trkpt lat="45.90465" lon="6.87934">
        <ele>2074</ele>
        <extensions>
          <distance>81697</distance>
        </extensions>
      </trkpt>
      <trkpt lat="45.90471" lon="6.87933">
        <ele>2073</ele>
        <extensions>
          <distance>81704</distance>
        </extensions>
      </trkpt>
      <trkpt lat="45.90489" lon="6.87937">
        <ele>2069</ele>
        <extensions>
          <distance>81725</distance>
        </extensions>
      </trkpt>
      <trkpt lat="45.90513" lon="6.8795">
        <ele>2067</ele>
        <extensions>
          <distance>81753</distance>
        </extensions>
      </trkpt>
      <trkpt lat="45.90517" lon="6.87954">
        <ele>2064</ele>
        <extensions>
          <distance>81759</distance>
        </extensions>
      </trkpt>
      <trkpt lat="45.90513" lon="6.87943">
        <ele>2062</ele>
        <extensions>
          <distance>81769</distance>
        </extensions>
      </trkpt>
      <trkpt lat="45.90494" lon="6.87922">
        <ele>2059</ele>
        <extensions>
          <distance>81796</distance>
        </extensions>
      </trkpt>
      <trkpt lat="45.90472" lon="6.87901">
        <ele>2053</ele>
        <extensions>
          <distance>81826</distance>
        </extensions>
      </trkpt>
      <trkpt lat="45.90472" lon="6.87899">
        <ele>2053</ele>
        <extensions>
          <distance>81827</distance>
        </extensions>
      </trkpt>
      <trkpt lat="45.90493" lon="6.87904">
        <ele>2050</ele>
        <extensions>
          <distance>81851</distance>
        </extensions>
      </trkpt>
      <trkpt lat="45.90505" lon="6.87902">
        <ele>2046</ele>
        <extensions>
          <distance>81865</distance>
        </extensions>
      </trkpt>
      <trkpt lat="45.90507" lon="6.87899">
        <ele>2046</ele>
        <extensions>
          <distance>81868</distance>
        </extensions>
      </trkpt>
      <trkpt lat="45.90507" lon="6.87889">
        <ele>2044</ele>
        <extensions>
          <distance>81876</distance>
        </extensions>
      </trkpt>
      <trkpt lat="45.90484" lon="6.87872">
        <ele>2042</ele>
        <extensions>
          <distance>81905</distance>
        </extensions>
      </trkpt>
      <trkpt lat="45.90469" lon="6.8785">
        <ele>2038</ele>
        <extensions>
          <distance>81929</distance>
        </extensions>
      </trkpt>
      <trkpt lat="45.90461" lon="6.87843">
        <ele>2037</ele>
        <extensions>
          <distance>81940</distance>
        </extensions>
      </trkpt>
      <trkpt lat="45.90449" lon="6.87839">
        <ele>2035</ele>
        <extensions>
          <distance>81954</distance>
        </extensions>
      </trkpt>
      <trkpt lat="45.90448" lon="6.87833">
        <ele>2032</ele>
        <extensions>
          <distance>81959</distance>
        </extensions>
      </trkpt>
      <trkpt lat="45.9045" lon="6.87832">
        <ele>2032</ele>
        <extensions>
          <distance>81962</distance>
        </extensions>
      </trkpt>
      <trkpt lat="45.90458" lon="6.87831">
        <ele>2031</ele>
        <extensions>
          <distance>81970</distance>
        </extensions>
      </trkpt>
      <trkpt lat="45.90474" lon="6.87834">
        <ele>2030</ele>
        <extensions>
          <distance>81988</distance>
        </extensions>
      </trkpt>
      <trkpt lat="45.90475" lon="6.87828">
        <ele>2028</ele>
        <extensions>
          <distance>81993</distance>
        </extensions>
      </trkpt>
      <trkpt lat="45.90467" lon="6.87822">
        <ele>2028</ele>
        <extensions>
          <distance>82003</distance>
        </extensions>
      </trkpt>
      <trkpt lat="45.90449" lon="6.87816">
        <ele>2025</ele>
        <extensions>
          <distance>82024</distance>
        </extensions>
      </trkpt>
      <trkpt lat="45.90439" lon="6.87818">
        <ele>2024</ele>
        <extensions>
          <distance>82035</distance>
        </extensions>
      </trkpt>
      <trkpt lat="45.90414" lon="6.8783">
        <ele>2021</ele>
        <extensions>
          <distance>82065</distance>
        </extensions>
      </trkpt>
      <trkpt lat="45.90415" lon="6.87822">
        <ele>2018</ele>
        <extensions>
          <distance>82072</distance>
        </extensions>
      </trkpt>
      <trkpt lat="45.904275" lon="6.87806">
        <ele>2016</ele>
        <extensions>
          <distance>82090</distance>
        </extensions>
      </trkpt>
      <trkpt lat="45.9044" lon="6.8779">
        <ele>2013</ele>
        <extensions>
          <distance>82109</distance>
        </extensions>
      </trkpt>
      <trkpt lat="45.90451" lon="6.87782">
        <ele>2011</ele>
        <extensions>
          <distance>82123</distance>
        </extensions>
      </trkpt>
      <trkpt lat="45.90453" lon="6.87779">
        <ele>2011</ele>
        <extensions>
          <distance>82126</distance>
        </extensions>
      </trkpt>
      <trkpt lat="45.90452" lon="6.87776">
        <ele>2009</ele>
        <extensions>
          <distance>82129</distance>
        </extensions>
      </trkpt>
      <trkpt lat="45.90449" lon="6.87775">
        <ele>2009</ele>
        <extensions>
          <distance>82133</distance>
        </extensions>
      </trkpt>
      <trkpt lat="45.9043" lon="6.87783">
        <ele>2006</ele>
        <extensions>
          <distance>82155</distance>
        </extensions>
      </trkpt>
      <trkpt lat="45.90415" lon="6.87793">
        <ele>2005</ele>
        <extensions>
          <distance>82173</distance>
        </extensions>
      </trkpt>
      <trkpt lat="45.90399" lon="6.87798">
        <ele>2001</ele>
        <extensions>
          <distance>82192</distance>
        </extensions>
      </trkpt>
      <trkpt lat="45.90392" lon="6.87803">
        <ele>2001</ele>
        <extensions>
          <distance>82201</distance>
        </extensions>
      </trkpt>
      <trkpt lat="45.90386" lon="6.87805">
        <ele>2000</ele>
        <extensions>
          <distance>82207</distance>
        </extensions>
      </trkpt>
      <trkpt lat="45.90383" lon="6.87804">
        <ele>1998</ele>
        <extensions>
          <distance>82211</distance>
        </extensions>
      </trkpt>
      <trkpt lat="45.90384" lon="6.87799">
        <ele>1996</ele>
        <extensions>
          <distance>82215</distance>
        </extensions>
      </trkpt>
      <trkpt lat="45.904" lon="6.87783">
        <ele>1995</ele>
        <extensions>
          <distance>82237</distance>
        </extensions>
      </trkpt>
      <trkpt lat="45.90415" lon="6.87763">
        <ele>1991</ele>
        <extensions>
          <distance>82260</distance>
        </extensions>
      </trkpt>
      <trkpt lat="45.90414" lon="6.87761">
        <ele>1987</ele>
        <extensions>
          <distance>82265</distance>
        </extensions>
      </trkpt>
      <trkpt lat="45.90412" lon="6.87761">
        <ele>1987</ele>
        <extensions>
          <distance>82267</distance>
        </extensions>
      </trkpt>
      <trkpt lat="45.904" lon="6.87769">
        <ele>1986</ele>
        <extensions>
          <distance>82281</distance>
        </extensions>
      </trkpt>
      <trkpt lat="45.9039" lon="6.87771">
        <ele>1986</ele>
        <extensions>
          <distance>82293</distance>
        </extensions>
      </trkpt>
      <trkpt lat="45.90379" lon="6.87776">
        <ele>1984</ele>
        <extensions>
          <distance>82306</distance>
        </extensions>
      </trkpt>
      <trkpt lat="45.90377" lon="6.87775">
        <ele>1984</ele>
        <extensions>
          <distance>82308</distance>
        </extensions>
      </trkpt>
      <trkpt lat="45.90377" lon="6.87772">
        <ele>1981</ele>
        <extensions>
          <distance>82311</distance>
        </extensions>
      </trkpt>
      <trkpt lat="45.90386" lon="6.87763">
        <ele>1980</ele>
        <extensions>
          <distance>82323</distance>
        </extensions>
      </trkpt>
      <trkpt lat="45.90392" lon="6.8776">
        <ele>1980</ele>
        <extensions>
          <distance>82330</distance>
        </extensions>
      </trkpt>
      <trkpt lat="45.90398" lon="6.87753">
        <ele>1979</ele>
        <extensions>
          <distance>82339</distance>
        </extensions>
      </trkpt>
      <trkpt lat="45.90398" lon="6.87751">
        <ele>1978</ele>
        <extensions>
          <distance>82341</distance>
        </extensions>
      </trkpt>
      <trkpt lat="45.90395" lon="6.87751">
        <ele>1977</ele>
        <extensions>
          <distance>82344</distance>
        </extensions>
      </trkpt>
      <trkpt lat="45.90389" lon="6.87755">
        <ele>1976</ele>
        <extensions>
          <distance>82351</distance>
        </extensions>
      </trkpt>
      <trkpt lat="45.9038" lon="6.87756">
        <ele>1974</ele>
        <extensions>
          <distance>82362</distance>
        </extensions>
      </trkpt>
      <trkpt lat="45.90379" lon="6.87755">
        <ele>1972</ele>
        <extensions>
          <distance>82363</distance>
        </extensions>
      </trkpt>
      <trkpt lat="45.90379" lon="6.87753">
        <ele>1972</ele>
        <extensions>
          <distance>82365</distance>
        </extensions>
      </trkpt>
      <trkpt lat="45.90399" lon="6.87736">
        <ele>1971</ele>
        <extensions>
          <distance>82391</distance>
        </extensions>
      </trkpt>
      <trkpt lat="45.90398" lon="6.87734">
        <ele>1968</ele>
        <extensions>
          <distance>82394</distance>
        </extensions>
      </trkpt>
      <trkpt lat="45.90388" lon="6.87735">
        <ele>1965</ele>
        <extensions>
          <distance>82406</distance>
        </extensions>
      </trkpt>
      <trkpt lat="45.90381" lon="6.87738">
        <ele>1964</ele>
        <extensions>
          <distance>82414</distance>
        </extensions>
      </trkpt>
      <trkpt lat="45.90378" lon="6.87735">
        <ele>1961</ele>
        <extensions>
          <distance>82419</distance>
        </extensions>
      </trkpt>
      <trkpt lat="45.90389" lon="6.87722">
        <ele>1958</ele>
        <extensions>
          <distance>82435</distance>
        </extensions>
      </trkpt>
      <trkpt lat="45.90397" lon="6.87718">
        <ele>1958</ele>
        <extensions>
          <distance>82444</distance>
        </extensions>
      </trkpt>
      <trkpt lat="45.90396" lon="6.87716">
        <ele>1957</ele>
        <extensions>
          <distance>82446</distance>
        </extensions>
      </trkpt>
      <trkpt lat="45.90389" lon="6.87714">
        <ele>1953</ele>
        <extensions>
          <distance>82455</distance>
        </extensions>
      </trkpt>
      <trkpt lat="45.90368" lon="6.8772">
        <ele>1951</ele>
        <extensions>
          <distance>82479</distance>
        </extensions>
      </trkpt>
      <trkpt lat="45.90351" lon="6.877165">
        <ele>1944</ele>
        <extensions>
          <distance>82499</distance>
        </extensions>
      </trkpt>
      <trkpt lat="45.90334" lon="6.87713">
        <ele>1938</ele>
        <extensions>
          <distance>82519</distance>
        </extensions>
      </trkpt>
      <trkpt lat="45.903144999999995" lon="6.877115">
        <ele>1934</ele>
        <extensions>
          <distance>82541</distance>
        </extensions>
      </trkpt>
      <trkpt lat="45.90295" lon="6.8771">
        <ele>1930</ele>
        <extensions>
          <distance>82563</distance>
        </extensions>
      </trkpt>
      <trkpt lat="45.9028" lon="6.877140000000001">
        <ele>1927</ele>
        <extensions>
          <distance>82580</distance>
        </extensions>
      </trkpt>
      <trkpt lat="45.90265" lon="6.87718">
        <ele>1926</ele>
        <extensions>
          <distance>82597</distance>
        </extensions>
      </trkpt>
      <trkpt lat="45.90246" lon="6.87718">
        <ele>1926</ele>
        <extensions>
          <distance>82618</distance>
        </extensions>
      </trkpt>
      <trkpt lat="45.90226" lon="6.87728">
        <ele>1924</ele>
        <extensions>
          <distance>82642</distance>
        </extensions>
      </trkpt>
      <trkpt lat="45.90219" lon="6.87736">
        <ele>1921</ele>
        <extensions>
          <distance>82652</distance>
        </extensions>
      </trkpt>
      <trkpt lat="45.90201" lon="6.87727">
        <ele>1921</ele>
        <extensions>
          <distance>82673</distance>
        </extensions>
      </trkpt>
      <trkpt lat="45.90196" lon="6.87722">
        <ele>1918</ele>
        <extensions>
          <distance>82680</distance>
        </extensions>
      </trkpt>
      <trkpt lat="45.90192" lon="6.87713">
        <ele>1915</ele>
        <extensions>
          <distance>82689</distance>
        </extensions>
      </trkpt>
      <trkpt lat="45.90192" lon="6.87702">
        <ele>1911</ele>
        <extensions>
          <distance>82698</distance>
        </extensions>
      </trkpt>
      <trkpt lat="45.90186" lon="6.87678">
        <ele>1901</ele>
        <extensions>
          <distance>82721</distance>
        </extensions>
      </trkpt>
      <trkpt lat="45.9019" lon="6.87672">
        <ele>1901</ele>
        <extensions>
          <distance>82727</distance>
        </extensions>
      </trkpt>
      <trkpt lat="45.90188" lon="6.8766">
        <ele>1901</ele>
        <extensions>
          <distance>82737</distance>
        </extensions>
      </trkpt>
      <trkpt lat="45.90191" lon="6.8766">
        <ele>1900</ele>
        <extensions>
          <distance>82740</distance>
        </extensions>
      </trkpt>
      <trkpt lat="45.90207" lon="6.87685">
        <ele>1899</ele>
        <extensions>
          <distance>82766</distance>
        </extensions>
      </trkpt>
      <trkpt lat="45.90209" lon="6.87686">
        <ele>1893</ele>
        <extensions>
          <distance>82769</distance>
        </extensions>
      </trkpt>
      <trkpt lat="45.9021" lon="6.87683">
        <ele>1893</ele>
        <extensions>
          <distance>82772</distance>
        </extensions>
      </trkpt>
      <trkpt lat="45.90202" lon="6.876555">
        <ele>1890</ele>
        <extensions>
          <distance>82795</distance>
        </extensions>
      </trkpt>
      <trkpt lat="45.90194" lon="6.87628">
        <ele>1882</ele>
        <extensions>
          <distance>82820</distance>
        </extensions>
      </trkpt>
      <trkpt lat="45.90186" lon="6.87625">
        <ele>1881</ele>
        <extensions>
          <distance>82829</distance>
        </extensions>
      </trkpt>
      <trkpt lat="45.90197" lon="6.87608">
        <ele>1876</ele>
        <extensions>
          <distance>82847</distance>
        </extensions>
      </trkpt>
      <trkpt lat="45.90201" lon="6.87607">
        <ele>1876</ele>
        <extensions>
          <distance>82852</distance>
        </extensions>
      </trkpt>
      <trkpt lat="45.90205" lon="6.8761">
        <ele>1876</ele>
        <extensions>
          <distance>82857</distance>
        </extensions>
      </trkpt>
      <trkpt lat="45.90211" lon="6.87619">
        <ele>1876</ele>
        <extensions>
          <distance>82867</distance>
        </extensions>
      </trkpt>
      <trkpt lat="45.90217" lon="6.8764">
        <ele>1875</ele>
        <extensions>
          <distance>82884</distance>
        </extensions>
      </trkpt>
      <trkpt lat="45.90215" lon="6.87603">
        <ele>1872</ele>
        <extensions>
          <distance>82913</distance>
        </extensions>
      </trkpt>
      <trkpt lat="45.90216" lon="6.87585">
        <ele>1867</ele>
        <extensions>
          <distance>82928</distance>
        </extensions>
      </trkpt>
      <trkpt lat="45.90212" lon="6.87578">
        <ele>1867</ele>
        <extensions>
          <distance>82935</distance>
        </extensions>
      </trkpt>
      <trkpt lat="45.90196" lon="6.87571">
        <ele>1866</ele>
        <extensions>
          <distance>82954</distance>
        </extensions>
      </trkpt>
      <trkpt lat="45.90198" lon="6.87565">
        <ele>1864</ele>
        <extensions>
          <distance>82959</distance>
        </extensions>
      </trkpt>
      <trkpt lat="45.90208" lon="6.87553">
        <ele>1861</ele>
        <extensions>
          <distance>82974</distance>
        </extensions>
      </trkpt>
      <trkpt lat="45.90214" lon="6.87551">
        <ele>1861</ele>
        <extensions>
          <distance>82981</distance>
        </extensions>
      </trkpt>
      <trkpt lat="45.90221" lon="6.87558">
        <ele>1861</ele>
        <extensions>
          <distance>82990</distance>
        </extensions>
      </trkpt>
      <trkpt lat="45.90227" lon="6.87572">
        <ele>1860</ele>
        <extensions>
          <distance>83003</distance>
        </extensions>
      </trkpt>
      <trkpt lat="45.90239" lon="6.87592">
        <ele>1858</ele>
        <extensions>
          <distance>83023</distance>
        </extensions>
      </trkpt>
      <trkpt lat="45.90241" lon="6.87591">
        <ele>1858</ele>
        <extensions>
          <distance>83026</distance>
        </extensions>
      </trkpt>
      <trkpt lat="45.90233" lon="6.87559">
        <ele>1856</ele>
        <extensions>
          <distance>83052</distance>
        </extensions>
      </trkpt>
      <trkpt lat="45.90229" lon="6.875355">
        <ele>1851</ele>
        <extensions>
          <distance>83071</distance>
        </extensions>
      </trkpt>
      <trkpt lat="45.90225" lon="6.87512">
        <ele>1846</ele>
        <extensions>
          <distance>83091</distance>
        </extensions>
      </trkpt>
      <trkpt lat="45.90214" lon="6.87505">
        <ele>1845</ele>
        <extensions>
          <distance>83104</distance>
        </extensions>
      </trkpt>
      <trkpt lat="45.90214" lon="6.875">
        <ele>1844</ele>
        <extensions>
          <distance>83108</distance>
        </extensions>
      </trkpt>
      <trkpt lat="45.90222" lon="6.87492">
        <ele>1840</ele>
        <extensions>
          <distance>83120</distance>
        </extensions>
      </trkpt>
      <trkpt lat="45.90229" lon="6.87494">
        <ele>1840</ele>
        <extensions>
          <distance>83127</distance>
        </extensions>
      </trkpt>
      <trkpt lat="45.902395" lon="6.875085">
        <ele>1840</ele>
        <extensions>
          <distance>83144</distance>
        </extensions>
      </trkpt>
      <trkpt lat="45.9025" lon="6.87523">
        <ele>1840</ele>
        <extensions>
          <distance>83160</distance>
        </extensions>
      </trkpt>
      <trkpt lat="45.9026" lon="6.8754">
        <ele>1840</ele>
        <extensions>
          <distance>83177</distance>
        </extensions>
      </trkpt>
      <trkpt lat="45.90262" lon="6.87538">
        <ele>1840</ele>
        <extensions>
          <distance>83180</distance>
        </extensions>
      </trkpt>
      <trkpt lat="45.90252" lon="6.87505">
        <ele>1834</ele>
        <extensions>
          <distance>83208</distance>
        </extensions>
      </trkpt>
      <trkpt lat="45.90246500000001" lon="6.87476">
        <ele>1829</ele>
        <extensions>
          <distance>83232</distance>
        </extensions>
      </trkpt>
      <trkpt lat="45.90241" lon="6.87447">
        <ele>1821</ele>
        <extensions>
          <distance>83256</distance>
        </extensions>
      </trkpt>
      <trkpt lat="45.9023" lon="6.87438">
        <ele>1820</ele>
        <extensions>
          <distance>83271</distance>
        </extensions>
      </trkpt>
      <trkpt lat="45.90229" lon="6.87431">
        <ele>1819</ele>
        <extensions>
          <distance>83276</distance>
        </extensions>
      </trkpt>
      <trkpt lat="45.90232" lon="6.87429">
        <ele>1817</ele>
        <extensions>
          <distance>83280</distance>
        </extensions>
      </trkpt>
      <trkpt lat="45.90248" lon="6.87436">
        <ele>1815</ele>
        <extensions>
          <distance>83299</distance>
        </extensions>
      </trkpt>
      <trkpt lat="45.90262" lon="6.874505">
        <ele>1814</ele>
        <extensions>
          <distance>83318</distance>
        </extensions>
      </trkpt>
      <trkpt lat="45.90276" lon="6.87465">
        <ele>1812</ele>
        <extensions>
          <distance>83337</distance>
        </extensions>
      </trkpt>
      <trkpt lat="45.90292" lon="6.87477">
        <ele>1809</ele>
        <extensions>
          <distance>83358</distance>
        </extensions>
      </trkpt>
      <trkpt lat="45.90301" lon="6.87479">
        <ele>1809</ele>
        <extensions>
          <distance>83368</distance>
        </extensions>
      </trkpt>
      <trkpt lat="45.9031" lon="6.87477">
        <ele>1806</ele>
        <extensions>
          <distance>83378</distance>
        </extensions>
      </trkpt>
      <trkpt lat="45.90320750000001" lon="6.874625">
        <ele>1804</ele>
        <extensions>
          <distance>83395</distance>
        </extensions>
      </trkpt>
      <trkpt lat="45.903315000000006" lon="6.87448">
        <ele>1799</ele>
        <extensions>
          <distance>83412</distance>
        </extensions>
      </trkpt>
      <trkpt lat="45.903422500000005" lon="6.874335">
        <ele>1796</ele>
        <extensions>
          <distance>83428</distance>
        </extensions>
      </trkpt>
      <trkpt lat="45.90353" lon="6.87419">
        <ele>1792</ele>
        <extensions>
          <distance>83445</distance>
        </extensions>
      </trkpt>
      <trkpt lat="45.90366" lon="6.87417">
        <ele>1792</ele>
        <extensions>
          <distance>83460</distance>
        </extensions>
      </trkpt>
      <trkpt lat="45.903875" lon="6.874035">
        <ele>1790</ele>
        <extensions>
          <distance>83486</distance>
        </extensions>
      </trkpt>
      <trkpt lat="45.90409" lon="6.8739">
        <ele>1789</ele>
        <extensions>
          <distance>83512</distance>
        </extensions>
      </trkpt>
      <trkpt lat="45.90423" lon="6.873889999999999">
        <ele>1789</ele>
        <extensions>
          <distance>83528</distance>
        </extensions>
      </trkpt>
      <trkpt lat="45.90437" lon="6.87388">
        <ele>1788</ele>
        <extensions>
          <distance>83543</distance>
        </extensions>
      </trkpt>
      <trkpt lat="45.90444" lon="6.87386">
        <ele>1786</ele>
        <extensions>
          <distance>83551</distance>
        </extensions>
      </trkpt>
      <trkpt lat="45.90422" lon="6.8737">
        <ele>1779</ele>
        <extensions>
          <distance>83580</distance>
        </extensions>
      </trkpt>
      <trkpt lat="45.90433" lon="6.87368">
        <ele>1777</ele>
        <extensions>
          <distance>83592</distance>
        </extensions>
      </trkpt>
      <trkpt lat="45.90447" lon="6.8736049999999995">
        <ele>1776</ele>
        <extensions>
          <distance>83609</distance>
        </extensions>
      </trkpt>
      <trkpt lat="45.90461" lon="6.87353">
        <ele>1774</ele>
        <extensions>
          <distance>83625</distance>
        </extensions>
      </trkpt>
      <trkpt lat="45.90464" lon="6.87347">
        <ele>1772</ele>
        <extensions>
          <distance>83631</distance>
        </extensions>
      </trkpt>
      <trkpt lat="45.90448" lon="6.87346">
        <ele>1770</ele>
        <extensions>
          <distance>83649</distance>
        </extensions>
      </trkpt>
      <trkpt lat="45.90432" lon="6.87345">
        <ele>1766</ele>
        <extensions>
          <distance>83667</distance>
        </extensions>
      </trkpt>
      <trkpt lat="45.9042" lon="6.87336">
        <ele>1760</ele>
        <extensions>
          <distance>83684</distance>
        </extensions>
      </trkpt>
      <trkpt lat="45.90399" lon="6.87332">
        <ele>1755</ele>
        <extensions>
          <distance>83708</distance>
        </extensions>
      </trkpt>
      <trkpt lat="45.90383" lon="6.873315">
        <ele>1753</ele>
        <extensions>
          <distance>83726</distance>
        </extensions>
      </trkpt>
      <trkpt lat="45.90367" lon="6.87331">
        <ele>1751</ele>
        <extensions>
          <distance>83744</distance>
        </extensions>
      </trkpt>
      <trkpt lat="45.90359" lon="6.87328">
        <ele>1749</ele>
        <extensions>
          <distance>83753</distance>
        </extensions>
      </trkpt>
      <trkpt lat="45.903765" lon="6.87316">
        <ele>1745</ele>
        <extensions>
          <distance>83775</distance>
        </extensions>
      </trkpt>
      <trkpt lat="45.90394" lon="6.87304">
        <ele>1741</ele>
        <extensions>
          <distance>83797</distance>
        </extensions>
      </trkpt>
      <trkpt lat="45.904195" lon="6.8729499999999994">
        <ele>1740</ele>
        <extensions>
          <distance>83826</distance>
        </extensions>
      </trkpt>
      <trkpt lat="45.90445" lon="6.87286">
        <ele>1739</ele>
        <extensions>
          <distance>83855</distance>
        </extensions>
      </trkpt>
      <trkpt lat="45.9046375" lon="6.872685000000001">
        <ele>1732</ele>
        <extensions>
          <distance>83881</distance>
        </extensions>
      </trkpt>
      <trkpt lat="45.904825" lon="6.87251">
        <ele>1726</ele>
        <extensions>
          <distance>83906</distance>
        </extensions>
      </trkpt>
      <trkpt lat="45.9050125" lon="6.872335">
        <ele>1721</ele>
        <extensions>
          <distance>83931</distance>
        </extensions>
      </trkpt>
      <trkpt lat="45.9052" lon="6.87216">
        <ele>1710</ele>
        <extensions>
          <distance>83959</distance>
        </extensions>
      </trkpt>
      <trkpt lat="45.905339999999995" lon="6.87208">
        <ele>1708</ele>
        <extensions>
          <distance>83975</distance>
        </extensions>
      </trkpt>
      <trkpt lat="45.90548" lon="6.872">
        <ele>1703</ele>
        <extensions>
          <distance>83993</distance>
        </extensions>
      </trkpt>
      <trkpt lat="45.90571" lon="6.87203">
        <ele>1699</ele>
        <extensions>
          <distance>84019</distance>
        </extensions>
      </trkpt>
      <trkpt lat="45.905860000000004" lon="6.87209">
        <ele>1698</ele>
        <extensions>
          <distance>84036</distance>
        </extensions>
      </trkpt>
      <trkpt lat="45.90601" lon="6.87215">
        <ele>1694</ele>
        <extensions>
          <distance>84054</distance>
        </extensions>
      </trkpt>
      <trkpt lat="45.90613" lon="6.87229">
        <ele>1692</ele>
        <extensions>
          <distance>84071</distance>
        </extensions>
      </trkpt>
      <trkpt lat="45.90616" lon="6.8723">
        <ele>1691</ele>
        <extensions>
          <distance>84075</distance>
        </extensions>
      </trkpt>
      <trkpt lat="45.90618" lon="6.87226">
        <ele>1690</ele>
        <extensions>
          <distance>84079</distance>
        </extensions>
      </trkpt>
      <trkpt lat="45.90617" lon="6.8722">
        <ele>1689</ele>
        <extensions>
          <distance>84083</distance>
        </extensions>
      </trkpt>
      <trkpt lat="45.906060000000004" lon="6.872035">
        <ele>1687</ele>
        <extensions>
          <distance>84101</distance>
        </extensions>
      </trkpt>
      <trkpt lat="45.905950000000004" lon="6.87187">
        <ele>1685</ele>
        <extensions>
          <distance>84119</distance>
        </extensions>
      </trkpt>
      <trkpt lat="45.90584" lon="6.871705">
        <ele>1682</ele>
        <extensions>
          <distance>84137</distance>
        </extensions>
      </trkpt>
      <trkpt lat="45.90573" lon="6.87154">
        <ele>1675</ele>
        <extensions>
          <distance>84156</distance>
        </extensions>
      </trkpt>
      <trkpt lat="45.90558" lon="6.871445">
        <ele>1673</ele>
        <extensions>
          <distance>84174</distance>
        </extensions>
      </trkpt>
      <trkpt lat="45.90543" lon="6.87135">
        <ele>1669</ele>
        <extensions>
          <distance>84193</distance>
        </extensions>
      </trkpt>
      <trkpt lat="45.90526" lon="6.87138">
        <ele>1669</ele>
        <extensions>
          <distance>84212</distance>
        </extensions>
      </trkpt>
      <trkpt lat="45.90511" lon="6.87143">
        <ele>1668</ele>
        <extensions>
          <distance>84229</distance>
        </extensions>
      </trkpt>
      <trkpt lat="45.90496" lon="6.87148">
        <ele>1667</ele>
        <extensions>
          <distance>84246</distance>
        </extensions>
      </trkpt>
      <trkpt lat="45.904807500000004" lon="6.87148">
        <ele>1665</ele>
        <extensions>
          <distance>84263</distance>
        </extensions>
      </trkpt>
      <trkpt lat="45.904655000000005" lon="6.87148">
        <ele>1660</ele>
        <extensions>
          <distance>84281</distance>
        </extensions>
      </trkpt>
      <trkpt lat="45.90450250000001" lon="6.87148">
        <ele>1655</ele>
        <extensions>
          <distance>84299</distance>
        </extensions>
      </trkpt>
      <trkpt lat="45.90435" lon="6.87148">
        <ele>1650</ele>
        <extensions>
          <distance>84316</distance>
        </extensions>
      </trkpt>
      <trkpt lat="45.90432" lon="6.87143">
        <ele>1647</ele>
        <extensions>
          <distance>84322</distance>
        </extensions>
      </trkpt>
      <trkpt lat="45.90453" lon="6.87126">
        <ele>1646</ele>
        <extensions>
          <distance>84349</distance>
        </extensions>
      </trkpt>
      <trkpt lat="45.904669999999996" lon="6.8711850000000005">
        <ele>1646</ele>
        <extensions>
          <distance>84366</distance>
        </extensions>
      </trkpt>
      <trkpt lat="45.90481" lon="6.87111">
        <ele>1645</ele>
        <extensions>
          <distance>84382</distance>
        </extensions>
      </trkpt>
      <trkpt lat="45.90481" lon="6.87108">
        <ele>1644</ele>
        <extensions>
          <distance>84385</distance>
        </extensions>
      </trkpt>
      <trkpt lat="45.904615" lon="6.871055">
        <ele>1640</ele>
        <extensions>
          <distance>84407</distance>
        </extensions>
      </trkpt>
      <trkpt lat="45.90442" lon="6.87103">
        <ele>1631</ele>
        <extensions>
          <distance>84430</distance>
        </extensions>
      </trkpt>
      <trkpt lat="45.9045475" lon="6.870922500000001">
        <ele>1631</ele>
        <extensions>
          <distance>84447</distance>
        </extensions>
      </trkpt>
      <trkpt lat="45.904675" lon="6.870815">
        <ele>1628</ele>
        <extensions>
          <distance>84463</distance>
        </extensions>
      </trkpt>
      <trkpt lat="45.9048025" lon="6.8707075">
        <ele>1626</ele>
        <extensions>
          <distance>84480</distance>
        </extensions>
      </trkpt>
      <trkpt lat="45.90493" lon="6.8706">
        <ele>1622</ele>
        <extensions>
          <distance>84497</distance>
        </extensions>
      </trkpt>
      <trkpt lat="45.90506" lon="6.87043">
        <ele>1615</ele>
        <extensions>
          <distance>84518</distance>
        </extensions>
      </trkpt>
      <trkpt lat="45.90519" lon="6.87026">
        <ele>1608</ele>
        <extensions>
          <distance>84538</distance>
        </extensions>
      </trkpt>
      <trkpt lat="45.90539" lon="6.87022">
        <ele>1608</ele>
        <extensions>
          <distance>84561</distance>
        </extensions>
      </trkpt>
      <trkpt lat="45.9055325" lon="6.870205">
        <ele>1607</ele>
        <extensions>
          <distance>84577</distance>
        </extensions>
      </trkpt>
      <trkpt lat="45.905675" lon="6.87019">
        <ele>1607</ele>
        <extensions>
          <distance>84593</distance>
        </extensions>
      </trkpt>
      <trkpt lat="45.9058175" lon="6.870175">
        <ele>1603</ele>
        <extensions>
          <distance>84609</distance>
        </extensions>
      </trkpt>
      <trkpt lat="45.90596" lon="6.87016">
        <ele>1602</ele>
        <extensions>
          <distance>84625</distance>
        </extensions>
      </trkpt>
      <trkpt lat="45.90612" lon="6.8702">
        <ele>1600</ele>
        <extensions>
          <distance>84643</distance>
        </extensions>
      </trkpt>
      <trkpt lat="45.90635" lon="6.87033">
        <ele>1598</ele>
        <extensions>
          <distance>84670</distance>
        </extensions>
      </trkpt>
      <trkpt lat="45.90637" lon="6.87028">
        <ele>1596</ele>
        <extensions>
          <distance>84675</distance>
        </extensions>
      </trkpt>
      <trkpt lat="45.90636" lon="6.87024">
        <ele>1593</ele>
        <extensions>
          <distance>84679</distance>
        </extensions>
      </trkpt>
      <trkpt lat="45.90619" lon="6.87006">
        <ele>1592</ele>
        <extensions>
          <distance>84703</distance>
        </extensions>
      </trkpt>
      <trkpt lat="45.90617" lon="6.86999">
        <ele>1587</ele>
        <extensions>
          <distance>84709</distance>
        </extensions>
      </trkpt>
      <trkpt lat="45.90618" lon="6.86998">
        <ele>1587</ele>
        <extensions>
          <distance>84711</distance>
        </extensions>
      </trkpt>
      <trkpt lat="45.90627" lon="6.87">
        <ele>1583</ele>
        <extensions>
          <distance>84722</distance>
        </extensions>
      </trkpt>
      <trkpt lat="45.90648" lon="6.870145">
        <ele>1581</ele>
        <extensions>
          <distance>84748</distance>
        </extensions>
      </trkpt>
      <trkpt lat="45.90669" lon="6.87029">
        <ele>1579</ele>
        <extensions>
          <distance>84774</distance>
        </extensions>
      </trkpt>
      <trkpt lat="45.90684" lon="6.870374999999999">
        <ele>1576</ele>
        <extensions>
          <distance>84792</distance>
        </extensions>
      </trkpt>
      <trkpt lat="45.90699" lon="6.87046">
        <ele>1572</ele>
        <extensions>
          <distance>84810</distance>
        </extensions>
      </trkpt>
      <trkpt lat="45.90714" lon="6.870545">
        <ele>1570</ele>
        <extensions>
          <distance>84828</distance>
        </extensions>
      </trkpt>
      <trkpt lat="45.90729" lon="6.87063">
        <ele>1564</ele>
        <extensions>
          <distance>84847</distance>
        </extensions>
      </trkpt>
      <trkpt lat="45.90742" lon="6.87073">
        <ele>1557</ele>
        <extensions>
          <distance>84865</distance>
        </extensions>
      </trkpt>
      <trkpt lat="45.90743" lon="6.87072">
        <ele>1557</ele>
        <extensions>
          <distance>84866</distance>
        </extensions>
      </trkpt>
      <trkpt lat="45.90737" lon="6.8705">
        <ele>1554</ele>
        <extensions>
          <distance>84885</distance>
        </extensions>
      </trkpt>
      <trkpt lat="45.907275" lon="6.870285">
        <ele>1553</ele>
        <extensions>
          <distance>84904</distance>
        </extensions>
      </trkpt>
      <trkpt lat="45.90718" lon="6.87007">
        <ele>1552</ele>
        <extensions>
          <distance>84924</distance>
        </extensions>
      </trkpt>
      <trkpt lat="45.90709" lon="6.86993">
        <ele>1549</ele>
        <extensions>
          <distance>84939</distance>
        </extensions>
      </trkpt>
      <trkpt lat="45.906915" lon="6.8697425">
        <ele>1547</ele>
        <extensions>
          <distance>84963</distance>
        </extensions>
      </trkpt>
      <trkpt lat="45.90674" lon="6.869555">
        <ele>1545</ele>
        <extensions>
          <distance>84988</distance>
        </extensions>
      </trkpt>
      <trkpt lat="45.906565" lon="6.8693675">
        <ele>1541</ele>
        <extensions>
          <distance>85012</distance>
        </extensions>
      </trkpt>
      <trkpt lat="45.90639" lon="6.86918">
        <ele>1537</ele>
        <extensions>
          <distance>85037</distance>
        </extensions>
      </trkpt>
      <trkpt lat="45.90625" lon="6.86906">
        <ele>1533</ele>
        <extensions>
          <distance>85056</distance>
        </extensions>
      </trkpt>
      <trkpt lat="45.90611" lon="6.86894">
        <ele>1529</ele>
        <extensions>
          <distance>85074</distance>
        </extensions>
      </trkpt>
      <trkpt lat="45.905860000000004" lon="6.868795">
        <ele>1525</ele>
        <extensions>
          <distance>85104</distance>
        </extensions>
      </trkpt>
      <trkpt lat="45.90561" lon="6.86865">
        <ele>1523</ele>
        <extensions>
          <distance>85134</distance>
        </extensions>
      </trkpt>
      <trkpt lat="45.90543" lon="6.86839">
        <ele>1513</ele>
        <extensions>
          <distance>85164</distance>
        </extensions>
      </trkpt>
      <trkpt lat="45.90528" lon="6.86832">
        <ele>1511</ele>
        <extensions>
          <distance>85182</distance>
        </extensions>
      </trkpt>
      <trkpt lat="45.90508" lon="6.868335">
        <ele>1510</ele>
        <extensions>
          <distance>85204</distance>
        </extensions>
      </trkpt>
      <trkpt lat="45.90488" lon="6.86835">
        <ele>1510</ele>
        <extensions>
          <distance>85226</distance>
        </extensions>
      </trkpt>
      <trkpt lat="45.90476" lon="6.86831">
        <ele>1507</ele>
        <extensions>
          <distance>85240</distance>
        </extensions>
      </trkpt>
      <trkpt lat="45.90472" lon="6.86826">
        <ele>1504</ele>
        <extensions>
          <distance>85247</distance>
        </extensions>
      </trkpt>
      <trkpt lat="45.90492" lon="6.86808">
        <ele>1499</ele>
        <extensions>
          <distance>85273</distance>
        </extensions>
      </trkpt>
      <trkpt lat="45.90504" lon="6.86792">
        <ele>1494</ele>
        <extensions>
          <distance>85292</distance>
        </extensions>
      </trkpt>
      <trkpt lat="45.90516" lon="6.86776">
        <ele>1482</ele>
        <extensions>
          <distance>85314</distance>
        </extensions>
      </trkpt>
      <trkpt lat="45.905307500000006" lon="6.86778">
        <ele>1480</ele>
        <extensions>
          <distance>85331</distance>
        </extensions>
      </trkpt>
      <trkpt lat="45.905455" lon="6.8678">
        <ele>1479</ele>
        <extensions>
          <distance>85347</distance>
        </extensions>
      </trkpt>
      <trkpt lat="45.9056025" lon="6.86782">
        <ele>1477</ele>
        <extensions>
          <distance>85364</distance>
        </extensions>
      </trkpt>
      <trkpt lat="45.90575" lon="6.86784">
        <ele>1476</ele>
        <extensions>
          <distance>85380</distance>
        </extensions>
      </trkpt>
      <trkpt lat="45.905964999999995" lon="6.86783">
        <ele>1473</ele>
        <extensions>
          <distance>85404</distance>
        </extensions>
      </trkpt>
      <trkpt lat="45.90618" lon="6.86782">
        <ele>1467</ele>
        <extensions>
          <distance>85429</distance>
        </extensions>
      </trkpt>
      <trkpt lat="45.906395" lon="6.86781">
        <ele>1463</ele>
        <extensions>
          <distance>85453</distance>
        </extensions>
      </trkpt>
      <trkpt lat="45.90661" lon="6.8678">
        <ele>1458</ele>
        <extensions>
          <distance>85478</distance>
        </extensions>
      </trkpt>
      <trkpt lat="45.9064775" lon="6.86769">
        <ele>1455</ele>
        <extensions>
          <distance>85495</distance>
        </extensions>
      </trkpt>
      <trkpt lat="45.906345" lon="6.86758">
        <ele>1453</ele>
        <extensions>
          <distance>85512</distance>
        </extensions>
      </trkpt>
      <trkpt lat="45.9062125" lon="6.86747">
        <ele>1449</ele>
        <extensions>
          <distance>85530</distance>
        </extensions>
      </trkpt>
      <trkpt lat="45.90608" lon="6.86736">
        <ele>1446</ele>
        <extensions>
          <distance>85547</distance>
        </extensions>
      </trkpt>
      <trkpt lat="45.90589" lon="6.86728">
        <ele>1445</ele>
        <extensions>
          <distance>85569</distance>
        </extensions>
      </trkpt>
      <trkpt lat="45.90589" lon="6.86722">
        <ele>1440</ele>
        <extensions>
          <distance>85574</distance>
        </extensions>
      </trkpt>
      <trkpt lat="45.90605" lon="6.86715">
        <ele>1436</ele>
        <extensions>
          <distance>85593</distance>
        </extensions>
      </trkpt>
      <trkpt lat="45.9063" lon="6.86714">
        <ele>1432</ele>
        <extensions>
          <distance>85621</distance>
        </extensions>
      </trkpt>
      <trkpt lat="45.90652" lon="6.86703">
        <ele>1424</ele>
        <extensions>
          <distance>85648</distance>
        </extensions>
      </trkpt>
      <trkpt lat="45.90675" lon="6.86698">
        <ele>1416</ele>
        <extensions>
          <distance>85675</distance>
        </extensions>
      </trkpt>
      <trkpt lat="45.906905" lon="6.866985">
        <ele>1410</ele>
        <extensions>
          <distance>85694</distance>
        </extensions>
      </trkpt>
      <trkpt lat="45.90706" lon="6.86699">
        <ele>1404</ele>
        <extensions>
          <distance>85712</distance>
        </extensions>
      </trkpt>
      <trkpt lat="45.90721" lon="6.86709">
        <ele>1402</ele>
        <extensions>
          <distance>85730</distance>
        </extensions>
      </trkpt>
      <trkpt lat="45.90731" lon="6.86709">
        <ele>1399</ele>
        <extensions>
          <distance>85742</distance>
        </extensions>
      </trkpt>
      <trkpt lat="45.9074" lon="6.86717">
        <ele>1399</ele>
        <extensions>
          <distance>85754</distance>
        </extensions>
      </trkpt>
      <trkpt lat="45.90749" lon="6.86718">
        <ele>1395</ele>
        <extensions>
          <distance>85764</distance>
        </extensions>
      </trkpt>
      <trkpt lat="45.90758" lon="6.86727">
        <ele>1395</ele>
        <extensions>
          <distance>85776</distance>
        </extensions>
      </trkpt>
      <trkpt lat="45.90776" lon="6.86732">
        <ele>1393</ele>
        <extensions>
          <distance>85797</distance>
        </extensions>
      </trkpt>
      <trkpt lat="45.90785" lon="6.86739">
        <ele>1392</ele>
        <extensions>
          <distance>85808</distance>
        </extensions>
      </trkpt>
      <trkpt lat="45.90796" lon="6.86737">
        <ele>1387</ele>
        <extensions>
          <distance>85821</distance>
        </extensions>
      </trkpt>
      <trkpt lat="45.90815" lon="6.86745">
        <ele>1384</ele>
        <extensions>
          <distance>85844</distance>
        </extensions>
      </trkpt>
      <trkpt lat="45.908280000000005" lon="6.86754">
        <ele>1384</ele>
        <extensions>
          <distance>85860</distance>
        </extensions>
      </trkpt>
      <trkpt lat="45.90841" lon="6.86763">
        <ele>1382</ele>
        <extensions>
          <distance>85876</distance>
        </extensions>
      </trkpt>
      <trkpt lat="45.90853" lon="6.8679">
        <ele>1382</ele>
        <extensions>
          <distance>85901</distance>
        </extensions>
      </trkpt>
      <trkpt lat="45.908654999999996" lon="6.86802">
        <ele>1381</ele>
        <extensions>
          <distance>85917</distance>
        </extensions>
      </trkpt>
      <trkpt lat="45.90878" lon="6.86814">
        <ele>1379</ele>
        <extensions>
          <distance>85934</distance>
        </extensions>
      </trkpt>
      <trkpt lat="45.90904" lon="6.8682">
        <ele>1367</ele>
        <extensions>
          <distance>85965</distance>
        </extensions>
      </trkpt>
      <trkpt lat="45.90915" lon="6.8683">
        <ele>1366</ele>
        <extensions>
          <distance>85980</distance>
        </extensions>
      </trkpt>
      <trkpt lat="45.909305" lon="6.86848">
        <ele>1364</ele>
        <extensions>
          <distance>86002</distance>
        </extensions>
      </trkpt>
      <trkpt lat="45.90946" lon="6.86866">
        <ele>1362</ele>
        <extensions>
          <distance>86024</distance>
        </extensions>
      </trkpt>
      <trkpt lat="45.909605" lon="6.868765">
        <ele>1352</ele>
        <extensions>
          <distance>86044</distance>
        </extensions>
      </trkpt>
      <trkpt lat="45.90975" lon="6.86887">
        <ele>1347</ele>
        <extensions>
          <distance>86063</distance>
        </extensions>
      </trkpt>
      <trkpt lat="45.90987" lon="6.86902">
        <ele>1342</ele>
        <extensions>
          <distance>86081</distance>
        </extensions>
      </trkpt>
      <trkpt lat="45.90998" lon="6.86923">
        <ele>1339</ele>
        <extensions>
          <distance>86102</distance>
        </extensions>
      </trkpt>
      <trkpt lat="45.91015" lon="6.86938">
        <ele>1332</ele>
        <extensions>
          <distance>86125</distance>
        </extensions>
      </trkpt>
      <trkpt lat="45.91034" lon="6.86959">
        <ele>1326</ele>
        <extensions>
          <distance>86153</distance>
        </extensions>
      </trkpt>
      <trkpt lat="45.910425000000004" lon="6.869755">
        <ele>1323</ele>
        <extensions>
          <distance>86169</distance>
        </extensions>
      </trkpt>
      <trkpt lat="45.91051" lon="6.86992">
        <ele>1323</ele>
        <extensions>
          <distance>86185</distance>
        </extensions>
      </trkpt>
      <trkpt lat="45.91065" lon="6.87011">
        <ele>1323</ele>
        <extensions>
          <distance>86206</distance>
        </extensions>
      </trkpt>
      <trkpt lat="45.91076" lon="6.87036">
        <ele>1320</ele>
        <extensions>
          <distance>86229</distance>
        </extensions>
      </trkpt>
      <trkpt lat="45.91084" lon="6.87046">
        <ele>1320</ele>
        <extensions>
          <distance>86241</distance>
        </extensions>
      </trkpt>
      <trkpt lat="45.91094" lon="6.87051">
        <ele>1317</ele>
        <extensions>
          <distance>86253</distance>
        </extensions>
      </trkpt>
      <trkpt lat="45.91105" lon="6.8706">
        <ele>1316</ele>
        <extensions>
          <distance>86267</distance>
        </extensions>
      </trkpt>
      <trkpt lat="45.91114" lon="6.87071">
        <ele>1315</ele>
        <extensions>
          <distance>86280</distance>
        </extensions>
      </trkpt>
      <trkpt lat="45.91125" lon="6.87081">
        <ele>1314</ele>
        <extensions>
          <distance>86295</distance>
        </extensions>
      </trkpt>
      <trkpt lat="45.911395" lon="6.87088">
        <ele>1308</ele>
        <extensions>
          <distance>86313</distance>
        </extensions>
      </trkpt>
      <trkpt lat="45.91154" lon="6.87095">
        <ele>1301</ele>
        <extensions>
          <distance>86331</distance>
        </extensions>
      </trkpt>
      <trkpt lat="45.91168" lon="6.87107">
        <ele>1297</ele>
        <extensions>
          <distance>86350</distance>
        </extensions>
      </trkpt>
      <trkpt lat="45.9118" lon="6.8712">
        <ele>1293</ele>
        <extensions>
          <distance>86367</distance>
        </extensions>
      </trkpt>
      <trkpt lat="45.91202" lon="6.87131">
        <ele>1285</ele>
        <extensions>
          <distance>86394</distance>
        </extensions>
      </trkpt>
      <trkpt lat="45.912155" lon="6.871415000000001">
        <ele>1280</ele>
        <extensions>
          <distance>86412</distance>
        </extensions>
      </trkpt>
      <trkpt lat="45.91229" lon="6.87152">
        <ele>1277</ele>
        <extensions>
          <distance>86429</distance>
        </extensions>
      </trkpt>
      <trkpt lat="45.91242" lon="6.87167">
        <ele>1275</ele>
        <extensions>
          <distance>86448</distance>
        </extensions>
      </trkpt>
      <trkpt lat="45.91252" lon="6.87172">
        <ele>1268</ele>
        <extensions>
          <distance>86461</distance>
        </extensions>
      </trkpt>
      <trkpt lat="45.912684999999996" lon="6.871885">
        <ele>1267</ele>
        <extensions>
          <distance>86483</distance>
        </extensions>
      </trkpt>
      <trkpt lat="45.91285" lon="6.87205">
        <ele>1266</ele>
        <extensions>
          <distance>86505</distance>
        </extensions>
      </trkpt>
      <trkpt lat="45.91303" lon="6.87219">
        <ele>1260</ele>
        <extensions>
          <distance>86529</distance>
        </extensions>
      </trkpt>
      <trkpt lat="45.9132" lon="6.87237">
        <ele>1256</ele>
        <extensions>
          <distance>86552</distance>
        </extensions>
      </trkpt>
      <trkpt lat="45.91337" lon="6.87252">
        <ele>1251</ele>
        <extensions>
          <distance>86575</distance>
        </extensions>
      </trkpt>
      <trkpt lat="45.91354" lon="6.87267">
        <ele>1247</ele>
        <extensions>
          <distance>86598</distance>
        </extensions>
      </trkpt>
      <trkpt lat="45.913645" lon="6.872805">
        <ele>1246</ele>
        <extensions>
          <distance>86613</distance>
        </extensions>
      </trkpt>
      <trkpt lat="45.91375" lon="6.87294">
        <ele>1246</ele>
        <extensions>
          <distance>86629</distance>
        </extensions>
      </trkpt>
      <trkpt lat="45.91397" lon="6.87316">
        <ele>1238</ele>
        <extensions>
          <distance>86660</distance>
        </extensions>
      </trkpt>
      <trkpt lat="45.91404" lon="6.87316">
        <ele>1235</ele>
        <extensions>
          <distance>86668</distance>
        </extensions>
      </trkpt>
      <trkpt lat="45.91417" lon="6.87327">
        <ele>1228</ele>
        <extensions>
          <distance>86686</distance>
        </extensions>
      </trkpt>
      <trkpt lat="45.9143" lon="6.87347">
        <ele>1225</ele>
        <extensions>
          <distance>86708</distance>
        </extensions>
      </trkpt>
      <trkpt lat="45.914445" lon="6.873565">
        <ele>1216</ele>
        <extensions>
          <distance>86727</distance>
        </extensions>
      </trkpt>
      <trkpt lat="45.91459" lon="6.87366">
        <ele>1212</ele>
        <extensions>
          <distance>86746</distance>
        </extensions>
      </trkpt>
      <trkpt lat="45.91465" lon="6.87334">
        <ele>1202</ele>
        <extensions>
          <distance>86773</distance>
        </extensions>
      </trkpt>
      <trkpt lat="45.91463" lon="6.87314">
        <ele>1198</ele>
        <extensions>
          <distance>86789</distance>
        </extensions>
      </trkpt>
      <trkpt lat="45.91452" lon="6.87296">
        <ele>1197</ele>
        <extensions>
          <distance>86808</distance>
        </extensions>
      </trkpt>
      <trkpt lat="45.91441" lon="6.87265">
        <ele>1193</ele>
        <extensions>
          <distance>86835</distance>
        </extensions>
      </trkpt>
      <trkpt lat="45.91437" lon="6.87234">
        <ele>1186</ele>
        <extensions>
          <distance>86861</distance>
        </extensions>
      </trkpt>
      <trkpt lat="45.91457" lon="6.87211">
        <ele>1166</ele>
        <extensions>
          <distance>86895</distance>
        </extensions>
      </trkpt>
      <trkpt lat="45.9147" lon="6.87217">
        <ele>1164</ele>
        <extensions>
          <distance>86911</distance>
        </extensions>
      </trkpt>
      <trkpt lat="45.91475" lon="6.87235">
        <ele>1162</ele>
        <extensions>
          <distance>86926</distance>
        </extensions>
      </trkpt>
      <trkpt lat="45.9149" lon="6.87255">
        <ele>1161</ele>
        <extensions>
          <distance>86949</distance>
        </extensions>
      </trkpt>
      <trkpt lat="45.915" lon="6.87252">
        <ele>1151</ele>
        <extensions>
          <distance>86962</distance>
        </extensions>
      </trkpt>
      <trkpt lat="45.91501" lon="6.87248">
        <ele>1150</ele>
        <extensions>
          <distance>86965</distance>
        </extensions>
      </trkpt>
      <trkpt lat="45.91496" lon="6.87217">
        <ele>1143</ele>
        <extensions>
          <distance>86991</distance>
        </extensions>
      </trkpt>
      <trkpt lat="45.91497" lon="6.87187">
        <ele>1131</ele>
        <extensions>
          <distance>87017</distance>
        </extensions>
      </trkpt>
      <trkpt lat="45.915" lon="6.87185">
        <ele>1127</ele>
        <extensions>
          <distance>87023</distance>
        </extensions>
      </trkpt>
      <trkpt lat="45.91521" lon="6.87197">
        <ele>1120</ele>
        <extensions>
          <distance>87049</distance>
        </extensions>
      </trkpt>
      <trkpt lat="45.915375" lon="6.8720099999999995">
        <ele>1111</ele>
        <extensions>
          <distance>87069</distance>
        </extensions>
      </trkpt>
      <trkpt lat="45.91554" lon="6.87205">
        <ele>1102</ele>
        <extensions>
          <distance>87090</distance>
        </extensions>
      </trkpt>
      <trkpt lat="45.91563" lon="6.8721">
        <ele>1098</ele>
        <extensions>
          <distance>87101</distance>
        </extensions>
      </trkpt>
      <trkpt lat="45.91571" lon="6.87218">
        <ele>1096</ele>
        <extensions>
          <distance>87112</distance>
        </extensions>
      </trkpt>
      <trkpt lat="45.91583" lon="6.87239">
        <ele>1096</ele>
        <extensions>
          <distance>87133</distance>
        </extensions>
      </trkpt>
      <trkpt lat="45.91588" lon="6.87245">
        <ele>1095</ele>
        <extensions>
          <distance>87141</distance>
        </extensions>
      </trkpt>
      <trkpt lat="45.91609" lon="6.87256">
        <ele>1088</ele>
        <extensions>
          <distance>87166</distance>
        </extensions>
      </trkpt>
      <trkpt lat="45.916214999999994" lon="6.87272">
        <ele>1086</ele>
        <extensions>
          <distance>87185</distance>
        </extensions>
      </trkpt>
      <trkpt lat="45.91634" lon="6.87288">
        <ele>1086</ele>
        <extensions>
          <distance>87204</distance>
        </extensions>
      </trkpt>
      <trkpt lat="45.91658" lon="6.87289">
        <ele>1075</ele>
        <extensions>
          <distance>87232</distance>
        </extensions>
      </trkpt>
      <trkpt lat="45.91672" lon="6.87273">
        <ele>1062</ele>
        <extensions>
          <distance>87255</distance>
        </extensions>
      </trkpt>
      <trkpt lat="45.91673" lon="6.87266">
        <ele>1059</ele>
        <extensions>
          <distance>87262</distance>
        </extensions>
      </trkpt>
      <trkpt lat="45.91668" lon="6.87239">
        <ele>1054</ele>
        <extensions>
          <distance>87284</distance>
        </extensions>
      </trkpt>
      <trkpt lat="45.9167" lon="6.87226">
        <ele>1050</ele>
        <extensions>
          <distance>87295</distance>
        </extensions>
      </trkpt>
      <trkpt lat="45.91682" lon="6.87218">
        <ele>1043</ele>
        <extensions>
          <distance>87311</distance>
        </extensions>
      </trkpt>
      <trkpt lat="45.91698" lon="6.87202">
        <ele>1035</ele>
        <extensions>
          <distance>87335</distance>
        </extensions>
      </trkpt>
      <trkpt lat="45.91709" lon="6.87188">
        <ele>1034</ele>
        <extensions>
          <distance>87351</distance>
        </extensions>
      </trkpt>
      <trkpt lat="45.91717" lon="6.87173">
        <ele>1034</ele>
        <extensions>
          <distance>87366</distance>
        </extensions>
      </trkpt>
      <trkpt lat="45.917325" lon="6.8715975">
        <ele>1034</ele>
        <extensions>
          <distance>87386</distance>
        </extensions>
      </trkpt>
      <trkpt lat="45.91748" lon="6.871465000000001">
        <ele>1034</ele>
        <extensions>
          <distance>87406</distance>
        </extensions>
      </trkpt>
      <trkpt lat="45.917635" lon="6.8713325">
        <ele>1033</ele>
        <extensions>
          <distance>87426</distance>
        </extensions>
      </trkpt>
      <trkpt lat="45.91779" lon="6.8712">
        <ele>1032</ele>
        <extensions>
          <distance>87446</distance>
        </extensions>
      </trkpt>
      <trkpt lat="45.91794" lon="6.87104">
        <ele>1031</ele>
        <extensions>
          <distance>87467</distance>
        </extensions>
      </trkpt>
      <trkpt lat="45.9180925" lon="6.870822499999999">
        <ele>1031</ele>
        <extensions>
          <distance>87491</distance>
        </extensions>
      </trkpt>
      <trkpt lat="45.918245" lon="6.870604999999999">
        <ele>1031</ele>
        <extensions>
          <distance>87514</distance>
        </extensions>
      </trkpt>
      <trkpt lat="45.9183975" lon="6.8703875">
        <ele>1030</ele>
        <extensions>
          <distance>87538</distance>
        </extensions>
      </trkpt>
      <trkpt lat="45.91855" lon="6.87017">
        <ele>1030</ele>
        <extensions>
          <distance>87562</distance>
        </extensions>
      </trkpt>
      <trkpt lat="45.918665000000004" lon="6.869985">
        <ele>1030</ele>
        <extensions>
          <distance>87581</distance>
        </extensions>
      </trkpt>
      <trkpt lat="45.91878" lon="6.8698">
        <ele>1030</ele>
        <extensions>
          <distance>87601</distance>
        </extensions>
      </trkpt>
      <trkpt lat="45.91885" lon="6.86974">
        <ele>1030</ele>
        <extensions>
          <distance>87610</distance>
        </extensions>
      </trkpt>
      <trkpt lat="45.9189875" lon="6.8695325">
        <ele>1030</ele>
        <extensions>
          <distance>87632</distance>
        </extensions>
      </trkpt>
      <trkpt lat="45.919124999999994" lon="6.869325">
        <ele>1030</ele>
        <extensions>
          <distance>87654</distance>
        </extensions>
      </trkpt>
      <trkpt lat="45.919262499999995" lon="6.8691175">
        <ele>1031</ele>
        <extensions>
          <distance>87676</distance>
        </extensions>
      </trkpt>
      <trkpt lat="45.919399999999996" lon="6.86891">
        <ele>1031</ele>
        <extensions>
          <distance>87699</distance>
        </extensions>
      </trkpt>
      <trkpt lat="45.9195375" lon="6.8687024999999995">
        <ele>1031</ele>
        <extensions>
          <distance>87721</distance>
        </extensions>
      </trkpt>
      <trkpt lat="45.919675" lon="6.868494999999999">
        <ele>1031</ele>
        <extensions>
          <distance>87743</distance>
        </extensions>
      </trkpt>
      <trkpt lat="45.9198125" lon="6.868287499999999">
        <ele>1031</ele>
        <extensions>
          <distance>87765</distance>
        </extensions>
      </trkpt>
      <trkpt lat="45.91995" lon="6.86808">
        <ele>1031</ele>
        <extensions>
          <distance>87787</distance>
        </extensions>
      </trkpt>
      <trkpt lat="45.920045" lon="6.8679325">
        <ele>1031</ele>
        <extensions>
          <distance>87803</distance>
        </extensions>
      </trkpt>
      <trkpt lat="45.92014" lon="6.867785">
        <ele>1032</ele>
        <extensions>
          <distance>87818</distance>
        </extensions>
      </trkpt>
      <trkpt lat="45.920235000000005" lon="6.8676375">
        <ele>1033</ele>
        <extensions>
          <distance>87834</distance>
        </extensions>
      </trkpt>
      <trkpt lat="45.92033" lon="6.86749">
        <ele>1033</ele>
        <extensions>
          <distance>87850</distance>
        </extensions>
      </trkpt>
      <trkpt lat="45.92049" lon="6.86721">
        <ele>1034</ele>
        <extensions>
          <distance>87878</distance>
        </extensions>
      </trkpt>
      <trkpt lat="45.92063" lon="6.86692">
        <ele>1036</ele>
        <extensions>
          <distance>87905</distance>
        </extensions>
      </trkpt>
      <trkpt lat="45.920801250000004" lon="6.8670800000000005">
        <ele>1036</ele>
        <extensions>
          <distance>87928</distance>
        </extensions>
      </trkpt>
      <trkpt lat="45.920972500000005" lon="6.867240000000001">
        <ele>1036</ele>
        <extensions>
          <distance>87951</distance>
        </extensions>
      </trkpt>
      <trkpt lat="45.92114375" lon="6.8674">
        <ele>1036</ele>
        <extensions>
          <distance>87973</distance>
        </extensions>
      </trkpt>
      <trkpt lat="45.921315" lon="6.86756">
        <ele>1036</ele>
        <extensions>
          <distance>87996</distance>
        </extensions>
      </trkpt>
      <trkpt lat="45.92148625" lon="6.86772">
        <ele>1036</ele>
        <extensions>
          <distance>88019</distance>
        </extensions>
      </trkpt>
      <trkpt lat="45.921657499999995" lon="6.8678799999999995">
        <ele>1035</ele>
        <extensions>
          <distance>88041</distance>
        </extensions>
      </trkpt>
      <trkpt lat="45.921828749999996" lon="6.86804">
        <ele>1035</ele>
        <extensions>
          <distance>88064</distance>
        </extensions>
      </trkpt>
      <trkpt lat="45.922" lon="6.8682">
        <ele>1035</ele>
        <extensions>
          <distance>88087</distance>
        </extensions>
      </trkpt>
      <trkpt lat="45.92218" lon="6.8684">
        <ele>1035</ele>
        <extensions>
          <distance>88112</distance>
        </extensions>
      </trkpt>
      <trkpt lat="45.922365" lon="6.8686325">
        <ele>1035</ele>
        <extensions>
          <distance>88140</distance>
        </extensions>
      </trkpt>
      <trkpt lat="45.92255" lon="6.8688649999999996">
        <ele>1035</ele>
        <extensions>
          <distance>88167</distance>
        </extensions>
      </trkpt>
      <trkpt lat="45.922735" lon="6.8690975">
        <ele>1034</ele>
        <extensions>
          <distance>88194</distance>
        </extensions>
      </trkpt>
      <trkpt lat="45.92292" lon="6.86933">
        <ele>1034</ele>
        <extensions>
          <distance>88222</distance>
        </extensions>
      </trkpt>
      <trkpt lat="45.92296" lon="6.86943">
        <ele>1034</ele>
        <extensions>
          <distance>88231</distance>
        </extensions>
      </trkpt>
      <trkpt lat="45.92308" lon="6.869555">
        <ele>1035</ele>
        <extensions>
          <distance>88247</distance>
        </extensions>
      </trkpt>
      <trkpt lat="45.9232" lon="6.86968">
        <ele>1035</ele>
        <extensions>
          <distance>88263</distance>
        </extensions>
      </trkpt>
      <trkpt lat="45.92328" lon="6.86971">
        <ele>1035</ele>
        <extensions>
          <distance>88273</distance>
        </extensions>
      </trkpt>
      <trkpt lat="45.92344" lon="6.86965">
        <ele>1035</ele>
        <extensions>
          <distance>88291</distance>
        </extensions>
      </trkpt>
      <trkpt lat="45.92353" lon="6.86933">
        <ele>1035</ele>
        <extensions>
          <distance>88318</distance>
        </extensions>
      </trkpt>
      <trkpt lat="45.92362" lon="6.86901">
        <ele>1035.5</ele>
        <extensions>
          <distance>88345</distance>
        </extensions>
      </trkpt>
    </trkseg>
  </trk>
</gpx>